district_id,district,taluk_id,taluk,gp_id,gram_panchayat,village_id,village,crime_count,avg_hotspot_score,avg_severity,cctv_count,latitude,longitude,crime_score,coverage_score,priority_score,priority,recommend_installation
545,Mysuru,5570,Hunsur,219492.0,Neralakuppe,618387,Kachuvinahalli,14,97.0,62.857142857142854,0.0,12.220144928571429,76.58410214285713,100.0,100,95.24,Critical,True
545,Mysuru,5575,Tirumakudal - Narsipur,219652.0,Kethupura,619340,Bevinahalli,12,96.0,71.66666666666667,0.0,12.280472333333334,76.45066891666666,85.71428571428571,100,90.05,Critical,True
527,Belagavi,5442,Ramdurg,216056.0,Kandhapur,598306,Kadampur,12,95.0,73.33333333333333,0.0,15.920598083333333,74.91722008333333,85.71428571428571,100,89.87,High,True
542,Kolar,7002,Kolar Gold Field,218801.0,Hulkooru,622721,Venkatapura,12,91.0,68.33333333333333,0.0,12.961669833333334,78.05839266666668,85.71428571428571,100,87.97,High,True
538,Kalaburagi,5580,Aland,217899.0,Hodloor,619960,Annur,12,89.0,73.33333333333333,0.0,17.3496265,76.85488691666667,85.71428571428571,100,87.77,High,True
542,Kolar,7002,Kolar Gold Field,218807.0,Kangandlahalli,622803,Gollaguruanahalli,12,89.0,66.66666666666667,0.0,13.288020833333334,78.30266866666666,85.71428571428571,100,87.1,High,True
527,Belagavi,5439,Khanapur,215943.0,Amate,597819,Habbanatti,12,88.0,70.0,0.0,15.766395333333334,74.54345233333333,85.71428571428571,100,87.09,High,True
538,Kalaburagi,5586,Jevargi,218060.0,Yalvar,620863,Yalwar,11,95.0,69.0909090909091,0.0,17.290824545454544,77.12823290909091,78.57142857142857,100,86.59,High,True
542,Kolar,5590,Srinivaspur,219052.0,J. Thimmasandra,621642,Srinivaspur (Rural),11,96.0,65.45454545454545,0.0,12.957909,78.19001390909091,78.57142857142857,100,86.57,High,True
538,Kalaburagi,7090,Kamalapur,217920.0,Sirachand,620003,Sirchand,10,100.0,72.0,0.0,17.2754165,76.5280577,71.42857142857143,100,85.77,High,True
538,Kalaburagi,5584,Sedam,273191.0,Sindanmadu,620536,Hanmanhalli,10,98.0,74.0,0.0,16.4893677,77.5868353,71.42857142857143,100,85.27,High,True
527,Belagavi,5440,Bailahongala,215734.0,Chikkabagewadi,598058,Giriyal Kariyat Bagewadi,10,100.0,66.0,0.0,16.4837478,75.0143995,71.42857142857143,100,85.17,High,True
542,Kolar,7002,Kolar Gold Field,218798.0,Gatta Madamangala,622820,Ballagere,11,89.0,74.54545454545455,0.0,13.019364363636363,78.35524663636365,78.57142857142857,100,85.03,High,True
538,Kalaburagi,5585,Chittapur,217980.0,Madbol,620667,Mudbol,11,90.0,70.9090909090909,0.0,17.172605454545455,76.87435345454546,78.57142857142857,100,85.02,High,True
545,Mysuru,5570,Hunsur,219485.0,Karanakuppe,618357,Hemmige,12,83.0,66.66666666666667,0.0,12.246486249999998,76.49468391666666,85.71428571428571,100,85.0,High,True
545,Mysuru,5569,Piriyapatna,219616.0,Chikkanerale,618111,Byadarabilaguli,11,89.0,70.9090909090909,0.0,12.444148363636362,76.55428181818182,78.57142857142857,100,84.67,High,True
538,Kalaburagi,7090,Kamalapur,218020.0,Okali,620195,Okali,10,97.0,70.0,0.0,17.2120692,76.5357959,71.42857142857143,100,84.52,High,True
534,Dakshina Kannada,5563,Beltangadi,273275.0,Sulkeri,617623,Navara,10,98.0,64.0,0.0,12.6868427,75.0025153,71.42857142857143,100,84.27,High,True
527,Belagavi,5441,Savadatti,216005.0,Hirebudnur,598192,Malagali,10,97.0,66.0,0.0,16.129147600000003,74.58396280000001,71.42857142857143,100,84.12,High,True
527,Belagavi,5436,Gokak,215862.0,Kolavi,597465,Kolavi,10,94.0,70.0,0.0,15.810551100000001,74.70349619999999,71.42857142857143,100,83.47,High,True
545,Mysuru,5575,Tirumakudal - Narsipur,219663.0,Somanathapura,619364,Thammadipura,10,95.0,66.0,0.0,12.4446747,76.3888964,71.42857142857143,100,83.42,High,True
538,Kalaburagi,5584,Sedam,218061.0,Adaki,620513,Nagasanpalli,10,95.0,64.0,0.0,17.3905736,76.6469091,71.42857142857143,100,83.22,High,True
527,Belagavi,5433,Chikodi,215823.0,Nainglaj,597209,Yadyanawadi,10,92.0,74.0,0.0,15.680794600000002,74.7052655,71.42857142857143,100,83.17,High,True
527,Belagavi,5437,Hukkeri,215935.0,Shabandar,597653,Gutaguddi,11,86.0,65.45454545454545,0.0,16.285920181818184,74.62062763636364,78.57142857142857,100,83.07,High,True
527,Belagavi,7195,Yaragatti,216028.0,Soppadla,598178,Rainapur,9,100.0,73.33333333333333,0.0,15.769954666666669,74.63915733333334,64.28571428571429,100,83.05,High,True
527,Belagavi,7105,Nippani,215812.0,Kunnur,597158,Kunnur,10,91.0,74.0,0.0,15.9275122,74.6088994,71.42857142857143,100,82.82,High,True
527,Belagavi,5441,Savadatti,215996.0,Asundi,598236,Shingarkop,9,100.0,68.88888888888889,0.0,16.154757000000004,74.71988155555556,64.28571428571429,100,82.6,High,True
527,Belagavi,5440,Bailahongala,215767.0,Sutagatti,598040,Hogarti,9,99.0,66.66666666666667,0.0,16.215412333333333,75.82118311111111,64.28571428571429,100,82.03,High,True
542,Kolar,7002,Kolar Gold Field,218818.0,Srinivasa Sandra,622840,Nagakuppa,9,99.0,66.66666666666667,0.0,13.017168444444444,78.35498722222222,64.28571428571429,100,82.03,High,True
545,Mysuru,5575,Tirumakudal - Narsipur,219643.0,Doddebagilu,619367,Horalahalli,9,97.0,73.33333333333333,0.0,12.394725999999999,76.51543922222223,64.28571428571429,100,82.0,High,True
527,Belagavi,5437,Hukkeri,215905.0,Gotur,597575,Gotur,9,98.0,68.88888888888889,0.0,15.943005555555557,74.64295722222222,64.28571428571429,100,81.9,High,True
527,Belagavi,7099,Mudalgi,215890.0,Vaderahatti,597453,Waderatti,11,84.0,60.0,0.0,15.972538454545456,74.55725809090909,78.57142857142857,100,81.83,High,True
542,Kolar,5593,Bangarapet,218791.0,Chikka Ankandahally,622476,Haliganahalli,9,99.0,64.44444444444444,0.0,13.046731444444443,78.20252866666667,64.28571428571429,100,81.81,High,True
536,Dharwad,5477,Kundgol,217735.0,Yeraguppi,602555,Chikkanarti,9,99.0,64.44444444444444,0.0,15.445880888888887,75.261655,64.28571428571429,100,81.81,High,True
542,Kolar,7002,Kolar Gold Field,218812.0,Marikuppam,622684,Kallikuppa,10,89.0,68.0,0.0,13.031907799999999,78.2069974,71.42857142857143,100,81.52,High,True
536,Dharwad,5476,Kalghatgi,217691.0,Dastikoppa,602469,Ramanal,10,89.0,68.0,0.0,15.4043077,74.82261100000001,71.42857142857143,100,81.52,High,True
545,Mysuru,5570,Hunsur,219468.0,Aspathrekaval,618427,Ballenahalli,9,98.0,64.44444444444444,0.0,12.311612555555556,76.63063266666667,64.28571428571429,100,81.46,High,True
542,Kolar,5591,Kolar,218947.0,Muduvathi,621880,Settikothanur,10,88.0,66.0,0.0,12.886182400000001,78.04308610000001,71.42857142857143,100,80.97,High,True
542,Kolar,7002,Kolar Gold Field,218801.0,Hulkooru,622729,Doddakari,10,88.0,64.0,0.0,13.0611593,78.2233928,71.42857142857143,100,80.77,High,True
542,Kolar,5594,Mulbagal,219006.0,Mothakapalli,623181,Achampalli,9,96.0,64.44444444444444,0.0,12.873113111111111,78.15972466666668,64.28571428571429,100,80.76,High,True
527,Belagavi,5434,Athni,215660.0,Shankaratti,597313,Khavatkoppa,10,86.0,68.0,0.0,16.0965036,74.5035947,71.42857142857143,100,80.47,High,True
542,Kolar,5594,Mulbagal,218999.0,Gummakal,623119,Ramachandrapura,10,86.0,68.0,0.0,13.2432007,78.28995660000001,71.42857142857143,100,80.47,High,True
534,Dakshina Kannada,7104,Kadaba,217399.0,Yedamangala,617775,Yedamangala,9,93.0,71.11111111111111,0.0,12.723576999999999,75.17424311111111,64.28571428571429,100,80.38,High,True
542,Kolar,5591,Kolar,218937.0,Itharasanahalli,621962,Aralimaradahosahalli,10,84.0,74.0,0.0,12.984740500000001,78.3635391,71.42857142857143,100,80.37,High,True
538,Kalaburagi,5581,Afzalpur,273153.0,Nandaraga,620095,Diksanga (K),10,86.0,66.0,0.0,17.4092378,76.76134429999999,71.42857142857143,100,80.27,High,True
528,Ballari,7109,Kurugodu,216135.0,Sindhigeri,604880,Sindegeri,9,93.0,68.88888888888889,0.0,15.127426777777778,77.04581577777778,64.28571428571429,100,80.15,High,True
527,Belagavi,5442,Ramdurg,216063.0,Nandhihal,598323,Shirasapur,11,77.0,67.27272727272727,0.0,16.29699490909091,74.843024,78.57142857142857,100,80.11,High,True
532,Chikkamagaluru,7078,Ajjampura,216971.0,Baggavalli,609312,Baggavalli,8,100.0,72.5,0.0,12.116816125,76.340324,57.14285714285714,100,80.11,High,True
545,Mysuru,7098,Saraguru,219439.0,B.Matakere,619099,B. Matagere,11,77.0,65.45454545454545,0.0,12.300628454545455,76.64377481818181,78.57142857142857,100,79.92,High,True
527,Belagavi,5442,Ramdurg,216071.0,Udhapudi,598311,Venktapur,8,99.0,72.5,0.0,16.25233625,74.663158875,57.14285714285714,100,79.76,High,True
542,Kolar,5593,Bangarapet,218788.0,Balamande,622598,Chikkapannanndahalli,9,92.0,66.66666666666667,0.0,13.069382777777777,78.43650166666667,64.28571428571429,100,79.58,High,True
527,Belagavi,5441,Savadatti,216026.0,Shindogi,598273,Yakkeri,10,82.0,72.0,0.0,16.1124337,74.727862,71.42857142857143,100,79.47,High,True
545,Mysuru,5570,Hunsur,273316.0,Chikkabeechanahalli,618474,Haradanahalli,11,74.0,70.9090909090909,0.0,12.224817727272727,76.50502109090908,78.57142857142857,100,79.42,High,True
527,Belagavi,5439,Khanapur,215962.0,Hirehattiholi,597881,Hire-Hattiholi,8,98.0,72.5,0.0,15.946419375,74.886768875,57.14285714285714,100,79.41,High,True
527,Belagavi,7099,Mudalgi,215875.0,Munyal,597423,Kamaladinni,8,98.0,72.5,0.0,16.0009475,74.49581512500001,57.14285714285714,100,79.41,High,True
527,Belagavi,5437,Hukkeri,215912.0,Hosur,597614,Yarnal,11,75.0,65.45454545454545,0.0,16.152628363636364,74.42481990909091,78.57142857142857,100,79.22,High,True
538,Kalaburagi,5581,Afzalpur,217881.0,Mallabad,620125,Mallabad,9,90.0,68.88888888888889,0.0,17.384862,76.77891044444443,64.28571428571429,100,79.1,High,True
530,Vijayapura,5453,Muddebihal,216627.0,Yarazari,599612,Kandaganur,8,97.0,72.5,0.0,17.1825585,75.97217375,57.14285714285714,100,79.06,High,True
538,Kalaburagi,5583,Chincholi,273166.0,Kupanoor,620447,Kupnoor,9,91.0,64.44444444444444,0.0,17.328366111111112,76.82542811111111,64.28571428571429,100,79.01,High,True
542,Kolar,7002,Kolar Gold Field,218812.0,Marikuppam,622689,Baliganahalli,8,98.0,67.5,0.0,13.06003,78.245484375,57.14285714285714,100,78.91,High,True
545,Mysuru,5570,Hunsur,219485.0,Karanakuppe,618339,Vadlimanuganahalli,11,73.0,69.0909090909091,0.0,12.326846454545455,76.68742581818182,78.57142857142857,100,78.89,High,True
536,Dharwad,5473,Dharwad,217643.0,Kalakeri,602257,Kalakeri,10,83.0,62.0,0.0,15.4287533,75.0943416,71.42857142857143,100,78.82,High,True
527,Belagavi,5437,Hukkeri,215915.0,Kamatnur,597574,Gavanal,10,81.0,68.0,0.0,15.7040998,74.6574301,71.42857142857143,100,78.72,High,True
539,Hassan,5559,Hole Narsipur,218427.0,Nagaranahalli,617035,Maluganahalli,8,98.0,65.0,0.0,12.83659075,76.49362025,57.14285714285714,100,78.66,High,True
527,Belagavi,5442,Ramdurg,216056.0,Kandhapur,598304,Channatti,8,98.0,65.0,0.0,16.405523374999998,74.968640375,57.14285714285714,100,78.66,High,True
542,Kolar,7002,Kolar Gold Field,218810.0,Kysamballi,622796,Madivala-Majara Guttahalli,9,91.0,60.0,0.0,13.084967555555556,78.35528366666666,64.28571428571429,100,78.56,High,True
538,Kalaburagi,7087,Kalagi,217969.0,Heball,620616,Savathkhed,8,93.0,80.0,0.0,17.31547925,76.927876125,57.14285714285714,100,78.41,High,True
542,Kolar,5592,Malur,218967.0,Dinnahalli,622370,Palya,8,98.0,62.5,0.0,12.973328375,78.10352175,57.14285714285714,100,78.41,High,True
527,Belagavi,5437,Hukkeri,215911.0,Hospet,597618,Hospet,9,88.0,68.88888888888889,0.0,15.701952777777779,74.65504966666667,64.28571428571429,100,78.4,High,True
534,Dakshina Kannada,5562,Bantval,217234.0,Sajipamooda,617567,Sajipamuda,8,95.0,72.5,0.0,12.849761625,74.929180875,57.14285714285714,100,78.36,High,True
631,Bengaluru South,5605,Magadi,215573.0,Thaggikuppe,625928,Byalakere,9,85.0,75.55555555555556,0.0,12.655781777777777,77.18378144444445,64.28571428571429,100,78.02,High,True
542,Kolar,5590,Srinivaspur,219057.0,Lakshmisagara,621725,Yadarur,8,96.0,65.0,0.0,13.103074625,78.156679625,57.14285714285714,100,77.96,High,True
542,Kolar,5594,Mulbagal,218988.0,Agara,622860,Mandikal,8,95.0,67.5,0.0,13.1010585,78.373085875,57.14285714285714,100,77.86,High,True
527,Belagavi,5433,Chikodi,215822.0,Nagarmunoli,597237,Belagali,10,79.0,64.0,0.0,16.2782027,74.5661392,71.42857142857143,100,77.62,High,True
534,Dakshina Kannada,5563,Beltangadi,217285.0,Thannirupantha,617664,Thannirpantha,8,95.0,65.0,0.0,12.898053749999999,75.06800675,57.14285714285714,100,77.61,High,True
534,Dakshina Kannada,7198,Mulki,217301.0,Haleyangady,617437,Haleangady,7,98.0,82.85714285714286,0.0,12.898947714285715,74.98888657142857,50.0,100,77.59,High,True
527,Belagavi,5439,Khanapur,215951.0,Devalatti,597856,Devalatti,10,99.0,68.0,1.0,16.208340900000003,74.5499187,71.42857142857143,50,77.52,High,True
542,Kolar,5592,Malur,218985.0,Tekal,622426,Gopasandra,9,86.0,66.66666666666667,0.0,13.079979555555555,78.33454633333332,64.28571428571429,100,77.48,High,True
527,Belagavi,5435,Raybag,216089.0,Koligudda,597390,Koligudda,7,99.0,77.14285714285714,0.0,15.861420142857144,74.53374942857143,50.0,100,77.36,High,True
539,Hassan,5554,Belur,218301.0,Ghattadahalli,615311,Sanenahalli,8,92.0,72.5,0.0,13.037718125,75.813975,57.14285714285714,100,77.31,High,True
538,Kalaburagi,5585,Chittapur,217984.0,Petsheroro,620638,Pethsirur,9,86.0,64.44444444444444,0.0,13.558505444444444,77.14919944444445,64.28571428571429,100,77.26,High,True
548,Tumakuru,5536,Koratagere,220157.0,Agrahaara,611045,Baleveeranahalli,7,96.0,85.71428571428571,0.0,13.178875714285713,76.55256557142857,50.0,100,77.17,High,True
545,Mysuru,5569,Piriyapatna,219630.0,Malangi,618280,Abbalathi,7,100.0,71.42857142857143,0.0,12.258691714285716,76.60101171428572,50.0,100,77.14,High,True
527,Belagavi,5440,Bailahongala,215744.0,Hanabaratti,598031,Hoskoti,9,84.0,66.66666666666667,0.0,15.720525666666667,74.52388511111111,64.28571428571429,100,76.78,High,True
538,Kalaburagi,5582,Kalaburagi,218016.0,Melkunda B,620287,Melkunda (B),9,84.0,66.66666666666667,0.0,17.31085911111111,76.88695011111112,64.28571428571429,100,76.78,High,True
527,Belagavi,7105,Nippani,215779.0,Appachiwadi,597116,Mattiwade,10,74.0,72.0,0.0,16.2509069,74.4340537,71.42857142857143,100,76.67,High,True
545,Mysuru,5573,Heggadadevankote,219464.0,Nooralakuppe,619027,Machare,7,97.0,77.14285714285714,0.0,12.298117571428572,76.35106800000001,50.0,100,76.66,High,True
542,Kolar,7002,Kolar Gold Field,218812.0,Marikuppam,622685,Thongal,8,93.0,62.5,0.0,13.140063,78.255256,57.14285714285714,100,76.66,High,True
538,Kalaburagi,5580,Aland,217902.0,Kamalanagar,619992,Wagdhari,7,97.0,77.14285714285714,0.0,17.293326,76.9764667142857,50.0,100,76.66,High,True
542,Kolar,5592,Malur,218986.0,Thornahalli,622136,Hedaginabele,9,83.0,68.88888888888889,0.0,13.052693222222223,78.19500577777778,64.28571428571429,100,76.65,High,True
527,Belagavi,5434,Athni,215646.0,Malabad,597251,Bevanoor,9,84.0,62.22222222222222,0.0,16.07029588888889,74.52428522222222,64.28571428571429,100,76.34,High,True
542,Kolar,5594,Mulbagal,219009.0,Mustur,623060,M.Chamakalahalli,9,82.0,68.88888888888889,0.0,12.915610555555554,78.06313088888889,64.28571428571429,100,76.3,High,True
544,Mandya,5550,Mandya,219322.0,Baby,614347,Madveeranahalli,8,90.0,67.5,0.0,12.5475865,76.916529125,57.14285714285714,100,76.11,High,True
542,Kolar,7002,Kolar Gold Field,218819.0,Sundarapalya,622765,Sundrapalya,8,90.0,67.5,0.0,13.029904375,78.259931625,57.14285714285714,100,76.11,High,True
530,Vijayapura,7073,Talikoti,216619.0,Mukihal,599720,Nagur,7,97.0,71.42857142857143,0.0,16.82205942857143,75.73799957142857,50.0,100,76.09,High,True
527,Belagavi,5437,Hukkeri,215902.0,Borgal,597565,Amminbhavi,10,96.0,64.0,1.0,16.1906823,74.4555247,71.42857142857143,50,76.07,High,True
542,Kolar,5592,Malur,218975.0,Kondasettihalli,622378,Karangutta,8,90.0,65.0,0.0,13.0846825,78.1819275,57.14285714285714,100,75.86,High,True
545,Mysuru,5570,Hunsur,273322.0,Kiranguru,618381,Hindugodlu,8,89.0,67.5,0.0,12.290108875,75.9951575,57.14285714285714,100,75.76,High,True
527,Belagavi,5437,Hukkeri,215914.0,Islampur,597649,Biranholi,7,96.0,71.42857142857143,0.0,16.22450614285714,74.65866442857143,50.0,100,75.74,High,True
545,Mysuru,5574,Nanjangud,219607.0,Thayuru,619219,Eswaragowdanahalli,8,88.0,70.0,0.0,12.243632625,76.5701585,57.14285714285714,100,75.66,High,True
536,Dharwad,5473,Dharwad,217635.0,Devarhubbali,602280,Mallur,8,88.0,70.0,0.0,15.239747375,75.0149005,57.14285714285714,100,75.66,High,True
542,Kolar,5591,Kolar,218950.0,Settihalli,621807,Dhanamatanahalli,7,97.0,65.71428571428571,0.0,12.879205142857144,78.04646714285715,50.0,100,75.52,High,True
542,Kolar,5592,Malur,218969.0,Hasandahalli,622305,Obatti Agrahara,7,97.0,65.71428571428571,0.0,12.956205285714287,78.11988557142857,50.0,100,75.52,High,True
538,Kalaburagi,5585,Chittapur,217960.0,Bhagodi,620665,Kaddargi,8,89.0,65.0,0.0,16.28829075,76.6778285,57.14285714285714,100,75.51,High,True
527,Belagavi,5435,Raybag,216091.0,Mekhali,597366,Mekhali,8,86.0,75.0,0.0,16.16777625,74.776565875,57.14285714285714,100,75.46,High,True
545,Mysuru,5570,Hunsur,219490.0,Maradur,618412,Maraduru,8,88.0,67.5,0.0,12.60236925,76.525751875,57.14285714285714,100,75.41,High,True
534,Dakshina Kannada,5562,Bantval,217205.0,Chennaithodi,617537,Kudambettu,8,87.0,70.0,0.0,12.868995875,74.99637925,57.14285714285714,100,75.31,High,True
536,Dharwad,5474,Navalgund,217747.0,Morab,602331,Morab,7,93.0,77.14285714285714,0.0,15.421680285714286,75.36765285714286,50.0,100,75.26,High,True
534,Dakshina Kannada,5565,Sulya,217388.0,Kanaka Majalu,617761,Kanaka Majalu,7,97.0,62.857142857142854,0.0,12.595268142857142,75.30807485714286,50.0,100,75.24,High,True
527,Belagavi,5436,Gokak,215854.0,Gujanal,597473,Musalamari,8,88.0,65.0,0.0,15.829074875,74.6908995,57.14285714285714,100,75.16,High,True
534,Dakshina Kannada,7197,Ullala,217224.0,Naringana,617564,Naringana,9,80.0,64.44444444444444,0.0,12.649658555555554,75.09562188888889,64.28571428571429,100,75.16,High,True
542,Kolar,5590,Srinivaspur,219045.0,Addagal,621420,Diguvapalli,7,91.0,82.85714285714286,0.0,13.252052428571428,78.20991771428571,50.0,100,75.14,High,True
534,Dakshina Kannada,5562,Bantval,217223.0,Narikombu,617569,Shambhoor,9,78.0,71.11111111111111,0.0,12.629951444444444,74.987391,64.28571428571429,100,75.13,High,True
527,Belagavi,5437,Hukkeri,215907.0,Hanchinal,597580,Hanchinal,9,78.0,71.11111111111111,0.0,15.924319777777779,74.79443833333333,64.28571428571429,100,75.13,High,True
545,Mysuru,5572,Mysuru,219536.0,Dhanagalli,618736,Halalu,10,91.0,72.0,1.0,12.1537728,76.4709971,71.42857142857143,50,75.12,High,True
527,Belagavi,5439,Khanapur,215945.0,Baragaon,597860,Bhandargali,6,98.0,86.66666666666667,0.0,15.8574075,74.64126966666667,42.857142857142854,100,75.11,High,True
542,Kolar,7002,Kolar Gold Field,218814.0,N.G.Hulkooru,622785,Jadamakanhalli,7,95.0,68.57142857142857,0.0,13.043017571428573,78.41781571428571,50.0,100,75.11,High,True
545,Mysuru,5569,Piriyapatna,219633.0,Ramanathatunga,618218,Sanyasipura,10,70.0,70.0,0.0,12.6592626,76.4449976,71.42857142857143,100,75.07,High,True
527,Belagavi,5437,Hukkeri,215917.0,Karaguppi,597660,Yallapur,10,71.0,66.0,0.0,16.225558200000002,74.4159033,71.42857142857143,100,75.02,High,True
542,Kolar,5594,Mulbagal,219010.0,Nangli,623084,Kerasamangala,8,86.0,70.0,0.0,13.04798125,78.31618475,57.14285714285714,100,74.96,Medium,True
527,Belagavi,5440,Bailahongala,215742.0,Govankoppa,598152,Gudikatti,7,94.0,68.57142857142857,0.0,15.956620857142857,74.50577128571429,50.0,100,74.76,Medium,True
527,Belagavi,7099,Mudalgi,215844.0,Avaradi,597512,Venkatapur,7,93.0,71.42857142857143,0.0,15.893358571428573,74.65328214285715,50.0,100,74.69,Medium,True
545,Mysuru,5575,Tirumakudal - Narsipur,219655.0,Kolathuru,619357,Seegodipura,8,87.0,62.5,0.0,12.465984,76.442281,57.14285714285714,100,74.56,Medium,True
545,Mysuru,5570,Hunsur,273319.0,Husenpura,618441,Gerasanahalli,7,95.0,62.857142857142854,0.0,12.172787285714287,76.46278842857143,50.0,100,74.54,Medium,True
545,Mysuru,7098,Saraguru,273307.0,Kothegala,618994,Halasur,7,94.0,65.71428571428571,0.0,12.190335857142857,76.99941328571428,50.0,100,74.47,Medium,True
533,Chitradurga,5507,Hosdurga,217174.0,Madadakere,605919,Hanumanahalli,7,94.0,65.71428571428571,0.0,14.082375285714287,76.28446771428571,50.0,100,74.47,Medium,True
538,Kalaburagi,5583,Chincholi,273164.0,Garampalli,620413,Hudadhalli,6,98.0,80.0,0.0,17.198803333333334,77.01154516666666,42.857142857142854,100,74.44,Medium,True
544,Mandya,5548,Pandavapura,219401.0,Hiremarali,614181,Hiremarali,7,93.0,68.57142857142857,0.0,12.663666857142857,76.65482242857142,50.0,100,74.41,Medium,True
527,Belagavi,7043,Kittur,215728.0,Avaradi,598099,Awaradi,7,93.0,68.57142857142857,0.0,15.815808285714285,74.77585528571429,50.0,100,74.41,Medium,True
545,Mysuru,5570,Hunsur,219478.0,Gavadagere,618305,Gavadagere,8,83.0,75.0,0.0,12.585352125,76.469718,57.14285714285714,100,74.41,Medium,True
536,Dharwad,5477,Kundgol,217725.0,Kalas,602572,Kalas,9,98.0,68.88888888888889,1.0,15.394295555555557,75.10357944444445,64.28571428571429,50,74.4,Medium,True
545,Mysuru,5571,Krishnarajanagara,219512.0,Hosaagrahara,618579,Bommenahalli,9,77.0,66.66666666666667,0.0,12.222767333333334,76.312607,64.28571428571429,100,74.33,Medium,True
545,Mysuru,5570,Hunsur,219478.0,Gavadagere,618323,Hulyala,8,87.0,60.0,0.0,12.12040825,76.7584335,57.14285714285714,100,74.31,Medium,True
538,Kalaburagi,5583,Chincholi,217956.0,Venktapur,620371,Buragadoddi,7,91.0,74.28571428571429,0.0,17.355622142857143,76.71213071428572,50.0,100,74.28,Medium,True
542,Kolar,5592,Malur,218964.0,Chickkakuntur,622422,Doddamale,7,95.0,60.0,0.0,13.084589285714285,78.17180342857144,50.0,100,74.25,Medium,True
542,Kolar,5590,Srinivaspur,219051.0,Hodali,621600,Kotraguli,7,90.0,77.14285714285714,0.0,13.462119571428572,78.35097499999999,50.0,100,74.21,Medium,True
542,Kolar,5590,Srinivaspur,219060.0,Muttakapali,621695,Gijiganahalli,9,76.0,68.88888888888889,0.0,13.091435111111112,78.17829288888889,64.28571428571429,100,74.2,Medium,True
548,Tumakuru,5537,Tumakuru,220353.0,Ballagere,611505,Yeladahalli,6,100.0,70.0,0.0,13.305434499999999,77.14166949999999,42.857142857142854,100,74.14,Medium,True
538,Kalaburagi,7088,Shahabad,217970.0,Hongountta,620659,Kadhalli,9,77.0,64.44444444444444,0.0,17.274148222222223,77.0232398888889,64.28571428571429,100,74.11,Medium,True
539,Hassan,5560,Channarayapatna,218334.0,Bekka,617379,Bekkadamanikere,6,98.0,76.66666666666667,0.0,13.000154333333334,76.11346716666667,42.857142857142854,100,74.11,Medium,True
536,Dharwad,5476,Kalghatgi,217700.0,Hirehonnihalli,602455,Hirehonnihalli,9,77.0,64.44444444444444,0.0,15.399874555555556,75.08642411111111,64.28571428571429,100,74.11,Medium,True
538,Kalaburagi,7090,Kamalapur,218017.0,Nagoor,620228,Harkanchi,8,85.0,65.0,0.0,17.185860375,76.840360875,57.14285714285714,100,74.11,Medium,True
542,Kolar,5594,Mulbagal,218990.0,Amblikal,622984,Bevahalli,7,92.0,68.57142857142857,0.0,13.096525285714288,78.30996214285713,50.0,100,74.06,Medium,True
534,Dakshina Kannada,7198,Mulki,273289.0,Athikari Bettu,617431,Shimanthur,8,82.0,75.0,0.0,12.765805125,75.218272625,57.14285714285714,100,74.06,Medium,True
538,Kalaburagi,5585,Chittapur,273168.0,Dhongaon,620681,Dongaon,7,91.0,71.42857142857143,0.0,17.137212142857145,76.98848128571429,50.0,100,73.99,Medium,True
532,Chikkamagaluru,5530,Chikkamagaluru,216826.0,Moogthihalli,609739,Mathavara,7,91.0,71.42857142857143,0.0,12.127074285714286,76.31739571428571,50.0,100,73.99,Medium,True
527,Belagavi,5439,Khanapur,215948.0,Bhurunaki,598005,Bhuranaki,9,96.0,71.11111111111111,1.0,16.12350888888889,74.55926811111111,64.28571428571429,50,73.93,Medium,True
542,Kolar,7002,Kolar Gold Field,218806.0,Kammasandra,622743,Nagisettihalli,6,100.0,66.66666666666667,0.0,13.010759833333333,78.35136433333334,42.857142857142854,100,73.81,Medium,True
537,Gadag,7082,Gajendragad,217825.0,Kuntoji,601980,Goudageri,6,96.0,80.0,0.0,15.059401166666667,75.26830333333334,42.857142857142854,100,73.74,Medium,True
537,Gadag,5471,Shirahatti,217853.0,Konchigeri,602118,Konchigeri,8,85.0,60.0,0.0,15.424142,75.249948,57.14285714285714,100,73.61,Medium,True
529,Bidar,5458,Homnabad,272861.0,Jalasangi,600271,Warwatti (K),7,93.0,60.0,0.0,17.912026,77.5281837142857,50.0,100,73.55,Medium,True
548,Tumakuru,5534,Pavagada,220286.0,Virupasamudra,610664,Kanakapura,6,99.0,66.66666666666667,0.0,12.900171666666665,76.95065,42.857142857142854,100,73.46,Medium,True
538,Kalaburagi,5584,Sedam,218072.0,Lingampalli,620562,Kadlapur,8,81.0,72.5,0.0,17.23995,76.895846,57.14285714285714,100,73.46,Medium,True
545,Mysuru,5574,Nanjangud,219599.0,Naviluru,619266,Surahalli,7,91.0,65.71428571428571,0.0,12.801683857142859,76.91225171428572,50.0,100,73.42,Medium,True
542,Kolar,5593,Bangarapet,218803.0,Inora Hosahalli,622487,Byadabele,8,83.0,65.0,0.0,13.154142,78.249582625,57.14285714285714,100,73.41,Medium,True
548,Tumakuru,5538,Gubbi,220135.0,Hagalavadi,611634,Guddenahalli,6,96.0,76.66666666666667,0.0,13.242341333333334,76.38978300000001,42.857142857142854,100,73.41,Medium,True
527,Belagavi,5437,Hukkeri,215940.0,Yadagud,597584,Yadgud,7,90.0,68.57142857142857,0.0,16.03162142857143,74.646387,50.0,100,73.36,Medium,True
527,Belagavi,7100,Kagwad,215637.0,Kempawad,597289,Kempwad,7,90.0,68.57142857142857,0.0,15.832857142857142,74.63969399999999,50.0,100,73.36,Medium,True
545,Mysuru,5574,Nanjangud,219595.0,Mallupura,619230,Alaganchi,7,92.0,60.0,0.0,12.111999714285714,76.37560285714287,50.0,100,73.2,Medium,True
545,Mysuru,5570,Hunsur,219470.0,Beejaganahalli,618417,Beejaganahalli,7,91.0,62.857142857142854,0.0,12.343983,76.288426,50.0,100,73.14,Medium,True
538,Kalaburagi,5586,Jevargi,218037.0,Gudur S.A.,620843,Butnal,9,95.0,66.66666666666667,1.0,17.206295666666666,76.84443388888889,64.28571428571429,50,73.13,Medium,True
542,Kolar,7002,Kolar Gold Field,218819.0,Sundarapalya,622774,Rayasandra,6,99.0,63.333333333333336,0.0,13.0697075,78.33870866666666,42.857142857142854,100,73.13,Medium,True
527,Belagavi,5440,Bailahongala,215766.0,Sangolli,598133,Sangolli,6,99.0,63.333333333333336,0.0,16.024810666666667,74.64311966666666,42.857142857142854,100,73.13,Medium,True
545,Mysuru,5571,Krishnarajanagara,219504.0,Doranahally(Doddakoppalu),618677,Chowkahalli,8,80.0,72.5,0.0,12.312810125,76.67173125,57.14285714285714,100,73.11,Medium,True
542,Kolar,5590,Srinivaspur,219060.0,Muttakapali,621705,Yammanuru,6,98.0,66.66666666666667,0.0,12.9489295,78.1132455,42.857142857142854,100,73.11,Medium,True
527,Belagavi,5442,Ramdurg,216052.0,Hulakund,598287,Hulkund,6,97.0,70.0,0.0,15.950983833333332,74.52409566666667,42.857142857142854,100,73.09,Medium,True
630,Chikkaballapura,5599,Sidlaghatta,219026.0,Ganjigunte,624138,Chikkachinnappanahalli,6,97.0,70.0,0.0,13.589369833333334,77.78546733333333,42.857142857142854,100,73.09,Medium,True
538,Kalaburagi,7090,Kamalapur,218014.0,Mahagaon,620208,Belkotta,6,97.0,70.0,0.0,16.297615166666667,76.67816,42.857142857142854,100,73.09,Medium,True
542,Kolar,5591,Kolar,218929.0,Bellur,621821,Bellur,6,95.0,76.66666666666667,0.0,13.044078166666667,78.42095866666666,42.857142857142854,100,73.06,Medium,True
538,Kalaburagi,7087,Kalagi,217935.0,Halcher,620431,Wazirgaon,8,78.0,77.5,0.0,17.383504875,76.98075075,57.14285714285714,100,72.91,Medium,True
538,Kalaburagi,5586,Jevargi,218036.0,Ganwar,620872,Mudbal (K),7,91.0,60.0,0.0,17.292702,76.56331371428571,50.0,100,72.85,Medium,True
545,Mysuru,5574,Nanjangud,219575.0,Hadya,619164,Kandegala,9,74.0,62.22222222222222,0.0,12.21795288888889,76.45789922222222,64.28571428571429,100,72.84,Medium,True
527,Belagavi,5439,Khanapur,215990.0,Ramagurwadi,597843,Harasanwadi,6,97.0,66.66666666666667,0.0,15.982489000000001,74.485495,42.857142857142854,100,72.76,Medium,True
527,Belagavi,5438,Belagavi,215724.0,Yallur,597802,Yellur (Ct),8,79.0,72.5,0.0,15.416834125,75.94163025,57.14285714285714,100,72.76,Medium,True
536,Dharwad,5476,Kalghatgi,217708.0,Sulikatti,602472,Kalakundi,6,97.0,66.66666666666667,0.0,15.165772833333333,75.30988566666666,42.857142857142854,100,72.76,Medium,True
542,Kolar,5593,Bangarapet,218817.0,Soolikunte,622475,Kuppanhalli,6,96.0,70.0,0.0,13.005146333333334,78.11227533333333,42.857142857142854,100,72.74,Medium,True
545,Mysuru,5570,Hunsur,219478.0,Gavadagere,618409,Thondalu,6,96.0,70.0,0.0,11.946892333333333,76.40711783333333,42.857142857142854,100,72.74,Medium,True
542,Kolar,5591,Kolar,218926.0,Arahalli,622015,Hogari,6,95.0,73.33333333333333,0.0,12.981211833333333,78.26969216666667,42.857142857142854,100,72.73,Medium,True
538,Kalaburagi,5580,Aland,217889.0,Bhodhan,619997,Bhodhan,7,89.0,65.71428571428571,0.0,17.34288642857143,76.78063828571429,50.0,100,72.72,Medium,True
527,Belagavi,5439,Khanapur,215979.0,Manturga,597941,Dhokegali,7,89.0,65.71428571428571,0.0,15.52815957142857,75.51346171428573,50.0,100,72.72,Medium,True
536,Dharwad,5474,Navalgund,217740.0,Gummagola,602318,Gummagol,8,80.0,67.5,0.0,15.252625625,75.265782,57.14285714285714,100,72.61,Medium,True
542,Kolar,5594,Mulbagal,219012.0,Rajendrahalli,623078,Dasarahalli,9,74.0,60.0,0.0,12.957300444444444,78.06456766666666,64.28571428571429,100,72.61,Medium,True
527,Belagavi,5442,Ramdurg,216068.0,Thondikatti,598293,Tondikatti,8,100.0,72.5,1.0,16.066557500000002,74.442977125,57.14285714285714,50,72.61,Medium,True
545,Mysuru,5573,Heggadadevankote,219455.0,Kanchamalli,618964,Chikkanandi,8,79.0,70.0,0.0,12.39298925,76.54119275,57.14285714285714,100,72.51,Medium,True
527,Belagavi,5438,Belagavi,215712.0,Nilaji,597766,Shindoli (Part),8,81.0,62.5,0.0,16.18990725,74.41554175,57.14285714285714,100,72.46,Medium,True
542,Kolar,5590,Srinivaspur,219048.0,Chaldiganahalli,621658,Chaldiganahalli,9,71.0,68.88888888888889,0.0,13.029333222222222,78.34924733333334,64.28571428571429,100,72.45,Medium,True
545,Mysuru,5571,Krishnarajanagara,219502.0,Chandagalu,618634,Chandagalhantha,6,98.0,60.0,0.0,12.590705833333333,76.43366250000001,42.857142857142854,100,72.44,Medium,True
527,Belagavi,5439,Khanapur,215992.0,Shiroli,597926,Shiroli,6,95.0,70.0,0.0,15.777737833333333,74.82519466666666,42.857142857142854,100,72.39,Medium,True
542,Kolar,5590,Srinivaspur,219056.0,Lakshmipura,621525,Devareddipalli,6,95.0,70.0,0.0,13.0272285,78.13814816666667,42.857142857142854,100,72.39,Medium,True
527,Belagavi,5441,Savadatti,216023.0,Rudrapur,598207,Rudrapur,8,77.0,75.0,0.0,16.03510675,74.536753125,57.14285714285714,100,72.31,Medium,True
539,Hassan,5554,Belur,218312.0,Kodihalli,615295,Shivanenahalli,5,100.0,80.0,0.0,13.1827546,75.87033,35.714285714285715,100,72.29,Medium,True
538,Kalaburagi,7090,Kamalapur,218001.0,Holkunda,620210,Navadgi (K),11,77.0,63.63636363636363,1.0,15.69380681818182,77.54679918181819,78.57142857142857,50,72.24,Medium,True
545,Mysuru,5569,Piriyapatna,273338.0,N. Shettihalli,618170,Bettadakaval,6,96.0,63.333333333333336,0.0,12.227383000000001,76.81244966666667,42.857142857142854,100,72.08,Medium,True
542,Kolar,5594,Mulbagal,218990.0,Amblikal,622879,Balasandra,6,96.0,63.333333333333336,0.0,13.0257715,78.20977033333334,42.857142857142854,100,72.08,Medium,True
527,Belagavi,5434,Athni,215645.0,Maheshwadi,597320,Mahishwadgi,6,95.0,66.66666666666667,0.0,15.981288333333334,74.56878933333333,42.857142857142854,100,72.06,Medium,True
534,Dakshina Kannada,5562,Bantval,217204.0,Balthila,617572,Balthila,8,79.0,65.0,0.0,12.956843,74.800793875,57.14285714285714,100,72.01,Medium,True
547,Shivamogga,5518,Hosanagara,219886.0,Jeni,607884,Holagodu,5,99.0,80.0,0.0,13.686875800000001,75.2574546,35.714285714285715,100,71.94,Medium,True
542,Kolar,5590,Srinivaspur,219045.0,Addagal,621438,Kundathavaripalli,5,99.0,80.0,0.0,13.043695,78.3802728,35.714285714285715,100,71.94,Medium,True
545,Mysuru,5571,Krishnarajanagara,219510.0,Hompapura,618593,Sanyasipura,8,78.0,67.5,0.0,12.231188750000001,76.5441505,57.14285714285714,100,71.91,Medium,True
538,Kalaburagi,5583,Chincholi,217945.0,Nagaidlai,620368,Fathepur,8,78.0,67.5,0.0,17.1979345,76.857286125,57.14285714285714,100,71.91,Medium,True
539,Hassan,5555,Arsikere,218278.0,Mududi,615788,Gollarahalli,5,100.0,76.0,0.0,12.625457,76.0670266,35.714285714285715,100,71.89,Medium,True
542,Kolar,5594,Mulbagal,219000.0,H.Gollahalli,622853,Mugavanahalli,9,70.0,66.66666666666667,0.0,12.983492666666667,78.31616722222222,64.28571428571429,100,71.88,Medium,True
545,Mysuru,5574,Nanjangud,219572.0,Doddakowlande,619298,Haraganapur,6,96.0,60.0,0.0,12.299826166666668,76.63968416666667,42.857142857142854,100,71.74,Medium,True
534,Dakshina Kannada,5562,Bantval,273286.0,Peraje,617580,Peraje,6,96.0,60.0,0.0,12.800982666666668,75.10563933333333,42.857142857142854,100,71.74,Medium,True
635,Yadgir,5588,Shahpur,218098.0,Hotpet,923742,Shakhapur,6,96.0,60.0,0.0,16.6815825,76.83730466666667,42.857142857142854,100,71.74,Medium,True
631,Bengaluru South,5607,Channapatna,215403.0,J.Byadarahally,626311,Yaliyur,6,94.0,66.66666666666667,0.0,12.712315166666665,77.28427283333333,42.857142857142854,100,71.71,Medium,True
536,Dharwad,5474,Navalgund,217739.0,Gudisagar,602346,Sotakanal,6,94.0,66.66666666666667,0.0,15.346195666666667,75.1196205,42.857142857142854,100,71.71,Medium,True
542,Kolar,5594,Mulbagal,219006.0,Mothakapalli,622982,Sunnangur,6,94.0,66.66666666666667,0.0,12.972008,78.24636,42.857142857142854,100,71.71,Medium,True
527,Belagavi,5439,Khanapur,215986.0,Nilawade,597830,Kabanali,6,94.0,66.66666666666667,0.0,15.861474833333332,74.638242,42.857142857142854,100,71.71,Medium,True
542,Kolar,5593,Bangarapet,218790.0,Budikote,622541,Ukkunda,7,86.0,65.71428571428571,0.0,12.989707571428571,78.21616157142856,50.0,100,71.67,Medium,True
536,Dharwad,5476,Kalghatgi,217695.0,G.Basavankoppa,602433,Neerasagar,5,97.0,84.0,0.0,15.341610800000002,75.1422162,35.714285714285715,100,71.64,Medium,True
529,Bidar,5457,Bidar,216407.0,Aurad (S),600227,Bahirnalli,6,90.0,80.0,0.0,17.9021335,77.54127966666667,42.857142857142854,100,71.64,Medium,True
527,Belagavi,7043,Kittur,215729.0,Bailur,598105,Degulhalli,8,77.0,67.5,0.0,15.697029749999999,74.6894995,57.14285714285714,100,71.56,Medium,True
534,Dakshina Kannada,5561,Mangaluru,217336.0,Yekkaru,617477,Tenkayekkar,5,99.0,76.0,0.0,12.850707199999999,74.9355882,35.714285714285715,100,71.54,Medium,True
526,Bengaluru Rural,5604,Hosakote,215480.0,Doddaralagere,625481,Chikkaralagere,5,99.0,76.0,0.0,13.1868998,77.7855156,35.714285714285715,100,71.54,Medium,True
550,Uttara Kannada,5487,Honavar,220623.0,Hereangadi,603805,Adkar,5,100.0,72.0,0.0,15.149473599999999,74.50798280000001,35.714285714285715,100,71.49,Medium,True
528,Ballari,5499,Siruguppa,216292.0,Uppara Hosahalli,604836,Uppara Hosahalli,5,100.0,72.0,0.0,15.2417864,76.5933044,35.714285714285715,100,71.49,Medium,True
547,Shivamogga,5519,Tirthahalli,220067.0,Guddekoppa,608099,Jambetalluru,5,100.0,72.0,0.0,13.943074200000002,75.5451722,35.714285714285715,100,71.49,Medium,True
538,Kalaburagi,5580,Aland,273159.0,Keri Ambalaga,620005,Rikkenalur,8,76.0,70.0,0.0,17.278706500000002,76.867545625,57.14285714285714,100,71.46,Medium,True
538,Kalaburagi,5580,Aland,217909.0,Madan Hipparga,620055,Madan Hipperga,8,76.0,70.0,0.0,17.331909500000002,76.949559,57.14285714285714,100,71.46,Medium,True
538,Kalaburagi,7090,Kamalapur,218014.0,Mahagaon,620207,Mahagaon,10,81.0,70.0,1.0,17.2327796,76.86913,71.42857142857143,50,71.42,Medium,True
527,Belagavi,5437,Hukkeri,215920.0,Konankeri,597555,Honnihalli,6,93.0,66.66666666666667,0.0,16.066125666666668,74.72533366666666,42.857142857142854,100,71.36,Medium,True
524,Bagalkote,5447,Bagalkot,215201.0,Sutagundar,598836,Domanal,6,93.0,66.66666666666667,0.0,16.382532833333332,75.10181683333333,42.857142857142854,100,71.36,Medium,True
533,Chitradurga,5505,Chitradurga,217083.0,Siddapura,605591,Manangi,5,96.0,84.0,0.0,14.238108,76.3988626,35.714285714285715,100,71.29,Medium,True
542,Kolar,5591,Kolar,218935.0,Holur,621944,Ghatta Halli,8,74.0,75.0,0.0,13.0242475,78.148448625,57.14285714285714,100,71.26,Medium,True
542,Kolar,5593,Bangarapet,218817.0,Soolikunte,622462,Mageri,5,98.0,76.0,0.0,13.0034296,78.1375204,35.714285714285715,100,71.19,Medium,True
528,Ballari,5501,Sandur,216251.0,Chornur,604986,Chornur,5,99.0,72.0,0.0,15.283669399999999,76.3606478,35.714285714285715,100,71.14,Medium,True
549,Udupi,5522,Kundapura,273040.0,Kattabelthuru,608701,Devalkunda,5,100.0,68.0,0.0,13.208070800000002,74.9860418,35.714285714285715,100,71.09,Medium,True
539,Hassan,5560,Channarayapatna,218345.0,Janivara,617207,Gundasetty Halli,5,100.0,68.0,0.0,13.083924200000002,76.1840248,35.714285714285715,100,71.09,Medium,True
545,Mysuru,7230,Saligrama,273327.0,Sheegavalu,618509,Kulume Hosuru,7,81.0,77.14285714285714,0.0,12.16715457142857,76.93114957142858,50.0,100,71.06,Medium,True
534,Dakshina Kannada,5563,Beltangadi,217260.0,Kashipatna,617613,Kashipatna,6,93.0,63.333333333333336,0.0,12.7993765,75.12647533333333,42.857142857142854,100,71.03,Medium,True
542,Kolar,5593,Bangarapet,218809.0,Ketaganahalli,622603,Boyisonnenahalli,6,92.0,66.66666666666667,0.0,13.056608166666665,78.187763,42.857142857142854,100,71.01,Medium,True
545,Mysuru,5575,Tirumakudal - Narsipur,219660.0,Muttalavadi,619373,Muthalavadi,7,80.0,80.0,0.0,12.492996857142858,76.49117528571428,50.0,100,71.0,Medium,True
630,Chikkaballapura,5600,Chintamani,218873.0,Raguttahalli,624454,Nallaguttahalli,6,91.0,70.0,0.0,13.57006,77.7686815,42.857142857142854,100,70.99,Medium,True
630,Chikkaballapura,5600,Chintamani,218846.0,Anur,624702,Doddapura,6,91.0,70.0,0.0,13.379943833333334,77.70383783333334,42.857142857142854,100,70.99,Medium,True
630,Chikkaballapura,5600,Chintamani,218871.0,Peddur,624432,Nagarajapalli,6,90.0,73.33333333333333,0.0,13.580733333333333,77.77989983333333,42.857142857142854,100,70.98,Medium,True
535,Davanagere,5512,Davanagere,217478.0,Huchchavanahally,606671,Timmalapura,7,84.0,65.71428571428571,0.0,14.462758285714285,75.92927842857144,50.0,100,70.97,Medium,True
548,Tumakuru,5535,Madhugiri,220242.0,Kondavaadi,610988,Kulumenahalli,7,84.0,65.71428571428571,0.0,13.335064000000001,77.11913200000001,50.0,100,70.97,Medium,True
539,Hassan,5557,Alur,218212.0,Magge,616373,Sindhuvalli,7,84.0,65.71428571428571,0.0,12.791382714285715,75.87500828571429,50.0,100,70.97,Medium,True
527,Belagavi,5437,Hukkeri,215932.0,Rustampur,597664,Rustumpur,8,76.0,65.0,0.0,15.938517625,74.51810375,57.14285714285714,100,70.96,Medium,True
542,Kolar,7002,Kolar Gold Field,218802.0,Hunkunda,622714,Badamakanhalli,7,82.0,71.42857142857143,0.0,12.930640714285715,78.06599028571429,50.0,100,70.84,Medium,True
630,Chikkaballapura,5600,Chintamani,218864.0,Mastenahalli,624602,Jangamaseegehalli,8,74.0,70.0,0.0,13.584269625000001,77.799709625,57.14285714285714,100,70.76,Medium,True
542,Kolar,5590,Srinivaspur,219049.0,Dalasanur,621668,Hosahalli,7,85.0,60.0,0.0,12.987551857142858,78.36737885714285,50.0,100,70.75,Medium,True
548,Tumakuru,5537,Tumakuru,220357.0,Bugudanahalli,611443,Haronahalli,5,99.0,68.0,0.0,12.832792000000001,77.0330704,35.714285714285715,100,70.74,Medium,True
538,Kalaburagi,7089,Yadrami,218059.0,Yalgod,620829,Tippnal,5,99.0,68.0,0.0,16.5125126,77.5579642,35.714285714285715,100,70.74,Medium,True
546,Raichur,5463,Sindhnur,219826.0,Ramathnal,601147,Diddigi,5,100.0,64.0,0.0,16.1425252,76.508294,35.714285714285715,100,70.69,Medium,True
532,Chikkamagaluru,7078,Ajjampura,216979.0,Chikkanavangala,609227,Kenchapura,6,92.0,63.333333333333336,0.0,12.706293166666667,76.9649005,42.857142857142854,100,70.68,Medium,True
538,Kalaburagi,5584,Sedam,218077.0,Motakpalli,620583,Guntatipadampalli,8,73.0,72.5,0.0,17.27073175,76.979351125,57.14285714285714,100,70.66,Medium,True
532,Chikkamagaluru,7078,Ajjampura,216978.0,Cheeranahalli,609270,Cheernanahalli Kaval,6,91.0,66.66666666666667,0.0,12.127618166666666,76.33859233333334,42.857142857142854,100,70.66,Medium,True
545,Mysuru,5569,Piriyapatna,273338.0,N. Shettihalli,618206,Dorekere,8,73.0,72.5,0.0,12.464397125,76.596305,57.14285714285714,100,70.66,Medium,True
542,Kolar,5593,Bangarapet,218808.0,Karahalli,622661,Kavaraganahalli,7,79.0,80.0,0.0,13.196195000000001,78.19127971428573,50.0,100,70.65,Medium,True
524,Bagalkote,5448,Hungund,215233.0,Ganjihal,598909,Nandanoor,6,90.0,70.0,0.0,16.492162333333333,75.04941533333333,42.857142857142854,100,70.64,Medium,True
534,Dakshina Kannada,5564,Puttur,217363.0,Narimogaru,617736,Shanthigodu,7,83.0,65.71428571428571,0.0,12.854446571428571,74.97964971428571,50.0,100,70.62,Medium,True
539,Hassan,5553,Sakleshpur,218445.0,Hethur,615015,Hadya,5,96.0,76.0,0.0,12.8969524,76.39873739999999,35.714285714285715,100,70.49,Medium,True
536,Dharwad,7080,Annigeri,217738.0,Bhadrapur,602371,Majjigudda,5,97.0,72.0,0.0,15.4585446,74.9984544,35.714285714285715,100,70.44,Medium,True
538,Kalaburagi,5581,Afzalpur,217865.0,Anoor,620134,Bilwad (B),7,84.0,60.0,0.0,17.24876557142857,77.01334642857144,50.0,100,70.4,Medium,True
545,Mysuru,5573,Heggadadevankote,219452.0,Hyrige,618878,Malara,5,98.0,68.0,0.0,12.4113798,76.50363139999999,35.714285714285715,100,70.39,Medium,True
548,Tumakuru,5538,Gubbi,220131.0,Chellur,611708,Muginahunase,6,90.0,66.66666666666667,0.0,12.814872166666666,77.02629166666667,42.857142857142854,100,70.31,Medium,True
545,Mysuru,5575,Tirumakudal - Narsipur,219642.0,Chidaravalli,619344,Kempanapura,6,90.0,66.66666666666667,0.0,12.226407833333333,76.48601383333333,42.857142857142854,100,70.31,Medium,True
529,Bidar,7085,Kamalnagar,216300.0,Chanduri,600028,Halhalli,5,100.0,60.0,0.0,18.056586799999998,77.1971238,35.714285714285715,100,70.29,Medium,True
548,Tumakuru,5538,Gubbi,220129.0,Bidire,611719,Bidare,6,89.0,70.0,0.0,13.260914,77.03930716666666,42.857142857142854,100,70.29,Medium,True
532,Chikkamagaluru,5529,Kadur,216880.0,Saraswathipura,609386,Govindapura,7,82.0,65.71428571428571,0.0,12.130315714285715,76.33182285714285,50.0,100,70.27,Medium,True
542,Kolar,5591,Kolar,218948.0,Narasapura,621819,Kurki,8,74.0,65.0,0.0,13.01525425,78.18678725000001,57.14285714285714,100,70.26,Medium,True
542,Kolar,5592,Malur,218961.0,Araleri,622198,Araleri,6,87.0,76.66666666666667,0.0,13.003865,78.14726633333333,42.857142857142854,100,70.26,Medium,True
542,Kolar,5591,Kolar,218956.0,Uragili,621924,Dinnahalli,7,81.0,68.57142857142857,0.0,13.031762857142857,78.17836757142857,50.0,100,70.21,Medium,True
540,Haveri,7106,Rattihalli,272997.0,Kunchura,604402,Kunchur,7,81.0,68.57142857142857,0.0,14.453862571428571,75.37811628571428,50.0,100,70.21,Medium,True
536,Dharwad,5473,Dharwad,217651.0,Madhanbhavi,602199,Hosatti,5,95.0,76.0,0.0,15.345877999999999,75.1432988,35.714285714285715,100,70.14,Medium,True
547,Shivamogga,5515,Sagar,219903.0,Achapura,607298,Gilalagundi,5,95.0,76.0,0.0,13.8193852,75.6811716,35.714285714285715,100,70.14,Medium,True
548,Tumakuru,5535,Madhugiri,220241.0,Kodlapura,610943,Badakanahalli,5,96.0,72.0,0.0,13.7075602,77.4051474,35.714285714285715,100,70.09,Medium,True
548,Tumakuru,5541,Kunigal,220205.0,Nidasale,612746,Nidasale,5,96.0,72.0,0.0,14.293672800000001,77.15617219999999,35.714285714285715,100,70.09,Medium,True
538,Kalaburagi,7089,Yadrami,218031.0,Aralgundagi,620780,Halgattarga,8,72.0,70.0,0.0,12.589061625,77.35439725,57.14285714285714,100,70.06,Medium,True
544,Mandya,5550,Mandya,219332.0,G.Malligere,614389,Honnemadu,7,83.0,60.0,0.0,12.373624285714286,76.95430714285715,50.0,100,70.05,Medium,True
527,Belagavi,5442,Ramdurg,216058.0,Kithur,598390,Lakhanayakanakoppa,5,97.0,68.0,0.0,15.981394599999998,74.4852588,35.714285714285715,100,70.04,Medium,True
550,Uttara Kannada,5480,Haliyal,220605.0,Gundolli,602816,Arshingeri,5,97.0,68.0,0.0,14.6271908,74.8606046,35.714285714285715,100,70.04,Medium,True
545,Mysuru,5575,Tirumakudal - Narsipur,219670.0,Vatalu,619414,Hyakanuru,5,97.0,68.0,0.0,12.180130199999999,76.717772,35.714285714285715,100,70.04,Medium,True
539,Hassan,5554,Belur,218311.0,Kesagodu,615422,Pura,5,98.0,64.0,0.0,13.2038792,75.99821899999999,35.714285714285715,100,69.99,Medium,True
546,Raichur,5459,Lingasugur,219726.0,Narakaladinni,600395,Kamaldinni,6,90.0,63.333333333333336,0.0,16.303464,77.54476933333333,42.857142857142854,100,69.98,Medium,True
545,Mysuru,5575,Tirumakudal - Narsipur,219662.0,Seehalli,927301,Chamalapura,6,90.0,63.333333333333336,0.0,12.713555,76.65507283333334,42.857142857142854,100,69.98,Medium,True
533,Chitradurga,5505,Chitradurga,217058.0,Bommenahalli,605573,Dyamavvanahalli,6,87.0,73.33333333333333,0.0,12.971194500000001,77.57999266666667,42.857142857142854,100,69.93,Medium,True
542,Kolar,5592,Malur,218970.0,Huladenahalli,622297,Dinneri Plantation,7,81.0,65.71428571428571,0.0,12.991541857142858,78.34156457142856,50.0,100,69.92,Medium,True
538,Kalaburagi,5582,Kalaburagi,218016.0,Melkunda B,620286,Hunsihadgil,5,92.0,84.0,0.0,17.283551,77.075797,35.714285714285715,100,69.89,Medium,True
539,Hassan,5555,Arsikere,218271.0,Karagunda,615510,Gollarahalli,5,93.0,80.0,0.0,12.784829400000001,76.2441606,35.714285714285715,100,69.84,Medium,True
538,Kalaburagi,5584,Sedam,218076.0,Medak,620568,Kompalli,5,93.0,80.0,0.0,17.1205386,76.9842582,35.714285714285715,100,69.84,Medium,True
536,Dharwad,5473,Dharwad,217654.0,Maradagi,602311,Govankoppa,8,92.0,72.5,1.0,15.433735625,75.235885,57.14285714285714,50,69.81,Medium,True
635,Yadgir,5589,Yadgir,218183.0,Killankera,621329,Kilenkera,5,94.0,76.0,0.0,16.5183204,76.740001,35.714285714285715,100,69.79,Medium,True
546,Raichur,5463,Sindhnur,219821.0,Madasirwar,601179,Udbal (Jagir),4,98.0,90.0,0.0,16.233543,77.37387425,28.57142857142857,100,69.73,Medium,True
545,Mysuru,5575,Tirumakudal - Narsipur,219655.0,Kolathuru,619362,Nagalagere,4,98.0,90.0,0.0,12.49898175,76.4196785,28.57142857142857,100,69.73,Medium,True
538,Kalaburagi,7087,Kalagi,217978.0,Korwar,620629,Kalgurthi,7,82.0,60.0,0.0,17.176095142857143,76.91057085714286,50.0,100,69.7,Medium,True
532,Chikkamagaluru,5531,Mudigere,216926.0,Hesagal (Belagola),609960,Hesagal,5,97.0,64.0,0.0,12.712657400000001,76.9467398,35.714285714285715,100,69.64,Medium,True
630,Chikkaballapura,5595,Gauribidanur,218884.0,Bychapura,623239,Huchodanahalli,5,97.0,64.0,0.0,13.2561454,76.53698,35.714285714285715,100,69.64,Medium,True
550,Uttara Kannada,5480,Haliyal,220610.0,Madnalli,602838,Antrolli,6,89.0,63.333333333333336,0.0,14.795277166666667,74.11932666666667,42.857142857142854,100,69.63,Medium,True
538,Kalaburagi,7087,Kalagi,217969.0,Heball,620619,Kamaknoor,5,98.0,60.0,0.0,17.3025494,76.9548522,35.714285714285715,100,69.59,Medium,True
542,Kolar,5592,Malur,218974.0,Kavala Giriyana Halli (K.G. Halli),622389,Halliganahalli,6,87.0,70.0,0.0,12.950620833333332,78.1616415,42.857142857142854,100,69.59,Medium,True
532,Chikkamagaluru,5531,Mudigere,216925.0,Hanthuru,610010,Uggehalli,6,86.0,73.33333333333333,0.0,12.120160166666667,76.31201883333334,42.857142857142854,100,69.58,Medium,True
542,Kolar,7002,Kolar Gold Field,218814.0,N.G.Hulkooru,622772,N.G. Hulkur,7,80.0,65.71428571428571,0.0,13.15411857142857,78.19242442857141,50.0,100,69.57,Medium,True
542,Kolar,5590,Srinivaspur,219047.0,Byraganahalli,621391,Katamguntapalli,7,79.0,68.57142857142857,0.0,13.010641000000001,78.23879742857142,50.0,100,69.51,Medium,True
536,Dharwad,5476,Kalghatgi,217693.0,Devikoppa,602479,Nehru Nagar,8,91.0,72.5,1.0,15.458964625,75.032122375,57.14285714285714,50,69.46,Medium,True
545,Mysuru,5572,Mysuru,219532.0,Birihundi,618743,Ballahalli,5,93.0,76.0,0.0,12.216223600000001,76.4607048,35.714285714285715,100,69.44,Medium,True
542,Kolar,5594,Mulbagal,219000.0,H.Gollahalli,622851,Gokunte,5,93.0,76.0,0.0,13.001262800000001,78.3056282,35.714285714285715,100,69.44,Medium,True
536,Dharwad,5474,Navalgund,217736.0,Alagawadi,602323,Alagawadi,10,95.0,76.0,3.0,15.3642952,75.1610581,71.42857142857143,0,69.42,Medium,True
527,Belagavi,5433,Chikodi,215787.0,Chandur,597180,Chandur - Tek,8,73.0,60.0,0.0,16.033729125,74.609091875,57.14285714285714,100,69.41,Medium,True
542,Kolar,5591,Kolar,218946.0,Muduvadi,621941,Naganayakanahalli,8,70.0,70.0,0.0,12.9997455,78.19371725,57.14285714285714,100,69.36,Medium,True
539,Hassan,5557,Alur,218209.0,Karagodu,616290,Kattehosur,5,95.0,68.0,0.0,12.6157948,76.0400372,35.714285714285715,100,69.34,Medium,True
545,Mysuru,5575,Tirumakudal - Narsipur,219649.0,Hosakote,619391,Channanjaiahna Vadeyarapura,6,88.0,63.333333333333336,0.0,12.233856333333334,76.56576833333334,42.857142857142854,100,69.28,Medium,True
541,Kodagu,5567,Somvarpet,218703.0,Handli,939009,Sampigedalu,6,88.0,63.333333333333336,0.0,12.465455666666665,75.94657099999999,42.857142857142854,100,69.28,Medium,True
536,Dharwad,5474,Navalgund,217757.0,Yemanur,602336,Kumaragoppa,8,89.0,77.5,1.0,15.3507795,74.989537625,57.14285714285714,50,69.26,Medium,True
550,Uttara Kannada,5484,Ankola,220578.0,Sagadgeri,603391,Balale,5,97.0,60.0,0.0,13.982189,74.5633462,35.714285714285715,100,69.24,Medium,True
630,Chikkaballapura,5596,Chikkaballapura,218833.0,Harobande,623573,Akalathimmanahalli,5,89.0,88.0,0.0,13.583037999999998,77.7643826,35.714285714285715,100,69.24,Medium,True
547,Shivamogga,5516,Sorab,220052.0,Tatturu,607494,Balekoppa,5,97.0,60.0,0.0,14.163583599999999,75.039439,35.714285714285715,100,69.24,Medium,True
527,Belagavi,5433,Chikodi,215836.0,Vadral,597230,Khajagoudanhatti,6,84.0,76.66666666666667,0.0,16.408977333333333,74.362184,42.857142857142854,100,69.21,Medium,True
635,Yadgir,7094,Gurmitakal,218182.0,Kandkuru,621274,Chintenpalli,5,90.0,84.0,0.0,16.759177400000002,77.121207,35.714285714285715,100,69.19,Medium,True
542,Kolar,5594,Mulbagal,218994.0,Byrakur,623073,Jamdadi Obenahalli,7,78.0,68.57142857142857,0.0,12.99911842857143,78.11958614285713,50.0,100,69.16,Medium,True
545,Mysuru,5570,Hunsur,273324.0,Mukanhalli,618407,Kirasodlu,5,91.0,80.0,0.0,12.2799204,76.5067892,35.714285714285715,100,69.14,Medium,True
542,Kolar,5591,Kolar,218951.0,Shapur,622078,Charaladinne,10,75.0,68.0,1.0,12.9417859,78.2500785,71.42857142857143,50,69.12,Medium,True
548,Tumakuru,5536,Koratagere,220170.0,Kuramkotte,611016,Shambonahalli,5,92.0,76.0,0.0,13.276183,77.0476882,35.714285714285715,100,69.09,Medium,True
635,Yadgir,5588,Shahpur,272745.0,Beeranura,621184,Parsapur,4,99.0,80.0,0.0,16.762963499999998,77.1373935,28.57142857142857,100,69.08,Medium,True
542,Kolar,5592,Malur,218967.0,Dinnahalli,622361,Byappanahalli,5,93.0,72.0,0.0,12.9578586,78.2929646,35.714285714285715,100,69.04,Medium,True
542,Kolar,5591,Kolar,218928.0,Belamaranahalli,621808,Guttahalli,5,93.0,72.0,0.0,13.067205999999999,78.15468899999999,35.714285714285715,100,69.04,Medium,True
542,Kolar,5594,Mulbagal,219000.0,H.Gollahalli,622856,Nachahalli,5,93.0,72.0,0.0,13.0432042,78.2115802,35.714285714285715,100,69.04,Medium,True
545,Mysuru,5569,Piriyapatna,219623.0,Hunasavadi,618240,Kundanahalli,7,76.0,74.28571428571429,0.0,12.542051142857144,76.51557657142858,50.0,100,69.03,Medium,True
542,Kolar,5592,Malur,218972.0,Hungenahalli,622145,Chikkakadathur,4,96.0,90.0,0.0,13.224152499999999,78.25192025,28.57142857142857,100,69.03,Medium,True
546,Raichur,7101,Maski,219732.0,Telekhan,600528,Hadagali,5,94.0,68.0,0.0,16.087854999999998,77.397774,35.714285714285715,100,68.99,Medium,True
526,Bengaluru Rural,5602,Doddaballapura,215461.0,Kanasavadi,625238,Kallodu,5,94.0,68.0,0.0,13.160554199999998,77.3461748,35.714285714285715,100,68.99,Medium,True
548,Tumakuru,5535,Madhugiri,220254.0,Singanahalli,610917,Doddenahalli,5,94.0,68.0,0.0,13.1028938,77.1471852,35.714285714285715,100,68.99,Medium,True
530,Vijayapura,7070,Chadchan,216586.0,Nivaragi,599166,Nivargi,5,95.0,64.0,0.0,16.3526392,75.8999806,35.714285714285715,100,68.94,Medium,True
631,Bengaluru South,5608,Kanakapura,215516.0,Herandyapanahalli,626592,Yakkuli,5,95.0,64.0,0.0,12.6057992,77.1069564,35.714285714285715,100,68.94,Medium,True
630,Chikkaballapura,5599,Sidlaghatta,219031.0,Kumbigana Halli,624288,Krishnammanahosahalli,5,95.0,64.0,0.0,13.2742618,76.554543,35.714285714285715,100,68.94,Medium,True
545,Mysuru,5570,Hunsur,219477.0,Gagenahalli,618476,Vaderahosahalli,6,87.0,63.333333333333336,0.0,12.245634,76.67892216666667,42.857142857142854,100,68.93,Medium,True
548,Tumakuru,5533,Sira,220304.0,Hunasihalli,610319,Dandikere,4,100.0,75.0,0.0,13.35869225,77.08681475,28.57142857142857,100,68.93,Medium,True
527,Belagavi,5437,Hukkeri,215901.0,Benawad,597608,Beniwad,6,87.0,63.333333333333336,0.0,15.786311833333334,74.63373166666666,42.857142857142854,100,68.93,Medium,True
527,Belagavi,5439,Khanapur,215970.0,Kapoli Kg,597956,Kapoli (K.G.),4,100.0,75.0,0.0,15.8956365,74.66084024999999,28.57142857142857,100,68.93,Medium,True
543,Koppal,5467,Koppal,219133.0,Kavaloor,601709,Gudigera,4,100.0,75.0,0.0,15.3591655,76.1553325,28.57142857142857,100,68.93,Medium,True
527,Belagavi,5438,Belagavi,273231.0,Modaga,597761,Modge,6,84.0,73.33333333333333,0.0,16.031162,74.64543716666667,42.857142857142854,100,68.88,Medium,True
534,Dakshina Kannada,5562,Bantval,217212.0,Karopadi,617587,Karopady,7,78.0,65.71428571428571,0.0,12.611390142857143,75.04582500000001,50.0,100,68.87,Medium,True
536,Dharwad,5473,Dharwad,217658.0,Narendra,602233,Kumbapur-M-Narendra,5,92.0,72.0,0.0,15.354743,75.1489538,35.714285714285715,100,68.69,Medium,True
539,Hassan,5558,Arkalgud,218225.0,Ganjalagodu,939302,Kedhla Hosahalli,5,92.0,72.0,0.0,12.961760799999999,76.00395739999999,35.714285714285715,100,68.69,Medium,True
550,Uttara Kannada,5486,Siddapur,220695.0,Bidrakan,603700,Maghegar,7,79.0,60.0,0.0,14.901640428571428,74.33074,50.0,100,68.65,Medium,True
527,Belagavi,5441,Savadatti,215998.0,Betasur,598247,Yadravi,7,79.0,60.0,0.0,16.34518542857143,74.63819885714285,50.0,100,68.65,Medium,True
532,Chikkamagaluru,5528,Tarikere,216999.0,Malalichannenahalli,609140,Yerebylu,5,94.0,64.0,0.0,12.694607999999999,76.95600759999999,35.714285714285715,100,68.59,Medium,True
548,Tumakuru,5537,Tumakuru,220358.0,Chikkatotlakere,611345,Hirethotlakere,5,94.0,64.0,0.0,13.3398642,76.3792434,35.714285714285715,100,68.59,Medium,True
529,Bidar,5457,Bidar,216416.0,Gadgi,600168,Hamilapur,4,99.0,75.0,0.0,17.91887875,77.52585099999999,28.57142857142857,100,68.58,Medium,True
550,Uttara Kannada,5483,Sirsi,220740.0,Yadalli,603238,Betkoppa,6,86.0,63.333333333333336,0.0,13.987608666666667,74.54071983333334,42.857142857142854,100,68.58,Medium,True
542,Kolar,5592,Malur,218976.0,Kudiyanur,622210,Ramapura,6,85.0,66.66666666666667,0.0,13.003985166666666,78.15407883333334,42.857142857142854,100,68.56,Medium,True
538,Kalaburagi,7089,Yadrami,218052.0,Malli,620807,Nagarhalli S.Malli,7,73.0,80.0,0.0,14.50238,76.92935457142858,50.0,100,68.55,Medium,True
538,Kalaburagi,5584,Sedam,218079.0,Neelhalli,620499,Neelhalli,5,87.0,88.0,0.0,17.2763378,76.55666719999999,35.714285714285715,100,68.54,Medium,True
527,Belagavi,5439,Khanapur,215980.0,Mohisett,597960,Satanali,6,84.0,70.0,0.0,15.818623333333333,74.764908,42.857142857142854,100,68.54,Medium,True
538,Kalaburagi,5581,Afzalpur,217870.0,Bhiramadgi,620157,Wadhalli,5,95.0,60.0,0.0,17.2462558,76.9364342,35.714285714285715,100,68.54,Medium,True
540,Haveri,5490,Savanur,218639.0,Yalavigi,604011,Paramawadi,7,77.0,65.71428571428571,0.0,15.12015342857143,75.13923257142856,50.0,100,68.52,Medium,True
526,Bengaluru Rural,5602,Doddaballapura,215448.0,Bhaktarahalli,625162,Gundlahalli,7,76.0,68.57142857142857,0.0,13.101149428571429,77.385937,50.0,100,68.46,Medium,True
538,Kalaburagi,5584,Sedam,218081.0,Ribbanpalli,620530,Mallabad,5,89.0,80.0,0.0,14.444523800000002,76.97401740000001,35.714285714285715,100,68.44,Medium,True
532,Chikkamagaluru,5530,Chikkamagaluru,216832.0,Thegur,609746,Thegur,4,100.0,70.0,0.0,12.7161805,76.9379815,28.57142857142857,100,68.43,Medium,True
539,Hassan,5554,Belur,218294.0,Bantenahalli,615225,Chikkabyadigere,5,90.0,76.0,0.0,13.021527800000001,75.8118872,35.714285714285715,100,68.39,Medium,True
545,Mysuru,5572,Mysuru,219548.0,Keelanapura,618798,Megalapura,4,97.0,80.0,0.0,12.08532875,76.314986,28.57142857142857,100,68.38,Medium,True
545,Mysuru,5570,Hunsur,219472.0,Bolanahalli,618440,Husenpurada Kaval,4,97.0,80.0,0.0,12.356293749999999,76.53339775,28.57142857142857,100,68.38,Medium,True
527,Belagavi,5433,Chikodi,215825.0,Navalihal,597212,Kuthali,7,98.0,65.71428571428571,1.0,16.24781,74.40190357142856,50.0,50,68.37,Medium,True
545,Mysuru,5573,Heggadadevankote,273307.0,Kothegala,619066,Netkalhundi,8,70.0,60.0,0.0,12.285361375,76.577405,57.14285714285714,100,68.36,Medium,True
542,Kolar,5593,Bangarapet,218791.0,Chikka Ankandahally,622470,Byranayakanahalli,8,70.0,60.0,0.0,13.0547315,78.201744125,57.14285714285714,100,68.36,Medium,True
536,Dharwad,5476,Kalghatgi,217702.0,Kuruvinakoppa,602450,Bangittigudihal,5,92.0,68.0,0.0,15.3504286,75.11100239999999,35.714285714285715,100,68.29,Medium,True
527,Belagavi,7105,Nippani,215810.0,Koganolli,597121,Hanabarawadi,5,93.0,64.0,0.0,15.709040400000001,74.88812779999999,35.714285714285715,100,68.24,Medium,True
542,Kolar,5590,Srinivaspur,219053.0,Kodipalli,621474,Kondamari,7,77.0,62.857142857142854,0.0,12.992073428571429,78.21787642857143,50.0,100,68.24,Medium,True
526,Bengaluru Rural,5603,Devanahalli,272721.0,Alooru Duddanahalli,625273,Beerasandra,4,98.0,75.0,0.0,13.270404,77.422016,28.57142857142857,100,68.23,Medium,True
548,Tumakuru,5540,Turuvekere,220400.0,Kanathur,612324,Aladahalli,6,85.0,63.333333333333336,0.0,13.356445,77.11048216666667,42.857142857142854,100,68.23,Medium,True
527,Belagavi,5436,Gokak,215847.0,Benachinamardi,597468,Kadabagatti,6,85.0,63.333333333333336,0.0,16.116897166666664,74.42699216666666,42.857142857142854,100,68.23,Medium,True
545,Mysuru,5575,Tirumakudal - Narsipur,219645.0,Hanumanalu,619323,Hanumanalu,6,85.0,63.333333333333336,0.0,12.436961833333333,76.50027066666667,42.857142857142854,100,68.23,Medium,True
544,Mandya,5547,Nagamangala,219382.0,Kalinganahalli,613753,Ankanahalli,4,98.0,75.0,0.0,12.5302475,76.88893625,28.57142857142857,100,68.23,Medium,True
542,Kolar,5591,Kolar,218937.0,Itharasanahalli,621960,Somasastri Hosur,6,84.0,66.66666666666667,0.0,13.098590833333333,78.153875,42.857142857142854,100,68.21,Medium,True
532,Chikkamagaluru,5529,Kadur,216881.0,Singatagere,609586,Pattadevarahalli,6,84.0,66.66666666666667,0.0,12.114991833333333,76.31526266666667,42.857142857142854,100,68.21,Medium,True
545,Mysuru,5573,Heggadadevankote,219443.0,Chakkodanahalli,618863,Chakkodanahalli,5,94.0,60.0,0.0,12.0292232,76.4715644,35.714285714285715,100,68.19,Medium,True
539,Hassan,5554,Belur,218304.0,Halebeedu,615274,Kattesomenahalli,6,82.0,73.33333333333333,0.0,13.018528833333335,76.0875385,42.857142857142854,100,68.18,Medium,True
538,Kalaburagi,5586,Jevargi,218048.0,Kudi,620757,Hipperga-Kona,6,82.0,73.33333333333333,0.0,17.1805315,76.80683499999999,42.857142857142854,100,68.18,Medium,True
532,Chikkamagaluru,5529,Kadur,216861.0,K.Bidre,609557,Muddenahalli,4,95.0,85.0,0.0,12.12913125,76.32334125,28.57142857142857,100,68.18,Medium,True
541,Kodagu,5568,Virajpet,218736.0,Chembe Bellur,618000,Devanageri,6,82.0,73.33333333333333,0.0,12.501760166666665,75.79872533333334,42.857142857142854,100,68.18,Medium,True
536,Dharwad,5473,Dharwad,217638.0,Hangarki,602207,Hangarki,7,75.0,68.57142857142857,0.0,15.310414285714286,75.20255885714286,50.0,100,68.11,Medium,True
630,Chikkaballapura,5595,Gauribidanur,218916.0,Vatadahosahalli,623300,Mopurahalli,4,99.0,70.0,0.0,13.384141249999999,77.68653175,28.57142857142857,100,68.08,Medium,True
535,Davanagere,5511,Jagalur,217628.0,Pallagatte,606441,Marikunte,5,89.0,76.0,0.0,14.529489799999999,75.8059758,35.714285714285715,100,68.04,Medium,True
546,Raichur,7101,Maski,219719.0,Maraladinni,600506,Maraldinni,5,91.0,68.0,0.0,16.1975098,77.3290624,35.714285714285715,100,67.94,Medium,True
534,Dakshina Kannada,7104,Kadaba,217349.0,Golithottu,617698,Konalu,5,91.0,68.0,0.0,12.7950818,75.07305240000001,35.714285714285715,100,67.94,Medium,True
527,Belagavi,5436,Gokak,215852.0,Duradundi,597431,Duradundi,5,91.0,68.0,0.0,15.866824400000002,74.6715778,35.714285714285715,100,67.94,Medium,True
548,Tumakuru,5534,Pavagada,220287.0,Y.N Hosakote,610527,Y.N.Hosakote,5,91.0,68.0,0.0,13.6667618,77.21009860000001,35.714285714285715,100,67.94,Medium,True
534,Dakshina Kannada,5561,Mangaluru,217288.0,Adyar,617511,Adyar (Ct),5,91.0,68.0,0.0,12.8526206,74.8206394,35.714285714285715,100,67.94,Medium,True
526,Bengaluru Rural,5602,Doddaballapura,215458.0,Hosahalli,624971,Byadarahalli,4,100.0,65.0,0.0,12.96218075,77.813034,28.57142857142857,100,67.93,Medium,True
630,Chikkaballapura,5598,Bagepalli,218763.0,Billur,623926,Narayanareddypalli,4,100.0,65.0,0.0,13.2581865,76.54800825,28.57142857142857,100,67.93,Medium,True
548,Tumakuru,5533,Sira,272822.0,Talagunda,610499,Chinnenahalli,4,100.0,65.0,0.0,13.33196325,77.11855725,28.57142857142857,100,67.93,Medium,True
542,Kolar,5592,Malur,218974.0,Kavala Giriyana Halli (K.G. Halli),622383,Halepalya,7,76.0,62.857142857142854,0.0,13.097149857142856,78.07706442857143,50.0,100,67.89,Medium,True
544,Mandya,5552,Malavalli,219287.0,Chottenahalli,614803,Chandahalli,4,97.0,75.0,0.0,12.58413325,77.04384,28.57142857142857,100,67.88,Medium,True
545,Mysuru,5574,Nanjangud,219599.0,Naviluru,619261,Muddahalli,10,72.0,66.0,1.0,12.1663792,76.4723788,71.42857142857143,50,67.87,Medium,True
527,Belagavi,7100,Kagwad,215647.0,Mangasuli,597288,Mangasuli,5,93.0,60.0,0.0,16.041375600000002,75.693903,35.714285714285715,100,67.84,Medium,True
542,Kolar,5591,Kolar,218930.0,Channasandra,621774,Balanagenahalli,5,93.0,60.0,0.0,13.0494336,78.17655119999999,35.714285714285715,100,67.84,Medium,True
539,Hassan,5560,Channarayapatna,218360.0,Noranakki,617094,Bindenahalli,5,93.0,60.0,0.0,13.014747199999999,76.0991082,35.714285714285715,100,67.84,Medium,True
546,Raichur,5463,Sindhnur,219819.0,Kalmangi,601065,Hirebhergi,4,98.0,70.0,0.0,16.18614075,76.65839525,28.57142857142857,100,67.73,Medium,True
526,Bengaluru Rural,5604,Hosakote,215476.0,Devanagundi,625747,Banarahalli,4,98.0,70.0,0.0,13.08505925,77.7689135,28.57142857142857,100,67.73,Medium,True
630,Chikkaballapura,5595,Gauribidanur,218883.0,Bevinahalli,623365,Doddamallekere,4,98.0,70.0,0.0,13.57991075,77.7875505,28.57142857142857,100,67.73,Medium,True
548,Tumakuru,5533,Sira,272822.0,Talagunda,610397,Devagondanahalli,4,98.0,70.0,0.0,13.302886,77.14284225,28.57142857142857,100,67.73,Medium,True
534,Dakshina Kannada,5565,Sulya,217377.0,Amara Mudnuru,617764,Amarapadnoor,7,92.0,80.0,1.0,12.677245714285714,75.03240642857143,50.0,50,67.7,Medium,True
545,Mysuru,5569,Piriyapatna,273339.0,Naviluru,618248,Bemmathi,8,88.0,65.0,1.0,12.282783875,76.548501,57.14285714285714,50,67.66,Medium,True
542,Kolar,5592,Malur,218978.0,Chokkandahalli,622138,Gangapura,5,89.0,72.0,0.0,13.0309686,78.26141319999999,35.714285714285715,100,67.64,Medium,True
548,Tumakuru,5534,Pavagada,220272.0,Nyayadagunte,610611,Gollanakunte,5,90.0,68.0,0.0,13.337482,77.0964712,35.714285714285715,100,67.59,Medium,True
630,Chikkaballapura,5600,Chintamani,218856.0,Kagathi,624650,Bachuvarihalli,4,99.0,65.0,0.0,13.25612325,76.52827925,28.57142857142857,100,67.58,Medium,True
548,Tumakuru,5537,Tumakuru,220354.0,Beladara,611357,Kenchanapalya,4,96.0,75.0,0.0,14.2506585,77.03629525,28.57142857142857,100,67.53,Medium,True
545,Mysuru,5574,Nanjangud,219576.0,Haginavalu,619146,Haginavalu,9,77.0,73.33333333333333,1.0,12.243774555555555,76.56986377777778,64.28571428571429,50,67.5,Medium,True
533,Chitradurga,5503,Molakalmuru,217188.0,J.B.Halli,605172,Hosahalli,5,92.0,60.0,0.0,14.112794,76.2828642,35.714285714285715,100,67.49,Medium,True
630,Chikkaballapura,5600,Chintamani,218872.0,Perumachana Halli,624590,Mylapura,6,81.0,70.0,0.0,13.398118333333334,77.715477,42.857142857142854,100,67.49,Medium,True
536,Dharwad,5473,Dharwad,217636.0,Garag,602214,Agasanahalli,6,80.0,73.33333333333333,0.0,15.436743,75.06963033333334,42.857142857142854,100,67.48,Medium,True
527,Belagavi,5435,Raybag,216072.0,Alagwadi,597401,Bastwad,6,79.0,76.66666666666667,0.0,15.916416333333332,74.5105085,42.857142857142854,100,67.46,Medium,True
529,Bidar,5455,Bhalki,216398.0,Talwad(K),599915,Kardhyal,4,100.0,60.0,0.0,17.65862475,77.41167175,28.57142857142857,100,67.43,Medium,True
542,Kolar,5591,Kolar,218939.0,Kondarajanahalli,622022,Ammerahalli,4,100.0,60.0,0.0,12.929631500000001,78.06880724999999,28.57142857142857,100,67.43,Medium,True
539,Hassan,5559,Hole Narsipur,218421.0,Kodihalli,616855,Kurubarahalli,4,100.0,60.0,0.0,13.328773,76.240604,28.57142857142857,100,67.43,Medium,True
545,Mysuru,5575,Tirumakudal - Narsipur,219643.0,Doddebagilu,619376,Doddabagilu,7,72.0,71.42857142857143,0.0,12.271462285714287,76.49171228571429,50.0,100,67.34,Medium,True
542,Kolar,5593,Bangarapet,218803.0,Inora Hosahalli,622497,Yaluvahalli,4,94.0,80.0,0.0,13.027191,78.22159175,28.57142857142857,100,67.33,Medium,True
542,Kolar,5592,Malur,218971.0,Hulimangala Hosakote (H.Hosakote),622229,Krishnapura,7,75.0,60.0,0.0,13.048877000000001,78.2579217142857,50.0,100,67.25,Medium,True
533,Chitradurga,5507,Hosdurga,217158.0,Doddagatta,605907,Goolihatti,3,100.0,86.66666666666667,0.0,14.210701,76.42380066666668,21.428571428571427,100,67.24,Medium,True
540,Haveri,5489,Shiggaon,218654.0,Kabanoor,603924,Kabanur,5,89.0,68.0,0.0,14.535539,75.60756119999999,35.714285714285715,100,67.24,Medium,True
536,Dharwad,5473,Dharwad,217636.0,Garag,602215,Garag,3,100.0,86.66666666666667,0.0,15.472957333333333,74.96843666666666,21.428571428571427,100,67.24,Medium,True
539,Hassan,5553,Sakleshpur,218434.0,Bage,614953,Yadehalli,3,100.0,86.66666666666667,0.0,12.624454,76.06177866666667,21.428571428571427,100,67.24,Medium,True
542,Kolar,5591,Kolar,218943.0,Madderi,621767,Madderi,5,89.0,68.0,0.0,12.9214348,78.093178,35.714285714285715,100,67.24,Medium,True
542,Kolar,5591,Kolar,218959.0,Vokkaleri,621864,Banakanahalli,6,83.0,60.0,0.0,13.0563385,78.2401225,42.857142857142854,100,67.19,Medium,True
631,Bengaluru South,5607,Channapatna,215416.0,Singarajapura,626326,Haniyur,7,74.0,62.857142857142854,0.0,12.71652342857143,77.28532499999999,50.0,100,67.19,Medium,True
539,Hassan,5557,Alur,218208.0,Kanathur,616490,Siddapura,6,82.0,63.333333333333336,0.0,13.289465,76.0407405,42.857142857142854,100,67.18,Medium,True
542,Kolar,5592,Malur,218961.0,Araleri,622226,Hulkur,6,82.0,63.333333333333336,0.0,12.903498666666666,78.115357,42.857142857142854,100,67.18,Medium,True
630,Chikkaballapura,5599,Sidlaghatta,219019.0,Anur,624221,Hithalahalli,6,81.0,66.66666666666667,0.0,13.402178999999999,77.69540233333333,42.857142857142854,100,67.16,Medium,True
533,Chitradurga,5506,Holalkere,217131.0,Gungiganur,605715,Sadarahalli,4,99.0,60.0,0.0,14.111278,76.28431075,28.57142857142857,100,67.08,Medium,True
531,Chamarajanagar,5576,Gundlupet,216710.0,Agathagowdanahalli,619474,Hakkalapura,4,99.0,60.0,0.0,11.928658,76.91463725,28.57142857142857,100,67.08,Medium,True
545,Mysuru,5575,Tirumakudal - Narsipur,219658.0,Maliyuru,619335,Kunthanahalli,4,99.0,60.0,0.0,12.1947215,76.91003875,28.57142857142857,100,67.08,Medium,True
545,Mysuru,5571,Krishnarajanagara,219500.0,Bheriya,618574,Sugganahalli,7,72.0,68.57142857142857,0.0,12.44839,76.470194,50.0,100,67.06,Medium,True
630,Chikkaballapura,5600,Chintamani,218856.0,Kagathi,624641,Kongathimmanahalli,4,96.0,70.0,0.0,13.600123,77.80082225,28.57142857142857,100,67.03,Medium,True
527,Belagavi,5437,Hukkeri,215897.0,Badakundhri,597612,Badkundri,7,71.0,71.42857142857143,0.0,15.763965142857144,74.599757,50.0,100,66.99,Medium,True
542,Kolar,5592,Malur,218964.0,Chickkakuntur,622401,Byrathanahallipura,5,86.0,76.0,0.0,13.174535,78.1627884,35.714285714285715,100,66.99,Medium,True
542,Kolar,5590,Srinivaspur,219053.0,Kodipalli,621447,Karipalli,7,71.0,71.42857142857143,0.0,12.89651542857143,78.09086728571428,50.0,100,66.99,Medium,True
538,Kalaburagi,5584,Sedam,218075.0,Malkhed,620496,Nrupathanga,6,100.0,73.33333333333333,1.0,17.122040833333333,76.97952783333334,42.857142857142854,50,66.98,Medium,True
539,Hassan,5557,Alur,218206.0,Hunasavalli,616380,Bellur,5,87.0,72.0,0.0,12.961630199999998,75.9693626,35.714285714285715,100,66.94,Medium,True
543,Koppal,5467,Koppal,273133.0,Vanaballari,601805,Wanballary,5,87.0,72.0,0.0,15.4454794,76.5493678,35.714285714285715,100,66.94,Medium,True
532,Chikkamagaluru,5527,Narasimharajapura,216955.0,Muthinakoppa,609049,Kusabur,5,87.0,72.0,0.0,12.1093224,76.3279308,35.714285714285715,100,66.94,Medium,True
536,Dharwad,5473,Dharwad,217638.0,Hangarki,602200,Khanapur-M-Tadakod,5,88.0,68.0,0.0,15.337776400000001,75.15436600000001,35.714285714285715,100,66.89,Medium,True
540,Haveri,5491,Hangal,218488.0,Gondi,604138,Gondi,5,88.0,68.0,0.0,14.5225322,75.7746432,35.714285714285715,100,66.89,Medium,True
542,Kolar,5593,Bangarapet,218813.0,Mava Halli,622648,Alaganahalli,5,88.0,68.0,0.0,13.398681199999999,78.232556,35.714285714285715,100,66.89,Medium,True
536,Dharwad,5476,Kalghatgi,217687.0,Bammigatti,602514,Nelliharvi,4,97.0,65.0,0.0,15.34874725,75.14320825,28.57142857142857,100,66.88,Medium,True
527,Belagavi,5436,Gokak,215863.0,Konnur (Rural),597440,Shivapur,6,82.0,60.0,0.0,16.364882833333333,74.7468945,42.857142857142854,100,66.84,Medium,True
550,Uttara Kannada,5483,Sirsi,220725.0,Hulekal,603124,Hancharata,5,89.0,64.0,0.0,15.157300000000001,74.4904588,35.714285714285715,100,66.84,Medium,True
550,Uttara Kannada,5480,Haliyal,220602.0,Bhagvati,602801,Bhimanalli,4,94.0,75.0,0.0,14.62487875,74.80843925,28.57142857142857,100,66.83,Medium,True
545,Mysuru,5574,Nanjangud,219591.0,Konanur,619301,Konanoor,6,80.0,66.66666666666667,0.0,12.2446015,75.6107235,42.857142857142854,100,66.81,Medium,True
536,Dharwad,5473,Dharwad,217664.0,Tegur,602210,Hale Tegur,6,80.0,66.66666666666667,0.0,15.502249999999998,75.275822,42.857142857142854,100,66.81,Medium,True
531,Chamarajanagar,5577,Chamarajanagar,216687.0,Jyothigowdanapura,924629,Nalluru Mole,6,80.0,66.66666666666667,0.0,11.925108166666666,76.91210266666667,42.857142857142854,100,66.81,Medium,True
542,Kolar,5591,Kolar,218928.0,Belamaranahalli,621822,Sonnenahalli,5,90.0,60.0,0.0,13.0414592,78.3948418,35.714285714285715,100,66.79,Medium,True
545,Mysuru,5570,Hunsur,219468.0,Aspathrekaval,618428,Rathnapuri,6,79.0,70.0,0.0,12.211136000000002,76.545888,42.857142857142854,100,66.79,Medium,True
530,Vijayapura,7073,Talikoti,216633.0,Bekinal,599440,Jalpur,6,78.0,73.33333333333333,0.0,16.843645666666667,75.71367233333334,42.857142857142854,100,66.78,Medium,True
545,Mysuru,5569,Piriyapatna,219630.0,Malangi,618277,Mummadikaval,7,72.0,65.71428571428571,0.0,12.204403142857144,76.50432042857143,50.0,100,66.77,Medium,True
527,Belagavi,5442,Ramdurg,216047.0,Haletorgal,598370,Mallapur,6,76.0,80.0,0.0,15.818819666666668,74.59213083333334,42.857142857142854,100,66.74,Medium,True
535,Davanagere,5514,Channagiri,217412.0,Doddabbigere,606964,Doddabbigere,6,76.0,80.0,0.0,14.441193833333335,75.93744600000001,42.857142857142854,100,66.74,Medium,True
545,Mysuru,7098,Saraguru,219439.0,B.Matakere,619114,Kudagi,4,98.0,60.0,0.0,12.2353505,76.38341299999999,28.57142857142857,100,66.73,Medium,True
542,Kolar,5590,Srinivaspur,219045.0,Addagal,621461,Kambalapalli,7,71.0,68.57142857142857,0.0,13.06161942857143,78.188156,50.0,100,66.71,Medium,True
545,Mysuru,5570,Hunsur,219493.0,Singaramaranahalli,618502,Devagalli,5,84.0,80.0,0.0,12.2284588,76.5555082,35.714285714285715,100,66.69,Medium,True
525,Bengaluru Urban,7103,Yelahanka,215356.0,Hesarughatta,612854,Dasenahalli,4,95.0,70.0,0.0,13.04272475,77.594205,28.57142857142857,100,66.68,Medium,True
527,Belagavi,7105,Nippani,215817.0,Manakapur,597147,Manakapur,4,95.0,70.0,0.0,15.980901750000001,74.499696,28.57142857142857,100,66.68,Medium,True
527,Belagavi,5440,Bailahongala,215766.0,Sangolli,598134,Garjur,5,85.0,76.0,0.0,15.937240399999999,74.5424418,35.714285714285715,100,66.64,Medium,True
545,Mysuru,7230,Saligrama,219521.0,Mayigowdanahally,618529,Ankanahalli,7,70.0,71.42857142857143,0.0,12.753648857142858,76.97241628571429,50.0,100,66.64,Medium,True
548,Tumakuru,5540,Turuvekere,220403.0,Lokammanahalli,612206,Neeragunda,4,92.0,80.0,0.0,13.50307875,77.128512,28.57142857142857,100,66.63,Medium,True
542,Kolar,5594,Mulbagal,219014.0,Tayalur,622963,Tirumanahalli,5,86.0,72.0,0.0,13.023574,78.14681420000001,35.714285714285715,100,66.59,Medium,True
539,Hassan,5554,Belur,218319.0,Narvepete,615107,Heggadde,3,100.0,80.0,0.0,13.009124666666667,76.08469533333333,21.428571428571427,100,66.57,Medium,True
527,Belagavi,5433,Chikodi,215808.0,Khadaklat,597203,Manuchiwadi,6,95.0,86.66666666666667,1.0,16.065150666666668,74.45084166666668,42.857142857142854,50,66.56,Medium,True
539,Hassan,5555,Arsikere,218255.0,Dummenahalli,615730,Adihalli,3,98.0,86.66666666666667,0.0,12.986319,76.10554033333334,21.428571428571427,100,66.54,Medium,True
542,Kolar,5593,Bangarapet,218794.0,Doddavalagamadi,622669,Iymarasapura,5,87.0,68.0,0.0,13.0508652,78.2087704,35.714285714285715,100,66.54,Medium,True
546,Raichur,5459,Lingasugur,273070.0,Chittapura,600409,Bendona,5,87.0,68.0,0.0,16.1784134,76.65809220000001,35.714285714285715,100,66.54,Medium,True
547,Shivamogga,5519,Tirthahalli,220076.0,Hunchadakatte,608059,Alur,3,98.0,86.66666666666667,0.0,13.506422,75.08025966666666,21.428571428571427,100,66.54,Medium,True
539,Hassan,5558,Arkalgud,218237.0,Mallipatna,616504,Shiradanahalli,4,96.0,65.0,0.0,13.32994025,76.250554,28.57142857142857,100,66.53,Medium,True
631,Bengaluru South,5605,Magadi,215550.0,Bittasandra,625883,Channohalli,4,96.0,65.0,0.0,12.67115025,77.21275775000001,28.57142857142857,100,66.53,Medium,True
547,Shivamogga,5521,Bhadravati,219862.0,Mavinakere,608625,Masarahalli,6,81.0,60.0,0.0,14.261718333333334,75.364343,42.857142857142854,100,66.49,Medium,True
545,Mysuru,5573,Heggadadevankote,219444.0,Chikkereyuru,618938,Doddakereyur,5,88.0,64.0,0.0,12.252111,76.4559778,35.714285714285715,100,66.49,Medium,True
544,Mandya,5547,Nagamangala,219379.0,Honnavara,613825,Satenahalli,5,88.0,64.0,0.0,12.2737794,77.122196,35.714285714285715,100,66.49,Medium,True
547,Shivamogga,5518,Hosanagara,219878.0,Baluru,607938,Nerala Mane,7,72.0,62.857142857142854,0.0,13.013126714285715,77.94037414285715,50.0,100,66.49,Medium,True
536,Dharwad,5473,Dharwad,217654.0,Maradagi,602314,Somapur (Allapur),4,93.0,75.0,0.0,15.36425925,75.0207485,28.57142857142857,100,66.48,Medium,True
531,Chamarajanagar,7077,Hanur,216740.0,Ajjipura,619866,Ajjipura,4,93.0,75.0,0.0,11.90751275,76.94676275,28.57142857142857,100,66.48,Medium,True
538,Kalaburagi,5584,Sedam,218068.0,Kodla,620538,Kodla,6,77.0,73.33333333333333,0.0,17.396876833333334,76.97945349999999,42.857142857142854,100,66.43,Medium,True
542,Kolar,5591,Kolar,218939.0,Kondarajanahalli,622017,Paparajanahalli,6,77.0,73.33333333333333,0.0,13.112348500000001,78.21803766666666,42.857142857142854,100,66.43,Medium,True
527,Belagavi,5440,Bailahongala,215761.0,Neginhal,598071,Kesarkoppa,8,83.0,70.0,1.0,15.9879405,74.495095625,57.14285714285714,50,66.41,Medium,True
539,Hassan,5559,Hole Narsipur,218423.0,Malali,616826,Parasanahalli,4,97.0,60.0,0.0,12.97194725,76.22790725,28.57142857142857,100,66.38,Medium,True
536,Dharwad,5476,Kalghatgi,217696.0,Galagi,602441,Galagi,7,70.0,68.57142857142857,0.0,15.359048428571429,75.1414972857143,50.0,100,66.36,Medium,True
546,Raichur,5459,Lingasugur,219727.0,Paidoddi,600459,Yarjanti,4,94.0,70.0,0.0,16.204197999999998,77.34954524999999,28.57142857142857,100,66.33,Medium,True
530,Vijayapura,5450,Indi,216576.0,Khyadagi,599262,Nagarhalli,4,91.0,80.0,0.0,16.853406999999997,75.74226399999999,28.57142857142857,100,66.28,Medium,True
536,Dharwad,7080,Annigeri,217753.0,Shisuvinahalli,602366,Dundur,8,84.0,65.0,1.0,15.38085925,74.94009,57.14285714285714,50,66.26,Medium,True
635,Yadgir,5588,Shahpur,218107.0,Mudbool,621087,Mudbole,5,85.0,72.0,0.0,16.3668746,76.39979459999999,35.714285714285715,100,66.24,Medium,True
544,Mandya,5550,Mandya,219358.0,Soonagahalli,614493,Hemmige,5,85.0,72.0,0.0,12.3981902,77.0811194,35.714285714285715,100,66.24,Medium,True
630,Chikkaballapura,5596,Chikkaballapura,218838.0,Manchana Bele,623571,Kamasettihalli,5,85.0,72.0,0.0,13.3985252,77.6848342,35.714285714285715,100,66.24,Medium,True
545,Mysuru,5569,Piriyapatna,219619.0,Doddakamaravalli,618094,Chamarayanakote,3,99.0,80.0,0.0,12.314343,76.65818733333333,21.428571428571427,100,66.22,Medium,True
542,Kolar,5592,Malur,218984.0,Shivarapatna,622120,Ramenahalli,5,86.0,68.0,0.0,13.324468999999999,78.32621520000001,35.714285714285715,100,66.19,Medium,True
630,Chikkaballapura,5600,Chintamani,218872.0,Perumachana Halli,624623,Konganahalli,3,97.0,86.66666666666667,0.0,13.371976333333334,77.68456066666666,21.428571428571427,100,66.19,Medium,True
548,Tumakuru,5541,Kunigal,220197.0,Kodavathi,612723,Bandihalli,4,95.0,65.0,0.0,13.35802275,77.09383125,28.57142857142857,100,66.18,Medium,True
548,Tumakuru,5541,Kunigal,220201.0,Madikehalli,612523,Madikehalli,4,95.0,65.0,0.0,13.52188325,77.26138125,28.57142857142857,100,66.18,Medium,True
536,Dharwad,5476,Kalghatgi,217708.0,Sulikatti,602478,Dimbavalli,4,95.0,65.0,0.0,15.3454385,75.168034,28.57142857142857,100,66.18,Medium,True
545,Mysuru,5569,Piriyapatna,219614.0,Chapparadahalli,618108,Vaddarabylakuppe,5,87.0,64.0,0.0,12.2055132,76.2710484,35.714285714285715,100,66.14,Medium,True
542,Kolar,5591,Kolar,218935.0,Holur,621947,Dadireddihalli,6,79.0,63.333333333333336,0.0,13.026101333333335,78.20273733333333,42.857142857142854,100,66.13,Medium,True
527,Belagavi,5437,Hukkeri,215921.0,Kot,597642,Dhondagatti,6,79.0,63.333333333333336,0.0,15.992641166666667,74.69172666666667,42.857142857142854,100,66.13,Medium,True
541,Kodagu,7124,Kushalnagar,218705.0,Hebbale,939026,Chinnanalli,6,78.0,66.66666666666667,0.0,12.428765499999999,75.73135516666666,42.857142857142854,100,66.11,Medium,True
545,Mysuru,5570,Hunsur,219483.0,Hirikyathanahalli,618296,Hirikyathanahalli,5,88.0,60.0,0.0,12.122069,76.7178952,35.714285714285715,100,66.09,Medium,True
532,Chikkamagaluru,5530,Chikkamagaluru,216830.0,Sindigere,609788,Boochenahallikaval,5,88.0,60.0,0.0,12.1149576,76.3466858,35.714285714285715,100,66.09,Medium,True
545,Mysuru,5573,Heggadadevankote,219449.0,Hebbalaguppe,618899,Heggadahalli,7,70.0,65.71428571428571,0.0,12.24004542857143,76.56782128571429,50.0,100,66.07,Medium,True
527,Belagavi,5439,Khanapur,215948.0,Bhurunaki,598015,Surapur,7,70.0,65.71428571428571,0.0,16.043944571428572,74.73395500000001,50.0,100,66.07,Medium,True
547,Shivamogga,5515,Sagar,219928.0,Sannashanubhog,607360,Marati,4,96.0,60.0,0.0,14.1783895,74.814122,28.57142857142857,100,66.03,Medium,True
542,Kolar,5592,Malur,218966.0,Dadinaikanahallidoddi,622368,Chikkasandra,5,82.0,80.0,0.0,13.409669,78.25365059999999,35.714285714285715,100,65.99,Medium,True
631,Bengaluru South,5605,Magadi,215559.0,Kannur,625817,Marasandra,4,93.0,70.0,0.0,12.5390715,77.40569400000001,28.57142857142857,100,65.98,Medium,True
534,Dakshina Kannada,7197,Ullala,217294.0,Belma,617515,Belma (Ct),4,93.0,70.0,0.0,12.9320085,75.06195875,28.57142857142857,100,65.98,Medium,True
538,Kalaburagi,7087,Kalagi,217941.0,Kodli,620426,Sunthan,4,90.0,80.0,0.0,16.24213425,77.56767775,28.57142857142857,100,65.93,Medium,True
538,Kalaburagi,5582,Kalaburagi,217992.0,Avarad B,620236,Awrad (B),8,83.0,65.0,1.0,17.314983875,76.816872875,57.14285714285714,50,65.91,Medium,True
526,Bengaluru Rural,5601,Nelamangala,215587.0,Maralakunte,624711,Yelekyathanahalli,3,100.0,73.33333333333333,0.0,13.096637999999999,77.38205833333332,21.428571428571427,100,65.9,Medium,True
539,Hassan,5558,Arkalgud,272840.0,Hanyalu,616760,Ragimarur,3,100.0,73.33333333333333,0.0,12.798855000000001,76.24188566666668,21.428571428571427,100,65.9,Medium,True
543,Koppal,7091,Kanakagiri,219091.0,Karadona,601669,Wadki,3,100.0,73.33333333333333,0.0,15.409855,76.53834333333333,21.428571428571427,100,65.9,Medium,True
548,Tumakuru,5540,Turuvekere,220395.0,Bitarahossalli,612431,Hanchihall,3,100.0,73.33333333333333,0.0,13.145275666666668,76.29600733333332,21.428571428571427,100,65.9,Medium,True
631,Bengaluru South,5608,Kanakapura,215541.0,Uyyamballi,626562,Cheelandavadi Forest,3,100.0,73.33333333333333,0.0,12.667434,77.18734466666666,21.428571428571427,100,65.9,Medium,True
539,Hassan,5555,Arsikere,218255.0,Dummenahalli,615728,Pura,3,100.0,73.33333333333333,0.0,12.799197666666666,76.06586433333334,21.428571428571427,100,65.9,Medium,True
539,Hassan,5554,Belur,218321.0,Sanyasihalli,615239,Mallapura,5,84.0,72.0,0.0,13.326944000000001,76.2552426,35.714285714285715,100,65.89,Medium,True
544,Mandya,5547,Nagamangala,219364.0,Anchechittanahalli,614015,Vaddarahalli,5,84.0,72.0,0.0,12.3538414,76.9561382,35.714285714285715,100,65.89,Medium,True
527,Belagavi,5439,Khanapur,215950.0,Chapagaon,597893,Shivoli,5,84.0,72.0,0.0,15.870119399999998,74.7773554,35.714285714285715,100,65.89,Medium,True
531,Chamarajanagar,7077,Hanur,216743.0,Chikkamalapura,619861,Uddanur,5,84.0,72.0,0.0,11.945584,76.913207,35.714285714285715,100,65.89,Medium,True
533,Chitradurga,5505,Chitradurga,217052.0,Alagavadi,605475,Alagavadi,3,98.0,80.0,0.0,12.985679666666668,77.563492,21.428571428571427,100,65.87,Medium,True
539,Hassan,5559,Hole Narsipur,218414.0,Halekote,616797,Amanichikkere,4,94.0,65.0,0.0,12.95775425,76.5515575,28.57142857142857,100,65.83,Medium,True
539,Hassan,5560,Channarayapatna,218334.0,Bekka,617376,Bekka,4,94.0,65.0,0.0,13.00990875,76.1052325,28.57142857142857,100,65.83,Medium,True
542,Kolar,5590,Srinivaspur,219058.0,Mastenahalli,621680,Gandlahalli,6,79.0,60.0,0.0,13.037411666666666,78.31672816666666,42.857142857142854,100,65.79,Medium,True
529,Bidar,5455,Bhalki,216385.0,Khatakchincholli,599941,Secundrabad,6,79.0,60.0,0.0,18.263191833333334,77.42193416666667,42.857142857142854,100,65.79,Medium,True
544,Mandya,5552,Malavalli,219285.0,Bydarahalli,614774,Gollarahalli,4,91.0,75.0,0.0,12.577456250000001,76.82430325,28.57142857142857,100,65.78,Medium,True
548,Tumakuru,5537,Tumakuru,220359.0,Devalaapura,611332,Palasandra,6,77.0,66.66666666666667,0.0,13.355022666666668,77.12391366666667,42.857142857142854,100,65.76,Medium,True
542,Kolar,5590,Srinivaspur,219060.0,Muttakapali,621700,Pathamuthakapalli,6,77.0,66.66666666666667,0.0,13.1233225,78.31148166666667,42.857142857142854,100,65.76,Medium,True
547,Shivamogga,5519,Tirthahalli,220093.0,Thirthamatturu,608295,Thirthamuthur,6,77.0,66.66666666666667,0.0,14.1811875,74.81657233333333,42.857142857142854,100,65.76,Medium,True
630,Chikkaballapura,5596,Chikkaballapura,218831.0,Doddapayalagurki,623507,Doddapyalagurki,6,76.0,70.0,0.0,13.6049895,77.77032616666666,42.857142857142854,100,65.74,Medium,True
527,Belagavi,5434,Athni,215621.0,Aigali,597330,Aigali,7,88.0,74.28571428571429,1.0,15.972187714285713,74.68919528571428,50.0,50,65.73,Medium,True
525,Bengaluru Urban,7103,Yelahanka,215367.0,Rajanukunte,612834,Adde Vishwanathapura,4,88.0,85.0,0.0,13.05956125,77.58473674999999,28.57142857142857,100,65.73,Medium,True
524,Bagalkote,5444,Bilgi,215213.0,Inam - Hanchinal,598493,Hanchinal(Inam),4,95.0,60.0,0.0,16.13687075,75.64915475000001,28.57142857142857,100,65.68,Medium,True
536,Dharwad,5473,Dharwad,217654.0,Maradagi,602313,Maradagi,4,95.0,60.0,0.0,15.397223,75.065755,28.57142857142857,100,65.68,Medium,True
527,Belagavi,5439,Khanapur,215963.0,Hiremunolli,597885,Chikkamanoli,4,95.0,60.0,0.0,15.72626625,74.63556025,28.57142857142857,100,65.68,Medium,True
542,Kolar,5592,Malur,218978.0,Chokkandahalli,622165,Hanumanthapura,4,95.0,60.0,0.0,13.05647075,78.31717375,28.57142857142857,100,65.68,Medium,True
525,Bengaluru Urban,7103,Yelahanka,272980.0,Sathanooru,612912,Sathnur,4,92.0,70.0,0.0,13.2512035,77.7009125,28.57142857142857,100,65.63,Medium,True
533,Chitradurga,5503,Molakalmuru,217193.0,Rampura,605163,Kerekondapura,4,92.0,70.0,0.0,14.123926,76.2419725,28.57142857142857,100,65.63,Medium,True
546,Raichur,5459,Lingasugur,219704.0,Bayyapur,600359,Komnur,4,92.0,70.0,0.0,15.7511045,76.58897325,28.57142857142857,100,65.63,Medium,True
542,Kolar,5594,Mulbagal,219000.0,H.Gollahalli,622880,Sangasandra,4,89.0,80.0,0.0,12.99729825,78.3177295,28.57142857142857,100,65.58,Medium,True
525,Bengaluru Urban,5543,Bengaluru South,272986.0,Nelaguli,613052,Ravugodlu,3,99.0,73.33333333333333,0.0,12.947884,77.56614533333334,21.428571428571427,100,65.55,Medium,True
526,Bengaluru Rural,5601,Nelamangala,215575.0,Agalakuppe,624728,Halenijagal,3,99.0,73.33333333333333,0.0,14.665274666666667,76.47508499999999,21.428571428571427,100,65.55,Medium,True
550,Uttara Kannada,5479,Supa,220754.0,Shingaragaon,602668,Miras Kumbeli,3,99.0,73.33333333333333,0.0,14.523250666666668,74.33174933333333,21.428571428571427,100,65.55,Medium,True
527,Belagavi,5438,Belagavi,215680.0,Bambarga,597670,Ningenhatti,5,83.0,72.0,0.0,16.1418568,74.51534819999999,35.714285714285715,100,65.54,Medium,True
534,Dakshina Kannada,5563,Beltangadi,217253.0,Charmadi,617675,Chibidre,5,83.0,72.0,0.0,12.772409999999999,75.03763799999999,35.714285714285715,100,65.54,Medium,True
543,Koppal,5466,Gangawati,219105.0,Vaddarahatti,601604,Baglapura,3,97.0,80.0,0.0,15.633149666666668,76.00056133333334,21.428571428571427,100,65.52,Medium,True
550,Uttara Kannada,5483,Sirsi,220732.0,Kodnagadde,603100,Mensi,5,84.0,68.0,0.0,14.856720000000001,74.1428094,35.714285714285715,100,65.49,Medium,True
548,Tumakuru,5538,Gubbi,220141.0,Kadaba,611902,Kommanahalli,4,93.0,65.0,0.0,13.35695825,77.1013305,28.57142857142857,100,65.48,Medium,True
538,Kalaburagi,5584,Sedam,218064.0,Handarki,620553,Hulgoal,6,78.0,60.0,0.0,17.318136499999998,76.80743816666667,42.857142857142854,100,65.44,Medium,True
548,Tumakuru,5541,Kunigal,220189.0,Herur,612595,Begur Amanikere,5,85.0,64.0,0.0,14.244684799999998,77.0552706,35.714285714285715,100,65.44,Medium,True
527,Belagavi,5436,Gokak,215869.0,Makkalageri,597487,Makkalageri,4,90.0,75.0,0.0,16.067832,74.50428475,28.57142857142857,100,65.43,Medium,True
527,Belagavi,7043,Kittur,215773.0,Ugarkhod,598092,Bachanakeri,6,76.0,66.66666666666667,0.0,16.004615166666667,74.63121650000001,42.857142857142854,100,65.41,Medium,True
538,Kalaburagi,7087,Kalagi,217935.0,Halcher,620421,Chinkunta,5,86.0,60.0,0.0,17.5093806,76.7126198,35.714285714285715,100,65.39,Medium,True
548,Tumakuru,5536,Koratagere,220169.0,Kollala,611227,Kolala,5,86.0,60.0,0.0,13.1161068,77.0996702,35.714285714285715,100,65.39,Medium,True
547,Shivamogga,5519,Tirthahalli,220092.0,Singinabidre,608127,Singanabidare,2,99.0,100.0,0.0,13.9161775,75.580015,14.285714285714285,100,65.36,Medium,True
524,Bagalkote,5447,Bagalkot,215182.0,Bagavati,598846,Kirasur,4,94.0,60.0,0.0,16.11707,75.66627325,28.57142857142857,100,65.33,Medium,True
533,Chitradurga,5503,Molakalmuru,217188.0,J.B.Halli,605153,Jilladagundi,4,94.0,60.0,0.0,14.13912725,76.24856175,28.57142857142857,100,65.33,Medium,True
533,Chitradurga,5506,Holalkere,217132.0,H.D.Pura,605779,Ramenahalli,4,94.0,60.0,0.0,14.122328,76.25095425,28.57142857142857,100,65.33,Medium,True
535,Davanagere,5514,Channagiri,217416.0,Guddada Kumarana Halli,606901,Malligenahalli,4,91.0,70.0,0.0,14.15038025,75.5496745,28.57142857142857,100,65.28,Medium,True
545,Mysuru,5570,Hunsur,273323.0,Moduru,618313,Modursannena Hallikaval,3,100.0,66.66666666666667,0.0,12.263247,76.50910433333333,21.428571428571427,100,65.24,Medium,True
542,Kolar,5593,Bangarapet,218817.0,Soolikunte,622477,Siddanahalli,5,81.0,76.0,0.0,13.108647999999999,78.4127698,35.714285714285715,100,65.24,Medium,True
543,Koppal,7092,Karatagi,219074.0,Bevinal,601679,Bevinhal,3,100.0,66.66666666666667,0.0,16.216489666666664,75.894563,21.428571428571427,100,65.24,Medium,True
538,Kalaburagi,5585,Chittapur,273173.0,Mugalanagaon,620637,Maha Nagar,5,81.0,76.0,0.0,17.3793126,76.6684682,35.714285714285715,100,65.24,Medium,True
539,Hassan,5557,Alur,218210.0,Kunduru,616437,Kundur,3,100.0,66.66666666666667,0.0,12.984003000000001,76.225429,21.428571428571427,100,65.24,Medium,True
544,Mandya,5551,Maddur,219251.0,Goravanahalli,614586,Channasandra,3,100.0,66.66666666666667,0.0,12.528705,76.88303033333334,21.428571428571427,100,65.24,Medium,True
548,Tumakuru,5533,Sira,220295.0,Dodda Agrahara,610435,Handimalku,4,88.0,80.0,0.0,13.2594355,76.52566125,28.57142857142857,100,65.23,Medium,True
541,Kodagu,5568,Virajpet,218732.0,Betoli,618004,Heggala,3,98.0,73.33333333333333,0.0,12.446787666666665,75.97168233333333,21.428571428571427,100,65.2,Medium,True
544,Mandya,5546,Krishnarajpet,219231.0,Santhebachahalli,613430,Doddakyathnahalli,3,98.0,73.33333333333333,0.0,12.531075333333334,76.89074133333334,21.428571428571427,100,65.2,Medium,True
524,Bagalkote,5446,Badami,215151.0,Cholachagud,598756,Cholachagudda,3,98.0,73.33333333333333,0.0,16.097898666666666,75.67125566666665,21.428571428571427,100,65.2,Medium,True
545,Mysuru,5575,Tirumakudal - Narsipur,219669.0,Ukkalagere,619347,Kallipura,8,78.0,75.0,1.0,12.568144125,76.473483125,57.14285714285714,50,65.16,Medium,True
538,Kalaburagi,5584,Sedam,218082.0,Telkur,620481,Habal (T),5,83.0,68.0,0.0,17.2719988,77.0482128,35.714285714285715,100,65.14,Medium,True
542,Kolar,5594,Mulbagal,219012.0,Rajendrahalli,623066,Kotrahalli,4,92.0,65.0,0.0,13.1193135,78.19791175,28.57142857142857,100,65.13,Medium,True
533,Chitradurga,5504,Challakere,217038.0,Nelagethanahatti,605246,Hirekere Kaval,4,92.0,65.0,0.0,14.1148625,76.263863,28.57142857142857,100,65.13,Medium,True
548,Tumakuru,5533,Sira,220307.0,Kotta,610367,Vojukunte,4,92.0,65.0,0.0,13.2055515,77.16492375,28.57142857142857,100,65.13,Medium,True
539,Hassan,5558,Arkalgud,218233.0,Katti Mallenahalli,616582,Kellur,4,92.0,65.0,0.0,12.900175749999999,76.39920075,28.57142857142857,100,65.13,Medium,True
630,Chikkaballapura,5595,Gauribidanur,218902.0,Kurudi,623198,Asudi,5,84.0,64.0,0.0,13.595144600000001,77.7926238,35.714285714285715,100,65.09,Medium,True
530,Vijayapura,7073,Talikoti,216498.0,Sasanur,599541,Chabanur,6,77.0,60.0,0.0,16.845434666666666,75.69196316666667,42.857142857142854,100,65.09,Medium,True
542,Kolar,7002,Kolar Gold Field,218807.0,Kangandlahalli,622813,Kachimittahalli,5,84.0,64.0,0.0,12.9984074,78.2341954,35.714285714285715,100,65.09,Medium,True
533,Chitradurga,5507,Hosdurga,217174.0,Madadakere,605935,Rangavvanahalli,5,84.0,64.0,0.0,13.006552600000001,77.5830292,35.714285714285715,100,65.09,Medium,True
527,Belagavi,5437,Hukkeri,215903.0,Daddi,597647,Daddi,6,76.0,63.333333333333336,0.0,15.920694166666665,74.55805966666667,42.857142857142854,100,65.08,Medium,True
527,Belagavi,5439,Khanapur,215992.0,Shiroli,597916,Degaon,6,76.0,63.333333333333336,0.0,16.170561166666666,74.49886066666666,42.857142857142854,100,65.08,Medium,True
538,Kalaburagi,5583,Chincholi,217947.0,Pastapur,620417,Khairtapur,6,75.0,66.66666666666667,0.0,17.278935833333335,77.03505783333334,42.857142857142854,100,65.06,Medium,True
543,Koppal,7091,Kanakagiri,219091.0,Karadona,601666,Katapur (Umli),8,77.0,77.5,1.0,15.23756975,75.990559875,57.14285714285714,50,65.06,Medium,True
538,Kalaburagi,7089,Yadrami,218032.0,Balbatti,620839,Amberkhed,6,75.0,66.66666666666667,0.0,17.122266,76.67168066666666,42.857142857142854,100,65.06,Medium,True
538,Kalaburagi,5584,Sedam,273192.0,Yadaga,620476,Yadga,6,75.0,66.66666666666667,0.0,17.2683185,76.56994433333334,42.857142857142854,100,65.06,Medium,True
630,Chikkaballapura,5595,Gauribidanur,218891.0,Gedare,623222,Singanahalli,5,85.0,60.0,0.0,13.2572034,76.5325154,35.714285714285715,100,65.04,Medium,True
542,Kolar,5590,Srinivaspur,219059.0,Mudinadagu,621401,Chikkevaripalli,5,77.0,88.0,0.0,13.0510018,78.258349,35.714285714285715,100,65.04,Medium,True
536,Dharwad,5476,Kalghatgi,217712.0,Tavargeri,602510,Yalavadal,5,85.0,60.0,0.0,15.2107362,75.0239302,35.714285714285715,100,65.04,Medium,True
542,Kolar,5590,Srinivaspur,219067.0,Thadigol,621581,Kanagamakalapalli,6,74.0,70.0,0.0,13.0392055,78.205252,42.857142857142854,100,65.04,Medium,True
545,Mysuru,5570,Hunsur,219491.0,Mulluru,618325,Hejjodlu,6,73.0,73.33333333333333,0.0,12.234997833333333,76.58798433333334,42.857142857142854,100,65.03,Medium,True
535,Davanagere,5512,Davanagere,217468.0,Bada,606701,Vantihal,4,93.0,60.0,0.0,14.45684575,75.91283874999999,28.57142857142857,100,64.98,Medium,True
529,Bidar,5455,Bhalki,216397.0,Siddeshwar,599926,Siddeshwar,6,98.0,60.0,1.0,18.3701265,77.329345,42.857142857142854,50,64.94,Medium,True
547,Shivamogga,5515,Sagar,219929.0,Shiravanthe,607177,Hosakoppa,4,90.0,70.0,0.0,13.91127425,75.57746075,28.57142857142857,100,64.93,Medium,True
547,Shivamogga,5516,Sorab,220043.0,Mutuguppe,607560,Gunda Setti Koppa,4,90.0,70.0,0.0,13.975594000000001,75.24801925,28.57142857142857,100,64.93,Medium,True
545,Mysuru,7230,Saligrama,273327.0,Sheegavalu,618511,Kalammana Koppalu,3,99.0,66.66666666666667,0.0,12.261575666666667,76.64686433333333,21.428571428571427,100,64.89,Medium,True
548,Tumakuru,5533,Sira,220298.0,Gopaladevarahalli,610459,Yaramadanahalli,3,99.0,66.66666666666667,0.0,13.521769333333333,76.43696866666666,21.428571428571427,100,64.89,Medium,True
542,Kolar,5592,Malur,218983.0,Santehalli,924717,Nidagatta,3,99.0,66.66666666666667,0.0,13.076298,78.13449866666667,21.428571428571427,100,64.89,Medium,True
542,Kolar,5592,Malur,218970.0,Huladenahalli,622291,Obatti,5,80.0,76.0,0.0,13.026734600000001,78.1488698,35.714285714285715,100,64.89,Medium,True
541,Kodagu,7124,Kushalnagar,218706.0,Kambibane,617964,Attur Nallur,3,99.0,66.66666666666667,0.0,12.211701333333332,75.78405333333333,21.428571428571427,100,64.89,Medium,True
549,Udupi,7068,Brahmavara,220536.0,Kota,608761,Giliyar,3,99.0,66.66666666666667,0.0,13.633331333333333,74.65763566666668,21.428571428571427,100,64.89,Medium,True
548,Tumakuru,5534,Pavagada,220269.0,Maridasanahalli,610548,Maridasanahalli,3,99.0,66.66666666666667,0.0,13.165447666666665,76.27081233333332,21.428571428571427,100,64.89,Medium,True
546,Raichur,5462,Manvi,219761.0,Nirmanvi,600995,Neermanvi,4,87.0,80.0,0.0,16.22025475,77.36255825,28.57142857142857,100,64.88,Medium,True
545,Mysuru,5573,Heggadadevankote,219463.0,Naganahalli,618890,Machanayakanahalli,4,87.0,80.0,0.0,12.2487905,76.600926,28.57142857142857,100,64.88,Medium,True
535,Davanagere,5512,Davanagere,217481.0,Iguru,606592,Giriyavvanahalli,4,87.0,80.0,0.0,14.47925125,75.90375875,28.57142857142857,100,64.88,Medium,True
542,Kolar,5592,Malur,218982.0,Rajenahalli,622307,Bakarahalli,3,97.0,73.33333333333333,0.0,13.024084333333333,78.21141266666667,21.428571428571427,100,64.85,Medium,True
538,Kalaburagi,7089,Yadrami,218059.0,Yalgod,620822,Yalgod,3,97.0,73.33333333333333,0.0,17.295823,76.889204,21.428571428571427,100,64.85,Medium,True
541,Kodagu,7125,Ponnampet,218754.0,Nalkeri,618073,Nalkeri,3,97.0,73.33333333333333,0.0,12.374418666666665,75.547383,21.428571428571427,100,64.85,Medium,True
630,Chikkaballapura,5596,Chikkaballapura,218826.0,Angarekhanahalli,623578,Hiriyannahalli,3,95.0,80.0,0.0,13.582571333333334,77.781144,21.428571428571427,100,64.82,Medium,True
544,Mandya,5546,Krishnarajpet,219225.0,Madapura,613361,Gondihalli,3,95.0,80.0,0.0,12.724608333333334,76.80379433333333,21.428571428571427,100,64.82,Medium,True
529,Bidar,5454,Basavakalyan,216366.0,Yerbag,599769,Yerbagh,5,82.0,68.0,0.0,15.8816352,74.5095374,35.714285714285715,100,64.79,Medium,True
542,Kolar,5594,Mulbagal,218999.0,Gummakal,623135,K.Byappalli,5,82.0,68.0,0.0,13.032548199999999,78.199367,35.714285714285715,100,64.79,Medium,True
548,Tumakuru,5541,Kunigal,220197.0,Kodavathi,612721,Kodavathi,2,100.0,90.0,0.0,13.341758,77.089597,14.285714285714285,100,64.71,Medium,True
543,Koppal,5466,Gangawati,219077.0,Chikkabenakal,601611,Yemmigudda,5,84.0,60.0,0.0,15.476151999999999,75.99155640000001,35.714285714285715,100,64.69,Medium,True
630,Chikkaballapura,5599,Sidlaghatta,219028.0,Hosapete,624296,Kalyapura,5,84.0,60.0,0.0,13.3993922,77.6913288,35.714285714285715,100,64.69,Medium,True
527,Belagavi,5436,Gokak,215845.0,Badigavad,597433,Badigwad,6,73.0,70.0,0.0,15.7228785,74.5251275,42.857142857142854,100,64.69,Medium,True
550,Uttara Kannada,5486,Siddapur,220695.0,Bidrakan,603682,Muttige (Kaval Koppa),5,84.0,60.0,0.0,14.7989346,74.1274116,35.714285714285715,100,64.69,Medium,True
542,Kolar,5594,Mulbagal,218997.0,Emmenatha,622955,Kannatha,6,72.0,73.33333333333333,0.0,13.087028833333333,78.1439905,42.857142857142854,100,64.68,Medium,True
542,Kolar,5593,Bangarapet,218802.0,Hunkunda,622656,Ganacharapura,6,72.0,73.33333333333333,0.0,13.0549265,78.21666233333333,42.857142857142854,100,64.68,Medium,True
535,Davanagere,5514,Channagiri,217435.0,Kogaluru,606939,Giriyapura,6,72.0,73.33333333333333,0.0,14.011706833333333,75.94404916666666,42.857142857142854,100,64.68,Medium,True
527,Belagavi,5439,Khanapur,215944.0,Bailur,597840,Thirthkunde,6,72.0,73.33333333333333,0.0,15.748648166666667,74.5253335,42.857142857142854,100,64.68,Medium,True
550,Uttara Kannada,5483,Sirsi,220729.0,Itguli,603143,Itaguli,4,92.0,60.0,0.0,14.636782,74.83397475,28.57142857142857,100,64.63,Medium,True
542,Kolar,5590,Srinivaspur,219051.0,Hodali,621601,Thamepalli,4,92.0,60.0,0.0,12.94961775,78.11547350000001,28.57142857142857,100,64.63,Medium,True
527,Belagavi,5442,Ramdurg,216055.0,K Junipeth,598373,Halolli,6,97.0,60.0,1.0,15.921809666666666,74.48072233333333,42.857142857142854,50,64.59,Medium,True
548,Tumakuru,5535,Madhugiri,220251.0,Reddyhalli,610672,Mallanaikanahalli,4,89.0,70.0,0.0,13.2606055,76.38884475,28.57142857142857,100,64.58,Medium,True
631,Bengaluru South,5606,Ramanagara,215610.0,Kailancha,626174,Kavanapura,4,89.0,70.0,0.0,12.56027575,77.43008775,28.57142857142857,100,64.58,Medium,True
538,Kalaburagi,5580,Aland,217921.0,Suntnoor,620087,Vaijapur,6,96.0,63.333333333333336,1.0,14.115283333333332,77.02561833333333,42.857142857142854,50,64.58,Medium,True
550,Uttara Kannada,5479,Supa,220752.0,Pradhani,602709,Sannamaga,4,89.0,70.0,0.0,14.812384999999999,74.14298275,28.57142857142857,100,64.58,Medium,True
529,Bidar,5454,Basavakalyan,216337.0,Chndkapur,599750,Laheshwar,3,100.0,60.0,0.0,18.047413666666667,77.23072733333333,21.428571428571427,100,64.57,Medium,True
527,Belagavi,5440,Bailahongala,215755.0,M. Nagalapur,598063,Mardinagalapur,3,96.0,73.33333333333333,0.0,16.069473666666667,74.76170933333333,21.428571428571427,100,64.5,Medium,True
529,Bidar,5454,Basavakalyan,216357.0,Narayanpur,599755,Narayanapur,3,96.0,73.33333333333333,0.0,17.803944333333334,76.86128433333333,21.428571428571427,100,64.5,Medium,True
631,Bengaluru South,5607,Channapatna,215418.0,Sulleri,626273,Ankushanahalli,3,96.0,73.33333333333333,0.0,13.109789666666666,77.15918766666665,21.428571428571427,100,64.5,Medium,True
527,Belagavi,5437,Hukkeri,215910.0,Hittani,597545,Shippur,5,80.0,72.0,0.0,15.8865432,74.83119839999999,35.714285714285715,100,64.49,Medium,True
542,Kolar,5593,Bangarapet,218803.0,Inora Hosahalli,622499,Karamangala,4,83.0,90.0,0.0,13.38336875,78.23738374999999,28.57142857142857,100,64.48,Medium,True
530,Vijayapura,5451,Sindgi,216663.0,Rampur .Pa,599365,Ganihar,3,94.0,80.0,0.0,16.819509666666665,75.723688,21.428571428571427,100,64.47,Medium,True
542,Kolar,5591,Kolar,218934.0,Harati,622087,Kenchapura,3,94.0,80.0,0.0,13.009762,78.20874200000002,21.428571428571427,100,64.47,Medium,True
544,Mandya,5548,Pandavapura,219393.0,Bannangadi,614142,Anthanahalli,5,81.0,68.0,0.0,12.2577476,77.1049408,35.714285714285715,100,64.44,Medium,True
544,Mandya,5551,Maddur,219267.0,Mallana Kuppe,614546,Mallanakuppe,4,90.0,65.0,0.0,12.49402075,77.03069625,28.57142857142857,100,64.43,Medium,True
542,Kolar,5594,Mulbagal,219011.0,Pichaguntlahalli,623018,Narasipurdinne,4,90.0,65.0,0.0,13.05191875,78.187603,28.57142857142857,100,64.43,Medium,True
542,Kolar,5592,Malur,218986.0,Thornahalli,622102,Thornahalli Agrahara,5,82.0,64.0,0.0,12.9416236,78.276543,35.714285714285715,100,64.39,Medium,True
544,Mandya,5551,Maddur,219255.0,Huthagere,614539,Byaladakere,6,75.0,60.0,0.0,12.656517000000001,76.63168366666666,42.857142857142854,100,64.39,Medium,True
533,Chitradurga,5508,Hiriyur,217118.0,Yelladakere,606195,Ulivinahal,4,87.0,75.0,0.0,13.005958249999999,77.55763875,28.57142857142857,100,64.38,Medium,True
630,Chikkaballapura,5595,Gauribidanur,218895.0,Kurubarahally,623268,Cheegatagere,4,87.0,75.0,0.0,13.3896585,77.67956649999999,28.57142857142857,100,64.38,Medium,True
542,Kolar,5590,Srinivaspur,219066.0,Somayajalapalli,621613,Somayajilapalli,6,73.0,66.66666666666667,0.0,13.085720666666667,78.169872,42.857142857142854,100,64.36,Medium,True
545,Mysuru,5574,Nanjangud,219565.0,Biligere,619211,Kalmahalli,6,73.0,66.66666666666667,0.0,12.214264833333333,76.5295895,42.857142857142854,100,64.36,Medium,True
542,Kolar,5593,Bangarapet,218799.0,Gullahalli,622588,Pura,6,73.0,66.66666666666667,0.0,13.063039333333334,78.16129033333333,42.857142857142854,100,64.36,Medium,True
545,Mysuru,5570,Hunsur,219471.0,Bilikere,618321,Biligere,6,72.0,70.0,0.0,12.332411333333333,76.32700883333334,42.857142857142854,100,64.34,Medium,True
527,Belagavi,5436,Gokak,215856.0,Hirenandi,597486,Herenandi,6,72.0,70.0,0.0,15.968779666666668,74.60223683333334,42.857142857142854,100,64.34,Medium,True
531,Chamarajanagar,5576,Gundlupet,216727.0,Kannegala,619567,Hangaladahosahalli,6,71.0,73.33333333333333,0.0,11.933999333333333,76.93043566666667,42.857142857142854,100,64.33,Medium,True
538,Kalaburagi,5583,Chincholi,217930.0,Chimanchod,620346,Narnal,7,84.0,74.28571428571429,1.0,17.165672285714287,76.7888192857143,50.0,50,64.33,Medium,True
542,Kolar,5592,Malur,218985.0,Tekal,622432,Seethahalli,5,76.0,84.0,0.0,13.0256496,78.312798,35.714285714285715,100,64.29,Medium,True
542,Kolar,7002,Kolar Gold Field,218812.0,Marikuppam,622694,Bynepalli,4,91.0,60.0,0.0,13.052550499999999,78.123201,28.57142857142857,100,64.28,Medium,True
538,Kalaburagi,5582,Kalaburagi,218016.0,Melkunda B,620288,Kadnal,4,88.0,70.0,0.0,17.1753465,76.54051975,28.57142857142857,100,64.23,Medium,True
526,Bengaluru Rural,5603,Devanahalli,215424.0,Anneshwara,910264,Yarrappanahalli (D),4,88.0,70.0,0.0,13.22669475,77.25706149999999,28.57142857142857,100,64.23,Medium,True
547,Shivamogga,5515,Sagar,219910.0,Bhimaneri,607138,Talakalale,4,88.0,70.0,0.0,14.24932325,75.3758665,28.57142857142857,100,64.23,Medium,True
630,Chikkaballapura,5599,Sidlaghatta,219039.0,Sadali,624019,Sonaganahalli,3,99.0,60.0,0.0,13.583219,77.78176533333333,21.428571428571427,100,64.22,Medium,True
548,Tumakuru,5535,Madhugiri,220244.0,Maruvekere,610819,Bandrehalli,3,99.0,60.0,0.0,13.881162333333334,76.914102,21.428571428571427,100,64.22,Medium,True
548,Tumakuru,5534,Pavagada,272811.0,Kodamadagu,610640,Sunkarlakunte,3,95.0,73.33333333333333,0.0,13.639094,77.22147033333333,21.428571428571427,100,64.15,Medium,True
545,Mysuru,7230,Saligrama,219522.0,Melur,618550,Yalemuddanahalli,5,79.0,72.0,0.0,12.2180004,76.5088762,35.714285714285715,100,64.14,Medium,True
542,Kolar,5592,Malur,218980.0,Nosagere,622179,Nosagere,5,80.0,68.0,0.0,12.9006224,78.071119,35.714285714285715,100,64.09,Medium,True
631,Bengaluru South,5605,Magadi,215547.0,Banavadi,625861,Udakunte,3,91.0,86.66666666666667,0.0,12.716650999999999,77.287854,21.428571428571427,100,64.09,Medium,True
538,Kalaburagi,7090,Kamalapur,217929.0,Chengta,620340,Dhuttarga,5,80.0,68.0,0.0,17.306387,76.91906780000001,35.714285714285715,100,64.09,Medium,True
532,Chikkamagaluru,7078,Ajjampura,216977.0,Bukkambudi,609228,Billahalli,4,89.0,65.0,0.0,12.132438,76.31307525,28.57142857142857,100,64.08,Medium,True
542,Kolar,5590,Srinivaspur,219056.0,Lakshmipura,621495,Gowdathatagadde,5,81.0,64.0,0.0,12.972005200000002,78.1621122,35.714285714285715,100,64.04,Medium,True
631,Bengaluru South,5607,Channapatna,215397.0,Chekkere,626231,Koornagere,5,99.0,76.0,1.0,12.5627358,77.4372304,35.714285714285715,50,64.04,Medium,True
545,Mysuru,5574,Nanjangud,219590.0,Kasuvinahalli,619268,Makanapura,6,73.0,63.333333333333336,0.0,12.193091166666667,76.90901116666667,42.857142857142854,100,64.03,Medium,True
540,Haveri,5493,Byadgi,218462.0,Chikkabasur,604290,Chikkabasur,2,98.0,90.0,0.0,14.530852,75.7967845,14.285714285714285,100,64.01,Medium,True
538,Kalaburagi,5583,Chincholi,273166.0,Kupanoor,620446,Penchganpalli,6,72.0,66.66666666666667,0.0,17.430839000000002,76.7901705,42.857142857142854,100,64.01,Medium,True
539,Hassan,5560,Channarayapatna,218356.0,Mathigatta,617348,Mathigatta,6,72.0,66.66666666666667,0.0,13.321048499999998,76.27523133333334,42.857142857142854,100,64.01,Medium,True
531,Chamarajanagar,5577,Chamarajanagar,216706.0,Udigala,619693,Haraganapura,6,72.0,66.66666666666667,0.0,11.937001166666667,76.914721,42.857142857142854,100,64.01,Medium,True
542,Kolar,5593,Bangarapet,218811.0,Magondi,622521,Kadirenahalli,6,71.0,70.0,0.0,13.006893499999999,78.366523,42.857142857142854,100,63.99,Medium,True
538,Kalaburagi,7090,Kamalapur,273161.0,Muddadaga,619990,Murdi,6,71.0,70.0,0.0,17.1588995,76.906719,42.857142857142854,100,63.99,Medium,True
545,Mysuru,5572,Mysuru,219550.0,Marballi,618774,Arasinakere,6,71.0,70.0,0.0,12.301458833333333,76.54541716666667,42.857142857142854,100,63.99,Medium,True
546,Raichur,5463,Sindhnur,219821.0,Madasirwar,601205,Kaggal - (D),5,100.0,72.0,1.0,16.0117386,76.4259294,35.714285714285715,50,63.99,Medium,True
527,Belagavi,7099,Mudalgi,215882.0,Shivapur (H),597420,Shivapur,9,81.0,68.88888888888889,2.0,15.738033777777778,74.53726911111112,64.28571428571429,20,63.95,Medium,True
527,Belagavi,5442,Ramdurg,216047.0,Haletorgal,598375,Haletoragal,5,76.0,80.0,0.0,16.148956000000002,74.59107,35.714285714285715,100,63.89,Medium,True
548,Tumakuru,5536,Koratagere,220166.0,Hanchihalli,611087,Nagenhalli G.,4,87.0,70.0,0.0,13.149080999999999,76.557447,28.57142857142857,100,63.88,Medium,True
630,Chikkaballapura,5600,Chintamani,218861.0,Korlaparthi,624360,Yaramareddihalli,3,98.0,60.0,0.0,13.592858333333334,77.77663133333334,21.428571428571427,100,63.87,Medium,True
547,Shivamogga,5518,Hosanagara,219886.0,Jeni,607862,Churda,3,98.0,60.0,0.0,13.916338000000001,75.57615333333332,21.428571428571427,100,63.87,Medium,True
630,Chikkaballapura,5596,Chikkaballapura,218829.0,Dibburu,623579,Nellimaradahalli,3,98.0,60.0,0.0,13.374613666666667,77.71818166666667,21.428571428571427,100,63.87,Medium,True
538,Kalaburagi,7087,Kalagi,217989.0,Tengli,620610,Tengli,6,93.0,66.66666666666667,1.0,17.251811333333332,77.01828533333334,42.857142857142854,50,63.86,Medium,True
545,Mysuru,5573,Heggadadevankote,219436.0,Alanahalli,618906,Thotahalli,3,96.0,66.66666666666667,0.0,13.042156666666665,77.57974033333333,21.428571428571427,100,63.84,Medium,True
545,Mysuru,5572,Mysuru,219551.0,Mosambayanahalli,618808,Marashettyhalli,3,96.0,66.66666666666667,0.0,12.290394,76.62377266666667,21.428571428571427,100,63.84,Medium,True
539,Hassan,5555,Arsikere,218274.0,Kondenalu,615824,Ugranahalli,5,77.0,76.0,0.0,12.906426999999999,76.36549260000001,35.714285714285715,100,63.84,Medium,True
548,Tumakuru,5533,Sira,272822.0,Talagunda,610476,Doddachikkanahalli,4,84.0,80.0,0.0,12.831410250000001,77.02142649999999,28.57142857142857,100,63.83,Medium,True
548,Tumakuru,5540,Turuvekere,220398.0,Goni Tumkur,612337,Goni Tumkur,3,94.0,73.33333333333333,0.0,13.587034000000001,76.98690733333332,21.428571428571427,100,63.8,Medium,True
542,Kolar,5591,Kolar,218927.0,Beglihosahalli,622040,Chinnenahalli,3,94.0,73.33333333333333,0.0,12.972445,78.32829166666666,21.428571428571427,100,63.8,Medium,True
544,Mandya,5550,Mandya,219350.0,Mangala,614485,Mangala,3,94.0,73.33333333333333,0.0,12.869493,76.61259366666667,21.428571428571427,100,63.8,Medium,True
539,Hassan,5556,Hassan,218383.0,Huvinahalli Kaval,616039,Mugalur,3,94.0,73.33333333333333,0.0,13.011594333333333,76.11155833333333,21.428571428571427,100,63.8,Medium,True
530,Vijayapura,5450,Indi,216590.0,Salotagi,599271,Ramanagar,3,92.0,80.0,0.0,17.187729,75.96306500000001,21.428571428571427,100,63.77,Medium,True
539,Hassan,5555,Arsikere,218253.0,Chogachagere,615815,Yaraganalu,3,90.0,86.66666666666667,0.0,13.319797666666666,76.25150000000001,21.428571428571427,100,63.74,Medium,True
543,Koppal,5467,Koppal,219114.0,Bisaralli,601723,Mainahalli,4,88.0,65.0,0.0,15.358478,76.14093224999999,28.57142857142857,100,63.73,Medium,True
536,Dharwad,5475,Hubballi,217672.0,Byahatti,602389,Byahatti,4,88.0,65.0,0.0,15.4160995,75.22050825,28.57142857142857,100,63.73,Medium,True
538,Kalaburagi,7087,Kalagi,217950.0,Rummangod,620406,Rummungud,6,73.0,60.0,0.0,14.136497,77.01605066666667,42.857142857142854,100,63.69,Medium,True
545,Mysuru,7098,Saraguru,273303.0,Hadanuru,619118,Alalahalli,5,80.0,64.0,0.0,12.2366272,76.8562622,35.714285714285715,100,63.69,Medium,True
527,Belagavi,5438,Belagavi,215723.0,Uchangaon,597718,Uchagaon,4,85.0,75.0,0.0,15.8817805,74.5132555,28.57142857142857,100,63.68,Medium,True
527,Belagavi,7099,Mudalgi,215849.0,Dharmatti,597425,Dharmatti,6,72.0,63.333333333333336,0.0,15.849085666666667,74.54098633333334,42.857142857142854,100,63.68,Medium,True
531,Chamarajanagar,5577,Chamarajanagar,216692.0,Kudluru,924892,Doddarayapete,6,72.0,63.333333333333336,0.0,11.935042333333334,76.94723549999999,42.857142857142854,100,63.68,Medium,True
539,Hassan,5558,Arkalgud,218243.0,Vijapura Forest,616508,Hosahalli,4,85.0,75.0,0.0,13.3958475,76.1473525,28.57142857142857,100,63.68,Medium,True
533,Chitradurga,5503,Molakalmuru,217187.0,Herekerehalli,605190,Guddadahalli,4,85.0,75.0,0.0,14.14497775,76.24425,28.57142857142857,100,63.68,Medium,True
547,Shivamogga,5517,Shikarpur,219941.0,Arasinagere,607827,Madravalli,2,97.0,90.0,0.0,13.853318999999999,75.69762800000001,14.285714285714285,100,63.66,Medium,True
548,Tumakuru,5536,Koratagere,220162.0,Budagavi,611021,Kumatenahalli,6,71.0,66.66666666666667,0.0,13.178541000000001,76.68242933333333,42.857142857142854,100,63.66,Medium,True
545,Mysuru,5574,Nanjangud,219580.0,Hediyala,619176,Amakahalli,6,71.0,66.66666666666667,0.0,12.225844333333333,76.258747,42.857142857142854,100,63.66,Medium,True
530,Vijayapura,7069,Babaleshwar,216528.0,Hosur,599144,Chikka-Galagali,6,71.0,66.66666666666667,0.0,17.166183833333335,75.95726483333333,42.857142857142854,100,63.66,Medium,True
630,Chikkaballapura,5600,Chintamani,218865.0,Mitta Halli,624346,Appasanihalli,5,81.0,60.0,0.0,13.2753206,76.5550088,35.714285714285715,100,63.64,Medium,True
527,Belagavi,5437,Hukkeri,215905.0,Gotur,597570,Sankeshwar (R),6,70.0,70.0,0.0,15.871475333333334,74.54497633333334,42.857142857142854,100,63.64,Medium,True
539,Hassan,5555,Arsikere,218277.0,Madalu,615620,Yachagondanahalli,4,89.0,60.0,0.0,13.30827225,76.26593375,28.57142857142857,100,63.58,Medium,True
542,Kolar,7002,Kolar Gold Field,218822.0,Vengasandra,622783,Thathepalli,6,93.0,63.333333333333336,1.0,13.4414145,78.2265615,42.857142857142854,50,63.53,Medium,True
630,Chikkaballapura,5598,Bagepalli,218774.0,Mittemari,623894,Chakkampalli,3,97.0,60.0,0.0,13.386283,77.68046433333335,21.428571428571427,100,63.52,Medium,True
548,Tumakuru,5539,Tiptur,220335.0,Hindiskere,612036,Katigenahalli,3,97.0,60.0,0.0,12.917727666666666,76.921099,21.428571428571427,100,63.52,Medium,True
545,Mysuru,5573,Heggadadevankote,219446.0,G.B.Saragur,618910,Gollanabeedusaragur,3,97.0,60.0,0.0,12.381799333333333,76.50796100000001,21.428571428571427,100,63.52,Medium,True
548,Tumakuru,5539,Tiptur,220339.0,Karadi,612081,Bommenahalli,3,97.0,60.0,0.0,13.231107,77.17079666666667,21.428571428571427,100,63.52,Medium,True
542,Kolar,7002,Kolar Gold Field,218812.0,Marikuppam,622759,Kambampalli,8,74.0,72.5,1.0,12.95982825,78.23596275,57.14285714285714,50,63.51,Medium,True
539,Hassan,5560,Channarayapatna,218342.0,Gulasinda,617199,Kuruvanka,5,76.0,76.0,0.0,13.0166664,76.12535199999999,35.714285714285715,100,63.49,Medium,True
527,Belagavi,5435,Raybag,216080.0,Handigund,597412,Handigund,3,95.0,66.66666666666667,0.0,15.992657666666666,74.66433633333334,21.428571428571427,100,63.49,Medium,True
550,Uttara Kannada,5488,Bhatkal,220585.0,Hadavalli,603846,Hasarvalli,3,95.0,66.66666666666667,0.0,14.811735333333333,74.11872699999999,21.428571428571427,100,63.49,Medium,True
538,Kalaburagi,5583,Chincholi,217955.0,Sulepet,620438,Sulepeth,3,95.0,66.66666666666667,0.0,17.343676,76.83474033333333,21.428571428571427,100,63.49,Medium,True
539,Hassan,5559,Hole Narsipur,218425.0,Paduvalahippe,616883,Makavalli,3,95.0,66.66666666666667,0.0,12.754948333333333,76.06623166666667,21.428571428571427,100,63.49,Medium,True
534,Dakshina Kannada,5565,Sulya,217398.0,Ubaradka Mithuru,617767,Ubaradka Mittur,6,90.0,73.33333333333333,1.0,12.876666666666667,74.8247845,42.857142857142854,50,63.48,Medium,True
548,Tumakuru,5537,Tumakuru,220382.0,Nidavallalu,611528,Karenahalli,3,93.0,73.33333333333333,0.0,13.248390666666666,76.37491833333333,21.428571428571427,100,63.45,Medium,True
526,Bengaluru Rural,5603,Devanahalli,215437.0,Karahalli,625251,Thylagere,3,93.0,73.33333333333333,0.0,13.111292333333333,77.39742433333333,21.428571428571427,100,63.45,Medium,True
544,Mandya,5546,Krishnarajpet,219220.0,Hariharapura,613569,Thernenahalli,3,93.0,73.33333333333333,0.0,12.586724666666667,76.84054866666666,21.428571428571427,100,63.45,Medium,True
547,Shivamogga,5519,Tirthahalli,220076.0,Hunchadakatte,608055,Humchadakatte,5,77.0,72.0,0.0,14.190665200000002,74.818665,35.714285714285715,100,63.44,Medium,True
542,Kolar,5594,Mulbagal,219008.0,Mudiyanur,622866,Chikkanadinne,5,78.0,68.0,0.0,13.064181600000001,78.1788694,35.714285714285715,100,63.39,Medium,True
544,Mandya,5550,Mandya,219319.0,Alakere,614374,Alakere,2,99.0,80.0,0.0,12.805087499999999,76.7595295,14.285714285714285,100,63.36,Medium,True
550,Uttara Kannada,5484,Ankola,220577.0,Mogta,603393,Takatgeri,2,99.0,80.0,0.0,14.1761235,74.48313250000001,14.285714285714285,100,63.36,Medium,True
546,Raichur,5460,Devadurga,219689.0,Koppar,600607,Hunur,2,99.0,80.0,0.0,16.2110685,77.338317,14.285714285714285,100,63.36,Medium,True
550,Uttara Kannada,5480,Haliyal,220604.0,Chibbalgeri`,602859,Guttibail,2,99.0,80.0,0.0,14.968171,74.70926,14.285714285714285,100,63.36,Medium,True
527,Belagavi,5438,Belagavi,215705.0,Mandoli,597728,Hangarge,5,97.0,76.0,1.0,15.878107,74.7007284,35.714285714285715,50,63.34,Medium,True
542,Kolar,5594,Mulbagal,218991.0,Angondahalli,622951,Hosa Nagenahalli,6,70.0,66.66666666666667,0.0,12.857363333333334,78.19675,42.857142857142854,100,63.31,Medium,True
630,Chikkaballapura,5600,Chintamani,218848.0,Bhommisettihalli,624479,Bhoomi Setti Halli,6,70.0,66.66666666666667,0.0,13.571158333333335,77.801892,42.857142857142854,100,63.31,Medium,True
548,Tumakuru,5540,Turuvekere,220410.0,Sampige,612271,Veerasagara,4,88.0,60.0,0.0,13.35142975,77.11904025,28.57142857142857,100,63.23,Medium,True
527,Belagavi,5439,Khanapur,215986.0,Nilawade,597829,Mugawade,4,88.0,60.0,0.0,16.01879275,74.50072625,28.57142857142857,100,63.23,Medium,True
631,Bengaluru South,5607,Channapatna,215416.0,Singarajapura,626324,Byrasettihalli,4,88.0,60.0,0.0,12.9385035,77.24217475,28.57142857142857,100,63.23,Medium,True
542,Kolar,5594,Mulbagal,219017.0,Uttanur,622890,V.Nagireddihalli,4,85.0,70.0,0.0,13.04044025,78.25331275,28.57142857142857,100,63.18,Medium,True
545,Mysuru,5574,Nanjangud,219574.0,Hadinaru,619198,Hadinaru,4,85.0,70.0,0.0,12.276308499999999,76.57679125,28.57142857142857,100,63.18,Medium,True
542,Kolar,5594,Mulbagal,218999.0,Gummakal,623116,Kasuvuganahalli,4,85.0,70.0,0.0,13.091053,78.17390449999999,28.57142857142857,100,63.18,Medium,True
539,Hassan,5558,Arkalgud,218237.0,Mallipatna,616510,Majjigepura,4,85.0,70.0,0.0,12.99558075,76.2084625,28.57142857142857,100,63.18,Medium,True
533,Chitradurga,5507,Hosdurga,217160.0,Doddathekalavatti,606032,Doddathekalavatti,3,96.0,60.0,0.0,14.214087,76.41755133333334,21.428571428571427,100,63.17,Medium,True
544,Mandya,5550,Mandya,219348.0,Kothathi,614472,Mothahalli,3,96.0,60.0,0.0,12.64249,77.00646333333333,21.428571428571427,100,63.17,Medium,True
527,Belagavi,5437,Hukkeri,215922.0,Kotabagi,597595,Kotabagi,3,96.0,60.0,0.0,16.350882333333335,74.98310633333334,21.428571428571427,100,63.17,Medium,True
550,Uttara Kannada,5487,Honavar,220635.0,Mavinkurve,603784,Hosad,3,94.0,66.66666666666667,0.0,14.962439000000002,74.72312166666667,21.428571428571427,100,63.14,Medium,True
546,Raichur,7101,Maski,219717.0,Kannal,600512,Timmapur,4,82.0,80.0,0.0,15.99260525,77.04561425,28.57142857142857,100,63.13,Medium,True
630,Chikkaballapura,5600,Chintamani,218877.0,Upparapet,624569,Amitiganahalli,4,82.0,80.0,0.0,13.259511,76.53371275,28.57142857142857,100,63.13,Medium,True
630,Chikkaballapura,5597,Gudibanda,218923.0,Yellod,623683,Bullasandra,3,92.0,73.33333333333333,0.0,13.57088,77.79359699999999,21.428571428571427,100,63.1,Medium,True
533,Chitradurga,5507,Hosdurga,217149.0,Anivala,605858,Ballekere,3,92.0,73.33333333333333,0.0,14.22669,76.41778266666667,21.428571428571427,100,63.1,Medium,True
539,Hassan,5556,Hassan,218405.0,Ugane,615878,Chinnenahalli,5,76.0,72.0,0.0,13.297631200000001,76.0657766,35.714285714285715,100,63.09,Medium,True
539,Hassan,5553,Sakleshpur,218441.0,Halasulige,614881,Magadi,5,76.0,72.0,0.0,12.643366199999999,76.2698222,35.714285714285715,100,63.09,Medium,True
526,Bengaluru Rural,5601,Nelamangala,215589.0,Shivagange,624769,Gollarahatte,3,88.0,86.66666666666667,0.0,12.983953999999999,77.58975166666666,21.428571428571427,100,63.04,Medium,True
538,Kalaburagi,5585,Chittapur,217957.0,Alolli,620692,Dandgund,3,88.0,86.66666666666667,0.0,17.410988666666668,76.73666766666666,21.428571428571427,100,63.04,Medium,True
530,Vijayapura,7069,Babaleshwar,216525.0,Honaganhalli,599115,Honaganahalli,4,86.0,65.0,0.0,17.1638195,75.947553,28.57142857142857,100,63.03,Medium,True
526,Bengaluru Rural,5602,Doddaballapura,215467.0,Melekote,625055,Chikkarayappanahalli,2,98.0,80.0,0.0,12.9694995,77.79908499999999,14.285714285714285,100,63.01,Medium,True
532,Chikkamagaluru,7078,Ajjampura,216977.0,Bukkambudi,609248,Hariyanahalli,2,98.0,80.0,0.0,12.137479500000001,76.320946,14.285714285714285,100,63.01,Medium,True
542,Kolar,5592,Malur,218961.0,Araleri,622195,Kundenahalli,2,98.0,80.0,0.0,13.0613075,78.327834,14.285714285714285,100,63.01,Medium,True
547,Shivamogga,5520,Shivamogga,219995.0,Hosahalli,608472,Hosakoppa,5,78.0,64.0,0.0,14.080335199999999,75.3925278,35.714285714285715,100,62.99,Medium,True
542,Kolar,5594,Mulbagal,219011.0,Pichaguntlahalli,623127,Chokkadoddi,5,78.0,64.0,0.0,12.989837399999999,78.0828444,35.714285714285715,100,62.99,Medium,True
542,Kolar,5590,Srinivaspur,219051.0,Hodali,621608,Gopalapura,6,71.0,60.0,0.0,12.969463500000002,78.32835766666666,42.857142857142854,100,62.99,Medium,True
542,Kolar,5594,Mulbagal,219015.0,Thimmaravuthanahalli,623164,Vegamadagu,4,83.0,75.0,0.0,13.3934095,78.2499425,28.57142857142857,100,62.98,Medium,True
548,Tumakuru,5537,Tumakuru,220381.0,Nelahal,611248,Giriyanahalli,2,95.0,90.0,0.0,13.326436000000001,77.1217425,14.285714285714285,100,62.96,Medium,True
548,Tumakuru,5535,Madhugiri,220231.0,Ganjalagunte,610816,Shambonahalli,4,87.0,60.0,0.0,13.20556275,77.18006525,28.57142857142857,100,62.88,Medium,True
550,Uttara Kannada,5486,Siddapur,220698.0,Haarsikatta,603569,Hutagar ( Muthalli ),1,100.0,100.0,0.0,14.442933,74.422159,7.142857142857142,100,62.86,Medium,True
545,Mysuru,5575,Tirumakudal - Narsipur,219655.0,Kolathuru,619366,Naragyathanahalli,7,79.0,77.14285714285714,1.0,12.360591285714287,76.52882971428572,50.0,50,62.86,Medium,True
545,Mysuru,5569,Piriyapatna,273336.0,Haranahalli,618105,Adagoor,4,84.0,70.0,0.0,12.25914725,75.86453575,28.57142857142857,100,62.83,Medium,True
546,Raichur,7403,Arakera,219692.0,Maladakal,600685,Govindpalli,3,95.0,60.0,0.0,16.287643,77.15466433333334,21.428571428571427,100,62.82,Medium,True
550,Uttara Kannada,5481,Yellapur,220760.0,Idgundi,602928,Kelashi,3,95.0,60.0,0.0,15.320022333333332,74.775057,21.428571428571427,100,62.82,Medium,True
533,Chitradurga,5505,Chitradurga,217066.0,Hireguntanur,605555,Chikkaguntanur,3,95.0,60.0,0.0,14.089802,76.26980433333334,21.428571428571427,100,62.82,Medium,True
548,Tumakuru,5535,Madhugiri,220222.0,Channenahalli,610703,Hosahalli,3,95.0,60.0,0.0,13.673475999999999,77.20969699999999,21.428571428571427,100,62.82,Medium,True
542,Kolar,7002,Kolar Gold Field,218814.0,N.G.Hulkooru,938868,Gangadoddi,6,90.0,66.66666666666667,1.0,13.170379333333335,78.382938,42.857142857142854,50,62.81,Medium,True
545,Mysuru,5575,Tirumakudal - Narsipur,219667.0,Thumbala,619386,Thumbala,6,90.0,66.66666666666667,1.0,12.235916333333334,76.41815783333334,42.857142857142854,50,62.81,Medium,True
534,Dakshina Kannada,5564,Puttur,217345.0,Bannuru,617689,Bannur (Rural),6,90.0,66.66666666666667,1.0,12.641467333333333,75.00808483333333,42.857142857142854,50,62.81,Medium,True
542,Kolar,5594,Mulbagal,218990.0,Amblikal,622986,Maraheru,3,93.0,66.66666666666667,0.0,13.131307333333332,78.12391766666667,21.428571428571427,100,62.79,Medium,True
550,Uttara Kannada,5479,Supa,220741.0,Akheti,602630,Viranjol,5,74.0,76.0,0.0,14.819434999999999,74.12035060000001,35.714285714285715,100,62.79,Medium,True
543,Koppal,5465,Kushtagi,219160.0,Koradakera,601498,Gorvarbenchamatti,3,93.0,66.66666666666667,0.0,15.238641,75.97322166666667,21.428571428571427,100,62.79,Medium,True
542,Kolar,5591,Kolar,218943.0,Madderi,621762,Pacharlahalli,4,81.0,80.0,0.0,13.221397,78.18272675,28.57142857142857,100,62.78,Medium,True
630,Chikkaballapura,5600,Chintamani,218859.0,Kencharlahalli,624370,Kencharlahalli,3,91.0,73.33333333333333,0.0,13.383215666666667,77.69843633333333,21.428571428571427,100,62.75,Medium,True
630,Chikkaballapura,7404,Manchenahalli,218905.0,Minakanagurki,623417,Kanaganakoppa,3,91.0,73.33333333333333,0.0,13.280102666666666,76.54976933333334,21.428571428571427,100,62.75,Medium,True
535,Davanagere,5509,Harihar,217544.0,Haralahalli,606246,Sanklipura,3,91.0,73.33333333333333,0.0,14.355164333333335,75.890474,21.428571428571427,100,62.75,Medium,True
545,Mysuru,5570,Hunsur,219479.0,Govindanahalli,618421,Chikkahunsur,5,75.0,72.0,0.0,12.1157702,76.53988240000001,35.714285714285715,100,62.74,Medium,True
543,Koppal,5465,Kushtagi,219145.0,Bijakal,601490,Gudadur(M),5,75.0,72.0,0.0,15.587193,76.43603499999999,35.714285714285715,100,62.74,Medium,True
631,Bengaluru South,5608,Kanakapura,215522.0,Kodihalli,626609,Kodihalli,3,89.0,80.0,0.0,12.703261333333332,77.29801566666667,21.428571428571427,100,62.72,Medium,True
544,Mandya,5550,Mandya,219359.0,Thaggahalli,614483,Thaggahalli,2,100.0,70.0,0.0,12.370935,77.05905949999999,14.285714285714285,100,62.71,Medium,True
529,Bidar,5454,Basavakalyan,216346.0,Islampur,599767,Mangrool,3,87.0,86.66666666666667,0.0,18.026145666666668,77.21782366666666,21.428571428571427,100,62.69,Medium,True
532,Chikkamagaluru,5527,Narasimharajapura,216950.0,Kadahinabylu,609057,Balekoppa,3,87.0,86.66666666666667,0.0,12.103447000000001,76.32779766666667,21.428571428571427,100,62.69,Medium,True
542,Kolar,5590,Srinivaspur,219045.0,Addagal,621462,Yagavachinthapalli,5,76.0,68.0,0.0,13.0592648,78.270987,35.714285714285715,100,62.69,Medium,True
635,Yadgir,5588,Shahpur,218103.0,Khanapur,621149,Manginhal,4,85.0,65.0,0.0,16.268772,76.37617974999999,28.57142857142857,100,62.68,Medium,True
545,Mysuru,5572,Mysuru,219540.0,Gungaralachathra,618698,Hunnavalli S.I,4,85.0,65.0,0.0,12.1506985,77.0293685,28.57142857142857,100,62.68,Medium,True
635,Yadgir,7096,Hunasagi,218131.0,Geddalamari,620982,Jamalpur,2,97.0,80.0,0.0,16.585423,77.25531000000001,14.285714285714285,100,62.66,Medium,True
548,Tumakuru,5533,Sira,220311.0,Melukunte,610336,Hanumanahalli,2,97.0,80.0,0.0,13.1131285,77.147689,14.285714285714285,100,62.66,Medium,True
547,Shivamogga,5515,Sagar,219933.0,Tumari,607363,Talagodu,2,97.0,80.0,0.0,14.186741999999999,75.0260565,14.285714285714285,100,62.66,Medium,True
547,Shivamogga,5515,Sagar,219906.0,Avinahalli,938600,Sheniga,2,97.0,80.0,0.0,13.845717,75.688033,14.285714285714285,100,62.66,Medium,True
547,Shivamogga,5516,Sorab,220026.0,Gendla,607453,Haralikoppa,5,77.0,64.0,0.0,14.201609200000002,74.81268800000001,35.714285714285715,100,62.64,Medium,True
544,Mandya,5546,Krishnarajpet,219235.0,Somanahalli,613627,Sangapura,5,77.0,64.0,0.0,12.5310456,76.9195362,35.714285714285715,100,62.64,Medium,True
545,Mysuru,7230,Saligrama,219507.0,Hanasoge,618594,Abburu,4,82.0,75.0,0.0,12.32453625,76.59586875,28.57142857142857,100,62.63,Medium,True
539,Hassan,5558,Arkalgud,272839.0,Mokali,616588,Madihalli,2,94.0,90.0,0.0,13.180395,75.87183300000001,14.285714285714285,100,62.61,Medium,True
548,Tumakuru,5539,Tiptur,220336.0,Honnavalli,611994,Honnavalli,5,78.0,60.0,0.0,13.1474012,76.266891,35.714285714285715,100,62.59,Medium,True
550,Uttara Kannada,5483,Sirsi,273212.0,Halgadde,603288,Madankeri,4,86.0,60.0,0.0,15.150661750000001,74.49053,28.57142857142857,100,62.53,Medium,True
527,Belagavi,5440,Bailahongala,215767.0,Sutagatti,598042,Sutagatti,4,86.0,60.0,0.0,15.9154815,74.770448,28.57142857142857,100,62.53,Medium,True
545,Mysuru,5572,Mysuru,219535.0,Devalapura,618809,Hadajana,4,86.0,60.0,0.0,12.194349500000001,76.47735275,28.57142857142857,100,62.53,Medium,True
542,Kolar,5591,Kolar,218929.0,Bellur,621825,Ramabhadrapura,4,86.0,60.0,0.0,13.061126,78.33430975,28.57142857142857,100,62.53,Medium,True
545,Mysuru,7230,Saligrama,273327.0,Sheegavalu,618508,Bettahallikaval,5,98.0,64.0,1.0,12.404708,76.5055272,35.714285714285715,50,62.49,Medium,True
543,Koppal,5467,Koppal,219134.0,Kinnal,601812,Kinhal,3,94.0,60.0,0.0,15.232417666666668,75.99083866666666,21.428571428571427,100,62.47,Medium,True
539,Hassan,5553,Sakleshpur,218446.0,Hongadahalla,615000,Boranamane,3,94.0,60.0,0.0,13.317091666666668,76.24108866666667,21.428571428571427,100,62.47,Medium,True
550,Uttara Kannada,5483,Sirsi,220719.0,Bhairumbe,603133,Agasal,3,92.0,66.66666666666667,0.0,14.438075333333336,74.39931,21.428571428571427,100,62.44,Medium,True
538,Kalaburagi,7087,Kalagi,217969.0,Heball,620617,Jeevanmardgi,3,92.0,66.66666666666667,0.0,17.381316333333334,76.82688433333334,21.428571428571427,100,62.44,Medium,True
532,Chikkamagaluru,5529,Kadur,216886.0,Uligere,609477,Uligere,3,92.0,66.66666666666667,0.0,12.725153,76.951478,21.428571428571427,100,62.44,Medium,True
538,Kalaburagi,5585,Chittapur,273172.0,Mogala,620670,Itga,4,80.0,80.0,0.0,17.35084475,76.90842025,28.57142857142857,100,62.43,Medium,True
526,Bengaluru Rural,5603,Devanahalli,215432.0,Gangavara Chowdappanahalli,625347,Kondenahalli,3,90.0,73.33333333333333,0.0,13.104618,77.373328,21.428571428571427,100,62.4,Medium,True
527,Belagavi,5439,Khanapur,215962.0,Hirehattiholi,597882,Chikkahattiholi,3,90.0,73.33333333333333,0.0,15.936206,74.92507966666666,21.428571428571427,100,62.4,Medium,True
527,Belagavi,5436,Gokak,215884.0,Suladhala,597498,Suladhal,3,90.0,73.33333333333333,0.0,15.129999666666668,76.908866,21.428571428571427,100,62.4,Medium,True
542,Kolar,5592,Malur,218981.0,Nutuve,622450,Haradakothur,6,85.0,80.0,1.0,13.070466333333334,78.13188933333333,42.857142857142854,50,62.39,Medium,True
543,Koppal,5465,Kushtagi,219148.0,Hanumanal,601385,Hanmanhal,2,99.0,70.0,0.0,15.4201785,76.53682850000001,14.285714285714285,100,62.36,Medium,True
527,Belagavi,5434,Athni,215638.0,Khelegaon,597248,Ajur,2,99.0,70.0,0.0,16.519108,74.957971,14.285714285714285,100,62.36,Medium,True
546,Raichur,5461,Raichur,219779.0,Gunjalli,600851,Gunjhalli,5,75.0,68.0,0.0,16.3899244,77.3446868,35.714285714285715,100,62.34,Medium,True
546,Raichur,7097,Sirwar,219758.0,Mallat,600953,Malat,5,75.0,68.0,0.0,15.977105599999998,77.02959200000001,35.714285714285715,100,62.34,Medium,True
542,Kolar,5590,Srinivaspur,219057.0,Lakshmisagara,621719,Arikere,5,75.0,68.0,0.0,12.8776972,78.00814460000001,35.714285714285715,100,62.34,Medium,True
541,Kodagu,7125,Ponnampet,218761.0,T. Shettigeri,618069,T. Shettigeri,5,75.0,68.0,0.0,12.1584258,75.9522826,35.714285714285715,100,62.34,Medium,True
539,Hassan,5555,Arsikere,218287.0,Thalalur,615739,Thalalatore,4,84.0,65.0,0.0,13.016100250000001,76.1058755,28.57142857142857,100,62.33,Medium,True
542,Kolar,5590,Srinivaspur,219064.0,Rayalpad,621468,Mandyala,2,96.0,80.0,0.0,13.057399499999999,78.184209,14.285714285714285,100,62.31,Medium,True
533,Chitradurga,5508,Hiriyur,217093.0,Dindavara,606199,Pilali,2,96.0,80.0,0.0,14.144005499999999,76.2629005,14.285714285714285,100,62.31,Medium,True
531,Chamarajanagar,5579,Kollegal,216776.0,Thellanuru,619817,Tellanur,3,84.0,93.33333333333333,0.0,11.913523666666668,76.914857,21.428571428571427,100,62.3,Medium,True
527,Belagavi,5433,Chikodi,215796.0,Jagnur,597245,Mamadapur (Kk),7,79.0,71.42857142857143,1.0,15.982420714285714,74.56521085714284,50.0,50,62.29,Medium,True
527,Belagavi,5433,Chikodi,215828.0,Shamanewadi,597169,Shamanewadi,7,79.0,71.42857142857143,1.0,15.832336857142858,76.19769285714285,50.0,50,62.29,Medium,True
533,Chitradurga,5504,Challakere,217036.0,Nannivala,605326,Gorlakatte,5,77.0,60.0,0.0,12.9933966,77.560675,35.714285714285715,100,62.24,Medium,True
533,Chitradurga,5504,Challakere,217019.0,Devaramarikunte,605360,Nallurahalli,4,78.0,85.0,0.0,12.99509325,77.5671205,28.57142857142857,100,62.23,Medium,True
548,Tumakuru,5533,Sira,220295.0,Dodda Agrahara,610441,Malanahalli,8,71.0,70.0,1.0,13.335932625,77.11681899999999,57.14285714285714,50,62.21,Medium,True
545,Mysuru,5569,Piriyapatna,219620.0,Halaganahalli,618151,Suragahalli,4,85.0,60.0,0.0,12.3188365,76.6658655,28.57142857142857,100,62.18,Medium,True
547,Shivamogga,5517,Shikarpur,219971.0,Mudubasiddapura,607772,Mudubasiddapura,4,85.0,60.0,0.0,13.69549525,75.23659525,28.57142857142857,100,62.18,Medium,True
547,Shivamogga,5521,Bhadravati,219870.0,Thadasa,608617,Hathikatte,1,98.0,100.0,0.0,14.560912,75.150432,7.142857142857142,100,62.16,Medium,True
546,Raichur,5462,Manvi,219755.0,Kurdi,600999,Kurdi,5,97.0,64.0,1.0,15.972699,76.75292979999999,35.714285714285715,50,62.14,Medium,True
548,Tumakuru,5540,Turuvekere,220393.0,Aremallenahalli,612353,Hulikal,4,82.0,70.0,0.0,13.207565500000001,77.197469,28.57142857142857,100,62.13,Medium,True
547,Shivamogga,5518,Hosanagara,219883.0,Heddharipura,608002,Kolavalli,4,82.0,70.0,0.0,14.389545,75.25100175,28.57142857142857,100,62.13,Medium,True
631,Bengaluru South,5608,Kanakapura,215521.0,I. Golla Halli,626574,Arekoppa,4,82.0,70.0,0.0,12.730369,77.301506,28.57142857142857,100,62.13,Medium,True
544,Mandya,5552,Malavalli,219287.0,Chottenahalli,614805,Netkal,4,82.0,70.0,0.0,12.388036,77.0777425,28.57142857142857,100,62.13,Medium,True
541,Kodagu,5568,Virajpet,218748.0,Karmadu,939074,Kumberi,4,82.0,70.0,0.0,12.46144,75.94295225,28.57142857142857,100,62.13,Medium,True
542,Kolar,5594,Mulbagal,219016.0,Urukuntemittur,622944,Jeenaganahalli,4,82.0,70.0,0.0,12.99809025,78.3384455,28.57142857142857,100,62.13,Medium,True
542,Kolar,7002,Kolar Gold Field,218799.0,Gullahalli,622754,Guttahalli,3,93.0,60.0,0.0,13.062412666666667,78.14237233333334,21.428571428571427,100,62.12,Medium,True
544,Mandya,5551,Maddur,219265.0,Kyathaghatta,614608,Ajjahalli,3,93.0,60.0,0.0,12.528266333333335,76.91553733333335,21.428571428571427,100,62.12,Medium,True
545,Mysuru,5573,Heggadadevankote,219446.0,G.B.Saragur,618926,Kethahalli,3,93.0,60.0,0.0,12.243367666666666,76.58982266666668,21.428571428571427,100,62.12,Medium,True
631,Bengaluru South,5608,Kanakapura,215509.0,Chikkamudavadi,626430,Byalalu,3,93.0,60.0,0.0,12.684495,77.48567433333334,21.428571428571427,100,62.12,Medium,True
545,Mysuru,5573,Heggadadevankote,219462.0,N.Belthur,619030,Halemagge,5,72.0,76.0,0.0,12.2972478,76.64795919999999,35.714285714285715,100,62.09,Medium,True
548,Tumakuru,5536,Koratagere,220164.0,Chinnahalli,611215,Lakkaiahnapalya,3,89.0,73.33333333333333,0.0,13.317726333333333,76.64292233333333,21.428571428571427,100,62.05,Medium,True
544,Mandya,5550,Mandya,219343.0,Induvalu,614421,Kiragandur,3,89.0,73.33333333333333,0.0,12.511032666666665,76.65678933333334,21.428571428571427,100,62.05,Medium,True
532,Chikkamagaluru,5530,Chikkamagaluru,216828.0,Satthihalli,609859,Sathihalli,3,87.0,80.0,0.0,12.703647333333334,76.945463,21.428571428571427,100,62.02,Medium,True
546,Raichur,7403,Arakera,219673.0,B.Ganekal,600699,Mailapur,3,87.0,80.0,0.0,15.99959,77.46576266666666,21.428571428571427,100,62.02,Medium,True
539,Hassan,5555,Arsikere,218282.0,Puralehalli,948400,Mayanagar,2,98.0,70.0,0.0,12.768913999999999,76.245827,14.285714285714285,100,62.01,Medium,True
542,Kolar,5592,Malur,218976.0,Kudiyanur,622263,Arinagatta,5,74.0,68.0,0.0,13.0093256,78.3529936,35.714285714285715,100,61.99,Medium,True
542,Kolar,5592,Malur,218970.0,Huladenahalli,622438,Amani Arasikere,4,83.0,65.0,0.0,13.089215,78.17867,28.57142857142857,100,61.98,Medium,True
526,Bengaluru Rural,5602,Doddaballapura,215448.0,Bhaktarahalli,624992,Narasapura,2,95.0,80.0,0.0,13.313752000000001,77.5252295,14.285714285714285,100,61.96,Medium,True
545,Mysuru,5575,Tirumakudal - Narsipur,219647.0,Hemmige,619423,Akkur,5,75.0,64.0,0.0,12.315298,76.36629860000001,35.714285714285715,100,61.94,Medium,True
540,Haveri,5492,Haveri,218549.0,Yalagacha,604220,Agasanamatti,5,75.0,64.0,0.0,14.5587748,75.60890020000001,35.714285714285715,100,61.94,Medium,True
542,Kolar,5594,Mulbagal,219001.0,Hanumanahalli,622894,Majara Agrahara,4,80.0,75.0,0.0,12.96555775,78.195718,28.57142857142857,100,61.93,Medium,True
545,Mysuru,5575,Tirumakudal - Narsipur,219648.0,Holesalu,619429,Holesalu (Kaveripura),4,80.0,75.0,0.0,12.27238425,76.60608975,28.57142857142857,100,61.93,Medium,True
526,Bengaluru Rural,5601,Nelamangala,215579.0,Bhodihal,624892,Tonachinakuppe,4,100.0,80.0,1.0,12.70924075,77.70383175,28.57142857142857,50,61.93,Medium,True
540,Haveri,5489,Shiggaon,218645.0,Chandapura,603939,Manchinkop,4,100.0,80.0,1.0,14.47098175,75.39423375,28.57142857142857,50,61.93,Medium,True
538,Kalaburagi,5583,Chincholi,217938.0,Karakmukali,620411,Khudavandpur,4,80.0,75.0,0.0,17.198228,77.09404125,28.57142857142857,100,61.93,Medium,True
527,Belagavi,5442,Ramdurg,216049.0,Hirekop K S,598297,Chikkoppa K.S.,5,76.0,60.0,0.0,15.7963598,74.549906,35.714285714285715,100,61.89,Medium,True
631,Bengaluru South,5608,Kanakapura,215505.0,Bannimukkodlu,626625,Irlapodu,5,76.0,60.0,0.0,12.722855200000001,77.278468,35.714285714285715,100,61.89,Medium,True
635,Yadgir,5588,Shahpur,218108.0,Mudriki,621081,Ingnal,5,76.0,60.0,0.0,16.770099,77.1202006,35.714285714285715,100,61.89,Medium,True
531,Chamarajanagar,5577,Chamarajanagar,216694.0,Madapura,619661,Masagapura,4,84.0,60.0,0.0,11.93373225,76.91695374999999,28.57142857142857,100,61.83,Medium,True
527,Belagavi,7100,Kagwad,215643.0,Kusnal,597282,Kusnal,4,84.0,60.0,0.0,15.86456325,74.65321025,28.57142857142857,100,61.83,Medium,True
533,Chitradurga,5506,Holalkere,217131.0,Gungiganur,605719,Makunte,4,84.0,60.0,0.0,14.22055975,76.42475225,28.57142857142857,100,61.83,Medium,True
538,Kalaburagi,5581,Afzalpur,217877.0,Hasaragundagi,620176,Umerga,4,81.0,70.0,0.0,17.1619845,76.69594525,28.57142857142857,100,61.78,Medium,True
630,Chikkaballapura,5599,Sidlaghatta,219025.0,Doddateka Halli,624125,Bandammanakere,4,81.0,70.0,0.0,13.2701975,76.538331,28.57142857142857,100,61.78,Medium,True
545,Mysuru,5573,Heggadadevankote,219446.0,G.B.Saragur,618909,Kattehundi,4,81.0,70.0,0.0,12.3415435,76.41774674999999,28.57142857142857,100,61.78,Medium,True
527,Belagavi,5437,Hukkeri,215914.0,Islampur,597659,Wantmuri,4,81.0,70.0,0.0,16.163963,74.46794925,28.57142857142857,100,61.78,Medium,True
542,Kolar,5591,Kolar,218955.0,Thotli,621904,Channapura,3,92.0,60.0,0.0,13.045522666666665,78.19954266666667,21.428571428571427,100,61.77,Medium,True
545,Mysuru,5571,Krishnarajanagara,219498.0,Adagur,618586,Galigekere,3,92.0,60.0,0.0,12.304050666666667,75.93910766666666,21.428571428571427,100,61.77,Medium,True
544,Mandya,5547,Nagamangala,219388.0,Nalligere,613741,Halalu,3,92.0,60.0,0.0,12.517749666666667,76.916565,21.428571428571427,100,61.77,Medium,True
536,Dharwad,5475,Hubballi,217675.0,Hebsur,602390,Hebsur,3,92.0,60.0,0.0,15.216775666666669,75.27654166666667,21.428571428571427,100,61.77,Medium,True
527,Belagavi,5438,Belagavi,215710.0,Muthnal,597791,Mutnal,5,71.0,76.0,0.0,15.634440399999999,75.991162,35.714285714285715,100,61.74,Medium,True
526,Bengaluru Rural,5601,Nelamangala,215586.0,Manne,624731,Biragondanahalli,3,90.0,66.66666666666667,0.0,12.718451,77.70153066666667,21.428571428571427,100,61.74,Medium,True
543,Koppal,5465,Kushtagi,219160.0,Koradakera,601501,Shakapur,3,90.0,66.66666666666667,0.0,15.352433666666665,76.14946766666667,21.428571428571427,100,61.74,Medium,True
546,Raichur,5462,Manvi,219763.0,Pothnal,601052,Muddamgaddi,4,78.0,80.0,0.0,16.185308499999998,76.67258625,28.57142857142857,100,61.73,Medium,True
550,Uttara Kannada,5483,Sirsi,220714.0,Andagi,603284,Kyadgikoppa,4,98.0,85.0,1.0,14.60246125,74.82130925,28.57142857142857,50,61.73,Medium,True
546,Raichur,7403,Arakera,219690.0,Kothadoddi,600694,Mallinaikandoddi,4,78.0,80.0,0.0,16.4027665,76.91793799999999,28.57142857142857,100,61.73,Medium,True
544,Mandya,5551,Maddur,219271.0,Nidaghatta,614564,Danakanadoddi,2,100.0,60.0,0.0,12.4359675,77.22232149999999,14.285714285714285,100,61.71,Medium,True
539,Hassan,5557,Alur,218212.0,Magge,616276,Magge,2,100.0,60.0,0.0,12.945302,76.557119,14.285714285714285,100,61.71,Medium,True
536,Dharwad,5474,Navalgund,217747.0,Morab,602332,Talimorab,2,100.0,60.0,0.0,15.4470385,74.8764695,14.285714285714285,100,61.71,Medium,True
547,Shivamogga,5515,Sagar,219916.0,Hosuru,607272,Channashettikoppa,2,100.0,60.0,0.0,13.8612315,75.7234195,14.285714285714285,100,61.71,Medium,True
630,Chikkaballapura,7407,Chelur,218777.0,Naremuddepalli,623937,Gollavaripalli,3,88.0,73.33333333333333,0.0,13.380070666666667,77.681089,21.428571428571427,100,61.7,Medium,True
542,Kolar,5591,Kolar,218930.0,Channasandra,621776,Byrandahalli,3,88.0,73.33333333333333,0.0,12.966014999999999,78.058964,21.428571428571427,100,61.7,Medium,True
526,Bengaluru Rural,5602,Doddaballapura,215458.0,Hosahalli,624969,Hosanagenahalli,3,88.0,73.33333333333333,0.0,13.086240666666667,77.37491633333333,21.428571428571427,100,61.7,Medium,True
526,Bengaluru Rural,5602,Doddaballapura,215457.0,Honnavara,625217,Isthur,3,86.0,80.0,0.0,13.105520666666665,77.40407599999999,21.428571428571427,100,61.67,Medium,True
630,Chikkaballapura,5600,Chintamani,218864.0,Mastenahalli,624588,Guttahalli,2,97.0,70.0,0.0,13.601589,77.7747905,14.285714285714285,100,61.66,Medium,True
542,Kolar,5592,Malur,218969.0,Hasandahalli,622336,Thirtha Bandahatti,5,73.0,68.0,0.0,12.997610600000002,78.1093424,35.714285714285715,100,61.64,Medium,True
544,Mandya,5547,Nagamangala,219377.0,Haradanahalli,613905,Toremallanayakanahalli,3,84.0,86.66666666666667,0.0,12.512768666666666,76.91781466666667,21.428571428571427,100,61.64,Medium,True
542,Kolar,5590,Srinivaspur,219065.0,Ronur,621573,Manjevaripalli,5,73.0,68.0,0.0,13.1900224,78.0112108,35.714285714285715,100,61.64,Medium,True
542,Kolar,5590,Srinivaspur,219061.0,Nanbihalli,621650,Nambihalli,5,91.0,80.0,1.0,13.118325200000001,78.3954922,35.714285714285715,50,61.64,Medium,True
527,Belagavi,5439,Khanapur,215973.0,Kherawad,597997,Hulikottal,4,82.0,65.0,0.0,15.823648500000001,74.827377,28.57142857142857,100,61.63,Medium,True
527,Belagavi,5442,Ramdurg,216040.0,Chipalkatti,598288,Kunnal,5,74.0,64.0,0.0,16.0745618,74.66715400000001,35.714285714285715,100,61.59,Medium,True
527,Belagavi,7043,Kittur,215770.0,Tigadolli,598091,Tigadolli,4,79.0,75.0,0.0,15.412430749999999,76.4488465,28.57142857142857,100,61.58,Medium,True
536,Dharwad,5476,Kalghatgi,217690.0,Belavantar,602502,Somanakoppa,5,75.0,60.0,0.0,15.474152,75.2790932,35.714285714285715,100,61.54,Medium,True
630,Chikkaballapura,5598,Bagepalli,218768.0,Gorthapalli,623804,Guntipalli,5,75.0,60.0,0.0,13.4026776,77.7095964,35.714285714285715,100,61.54,Medium,True
539,Hassan,5558,Arkalgud,218225.0,Ganjalagodu,616623,Basavanahalli Kaval,5,75.0,60.0,0.0,13.0031462,76.12371060000001,35.714285714285715,100,61.54,Medium,True
631,Bengaluru South,5605,Magadi,215547.0,Banavadi,625857,Mallapura,4,76.0,85.0,0.0,12.68231825,77.215573,28.57142857142857,100,61.53,Medium,True
526,Bengaluru Rural,5601,Nelamangala,215576.0,Arebommanahalli,624838,Kodigebommanahalli,4,83.0,60.0,0.0,13.137754750000001,77.33094374999999,28.57142857142857,100,61.48,Medium,True
635,Yadgir,5589,Yadgir,218189.0,Motnalli,621236,Kotgera,4,83.0,60.0,0.0,16.5386865,76.75109524999999,28.57142857142857,100,61.48,Medium,True
533,Chitradurga,5508,Hiriyur,217109.0,Maradihally,606049,Maradihalli,4,83.0,60.0,0.0,14.0881995,76.25075,28.57142857142857,100,61.48,Medium,True
533,Chitradurga,5507,Hosdurga,217157.0,Devigere,605826,Mavinakatte,4,83.0,60.0,0.0,14.231953749999999,76.39603475,28.57142857142857,100,61.48,Medium,True
530,Vijayapura,5453,Muddebihal,216598.0,Alur,599640,Garasangi,1,96.0,100.0,0.0,16.841673,75.745085,7.142857142857142,100,61.46,Medium,True
550,Uttara Kannada,5479,Supa,220748.0,Castle Rock (Kalamboli),602639,Kalambuli,1,96.0,100.0,0.0,15.403874,74.484171,7.142857142857142,100,61.46,Medium,True
532,Chikkamagaluru,5530,Chikkamagaluru,216801.0,Dasarahalli,609720,Mavinahalli,1,96.0,100.0,0.0,12.699853,76.970365,7.142857142857142,100,61.46,Medium,True
536,Dharwad,7081,Alnavar,217632.0,Arwatagi,602248,Aravatagi,6,88.0,60.0,1.0,14.818458333333334,75.441192,42.857142857142854,50,61.44,Medium,True
529,Bidar,7086,Hulsoor,216340.0,Gadigundgaon,599728,Gadigondgaon,4,80.0,70.0,0.0,18.15214925,77.4487945,28.57142857142857,100,61.43,Medium,True
540,Haveri,5492,Haveri,218532.0,Kabbur,604213,Benakanahalli,4,80.0,70.0,0.0,14.78352675,75.37249025,28.57142857142857,100,61.43,Medium,True
542,Kolar,5591,Kolar,218927.0,Beglihosahalli,622043,Singondahalli,4,80.0,70.0,0.0,13.10975225,78.14909225,28.57142857142857,100,61.43,Medium,True
542,Kolar,5591,Kolar,218943.0,Madderi,621764,Kadripura,4,80.0,70.0,0.0,13.054606,78.23889,28.57142857142857,100,61.43,Medium,True
630,Chikkaballapura,5597,Gudibanda,218922.0,Varlakonda,623768,Appireddihalli,4,80.0,70.0,0.0,13.57137275,77.789546,28.57142857142857,100,61.43,Medium,True
630,Chikkaballapura,5599,Sidlaghatta,219028.0,Hosapete,624277,Hosapete,3,91.0,60.0,0.0,13.578203,77.77579733333333,21.428571428571427,100,61.42,Medium,True
550,Uttara Kannada,5483,Sirsi,220735.0,Salkani,603116,Muregar,3,91.0,60.0,0.0,14.823614999999998,74.12418633333334,21.428571428571427,100,61.42,Medium,True
529,Bidar,7085,Kamalnagar,216323.0,Murki,599989,Dareganva,3,89.0,66.66666666666667,0.0,18.051270666666667,77.218319,21.428571428571427,100,61.39,Medium,True
531,Chamarajanagar,5577,Chamarajanagar,216679.0,Erasavadi,619626,Erasavadi,3,89.0,66.66666666666667,0.0,11.925442333333335,76.92779533333334,21.428571428571427,100,61.39,Medium,True
539,Hassan,5555,Arsikere,218279.0,Murundi,615681,Murundi,4,77.0,80.0,0.0,12.769028,76.046376,28.57142857142857,100,61.38,Medium,True
527,Belagavi,5441,Savadatti,216023.0,Rudrapur,598209,Dundanakoppa,2,99.0,60.0,0.0,16.182772,74.6546055,14.285714285714285,100,61.36,Medium,True
540,Haveri,5493,Byadgi,218461.0,Budapanahalli,604332,Chattra,2,99.0,60.0,0.0,14.778750500000001,75.3920975,14.285714285714285,100,61.36,Medium,True
533,Chitradurga,5507,Hosdurga,217164.0,Hunuvinadu,605868,Hosahalli,3,87.0,73.33333333333333,0.0,12.973359,77.55921966666666,21.428571428571427,100,61.35,Medium,True
546,Raichur,5463,Sindhnur,219806.0,Bhootaladinni,601131,Butaldinni,5,71.0,72.0,0.0,15.7526264,76.6049172,35.714285714285715,100,61.34,Medium,True
529,Bidar,7086,Hulsoor,216353.0,Mirkal,599721,Kotmal,2,96.0,70.0,0.0,17.7634765,77.496313,14.285714285714285,100,61.31,Medium,True
542,Kolar,5592,Malur,218978.0,Chokkandahalli,622140,Irabanahalli,5,72.0,68.0,0.0,13.2945114,78.3280514,35.714285714285715,100,61.29,Medium,True
545,Mysuru,5570,Hunsur,273324.0,Mukanhalli,618404,Kirijaji,4,81.0,65.0,0.0,12.268881749999998,75.84859850000001,28.57142857142857,100,61.28,Medium,True
542,Kolar,5592,Malur,218970.0,Huladenahalli,622429,Chickamale,4,81.0,65.0,0.0,13.032374,78.12124475,28.57142857142857,100,61.28,Medium,True
545,Mysuru,5573,Heggadadevankote,219463.0,Naganahalli,618894,Kollegowdanahalli,4,81.0,65.0,0.0,12.17245625,77.02825100000001,28.57142857142857,100,61.28,Medium,True
546,Raichur,5460,Devadurga,219688.0,Karigudda,600587,Gopalpur,4,81.0,65.0,0.0,16.2145005,77.32906700000001,28.57142857142857,100,61.28,Medium,True
548,Tumakuru,5535,Madhugiri,220220.0,Byalya,610979,Shiganagondanahalli,2,93.0,80.0,0.0,13.341961,77.1105365,14.285714285714285,100,61.26,Medium,True
539,Hassan,5559,Hole Narsipur,218431.0,Sravanur,617014,Nagarthi,2,93.0,80.0,0.0,12.623462499999999,76.049628,14.285714285714285,100,61.26,Medium,True
542,Kolar,5591,Kolar,218930.0,Channasandra,621775,Kamandahalli,5,73.0,64.0,0.0,13.550923799999998,78.3486728,35.714285714285715,100,61.24,Medium,True
526,Bengaluru Rural,5601,Nelamangala,215588.0,Narasipura,624724,Bugadihalli,4,78.0,75.0,0.0,13.30124975,77.78243,28.57142857142857,100,61.23,Medium,True
544,Mandya,5548,Pandavapura,219399.0,Halebeedu,614082,Menagara,2,90.0,90.0,0.0,12.529892,76.89081949999999,14.285714285714285,100,61.21,Medium,True
534,Dakshina Kannada,5562,Bantval,217207.0,Idkidu,617592,Idkidu,5,74.0,60.0,0.0,12.692789000000001,75.0754542,35.714285714285715,100,61.19,Medium,True
530,Vijayapura,5449,Vijayapura,216535.0,Kannur,599061,Madasanal,2,87.0,100.0,0.0,16.80272,75.7123035,14.285714285714285,100,61.16,Medium,True
548,Tumakuru,5532,Chiknayakanhalli,220097.0,Barakanallu,610138,Kurihalli Kaval,4,82.0,60.0,0.0,13.3318685,77.1258785,28.57142857142857,100,61.13,Medium,True
533,Chitradurga,5508,Hiriyur,217098.0,Harthikote,606069,Kurudugirenahalli,4,82.0,60.0,0.0,12.995096,77.55438674999999,28.57142857142857,100,61.13,Medium,True
525,Bengaluru Urban,5542,Bengaluru North,215361.0,Kittanahalli,612788,Gowdahalli,4,82.0,60.0,0.0,12.864872250000001,77.6094365,28.57142857142857,100,61.13,Medium,True
550,Uttara Kannada,5485,Kumta,220662.0,Bargi,603441,Betkuli,4,79.0,70.0,0.0,13.98803175,74.54556175,28.57142857142857,100,61.08,Medium,True
525,Bengaluru Urban,5545,Anekal,215325.0,Indlavadi,613136,Laxmipura,4,79.0,70.0,0.0,12.56431875,77.36853425000001,28.57142857142857,100,61.08,Medium,True
550,Uttara Kannada,5479,Supa,220743.0,Asu,602642,Chandawadi,3,90.0,60.0,0.0,14.296559333333335,74.465103,21.428571428571427,100,61.07,Medium,True
547,Shivamogga,5517,Shikarpur,219953.0,Guddadathummenakatte,607734,Guddada Thumminakatte,3,90.0,60.0,0.0,13.86208,75.709061,21.428571428571427,100,61.07,Medium,True
546,Raichur,5460,Devadurga,273065.0,Amarapur,600546,Jambaldinni,3,90.0,60.0,0.0,16.232439333333335,77.34006233333334,21.428571428571427,100,61.07,Medium,True
548,Tumakuru,5541,Kunigal,220190.0,Hosahalli,612619,Tharikere,3,88.0,66.66666666666667,0.0,13.882805,76.90188233333333,21.428571428571427,100,61.04,Medium,True
539,Hassan,5555,Arsikere,218246.0,Arakere,615498,Bommenahalli,3,88.0,66.66666666666667,0.0,12.994084666666666,76.090806,21.428571428571427,100,61.04,Medium,True
542,Kolar,5591,Kolar,218943.0,Madderi,621760,Devarahalli,3,88.0,66.66666666666667,0.0,13.086968666666666,78.151417,21.428571428571427,100,61.04,Medium,True
530,Vijayapura,5450,Indi,273051.0,Gubbewada,599250,Mannur,3,88.0,66.66666666666667,0.0,16.81499833333333,75.74951700000001,21.428571428571427,100,61.04,Medium,True
530,Vijayapura,7123,Almel,216661.0,Moratagi,599333,Hanchinal,3,88.0,66.66666666666667,0.0,16.833270666666667,76.05897566666665,21.428571428571427,100,61.04,Medium,True
547,Shivamogga,5515,Sagar,219905.0,Aralagodu,607148,Karumane,3,88.0,66.66666666666667,0.0,13.709606333333333,75.26309933333333,21.428571428571427,100,61.04,Medium,True
630,Chikkaballapura,5600,Chintamani,218877.0,Upparapet,925621,Binganahalli,4,76.0,80.0,0.0,13.6075665,77.7733265,28.57142857142857,100,61.03,Medium,True
537,Gadag,5470,Gadag,217773.0,Kadhadi,601992,Gavarawad,4,76.0,80.0,0.0,15.44088075,75.6316795,28.57142857142857,100,61.03,Medium,True
544,Mandya,5550,Mandya,219352.0,Mudagandur,614405,Managanahalli,4,76.0,80.0,0.0,12.82811725,76.75667250000001,28.57142857142857,100,61.03,Medium,True
544,Mandya,5551,Maddur,219265.0,Kyathaghatta,614624,Thore Chakanahalli,2,98.0,60.0,0.0,12.6922615,77.0649605,14.285714285714285,100,61.01,Medium,True
631,Bengaluru South,5608,Kanakapura,215534.0,Sathanur,626530,Deshavalli,2,98.0,60.0,0.0,12.654842,77.21473800000001,14.285714285714285,100,61.01,Medium,True
548,Tumakuru,5535,Madhugiri,220226.0,D.V.Halli,610848,Somalapura,3,86.0,73.33333333333333,0.0,13.114433333333332,77.12663166666665,21.428571428571427,100,61.0,Medium,True
545,Mysuru,5575,Tirumakudal - Narsipur,219662.0,Seehalli,619313,Hunasagahalli,5,70.0,72.0,0.0,12.2581902,76.6034764,35.714285714285715,100,60.99,Medium,True
548,Tumakuru,5539,Tiptur,220343.0,Masavanaghatta,612184,Ganjalaghatta,5,70.0,72.0,0.0,13.349777799999998,77.11089419999999,35.714285714285715,100,60.99,Medium,True
548,Tumakuru,5540,Turuvekere,220415.0,Tandaga,612332,Vittaladevarahalli,3,84.0,80.0,0.0,13.260491666666667,76.71433866666666,21.428571428571427,100,60.97,Medium,True
548,Tumakuru,5540,Turuvekere,220398.0,Goni Tumkur,612335,Devihalli,3,84.0,80.0,0.0,13.597589999999999,76.98941933333333,21.428571428571427,100,60.97,Medium,True
526,Bengaluru Rural,5602,Doddaballapura,215473.0,Thubugere,625018,Myakalahalli,2,95.0,70.0,0.0,13.318784,77.51265000000001,14.285714285714285,100,60.96,Medium,True
544,Mandya,5552,Malavalli,219314.0,Settihalli,614667,Maganur,5,71.0,68.0,0.0,12.532812799999999,76.90481700000001,35.714285714285715,100,60.94,Medium,True
548,Tumakuru,5538,Gubbi,220135.0,Hagalavadi,611636,Hagalavadi,5,71.0,68.0,0.0,13.264850599999999,76.5250276,35.714285714285715,100,60.94,Medium,True
532,Chikkamagaluru,5529,Kadur,216841.0,Basur,609431,Chikkabasur,4,80.0,65.0,0.0,12.70667525,76.95709125,28.57142857142857,100,60.93,Medium,True
525,Bengaluru Urban,5545,Anekal,215342.0,Yamare,613216,Chambenahalli,4,80.0,65.0,0.0,12.5459335,77.38825575,28.57142857142857,100,60.93,Medium,True
543,Koppal,7092,Karatagi,219096.0,Marlanahalli,601686,Juratgi,4,80.0,65.0,0.0,15.76656275,76.399631,28.57142857142857,100,60.93,Medium,True
525,Bengaluru Urban,7103,Yelahanka,215345.0,Arekere,612930,Marasandra,2,92.0,80.0,0.0,12.494295000000001,77.3760045,14.285714285714285,100,60.91,Medium,True
526,Bengaluru Rural,5601,Nelamangala,215588.0,Narasipura,624708,Jajoor,2,92.0,80.0,0.0,13.139535,77.3478675,14.285714285714285,100,60.91,Medium,True
542,Kolar,5591,Kolar,218941.0,Kyalanur,621751,Sarkari Kyalanur,5,72.0,64.0,0.0,13.157043400000001,78.4863088,35.714285714285715,100,60.89,Medium,True
532,Chikkamagaluru,5529,Kadur,216865.0,Keresanthe,609592,Linglapura,5,73.0,60.0,0.0,12.6939432,76.9674256,35.714285714285715,100,60.84,Medium,True
529,Bidar,5458,Homnabad,216443.0,Dubulgundi,600264,Dubalgundi,7,74.0,74.28571428571429,1.0,18.241401714285715,77.159405,50.0,50,60.83,Medium,True
542,Kolar,5591,Kolar,218949.0,Seeti,621755,Marjenahalli,2,86.0,100.0,0.0,13.034424,78.21758,14.285714285714285,100,60.81,Medium,True
536,Dharwad,5476,Kalghatgi,217692.0,Devalingekoppa,602437,Dasanur,7,78.0,60.0,1.0,15.48903657142857,74.98986128571428,50.0,50,60.8,Medium,True
545,Mysuru,5569,Piriyapatna,219621.0,Handithavalli,618164,Galaganakere,7,78.0,60.0,1.0,12.276135285714286,76.49391957142858,50.0,50,60.8,Medium,True
525,Bengaluru Urban,5544,Bengaluru East,215386.0,Manduru,613087,Kattugollahalli,5,92.0,68.0,1.0,12.909376600000002,77.6522424,35.714285714285715,50,60.79,Medium,True
548,Tumakuru,5533,Sira,220314.0,Ramalingapura,610432,Sakshihalli,4,81.0,60.0,0.0,14.2204435,77.0299775,28.57142857142857,100,60.78,Medium,True
527,Belagavi,5434,Athni,215670.0,Yeli Hadagali,597335,Yelihadalagi,4,81.0,60.0,0.0,16.2580825,74.57036375,28.57142857142857,100,60.78,Medium,True
549,Udupi,7066,Bainduru,220490.0,Nada,608671,Badakere,1,94.0,100.0,0.0,13.43534,74.741137,7.142857142857142,100,60.76,Medium,True
545,Mysuru,5575,Tirumakudal - Narsipur,219651.0,Karohatti,619403,Yaraganahalli,4,78.0,70.0,0.0,12.7098725,76.4059425,28.57142857142857,100,60.73,Medium,True
546,Raichur,5461,Raichur,219799.0,Yapaladinni,600767,Nagandoddi,6,85.0,63.333333333333336,1.0,16.142205166666667,76.53267216666667,42.857142857142854,50,60.73,Medium,True
546,Raichur,5459,Lingasugur,219726.0,Narakaladinni,600411,Julgudda,3,89.0,60.0,0.0,16.217126000000004,77.364235,21.428571428571427,100,60.72,Medium,True
635,Yadgir,7094,Gurmitakal,218162.0,Ajlapur,621360,Turkandoddi,3,89.0,60.0,0.0,16.601694,77.103064,21.428571428571427,100,60.72,Medium,True
531,Chamarajanagar,5577,Chamarajanagar,216671.0,Attugulipura,619780,Kulluru,3,89.0,60.0,0.0,11.936894333333333,76.946058,21.428571428571427,100,60.72,Medium,True
542,Kolar,5591,Kolar,218953.0,Sulur,621842,Talagunda,3,89.0,60.0,0.0,13.023525666666666,78.26373166666667,21.428571428571427,100,60.72,Medium,True
544,Mandya,5552,Malavalli,219310.0,Pandithahalli,614815,Manchanahalli,3,87.0,66.66666666666667,0.0,12.816213666666668,76.77286233333334,21.428571428571427,100,60.69,Medium,True
548,Tumakuru,5535,Madhugiri,220234.0,Hosakere,610716,Lakshmidevipura,3,87.0,66.66666666666667,0.0,14.051096999999999,77.18229666666666,21.428571428571427,100,60.69,Medium,True
535,Davanagere,5512,Davanagere,217489.0,Kudaganuru,606666,Dindadahalli,3,87.0,66.66666666666667,0.0,14.454853333333332,75.92522933333333,21.428571428571427,100,60.69,Medium,True
631,Bengaluru South,7196,Harohalli,215508.0,Cheelur,626358,Kurubarhalli,3,87.0,66.66666666666667,0.0,13.102797,77.17446699999999,21.428571428571427,100,60.69,Medium,True
548,Tumakuru,5534,Pavagada,220268.0,Mangasavada,610622,Uddagatta,2,97.0,60.0,0.0,14.660129999999999,76.06257550000001,14.285714285714285,100,60.66,Medium,True
526,Bengaluru Rural,5604,Hosakote,215499.0,Vagata,625665,Bisanahalli,2,97.0,60.0,0.0,12.980579500000001,77.58063100000001,14.285714285714285,100,60.66,Medium,True
539,Hassan,5559,Hole Narsipur,218417.0,Hariharapura,616821,Boranahalli,2,97.0,60.0,0.0,12.971731,75.9971595,14.285714285714285,100,60.66,Medium,True
548,Tumakuru,5541,Kunigal,220184.0,Bilidevalaya,612580,Kenkere,3,85.0,73.33333333333333,0.0,14.296307666666666,77.178291,21.428571428571427,100,60.65,Medium,True
536,Dharwad,5473,Dharwad,217643.0,Kalakeri,602262,Lalagatti,3,85.0,73.33333333333333,0.0,14.443481333333333,75.90497433333333,21.428571428571427,100,60.65,Medium,True
526,Bengaluru Rural,5602,Doddaballapura,215457.0,Honnavara,625218,Gandragolipura,3,85.0,73.33333333333333,0.0,12.971142333333333,77.808475,21.428571428571427,100,60.65,Medium,True
537,Gadag,7082,Gajendragad,217828.0,Lakkalakatti,601970,Nagendragad,3,85.0,73.33333333333333,0.0,15.340453333333334,75.51168299999999,21.428571428571427,100,60.65,Medium,True
538,Kalaburagi,5583,Chincholi,217938.0,Karakmukali,620412,Karakmukli,2,94.0,70.0,0.0,14.901889,76.8630335,14.285714285714285,100,60.61,Medium,True
524,Bagalkote,7061,Guledgudda,215163.0,Katageri,598661,Katageri,2,94.0,70.0,0.0,16.132382999999997,75.654807,14.285714285714285,100,60.61,Medium,True
548,Tumakuru,5534,Pavagada,220268.0,Mangasavada,610627,Mangalavada,4,79.0,65.0,0.0,14.68233,76.06103725,28.57142857142857,100,60.58,Medium,True
545,Mysuru,5572,Mysuru,219539.0,Gopalapura,618750,Devagalli,4,99.0,70.0,1.0,12.287382000000001,76.57063550000001,28.57142857142857,50,60.58,Medium,True
539,Hassan,5557,Alur,218214.0,Palya,616362,Danihalli,5,71.0,64.0,0.0,13.386815200000001,76.17873540000001,35.714285714285715,100,60.54,Medium,True
548,Tumakuru,5541,Kunigal,220188.0,Hallevur,612630,Budanahalli,4,76.0,75.0,0.0,13.25136225,76.7200585,28.57142857142857,100,60.53,Medium,True
542,Kolar,7002,Kolar Gold Field,218812.0,Marikuppam,622693,Doddakambali,5,72.0,60.0,0.0,12.9493856,78.2126152,35.714285714285715,100,60.49,Medium,True
535,Davanagere,5512,Davanagere,217480.0,Hunnuru,606612,Kalapanahalli,4,93.0,90.0,1.0,14.48820325,75.937113,28.57142857142857,50,60.48,Medium,True
534,Dakshina Kannada,5562,Bantval,217233.0,Rayee,617534,Koila,6,98.0,60.0,2.0,12.819347,74.9987805,42.857142857142854,20,60.44,Medium,True
540,Haveri,5491,Hangal,218509.0,Sammasagi,604122,Harlakoppa,4,100.0,65.0,1.0,14.976140000000001,75.2400965,28.57142857142857,50,60.43,Medium,True
538,Kalaburagi,5586,Jevargi,218048.0,Kudi,620752,Rasangi,5,92.0,64.0,1.0,17.2920182,77.04642340000001,35.714285714285715,50,60.39,Medium,True
526,Bengaluru Rural,5604,Hosakote,215484.0,Jadigenahalli,625547,Banahalli,5,92.0,64.0,1.0,13.3143708,77.5137982,35.714285714285715,50,60.39,Medium,True
548,Tumakuru,5538,Gubbi,220147.0,Marashettyhalli,611865,Haragaladevgudda Kaval,3,88.0,60.0,0.0,13.878763999999999,76.91270433333334,21.428571428571427,100,60.37,Medium,True
544,Mandya,5546,Krishnarajpet,219221.0,Hirikalale,613542,Komanahalli,3,88.0,60.0,0.0,12.595266,77.04341066666666,21.428571428571427,100,60.37,Medium,True
539,Hassan,5556,Hassan,218375.0,Doddagenigere,616158,Samudravalli,3,86.0,66.66666666666667,0.0,12.778928333333333,76.04939999999999,21.428571428571427,100,60.34,Medium,True
542,Kolar,5594,Mulbagal,219006.0,Mothakapalli,623180,Mothakapalli,3,86.0,66.66666666666667,0.0,13.006183333333333,78.32333066666666,21.428571428571427,100,60.34,Medium,True
544,Mandya,5546,Krishnarajpet,219214.0,Bharathipuracross,613422,Achamanahalli,3,86.0,66.66666666666667,0.0,12.424630333333333,77.22057466666666,21.428571428571427,100,60.34,Medium,True
540,Haveri,7106,Rattihalli,274438.0,Chikka Yadachi,604429,Hireyadachi,2,96.0,60.0,0.0,14.6905375,75.3481775,14.285714285714285,100,60.31,Medium,True
535,Davanagere,5512,Davanagere,217475.0,Hadadi,606572,Batlekatte,2,96.0,60.0,0.0,14.4497135,75.908638,14.285714285714285,100,60.31,Medium,True
547,Shivamogga,5516,Sorab,272956.0,Duguru,607642,Hodabatte,3,84.0,73.33333333333333,0.0,14.364687333333334,75.23531000000001,21.428571428571427,100,60.3,Medium,True
547,Shivamogga,5520,Shivamogga,219987.0,Choradi,608308,Shetti Kere,3,84.0,73.33333333333333,0.0,13.852848333333334,75.698765,21.428571428571427,100,60.3,Medium,True
544,Mandya,5547,Nagamangala,219383.0,Kanthapura,614006,Kuppahalli,2,93.0,70.0,0.0,12.5212745,76.884601,14.285714285714285,100,60.26,Medium,True
533,Chitradurga,5504,Challakere,217033.0,Meerasaabihalli,605332,Visweswarapura,2,93.0,70.0,0.0,14.2359505,76.41683499999999,14.285714285714285,100,60.26,Medium,True
550,Uttara Kannada,5486,Siddapur,220711.0,Tarehalli - Kansur,603577,Malenhalli,2,93.0,70.0,0.0,15.1659305,74.49073,14.285714285714285,100,60.26,Medium,True
548,Tumakuru,5540,Turuvekere,220403.0,Lokammanahalli,612217,Chowdenahalli,3,80.0,86.66666666666667,0.0,13.567802333333333,76.53650933333334,21.428571428571427,100,60.24,Medium,True
539,Hassan,5560,Channarayapatna,218334.0,Bekka,617382,Jinnathapura,4,78.0,65.0,0.0,12.9882395,76.10945475,28.57142857142857,100,60.23,Medium,True
541,Kodagu,5567,Somvarpet,218713.0,Madapura,939063,Iggodlu,2,90.0,80.0,0.0,12.4984275,75.9414465,14.285714285714285,100,60.21,Medium,True
532,Chikkamagaluru,5529,Kadur,216859.0,Jiganehalli,609544,Jigenehalli,5,70.0,64.0,0.0,12.118263,76.34690520000001,35.714285714285715,100,60.19,Medium,True
532,Chikkamagaluru,5529,Kadur,216855.0,Hirenallur,609407,Melenahalli,1,98.0,80.0,0.0,12.141836,76.331398,7.142857142857142,100,60.16,Medium,True
630,Chikkaballapura,5599,Sidlaghatta,219024.0,Dibburahalli,926194,Yalagalahalli,1,98.0,80.0,0.0,13.570709,77.774926,7.142857142857142,100,60.16,Medium,True
542,Kolar,5592,Malur,218983.0,Santehalli,622188,Veerapura,5,71.0,60.0,0.0,12.938248999999999,78.2187192,35.714285714285715,100,60.14,Medium,True
546,Raichur,7403,Arakera,219695.0,Mustur,600686,Hungunbad,4,79.0,60.0,0.0,16.00707075,76.4296895,28.57142857142857,100,60.08,Medium,True
527,Belagavi,5440,Bailahongala,215755.0,M. Nagalapur,598064,Kallur,1,92.0,100.0,0.0,16.38407,74.368835,7.142857142857142,100,60.06,Medium,True
539,Hassan,5553,Sakleshpur,218453.0,Malali,614908,Ramenahalli,4,96.0,75.0,1.0,13.165879,76.31892500000001,28.57142857142857,50,60.03,Medium,True
530,Vijayapura,7069,Babaleshwar,216538.0,Kumathe,599108,Kumathe,4,76.0,70.0,0.0,16.63800525,75.8318095,28.57142857142857,100,60.03,Medium,True
528,Ballari,5501,Sandur,216263.0,Taranagar,605019,Gowripur,4,76.0,70.0,0.0,15.23146575,76.576193,28.57142857142857,100,60.03,Medium,True
550,Uttara Kannada,5485,Kumta,220676.0,Nadumaskeri,603411,Harumaskeri,4,76.0,70.0,0.0,15.32731125,74.768214,28.57142857142857,100,60.03,Medium,True
533,Chitradurga,5507,Hosdurga,217168.0,Kanchipura,606023,Doddakarpuradakatte,3,87.0,60.0,0.0,14.210406,76.41089866666667,21.428571428571427,100,60.02,Medium,True
533,Chitradurga,5506,Holalkere,217136.0,Muthugadur,927685,Uddgee Gollarahatti,3,87.0,60.0,0.0,14.112311,76.25651466666666,21.428571428571427,100,60.02,Medium,True
630,Chikkaballapura,7407,Chelur,218782.0,Racheravu,623972,Musaliganapalli,3,87.0,60.0,0.0,13.390349,77.71739633333334,21.428571428571427,100,60.02,Medium,True
532,Chikkamagaluru,5528,Tarikere,216992.0,Karkuchi,609102,Sevalal Nagar,3,85.0,66.66666666666667,0.0,12.699867,76.969915,21.428571428571427,100,59.99,Low,False
548,Tumakuru,5533,Sira,220294.0,Chinnenahalli,610512,Haldodderi,3,85.0,66.66666666666667,0.0,13.178109333333333,76.549933,21.428571428571427,100,59.99,Low,False
544,Mandya,5546,Krishnarajpet,219209.0,Anagola,613369,Anegola,2,95.0,60.0,0.0,12.51284,76.90725950000001,14.285714285714285,100,59.96,Low,False
529,Bidar,5455,Bhalki,216369.0,Ambesangvi,599893,Hupla,2,95.0,60.0,0.0,17.7881645,77.14314949999999,14.285714285714285,100,59.96,Low,False
547,Shivamogga,5515,Sagar,219917.0,Kalmane,607334,Chipli Lingadahalli,2,95.0,60.0,0.0,13.9538155,75.5593115,14.285714285714285,100,59.96,Low,False
546,Raichur,5463,Sindhnur,219815.0,Gunjalli,601076,Hosshalli (K),2,92.0,70.0,0.0,16.3104145,77.511717,14.285714285714285,100,59.91,Low,False
539,Hassan,5560,Channarayapatna,218331.0,Baladare,617068,Hirihalli,2,92.0,70.0,0.0,12.8013285,76.25887399999999,14.285714285714285,100,59.91,Low,False
535,Davanagere,5512,Davanagere,217480.0,Hunnuru,606611,Honnur,2,92.0,70.0,0.0,14.472017000000001,75.91856000000001,14.285714285714285,100,59.91,Low,False
532,Chikkamagaluru,5531,Mudigere,216926.0,Hesagal (Belagola),609962,Kademadkal,2,92.0,70.0,0.0,12.128245499999998,76.33607,14.285714285714285,100,59.91,Low,False
526,Bengaluru Rural,5602,Doddaballapura,215460.0,Kadanuru,625209,Madagondanahalli,4,77.0,65.0,0.0,13.3166755,77.51420475,28.57142857142857,100,59.88,Low,False
549,Udupi,7068,Brahmavara,220511.0,Barkur,608769,Hosala,2,89.0,80.0,0.0,13.676454,74.6449035,14.285714285714285,100,59.86,Low,False
531,Chamarajanagar,5576,Gundlupet,216723.0,Hangala,619574,Hangala,2,89.0,80.0,0.0,11.907032000000001,76.939101,14.285714285714285,100,59.86,Low,False
532,Chikkamagaluru,5529,Kadur,216876.0,Pura,609451,Meredevarahalli,4,74.0,75.0,0.0,12.70803675,76.9480945,28.57142857142857,100,59.83,Low,False
539,Hassan,5559,Hole Narsipur,218412.0,Doddakadanur,617005,Bachanahalli,1,97.0,80.0,0.0,12.623948,76.055387,7.142857142857142,100,59.81,Low,False
550,Uttara Kannada,5481,Yellapur,220768.0,Ummachagi,602985,Sankadagundi,2,86.0,90.0,0.0,15.4142045,74.4780585,14.285714285714285,100,59.81,Low,False
545,Mysuru,7230,Saligrama,219527.0,Thandre,618539,Kuppahalli,5,70.0,60.0,0.0,12.1916188,76.5453988,35.714285714285715,100,59.79,Low,False
532,Chikkamagaluru,5530,Chikkamagaluru,216793.0,Basaravalli,609716,Arenoor,5,70.0,60.0,0.0,12.7067256,76.959666,35.714285714285715,100,59.79,Low,False
545,Mysuru,5575,Tirumakudal - Narsipur,219659.0,Muguru,619419,Hosahalli,4,78.0,60.0,0.0,12.20724725,76.478546,28.57142857142857,100,59.73,Low,False
542,Kolar,5594,Mulbagal,218999.0,Gummakal,623123,Kammasandra,4,78.0,60.0,0.0,13.138698,78.4722145,28.57142857142857,100,59.73,Low,False
547,Shivamogga,5515,Sagar,219924.0,Maratturu,607164,Kibbachalu,4,78.0,60.0,0.0,14.3709855,75.105415,28.57142857142857,100,59.73,Low,False
529,Bidar,5454,Basavakalyan,216363.0,Tadola,599759,Tadola,3,86.0,60.0,0.0,17.942802666666665,77.489031,21.428571428571427,100,59.67,Low,False
538,Kalaburagi,5580,Aland,217905.0,Kinni Sultan,619973,Salegaon,3,86.0,60.0,0.0,17.229388333333333,77.08717433333334,21.428571428571427,100,59.67,Low,False
533,Chitradurga,5504,Challakere,217035.0,Nagaramgere,605340,Lakshmipura,3,86.0,60.0,0.0,14.224548333333333,76.39486000000001,21.428571428571427,100,59.67,Low,False
539,Hassan,5554,Belur,218307.0,Hulugundi,615344,Hulugundi,3,86.0,60.0,0.0,12.826169333333333,76.05135633333333,21.428571428571427,100,59.67,Low,False
530,Vijayapura,5450,Indi,216573.0,Horti,599225,Horti,3,84.0,66.66666666666667,0.0,16.653781,75.80789566666665,21.428571428571427,100,59.64,Low,False
539,Hassan,5553,Sakleshpur,218440.0,Devaladakere,614851,Neekanahalli,3,84.0,66.66666666666667,0.0,13.162605,75.87995599999999,21.428571428571427,100,59.64,Low,False
542,Kolar,5594,Mulbagal,218989.0,Alangur,623002,Yachana Kogileri,2,94.0,60.0,0.0,13.2495585,78.3033955,14.285714285714285,100,59.61,Low,False
542,Kolar,5592,Malur,218978.0,Chokkandahalli,622167,Kadadenahalli,2,94.0,60.0,0.0,13.245183,78.32329200000001,14.285714285714285,100,59.61,Low,False
544,Mandya,5548,Pandavapura,219414.0,T.S. Chatra,614083,Kanchanahalli,3,82.0,73.33333333333333,0.0,12.389679666666666,76.80530333333333,21.428571428571427,100,59.6,Low,False
529,Bidar,7086,Hulsoor,216345.0,Hulsoor,599725,Soldabka,4,99.0,60.0,1.0,18.10950475,77.01910425,28.57142857142857,50,59.58,Low,False
548,Tumakuru,5532,Chiknayakanhalli,220111.0,Kandikere,610145,Bhyralinganahalli,4,99.0,60.0,1.0,13.49806825,76.46095575,28.57142857142857,50,59.58,Low,False
545,Mysuru,5569,Piriyapatna,219626.0,Kittur,618163,Kithoor,2,91.0,70.0,0.0,12.4286365,76.50411349999999,14.285714285714285,100,59.56,Low,False
546,Raichur,5459,Lingasugur,219733.0,Upparnandihal,600366,Kannapur Hatti,2,91.0,70.0,0.0,16.1708125,76.536914,14.285714285714285,100,59.56,Low,False
544,Mandya,5548,Pandavapura,219407.0,Kennalu,614188,Haralahalli,2,91.0,70.0,0.0,12.423239500000001,76.698118,14.285714285714285,100,59.56,Low,False
530,Vijayapura,7071,Devara Hipparagi,216654.0,Kerutagi,599426,Tilgul,4,76.0,65.0,0.0,16.654021999999998,75.59207825,28.57142857142857,100,59.53,Low,False
533,Chitradurga,5504,Challakere,217044.0,Ramajogihalli,605323,Jannenahalli,2,88.0,80.0,0.0,14.0851495,76.2897055,14.285714285714285,100,59.51,Low,False
541,Kodagu,5567,Somvarpet,218691.0,Besur,923942,Basavanare,4,73.0,75.0,0.0,12.4045425,75.7552045,28.57142857142857,100,59.48,Low,False
535,Davanagere,5511,Jagalur,217616.0,Diddige,606429,Kenchammanagathihalli,4,73.0,75.0,0.0,14.471269249999999,75.92191325,28.57142857142857,100,59.48,Low,False
527,Belagavi,5433,Chikodi,215815.0,Malikawad,597174,Malikwad,4,73.0,75.0,0.0,15.822185750000001,74.59519225,28.57142857142857,100,59.48,Low,False
524,Bagalkote,5444,Bilgi,215222.0,Teggi,598489,Teggi,1,96.0,80.0,0.0,15.907383,75.663533,7.142857142857142,100,59.46,Low,False
550,Uttara Kannada,5486,Siddapur,220709.0,Shiralgi,603718,Mugdur,5,87.0,72.0,1.0,15.1424094,74.6576,35.714285714285715,50,59.44,Low,False
547,Shivamogga,5516,Sorab,220021.0,Bennur,607513,Sambapura,4,77.0,60.0,0.0,14.155768250000001,75.04394925,28.57142857142857,100,59.38,Low,False
539,Hassan,5558,Arkalgud,218225.0,Ganjalagodu,616621,Haradoor,4,77.0,60.0,0.0,12.922911,76.36540074999999,28.57142857142857,100,59.38,Low,False
635,Yadgir,5588,Shahpur,218102.0,Kannekollur,621120,Benkanhalli Jagir,1,90.0,100.0,0.0,16.724315,76.738327,7.142857142857142,100,59.36,Low,False
548,Tumakuru,5536,Koratagere,220173.0,Nilagondanahalli,611174,Sankenahalli,6,91.0,73.33333333333333,2.0,13.627064833333334,76.91684616666667,42.857142857142854,20,59.33,Low,False
544,Mandya,5551,Maddur,219279.0,Yadaganahalli,614617,Sabbanahalli,3,85.0,60.0,0.0,12.702883666666667,77.08040533333333,21.428571428571427,100,59.32,Low,False
539,Hassan,5560,Channarayapatna,218350.0,Kantharajapura,617366,Kantharajapura,3,85.0,60.0,0.0,13.409302333333335,76.172858,21.428571428571427,100,59.32,Low,False
543,Koppal,5465,Kushtagi,273141.0,Hirenandihal,601460,Hirenandihal,3,85.0,60.0,0.0,15.775046666666668,76.410371,21.428571428571427,100,59.32,Low,False
548,Tumakuru,5535,Madhugiri,220225.0,Chinakavajra,610852,Chinakavajra,3,83.0,66.66666666666667,0.0,13.443698333333332,76.529386,21.428571428571427,100,59.29,Low,False
544,Mandya,5550,Mandya,219343.0,Induvalu,614466,Sundahalli,2,93.0,60.0,0.0,12.240262000000001,77.130391,14.285714285714285,100,59.26,Low,False
547,Shivamogga,5517,Shikarpur,219977.0,Thalagunda,607714,Thalagunda,2,93.0,60.0,0.0,13.9358925,75.0512815,14.285714285714285,100,59.26,Low,False
549,Udupi,7066,Bainduru,220481.0,Kergal,608665,Nandanavana,3,81.0,73.33333333333333,0.0,13.651133,74.75366566666666,21.428571428571427,100,59.25,Low,False
630,Chikkaballapura,5596,Chikkaballapura,218829.0,Dibburu,623575,Rayappanahalli,3,81.0,73.33333333333333,0.0,13.584483333333333,77.796589,21.428571428571427,100,59.25,Low,False
533,Chitradurga,5503,Molakalmuru,217192.0,Nerlahalli,605208,Gundluru,3,81.0,73.33333333333333,0.0,14.091315333333334,76.28355933333333,21.428571428571427,100,59.25,Low,False
532,Chikkamagaluru,5530,Chikkamagaluru,216821.0,Mailimane,609822,Mylimane Estate,2,90.0,70.0,0.0,12.136092999999999,76.3184195,14.285714285714285,100,59.21,Low,False
630,Chikkaballapura,5599,Sidlaghatta,219044.0,Y. Hunasenahalli,624178,Kadirinaikanahalli,4,75.0,65.0,0.0,13.25582525,76.53650475,28.57142857142857,100,59.18,Low,False
533,Chitradurga,5505,Chitradurga,217056.0,Bharamasagara,605439,Bevinahalli,2,87.0,80.0,0.0,14.0828485,76.26278500000001,14.285714285714285,100,59.16,Low,False
550,Uttara Kannada,5486,Siddapur,220697.0,Dodmane,603618,Naigar,2,87.0,80.0,0.0,14.8894605,74.36392699999999,14.285714285714285,100,59.16,Low,False
544,Mandya,5546,Krishnarajpet,219217.0,Dabbegatta,613397,Kalenahalli,2,87.0,80.0,0.0,12.6538275,76.491263,14.285714285714285,100,59.16,Low,False
526,Bengaluru Rural,5604,Hosakote,272724.0,Hettakki,625573,Oblahalli,2,87.0,80.0,0.0,13.314546,77.5164365,14.285714285714285,100,59.16,Low,False
525,Bengaluru Urban,7103,Yelahanka,215356.0,Hesarughatta,612865,Hesaraghatta,4,72.0,75.0,0.0,13.021177,77.61960049999999,28.57142857142857,100,59.13,Low,False
539,Hassan,5557,Alur,218213.0,Mallapura,616241,Nagavara,4,72.0,75.0,0.0,12.97057525,76.004777,28.57142857142857,100,59.13,Low,False
547,Shivamogga,5521,Bhadravati,219850.0,Gudumagatta,608526,Gudumagatta,1,95.0,80.0,0.0,14.058131,75.402704,7.142857142857142,100,59.11,Low,False
534,Dakshina Kannada,5561,Mangaluru,217335.0,Yedapadav,617486,Tenkayedapadavu,1,95.0,80.0,0.0,12.644969,75.599649,7.142857142857142,100,59.11,Low,False
548,Tumakuru,5535,Madhugiri,220233.0,Gondihalli,610967,Chikkathimmanahalli,3,84.0,60.0,0.0,12.827021333333334,77.04530333333334,21.428571428571427,100,58.97,Low,False
547,Shivamogga,5516,Sorab,220023.0,Chandragutti,607530,Holemaruru,3,84.0,60.0,0.0,13.999938,75.700309,21.428571428571427,100,58.97,Low,False
550,Uttara Kannada,5480,Haliyal,220607.0,Janaga,602873,Chinaginkop,3,84.0,60.0,0.0,14.858512666666668,74.118877,21.428571428571427,100,58.97,Low,False
548,Tumakuru,5536,Koratagere,220179.0,Yelerampura,611203,Irakasandra,3,84.0,60.0,0.0,14.080124,77.166724,21.428571428571427,100,58.97,Low,False
533,Chitradurga,5508,Hiriyur,217107.0,Kunikere,606142,Doddaghatta,3,84.0,60.0,0.0,14.149286333333334,76.23533933333333,21.428571428571427,100,58.97,Low,False
531,Chamarajanagar,5577,Chamarajanagar,216670.0,Arakalavadi,619725,Kuthanapura,3,84.0,60.0,0.0,11.911271999999999,76.932821,21.428571428571427,100,58.97,Low,False
545,Mysuru,5574,Nanjangud,219589.0,Karya,619283,Karepura,6,78.0,70.0,1.0,12.279209833333333,76.62527283333334,42.857142857142854,50,58.94,Low,False
547,Shivamogga,5516,Sorab,220043.0,Mutuguppe,607534,Kakkarasi,3,82.0,66.66666666666667,0.0,13.943013333333333,75.569311,21.428571428571427,100,58.94,Low,False
545,Mysuru,5570,Hunsur,219491.0,Mulluru,618327,Krishnapura,3,82.0,66.66666666666667,0.0,12.273228000000001,76.593767,21.428571428571427,100,58.94,Low,False
542,Kolar,5590,Srinivaspur,219046.0,Arikunte,621593,Nagedepalli,4,70.0,80.0,0.0,13.078026,78.184243,28.57142857142857,100,58.93,Low,False
532,Chikkamagaluru,5525,Sringeri,216961.0,Kere,608939,Hadikiruru,2,92.0,60.0,0.0,12.6940295,76.9748645,14.285714285714285,100,58.91,Low,False
537,Gadag,5470,Gadag,217766.0,Chinchali,602038,Neelagund,2,92.0,60.0,0.0,15.419563499999999,75.624415,14.285714285714285,100,58.91,Low,False
526,Bengaluru Rural,5601,Nelamangala,215583.0,Kalalaghatta,624829,Harvesandra,2,92.0,60.0,0.0,13.296829,77.8094375,14.285714285714285,100,58.91,Low,False
530,Vijayapura,5452,Basavana Bagevadi,216484.0,Kanakal,599556,Kannal,3,80.0,73.33333333333333,0.0,16.668915333333334,76.321772,21.428571428571427,100,58.9,Low,False
631,Bengaluru South,5605,Magadi,215553.0,Gudemaranahalli,625771,Yallapura,3,78.0,80.0,0.0,12.723840666666666,77.27869066666666,21.428571428571427,100,58.87,Low,False
547,Shivamogga,5516,Sorab,220033.0,Hosabale,607603,Hirale,1,100.0,60.0,0.0,13.922921,75.539515,7.142857142857142,100,58.86,Low,False
548,Tumakuru,5534,Pavagada,220273.0,Palavalli,610575,Palavalli,2,89.0,70.0,0.0,13.171587,76.66069250000001,14.285714285714285,100,58.86,Low,False
546,Raichur,7403,Arakera,219678.0,Ganadhal (Deodurga),600583,Sunnadkal,1,100.0,60.0,0.0,16.193713,77.343951,7.142857142857142,100,58.86,Low,False
531,Chamarajanagar,5576,Gundlupet,216732.0,Nenekatte,619484,Devalapura,1,100.0,60.0,0.0,11.934322,76.919697,7.142857142857142,100,58.86,Low,False
541,Kodagu,5566,Madikeri,218666.0,Bengoor Cherambane,617803,B.Badaga,1,100.0,60.0,0.0,12.423555,75.735237,7.142857142857142,100,58.86,Low,False
532,Chikkamagaluru,5530,Chikkamagaluru,216816.0,Kuduvalli,609836,Siravolalu,2,89.0,70.0,0.0,12.1225325,76.328608,14.285714285714285,100,58.86,Low,False
544,Mandya,5552,Malavalli,219292.0,H Basavapura,614773,Shivanahalli,1,100.0,60.0,0.0,12.53406,76.916748,7.142857142857142,100,58.86,Low,False
526,Bengaluru Rural,5601,Nelamangala,215596.0,Yentaganahalli,624919,Hanchipura,1,100.0,60.0,0.0,13.10527,77.386237,7.142857142857142,100,58.86,Low,False
545,Mysuru,5570,Hunsur,219494.0,Thattekere,618352,Thattekere,1,100.0,60.0,0.0,12.199321,76.415786,7.142857142857142,100,58.86,Low,False
550,Uttara Kannada,5486,Siddapur,220706.0,Kyadagi,603625,Gubbagod,2,89.0,70.0,0.0,14.2864035,74.4518015,14.285714285714285,100,58.86,Low,False
539,Hassan,5553,Sakleshpur,218456.0,Valalahalli,614986,Karadigala,1,100.0,60.0,0.0,13.082337,76.19728,7.142857142857142,100,58.86,Low,False
547,Shivamogga,5515,Sagar,219924.0,Maratturu,607159,Marthur,4,74.0,65.0,0.0,13.00984425,77.92285625,28.57142857142857,100,58.83,Low,False
548,Tumakuru,5539,Tiptur,220326.0,Baluvaneralu,611964,Muddenahalli,1,94.0,80.0,0.0,14.251084,77.047298,7.142857142857142,100,58.76,Low,False
547,Shivamogga,5519,Tirthahalli,220067.0,Guddekoppa,608224,Guddekoppa,2,83.0,90.0,0.0,13.9481435,75.5688175,14.285714285714285,100,58.76,Low,False
534,Dakshina Kannada,5562,Bantval,217228.0,Perne,617582,Perne,5,86.0,68.0,1.0,12.9244416,74.9669782,35.714285714285715,50,58.69,Low,False
539,Hassan,5553,Sakleshpur,218457.0,Vanagoor,615033,Goddu,5,86.0,68.0,1.0,13.021131400000002,76.1149668,35.714285714285715,50,58.69,Low,False
530,Vijayapura,5449,Vijayapura,273047.0,Jumanal,599083,Khatijapur,4,75.0,60.0,0.0,16.657956,76.29759525,28.57142857142857,100,58.68,Low,False
547,Shivamogga,5517,Shikarpur,219964.0,Kittadahalli,607794,Kavaspura,4,95.0,65.0,1.0,14.00555225,75.26692425,28.57142857142857,50,58.68,Low,False
631,Bengaluru South,5608,Kanakapura,215522.0,Kodihalli,626514,Mallapura (Satanuru Hobli),1,88.0,100.0,0.0,12.667891,77.472705,7.142857142857142,100,58.66,Low,False
635,Yadgir,5588,Shahpur,218099.0,Ibrahimpur,621138,Ibrahimpur,4,72.0,70.0,0.0,16.75693975,77.13742125,28.57142857142857,100,58.63,Low,False
528,Ballari,5500,Ballari,216129.0,Rupanagudi,604947,Kuntanahal,4,72.0,70.0,0.0,15.22023675,76.59143825,28.57142857142857,100,58.63,Low,False
539,Hassan,5553,Sakleshpur,218438.0,Byakaravalli,614916,Ibbadi,3,83.0,60.0,0.0,12.846309333333332,76.47586,21.428571428571427,100,58.62,Low,False
545,Mysuru,5574,Nanjangud,219580.0,Hediyala,619173,Maduvinahalli,3,81.0,66.66666666666667,0.0,12.458281333333334,76.55547433333334,21.428571428571427,100,58.59,Low,False
547,Shivamogga,5516,Sorab,220049.0,Talagaddi,607380,T.Madapura,3,81.0,66.66666666666667,0.0,13.835768999999999,75.70459933333333,21.428571428571427,100,58.59,Low,False
547,Shivamogga,5515,Sagar,219914.0,Herenelluru,607171,Hirenellur,2,91.0,60.0,0.0,13.979279,75.2585865,14.285714285714285,100,58.56,Low,False
548,Tumakuru,5537,Tumakuru,220355.0,Belagumba,611457,Maraluru Amanikere,3,79.0,73.33333333333333,0.0,13.507719999999999,77.2346,21.428571428571427,100,58.55,Low,False
548,Tumakuru,5541,Kunigal,220193.0,K.Honamaachana Halli,612682,Kodihalli,3,79.0,73.33333333333333,0.0,13.248097333333334,76.56164833333334,21.428571428571427,100,58.55,Low,False
526,Bengaluru Rural,5602,Doddaballapura,215457.0,Honnavara,625227,Kammasandra,3,77.0,80.0,0.0,12.772168333333333,77.65669633333333,21.428571428571427,100,58.52,Low,False
532,Chikkamagaluru,5531,Mudigere,216926.0,Hesagal (Belagola),609961,Naduvinamadkal,1,99.0,60.0,0.0,12.7021,76.967578,7.142857142857142,100,58.51,Low,False
544,Mandya,5549,Shrirangapattana,219430.0,Mundugadore,614245,Vadiyandahalli,1,99.0,60.0,0.0,12.504579,76.877096,7.142857142857142,100,58.51,Low,False
543,Koppal,5467,Koppal,219139.0,Mattur,601736,Tigari,1,99.0,60.0,0.0,15.351234,76.16627,7.142857142857142,100,58.51,Low,False
533,Chitradurga,5507,Hosdurga,217180.0,Srirampura,605998,Banapura,1,99.0,60.0,0.0,12.987205,77.5452,7.142857142857142,100,58.51,Low,False
548,Tumakuru,5541,Kunigal,220209.0,Taredkuppa,612505,Taredakuppe,2,88.0,70.0,0.0,13.2628845,76.3803985,14.285714285714285,100,58.51,Low,False
630,Chikkaballapura,5596,Chikkaballapura,218844.0,Poshottahalli,623598,Chokkanahalli,3,75.0,86.66666666666667,0.0,13.589431666666668,77.80127,21.428571428571427,100,58.49,Low,False
548,Tumakuru,5536,Koratagere,220168.0,Hullikunte,611065,Kamenahalli,4,73.0,65.0,0.0,13.343507500000001,77.123256,28.57142857142857,100,58.48,Low,False
550,Uttara Kannada,5486,Siddapur,220713.0,Wajgod,603655,Hukali (Wajgod),4,73.0,65.0,0.0,14.791719,74.11380150000001,28.57142857142857,100,58.48,Low,False
548,Tumakuru,5535,Madhugiri,220238.0,Kavanadala,610790,Angadithimanapalya,4,73.0,65.0,0.0,14.04519625,77.17898075,28.57142857142857,100,58.48,Low,False
541,Kodagu,5566,Madikeri,218670.0,Galibeedu,938968,Bari Bellachchu,2,85.0,80.0,0.0,12.386003500000001,75.52558400000001,14.285714285714285,100,58.46,Low,False
548,Tumakuru,5532,Chiknayakanhalli,220114.0,Kuppur,610081,Tagacheghatta,2,85.0,80.0,0.0,13.3425415,77.091913,14.285714285714285,100,58.46,Low,False
631,Bengaluru South,5605,Magadi,215561.0,Lakkenahalli,625872,Chikkenahalli,4,70.0,75.0,0.0,12.675484749999999,77.47043675,28.57142857142857,100,58.43,Low,False
550,Uttara Kannada,5483,Sirsi,220738.0,Unchalli,603290,Halsinkoppa,4,70.0,75.0,0.0,14.8406305,74.14600825,28.57142857142857,100,58.43,Low,False
538,Kalaburagi,5582,Kalaburagi,217994.0,Bhimalli,620258,Jaferabad,4,70.0,75.0,0.0,17.2568105,77.123116,28.57142857142857,100,58.43,Low,False
541,Kodagu,5568,Virajpet,218749.0,Kedamullur,618002,Palangala,2,82.0,90.0,0.0,12.42635,75.735094,14.285714285714285,100,58.41,Low,False
526,Bengaluru Rural,5601,Nelamangala,215591.0,Sompura,624792,Maddenahalli,1,93.0,80.0,0.0,14.643923,76.483213,7.142857142857142,100,58.41,Low,False
550,Uttara Kannada,5481,Yellapur,220767.0,Nandolli,602937,Heggumbale,2,79.0,100.0,0.0,14.812365,74.14074099999999,14.285714285714285,100,58.36,Low,False
544,Mandya,5547,Nagamangala,219381.0,Kadabahalli,613678,Devaramavinakere,1,87.0,100.0,0.0,12.513066,76.89886,7.142857142857142,100,58.31,Low,False
545,Mysuru,7230,Saligrama,219499.0,Ankanahally,618619,Ankanahalli,4,71.0,70.0,0.0,12.242653,76.47311175,28.57142857142857,100,58.28,Low,False
539,Hassan,5559,Hole Narsipur,218407.0,Anekannambadi,617001,Upparahosahalli,4,71.0,70.0,0.0,12.92551975,76.55077,28.57142857142857,100,58.28,Low,False
547,Shivamogga,5518,Hosanagara,219875.0,Andagadhudhuru,608037,Kabale,4,71.0,70.0,0.0,12.990306499999999,77.93706875,28.57142857142857,100,58.28,Low,False
542,Kolar,5593,Bangarapet,218809.0,Ketaganahalli,622538,Paravanahalli,4,71.0,70.0,0.0,13.09871925,78.15850575,28.57142857142857,100,58.28,Low,False
630,Chikkaballapura,7404,Manchenahalli,218911.0,Pura,623387,Dwaraganahalli,4,71.0,70.0,0.0,13.39405425,77.69044500000001,28.57142857142857,100,58.28,Low,False
539,Hassan,5560,Channarayapatna,218356.0,Mathigatta,617347,Sorekayipura,3,82.0,60.0,0.0,12.802309,76.07696433333334,21.428571428571427,100,58.27,Low,False
546,Raichur,5463,Sindhnur,219826.0,Ramathnal,601160,Ramathanhal,3,82.0,60.0,0.0,16.179355666666666,77.34203033333334,21.428571428571427,100,58.27,Low,False
526,Bengaluru Rural,5602,Doddaballapura,215466.0,Majara Hosahalli,625129,Hosahudya,3,82.0,60.0,0.0,13.208277,77.91241699999999,21.428571428571427,100,58.27,Low,False
540,Haveri,5491,Hangal,218491.0,Hirehullala,604159,Tavargoppa,3,82.0,60.0,0.0,14.975440999999998,75.21512166666666,21.428571428571427,100,58.27,Low,False
540,Haveri,5494,Hirekerur,218570.0,Koda,604393,Shanakaranahalli-M-Kod,3,80.0,66.66666666666667,0.0,14.767292666666668,75.381284,21.428571428571427,100,58.24,Low,False
538,Kalaburagi,5582,Kalaburagi,218013.0,Kusnoor,620321,Rajapura,3,80.0,66.66666666666667,0.0,14.114126999999998,77.02754166666666,21.428571428571427,100,58.24,Low,False
544,Mandya,5546,Krishnarajpet,219222.0,Ichanahalli,613662,Chokanahalli,2,90.0,60.0,0.0,12.4981875,77.0499075,14.285714285714285,100,58.21,Low,False
550,Uttara Kannada,5486,Siddapur,220710.0,Sovinkoppa,603629,Sovinkoppa,2,90.0,60.0,0.0,13.998881,74.54636149999999,14.285714285714285,100,58.21,Low,False
539,Hassan,5554,Belur,218312.0,Kodihalli,615297,Suranaikanahalli,2,90.0,60.0,0.0,13.02332,75.787407,14.285714285714285,100,58.21,Low,False
527,Belagavi,5434,Athni,215636.0,Katageri,597347,Katageri,2,90.0,60.0,0.0,15.685074,74.9394925,14.285714285714285,100,58.21,Low,False
534,Dakshina Kannada,7104,Kadaba,217370.0,Savanuru,617722,Palthadi,3,78.0,73.33333333333333,0.0,12.776374333333331,75.17321199999999,21.428571428571427,100,58.2,Low,False
631,Bengaluru South,7196,Harohalli,215539.0,Thokasandra,626398,Thokasandra,3,78.0,73.33333333333333,0.0,12.731853000000001,77.30582833333334,21.428571428571427,100,58.2,Low,False
526,Bengaluru Rural,5602,Doddaballapura,215456.0,Heggadihalli,625074,Udanahalli,3,76.0,80.0,0.0,13.302791666666666,77.78874333333333,21.428571428571427,100,58.17,Low,False
536,Dharwad,5474,Navalgund,217745.0,Javur,602321,Javoor,3,76.0,80.0,0.0,15.352387666666667,75.14343066666667,21.428571428571427,100,58.17,Low,False
546,Raichur,7097,Sirwar,219758.0,Mallat,600952,Patakam Doddi,3,76.0,80.0,0.0,15.957028,76.66857933333334,21.428571428571427,100,58.17,Low,False
532,Chikkamagaluru,5530,Chikkamagaluru,216800.0,Byguru,609711,Bygoor,2,87.0,70.0,0.0,12.132477999999999,76.3229685,14.285714285714285,100,58.16,Low,False
548,Tumakuru,5541,Kunigal,220194.0,Kaggere,612475,Avaragere,2,87.0,70.0,0.0,14.656973,76.08463649999999,14.285714285714285,100,58.16,Low,False
532,Chikkamagaluru,5529,Kadur,216867.0,Malleshwara,609497,Chowdlapura,1,98.0,60.0,0.0,12.106858,76.315461,7.142857142857142,100,58.16,Low,False
544,Mandya,5547,Nagamangala,219386.0,Mannahalli,614020,Hettagonahalli,2,87.0,70.0,0.0,12.527826000000001,76.912,14.285714285714285,100,58.16,Low,False
530,Vijayapura,5449,Vijayapura,216540.0,Madabhavi,599098,Kaulagi,2,87.0,70.0,0.0,16.68175,75.575931,14.285714285714285,100,58.16,Low,False
535,Davanagere,5512,Davanagere,217484.0,Kaidale,606583,Naikanahalli,1,98.0,60.0,0.0,14.523858,75.820468,7.142857142857142,100,58.16,Low,False
532,Chikkamagaluru,7078,Ajjampura,216982.0,Gadihalli,609288,Kallapura,1,98.0,60.0,0.0,12.138818,76.336361,7.142857142857142,100,58.16,Low,False
630,Chikkaballapura,5600,Chintamani,218873.0,Raguttahalli,624398,Kanikalahalli,1,98.0,60.0,0.0,13.595187,77.800593,7.142857142857142,100,58.16,Low,False
544,Mandya,5552,Malavalli,219299.0,Kalkuni,614683,Honaganahalli,1,98.0,60.0,0.0,12.261814,77.118301,7.142857142857142,100,58.16,Low,False
539,Hassan,5556,Hassan,218403.0,Tejur,616052,Doddakondagula,1,98.0,60.0,0.0,12.916687,76.396095,7.142857142857142,100,58.16,Low,False
542,Kolar,5591,Kolar,218924.0,Ammanallur,621740,Krishnapura,2,84.0,80.0,0.0,13.142875499999999,78.13394249999999,14.285714285714285,100,58.11,Low,False
549,Udupi,5524,Karkal,220431.0,Marne,608882,Hermunde,4,73.0,60.0,0.0,13.227857499999999,74.8234075,28.57142857142857,100,57.98,Low,False
540,Haveri,7106,Rattihalli,218552.0,Anaji,604467,Thirumalapura,4,73.0,60.0,0.0,14.77302125,75.3999755,28.57142857142857,100,57.98,Low,False
635,Yadgir,7095,Wadagera,272744.0,Aikur,621172,Hanchinal,4,70.0,70.0,0.0,16.35872775,76.422451,28.57142857142857,100,57.93,Low,False
526,Bengaluru Rural,5604,Hosakote,215483.0,Ittasandra,625475,Cheemasandra,4,70.0,70.0,0.0,12.7715855,77.6419595,28.57142857142857,100,57.93,Low,False
545,Mysuru,5571,Krishnarajanagara,273328.0,Siddapura,618627,Kanchagarakoppalu,3,81.0,60.0,0.0,12.236138000000002,76.39031833333333,21.428571428571427,100,57.92,Low,False
539,Hassan,5554,Belur,218304.0,Halebeedu,615272,Motihalli,3,81.0,60.0,0.0,12.996464000000001,76.096509,21.428571428571427,100,57.92,Low,False
542,Kolar,5592,Malur,218980.0,Nosagere,622169,Chikkapura,3,81.0,60.0,0.0,12.965152333333334,78.25951233333333,21.428571428571427,100,57.92,Low,False
539,Hassan,5560,Channarayapatna,218353.0,Kumbenahalli,617107,Somadevarapura,3,81.0,60.0,0.0,13.016247666666667,76.09837233333333,21.428571428571427,100,57.92,Low,False
537,Gadag,5469,Ron,217820.0,Hullur,601908,Somanakatti,3,79.0,66.66666666666667,0.0,15.441792333333334,75.61720666666666,21.428571428571427,100,57.89,Low,False
539,Hassan,5557,Alur,218204.0,Ganjigere,938879,Kakanahalli,2,89.0,60.0,0.0,12.931049,76.369626,14.285714285714285,100,57.86,Low,False
548,Tumakuru,5535,Madhugiri,220251.0,Reddyhalli,610671,Lakshmipura,2,89.0,60.0,0.0,13.1578645,76.278783,14.285714285714285,100,57.86,Low,False
631,Bengaluru South,5608,Kanakapura,215517.0,Honniganahalli,626525,Kemmale,2,89.0,60.0,0.0,12.7230485,77.289446,14.285714285714285,100,57.86,Low,False
539,Hassan,5555,Arsikere,218250.0,Bandur,615468,Dhananjayapura,2,89.0,60.0,0.0,12.8307805,76.070798,14.285714285714285,100,57.86,Low,False
539,Hassan,5554,Belur,218296.0,Chatchatnahalli,615285,Chatchatnahalli,2,89.0,60.0,0.0,13.2175485,75.9803615,14.285714285714285,100,57.86,Low,False
535,Davanagere,5513,Honnali,217586.0,Kammaragatta,606794,Gantyapura,3,77.0,73.33333333333333,0.0,14.464536,75.93295633333334,21.428571428571427,100,57.85,Low,False
536,Dharwad,5473,Dharwad,217658.0,Narendra,602235,Khanapur-M-Narendra,3,77.0,73.33333333333333,0.0,15.292383000000001,75.22933966666666,21.428571428571427,100,57.85,Low,False
630,Chikkaballapura,5596,Chikkaballapura,218836.0,Kondenahalli,623650,Sambaragidada Kavalu,3,77.0,73.33333333333333,0.0,13.251340333333333,76.53960166666667,21.428571428571427,100,57.85,Low,False
536,Dharwad,5476,Kalghatgi,217703.0,Madakihonnahalli,602471,Madkihonnihalli,3,75.0,80.0,0.0,15.459904666666667,75.30352566666666,21.428571428571427,100,57.82,Low,False
538,Kalaburagi,5586,Jevargi,218043.0,Jeratgi,620743,Mulhalli,2,86.0,70.0,0.0,17.2057005,76.34848099999999,14.285714285714285,100,57.81,Low,False
548,Tumakuru,5539,Tiptur,220344.0,Nagaraghatta,612152,Shakunagiri Gollarahatti,1,97.0,60.0,0.0,13.298847,76.628674,7.142857142857142,100,57.81,Low,False
548,Tumakuru,5534,Pavagada,220283.0,Vadanakallu,948561,Lingadahalli,1,97.0,60.0,0.0,12.921301,76.923784,7.142857142857142,100,57.81,Low,False
539,Hassan,5557,Alur,218210.0,Kunduru,616470,Kamenahalli,1,97.0,60.0,0.0,12.908368,76.386446,7.142857142857142,100,57.81,Low,False
547,Shivamogga,5521,Bhadravati,219846.0,Dasarakallahalli,608550,Dasarakallahalli,1,97.0,60.0,0.0,13.854974,75.677799,7.142857142857142,100,57.81,Low,False
548,Tumakuru,5541,Kunigal,220206.0,Paduvagere,612679,Doddakallahalli,2,86.0,70.0,0.0,13.1617395,76.5516075,14.285714285714285,100,57.81,Low,False
630,Chikkaballapura,5596,Chikkaballapura,218835.0,Kammaguttahalli,623441,Bommaganahalli,3,73.0,86.66666666666667,0.0,13.265015333333332,76.526589,21.428571428571427,100,57.79,Low,False
547,Shivamogga,5517,Shikarpur,219969.0,Mattikote,607782,Nimbegondi,4,71.0,65.0,0.0,14.3658335,75.26927025,28.57142857142857,100,57.78,Low,False
538,Kalaburagi,7090,Kamalapur,217996.0,Dongargaon,620183,Dongeragaon,4,71.0,65.0,0.0,17.18846975,76.51347849999999,28.57142857142857,100,57.78,Low,False
538,Kalaburagi,7087,Kalagi,217967.0,Gotor,620623,Malaghan,4,91.0,70.0,1.0,17.39887975,76.783909,28.57142857142857,50,57.78,Low,False
541,Kodagu,5567,Somvarpet,218718.0,Nerugalale,617943,Nerugalale,2,83.0,80.0,0.0,12.198235,75.81768299999999,14.285714285714285,100,57.76,Low,False
529,Bidar,5457,Bidar,216424.0,Mandaknalli,600213,Kangankot,1,91.0,80.0,0.0,17.826889,76.86838,7.142857142857142,100,57.71,Low,False
527,Belagavi,5435,Raybag,216091.0,Mekhali,597370,Bavachi,1,91.0,80.0,0.0,16.765825,75.25775,7.142857142857142,100,57.71,Low,False
544,Mandya,5547,Nagamangala,219387.0,Mayigonahalli,613872,Padavalamallenahalli,1,91.0,80.0,0.0,12.57624,76.832671,7.142857142857142,100,57.71,Low,False
548,Tumakuru,5538,Gubbi,220133.0,Doddagunni,611761,N.Hosahalli,3,98.0,73.33333333333333,1.0,13.163667666666667,76.267109,21.428571428571427,50,57.7,Low,False
532,Chikkamagaluru,5531,Mudigere,216922.0,Daradahalli,609987,Daradahalli,4,72.0,60.0,0.0,12.71252625,76.96845175,28.57142857142857,100,57.63,Low,False
527,Belagavi,5440,Bailahongala,215743.0,H.Nagalapur,598131,Holinagalapur,4,72.0,60.0,0.0,16.318745,74.8784885,28.57142857142857,100,57.63,Low,False
548,Tumakuru,5535,Madhugiri,220223.0,Chikkadaalavatta,610873,Doddadalavatta,3,80.0,60.0,0.0,13.942208666666668,75.57480666666667,21.428571428571427,100,57.57,Low,False
548,Tumakuru,5537,Tumakuru,220351.0,Aregujjanahalli,611370,Anupanahalli,3,80.0,60.0,0.0,13.247153333333335,76.54197566666666,21.428571428571427,100,57.57,Low,False
549,Udupi,5524,Karkal,220438.0,Neere,608888,Kanajaru,3,78.0,66.66666666666667,0.0,13.670547666666666,74.664304,21.428571428571427,100,57.54,Low,False
524,Bagalkote,7398,Terdal,215262.0,Hangandi,598417,Hangandi,3,78.0,66.66666666666667,0.0,16.350432333333334,75.62649933333334,21.428571428571427,100,57.54,Low,False
540,Haveri,5490,Savanur,218633.0,Kurubaramallur,603987,Mavoor (Mahur),2,88.0,60.0,0.0,14.789882500000001,75.366364,14.285714285714285,100,57.51,Low,False
635,Yadgir,5589,Yadgir,218166.0,Arkera.B.,621245,Baswanthpur,3,76.0,73.33333333333333,0.0,16.679796,76.849835,21.428571428571427,100,57.5,Low,False
544,Mandya,5546,Krishnarajpet,219222.0,Ichanahalli,613528,Bommalapura,3,76.0,73.33333333333333,0.0,12.540391333333332,76.90912966666667,21.428571428571427,100,57.5,Low,False
544,Mandya,5547,Nagamangala,219373.0,Devalapura,613936,H.N.Kaval,3,76.0,73.33333333333333,0.0,12.661526666666667,76.48615233333334,21.428571428571427,100,57.5,Low,False
536,Dharwad,5477,Kundgol,273031.0,Devanur,602523,Bilebal,3,76.0,73.33333333333333,0.0,15.388808,75.23434733333333,21.428571428571427,100,57.5,Low,False
527,Belagavi,5441,Savadatti,216005.0,Hirebudnur,598190,Kutaranatti,3,76.0,73.33333333333333,0.0,16.031471666666665,74.44890633333334,21.428571428571427,100,57.5,Low,False
539,Hassan,5556,Hassan,218379.0,Hanumanthapura,616024,Doddabaganahalli,3,76.0,73.33333333333333,0.0,12.950939333333332,76.54183266666666,21.428571428571427,100,57.5,Low,False
537,Gadag,5472,Mundargi,272961.0,Shivajinagar,602140,Shivajinagar,4,93.0,60.0,1.0,15.43816725,75.66067699999999,28.57142857142857,50,57.48,Low,False
630,Chikkaballapura,5598,Bagepalli,218779.0,Paragodu,623856,Srinivasapura,1,96.0,60.0,0.0,13.575855,77.76442,7.142857142857142,100,57.46,Low,False
533,Chitradurga,5505,Chitradurga,217071.0,J.N. Kote,605575,Pallavagere,1,96.0,60.0,0.0,12.970143,77.577185,7.142857142857142,100,57.46,Low,False
529,Bidar,5455,Bhalki,216395.0,Saigaon,599855,Kesarjawalga,1,96.0,60.0,0.0,17.895653,77.191806,7.142857142857142,100,57.46,Low,False
526,Bengaluru Rural,5601,Nelamangala,215586.0,Manne,624742,Maddenahalli,2,85.0,70.0,0.0,13.0733645,77.76925449999999,14.285714285714285,100,57.46,Low,False
539,Hassan,5559,Hole Narsipur,218431.0,Sravanur,616932,Ediganahosur,1,96.0,60.0,0.0,12.925583,75.794701,7.142857142857142,100,57.46,Low,False
545,Mysuru,5570,Hunsur,219473.0,Challahalli,618477,Hallikere,4,70.0,65.0,0.0,12.2517905,76.52049975,28.57142857142857,100,57.43,Low,False
548,Tumakuru,5538,Gubbi,220155.0,Shivapura,611639,Galigekere,4,70.0,65.0,0.0,13.20152,77.18654575,28.57142857142857,100,57.43,Low,False
524,Bagalkote,5447,Bagalkot,273100.0,Timmapur,598812,Basavanagar,2,82.0,80.0,0.0,15.930688499999999,75.69190599999999,14.285714285714285,100,57.41,Low,False
535,Davanagere,7076,Nyamathi,217588.0,Kenchikoppa,606763,Arundi,2,82.0,80.0,0.0,14.500077000000001,76.324773,14.285714285714285,100,57.41,Low,False
539,Hassan,5560,Channarayapatna,218360.0,Noranakki,617087,Nambihalli,3,97.0,73.33333333333333,1.0,13.083164666666667,76.18349566666667,21.428571428571427,50,57.35,Low,False
524,Bagalkote,5446,Badami,215181.0,Sulikeri,598628,Kerakalamatti,3,95.0,80.0,1.0,16.199918333333333,75.482179,21.428571428571427,50,57.32,Low,False
541,Kodagu,5567,Somvarpet,218697.0,Dundalli,939039,Halkene,4,71.0,60.0,0.0,12.418645,75.7287065,28.57142857142857,100,57.28,Low,False
538,Kalaburagi,7089,Yadrami,218032.0,Balbatti,620837,Balbatti,4,71.0,60.0,0.0,17.25185125,76.968215,28.57142857142857,100,57.28,Low,False
548,Tumakuru,5540,Turuvekere,220412.0,Settigondanahalli,612407,Settigondanahalli,4,71.0,60.0,0.0,13.317129,76.3757245,28.57142857142857,100,57.28,Low,False
550,Uttara Kannada,5486,Siddapur,220696.0,Bilgi,603648,Golikai,3,79.0,60.0,0.0,14.633282,74.85912266666666,21.428571428571427,100,57.22,Low,False
630,Chikkaballapura,5600,Chintamani,218847.0,Batlahalli,624393,Kamaguttahalli,3,77.0,66.66666666666667,0.0,13.275614333333332,76.56106233333334,21.428571428571427,100,57.19,Low,False
630,Chikkaballapura,5595,Gauribidanur,218907.0,Muddalodu,623275,Mudalodu,2,87.0,60.0,0.0,13.5842525,77.7761845,14.285714285714285,100,57.16,Low,False
550,Uttara Kannada,5486,Siddapur,220711.0,Tarehalli - Kansur,603576,Adkalli,2,87.0,60.0,0.0,14.29655,74.456794,14.285714285714285,100,57.16,Low,False
631,Bengaluru South,5605,Magadi,215563.0,Madigondanahalli,625836,Kenchanapura,2,87.0,60.0,0.0,12.6723175,77.451554,14.285714285714285,100,57.16,Low,False
630,Chikkaballapura,5595,Gauribidanur,218914.0,Taridalu,623226,Somasettyhalli,2,87.0,60.0,0.0,13.2729425,76.5365935,14.285714285714285,100,57.16,Low,False
631,Bengaluru South,5607,Channapatna,215414.0,Neelasandra,626265,Sunnaghatta,3,75.0,73.33333333333333,0.0,12.600924333333333,77.11170266666666,21.428571428571427,100,57.15,Low,False
547,Shivamogga,5518,Hosanagara,219874.0,Amrutha,608005,Kammachi,1,95.0,60.0,0.0,13.931395,75.594766,7.142857142857142,100,57.11,Low,False
550,Uttara Kannada,5481,Yellapur,220760.0,Idgundi,602914,Gharwas,1,95.0,60.0,0.0,14.890347,74.333207,7.142857142857142,100,57.11,Low,False
631,Bengaluru South,5607,Channapatna,215409.0,Mandya Bommanayakanahally,626198,Mandya Bommanayakanahalli,1,95.0,60.0,0.0,12.73234,77.284617,7.142857142857142,100,57.11,Low,False
544,Mandya,5548,Pandavapura,219396.0,Dinka,939563,Sayappanahalli,4,89.0,70.0,1.0,12.44279025,77.21225275,28.57142857142857,50,57.08,Low,False
527,Belagavi,5442,Ramdurg,216055.0,K Junipeth,598372,K.Junipeth,3,100.0,60.0,1.0,15.792981333333332,74.738177,21.428571428571427,50,57.07,Low,False
532,Chikkamagaluru,5531,Mudigere,216935.0,Nandipura,609966,Kolugodu,2,81.0,80.0,0.0,12.1179145,76.32318000000001,14.285714285714285,100,57.06,Low,False
535,Davanagere,5513,Honnali,217605.0,Thimmalapur,606792,Tharaganahalli,1,89.0,80.0,0.0,14.465359,75.93035,7.142857142857142,100,57.01,Low,False
545,Mysuru,5570,Hunsur,219471.0,Bilikere,618456,Bommalapura,4,70.0,60.0,0.0,12.36656025,76.50582475,28.57142857142857,100,56.93,Low,False
547,Shivamogga,5521,Bhadravati,219841.0,Aralikoppa,608658,Ganguru,4,70.0,60.0,0.0,13.94287025,75.548185,28.57142857142857,100,56.93,Low,False
529,Bidar,5455,Bhalki,216387.0,Kurubkhelgi,599935,Kaplapur,1,83.0,100.0,0.0,18.052953,77.214724,7.142857142857142,100,56.91,Low,False
539,Hassan,5554,Belur,218322.0,Savasihalli,615289,Harubihalli,1,83.0,100.0,0.0,12.837438,76.467439,7.142857142857142,100,56.91,Low,False
545,Mysuru,5570,Hunsur,219480.0,Halebeedu,618457,Sabbanahalli,1,83.0,100.0,0.0,12.293066,76.634525,7.142857142857142,100,56.91,Low,False
533,Chitradurga,5506,Holalkere,217144.0,Talya,605810,Kumminagatta,1,83.0,100.0,0.0,14.083019,76.268457,7.142857142857142,100,56.91,Low,False
539,Hassan,5553,Sakleshpur,218447.0,Hosur,615047,Thadakalu,3,78.0,60.0,0.0,13.297189333333334,76.04917433333333,21.428571428571427,100,56.87,Low,False
539,Hassan,5560,Channarayapatna,218343.0,Hirisave,617358,Kothanahalli,3,78.0,60.0,0.0,12.944933999999998,75.79094066666667,21.428571428571427,100,56.87,Low,False
526,Bengaluru Rural,5603,Devanahalli,215433.0,Godlumuddena Halli,625343,Vijaypura,3,78.0,60.0,0.0,13.145905666666666,77.34437033333334,21.428571428571427,100,56.87,Low,False
542,Kolar,5592,Malur,218982.0,Rajenahalli,622306,Thuruvalahatti,3,78.0,60.0,0.0,13.087888999999999,78.338055,21.428571428571427,100,56.87,Low,False
534,Dakshina Kannada,5562,Bantval,217209.0,Kadeshwalya,617574,Kadeshwalya,6,72.0,70.0,1.0,12.8346055,75.0240485,42.857142857142854,50,56.84,Low,False
544,Mandya,5549,Shrirangapattana,219423.0,Hulikere,614273,Hulikere,3,76.0,66.66666666666667,0.0,12.640040333333332,76.934484,21.428571428571427,100,56.84,Low,False
544,Mandya,5546,Krishnarajpet,219213.0,Beeruvalli,613608,Dudukanahalli,2,86.0,60.0,0.0,12.62153,77.0133385,14.285714285714285,100,56.81,Low,False
539,Hassan,5555,Arsikere,218288.0,Undiganalu,615508,Kurudahalli,2,86.0,60.0,0.0,12.9987795,76.1050845,14.285714285714285,100,56.81,Low,False
538,Kalaburagi,5584,Sedam,218061.0,Adaki,620521,Biderched,2,86.0,60.0,0.0,17.577059499999997,76.56200150000001,14.285714285714285,100,56.81,Low,False
539,Hassan,5560,Channarayapatna,218327.0,Akkanahalli,617118,Basavanapura,2,86.0,60.0,0.0,13.02037,76.11064300000001,14.285714285714285,100,56.81,Low,False
539,Hassan,5558,Arkalgud,218218.0,Basavapatna,616754,Anjaneya Hosahalli,2,86.0,60.0,0.0,13.086505500000001,76.1857545,14.285714285714285,100,56.81,Low,False
547,Shivamogga,5515,Sagar,219937.0,Yadehalli,607293,Yadehalli,2,86.0,60.0,0.0,13.843294499999999,75.6783175,14.285714285714285,100,56.81,Low,False
533,Chitradurga,5505,Chitradurga,217076.0,Kunubevu,605503,Kunabevu,3,74.0,73.33333333333333,0.0,12.985914,77.56599966666667,21.428571428571427,100,56.8,Low,False
538,Kalaburagi,5585,Chittapur,217986.0,Ravor,620672,Gandhinagar,3,74.0,73.33333333333333,0.0,17.33618866666667,76.77114833333333,21.428571428571427,100,56.8,Low,False
548,Tumakuru,5538,Gubbi,220124.0,Adagur,611841,Gubbiamanikere,3,74.0,73.33333333333333,0.0,13.684675333333333,77.07485066666668,21.428571428571427,100,56.8,Low,False
533,Chitradurga,5503,Molakalmuru,217196.0,Thammenahalli,605147,Sirekola,3,74.0,73.33333333333333,0.0,14.234897666666667,76.40031866666666,21.428571428571427,100,56.8,Low,False
526,Bengaluru Rural,5604,Hosakote,215482.0,Giddappanahalli,625511,Yenagunte,4,91.0,60.0,1.0,13.09204325,77.39766825,28.57142857142857,50,56.78,Low,False
529,Bidar,5455,Bhalki,216399.0,Telgaon,599892,Siddapur,1,94.0,60.0,0.0,17.839413,77.250027,7.142857142857142,100,56.76,Low,False
542,Kolar,5593,Bangarapet,218805.0,Kamasamudra,622618,Kongarahalli,2,83.0,70.0,0.0,13.0107335,78.143061,14.285714285714285,100,56.76,Low,False
546,Raichur,7403,Arakera,219696.0,Nagadadinni,600673,Neelgal,1,94.0,60.0,0.0,16.143402,76.539167,7.142857142857142,100,56.76,Low,False
539,Hassan,5558,Arkalgud,218228.0,Holalagodu,616538,Singanakuppe,1,94.0,60.0,0.0,13.313262,76.267588,7.142857142857142,100,56.76,Low,False
532,Chikkamagaluru,5531,Mudigere,216931.0,Kirugunda,610022,Bettadamane,1,94.0,60.0,0.0,12.722467,76.953621,7.142857142857142,100,56.76,Low,False
542,Kolar,5590,Srinivaspur,219059.0,Mudinadagu,621402,Balevaripalli,3,70.0,86.66666666666667,0.0,13.097866333333334,78.33175999999999,21.428571428571427,100,56.74,Low,False
526,Bengaluru Rural,5601,Nelamangala,215579.0,Bhodihal,624878,Ananthapura,2,80.0,80.0,0.0,12.942039,77.81028,14.285714285714285,100,56.71,Low,False
540,Haveri,5489,Shiggaon,218647.0,Hanumarahalli,603944,Chakapur,1,82.0,100.0,0.0,14.418488,75.522868,7.142857142857142,100,56.56,Low,False
544,Mandya,5546,Krishnarajpet,219226.0,Maduvina Kodi,613629,Mellahalli,1,82.0,100.0,0.0,12.529235,76.916959,7.142857142857142,100,56.56,Low,False
525,Bengaluru Urban,5545,Anekal,215320.0,Haragadde,613174,Dyavasandra,6,84.0,70.0,2.0,12.979175666666668,77.58859983333333,42.857142857142854,20,56.54,Low,False
635,Yadgir,7096,Hunasagi,218124.0,Baichabal,620921,Kanhalli,4,86.0,75.0,1.0,16.45033275,76.5252485,28.57142857142857,50,56.53,Low,False
542,Kolar,5594,Mulbagal,218991.0,Angondahalli,622974,Kurubarahalli,3,77.0,60.0,0.0,12.967085333333335,78.34125233333333,21.428571428571427,100,56.52,Low,False
550,Uttara Kannada,5484,Ankola,220577.0,Mogta,603403,Brahmur,3,77.0,60.0,0.0,14.656582,74.32376466666666,21.428571428571427,100,56.52,Low,False
544,Mandya,5551,Maddur,219276.0,Thaggahalli,614505,Haralakere,3,77.0,60.0,0.0,12.414429,76.69663866666667,21.428571428571427,100,56.52,Low,False
546,Raichur,5461,Raichur,219790.0,Marchathal,600823,Pesaldinni,3,75.0,66.66666666666667,0.0,16.018288000000002,76.42653866666667,21.428571428571427,100,56.49,Low,False
535,Davanagere,5514,Channagiri,217407.0,Channeshapura,607043,Mavinakatte,3,75.0,66.66666666666667,0.0,14.452165333333333,75.94650666666666,21.428571428571427,100,56.49,Low,False
635,Yadgir,7095,Wadagera,218092.0,Gonal,621223,Sugoor,2,85.0,60.0,0.0,16.739806,76.7398695,14.285714285714285,100,56.46,Low,False
546,Raichur,5461,Raichur,219787.0,Linganakhanadodi,600840,Lingankhan Doddi,2,85.0,60.0,0.0,16.0101,76.435738,14.285714285714285,100,56.46,Low,False
544,Mandya,5549,Shrirangapattana,219430.0,Mundugadore,614246,G0bbaragala,2,85.0,60.0,0.0,12.662480500000001,76.659411,14.285714285714285,100,56.46,Low,False
547,Shivamogga,5515,Sagar,219935.0,Ulluru,607214,Hotalasara,3,73.0,73.33333333333333,0.0,13.905856333333332,75.54940866666666,21.428571428571427,100,56.45,Low,False
545,Mysuru,7098,Saraguru,219442.0,Bidarahalli,619073,Bettadavare Hundi,3,73.0,73.33333333333333,0.0,12.256198333333332,76.41486033333332,21.428571428571427,100,56.45,Low,False
547,Shivamogga,5517,Shikarpur,219955.0,Harogoppa,607836,Yerekatte,3,71.0,80.0,0.0,13.940507666666667,75.54275566666666,21.428571428571427,100,56.42,Low,False
533,Chitradurga,5506,Holalkere,217120.0,Adanur,605727,Chatnahalli,2,82.0,70.0,0.0,14.236241499999998,76.399015,14.285714285714285,100,56.41,Low,False
533,Chitradurga,5508,Hiriyur,217113.0,Ranganathapura,606169,Ranganathapura,1,93.0,60.0,0.0,14.222837,76.402699,7.142857142857142,100,56.41,Low,False
542,Kolar,5591,Kolar,218944.0,Annenahalli,621971,Mathikunte,1,93.0,60.0,0.0,13.354722,78.226975,7.142857142857142,100,56.41,Low,False
528,Ballari,5500,Ballari,216115.0,Handihal,604886,Handihal,1,93.0,60.0,0.0,15.141563,76.919605,7.142857142857142,100,56.41,Low,False
631,Bengaluru South,5607,Channapatna,215415.0,Rampura,626247,Devarahosahalli,2,82.0,70.0,0.0,12.666360000000001,77.19188299999999,14.285714285714285,100,56.41,Low,False
543,Koppal,5467,Koppal,219124.0,Hirebagnal,601776,Hireboganhal,3,98.0,60.0,1.0,15.347102999999999,76.148793,21.428571428571427,50,56.37,Low,False
548,Tumakuru,5537,Tumakuru,220389.0,Thimmarajanahalli,611252,Thimmarajanahalli,2,79.0,80.0,0.0,13.6632405,77.2187055,14.285714285714285,100,56.36,Low,False
530,Vijayapura,5453,Muddebihal,216597.0,Adavi Somanal,599660,Chavanbhavi,3,94.0,73.33333333333333,1.0,16.821489333333332,76.079944,21.428571428571427,50,56.3,Low,False
630,Chikkaballapura,5599,Sidlaghatta,219025.0,Doddateka Halli,624124,T.Peddanahalli,1,81.0,100.0,0.0,13.243447,76.538482,7.142857142857142,100,56.21,Low,False
545,Mysuru,7230,Saligrama,219521.0,Mayigowdanahally,618608,Nadappanahalli,1,81.0,100.0,0.0,12.294743,76.613501,7.142857142857142,100,56.21,Low,False
526,Bengaluru Rural,5603,Devanahalli,215443.0,Vishwanathpura,625366,Lakshmipura,1,81.0,100.0,0.0,13.079733,77.383553,7.142857142857142,100,56.21,Low,False
526,Bengaluru Rural,5604,Hosakote,215485.0,Kalkunte Agrahara,625740,Bylahalli,1,81.0,100.0,0.0,13.311161,77.517057,7.142857142857142,100,56.21,Low,False
542,Kolar,5594,Mulbagal,219003.0,Kappalamadugu,622996,N.Vaddahalli,6,72.0,63.333333333333336,1.0,13.117613,78.12570050000001,42.857142857142854,50,56.18,Low,False
535,Davanagere,5514,Channagiri,217453.0,Rudrapura,939199,Soolekere Kavalu,3,76.0,60.0,0.0,14.471098666666668,75.909633,21.428571428571427,100,56.17,Low,False
631,Bengaluru South,5605,Magadi,215548.0,Belagumba,625931,Harthi,3,76.0,60.0,0.0,12.556682,77.43469366666666,21.428571428571427,100,56.17,Low,False
548,Tumakuru,5541,Kunigal,220200.0,Kothagere,612537,Nilathahalli,3,76.0,60.0,0.0,14.668197333333334,76.067818,21.428571428571427,100,56.17,Low,False
630,Chikkaballapura,5600,Chintamani,218858.0,Kattariguppa,624532,Hussainpura,3,76.0,60.0,0.0,13.261339,76.53756366666666,21.428571428571427,100,56.17,Low,False
524,Bagalkote,7062,Ilkal,215244.0,Karadi,598954,Islampur,3,74.0,66.66666666666667,0.0,16.079785,76.05606933333333,21.428571428571427,100,56.14,Low,False
525,Bengaluru Urban,5545,Anekal,215325.0,Indlavadi,613304,Indlawadipura,2,84.0,60.0,0.0,13.4193575,76.626797,14.285714285714285,100,56.11,Low,False
547,Shivamogga,5521,Bhadravati,219859.0,Kummaranahalli,608587,Komaranahalli,2,84.0,60.0,0.0,13.49455,75.0988645,14.285714285714285,100,56.11,Low,False
547,Shivamogga,5521,Bhadravati,219872.0,Yedehalli,608554,Kenganalu,2,84.0,60.0,0.0,13.8541445,75.69352649999999,14.285714285714285,100,56.11,Low,False
630,Chikkaballapura,5597,Gudibanda,218919.0,Somenahalli,623784,Someswara,2,84.0,60.0,0.0,13.250288000000001,76.5393435,14.285714285714285,100,56.11,Low,False
547,Shivamogga,5515,Sagar,219905.0,Aralagodu,607151,Banumane,2,84.0,60.0,0.0,13.834088999999999,75.703364,14.285714285714285,100,56.11,Low,False
542,Kolar,5593,Bangarapet,218817.0,Soolikunte,622479,Madamangala,3,72.0,73.33333333333333,0.0,13.358511,78.256326,21.428571428571427,100,56.1,Low,False
550,Uttara Kannada,5486,Siddapur,220706.0,Kyadagi,603643,Sashiguli,3,72.0,73.33333333333333,0.0,14.846448666666667,74.13546833333334,21.428571428571427,100,56.1,Low,False
527,Belagavi,5439,Khanapur,215992.0,Shiroli,597922,Abanali,3,72.0,73.33333333333333,0.0,16.240115,75.80048733333334,21.428571428571427,100,56.1,Low,False
548,Tumakuru,5537,Tumakuru,220385.0,Siravara,611493,Sirivara,3,72.0,73.33333333333333,0.0,13.919185666666666,75.59286900000001,21.428571428571427,100,56.1,Low,False
548,Tumakuru,5532,Chiknayakanhalli,220098.0,Bellagulla,610068,Belaguli,3,72.0,73.33333333333333,0.0,13.338765,77.09911933333332,21.428571428571427,100,56.1,Low,False
530,Vijayapura,7073,Talikoti,273058.0,Bommanahalli,599700,Guttihal,3,72.0,73.33333333333333,0.0,17.17384733333333,75.9452,21.428571428571427,100,56.1,Low,False
542,Kolar,5592,Malur,218961.0,Araleri,622200,Bingipura,3,72.0,73.33333333333333,0.0,12.994148333333333,78.18072133333334,21.428571428571427,100,56.1,Low,False
524,Bagalkote,5443,Jamkhandi,215268.0,Jambagi B.K.,598463,Takkalaki,1,92.0,60.0,0.0,16.22145,75.484928,7.142857142857142,100,56.06,Low,False
539,Hassan,5560,Channarayapatna,218339.0,Didaga,617322,Karikyathanahalli,1,92.0,60.0,0.0,12.984174,76.209045,7.142857142857142,100,56.06,Low,False
532,Chikkamagaluru,5529,Kadur,216880.0,Saraswathipura,609528,Channapura,1,92.0,60.0,0.0,12.687683,76.961419,7.142857142857142,100,56.06,Low,False
548,Tumakuru,5535,Madhugiri,220248.0,Puravara,610968,Doddahosahalli,1,92.0,60.0,0.0,13.654528,77.209174,7.142857142857142,100,56.06,Low,False
546,Raichur,7403,Arakera,219683.0,Jagirajadaladinni,600716,Rekalmardi,1,92.0,60.0,0.0,16.021361,77.471248,7.142857142857142,100,56.06,Low,False
548,Tumakuru,5535,Madhugiri,220241.0,Kodlapura,610945,Talakere,1,92.0,60.0,0.0,12.926839,76.939284,7.142857142857142,100,56.06,Low,False
547,Shivamogga,5515,Sagar,219905.0,Aralagodu,938608,Suligalale,1,92.0,60.0,0.0,13.526444,75.105753,7.142857142857142,100,56.06,Low,False
524,Bagalkote,5443,Jamkhandi,215270.0,Kankanwadi,598431,Kadakol,3,97.0,60.0,1.0,15.947367,76.11897533333332,21.428571428571427,50,56.02,Low,False
539,Hassan,5560,Channarayapatna,218366.0,Tagadur,617255,Rangapura,2,78.0,80.0,0.0,12.652784,76.0569835,14.285714285714285,100,56.01,Low,False
539,Hassan,5556,Hassan,218399.0,Seege,615870,Seegegudda Kaval,2,78.0,80.0,0.0,13.177292999999999,75.85758849999999,14.285714285714285,100,56.01,Low,False
539,Hassan,5557,Alur,218208.0,Kanathur,616328,Virupapura,2,75.0,90.0,0.0,12.918971500000001,76.3966315,14.285714285714285,100,55.96,Low,False
548,Tumakuru,5540,Turuvekere,220415.0,Tandaga,612323,Chandrapura,1,86.0,80.0,0.0,14.651423,76.068174,7.142857142857142,100,55.96,Low,False
631,Bengaluru South,7196,Harohalli,215525.0,Kaggalahalli,626352,Gullahatti Kaval,1,86.0,80.0,0.0,12.718774,77.280845,7.142857142857142,100,55.96,Low,False
532,Chikkamagaluru,5528,Tarikere,217012.0,Udeva,609344,Yaradahanklu,2,75.0,90.0,0.0,12.7180895,76.948219,14.285714285714285,100,55.96,Low,False
537,Gadag,5470,Gadag,217762.0,Beladhadi,602044,Kabalayata Katti,3,93.0,73.33333333333333,1.0,15.421596,75.246976,21.428571428571427,50,55.95,Low,False
534,Dakshina Kannada,5564,Puttur,217345.0,Bannuru,617691,Chickamudnoor (Rural),6,72.0,60.0,1.0,12.86906,74.917848,42.857142857142854,50,55.84,Low,False
528,Ballari,5499,Siruguppa,216268.0,B.M.Sugur,604829,Motra Dinne,4,84.0,75.0,1.0,15.20604925,76.662916,28.57142857142857,50,55.83,Low,False
545,Mysuru,5573,Heggadadevankote,219458.0,Madapura,618952,Kolagala,3,73.0,66.66666666666667,0.0,12.304844000000001,76.643405,21.428571428571427,100,55.79,Low,False
542,Kolar,5590,Srinivaspur,219056.0,Lakshmipura,621520,Pathakote,3,73.0,66.66666666666667,0.0,13.111938,78.47955466666667,21.428571428571427,100,55.79,Low,False
524,Bagalkote,5446,Badami,215170.0,Mamtageri,598699,Halageri,2,83.0,60.0,0.0,16.087760000000003,75.2340995,14.285714285714285,100,55.76,Low,False
635,Yadgir,5588,Shahpur,218084.0,Anabi,621110,Itga Simt Sirwal,3,71.0,73.33333333333333,0.0,16.716423000000002,76.801483,21.428571428571427,100,55.75,Low,False
541,Kodagu,5567,Somvarpet,218698.0,Ganagur,923955,Moorikallubasavanlli,4,88.0,60.0,1.0,12.1919625,75.90895525,28.57142857142857,50,55.73,Low,False
630,Chikkaballapura,5595,Gauribidanur,218908.0,Nagaragere,623281,Pillaguttahalli,1,91.0,60.0,0.0,13.281324,76.556258,7.142857142857142,100,55.71,Low,False
533,Chitradurga,5506,Holalkere,217127.0,Chithrahalli,605761,Amruthapura,1,91.0,60.0,0.0,14.213279,76.424726,7.142857142857142,100,55.71,Low,False
548,Tumakuru,5540,Turuvekere,220406.0,Mavinakere,612346,Kadesur,1,91.0,60.0,0.0,14.672318,76.064772,7.142857142857142,100,55.71,Low,False
529,Bidar,7085,Kamalnagar,216323.0,Murki,599986,Wagangera,1,91.0,60.0,0.0,17.92502,77.466071,7.142857142857142,100,55.71,Low,False
526,Bengaluru Rural,5602,Doddaballapura,215473.0,Thubugere,625185,Muttugadahalli,1,91.0,60.0,0.0,12.995378,77.579592,7.142857142857142,100,55.71,Low,False
545,Mysuru,5570,Hunsur,219473.0,Challahalli,618481,Challahalli,2,80.0,70.0,0.0,12.2948275,76.624698,14.285714285714285,100,55.71,Low,False
550,Uttara Kannada,5479,Supa,220754.0,Shingaragaon,602682,Pusheli,2,80.0,70.0,0.0,15.420549000000001,74.4987555,14.285714285714285,100,55.71,Low,False
539,Hassan,5560,Channarayapatna,218351.0,Karehalli,617180,Channenahalli,1,91.0,60.0,0.0,12.915328,76.376327,7.142857142857142,100,55.71,Low,False
548,Tumakuru,5536,Koratagere,220162.0,Budagavi,611012,Negilala,3,96.0,60.0,1.0,13.899553333333332,76.919467,21.428571428571427,50,55.67,Low,False
631,Bengaluru South,5606,Ramanagara,215599.0,Bannikuppe2,626165,Jakkanahalli(Shivanahalli),2,77.0,80.0,0.0,12.780747999999999,77.37983,14.285714285714285,100,55.66,Low,False
548,Tumakuru,5535,Madhugiri,220217.0,Bedathuru,610866,Malagondanahalli,2,77.0,80.0,0.0,13.1588955,76.26522750000001,14.285714285714285,100,55.66,Low,False
540,Haveri,5495,Ranibennur,273000.0,Nadiharalahalli,604507,Waderayanahalli,2,77.0,80.0,0.0,14.610078,75.623957,14.285714285714285,100,55.66,Low,False
539,Hassan,5553,Sakleshpur,218433.0,Anemahal,614902,Kalagane,1,85.0,80.0,0.0,13.229774,75.979101,7.142857142857142,100,55.61,Low,False
631,Bengaluru South,5605,Magadi,215549.0,Biskur,625832,Parvathapura,2,74.0,90.0,0.0,12.705129,77.27746350000001,14.285714285714285,100,55.61,Low,False
525,Bengaluru Urban,5543,Bengaluru South,215388.0,Somanahalli,613050,Somanahalli,3,92.0,73.33333333333333,1.0,13.041687999999999,77.589433,21.428571428571427,50,55.6,Low,False
532,Chikkamagaluru,5531,Mudigere,216926.0,Hesagal (Belagola),609974,Karadagodu,2,71.0,100.0,0.0,12.714316,76.977075,14.285714285714285,100,55.56,Low,False
544,Mandya,5549,Shrirangapattana,219423.0,Hulikere,614274,Beechanakuppe,1,79.0,100.0,0.0,12.520758,76.683756,7.142857142857142,100,55.51,Low,False
548,Tumakuru,5535,Madhugiri,220248.0,Puravara,610970,Gamkaralahalli,1,79.0,100.0,0.0,13.107923,77.107463,7.142857142857142,100,55.51,Low,False
533,Chitradurga,5508,Hiriyur,217101.0,Imangala,606062,Yelakurnahalli,3,74.0,60.0,0.0,14.245552666666667,76.41817933333333,21.428571428571427,100,55.47,Low,False
542,Kolar,5592,Malur,218974.0,Kavala Giriyana Halli (K.G. Halli),622386,Agalakote,3,74.0,60.0,0.0,13.052190000000001,78.14065466666666,21.428571428571427,100,55.47,Low,False
548,Tumakuru,5536,Koratagere,220161.0,Bommaladevipura,611129,Lingadaveeranahalli,3,74.0,60.0,0.0,14.679858000000001,76.09361766666666,21.428571428571427,100,55.47,Low,False
526,Bengaluru Rural,5603,Devanahalli,215439.0,Koramangala,625336,Dandiganahalli,3,74.0,60.0,0.0,13.154921000000002,77.337796,21.428571428571427,100,55.47,Low,False
548,Tumakuru,5539,Tiptur,220345.0,Nalligere,612140,Burudeghatta,3,72.0,66.66666666666667,0.0,13.490847666666667,77.11283266666668,21.428571428571427,100,55.44,Low,False
540,Haveri,5489,Shiggaon,218655.0,Konanakeri,939526,Ku Konanakeri,3,72.0,66.66666666666667,0.0,14.782435,75.11157566666667,21.428571428571427,100,55.44,Low,False
544,Mandya,5552,Malavalli,219312.0,Ragibommanahalli,614692,Hangrapura,2,82.0,60.0,0.0,12.529711500000001,76.894304,14.285714285714285,100,55.41,Low,False
547,Shivamogga,5521,Bhadravati,219868.0,Sydarakallahalli,608517,Sydarakallahalli,2,82.0,60.0,0.0,12.9914235,77.950373,14.285714285714285,100,55.41,Low,False
542,Kolar,5590,Srinivaspur,219065.0,Ronur,621523,Reddimpalli,3,70.0,73.33333333333333,0.0,12.862954666666667,77.98102133333333,21.428571428571427,100,55.4,Low,False
548,Tumakuru,5540,Turuvekere,220416.0,Vadavanaghata,612376,Malladevanahalli,3,70.0,73.33333333333333,0.0,14.685923333333335,76.07586733333333,21.428571428571427,100,55.4,Low,False
539,Hassan,5557,Alur,218209.0,Karagodu,616277,Karagodu,3,70.0,73.33333333333333,0.0,13.304427333333331,76.25850200000001,21.428571428571427,100,55.4,Low,False
545,Mysuru,5574,Nanjangud,219584.0,Hosakote,619199,Moodahalli,3,70.0,73.33333333333333,0.0,12.286282,76.56337733333334,21.428571428571427,100,55.4,Low,False
635,Yadgir,5588,Shahpur,272746.0,Hurasagundagi,621144,Bidrani,3,70.0,73.33333333333333,0.0,16.765725,77.13761,21.428571428571427,100,55.4,Low,False
542,Kolar,5590,Srinivaspur,219062.0,Nelavanki,621500,Kothapalli,3,70.0,73.33333333333333,0.0,12.959091,78.34974833333334,21.428571428571427,100,55.4,Low,False
538,Kalaburagi,5580,Aland,217902.0,Kamalanagar,619995,Sawalgi (K),4,87.0,60.0,1.0,17.1292115,76.93223549999999,28.57142857142857,50,55.38,Low,False
547,Shivamogga,5519,Tirthahalli,220078.0,Konanduru,608081,Kolige,4,87.0,60.0,1.0,13.7152515,75.25607275,28.57142857142857,50,55.38,Low,False
544,Mandya,5547,Nagamangala,219389.0,Palagrahara,613778,Baydarahalli,2,79.0,70.0,0.0,12.534978500000001,76.887126,14.285714285714285,100,55.36,Low,False
531,Chamarajanagar,5576,Gundlupet,216730.0,Kotekere,924985,Kurubara Hundi,2,79.0,70.0,0.0,11.9339815,76.9412465,14.285714285714285,100,55.36,Low,False
630,Chikkaballapura,5600,Chintamani,218847.0,Batlahalli,624387,Channarayanahalli,1,90.0,60.0,0.0,13.392542,77.697959,7.142857142857142,100,55.36,Low,False
543,Koppal,5467,Koppal,219141.0,Ojanahalli,601750,Chilwadgi,1,90.0,60.0,0.0,15.754477,76.181941,7.142857142857142,100,55.36,Low,False
526,Bengaluru Rural,5602,Doddaballapura,215472.0,Thippuru,625151,Vanigarahalli,1,90.0,60.0,0.0,13.009881,77.597167,7.142857142857142,100,55.36,Low,False
548,Tumakuru,5539,Tiptur,220341.0,Mathihalli,612072,Kanchaghatta,2,79.0,70.0,0.0,13.196183999999999,76.5468095,14.285714285714285,100,55.36,Low,False
544,Mandya,5546,Krishnarajpet,219219.0,Haralahalli,613557,Kodihalli,1,90.0,60.0,0.0,12.652665,76.485324,7.142857142857142,100,55.36,Low,False
530,Vijayapura,5453,Muddebihal,216597.0,Adavi Somanal,599647,Donkamadu,1,90.0,60.0,0.0,16.375292,75.909392,7.142857142857142,100,55.36,Low,False
535,Davanagere,5514,Channagiri,217442.0,Maravanji,607103,Jammapura,2,79.0,70.0,0.0,14.4628675,75.94870900000001,14.285714285714285,100,55.36,Low,False
540,Haveri,5491,Hangal,218514.0,Somasagara,604170,Somasagara,4,84.0,70.0,1.0,14.764020250000002,75.13257525,28.57142857142857,50,55.33,Low,False
631,Bengaluru South,5608,Kanakapura,215520.0,Hunasanahalli,626603,Yalachahalli,2,76.0,80.0,0.0,12.9510315,77.22382350000001,14.285714285714285,100,55.31,Low,False
532,Chikkamagaluru,5530,Chikkamagaluru,216802.0,Devadana,609669,Hyarambi,2,76.0,80.0,0.0,12.137787,76.344979,14.285714285714285,100,55.31,Low,False
527,Belagavi,5442,Ramdurg,275456.0,Turanur,598377,Kilabanur (Og) (Part),5,74.0,76.0,1.0,15.8252498,74.5295254,35.714285714285715,50,55.29,Low,False
544,Mandya,5552,Malavalli,219298.0,Kaggalipura,614839,Kaggalipura,1,84.0,80.0,0.0,12.426385,76.810789,7.142857142857142,100,55.26,Low,False
526,Bengaluru Rural,5602,Doddaballapura,215448.0,Bhaktarahalli,625164,Mudlakalenahalli,3,89.0,80.0,1.0,12.778073333333333,77.635545,21.428571428571427,50,55.22,Low,False
544,Mandya,5552,Malavalli,219289.0,Dalavayikodihalli,614767,Deveerahalli,1,78.0,100.0,0.0,12.813962,76.767248,7.142857142857142,100,55.16,Low,False
547,Shivamogga,5518,Hosanagara,272947.0,Ramachandrapura,608025,Kumbatti,1,78.0,100.0,0.0,14.286403,75.332449,7.142857142857142,100,55.16,Low,False
529,Bidar,7085,Kamalnagar,216322.0,Mudhol (B),600021,Bembra,1,78.0,100.0,0.0,17.905035,77.533531,7.142857142857142,100,55.16,Low,False
527,Belagavi,5439,Khanapur,215991.0,Shindolli,597940,Shindholli,6,79.0,73.33333333333333,2.0,15.936689333333334,74.59778683333333,42.857142857142854,20,55.13,Low,False
542,Kolar,5590,Srinivaspur,219045.0,Addagal,621443,Diguvachinthapalli,3,73.0,60.0,0.0,13.110900666666666,78.45497866666666,21.428571428571427,100,55.12,Low,False
546,Raichur,7101,Maski,219734.0,Ameenagada,600891,Kotekal,3,73.0,60.0,0.0,16.013363,77.04111766666666,21.428571428571427,100,55.12,Low,False
540,Haveri,5494,Hirekerur,218558.0,Chikkerur,604376,Shitikonda,3,73.0,60.0,0.0,14.793645333333332,75.394129,21.428571428571427,100,55.12,Low,False
526,Bengaluru Rural,5602,Doddaballapura,215472.0,Thippuru,625150,Byadarajakkasandra,3,73.0,60.0,0.0,12.972961666666668,77.607243,21.428571428571427,100,55.12,Low,False
635,Yadgir,7094,Gurmitakal,218178.0,Jaigram,621358,Sanklapur,3,73.0,60.0,0.0,16.846059,77.37769966666667,21.428571428571427,100,55.12,Low,False
530,Vijayapura,7075,Nidagundi,216504.0,Vandal,599518,Kirshyal,3,71.0,66.66666666666667,0.0,16.351794333333334,76.14805933333334,21.428571428571427,100,55.09,Low,False
544,Mandya,5547,Nagamangala,219376.0,Gondenahalli,613806,Kambadahalli,3,71.0,66.66666666666667,0.0,12.543240333333335,76.87999233333333,21.428571428571427,100,55.09,Low,False
526,Bengaluru Rural,5602,Doddaballapura,215456.0,Heggadihalli,625058,Acharlahalli,3,71.0,66.66666666666667,0.0,12.969155333333333,77.80680966666667,21.428571428571427,100,55.09,Low,False
527,Belagavi,5439,Khanapur,215974.0,Kodacawad,597904,Avarolli,5,78.0,60.0,1.0,16.410453999999998,74.9617458,35.714285714285715,50,55.09,Low,False
550,Uttara Kannada,5488,Bhatkal,220589.0,Konar,603860,Bilurmane,3,71.0,66.66666666666667,0.0,15.26323,74.61261066666667,21.428571428571427,100,55.09,Low,False
538,Kalaburagi,5586,Jevargi,218045.0,Kallur.K,620729,Mahur,2,81.0,60.0,0.0,17.2525925,76.53674849999999,14.285714285714285,100,55.06,Low,False
535,Davanagere,5513,Honnali,217585.0,Hunsagatta,606880,Thyagadakatte,2,81.0,60.0,0.0,14.4484845,75.90817849999999,14.285714285714285,100,55.06,Low,False
539,Hassan,5555,Arsikere,218258.0,Habbanaghatta,615708,Hebbaranahalli,2,81.0,60.0,0.0,13.139091,76.295099,14.285714285714285,100,55.06,Low,False
539,Hassan,5558,Arkalgud,218230.0,Hulikallu,616553,Ragibychanahalli,2,81.0,60.0,0.0,12.783888,76.255291,14.285714285714285,100,55.06,Low,False
527,Belagavi,5434,Athni,215644.0,Madhabhavi,597266,Madabhavi,1,89.0,60.0,0.0,16.454359,74.462058,7.142857142857142,100,55.01,Low,False
548,Tumakuru,5538,Gubbi,220149.0,Muganayanakote,611741,M.Hosahalli,2,78.0,70.0,0.0,13.3494295,77.123158,14.285714285714285,100,55.01,Low,False
545,Mysuru,5574,Nanjangud,219595.0,Mallupura,939279,Srikantanagar,5,86.0,76.0,2.0,12.3796306,76.5034292,35.714285714285715,20,54.99,Low,False
533,Chitradurga,5504,Challakere,217046.0,Sanikere,605368,Heggere,2,75.0,80.0,0.0,14.114355,76.263369,14.285714285714285,100,54.96,Low,False
540,Haveri,7106,Rattihalli,218569.0,Kanavisiddageri,604446,Malagi,1,83.0,80.0,0.0,14.924246,75.280567,7.142857142857142,100,54.91,Low,False
544,Mandya,5549,Shrirangapattana,219435.0,Thadagavadi,614264,Chikkaharohalli,3,90.0,73.33333333333333,1.0,12.425164666666667,77.22742233333334,21.428571428571427,50,54.9,Low,False
547,Shivamogga,5520,Shivamogga,272950.0,Tuppuru,608304,Sannivasa,1,77.0,100.0,0.0,13.933206,75.537277,7.142857142857142,100,54.81,Low,False
549,Udupi,5522,Kundapura,220453.0,Belooru,608732,Beloor,2,96.0,80.0,1.0,13.61247,74.847466,14.285714285714285,50,54.81,Low,False
526,Bengaluru Rural,5602,Doddaballapura,215471.0,Sasalu,625001,Benakinamadugu,1,77.0,100.0,0.0,13.194655,77.89365,7.142857142857142,100,54.81,Low,False
550,Uttara Kannada,7064,Dandeli,220598.0,Alur,602772,Domagera,4,81.0,75.0,1.0,14.441889,74.4327995,28.57142857142857,50,54.78,Low,False
547,Shivamogga,5520,Shivamogga,220008.0,Nidige-I,608490,Dummalli,3,72.0,60.0,0.0,13.841802666666666,75.70041633333334,21.428571428571427,100,54.77,Low,False
544,Mandya,5550,Mandya,219338.0,Hanakere,614454,Kachigere,3,72.0,60.0,0.0,12.572697333333332,77.03247800000001,21.428571428571427,100,54.77,Low,False
548,Tumakuru,5533,Sira,220292.0,Buppasandra,610470,Bhupasandra,3,72.0,60.0,0.0,13.233188666666669,76.36094133333334,21.428571428571427,100,54.77,Low,False
533,Chitradurga,5507,Hosdurga,217166.0,Kabbala,605955,Mallenahalli (Jodi),3,72.0,60.0,0.0,14.241932,76.40321633333333,21.428571428571427,100,54.77,Low,False
635,Yadgir,5588,Shahpur,218112.0,Sagar,621130,Sagar,3,72.0,60.0,0.0,16.52819666666667,76.76684533333334,21.428571428571427,100,54.77,Low,False
543,Koppal,5467,Koppal,219116.0,Boodagumpa,601836,Bandikunta,3,72.0,60.0,0.0,15.373288666666667,76.13790533333334,21.428571428571427,100,54.77,Low,False
525,Bengaluru Urban,5545,Anekal,215336.0,Neriga,613237,Neriga,3,72.0,60.0,0.0,13.019058999999999,77.58423566666666,21.428571428571427,100,54.77,Low,False
529,Bidar,5455,Bhalki,216378.0,Dongapur,599870,Dongapur,3,70.0,66.66666666666667,0.0,17.775122333333332,77.13799033333333,21.428571428571427,100,54.74,Low,False
526,Bengaluru Rural,5603,Devanahalli,272722.0,I.Basapura,625432,Varadenahalli,3,70.0,66.66666666666667,0.0,13.281374333333334,77.52743866666667,21.428571428571427,100,54.74,Low,False
631,Bengaluru South,5605,Magadi,215551.0,Chikka Mudigere,625796,Iyandahalli,3,70.0,66.66666666666667,0.0,12.469141666666667,77.30882866666667,21.428571428571427,100,54.74,Low,False
630,Chikkaballapura,5595,Gauribidanur,218900.0,Kadalaveni,623259,Gundapura,3,70.0,66.66666666666667,0.0,13.385751666666666,77.68527033333334,21.428571428571427,100,54.74,Low,False
527,Belagavi,5439,Khanapur,215976.0,Lokoli,597877,Lakkebail,2,80.0,60.0,0.0,15.874581500000001,74.4990435,14.285714285714285,100,54.71,Low,False
550,Uttara Kannada,5482,Mundgod,273208.0,Naganuru,603050,Ammatgar,2,80.0,60.0,0.0,14.6020605,74.85204200000001,14.285714285714285,100,54.71,Low,False
538,Kalaburagi,7087,Kalagi,217950.0,Rummangod,620345,Sasargaon,2,80.0,60.0,0.0,17.22321,77.2037805,14.285714285714285,100,54.71,Low,False
549,Udupi,5522,Kundapura,273041.0,Korgi,608743,Korgi,2,80.0,60.0,0.0,13.209329,74.98075850000001,14.285714285714285,100,54.71,Low,False
542,Kolar,5593,Bangarapet,218823.0,Yelesandra,622579,Nagenahalli,2,80.0,60.0,0.0,13.010687,77.925855,14.285714285714285,100,54.71,Low,False
631,Bengaluru South,5605,Magadi,215555.0,Hulikal.,625819,Gundigere,2,80.0,60.0,0.0,12.643848,77.1888335,14.285714285714285,100,54.71,Low,False
544,Mandya,5546,Krishnarajpet,219210.0,Ballekere,613641,Natanahalli,2,80.0,60.0,0.0,12.708946000000001,76.80599050000001,14.285714285714285,100,54.71,Low,False
543,Koppal,5465,Kushtagi,219147.0,Dotihal,601483,Hesrur,2,80.0,60.0,0.0,15.631449499999999,76.0141165,14.285714285714285,100,54.71,Low,False
524,Bagalkote,5445,Mudhol,215288.0,Chinchakhandi K.D.,598580,Chinchakhandi(B.K),1,88.0,60.0,0.0,16.502714,75.261943,7.142857142857142,100,54.66,Low,False
631,Bengaluru South,5605,Magadi,215569.0,Sathanur,625943,Halashettihalli,1,88.0,60.0,0.0,12.789891,77.520725,7.142857142857142,100,54.66,Low,False
524,Bagalkote,5448,Hungund,215228.0,Binjawadgi,598962,Jalakamaladinni,2,77.0,70.0,0.0,16.082279999999997,75.2309745,14.285714285714285,100,54.66,Low,False
531,Chamarajanagar,5578,Yelandur,216780.0,Gowdahalli,619794,Alkereagrahara,1,88.0,60.0,0.0,11.935877,76.934303,7.142857142857142,100,54.66,Low,False
548,Tumakuru,5539,Tiptur,220328.0,Dasarighatta,612163,G.Melanahalli,2,74.0,80.0,0.0,13.165713,76.5570275,14.285714285714285,100,54.61,Low,False
537,Gadag,5470,Gadag,217761.0,Balaganur,601990,Balaganur,2,74.0,80.0,0.0,15.7377445,75.9780695,14.285714285714285,100,54.61,Low,False
539,Hassan,5559,Hole Narsipur,218407.0,Anekannambadi,616997,Makaballi,2,74.0,80.0,0.0,12.868375499999999,76.466279,14.285714285714285,100,54.61,Low,False
537,Gadag,5471,Shirahatti,217843.0,Bannikoppa,602111,Hadagali,2,98.0,70.0,1.0,15.4499155,75.6332065,14.285714285714285,50,54.51,Low,False
539,Hassan,5554,Belur,218314.0,Kushavara,615380,Mallavalli,4,83.0,65.0,1.0,12.80447375,76.05630074999999,28.57142857142857,50,54.48,Low,False
547,Shivamogga,5515,Sagar,219912.0,Gowthamapura,607290,Kannur Inam,4,80.0,75.0,1.0,13.95262625,75.57407599999999,28.57142857142857,50,54.43,Low,False
538,Kalaburagi,5582,Kalaburagi,273175.0,Algood,620226,Tondkal,3,71.0,60.0,0.0,17.271919666666665,76.529929,21.428571428571427,100,54.42,Low,False
540,Haveri,5491,Hangal,218511.0,Seegehallisingapurplot,604142,Kodiyellapur,3,71.0,60.0,0.0,14.76936,75.39877833333334,21.428571428571427,100,54.42,Low,False
630,Chikkaballapura,5596,Chikkaballapura,218831.0,Doddapayalagurki,623463,Koduru,2,79.0,60.0,0.0,13.6004975,77.78325050000001,14.285714285714285,100,54.36,Low,False
541,Kodagu,5567,Somvarpet,218703.0,Handli,939262,Bageri,2,79.0,60.0,0.0,12.4056795,75.737122,14.285714285714285,100,54.36,Low,False
543,Koppal,5464,Yelbarga,219179.0,Gaddigeri,601306,Gedigera,1,87.0,60.0,0.0,15.367141,76.148693,7.142857142857142,100,54.31,Low,False
550,Uttara Kannada,5482,Mundgod,220689.0,Malagi,603091,Hoskoppa,2,76.0,70.0,0.0,14.905331499999999,74.337692,14.285714285714285,100,54.31,Low,False
635,Yadgir,7094,Gurmitakal,218172.0,Chapatla,621267,Kamalanagar,2,76.0,70.0,0.0,16.5442565,76.7795855,14.285714285714285,100,54.31,Low,False
538,Kalaburagi,5583,Chincholi,217942.0,Konchawarm,620376,Magdampur,2,76.0,70.0,0.0,12.578384,77.3448555,14.285714285714285,100,54.31,Low,False
630,Chikkaballapura,5596,Chikkaballapura,218836.0,Kondenahalli,623662,Thimmanahalli,2,73.0,80.0,0.0,13.278552000000001,76.54320799999999,14.285714285714285,100,54.26,Low,False
548,Tumakuru,5540,Turuvekere,220405.0,Manichendur,612406,Mallur,2,73.0,80.0,0.0,14.065038999999999,77.15074,14.285714285714285,100,54.26,Low,False
529,Bidar,5455,Bhalki,216373.0,Byalhalli(K),599966,Byalhalli,5,72.0,72.0,1.0,17.7544698,77.4177816,35.714285714285715,50,54.19,Low,False
545,Mysuru,5569,Piriyapatna,219632.0,Panchavlli,618284,Sathyagalakaval,5,73.0,68.0,1.0,12.2799062,76.6473604,35.714285714285715,50,54.14,Low,False
548,Tumakuru,5534,Pavagada,220273.0,Palavalli,610574,Dasarammanahalli,1,75.0,100.0,0.0,13.569679,76.538016,7.142857142857142,100,54.11,Low,False
550,Uttara Kannada,5483,Sirsi,220727.0,Huttagaar,603149,Puttanamane,1,75.0,100.0,0.0,12.929009,77.590012,7.142857142857142,100,54.11,Low,False
631,Bengaluru South,5606,Ramanagara,215598.0,Bannikuppe,626098,Kempadyapanahalli,3,70.0,60.0,0.0,12.744775666666667,77.27246133333334,21.428571428571427,100,54.07,Low,False
532,Chikkamagaluru,5526,Koppa,216908.0,Koppa (Rural),608997,Ammadi Estate,2,78.0,60.0,0.0,12.695993,76.9494465,14.285714285714285,100,54.01,Low,False
533,Chitradurga,5504,Challakere,217050.0,Talaku,605301,Thimmannanahalli,2,78.0,60.0,0.0,14.152976500000001,76.2411865,14.285714285714285,100,54.01,Low,False
526,Bengaluru Rural,5602,Doddaballapura,215445.0,Aralumallige,625124,Ekasipura,2,78.0,60.0,0.0,13.08211,77.38484,14.285714285714285,100,54.01,Low,False
526,Bengaluru Rural,5602,Doddaballapura,215463.0,Kesthuru,910087,Hanagalapura (D),2,78.0,60.0,0.0,13.0927765,77.37592699999999,14.285714285714285,100,54.01,Low,False
539,Hassan,5554,Belur,218310.0,Kalleri,615169,Biranagodu,2,78.0,60.0,0.0,12.942955,76.534515,14.285714285714285,100,54.01,Low,False
547,Shivamogga,5515,Sagar,219923.0,Malve,607193,Malve,1,86.0,60.0,0.0,13.815846,75.703297,7.142857142857142,100,53.96,Low,False
631,Bengaluru South,5608,Kanakapura,215538.0,T.Bekkuppe,626482,Horalagallu,1,86.0,60.0,0.0,12.791658,77.518006,7.142857142857142,100,53.96,Low,False
524,Bagalkote,5446,Badami,215171.0,Mangalore,598752,Navilahole,1,86.0,60.0,0.0,16.122269,75.640624,7.142857142857142,100,53.96,Low,False
548,Tumakuru,5537,Tumakuru,220378.0,Malasandra,611447,Mallasandra Palya,2,75.0,70.0,0.0,12.839959,77.04926900000001,14.285714285714285,100,53.96,Low,False
526,Bengaluru Rural,5602,Doddaballapura,215448.0,Bhaktarahalli,624989,Kanikenahalli,1,86.0,60.0,0.0,12.87558,77.795603,7.142857142857142,100,53.96,Low,False
547,Shivamogga,5518,Hosanagara,272947.0,Ramachandrapura,607965,Kukkod Agasaramane,1,86.0,60.0,0.0,14.081504,75.392251,7.142857142857142,100,53.96,Low,False
548,Tumakuru,5540,Turuvekere,220403.0,Lokammanahalli,612210,Pundareekanakallahalli,2,72.0,80.0,0.0,13.2561255,76.355424,14.285714285714285,100,53.91,Low,False
548,Tumakuru,5533,Sira,220300.0,Handikunte,610306,Ragalahalli,2,72.0,80.0,0.0,13.431453000000001,76.55784449999999,14.285714285714285,100,53.91,Low,False
550,Uttara Kannada,5486,Siddapur,220700.0,Hasaragod,603563,Balesar,2,72.0,80.0,0.0,14.423557500000001,74.428015,14.285714285714285,100,53.91,Low,False
542,Kolar,7002,Kolar Gold Field,218801.0,Hulkooru,622730,Kodihalli,5,70.0,76.0,1.0,13.183342,78.1883594,35.714285714285715,50,53.89,Low,False
544,Mandya,5546,Krishnarajpet,219213.0,Beeruvalli,613604,Gubbahalli,3,89.0,66.66666666666667,1.0,12.401189,77.05035866666667,21.428571428571427,50,53.89,Low,False
544,Mandya,5547,Nagamangala,219381.0,Kadabahalli,613764,Jogipura,2,99.0,60.0,1.0,12.580275499999999,76.81825599999999,14.285714285714285,50,53.86,Low,False
539,Hassan,5553,Sakleshpur,218450.0,Kurubathur,614977,Kurubathur,3,83.0,86.66666666666667,1.0,12.996857,76.10663699999999,21.428571428571427,50,53.79,Low,False
547,Shivamogga,5517,Shikarpur,219942.0,Baganakatte,607798,Dabbanabhyranahalli,2,77.0,60.0,0.0,13.9274165,75.56572800000001,14.285714285714285,100,53.66,Low,False
534,Dakshina Kannada,5563,Beltangadi,217251.0,Barya,617667,Barya,2,77.0,60.0,0.0,12.711325,75.1218595,14.285714285714285,100,53.66,Low,False
542,Kolar,5593,Bangarapet,218811.0,Magondi,622528,Hirenahalli Guttahalli,2,77.0,60.0,0.0,12.973597,78.19742049999999,14.285714285714285,100,53.66,Low,False
526,Bengaluru Rural,5604,Hosakote,215496.0,Shivanapura,625585,Mallyappanahalli,2,77.0,60.0,0.0,12.801066,77.63588150000001,14.285714285714285,100,53.66,Low,False
548,Tumakuru,5532,Chiknayakanhalli,220108.0,Hoysalakatte,610117,Bellara,2,77.0,60.0,0.0,13.2427275,76.358227,14.285714285714285,100,53.66,Low,False
631,Bengaluru South,5607,Channapatna,215413.0,Nagavara,626235,Nagavara,2,77.0,60.0,0.0,12.5422695,77.42483150000001,14.285714285714285,100,53.66,Low,False
539,Hassan,5560,Channarayapatna,218349.0,Kalkere,617227,Devigere,2,77.0,60.0,0.0,13.300707,76.270556,14.285714285714285,100,53.66,Low,False
543,Koppal,5464,Yelbarga,219182.0,Hirearalihalli,601284,Biraldinni,2,74.0,70.0,0.0,15.7647815,76.417715,14.285714285714285,100,53.61,Low,False
630,Chikkaballapura,5597,Gudibanda,218918.0,Hampasandra,623686,Pulasanivoddu,1,85.0,60.0,0.0,13.576802,77.780427,7.142857142857142,100,53.61,Low,False
630,Chikkaballapura,7407,Chelur,218849.0,Buradagunte,624335,Annapalli,1,85.0,60.0,0.0,13.268062,76.539206,7.142857142857142,100,53.61,Low,False
548,Tumakuru,5537,Tumakuru,220367.0,Hethanahalli,611548,Nandihalli,1,85.0,60.0,0.0,13.35336,77.111429,7.142857142857142,100,53.61,Low,False
548,Tumakuru,5539,Tiptur,220338.0,Hunaseghatta,612131,Voddaramallenahalli,2,74.0,70.0,0.0,13.649466499999999,76.950052,14.285714285714285,100,53.61,Low,False
548,Tumakuru,5533,Sira,220307.0,Kotta,610366,Kallukote,1,79.0,80.0,0.0,13.511085,76.426074,7.142857142857142,100,53.51,Low,False
631,Bengaluru South,5606,Ramanagara,215616.0,Mayaganahalli,626094,Mayaganahalli,1,79.0,80.0,0.0,12.453826,77.323194,7.142857142857142,100,53.51,Low,False
545,Mysuru,5569,Piriyapatna,219622.0,Hitnehebbagilu,618209,Hitnahalli,3,84.0,80.0,1.0,12.324754333333333,76.662382,21.428571428571427,50,53.47,Low,False
538,Kalaburagi,5583,Chincholi,217946.0,Nidgunda,620458,Nidugunda,5,85.0,64.0,2.0,17.4110564,77.072762,35.714285714285715,20,53.44,Low,False
528,Ballari,5500,Ballari,216124.0,M.Gonal,604903,Sindhavalam,1,73.0,100.0,0.0,15.087326,76.564357,7.142857142857142,100,53.41,Low,False
630,Chikkaballapura,5598,Bagepalli,218776.0,Nallappareddy Palli,623823,M.Cherlopalli,2,76.0,60.0,0.0,13.3923955,77.6784505,14.285714285714285,100,53.31,Low,False
546,Raichur,5461,Raichur,219779.0,Gunjalli,600870,Hanchinhal,2,76.0,60.0,0.0,15.935452,76.650913,14.285714285714285,100,53.31,Low,False
635,Yadgir,7095,Wadagera,272744.0,Aikur,621177,Munmutgi,1,84.0,60.0,0.0,16.748869,77.1233,7.142857142857142,100,53.26,Low,False
543,Koppal,5467,Koppal,219131.0,Kaltavarageri,601819,Tawargera,1,84.0,60.0,0.0,15.568255,76.436568,7.142857142857142,100,53.26,Low,False
539,Hassan,5554,Belur,218316.0,Madaghatta,615438,Bilaguli,1,84.0,60.0,0.0,12.912817,76.384833,7.142857142857142,100,53.26,Low,False
543,Koppal,7093,Kukanoor,219198.0,Shirur,601325,Bedwatti,1,84.0,60.0,0.0,15.350601,76.159234,7.142857142857142,100,53.26,Low,False
540,Haveri,5494,Hirekerur,218570.0,Koda,604392,Ujanipur,1,84.0,60.0,0.0,14.553151,75.611408,7.142857142857142,100,53.26,Low,False
532,Chikkamagaluru,5526,Koppa,216914.0,Tuluvinakoppa (Kalkere),609015,Belawadi,1,84.0,60.0,0.0,12.724032,76.941838,7.142857142857142,100,53.26,Low,False
547,Shivamogga,5521,Bhadravati,219850.0,Gudumagatta,608527,Jangamarahalli,1,84.0,60.0,0.0,14.548824,75.157134,7.142857142857142,100,53.26,Low,False
540,Haveri,5492,Haveri,218521.0,Basapura,604268,Basapur,1,84.0,60.0,0.0,14.617634,75.629164,7.142857142857142,100,53.26,Low,False
548,Tumakuru,5537,Tumakuru,220386.0,Sitakallu,611424,Gidaganahalli,2,73.0,70.0,0.0,13.6482305,76.950575,14.285714285714285,100,53.26,Low,False
539,Hassan,5554,Belur,218322.0,Savasihalli,615291,Komaranahalli,2,70.0,80.0,0.0,12.6380155,76.0601515,14.285714285714285,100,53.21,Low,False
524,Bagalkote,5447,Bagalkot,215191.0,Kadalimatti,598826,Lavaleshavar,2,70.0,80.0,0.0,16.495441999999997,75.282545,14.285714285714285,100,53.21,Low,False
527,Belagavi,5439,Khanapur,215979.0,Manturga,597936,Shedegali,2,70.0,80.0,0.0,16.1431545,74.45351299999999,14.285714285714285,100,53.21,Low,False
530,Vijayapura,5450,Indi,216576.0,Khyadagi,599263,Khedgi,2,70.0,80.0,0.0,16.496457999999997,75.673922,14.285714285714285,100,53.21,Low,False
541,Kodagu,7124,Kushalnagar,218722.0,Sirangala,924010,Nalluru,1,78.0,80.0,0.0,12.46428,75.953938,7.142857142857142,100,53.16,Low,False
533,Chitradurga,5508,Hiriyur,217090.0,Babbur,606139,Sevalalnagar,3,85.0,73.33333333333333,1.0,14.119538333333333,76.22849633333334,21.428571428571427,50,53.15,Low,False
534,Dakshina Kannada,5564,Puttur,217351.0,Kabaka,617686,Kabaka (Rural),7,75.0,68.57142857142857,3.0,12.915006714285713,74.97840042857142,50.0,0,53.11,Low,False
545,Mysuru,5572,Mysuru,219538.0,Doora,618780,Doddakaturu,5,70.0,68.0,1.0,12.4429812,76.3542698,35.714285714285715,50,53.09,Low,False
550,Uttara Kannada,5486,Siddapur,220710.0,Sovinkoppa,603630,Ojagar,4,79.0,65.0,1.0,14.625933,74.83175750000001,28.57142857142857,50,53.08,Low,False
548,Tumakuru,5538,Gubbi,220148.0,Mavinahalli,611937,Ungra,2,75.0,60.0,0.0,13.1823795,76.5573095,14.285714285714285,100,52.96,Low,False
535,Davanagere,5514,Channagiri,217403.0,Basavapattana,606894,Hosakere,2,75.0,60.0,0.0,14.516126,75.82680450000001,14.285714285714285,100,52.96,Low,False
526,Bengaluru Rural,5603,Devanahalli,215429.0,Budigere,625460,Budigere Amanikere,2,75.0,60.0,0.0,12.9696575,77.762674,14.285714285714285,100,52.96,Low,False
533,Chitradurga,5508,Hiriyur,217111.0,Metikurke,606066,Thadapinachinnammana Halli,2,75.0,60.0,0.0,14.138427,76.233009,14.285714285714285,100,52.96,Low,False
550,Uttara Kannada,5487,Honavar,220638.0,Nagarbastikeri,603815,Nagarabastikeri,2,75.0,60.0,0.0,15.140458500000001,74.653231,14.285714285714285,100,52.96,Low,False
526,Bengaluru Rural,5604,Hosakote,215483.0,Ittasandra,625473,Ralkunte,2,75.0,60.0,0.0,13.115793,77.409396,14.285714285714285,100,52.96,Low,False
535,Davanagere,5514,Channagiri,217448.0,Navilehal,606929,Navilehalu,1,83.0,60.0,0.0,14.476982,75.915275,7.142857142857142,100,52.91,Low,False
630,Chikkaballapura,5595,Gauribidanur,218891.0,Gedare,623229,Gedare,2,72.0,70.0,0.0,13.2622025,76.556152,14.285714285714285,100,52.91,Low,False
529,Bidar,5456,Aurad,216324.0,Nagmarpalli,600075,Raipalli,1,83.0,60.0,0.0,18.254986,77.401411,7.142857142857142,100,52.91,Low,False
548,Tumakuru,5537,Tumakuru,220351.0,Aregujjanahalli,611373,Durgadahalli,1,83.0,60.0,0.0,13.436364,76.546027,7.142857142857142,100,52.91,Low,False
537,Gadag,7083,Laxmeshwar,272970.0,Madalli,602054,Yattinahalli,2,72.0,70.0,0.0,15.131439499999999,75.51987249999999,14.285714285714285,100,52.91,Low,False
538,Kalaburagi,7089,Yadrami,218032.0,Balbatti,620838,Mallbad,4,75.0,75.0,1.0,17.27415575,77.15355525,28.57142857142857,50,52.68,Low,False
534,Dakshina Kannada,5562,Bantval,217223.0,Narikombu,617602,Narikombu (Ct),5,71.0,60.0,1.0,12.844822400000002,74.8578642,35.714285714285715,50,52.64,Low,False
550,Uttara Kannada,5487,Honavar,220639.0,Navilgone,603734,Aunsalli,2,74.0,60.0,0.0,14.862413499999999,74.125941,14.285714285714285,100,52.61,Low,False
539,Hassan,5555,Arsikere,218278.0,Mududi,615785,Bisalehalli,2,74.0,60.0,0.0,12.7901105,76.22833399999999,14.285714285714285,100,52.61,Low,False
543,Koppal,5464,Yelbarga,219185.0,Hirevankalakunta,601290,Nilogal,2,74.0,60.0,0.0,15.418469,76.52848700000001,14.285714285714285,100,52.61,Low,False
548,Tumakuru,5533,Sira,220308.0,Lakshmisagara,610354,Panjiganahalli,2,74.0,60.0,0.0,13.2740775,76.534965,14.285714285714285,100,52.61,Low,False
539,Hassan,5555,Arsikere,218251.0,Belagumba,615746,Rangapura Kaval,2,74.0,60.0,0.0,12.841313,76.475718,14.285714285714285,100,52.61,Low,False
539,Hassan,5553,Sakleshpur,218438.0,Byakaravalli,614928,Sullakki,1,82.0,60.0,0.0,12.927331,75.769949,7.142857142857142,100,52.56,Low,False
539,Hassan,5558,Arkalgud,218220.0,Bychanahalli,616614,Bychanahalli,1,82.0,60.0,0.0,12.989859,76.491643,7.142857142857142,100,52.56,Low,False
550,Uttara Kannada,5485,Kumta,220660.0,Alakod,603474,Harita,1,82.0,60.0,0.0,14.624636,74.821567,7.142857142857142,100,52.56,Low,False
529,Bidar,5455,Bhalki,216370.0,Baloor,599900,Dongargi,2,95.0,60.0,1.0,17.9893435,77.49947449999999,14.285714285714285,50,52.46,Low,False
533,Chitradurga,5506,Holalkere,217144.0,Talya,605807,Papenahalli,1,76.0,80.0,0.0,14.09985,76.290611,7.142857142857142,100,52.46,Low,False
543,Koppal,7093,Kukanoor,219199.0,Talakal,601370,Tadkal,1,76.0,80.0,0.0,15.763425,76.40532,7.142857142857142,100,52.46,Low,False
548,Tumakuru,5540,Turuvekere,220397.0,Dandinashivara,612275,Siddapura,3,81.0,80.0,1.0,13.176459,76.57236133333333,21.428571428571427,50,52.42,Low,False
547,Shivamogga,5519,Tirthahalli,220072.0,Heggodu,608221,Herabailu,4,77.0,65.0,1.0,13.90715425,75.5746065,28.57142857142857,50,52.38,Low,False
631,Bengaluru South,7196,Harohalli,215508.0,Cheelur,626378,Cheeluru,1,70.0,100.0,0.0,12.734603,77.273929,7.142857142857142,100,52.36,Low,False
539,Hassan,5558,Arkalgud,272838.0,Aladahalli,616527,Hondaravally,2,73.0,60.0,0.0,13.019273,76.126228,14.285714285714285,100,52.26,Low,False
530,Vijayapura,7070,Chadchan,216569.0,Halasangi,599184,Anachi,2,73.0,60.0,0.0,17.259511500000002,75.813507,14.285714285714285,100,52.26,Low,False
539,Hassan,5553,Sakleshpur,218433.0,Anemahal,614906,Chikkasathigala,2,73.0,60.0,0.0,12.918073,76.37903349999999,14.285714285714285,100,52.26,Low,False
630,Chikkaballapura,5598,Bagepalli,218771.0,Kanagamakala Palli,623882,Giriyapalli,1,81.0,60.0,0.0,13.398564,77.701365,7.142857142857142,100,52.21,Low,False
528,Ballari,5500,Ballari,216132.0,Shankarabanda,604950,Ibrampura,1,81.0,60.0,0.0,15.195109,76.658913,7.142857142857142,100,52.21,Low,False
631,Bengaluru South,5605,Magadi,215553.0,Gudemaranahalli,625902,Uddandahalli,2,70.0,70.0,0.0,12.950343499999999,77.4183955,14.285714285714285,100,52.21,Low,False
548,Tumakuru,5538,Gubbi,220131.0,Chellur,611705,Kachenahalli,1,81.0,60.0,0.0,13.718078,77.391656,7.142857142857142,100,52.21,Low,False
547,Shivamogga,5519,Tirthahalli,220089.0,Saluru,608177,Hosakodige,1,81.0,60.0,0.0,13.935859,75.074258,7.142857142857142,100,52.21,Low,False
535,Davanagere,5514,Channagiri,217404.0,Belalagere,607117,Basavapura,1,81.0,60.0,0.0,14.43278,75.913198,7.142857142857142,100,52.21,Low,False
550,Uttara Kannada,5483,Sirsi,220723.0,Dodnalli,603220,Bachagaon,1,75.0,80.0,0.0,14.822686,74.129941,7.142857142857142,100,52.11,Low,False
548,Tumakuru,5541,Kunigal,220194.0,Kaggere,612450,M. Huruliborasandra,2,88.0,80.0,1.0,13.207794,77.1654705,14.285714285714285,50,52.01,Low,False
525,Bengaluru Urban,5545,Anekal,215325.0,Indlavadi,613305,Thammanaikanahalli,1,96.0,80.0,1.0,13.043058,77.561931,7.142857142857142,50,51.96,Low,False
548,Tumakuru,5538,Gubbi,220132.0,Chengavi,611927,Changavi Kaval,2,72.0,60.0,0.0,13.2343525,76.693931,14.285714285714285,100,51.91,Low,False
533,Chitradurga,5506,Holalkere,217144.0,Talya,605805,Ghattihosahalli,2,72.0,60.0,0.0,13.007227499999999,77.552437,14.285714285714285,100,51.91,Low,False
543,Koppal,5467,Koppal,219116.0,Boodagumpa,601834,Kumar Ramankunta,2,72.0,60.0,0.0,15.40968,76.54189650000001,14.285714285714285,100,51.91,Low,False
547,Shivamogga,5517,Shikarpur,219961.0,Kaginalli,607810,Chowdanayakanakoppa,2,72.0,60.0,0.0,14.164760999999999,75.0165275,14.285714285714285,100,51.91,Low,False
548,Tumakuru,5536,Koratagere,220169.0,Kollala,611234,Kantevaderahalli,1,80.0,60.0,0.0,13.186887,76.539939,7.142857142857142,100,51.86,Low,False
543,Koppal,7093,Kukanoor,219173.0,Bannikoppa,601367,Male Koppa,1,80.0,60.0,0.0,15.487575,76.011746,7.142857142857142,100,51.86,Low,False
630,Chikkaballapura,5598,Bagepalli,218773.0,Marganukunte,623797,Marganakunte,1,80.0,60.0,0.0,13.575003,77.773185,7.142857142857142,100,51.86,Low,False
548,Tumakuru,5537,Tumakuru,220367.0,Hethanahalli,611551,Sarangipalya,1,80.0,60.0,0.0,13.143587,77.106227,7.142857142857142,100,51.86,Low,False
635,Yadgir,5588,Shahpur,272745.0,Beeranura,621181,Beernur,1,80.0,60.0,0.0,16.573267,77.100368,7.142857142857142,100,51.86,Low,False
547,Shivamogga,5519,Tirthahalli,220077.0,Kannangi,608117,Garaga,1,74.0,80.0,0.0,14.372546,75.085041,7.142857142857142,100,51.76,Low,False
635,Yadgir,5587,Shorapur,218148.0,Marnal,620969,Mailapur,1,74.0,80.0,0.0,16.712703,76.860293,7.142857142857142,100,51.76,Low,False
536,Dharwad,7081,Alnavar,217634.0,Benachi,950499,Kivadebailu,3,81.0,73.33333333333333,1.0,15.358418333333333,75.00756933333334,21.428571428571427,50,51.75,Low,False
525,Bengaluru Urban,5545,Anekal,215325.0,Indlavadi,613302,Indlawadi,4,72.0,75.0,1.0,12.9864075,77.568029,28.57142857142857,50,51.63,Low,False
529,Bidar,5456,Aurad,216326.0,Shambelli,600105,Belur (Narayan-Khed),2,71.0,60.0,0.0,17.936219,77.4614395,14.285714285714285,100,51.56,Low,False
547,Shivamogga,5518,Hosanagara,219893.0,Melinabesige,607874,Salageri,2,71.0,60.0,0.0,14.174451000000001,74.82631599999999,14.285714285714285,100,51.56,Low,False
539,Hassan,5559,Hole Narsipur,218408.0,Bagivalu,616818,Bettadasathenahalli,2,71.0,60.0,0.0,12.984739999999999,76.09896900000001,14.285714285714285,100,51.56,Low,False
526,Bengaluru Rural,5601,Nelamangala,215589.0,Shivagange,624762,Shivagange,2,71.0,60.0,0.0,13.2729335,77.784638,14.285714285714285,100,51.56,Low,False
544,Mandya,5550,Mandya,219352.0,Mudagandur,614407,M.Hosahalli,2,71.0,60.0,0.0,12.527338499999999,76.899709,14.285714285714285,100,51.56,Low,False
539,Hassan,5558,Arkalgud,218234.0,Keralapura,616787,Keralapura,2,71.0,60.0,0.0,12.924691,75.803902,14.285714285714285,100,51.56,Low,False
547,Shivamogga,5519,Tirthahalli,220068.0,Hadigallu,608069,Hosakoppa,2,71.0,60.0,0.0,13.016700499999999,77.918806,14.285714285714285,100,51.56,Low,False
543,Koppal,5467,Koppal,219122.0,Hasagal,601798,Chilkmukki,1,79.0,60.0,0.0,15.474169,75.999479,7.142857142857142,100,51.51,Low,False
533,Chitradurga,5507,Hosdurga,217178.0,S Nerlakere,605977,Agrahara,1,79.0,60.0,0.0,14.115215,76.248479,7.142857142857142,100,51.51,Low,False
533,Chitradurga,5504,Challakere,217021.0,Doddachellur,605419,Doddabeeranahalli,1,79.0,60.0,0.0,12.997645,77.572379,7.142857142857142,100,51.51,Low,False
533,Chitradurga,5506,Holalkere,217123.0,B.Durga,605642,Hirekandavadi,1,79.0,60.0,0.0,14.098036,76.278581,7.142857142857142,100,51.51,Low,False
544,Mandya,5548,Pandavapura,219403.0,Jakkanahalli,614059,Heggadahalli,1,79.0,60.0,0.0,12.642299,76.903356,7.142857142857142,100,51.51,Low,False
548,Tumakuru,5535,Madhugiri,220224.0,Chikkamaalur,610935,Chikkamalur,3,82.0,66.66666666666667,1.0,13.452412333333333,76.53293733333334,21.428571428571427,50,51.44,Low,False
529,Bidar,5457,Bidar,272860.0,Srimandal,600133,Naulaspur,2,70.0,60.0,0.0,17.709498,77.207027,14.285714285714285,100,51.21,Low,False
546,Raichur,5459,Lingasugur,219718.0,Kota,600472,Kotha,2,70.0,60.0,0.0,16.206032999999998,77.356741,14.285714285714285,100,51.21,Low,False
530,Vijayapura,5453,Muddebihal,216620.0,Nagabenal,599678,Nagabenal,1,78.0,60.0,0.0,16.340886,76.130113,7.142857142857142,100,51.16,Low,False
543,Koppal,5466,Gangawati,219079.0,Chikkajanthakal,601630,Hosalli,1,78.0,60.0,0.0,15.482075,75.986444,7.142857142857142,100,51.16,Low,False
543,Koppal,5464,Yelbarga,219201.0,Vajrabandi,601253,G.Jarkunti,1,78.0,60.0,0.0,15.288254,76.313558,7.142857142857142,100,51.16,Low,False
526,Bengaluru Rural,5604,Hosakote,215494.0,Orohalli,625633,Ambalipura,2,91.0,60.0,1.0,12.695380499999999,77.6798125,14.285714285714285,50,51.06,Low,False
528,Ballari,5499,Siruguppa,216281.0,Konchigeri,604790,Konchigeri,2,91.0,60.0,1.0,15.6490185,76.8944415,14.285714285714285,50,51.06,Low,False
529,Bidar,5454,Basavakalyan,216350.0,Kohinoor,599812,Attur,1,72.0,80.0,0.0,15.873167,74.521212,7.142857142857142,100,51.06,Low,False
630,Chikkaballapura,5595,Gauribidanur,218885.0,Chikkakurugodu,623253,Devarahosahalli,4,73.0,65.0,1.0,13.585011,77.7803495,28.57142857142857,50,50.98,Low,False
546,Raichur,5461,Raichur,219784.0,Kadloor,600735,Rangapur,1,77.0,60.0,0.0,16.406105,76.938176,7.142857142857142,100,50.81,Low,False
546,Raichur,5463,Sindhnur,219818.0,Javalgera,601152,Jangamarahatti (D),1,77.0,60.0,0.0,15.76387,76.763108,7.142857142857142,100,50.81,Low,False
539,Hassan,5555,Arsikere,218258.0,Habbanaghatta,615710,Habbanaghatta,1,77.0,60.0,0.0,12.996074,76.481755,7.142857142857142,100,50.81,Low,False
543,Koppal,5467,Koppal,219115.0,Bochanahalli,601735,Nilogipur,1,77.0,60.0,0.0,15.418135,76.549764,7.142857142857142,100,50.81,Low,False
548,Tumakuru,5537,Tumakuru,220385.0,Siravara,611480,Puradakatte Kaval,1,77.0,60.0,0.0,13.251054,77.045893,7.142857142857142,100,50.81,Low,False
539,Hassan,5553,Sakleshpur,218435.0,Ballu,614952,Menasumakki,1,77.0,60.0,0.0,13.308141,76.251474,7.142857142857142,100,50.81,Low,False
538,Kalaburagi,7089,Yadrami,218051.0,Magangera,620800,Magengera,4,71.0,70.0,1.0,17.19695925,77.22185475,28.57142857142857,50,50.78,Low,False
546,Raichur,7403,Arakera,219694.0,Mundaragi,600564,Mundargi,3,82.0,60.0,1.0,16.215223666666667,77.34895433333334,21.428571428571427,50,50.77,Low,False
527,Belagavi,5439,Khanapur,215981.0,Nagargali,597979,Sulegali,3,78.0,73.33333333333333,1.0,16.292195,74.806027,21.428571428571427,50,50.7,Low,False
549,Udupi,7067,Kapu,220524.0,Innanje,608830,Pangala,1,98.0,60.0,1.0,13.214253,74.974231,7.142857142857142,50,50.66,Low,False
525,Bengaluru Urban,5545,Anekal,215333.0,Mugaluru,613243,Banahalli,3,74.0,86.66666666666667,1.0,13.020700333333332,77.30785766666666,21.428571428571427,50,50.64,Low,False
547,Shivamogga,5515,Sagar,219916.0,Hosuru,607259,Hosagunda,1,76.0,60.0,0.0,13.952021,75.552683,7.142857142857142,100,50.46,Low,False
548,Tumakuru,5536,Koratagere,220161.0,Bommaladevipura,611111,Thogarigatta,1,76.0,60.0,0.0,13.256246,76.555518,7.142857142857142,100,50.46,Low,False
630,Chikkaballapura,5595,Gauribidanur,218902.0,Kurudi,623203,Kadaranahalli,1,76.0,60.0,0.0,13.571891,77.767964,7.142857142857142,100,50.46,Low,False
550,Uttara Kannada,5487,Honavar,220631.0,Kharwa,603797,Koodla,1,76.0,60.0,0.0,14.638507,74.828113,7.142857142857142,100,50.46,Low,False
630,Chikkaballapura,5596,Chikkaballapura,218835.0,Kammaguttahalli,623434,Nagasanahalli,1,76.0,60.0,0.0,13.387864,77.70531,7.142857142857142,100,50.46,Low,False
539,Hassan,5555,Arsikere,218257.0,Geejihalli,615691,Habbanaghatta Kaval,1,76.0,60.0,0.0,13.012737,76.110119,7.142857142857142,100,50.46,Low,False
530,Vijayapura,7072,Kolhar,216492.0,Masuti,599459,Kurubaradinni,1,97.0,60.0,1.0,16.473616,76.297961,7.142857142857142,50,50.31,Low,False
535,Davanagere,5513,Honnali,217583.0,Hiregonigere,606778,Hiregonigere,2,86.0,70.0,1.0,14.462079,75.915458,14.285714285714285,50,50.31,Low,False
528,Ballari,5499,Siruguppa,216285.0,Muddatanur,604783,Muddatanur,1,97.0,60.0,1.0,15.261823,76.398527,7.142857142857142,50,50.31,Low,False
534,Dakshina Kannada,5564,Puttur,217341.0,Aryapu,617732,Aryapu (Rural),4,71.0,65.0,1.0,13.05093275,74.9258505,28.57142857142857,50,50.28,Low,False
539,Hassan,5556,Hassan,218404.0,Thattekere,616017,Maragodanahalli,1,75.0,60.0,0.0,12.774342,75.864847,7.142857142857142,100,50.11,Low,False
533,Chitradurga,5507,Hosdurga,217154.0,Bokikere,605891,Adavi Sangenahalli,1,75.0,60.0,0.0,14.139139,76.229529,7.142857142857142,100,50.11,Low,False
538,Kalaburagi,5581,Afzalpur,273151.0,Ghattarga,620141,Kolnur,1,75.0,60.0,0.0,17.350529,76.850239,7.142857142857142,100,50.11,Low,False
535,Davanagere,5512,Davanagere,217478.0,Huchchavanahally,606707,Kyatanahalli,4,71.0,60.0,1.0,14.50511975,75.7897795,28.57142857142857,50,49.78,Low,False
546,Raichur,5463,Sindhnur,219807.0,Chennalli,601221,Mavinmadu,1,74.0,60.0,0.0,16.008713,77.061777,7.142857142857142,100,49.76,Low,False
535,Davanagere,5514,Channagiri,217450.0,Nuggehalli,606990,Honnemaradahalli,1,74.0,60.0,0.0,14.476944,75.928439,7.142857142857142,100,49.76,Low,False
526,Bengaluru Rural,5601,Nelamangala,296908.0,Kannegowdanahalli,624902,Huralihalli,1,74.0,60.0,0.0,12.764379,77.782137,7.142857142857142,100,49.76,Low,False
548,Tumakuru,5538,Gubbi,220149.0,Muganayanakote,611743,Idakanahalli,1,74.0,60.0,0.0,13.123896,77.129253,7.142857142857142,100,49.76,Low,False
524,Bagalkote,7062,Ilkal,273107.0,Chikka Kodagali,599018,Sankalapur,3,77.0,66.66666666666667,1.0,15.904216,75.69007066666666,21.428571428571427,50,49.69,Low,False
539,Hassan,5559,Hole Narsipur,218432.0,Thathanahalli,616991,Kolalubore Kaval,2,84.0,70.0,1.0,13.008182999999999,76.105492,14.285714285714285,50,49.61,Low,False
546,Raichur,5460,Devadurga,273065.0,Amarapur,600562,Gajaldinni,1,73.0,60.0,0.0,16.009815,77.445708,7.142857142857142,100,49.41,Low,False
525,Bengaluru Urban,5545,Anekal,215312.0,Ballur,613284,Arehalli,3,78.0,60.0,1.0,12.558791999999999,77.34745466666668,21.428571428571427,50,49.37,Low,False
529,Bidar,5458,Homnabad,216456.0,Maniknagar,600292,Gadawanti,3,76.0,66.66666666666667,1.0,17.717831666666665,76.958118,21.428571428571427,50,49.34,Low,False
550,Uttara Kannada,5482,Mundgod,220689.0,Malagi,603086,Gotagudi,2,86.0,60.0,1.0,14.8364335,74.152323,14.285714285714285,50,49.31,Low,False
538,Kalaburagi,5581,Afzalpur,273153.0,Nandaraga,620094,Telloni,4,81.0,65.0,2.0,17.20489925,76.51305975,28.57142857142857,20,49.28,Low,False
524,Bagalkote,5447,Bagalkot,215192.0,Kadampur,598792,Andamuranal,2,83.0,70.0,1.0,15.9103645,75.69371749999999,14.285714285714285,50,49.26,Low,False
543,Koppal,5467,Koppal,219142.0,Shivpur,601840,Hussainpur,1,72.0,60.0,0.0,15.499152,75.99222,7.142857142857142,100,49.06,Low,False
533,Chitradurga,5504,Challakere,217038.0,Nelagethanahatti,605247,Bheemagondanahalli,1,72.0,60.0,0.0,13.008302,77.573533,7.142857142857142,100,49.06,Low,False
524,Bagalkote,5445,Mudhol,215286.0,Bantnur,598606,Junnur,1,72.0,60.0,0.0,16.06433,75.786154,7.142857142857142,100,49.06,Low,False
546,Raichur,5461,Raichur,219799.0,Yapaladinni,600752,Raldoddi,3,73.0,73.33333333333333,1.0,16.225507333333333,77.33694766666666,21.428571428571427,50,48.95,Low,False
548,Tumakuru,5541,Kunigal,220192.0,Joddihossahalli,612713,Jodihosahalli,1,93.0,60.0,1.0,13.895105,76.93747,7.142857142857142,50,48.91,Low,False
528,Ballari,5500,Ballari,216105.0,Amarapura,604937,Godehal,1,87.0,80.0,1.0,15.130778,76.904993,7.142857142857142,50,48.81,Low,False
529,Bidar,5456,Aurad,216319.0,Kouta B,600116,Koutha (B),1,71.0,60.0,0.0,18.118414,77.024954,7.142857142857142,100,48.71,Low,False
538,Kalaburagi,7087,Kalagi,217949.0,Ratkal,620404,Hulsgud,1,71.0,60.0,0.0,17.198847,76.368552,7.142857142857142,100,48.71,Low,False
544,Mandya,5547,Nagamangala,219372.0,Chunchanahalli,613702,Mudagere,1,71.0,60.0,0.0,12.417389,77.235693,7.142857142857142,100,48.71,Low,False
539,Hassan,5559,Hole Narsipur,218420.0,Keragodu,616946,Uddurhosahalli,1,71.0,60.0,0.0,13.31219,76.27264,7.142857142857142,100,48.71,Low,False
540,Haveri,5491,Hangal,218500.0,Kirawadi,604185,Kirwadi,1,71.0,60.0,0.0,14.758243,75.134325,7.142857142857142,100,48.71,Low,False
534,Dakshina Kannada,5562,Bantval,217200.0,Anathadi,617578,Ananthadi,3,74.0,66.66666666666667,1.0,12.833630333333332,75.08410766666667,21.428571428571427,50,48.64,Low,False
537,Gadag,5472,Mundargi,217797.0,Shingatarayankere,602152,Kappatagiri,3,72.0,73.33333333333333,1.0,15.440356333333334,75.65878933333333,21.428571428571427,50,48.6,Low,False
534,Dakshina Kannada,5564,Puttur,217372.0,Uppinangady,617752,Uppinangady (Ct),2,78.0,80.0,1.0,12.9273395,75.01281900000001,14.285714285714285,50,48.51,Low,False
532,Chikkamagaluru,5530,Chikkamagaluru,216822.0,Malaloor,609889,Gangalagodu,1,70.0,60.0,0.0,12.704787,76.973542,7.142857142857142,100,48.36,Low,False
543,Koppal,5466,Gangawati,219077.0,Chikkabenakal,601612,Mukkumpi,1,70.0,60.0,0.0,15.864539,76.049949,7.142857142857142,100,48.36,Low,False
531,Chamarajanagar,5576,Gundlupet,216734.0,Padaguru,619520,Hooradahalli,1,70.0,60.0,0.0,11.922768,76.942735,7.142857142857142,100,48.36,Low,False
533,Chitradurga,5506,Holalkere,217127.0,Chithrahalli,605773,Veerapura,2,71.0,100.0,1.0,14.091739,76.29116049999999,14.285714285714285,50,48.06,Low,False
524,Bagalkote,5444,Bilgi,215216.0,Kollur,598476,Chowdapur,3,87.0,60.0,2.0,16.495134333333333,75.10563966666666,21.428571428571427,20,48.02,Low,False
537,Gadag,7083,Laxmeshwar,217844.0,Batturu,602065,Kundralli,2,82.0,60.0,1.0,15.4340015,75.644318,14.285714285714285,50,47.91,Low,False
538,Kalaburagi,5584,Sedam,218062.0,Batagera.K,620507,Batgera(K),3,71.0,66.66666666666667,1.0,15.668930666666668,76.69558,21.428571428571427,50,47.59,Low,False
531,Chamarajanagar,5576,Gundlupet,216735.0,Raghvapura,619465,Raghavapura,2,80.0,60.0,1.0,11.9408385,76.93016,14.285714285714285,50,47.21,Low,False
525,Bengaluru Urban,5545,Anekal,215335.0,Neraluru,613270,Bendiganahalli,1,88.0,60.0,1.0,12.533914,77.391379,7.142857142857142,50,47.16,Low,False
550,Uttara Kannada,5485,Kumta,220674.0,Mirjan,603456,Mugvekanvadi,2,71.0,90.0,1.0,13.981239500000001,74.5602045,14.285714285714285,50,47.06,Low,False
527,Belagavi,5439,Khanapur,215961.0,Hebbal,597896,Navage,1,76.0,100.0,1.0,15.845856,74.497345,7.142857142857142,50,46.96,Low,False
536,Dharwad,5473,Dharwad,217664.0,Tegur,602242,Durgadakeri,2,78.0,60.0,1.0,15.405674,75.0690535,14.285714285714285,50,46.51,Low,False
532,Chikkamagaluru,7194,Kalasa,216934.0,Marasanige,609903,Edur,2,78.0,60.0,1.0,12.724133,76.975067,14.285714285714285,50,46.51,Low,False
534,Dakshina Kannada,5562,Bantval,217215.0,Kedila,617583,Kedila,3,89.0,66.66666666666667,3.0,12.990553,75.03020500000001,21.428571428571427,0,46.39,Low,False
534,Dakshina Kannada,5564,Puttur,217363.0,Narimogaru,617735,Narimogru,2,77.0,60.0,1.0,12.9016515,74.8334635,14.285714285714285,50,46.16,Low,False
537,Gadag,7082,Gajendragad,217825.0,Kuntoji,601976,Kuntoji,2,72.0,70.0,1.0,15.422478,75.62689750000001,14.285714285714285,50,45.41,Low,False
548,Tumakuru,5534,Pavagada,220273.0,Palavalli,610576,Veerammanahalli,1,82.0,60.0,1.0,13.645204,76.926768,7.142857142857142,50,45.06,Low,False
549,Udupi,7068,Brahmavara,220547.0,Nalkur,608803,Nanchar,1,76.0,80.0,1.0,13.531519,74.70353,7.142857142857142,50,44.96,Low,False
547,Shivamogga,5517,Shikarpur,219955.0,Harogoppa,607837,Suthakande,2,73.0,60.0,1.0,14.20017,74.7977735,14.285714285714285,50,44.76,Low,False
550,Uttara Kannada,5486,Siddapur,220699.0,Halgeri,603663,Kulibid,2,72.0,60.0,1.0,12.9571785,77.6092135,14.285714285714285,50,44.41,Low,False
543,Koppal,5465,Kushtagi,273143.0,Lingadahalli,601548,Lingadhalli,2,72.0,60.0,1.0,15.444865,76.50876299999999,14.285714285714285,50,44.41,Low,False
524,Bagalkote,7062,Ilkal,215243.0,Kandagal,599004,Kandgal,1,80.0,60.0,1.0,16.345899,75.27774,7.142857142857142,50,44.36,Low,False
544,Mandya,5546,Krishnarajpet,219217.0,Dabbegatta,613381,Govindanahalli,2,71.0,60.0,1.0,12.424768,76.57752500000001,14.285714285714285,50,44.06,Low,False
546,Raichur,5461,Raichur,219798.0,Yadlapur,600742,Ganjhalli,1,79.0,60.0,1.0,16.177579,77.325504,7.142857142857142,50,44.01,Low,False
525,Bengaluru Urban,5543,Bengaluru South,215378.0,Chunchanakuppe,613001,Kolur Gururayanapura,1,71.0,60.0,1.0,13.051535,77.469639,7.142857142857142,50,41.21,Low,False
525,Bengaluru Urban,5545,Anekal,215335.0,Neraluru,613275,Itchangur,1,70.0,60.0,1.0,12.918524,77.525851,7.142857142857142,50,40.86,Low,False
550,Uttara Kannada,5483,Sirsi,220734.0,Neggu,603199,Nerlavalli,3,27.0,60.0,0.0,15.263796333333332,74.61607166666666,21.428571428571427,100,39.02,Low,False
631,Bengaluru South,5607,Channapatna,215394.0,Banagahally,626304,Ambadahalli,2,26.0,90.0,0.0,12.652718499999999,77.2064775,14.285714285714285,100,38.81,Low,False
527,Belagavi,5438,Belagavi,215711.0,Nandhihalli,597750,Nagenahatti,1,30.0,100.0,0.0,15.596526,74.583223,7.142857142857142,100,38.36,Low,False
547,Shivamogga,5518,Hosanagara,219888.0,Kenchanala,607946,Alavalli,1,30.0,100.0,0.0,13.715826,75.226788,7.142857142857142,100,38.36,Low,False
544,Mandya,5547,Nagamangala,219389.0,Palagrahara,613888,Kannanakerekaval,1,30.0,100.0,0.0,12.708202,77.054657,7.142857142857142,100,38.36,Low,False
524,Bagalkote,7062,Ilkal,215238.0,Hire-Oatgeri,599023,Gonal (S.T.),1,30.0,100.0,0.0,16.081992,75.208051,7.142857142857142,100,38.36,Low,False
548,Tumakuru,5535,Madhugiri,220239.0,Kodagadaala,610986,Sunnavadi,1,30.0,100.0,0.0,13.332121,77.108173,7.142857142857142,100,38.36,Low,False
542,Kolar,5592,Malur,218985.0,Tekal,622409,Mittiganahalli,1,30.0,100.0,0.0,12.963519,78.268033,7.142857142857142,100,38.36,Low,False
527,Belagavi,5442,Ramdurg,216071.0,Udhapudi,598314,Gudagumnal,1,30.0,100.0,0.0,15.12592,76.925798,7.142857142857142,100,38.36,Low,False
547,Shivamogga,5515,Sagar,219907.0,Banukuli,607136,Bhanukuli,1,30.0,100.0,0.0,13.018924,77.951999,7.142857142857142,100,38.36,Low,False
532,Chikkamagaluru,5530,Chikkamagaluru,216798.0,Bilekallahalli,609759,Sarapanahalli,2,27.5,80.0,0.0,12.10647,76.3215885,14.285714285714285,100,38.34,Low,False
547,Shivamogga,5521,Bhadravati,219862.0,Mavinakere,608633,Hadlaghatta,1,29.0,100.0,0.0,13.493286,75.096137,7.142857142857142,100,38.01,Low,False
527,Belagavi,7195,Yaragatti,216025.0,Sattigeri,598163,Itnal,1,29.0,100.0,0.0,15.915813,74.533624,7.142857142857142,100,38.01,Low,False
546,Raichur,5460,Devadurga,219680.0,Hemanal,600654,Khanapur,1,29.0,100.0,0.0,16.232153,77.344385,7.142857142857142,100,38.01,Low,False
550,Uttara Kannada,5483,Sirsi,220729.0,Itguli,603146,Devarkoppa,1,29.0,100.0,0.0,14.644054,74.297212,7.142857142857142,100,38.01,Low,False
547,Shivamogga,5516,Sorab,220040.0,Kuppagadde,607484,Kuppagadde,1,29.0,100.0,0.0,13.489647,75.100537,7.142857142857142,100,38.01,Low,False
539,Hassan,5559,Hole Narsipur,218416.0,Hangarahalli,616789,Nyamanahalli,1,29.0,100.0,0.0,13.10261,76.199664,7.142857142857142,100,38.01,Low,False
539,Hassan,5559,Hole Narsipur,218408.0,Bagivalu,616837,Hoovinahalli Hantha,1,29.0,100.0,0.0,12.785713,76.267006,7.142857142857142,100,38.01,Low,False
544,Mandya,5552,Malavalli,219281.0,B.G.Pura,614837,Kodagahalli,1,29.0,100.0,0.0,12.241961,77.108952,7.142857142857142,100,38.01,Low,False
527,Belagavi,5440,Bailahongala,215774.0,Vakkund,598127,Wakkund,1,29.0,100.0,0.0,15.859515,74.486803,7.142857142857142,100,38.01,Low,False
527,Belagavi,5437,Hukkeri,215896.0,Bad,597560,Bad,1,28.0,100.0,0.0,15.858944,74.517207,7.142857142857142,100,37.66,Low,False
532,Chikkamagaluru,5531,Mudigere,216943.0,Urubage,610019,Mekanagadde,1,28.0,100.0,0.0,12.724496,76.942892,7.142857142857142,100,37.66,Low,False
542,Kolar,5592,Malur,218987.0,Thrunasi,622348,Anikarahalli,1,28.0,100.0,0.0,13.010168,78.32538,7.142857142857142,100,37.66,Low,False
532,Chikkamagaluru,5530,Chikkamagaluru,216806.0,Hariharadahalli,939551,Ramahalli,1,28.0,100.0,0.0,12.712462,76.963842,7.142857142857142,100,37.66,Low,False
547,Shivamogga,5516,Sorab,220030.0,Harishi,607511,Mangalore,1,28.0,100.0,0.0,14.369905,75.09273,7.142857142857142,100,37.66,Low,False
548,Tumakuru,5532,Chiknayakanhalli,220106.0,Handanakere,610044,Hallithimmalapura,1,28.0,100.0,0.0,13.157952,76.538658,7.142857142857142,100,37.66,Low,False
545,Mysuru,5573,Heggadadevankote,219466.0,Savve,618877,Belaganahalli,1,28.0,100.0,0.0,12.303992,76.632829,7.142857142857142,100,37.66,Low,False
534,Dakshina Kannada,5563,Beltangadi,217253.0,Charmadi,617656,Thotathadi,1,28.0,100.0,0.0,12.554678,75.022868,7.142857142857142,100,37.66,Low,False
631,Bengaluru South,5605,Magadi,215547.0,Banavadi,625854,Mylanahalli,1,28.0,100.0,0.0,12.692034,77.281012,7.142857142857142,100,37.66,Low,False
527,Belagavi,7195,Yaragatti,216031.0,Tallur,598181,Tallur,1,28.0,100.0,0.0,15.918599,74.534173,7.142857142857142,100,37.66,Low,False
548,Tumakuru,5541,Kunigal,220198.0,Kodigehalli,612643,Sankenapura,1,28.0,100.0,0.0,13.319164,76.658249,7.142857142857142,100,37.66,Low,False
545,Mysuru,5570,Hunsur,219471.0,Bilikere,618461,Jeenahalli,1,28.0,100.0,0.0,12.195344,76.189969,7.142857142857142,100,37.66,Low,False
526,Bengaluru Rural,5603,Devanahalli,215443.0,Vishwanathpura,625367,Setterahalli,2,22.5,90.0,0.0,13.1684845,77.3586775,14.285714285714285,100,37.59,Low,False
525,Bengaluru Urban,5544,Bengaluru East,245245.0,Kodathi,613122,Kodathi,1,82.0,60.0,3.0,12.95723,77.563455,7.142857142857142,0,37.56,Low,False
546,Raichur,7101,Maski,273077.0,Malladagudda,600923,Markamdinni,2,25.0,80.0,0.0,15.779321,76.742058,14.285714285714285,100,37.46,Low,False
532,Chikkamagaluru,5529,Kadur,216860.0,Jodithimmapura,609542,Karehallikaval,1,27.0,100.0,0.0,12.125251,76.348659,7.142857142857142,100,37.31,Low,False
545,Mysuru,5573,Heggadadevankote,219443.0,Chakkodanahalli,618861,Shanthipura,1,27.0,100.0,0.0,12.319184,76.609425,7.142857142857142,100,37.31,Low,False
527,Belagavi,5440,Bailahongala,215744.0,Hanabaratti,598030,Gajaminhal,1,27.0,100.0,0.0,15.134074,76.924822,7.142857142857142,100,37.31,Low,False
550,Uttara Kannada,5486,Siddapur,220693.0,Analebail,603543,Kelgin Sarkuli,1,27.0,100.0,0.0,15.170744,74.497023,7.142857142857142,100,37.31,Low,False
542,Kolar,5592,Malur,218967.0,Dinnahalli,622373,Ramasagara,1,27.0,100.0,0.0,12.968315,78.257534,7.142857142857142,100,37.31,Low,False
538,Kalaburagi,5583,Chincholi,217936.0,Hasargundagi,620349,Marpalli,1,27.0,100.0,0.0,17.129149,76.921757,7.142857142857142,100,37.31,Low,False
548,Tumakuru,5539,Tiptur,220326.0,Baluvaneralu,611985,Hulihalli,1,27.0,100.0,0.0,13.7314,77.373751,7.142857142857142,100,37.31,Low,False
529,Bidar,5457,Bidar,216418.0,Kadwad,600215,Malik Mirzapur,1,27.0,100.0,0.0,18.258329,77.404405,7.142857142857142,100,37.31,Low,False
535,Davanagere,7076,Nyamathi,217599.0,Palavanahalli,606748,Ganjeenahalli,1,27.0,100.0,0.0,14.130581,75.550158,7.142857142857142,100,37.31,Low,False
547,Shivamogga,5520,Shivamogga,219982.0,Agasavalli,608417,Kalluru,1,27.0,100.0,0.0,13.966175,75.579206,7.142857142857142,100,37.31,Low,False
535,Davanagere,5512,Davanagere,217499.0,Shaygale,606696,Kodihalli,1,27.0,100.0,0.0,14.007523,75.938764,7.142857142857142,100,37.31,Low,False
548,Tumakuru,5533,Sira,220294.0,Chinnenahalli,610498,Neladimmanahalii,1,27.0,100.0,0.0,13.427536,76.531895,7.142857142857142,100,37.31,Low,False
546,Raichur,5462,Manvi,219769.0,Utakanur,601041,Udbal,1,27.0,100.0,0.0,15.994927,76.446947,7.142857142857142,100,37.31,Low,False
527,Belagavi,5441,Savadatti,216027.0,Sirasangi,598276,Shirasangi,1,27.0,100.0,0.0,15.824299,74.519442,7.142857142857142,100,37.31,Low,False
549,Udupi,7066,Bainduru,220464.0,Hallihole,608685,Hallihole,2,24.0,80.0,0.0,13.327849,74.739975,14.285714285714285,100,37.11,Low,False
538,Kalaburagi,5583,Chincholi,217953.0,Shadipur,620384,Hanumannagar,2,24.0,80.0,0.0,17.406439,76.6077485,14.285714285714285,100,37.11,Low,False
539,Hassan,5560,Channarayapatna,218340.0,Dindagur,617229,Nandipura,2,21.0,90.0,0.0,13.2229255,75.995818,14.285714285714285,100,37.06,Low,False
536,Dharwad,5476,Kalghatgi,217688.0,Beeravalli,602517,Astakatti,1,26.0,100.0,0.0,15.326479,75.13936,7.142857142857142,100,36.96,Low,False
536,Dharwad,5475,Hubballi,273024.0,Channapura,602414,Chavargudd,1,26.0,100.0,0.0,15.322063,75.17015,7.142857142857142,100,36.96,Low,False
550,Uttara Kannada,5483,Sirsi,220714.0,Andagi,603278,Fharsi,1,26.0,100.0,0.0,14.980188,74.694965,7.142857142857142,100,36.96,Low,False
539,Hassan,5554,Belur,218318.0,Narayanapura,615205,Narayanapur,1,26.0,100.0,0.0,12.772905,76.25561,7.142857142857142,100,36.96,Low,False
543,Koppal,5465,Kushtagi,219155.0,Jumlapur,601526,Hagaldhal,1,26.0,100.0,0.0,15.564377,76.420357,7.142857142857142,100,36.96,Low,False
528,Ballari,5501,Sandur,216249.0,Bhujanganagar,605002,Muraripur,1,26.0,100.0,0.0,15.153512,76.924275,7.142857142857142,100,36.96,Low,False
548,Tumakuru,5541,Kunigal,220213.0,Yedavani,612692,Pallerayanahalli,1,26.0,100.0,0.0,12.898932,76.944401,7.142857142857142,100,36.96,Low,False
535,Davanagere,5509,Harihar,273038.0,Ukkadagathri,606218,Nandigudi,1,26.0,100.0,0.0,14.155524,75.570177,7.142857142857142,100,36.96,Low,False
550,Uttara Kannada,5485,Kumta,220662.0,Bargi,603445,Savalkurve,1,26.0,100.0,0.0,15.347864,74.763741,7.142857142857142,100,36.96,Low,False
550,Uttara Kannada,5486,Siddapur,220694.0,Bedkani,603705,Bedkani,1,26.0,100.0,0.0,14.956291,74.697356,7.142857142857142,100,36.96,Low,False
538,Kalaburagi,5583,Chincholi,217956.0,Venktapur,620372,Antwaram,1,26.0,100.0,0.0,15.284492,76.495731,7.142857142857142,100,36.96,Low,False
547,Shivamogga,5516,Sorab,220037.0,Katuvalli,607418,Bennuru,2,26.0,70.0,0.0,13.7047725,75.24775149999999,14.285714285714285,100,36.81,Low,False
545,Mysuru,5569,Piriyapatna,273338.0,N. Shettihalli,618188,N. Settihalli,1,25.0,100.0,0.0,12.300863,76.632822,7.142857142857142,100,36.61,Low,False
527,Belagavi,7099,Mudalgi,215885.0,Sunadholi,597524,Honakuppi,1,25.0,100.0,0.0,15.87341,74.534611,7.142857142857142,100,36.61,Low,False
548,Tumakuru,5536,Koratagere,220175.0,Thovinakere,611004,Thovinakere,1,25.0,100.0,0.0,13.718839,77.366618,7.142857142857142,100,36.61,Low,False
532,Chikkamagaluru,5531,Mudigere,216918.0,Bettagere,609950,Kolur,1,25.0,100.0,0.0,12.709169,76.965394,7.142857142857142,100,36.61,Low,False
527,Belagavi,5434,Athni,215658.0,Satti,597317,Satti,1,25.0,100.0,0.0,15.86204,74.532737,7.142857142857142,100,36.61,Low,False
532,Chikkamagaluru,5526,Koppa,216912.0,Nuggi (Bappunji),609008,Nuggi,1,25.0,100.0,0.0,12.695103,76.959661,7.142857142857142,100,36.61,Low,False
530,Vijayapura,5453,Muddebihal,216598.0,Alur,599637,Bailkur,1,25.0,100.0,0.0,16.653867,75.598484,7.142857142857142,100,36.61,Low,False
631,Bengaluru South,5605,Magadi,215559.0,Kannur,625807,Kenkere,1,25.0,100.0,0.0,12.793347,77.523412,7.142857142857142,100,36.61,Low,False
529,Bidar,7084,Chitaguppa,216468.0,Udbanalli,600342,Karaknalli,1,25.0,100.0,0.0,17.925071,75.334648,7.142857142857142,100,36.61,Low,False
527,Belagavi,5441,Savadatti,216002.0,Goravanakolla,598234,Kenchalarkop,1,25.0,100.0,0.0,15.809639,74.506078,7.142857142857142,100,36.61,Low,False
545,Mysuru,5575,Tirumakudal - Narsipur,219665.0,T.Doddapura,619435,Thottavadi,1,25.0,100.0,0.0,12.340667,76.642662,7.142857142857142,100,36.61,Low,False
539,Hassan,5554,Belur,218298.0,Chikkamedur,615192,Hosahalli,1,30.0,80.0,0.0,13.01634,76.118141,7.142857142857142,100,36.36,Low,False
534,Dakshina Kannada,5565,Sulya,217374.0,Aivarnadu,617759,Aivarnadu,1,30.0,80.0,0.0,12.748507,75.09559,7.142857142857142,100,36.36,Low,False
524,Bagalkote,5447,Bagalkot,273100.0,Timmapur,598820,Timmapur,1,30.0,80.0,0.0,16.121274,75.651198,7.142857142857142,100,36.36,Low,False
548,Tumakuru,5532,Chiknayakanhalli,220108.0,Hoysalakatte,610116,Muthugadahalli,1,30.0,80.0,0.0,13.333788,77.09179,7.142857142857142,100,36.36,Low,False
527,Belagavi,5439,Khanapur,215972.0,Kasaba Nandagad,597898,Bhuttewadi,1,30.0,80.0,0.0,15.950162,74.544357,7.142857142857142,100,36.36,Low,False
545,Mysuru,5574,Nanjangud,219601.0,Rampura,619183,Kembal,1,30.0,80.0,0.0,12.263423,76.632964,7.142857142857142,100,36.36,Low,False
548,Tumakuru,5535,Madhugiri,220233.0,Gondihalli,610955,Thimmasandra,1,30.0,80.0,0.0,14.064716,77.184995,7.142857142857142,100,36.36,Low,False
531,Chamarajanagar,5576,Gundlupet,216715.0,Baragi,619496,Hongahalli,1,30.0,80.0,0.0,11.913676,76.92892,7.142857142857142,100,36.36,Low,False
549,Udupi,7068,Brahmavara,220559.0,Vaddarse,608763,Vaddarse,1,30.0,80.0,0.0,13.348288,74.744517,7.142857142857142,100,36.36,Low,False
535,Davanagere,5509,Harihar,217558.0,Sarati,606277,Bakkapura,1,24.0,100.0,0.0,14.474872,75.938737,7.142857142857142,100,36.26,Low,False
540,Haveri,5495,Ranibennur,218605.0,Kajjari,604512,Kajjari,1,24.0,100.0,0.0,14.506628,75.798452,7.142857142857142,100,36.26,Low,False
545,Mysuru,5574,Nanjangud,219573.0,Duggahalli,619141,Mangalore,1,24.0,100.0,0.0,12.197348,76.28227,7.142857142857142,100,36.26,Low,False
544,Mandya,5547,Nagamangala,219380.0,Devihalli,613766,Varahasandra,1,24.0,100.0,0.0,12.821839,76.748471,7.142857142857142,100,36.26,Low,False
550,Uttara Kannada,5484,Ankola,220565.0,Agsur,603346,Heggar Makkigadde,1,24.0,100.0,0.0,15.274067,74.619415,7.142857142857142,100,36.26,Low,False
548,Tumakuru,5536,Koratagere,220165.0,Doddasaagere,611147,Chikkasaggere,1,24.0,100.0,0.0,13.232232,76.714367,7.142857142857142,100,36.26,Low,False
525,Bengaluru Urban,5545,Anekal,215342.0,Yamare,613233,Ittangur,1,24.0,100.0,0.0,13.020574,77.57849,7.142857142857142,100,36.26,Low,False
533,Chitradurga,5508,Hiriyur,217088.0,Abbenahole,606097,Abbinahole,3,14.666666666666666,73.33333333333333,0.0,14.248618666666667,76.41131233333333,21.428571428571427,100,36.04,Low,False
548,Tumakuru,5532,Chiknayakanhalli,220107.0,Honnebagi,610203,Chikkenahalli,1,29.0,80.0,0.0,13.106664,77.102314,7.142857142857142,100,36.01,Low,False
526,Bengaluru Rural,5602,Doddaballapura,215470.0,Sakkare Gollahalli,625166,Kadathippenahalli,1,29.0,80.0,0.0,13.065758,77.802363,7.142857142857142,100,36.01,Low,False
545,Mysuru,5569,Piriyapatna,219611.0,Bettadatunga,618169,Bettada Thunga,1,29.0,80.0,0.0,13.02479,77.572527,7.142857142857142,100,36.01,Low,False
532,Chikkamagaluru,5531,Mudigere,216929.0,Javali,609914,Kelagur,1,29.0,80.0,0.0,12.722293,76.973417,7.142857142857142,100,36.01,Low,False
526,Bengaluru Rural,5603,Devanahalli,215443.0,Vishwanathpura,625383,Chikkachimanahalli,1,29.0,80.0,0.0,13.172254,77.815799,7.142857142857142,100,36.01,Low,False
545,Mysuru,5570,Hunsur,219484.0,Kallahalli,618341,Muthurayana Hosahalli,1,29.0,80.0,0.0,12.313916,76.165553,7.142857142857142,100,36.01,Low,False
531,Chamarajanagar,5577,Chamarajanagar,216700.0,Nanjedevanapura,619701,Veeranapura,1,29.0,80.0,0.0,11.940804,76.920573,7.142857142857142,100,36.01,Low,False
538,Kalaburagi,7087,Kalagi,217941.0,Kodli,620424,Seri,1,29.0,80.0,0.0,17.307405,76.847035,7.142857142857142,100,36.01,Low,False
630,Chikkaballapura,5596,Chikkaballapura,218827.0,Aruuru,623467,Hanumanthapura,1,29.0,80.0,0.0,13.394172,77.712256,7.142857142857142,100,36.01,Low,False
530,Vijayapura,7070,Chadchan,216595.0,Kerur,599175,Kanchinal,2,15.0,100.0,0.0,17.1263985,75.77326,14.285714285714285,100,35.96,Low,False
532,Chikkamagaluru,5529,Kadur,216886.0,Uligere,609479,Muglikatte,1,23.0,100.0,0.0,12.695066,76.96271,7.142857142857142,100,35.91,Low,False
540,Haveri,5493,Byadgi,218460.0,Bisalahalli,604344,Anur,1,23.0,100.0,0.0,14.691653,75.505857,7.142857142857142,100,35.91,Low,False
542,Kolar,5592,Malur,218961.0,Araleri,622158,Malur (Rural) *,1,23.0,100.0,0.0,13.176,77.999812,7.142857142857142,100,35.91,Low,False
535,Davanagere,5511,Jagalur,217626.0,Kyasenahalli,606400,Gowdagondanahalli,1,23.0,100.0,0.0,14.485614,75.925837,7.142857142857142,100,35.91,Low,False
530,Vijayapura,7071,Devara Hipparagi,216658.0,Korawar,599411,Warkanhalli,1,23.0,100.0,0.0,16.823985,75.729414,7.142857142857142,100,35.91,Low,False
544,Mandya,5547,Nagamangala,219367.0,Bhimanahalli,613960,Maddenahatti,1,23.0,100.0,0.0,12.716797,76.961227,7.142857142857142,100,35.91,Low,False
548,Tumakuru,5537,Tumakuru,220382.0,Nidavallalu,611543,Thondagere,1,23.0,100.0,0.0,13.522952,76.449899,7.142857142857142,100,35.91,Low,False
542,Kolar,5591,Kolar,218947.0,Muduvathi,621889,Parswaganahalli,1,23.0,100.0,0.0,13.122922,78.15154,7.142857142857142,100,35.91,Low,False
526,Bengaluru Rural,5602,Doddaballapura,215471.0,Sasalu,624988,Todalabande,1,23.0,100.0,0.0,13.286811,77.637636,7.142857142857142,100,35.91,Low,False
547,Shivamogga,5516,Sorab,272956.0,Duguru,607634,Halasinakoppa,1,23.0,100.0,0.0,14.199836,74.803623,7.142857142857142,100,35.91,Low,False
539,Hassan,5557,Alur,218213.0,Mallapura,616244,Hydur,2,26.0,60.0,0.0,12.928777499999999,75.785099,14.285714285714285,100,35.81,Low,False
527,Belagavi,5438,Belagavi,215714.0,Rangadolhi,597697,Kenchanatti,2,26.0,60.0,0.0,16.0662685,74.5107425,14.285714285714285,100,35.81,Low,False
548,Tumakuru,5533,Sira,220313.0,Neralagudda,610398,Gungarapente,1,28.0,80.0,0.0,13.43826,76.532571,7.142857142857142,100,35.66,Low,False
526,Bengaluru Rural,5602,Doddaballapura,215473.0,Thubugere,625066,Kachahalli,1,28.0,80.0,0.0,12.772285,77.774797,7.142857142857142,100,35.66,Low,False
527,Belagavi,7105,Nippani,215781.0,Barwad,597156,Barwad,1,28.0,80.0,0.0,15.627283,74.560328,7.142857142857142,100,35.66,Low,False
547,Shivamogga,5521,Bhadravati,219863.0,Mydolalu,608531,Mydolalu,1,28.0,80.0,0.0,13.930945,75.599737,7.142857142857142,100,35.66,Low,False
539,Hassan,5559,Hole Narsipur,218424.0,Mallappanahalli,616923,Hullahalli,1,28.0,80.0,0.0,13.332178,76.241557,7.142857142857142,100,35.66,Low,False
539,Hassan,5553,Sakleshpur,218443.0,Hebbasale,614875,Ganadahole,1,28.0,80.0,0.0,13.134513,76.32256,7.142857142857142,100,35.66,Low,False
533,Chitradurga,5506,Holalkere,217132.0,H.D.Pura,605789,Nandihalli,1,28.0,80.0,0.0,14.075978,76.266302,7.142857142857142,100,35.66,Low,False
548,Tumakuru,5536,Koratagere,220175.0,Thovinakere,610995,Bisadihalli,1,28.0,80.0,0.0,14.247554,77.039773,7.142857142857142,100,35.66,Low,False
527,Belagavi,5436,Gokak,273235.0,Dandapura,597432,Ganeshwadi,2,22.5,70.0,0.0,15.866724999999999,74.506903,14.285714285714285,100,35.59,Low,False
529,Bidar,5456,Aurad,216315.0,Jojna,600088,Nagoor (Muzafar),1,22.0,100.0,0.0,18.139723,77.325761,7.142857142857142,100,35.56,Low,False
539,Hassan,5553,Sakleshpur,218453.0,Malali,614915,Halebelur,1,22.0,100.0,0.0,12.761814,76.261278,7.142857142857142,100,35.56,Low,False
542,Kolar,5594,Mulbagal,218990.0,Amblikal,622989,Marandahalli,1,22.0,100.0,0.0,12.96477,78.281007,7.142857142857142,100,35.56,Low,False
527,Belagavi,7195,Yaragatti,216036.0,Yarazarvi,598180,Nugganatti,1,22.0,100.0,0.0,16.532814,74.66773,7.142857142857142,100,35.56,Low,False
541,Kodagu,5567,Somvarpet,218703.0,Handli,617885,Nakalagodu,1,22.0,100.0,0.0,12.436423,75.825235,7.142857142857142,100,35.56,Low,False
545,Mysuru,5573,Heggadadevankote,219447.0,Hampapura,618958,Marchahalli,2,22.0,70.0,0.0,12.292522,76.62738999999999,14.285714285714285,100,35.41,Low,False
527,Belagavi,7043,Kittur,215763.0,Nichanaki,598115,Dombarkoppa,2,19.0,80.0,0.0,16.3531885,74.9638825,14.285714285714285,100,35.36,Low,False
547,Shivamogga,5515,Sagar,219913.0,Heggodu,607244,Hythuru,2,19.0,80.0,0.0,13.7055625,75.2612995,14.285714285714285,100,35.36,Low,False
548,Tumakuru,5539,Tiptur,220337.0,Huchhagondanahalli,612079,Eralagere,2,19.0,80.0,0.0,14.690008,76.0588435,14.285714285714285,100,35.36,Low,False
542,Kolar,5594,Mulbagal,219003.0,Kappalamadugu,622988,Anehalli,2,19.0,80.0,0.0,13.1428875,78.25758400000001,14.285714285714285,100,35.36,Low,False
630,Chikkaballapura,5596,Chikkaballapura,218835.0,Kammaguttahalli,623527,Renumakalahalli,1,27.0,80.0,0.0,13.591124,77.779981,7.142857142857142,100,35.31,Low,False
539,Hassan,5554,Belur,218298.0,Chikkamedur,615196,Surapura,1,27.0,80.0,0.0,13.166951,75.874777,7.142857142857142,100,35.31,Low,False
630,Chikkaballapura,5599,Sidlaghatta,219042.0,Thummanahalli,624234,K.Muthakadahalli,1,27.0,80.0,0.0,13.252145,76.550236,7.142857142857142,100,35.31,Low,False
526,Bengaluru Rural,5601,Nelamangala,215581.0,Hasuruvalli,624852,Jakkanahalli,1,27.0,80.0,0.0,13.310009,77.802487,7.142857142857142,100,35.31,Low,False
548,Tumakuru,5541,Kunigal,220215.0,Yeleyur,612543,A. Hosahalli,1,27.0,80.0,0.0,12.91308,76.915202,7.142857142857142,100,35.31,Low,False
535,Davanagere,5514,Channagiri,217402.0,Ajjihalli,607047,Sunnagere,1,27.0,80.0,0.0,14.284247,76.061878,7.142857142857142,100,35.31,Low,False
532,Chikkamagaluru,5531,Mudigere,216943.0,Urubage,610013,Gowdahalli,2,24.5,60.0,0.0,12.7196085,76.95237850000001,14.285714285714285,100,35.29,Low,False
546,Raichur,7097,Sirwar,219760.0,Navalakal,600954,Narabanda,2,13.0,100.0,0.0,15.954264,76.74227450000001,14.285714285714285,100,35.26,Low,False
532,Chikkamagaluru,5529,Kadur,216853.0,Giriyapura,609390,Giriyapura,1,21.0,100.0,0.0,12.689115,76.946403,7.142857142857142,100,35.21,Low,False
529,Bidar,5456,Aurad,216319.0,Kouta B,600114,Ballur Janwada,1,21.0,100.0,0.0,17.908857,77.494979,7.142857142857142,100,35.21,Low,False
538,Kalaburagi,5581,Afzalpur,217877.0,Hasaragundagi,620180,Kekarsawalgi,1,21.0,100.0,0.0,17.347071,76.83504,7.142857142857142,100,35.21,Low,False
544,Mandya,5546,Krishnarajpet,219236.0,Tendekere,613518,K.G.Kodihalli,1,21.0,100.0,0.0,12.627623,77.004011,7.142857142857142,100,35.21,Low,False
539,Hassan,5556,Hassan,218383.0,Huvinahalli Kaval,616042,Kuppahalli,1,21.0,100.0,0.0,13.305391,76.261116,7.142857142857142,100,35.21,Low,False
631,Bengaluru South,5607,Channapatna,215392.0,Akkur,626279,Akkur,1,21.0,100.0,0.0,12.97119,77.212726,7.142857142857142,100,35.21,Low,False
550,Uttara Kannada,5478,Karwar,220649.0,Gotegali,602602,Gotegali,1,21.0,100.0,0.0,15.271213,74.615924,7.142857142857142,100,35.21,Low,False
530,Vijayapura,5452,Basavana Bagevadi,216503.0,Vadavadagi,599545,Hulabenchi,1,21.0,100.0,0.0,16.832903,75.534074,7.142857142857142,100,35.21,Low,False
548,Tumakuru,5536,Koratagere,220161.0,Bommaladevipura,611112,Pannenahalli,1,21.0,100.0,0.0,13.197268,76.553649,7.142857142857142,100,35.21,Low,False
533,Chitradurga,5505,Chitradurga,217084.0,Sirigere,605481,Jammenahalli,1,21.0,100.0,0.0,14.233174,76.433463,7.142857142857142,100,35.21,Low,False
548,Tumakuru,5534,Pavagada,272811.0,Kodamadagu,610658,J.Ranganathapura,1,21.0,100.0,0.0,14.228683,77.034028,7.142857142857142,100,35.21,Low,False
631,Bengaluru South,5606,Ramanagara,215606.0,Hulikeregunnur(Averhalli),626182,K.G.Hosahalli,1,21.0,100.0,0.0,12.796177,77.494908,7.142857142857142,100,35.21,Low,False
524,Bagalkote,5446,Badami,273089.0,Kainakatti,598640,Jangawad,1,21.0,100.0,0.0,16.47099,75.128125,7.142857142857142,100,35.21,Low,False
542,Kolar,5594,Mulbagal,219008.0,Mudiyanur,622867,Gujjamarandahalli,2,24.0,60.0,0.0,13.058592,78.2096765,14.285714285714285,100,35.11,Low,False
538,Kalaburagi,7090,Kamalapur,273161.0,Muddadaga,619988,Madki,1,26.0,80.0,0.0,17.205552,76.522378,7.142857142857142,100,34.96,Low,False
542,Kolar,5592,Malur,218967.0,Dinnahalli,622335,Haromakanahalli,1,26.0,80.0,0.0,13.20614,78.524424,7.142857142857142,100,34.96,Low,False
547,Shivamogga,5519,Tirthahalli,220089.0,Saluru,608182,Bobli,1,26.0,80.0,0.0,14.18538,75.047213,7.142857142857142,100,34.96,Low,False
526,Bengaluru Rural,5602,Doddaballapura,215464.0,Kodigehalli,625112,Kodigehalli,1,26.0,80.0,0.0,13.286303,77.79965,7.142857142857142,100,34.96,Low,False
550,Uttara Kannada,5486,Siddapur,220693.0,Analebail,603557,Kibballi,2,23.5,60.0,0.0,15.311986000000001,74.7824045,14.285714285714285,100,34.94,Low,False
631,Bengaluru South,5607,Channapatna,215422.0,Virupakshipura,626281,Somanathapura,1,20.0,100.0,0.0,12.981733,77.411888,7.142857142857142,100,34.86,Low,False
538,Kalaburagi,7087,Kalagi,217963.0,Chincholi. H.,620600,Hulgera,1,20.0,100.0,0.0,17.367435,76.842974,7.142857142857142,100,34.86,Low,False
542,Kolar,5590,Srinivaspur,219049.0,Dalasanur,621686,Valagernahalli,1,20.0,100.0,0.0,12.996629,78.340046,7.142857142857142,100,34.86,Low,False
524,Bagalkote,7062,Ilkal,215239.0,Hire-Shingangutti,598991,Chikadapur,1,20.0,100.0,0.0,16.050312,75.943398,7.142857142857142,100,34.86,Low,False
539,Hassan,5556,Hassan,218379.0,Hanumanthapura,616020,Singapatna,1,20.0,100.0,0.0,13.038855,75.803585,7.142857142857142,100,34.86,Low,False
548,Tumakuru,5540,Turuvekere,220413.0,Soravanahalli,612387,Soravanahalli,1,20.0,100.0,0.0,13.607095,77.016812,7.142857142857142,100,34.86,Low,False
532,Chikkamagaluru,5526,Koppa,216913.0,Shanuvalli,608976,Kodur,1,20.0,100.0,0.0,12.717481,76.947181,7.142857142857142,100,34.86,Low,False
544,Mandya,5548,Pandavapura,219412.0,Narayanapura,614097,Valagere Devarahalli,1,20.0,100.0,0.0,12.537763,76.89573,7.142857142857142,100,34.86,Low,False
540,Haveri,5490,Savanur,218636.0,Teggihalli,603985,Teggihalli,1,20.0,100.0,0.0,14.77184,75.234478,7.142857142857142,100,34.86,Low,False
631,Bengaluru South,5605,Magadi,215557.0,Kalarikaval,625939,Basavapatna,1,25.0,80.0,0.0,12.631246,77.203765,7.142857142857142,100,34.61,Low,False
540,Haveri,5493,Byadgi,218464.0,Gundenahalli,604321,Arabagonda,1,25.0,80.0,0.0,14.563647,75.606095,7.142857142857142,100,34.61,Low,False
542,Kolar,5593,Bangarapet,218792.0,Chinna Kota,622510,Neralekere,1,25.0,80.0,0.0,12.972512,78.264029,7.142857142857142,100,34.61,Low,False
631,Bengaluru South,5608,Kanakapura,215540.0,Tungani,626451,Agrahara,1,25.0,80.0,0.0,12.538871,77.407321,7.142857142857142,100,34.61,Low,False
539,Hassan,5560,Channarayapatna,218350.0,Kantharajapura,617364,Vaddarahalli,1,25.0,80.0,0.0,13.326795,76.267562,7.142857142857142,100,34.61,Low,False
539,Hassan,5554,Belur,218296.0,Chatchatnahalli,615267,Karikattehalli,1,25.0,80.0,0.0,12.932671,75.773426,7.142857142857142,100,34.61,Low,False
532,Chikkamagaluru,5530,Chikkamagaluru,216828.0,Satthihalli,609858,Yelagudige,1,25.0,80.0,0.0,12.106615,76.327765,7.142857142857142,100,34.61,Low,False
545,Mysuru,5573,Heggadadevankote,219456.0,Kyathanahalli,618918,Thandasipura,1,25.0,80.0,0.0,12.324004,76.709532,7.142857142857142,100,34.61,Low,False
542,Kolar,5592,Malur,218961.0,Araleri,622224,Medahatti,1,25.0,80.0,0.0,13.152701,78.141242,7.142857142857142,100,34.61,Low,False
544,Mandya,5547,Nagamangala,219368.0,Bhramhadevarahalli,613993,Jodi Neralakere,1,25.0,80.0,0.0,12.834191,76.757879,7.142857142857142,100,34.61,Low,False
539,Hassan,5558,Arkalgud,218217.0,Bannur,616711,Aregallu,1,25.0,80.0,0.0,12.985502,76.105435,7.142857142857142,100,34.61,Low,False
539,Hassan,5557,Alur,218204.0,Ganjigere,616436,Thippanahalli,1,25.0,80.0,0.0,13.32379,76.234759,7.142857142857142,100,34.61,Low,False
545,Mysuru,5570,Hunsur,219486.0,Karimuddanahalli,618501,Mudlapura,1,25.0,80.0,0.0,12.313888,76.644078,7.142857142857142,100,34.61,Low,False
526,Bengaluru Rural,5603,Devanahalli,215439.0,Koramangala,625334,Koramangala,1,25.0,80.0,0.0,12.776801,77.791283,7.142857142857142,100,34.61,Low,False
532,Chikkamagaluru,5529,Kadur,216847.0,Chikkadevanur,609535,Karehalli,1,25.0,80.0,0.0,12.126403,76.3286,7.142857142857142,100,34.61,Low,False
542,Kolar,5593,Bangarapet,218823.0,Yelesandra,622572,Chembenahalli,1,25.0,80.0,0.0,13.205005,78.014465,7.142857142857142,100,34.61,Low,False
528,Ballari,5499,Siruguppa,216280.0,Kenchanagudda,604771,Herakal,2,19.5,70.0,0.0,15.228518999999999,76.60826,14.285714285714285,100,34.54,Low,False
534,Dakshina Kannada,5562,Bantval,217217.0,Kolandu,617575,Kolnadu,1,19.0,100.0,0.0,12.862916,74.839409,7.142857142857142,100,34.51,Low,False
548,Tumakuru,5541,Kunigal,220202.0,Markonahalli,612479,Kattigehalli,1,19.0,100.0,0.0,13.690002,77.08296,7.142857142857142,100,34.51,Low,False
548,Tumakuru,5533,Sira,220321.0,Yadalakuku (Hosahalli),610292,Hosahalli,1,19.0,100.0,0.0,13.323694,77.160429,7.142857142857142,100,34.51,Low,False
542,Kolar,7002,Kolar Gold Field,218815.0,Paranda Halli,622681,Mallampalli -Ryagadahalli,1,19.0,100.0,0.0,12.883733,77.985681,7.142857142857142,100,34.51,Low,False
535,Davanagere,5514,Channagiri,217444.0,Mudigere,607050,Muddenahalli,1,19.0,100.0,0.0,14.44028,75.925886,7.142857142857142,100,34.51,Low,False
527,Belagavi,5433,Chikodi,215827.0,Pattankudi,597207,Pattankudi,1,19.0,100.0,0.0,16.491287,74.759849,7.142857142857142,100,34.51,Low,False
547,Shivamogga,5518,Hosanagara,219878.0,Baluru,607944,Belanduru,1,19.0,100.0,0.0,13.005043,77.938964,7.142857142857142,100,34.51,Low,False
539,Hassan,5555,Arsikere,218284.0,Rangapura,615760,Kammaraghatta,1,19.0,100.0,0.0,12.920948,76.3807,7.142857142857142,100,34.51,Low,False
533,Chitradurga,5505,Chitradurga,217058.0,Bommenahalli,605553,Bommenahalli,1,19.0,100.0,0.0,14.111589,76.263985,7.142857142857142,100,34.51,Low,False
538,Kalaburagi,5583,Chincholi,273165.0,Jattur,620469,Potangal,1,19.0,100.0,0.0,17.330878,76.463895,7.142857142857142,100,34.51,Low,False
548,Tumakuru,5539,Tiptur,220347.0,Rangapura,612117,Ballekatte,1,19.0,100.0,0.0,12.821457,77.019068,7.142857142857142,100,34.51,Low,False
533,Chitradurga,5505,Chitradurga,217073.0,Kalagere,605432,Kakabalu,1,19.0,100.0,0.0,14.13122,76.249187,7.142857142857142,100,34.51,Low,False
545,Mysuru,5571,Krishnarajanagara,219504.0,Doranahally(Doddakoppalu),618683,Hangaraboyanahalli,2,22.0,60.0,0.0,12.2204885,76.2598975,14.285714285714285,100,34.41,Low,False
524,Bagalkote,5446,Badami,273086.0,Haligeri,598698,Haligeri,2,22.0,60.0,0.0,16.1699365,75.679127,14.285714285714285,100,34.41,Low,False
630,Chikkaballapura,5595,Gauribidanur,218909.0,Nakkalahalli,623296,Gotlakunte,2,22.0,60.0,0.0,13.5734335,77.7833945,14.285714285714285,100,34.41,Low,False
546,Raichur,5461,Raichur,219782.0,Jambaladinni,600853,Puchaldinni,1,30.0,60.0,0.0,15.771304,76.59366,7.142857142857142,100,34.36,Low,False
550,Uttara Kannada,5484,Ankola,220566.0,Alageri,603330,Algeri,1,30.0,60.0,0.0,15.261517,74.603675,7.142857142857142,100,34.36,Low,False
547,Shivamogga,5518,Hosanagara,219883.0,Heddharipura,608011,Talale,1,30.0,60.0,0.0,13.920058,75.586966,7.142857142857142,100,34.36,Low,False
543,Koppal,7091,Kanakagiri,219082.0,Gouripur,601562,Devlapur,1,30.0,60.0,0.0,15.565315,76.440634,7.142857142857142,100,34.36,Low,False
524,Bagalkote,7398,Terdal,215281.0,Saslatti,598418,Sasalatti,1,30.0,60.0,0.0,16.19736,75.703386,7.142857142857142,100,34.36,Low,False
539,Hassan,5555,Arsikere,218273.0,Kolagunda,615502,Upparkalenahalli,1,30.0,60.0,0.0,12.766409,76.257559,7.142857142857142,100,34.36,Low,False
547,Shivamogga,5516,Sorab,220031.0,Heche,607551,Thandige,1,30.0,60.0,0.0,14.152525,75.041154,7.142857142857142,100,34.36,Low,False
532,Chikkamagaluru,7078,Ajjampura,216973.0,Begur,609304,Begur,1,30.0,60.0,0.0,12.725045,76.962971,7.142857142857142,100,34.36,Low,False
547,Shivamogga,5516,Sorab,220025.0,Dyavanahalli,607456,Jaddihalli,1,30.0,60.0,0.0,13.831872,75.679875,7.142857142857142,100,34.36,Low,False
538,Kalaburagi,5581,Afzalpur,273154.0,Ram Nagar,620089,Vithalnagar,1,30.0,60.0,0.0,17.47046,77.621842,7.142857142857142,100,34.36,Low,False
631,Bengaluru South,5606,Ramanagara,215617.0,Shanaboganahalli,626067,Kyasapura,1,30.0,60.0,0.0,12.736049,77.273565,7.142857142857142,100,34.36,Low,False
531,Chamarajanagar,5577,Chamarajanagar,216706.0,Udigala,619712,Badagalapura,1,30.0,60.0,0.0,11.904629,76.942022,7.142857142857142,100,34.36,Low,False
531,Chamarajanagar,7077,Hanur,216751.0,Hoogya,619881,Hoogya,1,30.0,60.0,0.0,11.917532,76.917169,7.142857142857142,100,34.36,Low,False
540,Haveri,5490,Savanur,218625.0,Hoovinashigli,604010,Honikop,1,30.0,60.0,0.0,14.988953,75.331023,7.142857142857142,100,34.36,Low,False
547,Shivamogga,5519,Tirthahalli,220086.0,Neraturu,608212,Yoginarasipura,1,30.0,60.0,0.0,13.527636,75.108698,7.142857142857142,100,34.36,Low,False
545,Mysuru,5574,Nanjangud,219570.0,Devarayashettypura,619179,Naganapura,1,30.0,60.0,0.0,12.314642,76.649527,7.142857142857142,100,34.36,Low,False
539,Hassan,5554,Belur,218312.0,Kodihalli,615296,Jogihalli,1,30.0,60.0,0.0,13.025767,75.780345,7.142857142857142,100,34.36,Low,False
532,Chikkamagaluru,5530,Chikkamagaluru,216806.0,Hariharadahalli,609868,Ramanahalli,1,30.0,60.0,0.0,12.690714,76.948027,7.142857142857142,100,34.36,Low,False
545,Mysuru,5572,Mysuru,219553.0,Nagawala,618710,Bommenahalli,1,30.0,60.0,0.0,12.564112,76.332319,7.142857142857142,100,34.36,Low,False
539,Hassan,5553,Sakleshpur,218443.0,Hebbasale,614897,Kumbardi,1,30.0,60.0,0.0,13.297418,76.055178,7.142857142857142,100,34.36,Low,False
545,Mysuru,5573,Heggadadevankote,219462.0,N.Belthur,619053,Karapura,1,30.0,60.0,0.0,12.231309,76.304086,7.142857142857142,100,34.36,Low,False
536,Dharwad,5476,Kalghatgi,217696.0,Galagi,602442,Karlakoppa,1,30.0,60.0,0.0,15.427859,74.736074,7.142857142857142,100,34.36,Low,False
539,Hassan,5553,Sakleshpur,218433.0,Anemahal,614893,Saklespur (Rural),1,30.0,60.0,0.0,13.025402,76.112582,7.142857142857142,100,34.36,Low,False
532,Chikkamagaluru,5530,Chikkamagaluru,216805.0,Eswarahalli,609799,Annindadike,1,30.0,60.0,0.0,12.69237,76.965794,7.142857142857142,100,34.36,Low,False
533,Chitradurga,5507,Hosdurga,217172.0,Kurubarahalli,605991,Somenahalli,1,30.0,60.0,0.0,14.210069,76.42649,7.142857142857142,100,34.36,Low,False
630,Chikkaballapura,5596,Chikkaballapura,218824.0,Agalagurki,623639,Chokkahalli,1,30.0,60.0,0.0,13.588219,77.801321,7.142857142857142,100,34.36,Low,False
540,Haveri,5493,Byadgi,218463.0,Ghalapooji,604306,Dummihal,1,30.0,60.0,0.0,14.630433,75.626764,7.142857142857142,100,34.36,Low,False
534,Dakshina Kannada,7198,Mulki,217307.0,Kemral,617445,Panja,1,30.0,60.0,0.0,12.853397,74.843008,7.142857142857142,100,34.36,Low,False
534,Dakshina Kannada,7104,Kadaba,217397.0,Subrahmanya,617788,Inakidu,1,30.0,60.0,0.0,12.549513,75.101898,7.142857142857142,100,34.36,Low,False
630,Chikkaballapura,5595,Gauribidanur,218907.0,Muddalodu,623277,Sadarlahalli,1,30.0,60.0,0.0,13.385507,77.694367,7.142857142857142,100,34.36,Low,False
630,Chikkaballapura,5599,Sidlaghatta,219044.0,Y. Hunasenahalli,624200,Seegehalli,1,30.0,60.0,0.0,13.268595,76.561586,7.142857142857142,100,34.36,Low,False
546,Raichur,5462,Manvi,219744.0,Gorkal,601004,Gorkal,1,30.0,60.0,0.0,16.169592,77.032065,7.142857142857142,100,34.36,Low,False
526,Bengaluru Rural,5604,Hosakote,215481.0,Ganagaluru,625752,Thathnur,1,30.0,60.0,0.0,13.303157,77.41138,7.142857142857142,100,34.36,Low,False
529,Bidar,5455,Bhalki,216387.0,Kurubkhelgi,599920,Harnal,1,30.0,60.0,0.0,18.15671,77.347354,7.142857142857142,100,34.36,Low,False
548,Tumakuru,5541,Kunigal,220198.0,Kodigehalli,612640,Tubinakere,1,30.0,60.0,0.0,13.17324,76.292856,7.142857142857142,100,34.36,Low,False
547,Shivamogga,5521,Bhadravati,272946.0,Sanyasikodamagge,608537,Kanasinakatte,1,30.0,60.0,0.0,13.935981,75.553528,7.142857142857142,100,34.36,Low,False
537,Gadag,5472,Mundargi,217795.0,Meundi,602155,Eklasapur,1,30.0,60.0,0.0,15.124153,75.359722,7.142857142857142,100,34.36,Low,False
545,Mysuru,7098,Saraguru,219436.0,Alanahalli,619116,Alanahalli,1,30.0,60.0,0.0,12.294277,76.657104,7.142857142857142,100,34.36,Low,False
527,Belagavi,5436,Gokak,215856.0,Hirenandi,597485,Chikkanandi,1,30.0,60.0,0.0,15.853808,74.524947,7.142857142857142,100,34.36,Low,False
533,Chitradurga,5504,Challakere,217013.0,Abbenahalli,605231,Abbaiahnahalli,2,16.0,80.0,0.0,14.152678,76.25286,14.285714285714285,100,34.31,Low,False
550,Uttara Kannada,5483,Sirsi,220715.0,Badangod,603280,Waddal,1,24.0,80.0,0.0,15.240406,74.606923,7.142857142857142,100,34.26,Low,False
630,Chikkaballapura,5596,Chikkaballapura,218828.0,Avagurki,623543,Arikere,1,24.0,80.0,0.0,13.592943,77.800807,7.142857142857142,100,34.26,Low,False
539,Hassan,5554,Belur,218305.0,Hanike,615218,Somshettihalli,1,24.0,80.0,0.0,13.163112,75.882967,7.142857142857142,100,34.26,Low,False
550,Uttara Kannada,5483,Sirsi,220720.0,Bhasi,603321,Chikkadugli,1,24.0,80.0,0.0,14.814923,74.109511,7.142857142857142,100,34.26,Low,False
545,Mysuru,5571,Krishnarajanagara,219520.0,Mavattur,618650,Echanahalli,1,24.0,80.0,0.0,12.111947,76.525732,7.142857142857142,100,34.26,Low,False
539,Hassan,5556,Hassan,218399.0,Seege,615905,Ramadevarahalla Kaval,1,24.0,80.0,0.0,13.296023,76.259958,7.142857142857142,100,34.26,Low,False
631,Bengaluru South,5605,Magadi,215565.0,Motagondanahallli,625911,Thirumalapura,1,24.0,80.0,0.0,12.655794,77.214663,7.142857142857142,100,34.26,Low,False
548,Tumakuru,5534,Pavagada,220280.0,Saasalukunte,610543,Jadenahalli,1,24.0,80.0,0.0,13.329795,77.121832,7.142857142857142,100,34.26,Low,False
540,Haveri,5489,Shiggaon,218651.0,Hosur,603891,Jondalgatti,2,18.5,70.0,0.0,14.6967415,75.485896,14.285714285714285,100,34.19,Low,False
544,Mandya,5546,Krishnarajpet,219224.0,Lakshmi Pura,613383,Tholasi,1,18.0,100.0,0.0,12.644796,76.480365,7.142857142857142,100,34.16,Low,False
542,Kolar,5590,Srinivaspur,219063.0,Pulagurkota,621519,Krishnapura,1,18.0,100.0,0.0,12.907502,78.121543,7.142857142857142,100,34.16,Low,False
550,Uttara Kannada,5482,Mundgod,220685.0,Hungund,603007,Agadi,1,18.0,100.0,0.0,14.826362,74.128638,7.142857142857142,100,34.16,Low,False
630,Chikkaballapura,5597,Gudibanda,218917.0,Beechaganahally,623746,Ramaganahalli,1,18.0,100.0,0.0,13.575012,77.775497,7.142857142857142,100,34.16,Low,False
542,Kolar,5590,Srinivaspur,219066.0,Somayajalapalli,621568,Kornalli,1,18.0,100.0,0.0,13.144503,78.152916,7.142857142857142,100,34.16,Low,False
535,Davanagere,5511,Jagalur,217622.0,Hiremallanahole,606505,Dibbadahalli,1,18.0,100.0,0.0,14.468045,75.910809,7.142857142857142,100,34.16,Low,False
630,Chikkaballapura,5598,Bagepalli,218769.0,Gulur,623812,Chinakayilapalli,1,18.0,100.0,0.0,13.586003,77.763521,7.142857142857142,100,34.16,Low,False
538,Kalaburagi,5584,Sedam,218065.0,Itkal,620586,Buragpalli,1,18.0,100.0,0.0,17.345864,76.838427,7.142857142857142,100,34.16,Low,False
542,Kolar,5591,Kolar,218944.0,Annenahalli,621973,Garudapalya,2,21.0,60.0,0.0,12.9634015,78.37027649999999,14.285714285714285,100,34.06,Low,False
544,Mandya,5550,Mandya,219329.0,Chandagalu (Dudda),614422,Chandagal,1,29.0,60.0,0.0,12.655185,76.917066,7.142857142857142,100,34.01,Low,False
635,Yadgir,5588,Shahpur,218108.0,Mudriki,621086,Madkeri,1,29.0,60.0,0.0,16.457586,76.517854,7.142857142857142,100,34.01,Low,False
524,Bagalkote,5445,Mudhol,215303.0,Metagud,598578,Metgud,1,29.0,60.0,0.0,15.952955,76.112983,7.142857142857142,100,34.01,Low,False
540,Haveri,5492,Haveri,218537.0,Karjagi,604218,Karjagi,1,29.0,60.0,0.0,14.579696,75.356183,7.142857142857142,100,34.01,Low,False
544,Mandya,5551,Maddur,219255.0,Huthagere,614541,Ankanathapura,1,29.0,60.0,0.0,12.643957,76.633743,7.142857142857142,100,34.01,Low,False
544,Mandya,5548,Pandavapura,219391.0,Aralakuppe,614155,Aralakuppenala,1,29.0,60.0,0.0,12.752279,76.414984,7.142857142857142,100,34.01,Low,False
540,Haveri,5491,Hangal,218507.0,Masanakatti,604047,Masankatti,1,29.0,60.0,0.0,14.697574,75.50787,7.142857142857142,100,34.01,Low,False
635,Yadgir,5587,Shorapur,218121.0,Aldal,621006,Rajapur (D),1,29.0,60.0,0.0,16.58156,77.235968,7.142857142857142,100,34.01,Low,False
635,Yadgir,7096,Hunasagi,218149.0,Mudanoor K,620917,Mudnoor (K),1,29.0,60.0,0.0,16.515117,76.752461,7.142857142857142,100,34.01,Low,False
550,Uttara Kannada,5483,Sirsi,273216.0,Sondha,603109,Audala,1,29.0,60.0,0.0,13.984322,74.540713,7.142857142857142,100,34.01,Low,False
542,Kolar,5594,Mulbagal,219002.0,Hebbani,623057,M.Gollahalli,1,29.0,60.0,0.0,12.864826,78.015746,7.142857142857142,100,34.01,Low,False
539,Hassan,5556,Hassan,218397.0,Salagame,615879,Attihalli,1,29.0,60.0,0.0,12.888412,76.408263,7.142857142857142,100,34.01,Low,False
527,Belagavi,5441,Savadatti,216029.0,Sutagatti,939194,Hadagali,1,29.0,60.0,0.0,15.585182,74.805545,7.142857142857142,100,34.01,Low,False
545,Mysuru,5570,Hunsur,273316.0,Chikkabeechanahalli,618472,Dallalu,1,29.0,60.0,0.0,12.111574,76.319844,7.142857142857142,100,34.01,Low,False
539,Hassan,5555,Arsikere,218271.0,Karagunda,615519,Rangenahalli .,1,29.0,60.0,0.0,13.009509,75.795628,7.142857142857142,100,34.01,Low,False
543,Koppal,5467,Koppal,219126.0,Hitnal,601855,Kampasagar,1,29.0,60.0,0.0,16.193083,75.884546,7.142857142857142,100,34.01,Low,False
545,Mysuru,5570,Hunsur,219491.0,Mulluru,618335,Atthikuppe,1,29.0,60.0,0.0,12.70603,76.399024,7.142857142857142,100,34.01,Low,False
630,Chikkaballapura,5596,Chikkaballapura,218832.0,Gollahalli,623522,Mogalakuppe,1,29.0,60.0,0.0,13.582377,77.78063,7.142857142857142,100,34.01,Low,False
535,Davanagere,5514,Channagiri,217455.0,Siddanamatha,606948,Komaranahalli,1,29.0,60.0,0.0,14.295365,76.067077,7.142857142857142,100,34.01,Low,False
539,Hassan,5557,Alur,218203.0,Dodda Kanagal,616408,Rajanahalli,1,29.0,60.0,0.0,12.952228,75.78477,7.142857142857142,100,34.01,Low,False
527,Belagavi,5440,Bailahongala,215742.0,Govankoppa,598151,Chikkabellikatti,1,29.0,60.0,0.0,16.248158,74.616087,7.142857142857142,100,34.01,Low,False
530,Vijayapura,5449,Vijayapura,216550.0,Tidagundi,599067,Bommanalli,1,29.0,60.0,0.0,16.84845,75.710529,7.142857142857142,100,34.01,Low,False
550,Uttara Kannada,5481,Yellapur,220756.0,Angod,602890,Angod,1,29.0,60.0,0.0,15.236286,74.613261,7.142857142857142,100,34.01,Low,False
545,Mysuru,5573,Heggadadevankote,219441.0,Bheemanahalli,618841,Bheemanahalli,1,29.0,60.0,0.0,12.299796,76.676103,7.142857142857142,100,34.01,Low,False
526,Bengaluru Rural,5604,Hosakote,215496.0,Shivanapura,625576,Karapanahalli,1,29.0,60.0,0.0,12.991658,77.582256,7.142857142857142,100,34.01,Low,False
545,Mysuru,7098,Saraguru,219448.0,Hanchipura,619090,Konanalthuru,1,29.0,60.0,0.0,12.389744,76.434475,7.142857142857142,100,34.01,Low,False
527,Belagavi,5434,Athni,215654.0,Parthanahalli,597271,Abbihal,1,29.0,60.0,0.0,15.785553,74.62565,7.142857142857142,100,34.01,Low,False
548,Tumakuru,5540,Turuvekere,220402.0,Kondajji,612308,Bantarahalli,1,29.0,60.0,0.0,13.33104,77.099175,7.142857142857142,100,34.01,Low,False
548,Tumakuru,5540,Turuvekere,220394.0,Banasandra,612204,Balamadihalli,1,29.0,60.0,0.0,14.299202,77.19421,7.142857142857142,100,34.01,Low,False
542,Kolar,5592,Malur,218962.0,Baliganahalli,622280,Ommasandra,1,29.0,60.0,0.0,13.139634,78.132976,7.142857142857142,100,34.01,Low,False
527,Belagavi,5433,Chikodi,215796.0,Jagnur,597244,Jaganur,1,29.0,60.0,0.0,15.883174,74.531304,7.142857142857142,100,34.01,Low,False
542,Kolar,5591,Kolar,218957.0,Vadagur,622063,Venkatapura,1,29.0,60.0,0.0,13.05228,78.414324,7.142857142857142,100,34.01,Low,False
542,Kolar,5591,Kolar,218954.0,Thoradevanda Halli,621955,Nukkanahalli,1,29.0,60.0,0.0,12.95113,78.246169,7.142857142857142,100,34.01,Low,False
539,Hassan,5554,Belur,218311.0,Kesagodu,615415,Gummanahalli,1,29.0,60.0,0.0,13.162523,75.872917,7.142857142857142,100,34.01,Low,False
538,Kalaburagi,5581,Afzalpur,217884.0,Revoor B,620118,Revoor (K),1,29.0,60.0,0.0,17.342324,76.482133,7.142857142857142,100,34.01,Low,False
524,Bagalkote,7061,Guledgudda,215161.0,Jamankatti,598681,Lakkasakoppa,1,29.0,60.0,0.0,15.951862,76.128085,7.142857142857142,100,34.01,Low,False
546,Raichur,5461,Raichur,219775.0,Chicksugur,600778,Yegnur,1,29.0,60.0,0.0,16.062618,77.42158,7.142857142857142,100,34.01,Low,False
531,Chamarajanagar,5579,Kollegal,216761.0,Maduvinahalli,619827,Haravanapura,1,29.0,60.0,0.0,11.908296,76.939792,7.142857142857142,100,34.01,Low,False
532,Chikkamagaluru,5529,Kadur,216839.0,Balliganur,609369,Hogrehalli,1,29.0,60.0,0.0,12.12309,76.338198,7.142857142857142,100,34.01,Low,False
546,Raichur,5462,Manvi,219757.0,Madlapur,601021,Katarki,1,29.0,60.0,0.0,16.012175,77.477704,7.142857142857142,100,34.01,Low,False
525,Bengaluru Urban,5545,Anekal,215324.0,Huskur,613198,Gottamaranahalli,1,29.0,60.0,0.0,12.910021,77.546441,7.142857142857142,100,34.01,Low,False
538,Kalaburagi,7089,Yadrami,273187.0,Sathkhed,620817,Gogihal,1,29.0,60.0,0.0,17.332213,76.855732,7.142857142857142,100,34.01,Low,False
525,Bengaluru Urban,5543,Bengaluru South,272986.0,Nelaguli,613045,Nelaguli,1,29.0,60.0,0.0,13.403477,76.642308,7.142857142857142,100,34.01,Low,False
542,Kolar,5592,Malur,218973.0,Jayamangala,622250,Jayamangala,1,29.0,60.0,0.0,13.154586,78.396058,7.142857142857142,100,34.01,Low,False
548,Tumakuru,5540,Turuvekere,220410.0,Sampige,612268,Singasandra,1,23.0,80.0,0.0,13.179392,76.679085,7.142857142857142,100,33.91,Low,False
542,Kolar,5591,Kolar,218925.0,Arabilkothanur,621858,Chaluvanahalli,1,23.0,80.0,0.0,12.954126,78.274439,7.142857142857142,100,33.91,Low,False
542,Kolar,5591,Kolar,218934.0,Harati,622088,Harati,1,23.0,80.0,0.0,13.123051,78.124424,7.142857142857142,100,33.91,Low,False
539,Hassan,5556,Hassan,218390.0,Kowsika,616169,Gaddehosahalli,1,23.0,80.0,0.0,13.025948,75.795412,7.142857142857142,100,33.91,Low,False
533,Chitradurga,5507,Hosdurga,217162.0,Hebballi,605822,Nagarakatte,2,20.5,60.0,0.0,14.149694499999999,76.241769,14.285714285714285,100,33.89,Low,False
534,Dakshina Kannada,5563,Beltangadi,217278.0,Nidle,617679,Nidle,2,17.5,70.0,0.0,12.896463,74.823263,14.285714285714285,100,33.84,Low,False
538,Kalaburagi,5585,Chittapur,217974.0,Kamrwadi,620684,Sulhalli,2,17.5,70.0,0.0,17.303355,76.84150199999999,14.285714285714285,100,33.84,Low,False
547,Shivamogga,5516,Sorab,220050.0,Thelagunda,607375,Kalkoppa,2,17.5,70.0,0.0,14.166146,75.0351745,14.285714285714285,100,33.84,Low,False
547,Shivamogga,5518,Hosanagara,219883.0,Heddharipura,608007,Kallur,1,17.0,100.0,0.0,13.916601,75.53459,7.142857142857142,100,33.81,Low,False
539,Hassan,5557,Alur,218211.0,Madabalu,616306,Kamathi,1,17.0,100.0,0.0,13.315042,76.245175,7.142857142857142,100,33.81,Low,False
541,Kodagu,5567,Somvarpet,218693.0,Bedagotta,939000,Kyate,1,17.0,100.0,0.0,12.205558,75.919203,7.142857142857142,100,33.81,Low,False
544,Mandya,5547,Nagamangala,219365.0,Arani,613690,Chabbanahalli,1,17.0,100.0,0.0,12.404886,76.683608,7.142857142857142,100,33.81,Low,False
630,Chikkaballapura,5595,Gauribidanur,218886.0,Darinayakanapalya,623317,Anagattahalli,1,17.0,100.0,0.0,13.395124,77.7166,7.142857142857142,100,33.81,Low,False
545,Mysuru,5572,Mysuru,219532.0,Birihundi,618720,Kumarabeedu,1,17.0,100.0,0.0,12.325873,76.689872,7.142857142857142,100,33.81,Low,False
548,Tumakuru,5539,Tiptur,220329.0,Echanuru,612092,Hullukatte,1,17.0,100.0,0.0,13.338676,77.11453,7.142857142857142,100,33.81,Low,False
538,Kalaburagi,5584,Sedam,218081.0,Ribbanpalli,620531,Anantapur,1,17.0,100.0,0.0,17.576882,76.579061,7.142857142857142,100,33.81,Low,False
539,Hassan,5559,Hole Narsipur,218418.0,Ichanahalli,616918,Kongalabeedu,1,17.0,100.0,0.0,12.891091,76.386881,7.142857142857142,100,33.81,Low,False
528,Ballari,5499,Siruguppa,216288.0,Ravihal,604828,Agasanur,1,17.0,100.0,0.0,15.158923,76.914817,7.142857142857142,100,33.81,Low,False
532,Chikkamagaluru,5530,Chikkamagaluru,216798.0,Bilekallahalli,609728,Hosahalli,2,14.5,80.0,0.0,12.726609,76.973119,14.285714285714285,100,33.79,Low,False
550,Uttara Kannada,5483,Sirsi,273214.0,Malina Onikeri,603123,Singanalli,1,28.0,60.0,0.0,12.942259,77.590639,7.142857142857142,100,33.66,Low,False
535,Davanagere,5514,Channagiri,217426.0,Kakanur,606968,Kakanur,1,28.0,60.0,0.0,14.419807,75.899317,7.142857142857142,100,33.66,Low,False
550,Uttara Kannada,5486,Siddapur,220697.0,Dodmane,603612,Kodigadde,1,28.0,60.0,0.0,14.614309,74.844029,7.142857142857142,100,33.66,Low,False
550,Uttara Kannada,5486,Siddapur,220713.0,Wajgod,603642,Kelginmane,1,28.0,60.0,0.0,14.444296,74.407515,7.142857142857142,100,33.66,Low,False
547,Shivamogga,5519,Tirthahalli,220067.0,Guddekoppa,608190,Nijagooru,1,28.0,60.0,0.0,13.922148,75.572996,7.142857142857142,100,33.66,Low,False
545,Mysuru,5570,Hunsur,219477.0,Gagenahalli,618436,Halepura,1,28.0,60.0,0.0,12.291901,76.638356,7.142857142857142,100,33.66,Low,False
547,Shivamogga,5519,Tirthahalli,220063.0,Bandya,608144,Danasale,1,28.0,60.0,0.0,13.69655,75.263309,7.142857142857142,100,33.66,Low,False
548,Tumakuru,5532,Chiknayakanhalli,220107.0,Honnebagi,610263,Bullenahalli,1,28.0,60.0,0.0,13.127138,77.112843,7.142857142857142,100,33.66,Low,False
534,Dakshina Kannada,5565,Sulya,217381.0,Bellare,617756,Bellare,1,28.0,60.0,0.0,12.904413,74.840004,7.142857142857142,100,33.66,Low,False
527,Belagavi,5441,Savadatti,216032.0,Teggihal,598257,Teggihal,1,28.0,60.0,0.0,16.241043,74.784649,7.142857142857142,100,33.66,Low,False
630,Chikkaballapura,5600,Chintamani,218853.0,Hirekattigenahalli,624631,Byalahalli,1,28.0,60.0,0.0,13.39549,77.694825,7.142857142857142,100,33.66,Low,False
524,Bagalkote,5446,Badami,273085.0,Alur-Sk,598724,Alur .S.K.,1,28.0,60.0,0.0,16.530614,75.286182,7.142857142857142,100,33.66,Low,False
524,Bagalkote,5446,Badami,215171.0,Mangalore,598744,Shirabadagi,1,28.0,60.0,0.0,16.054776,75.753514,7.142857142857142,100,33.66,Low,False
635,Yadgir,7096,Hunasagi,218131.0,Geddalamari,621032,Benchigaddi,1,28.0,60.0,0.0,16.746107,77.138794,7.142857142857142,100,33.66,Low,False
548,Tumakuru,5534,Pavagada,220271.0,Naligaanahalli,610643,Balammanahalli,1,28.0,60.0,0.0,12.905234,76.940101,7.142857142857142,100,33.66,Low,False
542,Kolar,5594,Mulbagal,218996.0,Dhoolappalli,623189,Yadapalli,1,28.0,60.0,0.0,12.9369,78.260507,7.142857142857142,100,33.66,Low,False
542,Kolar,5590,Srinivaspur,219046.0,Arikunte,621588,Kummakunte,1,28.0,60.0,0.0,13.127695,78.123274,7.142857142857142,100,33.66,Low,False
544,Mandya,5549,Shrirangapattana,219422.0,Hosahalli,614286,Jakkanakuppe,1,28.0,60.0,0.0,12.510991,76.882132,7.142857142857142,100,33.66,Low,False
540,Haveri,5493,Byadgi,218463.0,Ghalapooji,604308,Guddada Mallapur,1,28.0,60.0,0.0,14.762308,75.258623,7.142857142857142,100,33.66,Low,False
547,Shivamogga,5520,Shivamogga,220004.0,Mallapura,608340,Narayana Pura,1,28.0,60.0,0.0,13.718048,75.23198,7.142857142857142,100,33.66,Low,False
631,Bengaluru South,7196,Harohalli,215539.0,Thokasandra,626390,Ballagere,1,28.0,60.0,0.0,12.680357,77.229819,7.142857142857142,100,33.66,Low,False
547,Shivamogga,5520,Shivamogga,272949.0,Kohalli,608374,Channa Halli,1,28.0,60.0,0.0,14.579682,75.137245,7.142857142857142,100,33.66,Low,False
540,Haveri,5489,Shiggaon,218660.0,Narayanapura,603948,Bisanhalli,1,28.0,60.0,0.0,14.570282,75.585149,7.142857142857142,100,33.66,Low,False
527,Belagavi,5439,Khanapur,215958.0,Halaga,597984,Halaga,1,28.0,60.0,0.0,15.797118,74.653474,7.142857142857142,100,33.66,Low,False
544,Mandya,5551,Maddur,219241.0,Athaguru,614555,Alamsettahalli,1,28.0,60.0,0.0,12.404018,76.66474,7.142857142857142,100,33.66,Low,False
547,Shivamogga,5519,Tirthahalli,220094.0,Triambakapura,608204,Biluvehariharapura,1,28.0,60.0,0.0,13.94364,75.594465,7.142857142857142,100,33.66,Low,False
527,Belagavi,7100,Kagwad,215632.0,Jugul,597278,Jugul,1,28.0,60.0,0.0,15.872587,74.504542,7.142857142857142,100,33.66,Low,False
537,Gadag,5472,Mundargi,217794.0,Korlahalli,602187,Korlhalli,1,28.0,60.0,0.0,15.448397,75.653571,7.142857142857142,100,33.66,Low,False
537,Gadag,7083,Laxmeshwar,217847.0,Dodduru,602078,Ullatti,1,28.0,60.0,0.0,15.423063,75.647297,7.142857142857142,100,33.66,Low,False
542,Kolar,5592,Malur,218963.0,Banahalli,622412,Yaluvahalli,1,28.0,60.0,0.0,12.935589,78.27225,7.142857142857142,100,33.66,Low,False
533,Chitradurga,5507,Hosdurga,217170.0,Karehalli,606003,Hagalakere,1,28.0,60.0,0.0,14.080311,76.256095,7.142857142857142,100,33.66,Low,False
530,Vijayapura,7069,Babaleshwar,216522.0,Halagani,599126,Sangapur(H),1,28.0,60.0,0.0,16.66349,75.588085,7.142857142857142,100,33.66,Low,False
545,Mysuru,5575,Tirumakudal - Narsipur,219642.0,Chidaravalli,619342,Chimili,1,28.0,60.0,0.0,12.647781,76.400658,7.142857142857142,100,33.66,Low,False
533,Chitradurga,5507,Hosdurga,217163.0,Heggere,606000,Vengalapura,1,28.0,60.0,0.0,14.247515,76.415294,7.142857142857142,100,33.66,Low,False
537,Gadag,5471,Shirahatti,217862.0,Vadavi,602119,Hosur,1,28.0,60.0,0.0,15.267479,75.499646,7.142857142857142,100,33.66,Low,False
537,Gadag,5469,Ron,272963.0,Amaragol,601923,Basarakod,1,28.0,60.0,0.0,15.42757,75.63884,7.142857142857142,100,33.66,Low,False
529,Bidar,5458,Homnabad,216462.0,Sedol,600272,Chinkera,1,28.0,60.0,0.0,17.880408,77.190584,7.142857142857142,100,33.66,Low,False
538,Kalaburagi,7089,Yadrami,218044.0,Kadkol,620776,Mansivangi,1,28.0,60.0,0.0,16.31736,75.271388,7.142857142857142,100,33.66,Low,False
550,Uttara Kannada,5480,Haliyal,220613.0,Nagashettikoppa,602860,Nagshetikop,1,28.0,60.0,0.0,14.281965,74.439534,7.142857142857142,100,33.66,Low,False
528,Ballari,5499,Siruguppa,216270.0,Balakundhi,604843,Buduguppa,1,28.0,60.0,0.0,15.277989,76.404775,7.142857142857142,100,33.66,Low,False
548,Tumakuru,5534,Pavagada,220260.0,C.K.Pura,610620,Hariharapura,1,28.0,60.0,0.0,13.32522,77.105357,7.142857142857142,100,33.66,Low,False
545,Mysuru,7098,Saraguru,219453.0,K.Belthur,618969,Shankahalli,1,28.0,60.0,0.0,12.654436,76.410045,7.142857142857142,100,33.66,Low,False
548,Tumakuru,5540,Turuvekere,220395.0,Bitarahossalli,612432,Muthsandra,1,28.0,60.0,0.0,13.313973,77.153,7.142857142857142,100,33.66,Low,False
527,Belagavi,5434,Athni,273220.0,Badachi,597337,Badachi,1,28.0,60.0,0.0,16.51323,74.953975,7.142857142857142,100,33.66,Low,False
531,Chamarajanagar,5577,Chamarajanagar,216669.0,Amachavadi,619722,Kotaganahalli,1,28.0,60.0,0.0,11.906513,76.912454,7.142857142857142,100,33.66,Low,False
531,Chamarajanagar,5577,Chamarajanagar,216677.0,Demahalli,619610,Demahalli,1,28.0,60.0,0.0,11.922783,76.94177,7.142857142857142,100,33.66,Low,False
630,Chikkaballapura,5598,Bagepalli,218763.0,Billur,623930,Billur,1,28.0,60.0,0.0,13.385311,77.713102,7.142857142857142,100,33.66,Low,False
548,Tumakuru,5541,Kunigal,220196.0,Kithanamangala,612591,Channapura,1,28.0,60.0,0.0,13.573537,76.530779,7.142857142857142,100,33.66,Low,False
530,Vijayapura,7075,Nidagundi,216470.0,Arashanagi,599474,Sulakhod,1,28.0,60.0,0.0,16.847612,75.712306,7.142857142857142,100,33.66,Low,False
548,Tumakuru,5541,Kunigal,220184.0,Bilidevalaya,612600,Urukehalli,1,28.0,60.0,0.0,13.704856,77.385719,7.142857142857142,100,33.66,Low,False
631,Bengaluru South,5607,Channapatna,215402.0,Iggalur,626308,Saraguru,1,28.0,60.0,0.0,12.781914,77.505492,7.142857142857142,100,33.66,Low,False
548,Tumakuru,5540,Turuvekere,220399.0,Hullekere,612276,Byadarahalli Kaval,1,28.0,60.0,0.0,13.163877,76.666174,7.142857142857142,100,33.66,Low,False
548,Tumakuru,5539,Tiptur,220335.0,Hindiskere,612032,Karekurchi (B),1,28.0,60.0,0.0,13.673532,77.068105,7.142857142857142,100,33.66,Low,False
546,Raichur,5459,Lingasugur,273072.0,Halkavatagi,600344,Upanhal,1,28.0,60.0,0.0,16.357336,77.348648,7.142857142857142,100,33.66,Low,False
538,Kalaburagi,5581,Afzalpur,273153.0,Nandaraga,620092,Jevargi (K),1,28.0,60.0,0.0,17.171946,76.796314,7.142857142857142,100,33.66,Low,False
630,Chikkaballapura,5599,Sidlaghatta,219022.0,Cheemangala,624286,Basavapatna K.G.,1,28.0,60.0,0.0,13.609366,77.771869,7.142857142857142,100,33.66,Low,False
542,Kolar,5593,Bangarapet,218803.0,Inora Hosahalli,622504,Inorahosahalli,1,28.0,60.0,0.0,13.181939,78.543975,7.142857142857142,100,33.66,Low,False
542,Kolar,5594,Mulbagal,218998.0,Gudipalli,623076,Ganganahalli,1,28.0,60.0,0.0,12.942174,78.287591,7.142857142857142,100,33.66,Low,False
534,Dakshina Kannada,7104,Kadaba,217354.0,Kaukrady,617701,Ichlampady,2,14.0,80.0,0.0,12.876805000000001,74.827268,14.285714285714285,100,33.61,Low,False
526,Bengaluru Rural,5604,Hosakote,215476.0,Devanagundi,625729,Obalapura,1,22.0,80.0,0.0,12.992712,77.589296,7.142857142857142,100,33.56,Low,False
550,Uttara Kannada,5485,Kumta,273206.0,Kallabbe,603504,Kandavalli,1,22.0,80.0,0.0,14.791934,74.126038,7.142857142857142,100,33.56,Low,False
548,Tumakuru,5532,Chiknayakanhalli,220119.0,Shettikere,610240,Makuvalli,1,22.0,80.0,0.0,13.337181,77.088735,7.142857142857142,100,33.56,Low,False
547,Shivamogga,5515,Sagar,219910.0,Bhimaneri,925015,Suranagadde,1,22.0,80.0,0.0,13.998754,75.684786,7.142857142857142,100,33.56,Low,False
538,Kalaburagi,5581,Afzalpur,217870.0,Bhiramadgi,620154,Madra (K),1,22.0,80.0,0.0,17.310296,76.808985,7.142857142857142,100,33.56,Low,False
548,Tumakuru,5534,Pavagada,220271.0,Naligaanahalli,610644,Palkunte,1,22.0,80.0,0.0,14.279816,77.173789,7.142857142857142,100,33.56,Low,False
527,Belagavi,5439,Khanapur,215959.0,Halakarni,597863,Mudewadi,1,22.0,80.0,0.0,15.596828,74.564385,7.142857142857142,100,33.56,Low,False
529,Bidar,5457,Bidar,216431.0,Sangolgi,600211,Baugi,2,16.5,70.0,0.0,17.935008,77.51065650000001,14.285714285714285,100,33.49,Low,False
550,Uttara Kannada,5487,Honavar,220637.0,Mugwa,603786,Nagre,1,16.0,100.0,0.0,15.34707,74.770197,7.142857142857142,100,33.46,Low,False
527,Belagavi,7099,Mudalgi,215861.0,Khanagaon,597481,Ginimar Hosur,1,16.0,100.0,0.0,16.530063,74.538577,7.142857142857142,100,33.46,Low,False
549,Udupi,7068,Brahmavara,220560.0,Varamballi,608845,Varamballi (Ct),1,16.0,100.0,0.0,13.849634,74.628287,7.142857142857142,100,33.46,Low,False
631,Bengaluru South,5605,Magadi,215565.0,Motagondanahallli,625914,Malluru,1,16.0,100.0,0.0,12.449326,77.509679,7.142857142857142,100,33.46,Low,False
527,Belagavi,7099,Mudalgi,215844.0,Avaradi,597513,Yaragudri,1,16.0,100.0,0.0,15.933647,74.541722,7.142857142857142,100,33.46,Low,False
539,Hassan,5555,Arsikere,218289.0,Yadavanahalli,615828,Somenahalli,1,16.0,100.0,0.0,12.957533,75.990121,7.142857142857142,100,33.46,Low,False
527,Belagavi,5439,Khanapur,215979.0,Manturga,597867,Asoga,1,16.0,100.0,0.0,15.860779,74.523746,7.142857142857142,100,33.46,Low,False
543,Koppal,5467,Koppal,219109.0,Alavandi,601740,Kampli,1,16.0,100.0,0.0,15.414914,76.52488,7.142857142857142,100,33.46,Low,False
539,Hassan,5560,Channarayapatna,218357.0,Mattanavile,617403,Kempinakote,1,16.0,100.0,0.0,12.803027,76.078968,7.142857142857142,100,33.46,Low,False
546,Raichur,7101,Maski,219721.0,Mattur,600442,Buddinni,1,16.0,100.0,0.0,16.02362,77.484219,7.142857142857142,100,33.46,Low,False
535,Davanagere,5514,Channagiri,217417.0,Haronahalli,607067,Kablikatte,1,16.0,100.0,0.0,14.508759,75.817139,7.142857142857142,100,33.46,Low,False
537,Gadag,5472,Mundargi,217790.0,Harogeri,602159,Tambragundi,1,16.0,100.0,0.0,15.13212,75.353752,7.142857142857142,100,33.46,Low,False
547,Shivamogga,5515,Sagar,219909.0,Bhimanakone,607235,Henagere,1,16.0,100.0,0.0,14.260415,75.359213,7.142857142857142,100,33.46,Low,False
630,Chikkaballapura,5596,Chikkaballapura,218824.0,Agalagurki,623649,Sriramapura,2,19.0,60.0,0.0,13.261761499999999,76.52310750000001,14.285714285714285,100,33.36,Low,False
527,Belagavi,5439,Khanapur,215966.0,Jamboti,597825,Olamani,1,27.0,60.0,0.0,15.817854,74.853991,7.142857142857142,100,33.31,Low,False
544,Mandya,5551,Maddur,219275.0,Somanahalli,614501,Somanahalli,1,27.0,60.0,0.0,12.37575,77.052432,7.142857142857142,100,33.31,Low,False
539,Hassan,5556,Hassan,218373.0,Bylahalli,615844,Kanavanahalli,1,27.0,60.0,0.0,12.790827,76.23395,7.142857142857142,100,33.31,Low,False
545,Mysuru,5572,Mysuru,219535.0,Devalapura,618811,Marase,1,27.0,60.0,0.0,11.611656,76.212708,7.142857142857142,100,33.31,Low,False
630,Chikkaballapura,5600,Chintamani,218876.0,Talagawara,624573,Subbarayanapet,1,27.0,60.0,0.0,13.3855,77.686645,7.142857142857142,100,33.31,Low,False
630,Chikkaballapura,5600,Chintamani,218878.0,Yagavakote,624689,Bandarlahalli,1,27.0,60.0,0.0,13.252429,76.520548,7.142857142857142,100,33.31,Low,False
545,Mysuru,5572,Mysuru,219537.0,Doddamaragowdanahalli,618716,Chandrabeedu,1,27.0,60.0,0.0,12.321119,76.632617,7.142857142857142,100,33.31,Low,False
631,Bengaluru South,5605,Magadi,215547.0,Banavadi,625863,Palanahalli,1,27.0,60.0,0.0,13.123582,77.165718,7.142857142857142,100,33.31,Low,False
550,Uttara Kannada,5484,Ankola,220575.0,Hattikeri,603327,Hattikeri,1,27.0,60.0,0.0,14.186671,74.485772,7.142857142857142,100,33.31,Low,False
539,Hassan,5556,Hassan,218373.0,Bylahalli,615846,Kamenahalli,1,27.0,60.0,0.0,13.390194,76.162441,7.142857142857142,100,33.31,Low,False
550,Uttara Kannada,5485,Kumta,220660.0,Alakod,603473,Kodambale,1,27.0,60.0,0.0,14.79803,74.118375,7.142857142857142,100,33.31,Low,False
545,Mysuru,5569,Piriyapatna,273336.0,Haranahalli,618107,Ambalare,1,27.0,60.0,0.0,12.269817,76.224402,7.142857142857142,100,33.31,Low,False
542,Kolar,5590,Srinivaspur,219055.0,Kurigepalli,621396,Vangasavaripalli,1,27.0,60.0,0.0,13.049072,78.407675,7.142857142857142,100,33.31,Low,False
539,Hassan,5559,Hole Narsipur,218424.0,Mallappanahalli,616908,Gondi Mallenahalli,1,27.0,60.0,0.0,12.932041,75.777316,7.142857142857142,100,33.31,Low,False
527,Belagavi,5439,Khanapur,215977.0,Londa,598022,Londa (Ct),1,27.0,60.0,0.0,16.433502,74.581736,7.142857142857142,100,33.31,Low,False
539,Hassan,5560,Channarayapatna,218339.0,Didaga,617313,Pura,1,27.0,60.0,0.0,13.09819,76.218851,7.142857142857142,100,33.31,Low,False
539,Hassan,5558,Arkalgud,218216.0,Agrahara,616654,Belikarpuravalli,1,27.0,60.0,0.0,12.939238,75.796466,7.142857142857142,100,33.31,Low,False
545,Mysuru,5569,Piriyapatna,273333.0,Avarthi,618127,Maradiyur,1,27.0,60.0,0.0,12.177897,76.38099,7.142857142857142,100,33.31,Low,False
630,Chikkaballapura,7404,Manchenahalli,218899.0,Jarabandanahalli,623406,Gondihalli,1,27.0,60.0,0.0,13.580373,77.797239,7.142857142857142,100,33.31,Low,False
527,Belagavi,5441,Savadatti,216034.0,Yakkundi,598226,Venkateshnagar,1,27.0,60.0,0.0,15.879508,74.512842,7.142857142857142,100,33.31,Low,False
540,Haveri,5490,Savanur,218632.0,Kunimellihalli,604003,Mannangi,1,27.0,60.0,0.0,14.692332,75.356067,7.142857142857142,100,33.31,Low,False
544,Mandya,5546,Krishnarajpet,219228.0,Mandagere,613581,Chikkamandagere,1,27.0,60.0,0.0,12.700536,77.047388,7.142857142857142,100,33.31,Low,False
544,Mandya,5547,Nagamangala,272691.0,Hulikere,613853,Honnudikehalli,1,27.0,60.0,0.0,12.545857,76.86918,7.142857142857142,100,33.31,Low,False
540,Haveri,7106,Rattihalli,218552.0,Anaji,604474,Anaji,1,27.0,60.0,0.0,14.438555,75.50629,7.142857142857142,100,33.31,Low,False
630,Chikkaballapura,5596,Chikkaballapura,218839.0,Mandikal,623486,Gummalapura,1,27.0,60.0,0.0,13.244888,76.552706,7.142857142857142,100,33.31,Low,False
524,Bagalkote,5443,Jamkhandi,215279.0,Muttur,598427,Muttur,1,27.0,60.0,0.0,16.040805,75.790051,7.142857142857142,100,33.31,Low,False
542,Kolar,5590,Srinivaspur,219056.0,Lakshmipura,621511,Sheshapura (K.G.),1,27.0,60.0,0.0,13.166713,78.416768,7.142857142857142,100,33.31,Low,False
544,Mandya,5549,Shrirangapattana,219422.0,Hosahalli,614287,Hosahalli,1,27.0,60.0,0.0,12.803243,76.743754,7.142857142857142,100,33.31,Low,False
550,Uttara Kannada,5482,Mundgod,220681.0,Bedasgaon,603078,Bedasgaon,1,27.0,60.0,0.0,14.820967,74.11342,7.142857142857142,100,33.31,Low,False
631,Bengaluru South,5606,Ramanagara,215599.0,Bannikuppe2,626171,Bannikuppe,1,27.0,60.0,0.0,12.722571,77.283935,7.142857142857142,100,33.31,Low,False
531,Chamarajanagar,5577,Chamarajanagar,216680.0,Gulipura,619624,Gulipura,1,27.0,60.0,0.0,11.913488,76.93102,7.142857142857142,100,33.31,Low,False
548,Tumakuru,5540,Turuvekere,220395.0,Bitarahossalli,612430,Vittalapura,1,27.0,60.0,0.0,13.199722,76.56973,7.142857142857142,100,33.31,Low,False
532,Chikkamagaluru,5525,Sringeri,216961.0,Kere,608936,Sheerlu,1,27.0,60.0,0.0,12.689628,76.957262,7.142857142857142,100,33.31,Low,False
548,Tumakuru,5539,Tiptur,220334.0,Halukurike,611978,Halkurke,1,27.0,60.0,0.0,13.294511,77.156088,7.142857142857142,100,33.31,Low,False
532,Chikkamagaluru,5525,Sringeri,216965.0,Nemmaru,608938,Malanadu,1,27.0,60.0,0.0,12.109477,76.315575,7.142857142857142,100,33.31,Low,False
530,Vijayapura,7070,Chadchan,216584.0,Nandaragi,599200,Dhumakanal,1,27.0,60.0,0.0,16.493397,75.685106,7.142857142857142,100,33.31,Low,False
542,Kolar,5592,Malur,218972.0,Hungenahalli,622127,Hungenahalli,1,27.0,60.0,0.0,12.969801,78.284899,7.142857142857142,100,33.31,Low,False
548,Tumakuru,5536,Koratagere,220176.0,Tumbadi,611064,Kambadahalli,1,27.0,60.0,0.0,14.066291,77.170111,7.142857142857142,100,33.31,Low,False
547,Shivamogga,5516,Sorab,220030.0,Harishi,607498,Telagundli,1,27.0,60.0,0.0,13.529537,75.111415,7.142857142857142,100,33.31,Low,False
536,Dharwad,5473,Dharwad,217664.0,Tegur,602211,Tegur,1,27.0,60.0,0.0,15.116059,75.37418,7.142857142857142,100,33.31,Low,False
536,Dharwad,5476,Kalghatgi,217709.0,Surashettikoppa,602495,Dyamapur,1,27.0,60.0,0.0,15.169067,74.9779,7.142857142857142,100,33.31,Low,False
542,Kolar,5592,Malur,218969.0,Hasandahalli,622322,Tholasanadoddi,1,27.0,60.0,0.0,13.54303,78.336606,7.142857142857142,100,33.31,Low,False
532,Chikkamagaluru,5526,Koppa,216905.0,Hirekodige,608989,Bomlapura,1,27.0,60.0,0.0,12.12682,76.329952,7.142857142857142,100,33.31,Low,False
548,Tumakuru,5540,Turuvekere,220403.0,Lokammanahalli,612216,N.Ganganahalli,1,27.0,60.0,0.0,14.221319,77.044102,7.142857142857142,100,33.31,Low,False
545,Mysuru,5572,Mysuru,219530.0,Anandur,618692,Oondavadi,1,27.0,60.0,0.0,12.317511,76.645447,7.142857142857142,100,33.31,Low,False
631,Bengaluru South,5605,Magadi,215569.0,Sathanur,625766,Basavanapalya,1,27.0,60.0,0.0,12.70141,77.285909,7.142857142857142,100,33.31,Low,False
545,Mysuru,5574,Nanjangud,219585.0,Hulimavu,619195,Immavu,1,27.0,60.0,0.0,12.185431,76.530286,7.142857142857142,100,33.31,Low,False
529,Bidar,5455,Bhalki,272858.0,Lanjawada,599869,Lanjwada,1,27.0,60.0,0.0,17.915137,77.543195,7.142857142857142,100,33.31,Low,False
539,Hassan,5560,Channarayapatna,218363.0,Sathenahalli,617111,Kurikaval,1,27.0,60.0,0.0,13.082288,76.209496,7.142857142857142,100,33.31,Low,False
526,Bengaluru Rural,5604,Hosakote,215483.0,Ittasandra,625470,Anupahalli,1,27.0,60.0,0.0,13.059128,77.777314,7.142857142857142,100,33.31,Low,False
548,Tumakuru,5534,Pavagada,220272.0,Nyayadagunte,610608,Nyayadagunte,1,27.0,60.0,0.0,13.92531,75.576981,7.142857142857142,100,33.31,Low,False
548,Tumakuru,5534,Pavagada,272811.0,Kodamadagu,610637,Kadamalakunte,1,27.0,60.0,0.0,14.045109,77.167262,7.142857142857142,100,33.31,Low,False
535,Davanagere,5512,Davanagere,217465.0,Anberu,606706,Nalkunda,1,27.0,60.0,0.0,14.527875,76.340011,7.142857142857142,100,33.31,Low,False
535,Davanagere,5512,Davanagere,217466.0,Attigere,606684,Ramagondanahalli,1,27.0,60.0,0.0,14.193264,75.83198,7.142857142857142,100,33.31,Low,False
548,Tumakuru,5536,Koratagere,220169.0,Kollala,611225,Omachihalli,1,27.0,60.0,0.0,13.458155,76.544472,7.142857142857142,100,33.31,Low,False
631,Bengaluru South,7196,Harohalli,215525.0,Kaggalahalli,626346,Kaggalahalli,1,27.0,60.0,0.0,12.436726,77.309729,7.142857142857142,100,33.31,Low,False
532,Chikkamagaluru,7078,Ajjampura,216978.0,Cheeranahalli,609234,Haralahalli,1,27.0,60.0,0.0,12.117874,76.326389,7.142857142857142,100,33.31,Low,False
546,Raichur,5463,Sindhnur,219810.0,Gonawara,601169,Gonwar,1,27.0,60.0,0.0,15.938802,76.64766,7.142857142857142,100,33.31,Low,False
542,Kolar,5594,Mulbagal,219006.0,Mothakapalli,623182,Jangamahosahalli,1,27.0,60.0,0.0,12.9248,78.257895,7.142857142857142,100,33.31,Low,False
542,Kolar,5594,Mulbagal,219007.0,Mudigere,623093,Mudigere,1,27.0,60.0,0.0,13.513617,78.23913,7.142857142857142,100,33.31,Low,False
526,Bengaluru Rural,5603,Devanahalli,215442.0,Venkatagtirikote,625310,Hurlagurki,1,27.0,60.0,0.0,12.985059,77.585885,7.142857142857142,100,33.31,Low,False
547,Shivamogga,5517,Shikarpur,219946.0,Chikkajamburu,607736,Boghasamudra,2,13.0,80.0,0.0,14.2493405,75.35872850000001,14.285714285714285,100,33.26,Low,False
546,Raichur,5463,Sindhnur,219826.0,Ramathnal,601146,Siranguddi,2,13.0,80.0,0.0,16.070246,77.42952,14.285714285714285,100,33.26,Low,False
631,Bengaluru South,5605,Magadi,215546.0,Bachenahatti,625981,Thagachaguppe,1,21.0,80.0,0.0,12.657388,77.199792,7.142857142857142,100,33.21,Low,False
550,Uttara Kannada,5486,Siddapur,220697.0,Dodmane,603621,Halegubbi,1,21.0,80.0,0.0,14.100895,74.476488,7.142857142857142,100,33.21,Low,False
527,Belagavi,5437,Hukkeri,215912.0,Hosur,939177,Honnur,1,21.0,80.0,0.0,15.852097,74.515256,7.142857142857142,100,33.21,Low,False
527,Belagavi,5442,Ramdurg,216051.0,Hosakoti,598290,Kamakeri,1,21.0,80.0,0.0,15.846178,74.536838,7.142857142857142,100,33.21,Low,False
526,Bengaluru Rural,5603,Devanahalli,215433.0,Godlumuddena Halli,625322,Narayanapura,1,21.0,80.0,0.0,13.105546,77.373782,7.142857142857142,100,33.21,Low,False
542,Kolar,5594,Mulbagal,218998.0,Gudipalli,623072,Kamsanahalli,2,15.5,70.0,0.0,12.945038,78.28165999999999,14.285714285714285,100,33.14,Low,False
630,Chikkaballapura,5599,Sidlaghatta,219018.0,Ablodu,624161,Thathahalli,1,15.0,100.0,0.0,13.271325,76.528768,7.142857142857142,100,33.11,Low,False
539,Hassan,5560,Channarayapatna,218339.0,Didaga,617326,Naganahalli,1,15.0,100.0,0.0,13.016851,76.130009,7.142857142857142,100,33.11,Low,False
526,Bengaluru Rural,5603,Devanahalli,215440.0,Kundana,625303,Neraganahalli,1,15.0,100.0,0.0,12.970423,77.791849,7.142857142857142,100,33.11,Low,False
527,Belagavi,5441,Savadatti,216029.0,Sutagatti,598221,Hittanagi,1,15.0,100.0,0.0,15.839768,74.489293,7.142857142857142,100,33.11,Low,False
541,Kodagu,5566,Madikeri,218686.0,Sampaje,923916,Arekallu,1,15.0,100.0,0.0,12.152912,75.957454,7.142857142857142,100,33.11,Low,False
527,Belagavi,5438,Belagavi,215687.0,Bijagarni,948376,Kavlewadi,1,15.0,100.0,0.0,15.854169,74.516835,7.142857142857142,100,33.11,Low,False
550,Uttara Kannada,5479,Supa,220752.0,Pradhani,602706,Kalamkhand,1,15.0,100.0,0.0,12.939644,77.574824,7.142857142857142,100,33.11,Low,False
533,Chitradurga,5504,Challakere,217019.0,Devaramarikunte,605357,Vaderahalli,1,15.0,100.0,0.0,12.991095,77.556387,7.142857142857142,100,33.11,Low,False
533,Chitradurga,5505,Chitradurga,217058.0,Bommenahalli,605550,Marijogihalli,1,15.0,100.0,0.0,14.099895,76.289282,7.142857142857142,100,33.11,Low,False
525,Bengaluru Urban,7103,Yelahanka,215368.0,Shivakotte,612855,Kalenahalli,1,15.0,100.0,0.0,12.932293,77.569663,7.142857142857142,100,33.11,Low,False
548,Tumakuru,5538,Gubbi,220139.0,Idagur,611924,Ankalakoppa,1,15.0,100.0,0.0,13.334776,77.109276,7.142857142857142,100,33.11,Low,False
550,Uttara Kannada,5486,Siddapur,273210.0,Korlakai(Adukatta),603672,Koralkai,1,15.0,100.0,0.0,14.612807,74.833881,7.142857142857142,100,33.11,Low,False
542,Kolar,7002,Kolar Gold Field,218822.0,Vengasandra,622779,Gopenahalli,1,15.0,100.0,0.0,12.89357,78.114682,7.142857142857142,100,33.11,Low,False
541,Kodagu,7125,Ponnampet,218760.0,Srimangala,618076,Kurchi,1,15.0,100.0,0.0,12.508311,75.809198,7.142857142857142,100,33.11,Low,False
539,Hassan,5559,Hole Narsipur,218422.0,Kyathanahalli,616982,H.Hindalahalli,2,18.0,60.0,0.0,13.299261,76.0456485,14.285714285714285,100,33.01,Low,False
531,Chamarajanagar,7077,Hanur,216753.0,Kannuru,619870,Gangadharakatte,2,18.0,60.0,0.0,11.915866000000001,76.92971800000001,14.285714285714285,100,33.01,Low,False
533,Chitradurga,5505,Chitradurga,217087.0,Yelagodu,605445,Hullehal,2,18.0,60.0,0.0,14.2166455,76.401475,14.285714285714285,100,33.01,Low,False
535,Davanagere,5509,Harihar,217557.0,Salkatte,606287,Mittlakatte,2,18.0,60.0,0.0,14.473502499999999,75.933971,14.285714285714285,100,33.01,Low,False
539,Hassan,5560,Channarayapatna,218335.0,Belagihallli,617298,Maradihalli,1,26.0,60.0,0.0,12.956056,75.775444,7.142857142857142,100,32.96,Low,False
542,Kolar,5590,Srinivaspur,219067.0,Thadigol,621504,Kamalavaripalli,1,26.0,60.0,0.0,12.977655,78.182766,7.142857142857142,100,32.96,Low,False
527,Belagavi,5440,Bailahongala,215735.0,Chivatgundi,598120,Chivatagundi,1,26.0,60.0,0.0,15.83882,74.518658,7.142857142857142,100,32.96,Low,False
542,Kolar,5590,Srinivaspur,219066.0,Somayajalapalli,621614,Ojalapalli,1,26.0,60.0,0.0,12.864934,78.214294,7.142857142857142,100,32.96,Low,False
543,Koppal,7091,Kanakagiri,273125.0,Basarihal,601560,Bailakampur,1,26.0,60.0,0.0,16.198488,75.881233,7.142857142857142,100,32.96,Low,False
533,Chitradurga,5507,Hosdurga,217172.0,Kurubarahalli,605993,Sujikal,1,26.0,60.0,0.0,14.220698,76.430867,7.142857142857142,100,32.96,Low,False
534,Dakshina Kannada,5561,Mangaluru,217327.0,Permude,617522,Kuthethur (Og),1,26.0,60.0,0.0,12.549711,75.109144,7.142857142857142,100,32.96,Low,False
631,Bengaluru South,7196,Harohalli,215542.0,Yalachavadi,626429,Bilikal Forest,1,26.0,60.0,0.0,12.717264,77.271106,7.142857142857142,100,32.96,Low,False
547,Shivamogga,5517,Shikarpur,219952.0,Gogga,607809,Gogga,1,26.0,60.0,0.0,14.227259,74.806084,7.142857142857142,100,32.96,Low,False
532,Chikkamagaluru,5530,Chikkamagaluru,216803.0,Doddamagaravalli,609853,Bannur,1,26.0,60.0,0.0,12.136898,76.325414,7.142857142857142,100,32.96,Low,False
542,Kolar,5592,Malur,218983.0,Santehalli,622184,Mangapura,1,26.0,60.0,0.0,12.847152,78.190384,7.142857142857142,100,32.96,Low,False
548,Tumakuru,5535,Madhugiri,220247.0,Nerelekere,610711,K.Krishnapura,1,26.0,60.0,0.0,13.164146,76.582322,7.142857142857142,100,32.96,Low,False
537,Gadag,5470,Gadag,217782.0,Yelishirur,602041,Hosur,1,26.0,60.0,0.0,15.065311,75.297379,7.142857142857142,100,32.96,Low,False
548,Tumakuru,5536,Koratagere,220175.0,Thovinakere,611005,Kurihalli,1,26.0,60.0,0.0,13.478446,77.119365,7.142857142857142,100,32.96,Low,False
524,Bagalkote,7062,Ilkal,215241.0,Jambaldinni,598985,Hirehunakunti,1,26.0,60.0,0.0,16.367641,75.624999,7.142857142857142,100,32.96,Low,False
536,Dharwad,5473,Dharwad,217643.0,Kalakeri,602260,Devagiri-M-Kyarkoppa,1,26.0,60.0,0.0,15.170207,74.972366,7.142857142857142,100,32.96,Low,False
545,Mysuru,5575,Tirumakudal - Narsipur,219642.0,Chidaravalli,619355,Chidravalli,1,26.0,60.0,0.0,12.32007,76.647659,7.142857142857142,100,32.96,Low,False
544,Mandya,5547,Nagamangala,219369.0,Bindiganavile,613807,B.Mallenahalli,1,26.0,60.0,0.0,12.421623,76.578637,7.142857142857142,100,32.96,Low,False
527,Belagavi,7099,Mudalgi,274212.0,Tigadi,597525,Shiddapurahatti,1,26.0,60.0,0.0,16.178636,74.816086,7.142857142857142,100,32.96,Low,False
545,Mysuru,5570,Hunsur,219479.0,Govindanahalli,618424,Nallurunala,2,15.0,70.0,0.0,12.3451135,76.6459715,14.285714285714285,100,32.96,Low,False
545,Mysuru,5571,Krishnarajanagara,219519.0,Lalandevanahally,939285,Vaddarahalli ( Submerged In Krs),1,26.0,60.0,0.0,12.328016,76.648004,7.142857142857142,100,32.96,Low,False
539,Hassan,5559,Hole Narsipur,218422.0,Kyathanahalli,616974,Badakyathanahalli,1,26.0,60.0,0.0,12.996738,76.212768,7.142857142857142,100,32.96,Low,False
539,Hassan,5556,Hassan,218389.0,Koravangala,615976,Dyavalapura.,1,26.0,60.0,0.0,13.019172,76.121227,7.142857142857142,100,32.96,Low,False
539,Hassan,5559,Hole Narsipur,218411.0,Doddahalli,617030,Marahalli Kaval,1,26.0,60.0,0.0,13.187196,75.856953,7.142857142857142,100,32.96,Low,False
550,Uttara Kannada,5486,Siddapur,220701.0,Heggarani,603547,Taresar,1,26.0,60.0,0.0,14.006795,74.565408,7.142857142857142,100,32.96,Low,False
546,Raichur,5460,Devadurga,219680.0,Hemanal,600641,Apprahal,1,26.0,60.0,0.0,16.212345,77.325526,7.142857142857142,100,32.96,Low,False
538,Kalaburagi,5582,Kalaburagi,218018.0,Nandikoor,620271,Nandikur,1,26.0,60.0,0.0,12.600153,77.350299,7.142857142857142,100,32.96,Low,False
530,Vijayapura,7073,Talikoti,216618.0,Minajagi,599703,Minajagi,1,26.0,60.0,0.0,16.853602,75.736491,7.142857142857142,100,32.96,Low,False
530,Vijayapura,7073,Talikoti,216625.0,Tumbagi,599687,Tumbagi,1,26.0,60.0,0.0,17.298311,75.681322,7.142857142857142,100,32.96,Low,False
530,Vijayapura,7070,Chadchan,216569.0,Halasangi,599187,Yelgi [P.H.],1,26.0,60.0,0.0,16.384556,75.937396,7.142857142857142,100,32.96,Low,False
542,Kolar,5594,Mulbagal,219011.0,Pichaguntlahalli,623125,Doddaguttahalli,1,26.0,60.0,0.0,12.933602,78.258131,7.142857142857142,100,32.96,Low,False
542,Kolar,5594,Mulbagal,219015.0,Thimmaravuthanahalli,623159,Appenahalli,1,26.0,60.0,0.0,13.34525,78.194142,7.142857142857142,100,32.96,Low,False
530,Vijayapura,5449,Vijayapura,216535.0,Kannur,599062,Kannur,1,26.0,60.0,0.0,16.640746,75.799447,7.142857142857142,100,32.96,Low,False
542,Kolar,7002,Kolar Gold Field,218806.0,Kammasandra,622741,Chimalabandahalli,1,26.0,60.0,0.0,12.921886,78.277241,7.142857142857142,100,32.96,Low,False
530,Vijayapura,5453,Muddebihal,216611.0,Kalagi,599574,Tapalkatti,1,26.0,60.0,0.0,16.369968,75.936699,7.142857142857142,100,32.96,Low,False
538,Kalaburagi,5586,Jevargi,273185.0,Nedalagi,620735,Gudur S.Nelogi,1,26.0,60.0,0.0,12.584761,77.355926,7.142857142857142,100,32.96,Low,False
550,Uttara Kannada,5483,Sirsi,220718.0,Bankanaal,603274,Gonur,1,26.0,60.0,0.0,14.667743,74.32261,7.142857142857142,100,32.96,Low,False
527,Belagavi,5437,Hukkeri,215942.0,Yelimunalli,597600,Jabapur (R),1,26.0,60.0,0.0,15.893056,74.515181,7.142857142857142,100,32.96,Low,False
543,Koppal,7091,Kanakagiri,219086.0,Hirekheda,601586,Gorvihanchinal,1,26.0,60.0,0.0,16.204831,75.903355,7.142857142857142,100,32.96,Low,False
542,Kolar,5590,Srinivaspur,219063.0,Pulagurkota,621534,Iladoni,1,26.0,60.0,0.0,12.938576,78.252598,7.142857142857142,100,32.96,Low,False
526,Bengaluru Rural,5604,Hosakote,215484.0,Jadigenahalli,625704,Kolathur,1,26.0,60.0,0.0,14.659875,76.470923,7.142857142857142,100,32.96,Low,False
544,Mandya,5550,Mandya,219322.0,Baby,614346,Tharanagere,1,26.0,60.0,0.0,12.536248,76.893071,7.142857142857142,100,32.96,Low,False
544,Mandya,5546,Krishnarajpet,219216.0,Chowdenahalli,613406,Kodimaranahalli,1,26.0,60.0,0.0,12.692342,77.055895,7.142857142857142,100,32.96,Low,False
541,Kodagu,5566,Madikeri,218683.0,Napoklu,617851,Napoklu,1,26.0,60.0,0.0,12.439658,75.750223,7.142857142857142,100,32.96,Low,False
544,Mandya,5546,Krishnarajpet,219215.0,Bookanakere,613647,Kanchahalli,1,26.0,60.0,0.0,12.432296,76.70608,7.142857142857142,100,32.96,Low,False
526,Bengaluru Rural,5604,Hosakote,272724.0,Hettakki,625595,Lingapura,1,26.0,60.0,0.0,13.308443,77.794982,7.142857142857142,100,32.96,Low,False
539,Hassan,5560,Channarayapatna,218362.0,S.Shivara,617277,Sante Shivara,1,26.0,60.0,0.0,12.992995,76.097836,7.142857142857142,100,32.96,Low,False
545,Mysuru,5573,Heggadadevankote,219467.0,Thumbasoge,618904,Thoravalli,2,12.0,80.0,0.0,12.3008485,76.6777905,14.285714285714285,100,32.91,Low,False
542,Kolar,5593,Bangarapet,218823.0,Yelesandra,622567,Dodderi,1,20.0,80.0,0.0,12.986193,78.17139,7.142857142857142,100,32.86,Low,False
541,Kodagu,5567,Somvarpet,218718.0,Nerugalale,939057,Areyuru,1,20.0,80.0,0.0,12.72132,75.900199,7.142857142857142,100,32.86,Low,False
548,Tumakuru,5537,Tumakuru,220368.0,Hirehalli,611397,Hirehalli,1,20.0,80.0,0.0,13.497794,76.433812,7.142857142857142,100,32.86,Low,False
537,Gadag,5469,Ron,217814.0,D.S.Hadagali,601956,Gujmagadi,1,20.0,80.0,0.0,15.391205,75.440672,7.142857142857142,100,32.86,Low,False
533,Chitradurga,5506,Holalkere,217120.0,Adanur,605718,Arasanaghatta,1,20.0,80.0,0.0,14.22243,76.397135,7.142857142857142,100,32.86,Low,False
545,Mysuru,5572,Mysuru,219548.0,Keelanapura,618794,Puttegowdanahundi,1,20.0,80.0,0.0,11.575237,76.195645,7.142857142857142,100,32.86,Low,False
545,Mysuru,7098,Saraguru,219459.0,Manuganahalli,618976,Halemanchahalli,1,20.0,80.0,0.0,12.431764,76.431974,7.142857142857142,100,32.86,Low,False
542,Kolar,5592,Malur,218979.0,Masthi,622344,Halehalli,1,20.0,80.0,0.0,12.938804,78.279699,7.142857142857142,100,32.86,Low,False
545,Mysuru,5575,Tirumakudal - Narsipur,219637.0,Attahalli,619334,Athahalli,1,20.0,80.0,0.0,12.298848,76.636604,7.142857142857142,100,32.86,Low,False
530,Vijayapura,5453,Muddebihal,216616.0,Kuntoji,599622,Abbihal,1,20.0,80.0,0.0,16.838432,75.715449,7.142857142857142,100,32.86,Low,False
539,Hassan,5554,Belur,218292.0,Anughatta,615152,Muddanahalli,1,20.0,80.0,0.0,13.008885,76.484266,7.142857142857142,100,32.86,Low,False
527,Belagavi,5434,Athni,215655.0,Sambaragi,597255,Sambaragi,1,20.0,80.0,0.0,16.418966,74.377248,7.142857142857142,100,32.86,Low,False
540,Haveri,5491,Hangal,218506.0,Maranabeeda,604069,Kalvekallapur,1,20.0,80.0,0.0,14.7723,75.38485,7.142857142857142,100,32.86,Low,False
535,Davanagere,5514,Channagiri,217427.0,Kamsagara,606907,Veerapura,2,17.5,60.0,0.0,14.3551705,75.9082865,14.285714285714285,100,32.84,Low,False
538,Kalaburagi,5586,Jevargi,218035.0,Biriyal B.,620849,Malla (B),2,17.5,60.0,0.0,17.190907,76.697412,14.285714285714285,100,32.84,Low,False
530,Vijayapura,5453,Muddebihal,216626.0,Yalagur,599658,Budihal (P.Naltawad),2,17.5,60.0,0.0,16.501734,75.678269,14.285714285714285,100,32.84,Low,False
548,Tumakuru,5538,Gubbi,220129.0,Bidire,611722,Jainarahalli,2,14.5,70.0,0.0,13.1537745,76.6515615,14.285714285714285,100,32.79,Low,False
542,Kolar,5594,Mulbagal,218999.0,Gummakal,623114,Yadahalli,2,14.5,70.0,0.0,12.947972,78.291269,14.285714285714285,100,32.79,Low,False
542,Kolar,5591,Kolar,218937.0,Itharasanahalli,621967,Chillapalli,2,14.5,70.0,0.0,13.071981000000001,78.426603,14.285714285714285,100,32.79,Low,False
544,Mandya,5547,Nagamangala,219368.0,Bhramhadevarahalli,614028,Samakahalli,1,14.0,100.0,0.0,12.400412,77.063639,7.142857142857142,100,32.76,Low,False
550,Uttara Kannada,7064,Dandeli,220598.0,Alur,602773,Alur,1,14.0,100.0,0.0,15.160002,74.471533,7.142857142857142,100,32.76,Low,False
546,Raichur,5461,Raichur,219773.0,Bijangera,600800,Rajalbanda,1,14.0,100.0,0.0,16.222101,77.363908,7.142857142857142,100,32.76,Low,False
529,Bidar,5456,Aurad,216320.0,Ladha,600042,Bachepalli,1,14.0,100.0,0.0,18.25165,77.394045,7.142857142857142,100,32.76,Low,False
532,Chikkamagaluru,5530,Chikkamagaluru,216811.0,K.R.Pete (Bigganahallidakale),609878,Thiruguna,1,14.0,100.0,0.0,12.115671,76.311803,7.142857142857142,100,32.76,Low,False
538,Kalaburagi,5586,Jevargi,218047.0,Kolkur,620761,Gounahalli,1,14.0,100.0,0.0,17.335212,76.85126,7.142857142857142,100,32.76,Low,False
550,Uttara Kannada,5483,Sirsi,220731.0,Kangod,603235,Amblihonda,2,11.5,80.0,0.0,14.6309095,74.815831,14.285714285714285,100,32.74,Low,False
527,Belagavi,5437,Hukkeri,215942.0,Yelimunalli,597599,Yalimunoli,2,17.0,60.0,0.0,15.8975975,74.792368,14.285714285714285,100,32.66,Low,False
533,Chitradurga,5505,Chitradurga,217080.0,Matadakurubarahatti,605586,Mallanakatte,2,17.0,60.0,0.0,14.230788,76.4313185,14.285714285714285,100,32.66,Low,False
526,Bengaluru Rural,5602,Doddaballapura,215458.0,Hosahalli,624959,Jakkenahalli,1,25.0,60.0,0.0,12.786566,77.77596,7.142857142857142,100,32.61,Low,False
542,Kolar,5590,Srinivaspur,219066.0,Somayajalapalli,621565,Koolagurki,1,25.0,60.0,0.0,13.163855,78.391536,7.142857142857142,100,32.61,Low,False
545,Mysuru,5570,Hunsur,219487.0,Kattemalalavadi,618318,Kattemalalavadi,1,25.0,60.0,0.0,12.141844,76.529805,7.142857142857142,100,32.61,Low,False
545,Mysuru,5570,Hunsur,219484.0,Kallahalli,618353,Hunasegala,1,25.0,60.0,0.0,12.720631,76.393113,7.142857142857142,100,32.61,Low,False
630,Chikkaballapura,7404,Manchenahalli,218892.0,Gowdagere,623413,Gidaganahalli,1,25.0,60.0,0.0,13.599946,77.769075,7.142857142857142,100,32.61,Low,False
544,Mandya,5552,Malavalli,219318.0,Yathambadi,614721,Hosapura,1,25.0,60.0,0.0,12.628959,77.017157,7.142857142857142,100,32.61,Low,False
539,Hassan,5558,Arkalgud,272838.0,Aladahalli,616523,Aladahalli,1,25.0,60.0,0.0,13.23639,75.998115,7.142857142857142,100,32.61,Low,False
526,Bengaluru Rural,5602,Doddaballapura,215467.0,Melekote,625061,Chowgondanahalli,1,25.0,60.0,0.0,13.088078,77.414528,7.142857142857142,100,32.61,Low,False
527,Belagavi,5441,Savadatti,215996.0,Asundi,598237,Mugali,1,25.0,60.0,0.0,15.817057,74.485271,7.142857142857142,100,32.61,Low,False
542,Kolar,5590,Srinivaspur,219063.0,Pulagurkota,621533,Kotaballapalli,1,25.0,60.0,0.0,12.870788,78.004762,7.142857142857142,100,32.61,Low,False
542,Kolar,5590,Srinivaspur,219061.0,Nanbihalli,621635,Aramakalahalli,1,25.0,60.0,0.0,12.917808,78.285805,7.142857142857142,100,32.61,Low,False
630,Chikkaballapura,5598,Bagepalli,218784.0,Thimamapalli,623870,Maddalakane,1,25.0,60.0,0.0,13.268018,76.545667,7.142857142857142,100,32.61,Low,False
527,Belagavi,5433,Chikodi,215792.0,Hattarawat,597227,Mangnur,1,25.0,60.0,0.0,15.832629,74.496852,7.142857142857142,100,32.61,Low,False
543,Koppal,7091,Kanakagiri,219091.0,Karadona,601664,Kardona,1,25.0,60.0,0.0,15.473323,75.990033,7.142857142857142,100,32.61,Low,False
630,Chikkaballapura,5599,Sidlaghatta,219027.0,Handiganala,624210,Ammanakere,1,25.0,60.0,0.0,13.590452,77.776129,7.142857142857142,100,32.61,Low,False
542,Kolar,5590,Srinivaspur,219048.0,Chaldiganahalli,621664,Obepalli,1,25.0,60.0,0.0,13.135653,78.12551,7.142857142857142,100,32.61,Low,False
543,Koppal,7091,Kanakagiri,219086.0,Hirekheda,601587,Katapur (Khalsa),1,25.0,60.0,0.0,15.601508,76.01482,7.142857142857142,100,32.61,Low,False
543,Koppal,5466,Gangawati,273129.0,Sanapur,601621,Virupapuragaddi,1,25.0,60.0,0.0,15.751016,76.181888,7.142857142857142,100,32.61,Low,False
543,Koppal,5465,Kushtagi,273135.0,Bilekal,601387,Kodatgeri,1,25.0,60.0,0.0,15.440593,76.5367,7.142857142857142,100,32.61,Low,False
542,Kolar,5590,Srinivaspur,219063.0,Pulagurkota,621513,Kamatampalli,1,25.0,60.0,0.0,12.957158,78.361527,7.142857142857142,100,32.61,Low,False
630,Chikkaballapura,5596,Chikkaballapura,218838.0,Manchana Bele,623570,Puttathimmanahalli,1,25.0,60.0,0.0,13.379703,77.717922,7.142857142857142,100,32.61,Low,False
544,Mandya,5548,Pandavapura,219396.0,Dinka,614123,Dinka Settihalli,1,25.0,60.0,0.0,12.268454,77.102134,7.142857142857142,100,32.61,Low,False
630,Chikkaballapura,5596,Chikkaballapura,218828.0,Avagurki,623541,Kavaranahalli,1,25.0,60.0,0.0,13.277567,76.560199,7.142857142857142,100,32.61,Low,False
630,Chikkaballapura,5595,Gauribidanur,218915.0,Thondebavi,623375,Thondebhavi,1,25.0,60.0,0.0,13.271575,76.562564,7.142857142857142,100,32.61,Low,False
526,Bengaluru Rural,5604,Hosakote,215491.0,Muthsandra,625739,Bellikere,1,25.0,60.0,0.0,12.798754,77.63247,7.142857142857142,100,32.61,Low,False
525,Bengaluru Urban,5545,Anekal,215316.0,Byagadadenahalli,613314,Kunmadivala,1,25.0,60.0,0.0,13.11264,77.476914,7.142857142857142,100,32.61,Low,False
538,Kalaburagi,5581,Afzalpur,217867.0,Badadal,620116,Arjungi,1,25.0,60.0,0.0,16.342927,75.279465,7.142857142857142,100,32.61,Low,False
548,Tumakuru,5538,Gubbi,220153.0,Peddanahalli,611903,Peddanahalli,1,25.0,60.0,0.0,13.702994,77.401852,7.142857142857142,100,32.61,Low,False
532,Chikkamagaluru,5528,Tarikere,216974.0,Belenahalli,609145,A.Rangapura,1,25.0,60.0,0.0,12.134113,76.328334,7.142857142857142,100,32.61,Low,False
532,Chikkamagaluru,5525,Sringeri,216963.0,Markal ( Kigga ),608925,Yedadalli,1,25.0,60.0,0.0,12.703143,76.959489,7.142857142857142,100,32.61,Low,False
548,Tumakuru,5540,Turuvekere,220404.0,Madihalli,612250,Dwaranahalli,1,25.0,60.0,0.0,13.333758,77.072446,7.142857142857142,100,32.61,Low,False
631,Bengaluru South,5607,Channapatna,215394.0,Banagahally,626301,Madapura,1,25.0,60.0,0.0,13.119185,77.180327,7.142857142857142,100,32.61,Low,False
548,Tumakuru,5539,Tiptur,220347.0,Rangapura,612114,Rangapura,1,25.0,60.0,0.0,13.156939,76.267726,7.142857142857142,100,32.61,Low,False
530,Vijayapura,7123,Almel,216659.0,Malaghan,599326,Mangalur,1,25.0,60.0,0.0,16.820578,75.733539,7.142857142857142,100,32.61,Low,False
538,Kalaburagi,5584,Sedam,218076.0,Medak,620571,Shahabajpur,1,25.0,60.0,0.0,17.468395,76.367345,7.142857142857142,100,32.61,Low,False
545,Mysuru,5575,Tirumakudal - Narsipur,219661.0,Rangasamudra,619377,Hunuganahalli,1,25.0,60.0,0.0,12.301009,76.649647,7.142857142857142,100,32.61,Low,False
545,Mysuru,7098,Saraguru,219439.0,B.Matakere,619108,Bankavadi,1,25.0,60.0,0.0,12.320836,76.136346,7.142857142857142,100,32.61,Low,False
538,Kalaburagi,7088,Shahabad,217961.0,Bhankor,620649,Mutga,1,25.0,60.0,0.0,17.346649,76.852115,7.142857142857142,100,32.61,Low,False
545,Mysuru,5574,Nanjangud,219566.0,Dasanur,619308,Doddahomma,1,25.0,60.0,0.0,12.315188,76.710663,7.142857142857142,100,32.61,Low,False
529,Bidar,5455,Bhalki,216388.0,Lakhangaon,599862,Lakhangaon,1,25.0,60.0,0.0,17.923511,77.468903,7.142857142857142,100,32.61,Low,False
548,Tumakuru,5541,Kunigal,220199.0,Koppa,612455,Hulivana,1,25.0,60.0,0.0,13.356402,77.099551,7.142857142857142,100,32.61,Low,False
542,Kolar,5592,Malur,218982.0,Rajenahalli,622311,Gollahalli,1,25.0,60.0,0.0,13.524842,78.229969,7.142857142857142,100,32.61,Low,False
548,Tumakuru,5537,Tumakuru,220352.0,Ariyuru,611481,Gollahalli,1,25.0,60.0,0.0,13.141027,76.260139,7.142857142857142,100,32.61,Low,False
547,Shivamogga,5515,Sagar,219917.0,Kalmane,607273,Hosur,1,25.0,60.0,0.0,13.905935,75.605056,7.142857142857142,100,32.61,Low,False
542,Kolar,5594,Mulbagal,219003.0,Kappalamadugu,622998,Padmaghatta,1,25.0,60.0,0.0,13.135201,78.119784,7.142857142857142,100,32.61,Low,False
536,Dharwad,7081,Alnavar,217642.0,Kadabagatti,602236,Hulikeri,1,25.0,60.0,0.0,12.579274,77.351297,7.142857142857142,100,32.61,Low,False
547,Shivamogga,5515,Sagar,219907.0,Banukuli,607130,Urulagallu,1,25.0,60.0,0.0,13.704971,75.230039,7.142857142857142,100,32.61,Low,False
542,Kolar,5594,Mulbagal,219004.0,Kurudamale,623014,Vittalapura,1,25.0,60.0,0.0,13.500692,78.234744,7.142857142857142,100,32.61,Low,False
533,Chitradurga,5504,Challakere,217033.0,Meerasaabihalli,605333,Karikere,1,25.0,60.0,0.0,14.109238,76.252094,7.142857142857142,100,32.61,Low,False
533,Chitradurga,5505,Chitradurga,217066.0,Hireguntanur,605554,Hireguntanur,1,25.0,60.0,0.0,14.128139,76.258975,7.142857142857142,100,32.61,Low,False
547,Shivamogga,5518,Hosanagara,219884.0,Hosuru(Sampekatte),608020,Kattinahole,1,25.0,60.0,0.0,14.203573,74.793951,7.142857142857142,100,32.61,Low,False
535,Davanagere,5509,Harihar,217538.0,Banuvalli,606255,Rayapura,1,25.0,60.0,0.0,14.164101,75.54323,7.142857142857142,100,32.61,Low,False
635,Yadgir,7096,Hunasagi,218144.0,Kolihal,620936,Isampur,1,25.0,60.0,0.0,16.789974,77.141759,7.142857142857142,100,32.61,Low,False
635,Yadgir,7095,Wadagera,218093.0,Gulsaram,621152,Birnal,1,25.0,60.0,0.0,16.725027,76.788097,7.142857142857142,100,32.61,Low,False
533,Chitradurga,5507,Hosdurga,217181.0,Thandaga,605961,Krishnapura,1,25.0,60.0,0.0,14.146523,76.237702,7.142857142857142,100,32.61,Low,False
524,Bagalkote,5445,Mudhol,215288.0,Chinchakhandi K.D.,598581,Chinchakhandi(K.D),1,25.0,60.0,0.0,16.194162,75.500231,7.142857142857142,100,32.61,Low,False
635,Yadgir,5587,Shorapur,218157.0,Waganagera,621050,Talwargera,1,25.0,60.0,0.0,16.574348,77.266346,7.142857142857142,100,32.61,Low,False
533,Chitradurga,5503,Molakalmuru,217185.0,Dhevasamudra,605161,Pennammanahalli,1,19.0,80.0,0.0,13.005304,77.579973,7.142857142857142,100,32.51,Low,False
538,Kalaburagi,5584,Sedam,273192.0,Yadaga,620488,Taranhalli,1,19.0,80.0,0.0,17.203376,76.531964,7.142857142857142,100,32.51,Low,False
539,Hassan,5554,Belur,218310.0,Kalleri,615176,Devalapura,1,19.0,80.0,0.0,13.322192,76.052954,7.142857142857142,100,32.51,Low,False
542,Kolar,5594,Mulbagal,218989.0,Alangur,623024,Alangur,1,19.0,80.0,0.0,12.979595,78.23266,7.142857142857142,100,32.51,Low,False
542,Kolar,5592,Malur,218973.0,Jayamangala,622248,Thalakunte,2,16.5,60.0,0.0,13.0297075,78.303273,14.285714285714285,100,32.49,Low,False
542,Kolar,7002,Kolar Gold Field,218820.0,T Gollahalli,622712,Thimmasandra,2,13.5,70.0,0.0,13.5175725,78.3540815,14.285714285714285,100,32.44,Low,False
631,Bengaluru South,5605,Magadi,215573.0,Thaggikuppe,625951,Bychapura,2,13.5,70.0,0.0,12.746723500000002,77.2709135,14.285714285714285,100,32.44,Low,False
548,Tumakuru,5540,Turuvekere,220398.0,Goni Tumkur,612254,Hulikere,1,13.0,100.0,0.0,13.518861,77.251604,7.142857142857142,100,32.41,Low,False
539,Hassan,5560,Channarayapatna,218340.0,Dindagur,617206,Bandihalli,1,13.0,100.0,0.0,12.790518,76.252959,7.142857142857142,100,32.41,Low,False
550,Uttara Kannada,5485,Kumta,220666.0,Hanehalli,603414,Hanehalli,1,13.0,100.0,0.0,14.797991,74.1463,7.142857142857142,100,32.41,Low,False
542,Kolar,5592,Malur,218986.0,Thornahalli,622117,Seethanaikanahalli,1,13.0,100.0,0.0,13.545967,78.336772,7.142857142857142,100,32.41,Low,False
533,Chitradurga,5503,Molakalmuru,217194.0,Rayapura,605201,Tuppadakkanahalli,1,13.0,100.0,0.0,13.002205,77.577253,7.142857142857142,100,32.41,Low,False
527,Belagavi,5439,Khanapur,215955.0,Gotagali,597967,Shindholi (K.H.),1,13.0,100.0,0.0,15.820682,74.514976,7.142857142857142,100,32.41,Low,False
532,Chikkamagaluru,5528,Tarikere,216981.0,Doranalu,609165,Doranalu,1,13.0,100.0,0.0,12.12053,76.316824,7.142857142857142,100,32.41,Low,False
542,Kolar,5590,Srinivaspur,219059.0,Mudinadagu,621400,Chintamanipalli,1,13.0,100.0,0.0,13.520242,78.233438,7.142857142857142,100,32.41,Low,False
547,Shivamogga,5521,Bhadravati,219858.0,Kudligere,608578,Kalpanahalli,1,13.0,100.0,0.0,13.857603,75.694375,7.142857142857142,100,32.41,Low,False
534,Dakshina Kannada,5562,Bantval,217220.0,Manchi,617570,Manchi,1,13.0,100.0,0.0,12.526214,75.01619,7.142857142857142,100,32.41,Low,False
542,Kolar,5593,Bangarapet,218803.0,Inora Hosahalli,622500,Thyranahalli,1,13.0,100.0,0.0,12.969424,78.216253,7.142857142857142,100,32.41,Low,False
538,Kalaburagi,7087,Kalagi,217963.0,Chincholi. H.,620602,Chincholi (H),1,13.0,100.0,0.0,17.199139,76.531108,7.142857142857142,100,32.41,Low,False
550,Uttara Kannada,5480,Haliyal,220609.0,Kesarolli,602812,Siddapur,1,13.0,100.0,0.0,14.081971,74.494945,7.142857142857142,100,32.41,Low,False
542,Kolar,5591,Kolar,218944.0,Annenahalli,621982,Nenumanahalli,1,13.0,100.0,0.0,12.990254,77.917064,7.142857142857142,100,32.41,Low,False
544,Mandya,5547,Nagamangala,219378.0,Honakere,614014,Ganganahalli,2,10.5,80.0,0.0,12.499417000000001,77.0254425,14.285714285714285,100,32.39,Low,False
543,Koppal,5465,Kushtagi,219156.0,Kabbaragi,601432,Kabbargi,2,10.5,80.0,0.0,15.218169,75.9942905,14.285714285714285,100,32.39,Low,False
538,Kalaburagi,5580,Aland,217917.0,Rudrawadi,619965,Jamga Ruderwadi,2,16.0,60.0,0.0,17.206391,76.523234,14.285714285714285,100,32.31,Low,False
532,Chikkamagaluru,5529,Kadur,216874.0,Patnagere,609526,Maradihalli,2,16.0,60.0,0.0,12.103906,76.351961,14.285714285714285,100,32.31,Low,False
527,Belagavi,7195,Yaragatti,216015.0,Kotur - Shivapur,598170,Shivapur,2,16.0,60.0,0.0,15.581859999999999,74.7867575,14.285714285714285,100,32.31,Low,False
539,Hassan,5557,Alur,218208.0,Kanathur,616377,Kodagihalli,1,24.0,60.0,0.0,12.967673,76.21141,7.142857142857142,100,32.26,Low,False
539,Hassan,5560,Channarayapatna,218355.0,M.Shivara,617135,Kalamaranahalli,1,24.0,60.0,0.0,13.002065,76.128912,7.142857142857142,100,32.26,Low,False
539,Hassan,5557,Alur,218209.0,Karagodu,616287,Hanjalige,1,24.0,60.0,0.0,12.958735,75.79652,7.142857142857142,100,32.26,Low,False
540,Haveri,5492,Haveri,218534.0,Kanakapura,604241,Kanakapur,1,24.0,60.0,0.0,14.635117,75.616557,7.142857142857142,100,32.26,Low,False
542,Kolar,5592,Malur,218981.0,Nutuve,622456,Nutuve,1,24.0,60.0,0.0,12.966125,78.287952,7.142857142857142,100,32.26,Low,False
545,Mysuru,7098,Saraguru,219453.0,K.Belthur,618970,Muddanahalli,2,13.0,70.0,0.0,12.180947,76.885419,14.285714285714285,100,32.26,Low,False
544,Mandya,5548,Pandavapura,219402.0,Honaganahalli,614132,Beby,2,13.0,70.0,0.0,12.5087125,76.8971495,14.285714285714285,100,32.26,Low,False
545,Mysuru,5573,Heggadadevankote,219466.0,Savve,618859,Haropura,1,24.0,60.0,0.0,12.408092,76.43519,7.142857142857142,100,32.26,Low,False
546,Raichur,5459,Lingasugur,219728.0,Rodalabanda,600477,Tawag,1,24.0,60.0,0.0,16.28372,77.142263,7.142857142857142,100,32.26,Low,False
532,Chikkamagaluru,7078,Ajjampura,216982.0,Gadihalli,609274,Nandipura,1,24.0,60.0,0.0,12.137835,76.317479,7.142857142857142,100,32.26,Low,False
548,Tumakuru,5536,Koratagere,220175.0,Thovinakere,611008,Badamuddanapalya,1,24.0,60.0,0.0,13.122215,77.111846,7.142857142857142,100,32.26,Low,False
548,Tumakuru,5537,Tumakuru,220390.0,Urdigere,611415,Sathagatta,2,13.0,70.0,0.0,13.138907,76.268396,14.285714285714285,100,32.26,Low,False
532,Chikkamagaluru,7194,Kalasa,216927.0,Hornadu,609894,Hornadu,1,24.0,60.0,0.0,12.11509,76.350205,7.142857142857142,100,32.26,Low,False
548,Tumakuru,5533,Sira,220318.0,Tadakallur,610270,Chiratahalli,1,24.0,60.0,0.0,13.162119,76.674542,7.142857142857142,100,32.26,Low,False
534,Dakshina Kannada,7102,Moodubidire,217305.0,Kallamundkur,617453,Niddodi,1,24.0,60.0,0.0,12.998271,75.296915,7.142857142857142,100,32.26,Low,False
546,Raichur,5461,Raichur,219786.0,Kamlapur,600833,Anwar,1,24.0,60.0,0.0,16.026941,76.453988,7.142857142857142,100,32.26,Low,False
540,Haveri,5492,Haveri,218522.0,Belavigi,604253,Neeralagi-M-Guttal,1,24.0,60.0,0.0,14.978054,75.21407,7.142857142857142,100,32.26,Low,False
538,Kalaburagi,7090,Kamalapur,218005.0,Kalamood,620203,Kawanhalli,1,24.0,60.0,0.0,17.166557,77.349981,7.142857142857142,100,32.26,Low,False
532,Chikkamagaluru,5527,Narasimharajapura,216949.0,Honnekudige ( Hanthuvine),609069,Salur,1,24.0,60.0,0.0,12.131713,76.329902,7.142857142857142,100,32.26,Low,False
548,Tumakuru,5539,Tiptur,220339.0,Karadi,612020,Annamallenahalli,1,24.0,60.0,0.0,13.339221,77.118848,7.142857142857142,100,32.26,Low,False
527,Belagavi,5438,Belagavi,215702.0,Kinye,597738,Karle,1,24.0,60.0,0.0,16.052771,74.517951,7.142857142857142,100,32.26,Low,False
527,Belagavi,5437,Hukkeri,274150.0,Shiradaana,597592,Shirdhan,1,24.0,60.0,0.0,15.816756,74.8764,7.142857142857142,100,32.26,Low,False
543,Koppal,5465,Kushtagi,273144.0,Shiragumpi,601484,Ryawanki,1,24.0,60.0,0.0,15.752837,76.41268,7.142857142857142,100,32.26,Low,False
630,Chikkaballapura,5596,Chikkaballapura,218835.0,Kammaguttahalli,623440,Kommalamari,1,24.0,60.0,0.0,13.368624,77.68276,7.142857142857142,100,32.26,Low,False
630,Chikkaballapura,5596,Chikkaballapura,218835.0,Kammaguttahalli,623435,Ramapatna,1,24.0,60.0,0.0,13.261742,76.557061,7.142857142857142,100,32.26,Low,False
542,Kolar,5591,Kolar,218934.0,Harati,622075,Bhatrahalli,1,24.0,60.0,0.0,13.007213,78.19443,7.142857142857142,100,32.26,Low,False
542,Kolar,7002,Kolar Gold Field,218816.0,Ramasagara,622728,Doddakari Majara Kambampalli,1,24.0,60.0,0.0,13.514385,78.227445,7.142857142857142,100,32.26,Low,False
529,Bidar,7085,Kamalnagar,216302.0,Chikli U,599971,Nandi Bijalgaon,1,24.0,60.0,0.0,17.935198,77.505338,7.142857142857142,100,32.26,Low,False
530,Vijayapura,5453,Muddebihal,216611.0,Kalagi,599610,Kalagi,1,24.0,60.0,0.0,17.264436,75.800018,7.142857142857142,100,32.26,Low,False
531,Chamarajanagar,5576,Gundlupet,216738.0,Somahalli,619459,Amarahosahalli,1,24.0,60.0,0.0,11.920258,76.948468,7.142857142857142,100,32.26,Low,False
542,Kolar,5591,Kolar,218929.0,Bellur,621830,Karudabande Hosahalli,1,24.0,60.0,0.0,13.200327,78.549356,7.142857142857142,100,32.26,Low,False
550,Uttara Kannada,5488,Bhatkal,220589.0,Konar,603852,Hadeel,1,24.0,60.0,0.0,13.992265,74.542584,7.142857142857142,100,32.26,Low,False
527,Belagavi,5441,Savadatti,216013.0,Kagadal,598279,Haralakatti,1,24.0,60.0,0.0,15.942574,75.29245,7.142857142857142,100,32.26,Low,False
542,Kolar,5591,Kolar,218953.0,Sulur,621845,Garudanahalli,1,24.0,60.0,0.0,12.858955,78.195875,7.142857142857142,100,32.26,Low,False
528,Ballari,7109,Kurugodu,216141.0,Yelabenchi,604874,Thimmalapura,1,24.0,60.0,0.0,15.64788,76.890181,7.142857142857142,100,32.26,Low,False
550,Uttara Kannada,5481,Yellapur,220758.0,Hasangi,602974,Hitlasara,1,24.0,60.0,0.0,14.891294,74.335782,7.142857142857142,100,32.26,Low,False
550,Uttara Kannada,5480,Haliyal,220612.0,Murukwad,602871,Khurd Kanchanalli,1,24.0,60.0,0.0,15.248155,74.637344,7.142857142857142,100,32.26,Low,False
527,Belagavi,5441,Savadatti,216024.0,Sangreshkop,598240,Kencharamanahal,1,24.0,60.0,0.0,15.878566,74.523924,7.142857142857142,100,32.26,Low,False
527,Belagavi,7195,Yaragatti,216025.0,Sattigeri,598165,Sattigeri,1,24.0,60.0,0.0,15.903991,74.771991,7.142857142857142,100,32.26,Low,False
544,Mandya,5552,Malavalli,219302.0,Kundur,614797,Kundur,1,24.0,60.0,0.0,12.69725,76.943652,7.142857142857142,100,32.26,Low,False
524,Bagalkote,5444,Bilgi,273102.0,Budihal-Sh,598538,Bavalatti,1,24.0,60.0,0.0,16.180381,75.700101,7.142857142857142,100,32.26,Low,False
545,Mysuru,5573,Heggadadevankote,219436.0,Alanahalli,618914,Muddaiahnahundi,2,10.0,80.0,0.0,12.198279,76.574425,14.285714285714285,100,32.21,Low,False
538,Kalaburagi,5583,Chincholi,217953.0,Shadipur,620387,Nirchalma,2,10.0,80.0,0.0,17.544510000000002,76.579977,14.285714285714285,100,32.21,Low,False
548,Tumakuru,5537,Tumakuru,220370.0,Honasigere,611504,Singanapalya,2,10.0,80.0,0.0,13.3419055,77.1057975,14.285714285714285,100,32.21,Low,False
539,Hassan,5555,Arsikere,218267.0,Kallugundi,948395,Gopalpura,1,18.0,80.0,0.0,12.765287,75.874704,7.142857142857142,100,32.16,Low,False
545,Mysuru,5572,Mysuru,219530.0,Anandur,618689,Kallinathapura,1,18.0,80.0,0.0,12.185359,76.40953,7.142857142857142,100,32.16,Low,False
544,Mandya,5547,Nagamangala,219375.0,Doddabala,613804,Ramachandra Agrahara,1,18.0,80.0,0.0,12.519775,76.877603,7.142857142857142,100,32.16,Low,False
547,Shivamogga,5515,Sagar,219922.0,Kudaruru,607351,Kudaruru,1,18.0,80.0,0.0,13.831483,75.680636,7.142857142857142,100,32.16,Low,False
538,Kalaburagi,5581,Afzalpur,217885.0,Udchana,620100,Udchan,1,18.0,80.0,0.0,17.190383,76.513506,7.142857142857142,100,32.16,Low,False
531,Chamarajanagar,5577,Chamarajanagar,216670.0,Arakalavadi,619738,Linganapura,1,18.0,80.0,0.0,11.943079,76.920037,7.142857142857142,100,32.16,Low,False
539,Hassan,5554,Belur,218295.0,Bichodu,615399,Honnemane,1,18.0,80.0,0.0,12.916232,76.396844,7.142857142857142,100,32.16,Low,False
539,Hassan,5557,Alur,218212.0,Magge,926791,Kallukoppalu,1,18.0,80.0,0.0,12.777143,76.233225,7.142857142857142,100,32.16,Low,False
539,Hassan,5560,Channarayapatna,218350.0,Kantharajapura,617383,Uthenahalli,1,18.0,80.0,0.0,12.983667,76.466778,7.142857142857142,100,32.16,Low,False
535,Davanagere,5512,Davanagere,272698.0,Halebathi,606544,Halebathi,1,18.0,80.0,0.0,14.444984,75.926552,7.142857142857142,100,32.16,Low,False
631,Bengaluru South,7196,Harohalli,215525.0,Kaggalahalli,626341,Mudenahalli,2,4.0,100.0,0.0,12.5529255,77.41736900000001,14.285714285714285,100,32.11,Low,False
547,Shivamogga,5518,Hosanagara,219874.0,Amrutha,607998,Halandur,2,12.5,70.0,0.0,13.946463000000001,75.5946045,14.285714285714285,100,32.09,Low,False
542,Kolar,5590,Srinivaspur,219067.0,Thadigol,621550,Rajapalli,1,12.0,100.0,0.0,13.141243,78.148043,7.142857142857142,100,32.06,Low,False
527,Belagavi,5439,Khanapur,215986.0,Nilawade,597828,Budase,1,12.0,100.0,0.0,15.696882,74.970246,7.142857142857142,100,32.06,Low,False
540,Haveri,5490,Savanur,273002.0,Dambaramattur,604027,Dombaramattur,1,12.0,100.0,0.0,14.456051,75.386546,7.142857142857142,100,32.06,Low,False
545,Mysuru,5571,Krishnarajanagara,219514.0,Kaggere,618660,Kamenahalli,1,12.0,100.0,0.0,12.219207,76.314343,7.142857142857142,100,32.06,Low,False
531,Chamarajanagar,5577,Chamarajanagar,216692.0,Kudluru,619672,Boodithittu,1,12.0,100.0,0.0,11.916603,76.9373,7.142857142857142,100,32.06,Low,False
547,Shivamogga,5520,Shivamogga,220004.0,Mallapura,608339,Israpura,1,12.0,100.0,0.0,14.202269,74.809698,7.142857142857142,100,32.06,Low,False
548,Tumakuru,5539,Tiptur,220349.0,Tadasur,612110,Honnenahalli,1,12.0,100.0,0.0,13.355688,77.113333,7.142857142857142,100,32.06,Low,False
548,Tumakuru,5534,Pavagada,220278.0,Rangasamudra,610547,Obalapura,1,12.0,100.0,0.0,13.283051,77.017285,7.142857142857142,100,32.06,Low,False
539,Hassan,5557,Alur,218215.0,Taluru,616321,J.Thimmanahalli,1,12.0,100.0,0.0,12.765886,76.261254,7.142857142857142,100,32.06,Low,False
547,Shivamogga,5519,Tirthahalli,220082.0,Melige,608239,Melige,1,12.0,100.0,0.0,14.211011,74.796813,7.142857142857142,100,32.06,Low,False
542,Kolar,5591,Kolar,218930.0,Channasandra,621747,Orati Agrahara,1,12.0,100.0,0.0,12.921847,78.277306,7.142857142857142,100,32.06,Low,False
542,Kolar,5590,Srinivaspur,219056.0,Lakshmipura,621484,Thammareddigaripalli,2,15.0,60.0,0.0,12.9574995,78.271346,14.285714285714285,100,31.96,Low,False
635,Yadgir,5587,Shorapur,218153.0,Peth Ammapur,621036,Jalibenchi,1,23.0,60.0,0.0,16.343108,76.405669,7.142857142857142,100,31.91,Low,False
544,Mandya,5550,Mandya,219328.0,Chandagalu,614332,Triyambakapura,1,23.0,60.0,0.0,12.530869,76.891316,7.142857142857142,100,31.91,Low,False
630,Chikkaballapura,5597,Gudibanda,218919.0,Somenahalli,623786,Thimmenahalli,1,23.0,60.0,0.0,13.579599,77.794567,7.142857142857142,100,31.91,Low,False
542,Kolar,5592,Malur,218974.0,Kavala Giriyana Halli (K.G. Halli),622407,Ullerahalli,1,23.0,60.0,0.0,12.970964,78.244153,7.142857142857142,100,31.91,Low,False
532,Chikkamagaluru,5529,Kadur,216845.0,Cheelanahalli,609353,Karehalli,1,23.0,60.0,0.0,12.719183,76.955713,7.142857142857142,100,31.91,Low,False
537,Gadag,5469,Ron,217826.0,Kuradagi,601957,Kurudagi,1,23.0,60.0,0.0,15.295653,75.50742,7.142857142857142,100,31.91,Low,False
538,Kalaburagi,5580,Aland,273157.0,Hebali,620026,Khanapur,1,23.0,60.0,0.0,17.568411,76.557519,7.142857142857142,100,31.91,Low,False
536,Dharwad,5476,Kalghatgi,217689.0,Begur,602467,Rangapur,1,23.0,60.0,0.0,15.340542,75.127839,7.142857142857142,100,31.91,Low,False
533,Chitradurga,5506,Holalkere,217127.0,Chithrahalli,605762,Kashipura,1,23.0,60.0,0.0,14.152167,76.232716,7.142857142857142,100,31.91,Low,False
548,Tumakuru,5536,Koratagere,220179.0,Yelerampura,611208,S.Gollahalli,1,23.0,60.0,0.0,13.541923,77.226292,7.142857142857142,100,31.91,Low,False
542,Kolar,5594,Mulbagal,219008.0,Mudiyanur,622903,Kondihalli,1,23.0,60.0,0.0,12.989534,78.225115,7.142857142857142,100,31.91,Low,False
547,Shivamogga,5519,Tirthahalli,220065.0,Demlapura,608076,Demlapura,1,23.0,60.0,0.0,13.861132,75.714364,7.142857142857142,100,31.91,Low,False
631,Bengaluru South,5605,Magadi,215565.0,Motagondanahallli,625915,Marenahalli,1,23.0,60.0,0.0,12.438798,77.483756,7.142857142857142,100,31.91,Low,False
524,Bagalkote,5448,Hungund,215228.0,Binjawadgi,598970,Chintakamaladinni,1,23.0,60.0,0.0,16.175776,75.666624,7.142857142857142,100,31.91,Low,False
547,Shivamogga,5521,Bhadravati,219847.0,Dodderi,608604,Bandigudda,1,23.0,60.0,0.0,13.918798,75.562299,7.142857142857142,100,31.91,Low,False
547,Shivamogga,5521,Bhadravati,219867.0,Singanamane,608653,Vadiyuru,1,23.0,60.0,0.0,13.84678,75.708199,7.142857142857142,100,31.91,Low,False
536,Dharwad,5476,Kalghatgi,217695.0,G.Basavankoppa,602438,G. Basavankoppa,1,23.0,60.0,0.0,15.580986,74.915982,7.142857142857142,100,31.91,Low,False
547,Shivamogga,5515,Sagar,219915.0,Hirebilagunji,607230,Malla,1,23.0,60.0,0.0,14.572932,75.137024,7.142857142857142,100,31.91,Low,False
527,Belagavi,5434,Athni,215654.0,Parthanahalli,597272,Parthanahalli,1,23.0,60.0,0.0,15.588369,74.575612,7.142857142857142,100,31.91,Low,False
538,Kalaburagi,5580,Aland,273219.0,Hala Tadakala,620015,Haltadkal,1,23.0,60.0,0.0,17.333932,76.80694,7.142857142857142,100,31.91,Low,False
533,Chitradurga,5506,Holalkere,217123.0,B.Durga,605628,Chowdenahalli,1,23.0,60.0,0.0,14.138027,76.24212,7.142857142857142,100,31.91,Low,False
540,Haveri,5489,Shiggaon,218642.0,Bada,603942,Kalyan,1,23.0,60.0,0.0,14.800331,75.37608,7.142857142857142,100,31.91,Low,False
528,Ballari,5500,Ballari,216139.0,Vanenoor,604902,Vannenur,1,23.0,60.0,0.0,15.343531,76.821974,7.142857142857142,100,31.91,Low,False
550,Uttara Kannada,5481,Yellapur,220758.0,Hasangi,602968,Bilki,1,23.0,60.0,0.0,14.003507,74.525254,7.142857142857142,100,31.91,Low,False
630,Chikkaballapura,5595,Gauribidanur,218897.0,Hudagur,623310,Hudugur,1,23.0,60.0,0.0,13.400663,77.681765,7.142857142857142,100,31.91,Low,False
539,Hassan,5560,Channarayapatna,218332.0,Balaganchi,617360,Thimmalapura,1,23.0,60.0,0.0,13.012279,76.109625,7.142857142857142,100,31.91,Low,False
545,Mysuru,5575,Tirumakudal - Narsipur,219657.0,Madapura,619409,Hiriyuru,1,23.0,60.0,0.0,12.287556,76.63805,7.142857142857142,100,31.91,Low,False
548,Tumakuru,5538,Gubbi,220151.0,Nallur,611694,Nallur,1,23.0,60.0,0.0,13.14533,76.267287,7.142857142857142,100,31.91,Low,False
544,Mandya,5547,Nagamangala,219383.0,Kanthapura,613988,Deverahosur,1,23.0,60.0,0.0,12.600151,76.834173,7.142857142857142,100,31.91,Low,False
546,Raichur,5460,Devadurga,219685.0,Jeerabandi,600625,Jerbandi,1,23.0,60.0,0.0,16.072655,76.801918,7.142857142857142,100,31.91,Low,False
538,Kalaburagi,5586,Jevargi,273185.0,Nedalagi,620747,Needalgi,1,23.0,60.0,0.0,17.182177,76.805919,7.142857142857142,100,31.91,Low,False
538,Kalaburagi,7090,Kamalapur,217908.0,Lad Mugali,619982,Lengthi,1,23.0,60.0,0.0,17.346726,76.858546,7.142857142857142,100,31.91,Low,False
539,Hassan,5553,Sakleshpur,218446.0,Hongadahalla,614999,Athihalli,1,23.0,60.0,0.0,13.329735,76.239369,7.142857142857142,100,31.91,Low,False
545,Mysuru,5572,Mysuru,219556.0,Sindhuvalli,618760,Dadadahalli,1,23.0,60.0,0.0,12.544217,76.336289,7.142857142857142,100,31.91,Low,False
542,Kolar,5590,Srinivaspur,219061.0,Nanbihalli,621652,Y.Hosakote,1,23.0,60.0,0.0,12.898388,78.144378,7.142857142857142,100,31.91,Low,False
548,Tumakuru,5541,Kunigal,220207.0,Santemavathur,612621,Hangrahalli,2,12.0,70.0,0.0,13.2586275,76.6929585,14.285714285714285,100,31.91,Low,False
538,Kalaburagi,5586,Jevargi,218038.0,Harnoor,620772,Hanchinal S.Sulekhan,1,23.0,60.0,0.0,17.280179,77.24744,7.142857142857142,100,31.91,Low,False
545,Mysuru,5574,Nanjangud,219602.0,Shiramalli,619126,Belale,1,23.0,60.0,0.0,12.332786,76.664907,7.142857142857142,100,31.91,Low,False
542,Kolar,5591,Kolar,218956.0,Uragili,621927,Helavanahalli,1,23.0,60.0,0.0,12.974593,78.273076,7.142857142857142,100,31.91,Low,False
630,Chikkaballapura,5599,Sidlaghatta,219041.0,Thimmsandra,624023,Thimmasandra,1,23.0,60.0,0.0,13.379139,77.681072,7.142857142857142,100,31.91,Low,False
526,Bengaluru Rural,5604,Hosakote,215498.0,Thavarekere,625593,Thavarekere,1,23.0,60.0,0.0,12.782402,77.636605,7.142857142857142,100,31.91,Low,False
540,Haveri,5495,Ranibennur,218592.0,Biillalli,604554,Billahalli,1,23.0,60.0,0.0,14.66326,75.485645,7.142857142857142,100,31.91,Low,False
527,Belagavi,5440,Bailahongala,215767.0,Sutagatti,598039,Mattikoppa,1,23.0,60.0,0.0,15.863765,74.522849,7.142857142857142,100,31.91,Low,False
550,Uttara Kannada,5486,Siddapur,220703.0,Kangod,603709,Aigod,1,23.0,60.0,0.0,12.942019,77.606245,7.142857142857142,100,31.91,Low,False
527,Belagavi,5441,Savadatti,216013.0,Kagadal,598285,Kagadal,1,23.0,60.0,0.0,15.858197,74.521886,7.142857142857142,100,31.91,Low,False
538,Kalaburagi,7090,Kamalapur,218009.0,Kinni Sadak,620194,Bachnal,1,17.0,80.0,0.0,17.338636,76.839707,7.142857142857142,100,31.81,Low,False
547,Shivamogga,5516,Sorab,220032.0,Heggodu,607625,Pura,1,17.0,80.0,0.0,13.831941,75.035013,7.142857142857142,100,31.81,Low,False
548,Tumakuru,5540,Turuvekere,220408.0,Muniyur,612231,Turuvekere Amanikere,1,17.0,80.0,0.0,14.295663,77.157143,7.142857142857142,100,31.81,Low,False
545,Mysuru,5574,Nanjangud,219578.0,Haradanahalli,619121,Ibjala,1,17.0,80.0,0.0,13.026564,77.608182,7.142857142857142,100,31.81,Low,False
542,Kolar,5593,Bangarapet,218788.0,Balamande,622592,Kanumanahalli,1,17.0,80.0,0.0,12.979016,78.192449,7.142857142857142,100,31.81,Low,False
550,Uttara Kannada,5482,Mundgod,220682.0,Chawdalli,603031,Lakkolli,1,17.0,80.0,0.0,15.102884,74.673141,7.142857142857142,100,31.81,Low,False
550,Uttara Kannada,5484,Ankola,220567.0,Aversa,603404,Aversa (Ct),1,17.0,80.0,0.0,15.339734,74.766,7.142857142857142,100,31.81,Low,False
539,Hassan,5557,Alur,218209.0,Karagodu,616257,Kudidale,1,17.0,80.0,0.0,12.910237,76.380938,7.142857142857142,100,31.81,Low,False
547,Shivamogga,5518,Hosanagara,219901.0,Trinive,607973,Thrinive,1,17.0,80.0,0.0,14.26782,75.346147,7.142857142857142,100,31.81,Low,False
538,Kalaburagi,5580,Aland,217903.0,Kavalga,620061,Kawalga,1,17.0,80.0,0.0,17.443013,76.357601,7.142857142857142,100,31.81,Low,False
535,Davanagere,7076,Nyamathi,217574.0,Ganganakote,606764,Kodachagondanahalli,1,17.0,80.0,0.0,14.44904,75.920192,7.142857142857142,100,31.81,Low,False
546,Raichur,7101,Maski,219719.0,Maraladinni,600504,Nagalapur(D),1,17.0,80.0,0.0,15.990485,77.457661,7.142857142857142,100,31.81,Low,False
545,Mysuru,5572,Mysuru,219536.0,Dhanagalli,618687,Yedahalli,2,14.5,60.0,0.0,12.2122365,76.33818,14.285714285714285,100,31.79,Low,False
545,Mysuru,5575,Tirumakudal - Narsipur,219644.0,Gargeshwari,619441,Gargeswari (Ct),2,11.5,70.0,0.0,12.3121475,76.4615805,14.285714285714285,100,31.74,Low,False
542,Kolar,5593,Bangarapet,218787.0,A.Jothena Halli,622542,Kondanahalli,1,11.0,100.0,0.0,12.951406,78.285038,7.142857142857142,100,31.71,Low,False
548,Tumakuru,5533,Sira,220305.0,Huyildore,610404,Giddanahalli,1,11.0,100.0,0.0,13.703412,77.376082,7.142857142857142,100,31.71,Low,False
547,Shivamogga,5520,Shivamogga,219998.0,Konagavalli,608353,Muduvala,1,11.0,100.0,0.0,13.956236,75.578678,7.142857142857142,100,31.71,Low,False
550,Uttara Kannada,5484,Ankola,220575.0,Hattikeri,603333,Berde,1,11.0,100.0,0.0,15.12137,74.64401,7.142857142857142,100,31.71,Low,False
550,Uttara Kannada,5483,Sirsi,220719.0,Bhairumbe,603127,Malenalli,1,11.0,100.0,0.0,14.296047,74.456147,7.142857142857142,100,31.71,Low,False
539,Hassan,5554,Belur,218314.0,Kushavara,615393,Karadagodu,1,11.0,100.0,0.0,12.897964,76.374895,7.142857142857142,100,31.71,Low,False
544,Mandya,5550,Mandya,219321.0,B.Hosur,614366,Hanchahalli,1,11.0,100.0,0.0,12.690011,76.949859,7.142857142857142,100,31.71,Low,False
548,Tumakuru,5539,Tiptur,220333.0,Gyaragatta,611960,Rattenahalli,1,11.0,100.0,0.0,13.685235,77.072597,7.142857142857142,100,31.71,Low,False
533,Chitradurga,5505,Chitradurga,217087.0,Yelagodu,605449,Adavigollarahalli,2,14.0,60.0,0.0,14.229957500000001,76.42889450000001,14.285714285714285,100,31.61,Low,False
540,Haveri,7106,Rattihalli,218569.0,Kanavisiddageri,604450,Jokanala,1,22.0,60.0,0.0,14.930514,75.279593,7.142857142857142,100,31.56,Low,False
631,Bengaluru South,5608,Kanakapura,215521.0,I. Golla Halli,626573,Kotekoppa,1,22.0,60.0,0.0,12.746994,77.288718,7.142857142857142,100,31.56,Low,False
526,Bengaluru Rural,5602,Doddaballapura,215446.0,Arudi,624955,K.G.Devapala,1,22.0,60.0,0.0,13.199483,77.814482,7.142857142857142,100,31.56,Low,False
527,Belagavi,7099,Mudalgi,215885.0,Sunadholi,597522,Sunadholi,1,22.0,60.0,0.0,15.86143,74.523486,7.142857142857142,100,31.56,Low,False
542,Kolar,5591,Kolar,218959.0,Vokkaleri,621867,Markandapura,1,22.0,60.0,0.0,13.145314,78.141276,7.142857142857142,100,31.56,Low,False
635,Yadgir,7095,Wadagera,218092.0,Gonal,621221,Gundloor,1,22.0,60.0,0.0,16.241945,76.370681,7.142857142857142,100,31.56,Low,False
539,Hassan,5555,Arsikere,218261.0,Heggatta,615805,Bagooranahalli,1,22.0,60.0,0.0,13.156833,75.878569,7.142857142857142,100,31.56,Low,False
545,Mysuru,5570,Hunsur,219470.0,Beejaganahalli,618416,Uyigowdanahalli.,1,22.0,60.0,0.0,12.278523,76.643256,7.142857142857142,100,31.56,Low,False
544,Mandya,5550,Mandya,219335.0,H.Malligere,614414,H. Malligere,1,22.0,60.0,0.0,12.860638,76.618837,7.142857142857142,100,31.56,Low,False
630,Chikkaballapura,7407,Chelur,218765.0,Chelur,624011,Sheerkhankote,1,22.0,60.0,0.0,13.591714,77.798079,7.142857142857142,100,31.56,Low,False
548,Tumakuru,5536,Koratagere,220178.0,Vajjanakurike,611169,Maracharahalli,1,22.0,60.0,0.0,13.328834,76.377127,7.142857142857142,100,31.56,Low,False
534,Dakshina Kannada,5562,Bantval,217202.0,Badakajekaru,617551,Tenkakajekar,1,22.0,60.0,0.0,12.76625,75.193477,7.142857142857142,100,31.56,Low,False
526,Bengaluru Rural,5603,Devanahalli,215424.0,Anneshwara,625389,Upparahalli,1,22.0,60.0,0.0,12.780242,77.650505,7.142857142857142,100,31.56,Low,False
535,Davanagere,5511,Jagalur,217630.0,Thoranagatte,606533,Thoranagatte,1,22.0,60.0,0.0,14.473631,75.899791,7.142857142857142,100,31.56,Low,False
545,Mysuru,7098,Saraguru,219439.0,B.Matakere,619095,Alaganji,1,22.0,60.0,0.0,12.293538,76.642984,7.142857142857142,100,31.56,Low,False
538,Kalaburagi,5586,Jevargi,218029.0,Andola,620853,Jainapur,1,22.0,60.0,0.0,17.036254,76.601241,7.142857142857142,100,31.56,Low,False
545,Mysuru,7230,Saligrama,219511.0,Honnenahally,618523,Gummanahalli,1,22.0,60.0,0.0,12.31364,76.626737,7.142857142857142,100,31.56,Low,False
542,Kolar,7002,Kolar Gold Field,218819.0,Sundarapalya,622725,Gennerahalli,1,22.0,60.0,0.0,13.179932,78.009491,7.142857142857142,100,31.56,Low,False
545,Mysuru,5574,Nanjangud,219572.0,Doddakowlande,619300,Doddakowlande,1,22.0,60.0,0.0,12.30017,76.654843,7.142857142857142,100,31.56,Low,False
545,Mysuru,5573,Heggadadevankote,219441.0,Bheemanahalli,618845,Yelehund,1,22.0,60.0,0.0,12.413935,76.445906,7.142857142857142,100,31.56,Low,False
529,Bidar,5457,Bidar,272860.0,Srimandal,600134,Sirimandal,1,22.0,60.0,0.0,18.155804,77.336485,7.142857142857142,100,31.56,Low,False
535,Davanagere,5512,Davanagere,217465.0,Anberu,606704,Anaberu,1,22.0,60.0,0.0,14.343213,75.718724,7.142857142857142,100,31.56,Low,False
543,Koppal,7091,Kanakagiri,219088.0,Hulihaider,601553,Hosgudda,1,22.0,60.0,0.0,15.258826,76.339421,7.142857142857142,100,31.56,Low,False
531,Chamarajanagar,5578,Yelandur,216786.0,Yariyuru,619803,Yeriyur,1,22.0,60.0,0.0,11.935504,76.9275,7.142857142857142,100,31.56,Low,False
543,Koppal,5464,Yelbarga,273148.0,Tummaraguddhi,601256,Maranhal,1,22.0,60.0,0.0,15.349128,76.16463,7.142857142857142,100,31.56,Low,False
538,Kalaburagi,5586,Jevargi,218048.0,Kudi,620758,Manderwad,1,22.0,60.0,0.0,15.310571,76.460113,7.142857142857142,100,31.56,Low,False
548,Tumakuru,5537,Tumakuru,220376.0,Kora,611334,Honnenahalli,1,22.0,60.0,0.0,12.905278,76.936901,7.142857142857142,100,31.56,Low,False
527,Belagavi,5438,Belagavi,215719.0,Sulebhavi,597755,Khanagaon (B.K),1,22.0,60.0,0.0,16.427686,74.587062,7.142857142857142,100,31.56,Low,False
532,Chikkamagaluru,5528,Tarikere,216988.0,Hunasaghatta,609175,Siddaramapura,1,22.0,60.0,0.0,12.693739,76.941443,7.142857142857142,100,31.56,Low,False
527,Belagavi,5439,Khanapur,215947.0,Bekawad,597905,Banki-Basarikatti,1,22.0,60.0,0.0,15.882822,74.664125,7.142857142857142,100,31.56,Low,False
527,Belagavi,5436,Gokak,215854.0,Gujanal,597474,Mallapur. S.A.,1,22.0,60.0,0.0,15.85551,74.527097,7.142857142857142,100,31.56,Low,False
548,Tumakuru,5536,Koratagere,220158.0,Akkirampura,611105,Kurubarahalli,1,22.0,60.0,0.0,13.333631,77.073355,7.142857142857142,100,31.56,Low,False
526,Bengaluru Rural,5603,Devanahalli,215428.0,Bijjawara,910246,Chikkamurali,1,22.0,60.0,0.0,13.291696,77.518587,7.142857142857142,100,31.56,Low,False
536,Dharwad,5477,Kundgol,217723.0,Hirenarti,602557,Benakanahalli,1,22.0,60.0,0.0,15.339495,75.137522,7.142857142857142,100,31.56,Low,False
547,Shivamogga,5516,Sorab,220024.0,Chitturu,607670,Chittur,1,22.0,60.0,0.0,13.004405,77.947138,7.142857142857142,100,31.56,Low,False
534,Dakshina Kannada,5563,Beltangadi,273273.0,Kadirudyavara,617640,Kadirudyavara,1,22.0,60.0,0.0,12.979019,74.895069,7.142857142857142,100,31.56,Low,False
539,Hassan,5556,Hassan,218388.0,Kattaya,615906,Beekanahalli,2,8.0,80.0,0.0,12.888845499999999,76.393619,14.285714285714285,100,31.51,Low,False
542,Kolar,5591,Kolar,218944.0,Annenahalli,621978,Shanubhoganahalli,1,16.0,80.0,0.0,12.957231,78.271803,7.142857142857142,100,31.46,Low,False
524,Bagalkote,7062,Ilkal,215229.0,Budihal S.K.,598988,Nidasanur,1,16.0,80.0,0.0,16.50856,75.261715,7.142857142857142,100,31.46,Low,False
548,Tumakuru,5532,Chiknayakanhalli,220108.0,Hoysalakatte,610091,Ambarapura,1,16.0,80.0,0.0,13.570506,76.539906,7.142857142857142,100,31.46,Low,False
545,Mysuru,5569,Piriyapatna,219620.0,Halaganahalli,618150,Halaganahalli,1,16.0,80.0,0.0,12.320139,76.145991,7.142857142857142,100,31.46,Low,False
527,Belagavi,5439,Khanapur,215992.0,Shiroli,597914,Kelil,1,16.0,80.0,0.0,15.892709,74.674475,7.142857142857142,100,31.46,Low,False
532,Chikkamagaluru,5530,Chikkamagaluru,216817.0,Kurubarabudihalu,609812,Kurubara Boodi Halu,1,16.0,80.0,0.0,12.115616,76.330791,7.142857142857142,100,31.46,Low,False
548,Tumakuru,5538,Gubbi,220149.0,Muganayanakote,611769,Muganayakanakote Amanikere,1,16.0,80.0,0.0,13.094914,77.146519,7.142857142857142,100,31.46,Low,False
630,Chikkaballapura,5599,Sidlaghatta,219020.0,Basettyhalli,624101,Rameswara,1,16.0,80.0,0.0,13.575445,77.768829,7.142857142857142,100,31.46,Low,False
549,Udupi,7067,Kapu,220538.0,Kote,608821,Kote,1,16.0,80.0,0.0,13.530651,74.690643,7.142857142857142,100,31.46,Low,False
547,Shivamogga,5516,Sorab,220055.0,Ulavi,607644,Karjikoppa,1,16.0,80.0,0.0,13.934643,75.574467,7.142857142857142,100,31.46,Low,False
525,Bengaluru Urban,7103,Yelahanka,215369.0,Singanayakanahalli,612860,Krishnarajapura,2,13.5,60.0,0.0,12.987892,77.5433665,14.285714285714285,100,31.44,Low,False
527,Belagavi,7099,Mudalgi,273236.0,Gujanatti,597427,Gujanatti,1,10.0,100.0,0.0,16.788628,75.244421,7.142857142857142,100,31.36,Low,False
539,Hassan,5555,Arsikere,218255.0,Dummenahalli,615724,Karlahalli,1,10.0,100.0,0.0,12.772408,76.061911,7.142857142857142,100,31.36,Low,False
544,Mandya,5549,Shrirangapattana,219426.0,Kirangur,614221,Kirangur,1,10.0,100.0,0.0,12.427996,76.802462,7.142857142857142,100,31.36,Low,False
532,Chikkamagaluru,5526,Koppa,216898.0,Binthravalli,609001,Talamakki Estate,1,10.0,100.0,0.0,12.138169,76.333106,7.142857142857142,100,31.36,Low,False
539,Hassan,5553,Sakleshpur,218452.0,Kyanahalli,614901,Hullahalli Estate,1,10.0,100.0,0.0,13.005429,75.774258,7.142857142857142,100,31.36,Low,False
540,Haveri,5491,Hangal,218518.0,Yalavatti,604051,Yalavatti,1,10.0,100.0,0.0,14.566338,75.615252,7.142857142857142,100,31.36,Low,False
532,Chikkamagaluru,5525,Sringeri,216959.0,Begaru,608920,K.Masige,1,10.0,100.0,0.0,12.702515,76.972493,7.142857142857142,100,31.36,Low,False
544,Mandya,5546,Krishnarajpet,219229.0,Murukanahalli,613505,Naduboganahalli,1,10.0,100.0,0.0,12.426701,76.807901,7.142857142857142,100,31.36,Low,False
542,Kolar,5592,Malur,218965.0,Chikkathirupathi,622256,Sampangere,1,10.0,100.0,0.0,12.970665,78.259393,7.142857142857142,100,31.36,Low,False
532,Chikkamagaluru,5531,Mudigere,216924.0,Halemudigere,609979,Lokavalli,1,10.0,100.0,0.0,12.727844,76.975666,7.142857142857142,100,31.36,Low,False
534,Dakshina Kannada,5563,Beltangadi,217270.0,Marodi,617606,Marodi,1,10.0,100.0,0.0,12.96249,74.074479,7.142857142857142,100,31.36,Low,False
630,Chikkaballapura,7404,Manchenahalli,272731.0,Shyampura,623426,Guyyalahalli,1,10.0,100.0,0.0,13.267893,76.541277,7.142857142857142,100,31.36,Low,False
545,Mysuru,5570,Hunsur,273316.0,Chikkabeechanahalli,618471,Doddabeechanahalli,1,10.0,100.0,0.0,12.339181,76.648277,7.142857142857142,100,31.36,Low,False
525,Bengaluru Urban,5545,Anekal,215327.0,Kallubalu,613151,Mahanthalingapura,1,10.0,100.0,0.0,12.902034,77.661318,7.142857142857142,100,31.36,Low,False
525,Bengaluru Urban,7103,Yelahanka,215348.0,Bettahalasooru,612894,Nellukunte,2,13.0,60.0,0.0,12.927875499999999,77.5236675,14.285714285714285,100,31.26,Low,False
524,Bagalkote,5448,Hungund,273110.0,Hiremalagavi,598907,Chickmalagavi,1,21.0,60.0,0.0,16.332481,75.300784,7.142857142857142,100,31.21,Low,False
525,Bengaluru Urban,5545,Anekal,215314.0,Bidaraguppe,613290,Chikkanahalli,1,21.0,60.0,0.0,12.562357,77.377489,7.142857142857142,100,31.21,Low,False
631,Bengaluru South,5608,Kanakapura,215516.0,Herandyapanahalli,626589,Herandyappanahalli,1,21.0,60.0,0.0,12.714886,77.260376,7.142857142857142,100,31.21,Low,False
539,Hassan,5559,Hole Narsipur,218426.0,Moodalahippe,616938,Singapura,1,21.0,60.0,0.0,13.164278,75.863518,7.142857142857142,100,31.21,Low,False
631,Bengaluru South,5605,Magadi,215570.0,Seegekuppe,626018,S.Bydarahalli,1,21.0,60.0,0.0,12.736562,77.27645,7.142857142857142,100,31.21,Low,False
631,Bengaluru South,5605,Magadi,215572.0,Srigiripura,625821,Bettahalli,1,21.0,60.0,0.0,12.730586,77.293502,7.142857142857142,100,31.21,Low,False
525,Bengaluru Urban,5545,Anekal,215327.0,Kallubalu,613286,Giddenahalli,1,21.0,60.0,0.0,12.977276,77.656741,7.142857142857142,100,31.21,Low,False
545,Mysuru,5570,Hunsur,219493.0,Singaramaranahalli,618489,Maranahalli,1,21.0,60.0,0.0,12.314546,76.712415,7.142857142857142,100,31.21,Low,False
525,Bengaluru Urban,7103,Yelahanka,215367.0,Rajanukunte,612849,Ittagallpura,1,21.0,60.0,0.0,12.992727,77.653157,7.142857142857142,100,31.21,Low,False
533,Chitradurga,5507,Hosdurga,217173.0,Lakkihalli,605942,Seeranakatte,1,21.0,60.0,0.0,14.110183,76.263103,7.142857142857142,100,31.21,Low,False
542,Kolar,5590,Srinivaspur,219045.0,Addagal,621441,Settivaripalli,1,21.0,60.0,0.0,13.352258,78.218441,7.142857142857142,100,31.21,Low,False
535,Davanagere,5514,Channagiri,217427.0,Kamsagara,606911,Hirekurubarahalli,1,21.0,60.0,0.0,14.477281,75.914932,7.142857142857142,100,31.21,Low,False
547,Shivamogga,5520,Shivamogga,219985.0,Balekoppa,608314,Gopa Shettipura,1,21.0,60.0,0.0,13.832162,75.013646,7.142857142857142,100,31.21,Low,False
547,Shivamogga,5520,Shivamogga,272950.0,Tuppuru,608301,Kone Hosuru,1,21.0,60.0,0.0,13.967877,75.66753,7.142857142857142,100,31.21,Low,False
542,Kolar,5593,Bangarapet,218791.0,Chikka Ankandahally,622468,Hudukula,1,21.0,60.0,0.0,12.848985,78.197156,7.142857142857142,100,31.21,Low,False
548,Tumakuru,5533,Sira,220294.0,Chinnenahalli,610509,Jodidevarahalli,1,21.0,60.0,0.0,13.181168,76.538663,7.142857142857142,100,31.21,Low,False
543,Koppal,7093,Kukanoor,219203.0,Yerehanchinal,601339,Binhal,1,21.0,60.0,0.0,15.270319,76.317476,7.142857142857142,100,31.21,Low,False
538,Kalaburagi,5581,Afzalpur,217865.0,Anoor,620128,Anur,1,21.0,60.0,0.0,12.584963,77.358481,7.142857142857142,100,31.21,Low,False
548,Tumakuru,5537,Tumakuru,220378.0,Malasandra,611451,Halanur,1,21.0,60.0,0.0,13.264021,76.358515,7.142857142857142,100,31.21,Low,False
540,Haveri,5495,Ranibennur,244391.0,Rahutanakatti,604524,Padmavathipur,1,21.0,60.0,0.0,14.995533,75.352846,7.142857142857142,100,31.21,Low,False
630,Chikkaballapura,5600,Chintamani,218868.0,Muragamalla,624485,Gudarlahalli,1,21.0,60.0,0.0,13.368173,77.71595,7.142857142857142,100,31.21,Low,False
527,Belagavi,5435,Raybag,216076.0,Bhirdi,597358,Bhiradi,1,21.0,60.0,0.0,16.146426,74.812121,7.142857142857142,100,31.21,Low,False
546,Raichur,5463,Sindhnur,219818.0,Javalgera,601151,Sivajawalgera,1,21.0,60.0,0.0,16.423687,76.932366,7.142857142857142,100,31.21,Low,False
532,Chikkamagaluru,7078,Ajjampura,217008.0,Sollapura,609320,Chinnapura,1,21.0,60.0,0.0,12.138622,76.33534,7.142857142857142,100,31.21,Low,False
548,Tumakuru,5535,Madhugiri,220237.0,Kalidevapura,610924,Gundagal,1,21.0,60.0,0.0,13.501469,77.10849,7.142857142857142,100,31.21,Low,False
544,Mandya,5547,Nagamangala,219381.0,Kadabahalli,613762,Cholenahalli,1,21.0,60.0,0.0,12.637201,76.922378,7.142857142857142,100,31.21,Low,False
537,Gadag,7083,Laxmeshwar,217840.0,Adarakatti,602070,Kondikoppa,1,21.0,60.0,0.0,15.372257,75.427995,7.142857142857142,100,31.21,Low,False
542,Kolar,5590,Srinivaspur,219048.0,Chaldiganahalli,621657,Palya,1,21.0,60.0,0.0,12.889543,78.016482,7.142857142857142,100,31.21,Low,False
548,Tumakuru,5537,Tumakuru,220369.0,Holakal,611559,Cholenahalli,1,21.0,60.0,0.0,13.25875,76.378789,7.142857142857142,100,31.21,Low,False
546,Raichur,7101,Maski,219813.0,Gudadur,601101,Deensamudra,1,21.0,60.0,0.0,16.178111,77.340255,7.142857142857142,100,31.21,Low,False
547,Shivamogga,5521,Bhadravati,219853.0,Kagekodamaggi,608585,Thiplapura,1,21.0,60.0,0.0,13.9085,75.063592,7.142857142857142,100,31.21,Low,False
549,Udupi,7067,Kapu,220549.0,Palimaru,608843,Nandicoor,1,21.0,60.0,0.0,13.619248,74.696027,7.142857142857142,100,31.21,Low,False
544,Mandya,5548,Pandavapura,219401.0,Hiremarali,614169,Ganadahosur,1,21.0,60.0,0.0,12.422175,76.683163,7.142857142857142,100,31.21,Low,False
542,Kolar,5591,Kolar,218957.0,Vadagur,622062,Vadagur,1,21.0,60.0,0.0,13.348455,78.202408,7.142857142857142,100,31.21,Low,False
527,Belagavi,7195,Yaragatti,216012.0,Kadabi,598171,Goraguddi,1,21.0,60.0,0.0,15.614933,74.559316,7.142857142857142,100,31.21,Low,False
550,Uttara Kannada,5480,Haliyal,220611.0,Mangalwad,602843,Pala,1,21.0,60.0,0.0,13.993394,74.556539,7.142857142857142,100,31.21,Low,False
550,Uttara Kannada,5482,Mundgod,220689.0,Malagi,603085,Kop (Gotgudi),1,21.0,60.0,0.0,14.790267,74.117266,7.142857142857142,100,31.21,Low,False
550,Uttara Kannada,5483,Sirsi,220728.0,Isalooru,603212,Somanalli,1,21.0,60.0,0.0,14.827003,74.145298,7.142857142857142,100,31.21,Low,False
528,Ballari,5500,Ballari,216134.0,Sidiginamola,604940,Sidiginamola,1,21.0,60.0,0.0,15.241222,77.074936,7.142857142857142,100,31.21,Low,False
545,Mysuru,5572,Mysuru,219546.0,Jayapura,618768,Gumachanahalli,1,21.0,60.0,0.0,12.347641,76.687044,7.142857142857142,100,31.21,Low,False
539,Hassan,5554,Belur,218315.0,Lakkunda,615149,Mallapura,1,21.0,60.0,0.0,12.779332,75.856966,7.142857142857142,100,31.21,Low,False
539,Hassan,5557,Alur,218203.0,Dodda Kanagal,616404,Hosapura,1,21.0,60.0,0.0,13.304531,76.237981,7.142857142857142,100,31.21,Low,False
542,Kolar,5594,Mulbagal,218993.0,Balla,622932,Kondenahalli,1,21.0,60.0,0.0,12.94437,78.360954,7.142857142857142,100,31.21,Low,False
542,Kolar,5592,Malur,218960.0,Abbenahalli,622115,Korachanoor,1,21.0,60.0,0.0,12.890008,78.136595,7.142857142857142,100,31.21,Low,False
545,Mysuru,5569,Piriyapatna,219613.0,Bylakuppe,618137,Thirumalapura,1,21.0,60.0,0.0,12.331314,76.642822,7.142857142857142,100,31.21,Low,False
550,Uttara Kannada,5486,Siddapur,220695.0,Bidrakan,603686,Kodgibail,1,21.0,60.0,0.0,15.409149,74.47175,7.142857142857142,100,31.21,Low,False
542,Kolar,7002,Kolar Gold Field,218807.0,Kangandlahalli,622799,Kannur,1,21.0,60.0,0.0,13.529287,78.237485,7.142857142857142,100,31.21,Low,False
532,Chikkamagaluru,5527,Narasimharajapura,216950.0,Kadahinabylu,609056,Soosalavani,1,21.0,60.0,0.0,12.110653,76.317078,7.142857142857142,100,31.21,Low,False
545,Mysuru,7098,Saraguru,219460.0,Mullur,618999,Jatagathipura,1,21.0,60.0,0.0,12.281967,76.641092,7.142857142857142,100,31.21,Low,False
531,Chamarajanagar,5577,Chamarajanagar,216706.0,Udigala,619703,Udigala,1,21.0,60.0,0.0,11.937729,76.926659,7.142857142857142,100,31.21,Low,False
549,Udupi,7068,Brahmavara,220525.0,Irodi,608765,Balkudru,1,21.0,60.0,0.0,13.22367,74.731857,7.142857142857142,100,31.21,Low,False
545,Mysuru,5573,Heggadadevankote,219463.0,Naganahalli,618889,Naganahalli,1,21.0,60.0,0.0,12.309292,76.625061,7.142857142857142,100,31.21,Low,False
539,Hassan,5554,Belur,218292.0,Anughatta,615146,Hirigarje,1,21.0,60.0,0.0,13.009733,76.097966,7.142857142857142,100,31.21,Low,False
527,Belagavi,5441,Savadatti,216011.0,Inchal,598197,Mutawad,1,21.0,60.0,0.0,15.85846,74.514151,7.142857142857142,100,31.21,Low,False
542,Kolar,5590,Srinivaspur,219065.0,Ronur,621575,Locheruvapalli,1,21.0,60.0,0.0,13.142713,78.134203,7.142857142857142,100,31.21,Low,False
531,Chamarajanagar,7077,Hanur,216773.0,Singanalluru,619850,Boodabalu,1,21.0,60.0,0.0,11.922141,76.925124,7.142857142857142,100,31.21,Low,False
532,Chikkamagaluru,5527,Narasimharajapura,216953.0,Magundi,609101,Magundi,1,21.0,60.0,0.0,12.11131,76.344888,7.142857142857142,100,31.21,Low,False
532,Chikkamagaluru,5526,Koppa,216897.0,Bhuvanakote (Uttameswara),608986,Bhuyanakote,1,21.0,60.0,0.0,12.12406,76.350702,7.142857142857142,100,31.21,Low,False
542,Kolar,5590,Srinivaspur,219069.0,Yerramvariapalli,621435,Bhogamvaripalli,1,21.0,60.0,0.0,13.180106,78.394884,7.142857142857142,100,31.21,Low,False
546,Raichur,7101,Maski,219814.0,Gunda,601059,Sankanhal,1,21.0,60.0,0.0,16.175315,77.00799,7.142857142857142,100,31.21,Low,False
547,Shivamogga,5516,Sorab,220032.0,Heggodu,607619,Byrekoppa,1,15.0,80.0,0.0,14.278285,75.364628,7.142857142857142,100,31.11,Low,False
526,Bengaluru Rural,5604,Hosakote,215491.0,Muthsandra,625721,Bhodanahosahalli,1,15.0,80.0,0.0,13.074261,77.791867,7.142857142857142,100,31.11,Low,False
548,Tumakuru,5534,Pavagada,220260.0,C.K.Pura,610630,Kothur,1,15.0,80.0,0.0,13.665888,77.202293,7.142857142857142,100,31.11,Low,False
524,Bagalkote,5444,Bilgi,215214.0,Kandagal,598528,Kandagal,1,15.0,80.0,0.0,16.412777,75.113836,7.142857142857142,100,31.11,Low,False
539,Hassan,5560,Channarayapatna,218366.0,Tagadur,617253,Tagadur,1,15.0,80.0,0.0,13.082868,76.198237,7.142857142857142,100,31.11,Low,False
527,Belagavi,5439,Khanapur,215975.0,Linganamath,598020,Pur,1,15.0,80.0,0.0,15.82603,74.855916,7.142857142857142,100,31.11,Low,False
548,Tumakuru,5539,Tiptur,220343.0,Masavanaghatta,612183,Rayashettyhalli,1,15.0,80.0,0.0,13.175386,76.557776,7.142857142857142,100,31.11,Low,False
526,Bengaluru Rural,5601,Nelamangala,215583.0,Kalalaghatta,624826,Bidalur,1,15.0,80.0,0.0,12.854697,77.780225,7.142857142857142,100,31.11,Low,False
538,Kalaburagi,5585,Chittapur,217987.0,Sannti,620708,Sonthi,1,15.0,80.0,0.0,16.855186,76.526501,7.142857142857142,100,31.11,Low,False
539,Hassan,5556,Hassan,218402.0,Shettihalli,616085,Madihalli,1,9.0,100.0,0.0,12.922826,76.383115,7.142857142857142,100,31.01,Low,False
539,Hassan,5557,Alur,218210.0,Kunduru,616466,Merve,1,9.0,100.0,0.0,13.018091,75.805597,7.142857142857142,100,31.01,Low,False
530,Vijayapura,5453,Muddebihal,216612.0,Kavadimatti,599623,Kavadimatti,1,9.0,100.0,0.0,16.82488,75.700302,7.142857142857142,100,31.01,Low,False
542,Kolar,5590,Srinivaspur,219061.0,Nanbihalli,621656,Chiruvanahalli,1,9.0,100.0,0.0,12.96435,78.260933,7.142857142857142,100,31.01,Low,False
630,Chikkaballapura,5595,Gauribidanur,218904.0,Melya,623274,Maripadagu,1,9.0,100.0,0.0,13.580754,77.793682,7.142857142857142,100,31.01,Low,False
548,Tumakuru,5538,Gubbi,220133.0,Doddagunni,611764,Virupakshipura,1,9.0,100.0,0.0,12.903283,76.939367,7.142857142857142,100,31.01,Low,False
543,Koppal,5465,Kushtagi,273141.0,Hirenandihal,601456,Bhingikoppa,1,9.0,100.0,0.0,15.354012,76.154496,7.142857142857142,100,31.01,Low,False
545,Mysuru,5573,Heggadadevankote,219437.0,Annur,618846,Somagowdanahundi,1,9.0,100.0,0.0,12.294344,76.635556,7.142857142857142,100,31.01,Low,False
544,Mandya,5552,Malavalli,219311.0,Purigali,614832,Chikka Abbagilu,1,9.0,100.0,0.0,12.570821,76.814855,7.142857142857142,100,31.01,Low,False
545,Mysuru,5572,Mysuru,219538.0,Doora,618779,Chikkakaturu,1,9.0,100.0,0.0,12.204113,76.341799,7.142857142857142,100,31.01,Low,False
542,Kolar,5590,Srinivaspur,219047.0,Byraganahalli,621418,Bykothuru,1,9.0,100.0,0.0,12.978168,78.217643,7.142857142857142,100,31.01,Low,False
544,Mandya,5546,Krishnarajpet,219228.0,Mandagere,613583,Bevinahalli,1,9.0,100.0,0.0,12.83846,76.762572,7.142857142857142,100,31.01,Low,False
542,Kolar,5593,Bangarapet,218813.0,Mava Halli,622647,Manchenahalli,2,12.0,60.0,0.0,12.9688325,78.1757705,14.285714285714285,100,30.91,Low,False
535,Davanagere,5513,Honnali,217590.0,Kolaghatte,606863,Hanumanahalli,1,20.0,60.0,0.0,14.129542,75.576932,7.142857142857142,100,30.86,Low,False
533,Chitradurga,5507,Hosdurga,217162.0,Hebballi,605830,Krishnapura,1,20.0,60.0,0.0,12.986527,77.554068,7.142857142857142,100,30.86,Low,False
548,Tumakuru,5533,Sira,220291.0,Bukkapatna,610422,Channenahalli,1,20.0,60.0,0.0,13.733834,77.370033,7.142857142857142,100,30.86,Low,False
631,Bengaluru South,7196,Harohalli,215537.0,T. Hosahalli,626384,Paduvanagere,1,30.0,100.0,1.0,12.455938,77.516087,7.142857142857142,50,30.86,Low,False
539,Hassan,5560,Channarayapatna,218330.0,Bagur,617167,Dyavanahalli,1,20.0,60.0,0.0,12.950639,76.533404,7.142857142857142,100,30.86,Low,False
539,Hassan,5560,Channarayapatna,218355.0,M.Shivara,617113,Madaguddanahalli,2,9.0,70.0,0.0,13.019191,76.1095595,14.285714285714285,100,30.86,Low,False
545,Mysuru,5569,Piriyapatna,219627.0,Komalapura,618221,Telaginakuppe,1,20.0,60.0,0.0,12.274546,76.659515,7.142857142857142,100,30.86,Low,False
631,Bengaluru South,5608,Kanakapura,215500.0,Acchalu,626529,Achalu,1,20.0,60.0,0.0,12.67245,77.1981,7.142857142857142,100,30.86,Low,False
548,Tumakuru,5536,Koratagere,220177.0,Vaddagere,611051,Kalkere,1,20.0,60.0,0.0,13.168839,76.538898,7.142857142857142,100,30.86,Low,False
537,Gadag,7083,Laxmeshwar,217857.0,Ramagiri,602059,Desai Ban,1,20.0,60.0,0.0,15.409369,75.648575,7.142857142857142,100,30.86,Low,False
538,Kalaburagi,5581,Afzalpur,217875.0,Goura B,620103,Shirwad,1,20.0,60.0,0.0,17.186744,76.516728,7.142857142857142,100,30.86,Low,False
534,Dakshina Kannada,7197,Ullala,217236.0,Sajipanadu,617600,Sajipanadu (Ct),1,20.0,60.0,0.0,12.877442,75.036304,7.142857142857142,100,30.86,Low,False
536,Dharwad,5473,Dharwad,273020.0,Chikkamalligawada,602271,Hiremalligawad,1,20.0,60.0,0.0,15.332255,75.113856,7.142857142857142,100,30.86,Low,False
527,Belagavi,5434,Athni,215636.0,Katageri,597348,Kodaganoor,1,20.0,60.0,0.0,15.121288,76.931466,7.142857142857142,100,30.86,Low,False
630,Chikkaballapura,5599,Sidlaghatta,219040.0,Thimmanayakana Halli,624093,Gorla Gummanahalli,1,20.0,60.0,0.0,13.595802,77.786734,7.142857142857142,100,30.86,Low,False
630,Chikkaballapura,5599,Sidlaghatta,219041.0,Thimmsandra,624030,Halehalli,1,30.0,100.0,1.0,13.404514,77.68477,7.142857142857142,50,30.86,Low,False
542,Kolar,5594,Mulbagal,219006.0,Mothakapalli,623186,Somarasanahalli,1,20.0,60.0,0.0,12.923319,78.250786,7.142857142857142,100,30.86,Low,False
630,Chikkaballapura,5600,Chintamani,218855.0,Kadadanamari,624373,Billandlahalli,1,20.0,60.0,0.0,13.578871,77.76507,7.142857142857142,100,30.86,Low,False
526,Bengaluru Rural,5603,Devanahalli,215434.0,Harohalli,625328,Chikkenahalli,1,20.0,60.0,0.0,12.698001,77.704839,7.142857142857142,100,30.86,Low,False
630,Chikkaballapura,5597,Gudibanda,218917.0,Beechaganahally,623764,Pavajenahalli,1,20.0,60.0,0.0,13.266076,76.552439,7.142857142857142,100,30.86,Low,False
527,Belagavi,5437,Hukkeri,215918.0,Kesthi,597562,Akkiwat,1,20.0,60.0,0.0,15.984211,75.117738,7.142857142857142,100,30.86,Low,False
532,Chikkamagaluru,7078,Ajjampura,216971.0,Baggavalli,609185,Mallenahalli,1,20.0,60.0,0.0,12.125713,76.330631,7.142857142857142,100,30.86,Low,False
537,Gadag,7083,Laxmeshwar,217847.0,Dodduru,602091,Yallapur,1,20.0,60.0,0.0,15.087112,75.301852,7.142857142857142,100,30.86,Low,False
536,Dharwad,5477,Kundgol,217721.0,Hiregunjal,602562,Bagawad,1,20.0,60.0,0.0,15.321193,75.146484,7.142857142857142,100,30.86,Low,False
532,Chikkamagaluru,5529,Kadur,216843.0,Bislehalli,609530,Bisalehalli,1,20.0,60.0,0.0,12.11464,76.346477,7.142857142857142,100,30.86,Low,False
548,Tumakuru,5540,Turuvekere,220401.0,Kodigehalli,612246,Kodigehalli,1,20.0,60.0,0.0,13.141238,76.259096,7.142857142857142,100,30.86,Low,False
540,Haveri,5491,Hangal,218503.0,Kopparasikoppa,604087,Gazipur,1,20.0,60.0,0.0,14.787297,75.373087,7.142857142857142,100,30.86,Low,False
527,Belagavi,5439,Khanapur,215988.0,Parawad,597803,Huland,1,20.0,60.0,0.0,15.856452,74.503713,7.142857142857142,100,30.86,Low,False
542,Kolar,5590,Srinivaspur,219067.0,Thadigol,621545,Kamatampalli,1,20.0,60.0,0.0,13.140639,78.119583,7.142857142857142,100,30.86,Low,False
540,Haveri,5491,Hangal,218480.0,Akkialur,604152,Akki Alur,1,20.0,60.0,0.0,14.795337,75.389654,7.142857142857142,100,30.86,Low,False
527,Belagavi,5442,Ramdurg,216042.0,D Salapur,598316,Dadibhavi Salapur,1,20.0,60.0,0.0,15.854885,74.484931,7.142857142857142,100,30.86,Low,False
542,Kolar,7002,Kolar Gold Field,218816.0,Ramasagara,622776,Vaddarahalli,1,20.0,60.0,0.0,13.133488,78.145785,7.142857142857142,100,30.86,Low,False
545,Mysuru,5573,Heggadadevankote,219464.0,Nooralakuppe,619026,Jeeyara,1,20.0,60.0,0.0,13.029984,77.56876,7.142857142857142,100,30.86,Low,False
542,Kolar,5591,Kolar,218956.0,Uragili,621921,Madavagurjenahalli,1,20.0,60.0,0.0,12.943622,78.271083,7.142857142857142,100,30.86,Low,False
550,Uttara Kannada,5479,Supa,220755.0,Ulvi,602747,Kodthalli,1,20.0,60.0,0.0,14.850513,74.121243,7.142857142857142,100,30.86,Low,False
528,Ballari,5500,Ballari,216140.0,Yathenabudihal,604952,Burranayakanahalli,1,20.0,60.0,0.0,15.139174,76.925489,7.142857142857142,100,30.86,Low,False
550,Uttara Kannada,5479,Supa,220746.0,Jagalbate,602676,Durgi,1,20.0,60.0,0.0,14.81249,74.121925,7.142857142857142,100,30.86,Low,False
524,Bagalkote,5443,Jamkhandi,215270.0,Kankanwadi,598428,Kankanawadi,1,20.0,60.0,0.0,16.154432,75.645433,7.142857142857142,100,30.86,Low,False
635,Yadgir,5589,Yadgir,218176.0,Hattikuni,621232,Bagalmadu,1,20.0,60.0,0.0,16.578855,77.244216,7.142857142857142,100,30.86,Low,False
542,Kolar,5591,Kolar,218957.0,Vadagur,622071,Girnahalli,1,20.0,60.0,0.0,12.871344,78.009456,7.142857142857142,100,30.86,Low,False
550,Uttara Kannada,5485,Kumta,220679.0,Walgalli,603494,Harodi,1,20.0,60.0,0.0,14.872257,74.115447,7.142857142857142,100,30.86,Low,False
545,Mysuru,5570,Hunsur,219492.0,Neralakuppe,618389,Habbanakuppe K.G,1,20.0,60.0,0.0,12.174062,76.164587,7.142857142857142,100,30.86,Low,False
539,Hassan,5556,Hassan,218394.0,Melagodu,615984,Kanajanahalli,1,20.0,60.0,0.0,12.988965,76.099546,7.142857142857142,100,30.86,Low,False
545,Mysuru,5570,Hunsur,219486.0,Karimuddanahalli,618499,Kadavaddaragudi,1,20.0,60.0,0.0,12.538071,76.174476,7.142857142857142,100,30.86,Low,False
635,Yadgir,5588,Shahpur,218087.0,Chamnal,621076,Nadihal,1,20.0,60.0,0.0,16.451487,76.53389,7.142857142857142,100,30.86,Low,False
539,Hassan,5554,Belur,218326.0,Yamasandi,615173,Kallahalli,1,14.0,80.0,0.0,12.762629,75.842991,7.142857142857142,100,30.76,Low,False
539,Hassan,5554,Belur,218292.0,Anughatta,615150,Hulukodu,1,14.0,80.0,0.0,13.225136,75.997923,7.142857142857142,100,30.76,Low,False
630,Chikkaballapura,5600,Chintamani,218868.0,Muragamalla,624473,Gundlahalli,1,14.0,80.0,0.0,13.387896,77.694509,7.142857142857142,100,30.76,Low,False
548,Tumakuru,5532,Chiknayakanhalli,220118.0,Ramanahalli,610171,Janehar,1,14.0,80.0,0.0,13.940997,75.592387,7.142857142857142,100,30.76,Low,False
550,Uttara Kannada,7064,Dandeli,220598.0,Alur,602777,Kerwad (Dandeli),1,14.0,80.0,0.0,14.815604,74.125131,7.142857142857142,100,30.76,Low,False
547,Shivamogga,5521,Bhadravati,219836.0,Anaveri,608522,Anaveri,1,14.0,80.0,0.0,13.984862,75.253815,7.142857142857142,100,30.76,Low,False
539,Hassan,5555,Arsikere,218261.0,Heggatta,615802,Bachenahalli,1,14.0,80.0,0.0,12.996224,76.112105,7.142857142857142,100,30.76,Low,False
542,Kolar,7002,Kolar Gold Field,218798.0,Gatta Madamangala,622824,Kempapura,1,14.0,80.0,0.0,12.945951,78.253987,7.142857142857142,100,30.76,Low,False
546,Raichur,5461,Raichur,273081.0,Udamagal,600737,Nagalapur,1,14.0,80.0,0.0,16.21659,76.64219,7.142857142857142,100,30.76,Low,False
545,Mysuru,5570,Hunsur,219483.0,Hirikyathanahalli,618295,Marur,1,14.0,80.0,0.0,12.267845,76.635094,7.142857142857142,100,30.76,Low,False
535,Davanagere,5511,Jagalur,217620.0,Halekallu,606473,Muchanur,1,14.0,80.0,0.0,14.248265,75.659888,7.142857142857142,100,30.76,Low,False
547,Shivamogga,5521,Bhadravati,219864.0,Nagathibelagalu,608575,Thallikatte,2,11.5,60.0,0.0,13.917568500000002,75.5840975,14.285714285714285,100,30.74,Low,False
536,Dharwad,5473,Dharwad,217646.0,Kotabagi,602203,Jeeragiwad,1,8.0,100.0,0.0,15.56409,74.923231,7.142857142857142,100,30.66,Low,False
539,Hassan,5553,Sakleshpur,218439.0,Changadihalli,615062,Mathur,1,8.0,100.0,0.0,12.897087,76.373105,7.142857142857142,100,30.66,Low,False
534,Dakshina Kannada,5562,Bantval,217244.0,Vitlapadnuru,617585,Vittalpadanur,1,8.0,100.0,0.0,12.857668,75.037563,7.142857142857142,100,30.66,Low,False
542,Kolar,5590,Srinivaspur,219055.0,Kurigepalli,621409,Baddipalli,1,8.0,100.0,0.0,13.025147,78.320734,7.142857142857142,100,30.66,Low,False
548,Tumakuru,5536,Koratagere,220178.0,Vajjanakurike,611200,Byadara Agrahara,1,8.0,100.0,0.0,14.234667,77.044539,7.142857142857142,100,30.66,Low,False
545,Mysuru,5574,Nanjangud,219590.0,Kasuvinahalli,619273,Elchagere,1,8.0,100.0,0.0,12.140132,76.490735,7.142857142857142,100,30.66,Low,False
631,Bengaluru South,5607,Channapatna,215423.0,Yelethotadahalli,626309,Nelamakanahalli,1,8.0,100.0,0.0,12.727648,77.29917,7.142857142857142,100,30.66,Low,False
545,Mysuru,5570,Hunsur,219473.0,Challahalli,618482,Benkipura,1,8.0,100.0,0.0,12.311192,76.667298,7.142857142857142,100,30.66,Low,False
533,Chitradurga,5507,Hosdurga,217155.0,Chikkabyladakere,606044,Doddabyladakere,1,8.0,100.0,0.0,14.146558,76.232206,7.142857142857142,100,30.66,Low,False
631,Bengaluru South,5605,Magadi,215564.0,Mathikere,626021,Lakkasandra,1,8.0,100.0,0.0,12.722474,77.302236,7.142857142857142,100,30.66,Low,False
546,Raichur,5463,Sindhnur,219809.0,Dhadesugur,601210,Dhadesugur,1,8.0,100.0,0.0,15.985112,77.466184,7.142857142857142,100,30.66,Low,False
548,Tumakuru,5539,Tiptur,220333.0,Gyaragatta,611990,Chowdenahalli,1,8.0,100.0,0.0,12.805729,77.033494,7.142857142857142,100,30.66,Low,False
542,Kolar,5593,Bangarapet,218817.0,Soolikunte,622478,Akshantaragollahalli,2,11.0,60.0,0.0,12.971974,78.264443,14.285714285714285,100,30.56,Low,False
526,Bengaluru Rural,5602,Doddaballapura,215466.0,Majara Hosahalli,625134,Thippapura,1,19.0,60.0,0.0,13.26952,77.412675,7.142857142857142,100,30.51,Low,False
631,Bengaluru South,5605,Magadi,215558.0,Kalya,625945,Harohalli,1,29.0,100.0,1.0,12.652049,77.226525,7.142857142857142,50,30.51,Low,False
548,Tumakuru,5537,Tumakuru,220382.0,Nidavallalu,611544,Huliyapura,1,19.0,60.0,0.0,13.174009,76.561991,7.142857142857142,100,30.51,Low,False
545,Mysuru,5574,Nanjangud,219595.0,Mallupura,619228,Mallupura,1,19.0,60.0,0.0,12.319032,76.657227,7.142857142857142,100,30.51,Low,False
542,Kolar,5593,Bangarapet,218823.0,Yelesandra,622568,Buvanahalli,1,19.0,60.0,0.0,12.944006,78.274511,7.142857142857142,100,30.51,Low,False
631,Bengaluru South,5605,Magadi,215562.0,Madabal,625994,Karlahalli,1,19.0,60.0,0.0,12.818827,77.526475,7.142857142857142,100,30.51,Low,False
524,Bagalkote,5448,Hungund,215246.0,Kodal-Sangam,598918,Sangum Archak Pu.K,1,19.0,60.0,0.0,16.067939,75.948699,7.142857142857142,100,30.51,Low,False
524,Bagalkote,5448,Hungund,273108.0,Havaragi,598952,Anapakatti,1,19.0,60.0,0.0,16.507279,75.057497,7.142857142857142,100,30.51,Low,False
524,Bagalkote,5446,Badami,215164.0,Kataraki,598755,Chikkanasabi,1,19.0,60.0,0.0,16.149245,75.669854,7.142857142857142,100,30.51,Low,False
631,Bengaluru South,5606,Ramanagara,215614.0,Lakshmipura,626072,Chikkasulikere,1,19.0,60.0,0.0,12.670982,77.225764,7.142857142857142,100,30.51,Low,False
538,Kalaburagi,7088,Shahabad,217982.0,Martor,620646,Devantegnur,1,19.0,60.0,0.0,17.15392,76.787397,7.142857142857142,100,30.51,Low,False
538,Kalaburagi,5584,Sedam,218079.0,Neelhalli,620498,Hoshalli,1,19.0,60.0,0.0,17.036548,76.34499,7.142857142857142,100,30.51,Low,False
543,Koppal,7091,Kanakagiri,219086.0,Hirekheda,601554,Godinal,1,19.0,60.0,0.0,15.3618,76.146346,7.142857142857142,100,30.51,Low,False
532,Chikkamagaluru,5531,Mudigere,216931.0,Kirugunda,610028,Hegravalli,1,19.0,60.0,0.0,12.691039,76.953296,7.142857142857142,100,30.51,Low,False
542,Kolar,5590,Srinivaspur,219055.0,Kurigepalli,621394,Kurigepalli,1,19.0,60.0,0.0,12.947064,78.366223,7.142857142857142,100,30.51,Low,False
550,Uttara Kannada,5482,Mundgod,220686.0,Indoor,603024,Pur,1,19.0,60.0,0.0,14.882485,74.338062,7.142857142857142,100,30.51,Low,False
549,Udupi,7066,Bainduru,220490.0,Nada,608673,Hadavu,1,19.0,60.0,0.0,13.587715,74.842017,7.142857142857142,100,30.51,Low,False
549,Udupi,5522,Kundapura,220462.0,Hakladi,608696,Hakladi,1,19.0,60.0,0.0,13.231557,74.844303,7.142857142857142,100,30.51,Low,False
549,Udupi,7067,Kapu,220548.0,Padubidri,608840,Padebettu,1,19.0,60.0,0.0,13.347952,74.764459,7.142857142857142,100,30.51,Low,False
545,Mysuru,5575,Tirumakudal - Narsipur,219670.0,Vatalu,619412,Vatalu,1,19.0,60.0,0.0,12.317149,76.618096,7.142857142857142,100,30.51,Low,False
539,Hassan,5559,Hole Narsipur,218408.0,Bagivalu,616838,Beechenahalli Hantha,1,19.0,60.0,0.0,13.415628,76.170653,7.142857142857142,100,30.51,Low,False
547,Shivamogga,5516,Sorab,220052.0,Tatturu,607495,Chikkabburu,1,19.0,60.0,0.0,13.91505,75.572489,7.142857142857142,100,30.51,Low,False
545,Mysuru,5569,Piriyapatna,219625.0,Kanagalu,618098,Gariguddakaval,1,19.0,60.0,0.0,12.322946,76.648085,7.142857142857142,100,30.51,Low,False
538,Kalaburagi,5580,Aland,217900.0,Jidaga,620028,Shakhapur,1,19.0,60.0,0.0,17.167349,77.356316,7.142857142857142,100,30.51,Low,False
536,Dharwad,5473,Dharwad,217661.0,Ramapur,602245,Veerapur,1,19.0,60.0,0.0,15.172812,74.950239,7.142857142857142,100,30.51,Low,False
539,Hassan,5557,Alur,218211.0,Madabalu,616316,Karjuvalli,1,19.0,60.0,0.0,12.962712,75.994034,7.142857142857142,100,30.51,Low,False
539,Hassan,5555,Arsikere,218248.0,Bagivalu,615812,Thimmalapura,1,19.0,60.0,0.0,12.836273,76.069301,7.142857142857142,100,30.51,Low,False
527,Belagavi,7105,Nippani,215791.0,Galataga,597167,Dilalapurwadi,1,19.0,60.0,0.0,15.987794,75.137442,7.142857142857142,100,30.51,Low,False
550,Uttara Kannada,5483,Sirsi,220724.0,Guadnapur,603314,Kantraji,1,19.0,60.0,0.0,14.614182,74.823523,7.142857142857142,100,30.51,Low,False
529,Bidar,5454,Basavakalyan,216354.0,Moorkhandi,599748,Talbhog,1,19.0,60.0,0.0,18.24989,77.543435,7.142857142857142,100,30.51,Low,False
630,Chikkaballapura,5599,Sidlaghatta,219040.0,Thimmanayakana Halli,624079,Thimmanayakanahalli,1,19.0,60.0,0.0,13.397184,77.718436,7.142857142857142,100,30.51,Low,False
527,Belagavi,5435,Raybag,216087.0,Katakbhavi,597407,Devapurhatti,1,19.0,60.0,0.0,15.75561,75.10873,7.142857142857142,100,30.51,Low,False
538,Kalaburagi,5584,Sedam,218066.0,Jakanpalli,620550,Konapur,1,19.0,60.0,0.0,17.197882,76.508919,7.142857142857142,100,30.51,Low,False
548,Tumakuru,5533,Sira,220308.0,Lakshmisagara,610359,Ranganahalli,1,19.0,60.0,0.0,13.668453,77.22306,7.142857142857142,100,30.51,Low,False
542,Kolar,5592,Malur,218983.0,Santehalli,622185,Channakal,1,19.0,60.0,0.0,12.924382,78.26985,7.142857142857142,100,30.51,Low,False
529,Bidar,5455,Bhalki,272853.0,Beeri-K,599889,Mural,1,19.0,60.0,0.0,17.916176,75.31682,7.142857142857142,100,30.51,Low,False
547,Shivamogga,5519,Tirthahalli,220057.0,Agumbe,608286,Talluru,1,19.0,60.0,0.0,14.364658,75.24635,7.142857142857142,100,30.51,Low,False
535,Davanagere,5512,Davanagere,217483.0,Kadlebalu,606549,Arasapura,1,19.0,60.0,0.0,14.462988,75.907984,7.142857142857142,100,30.51,Low,False
547,Shivamogga,5520,Shivamogga,219987.0,Choradi,608310,Gunduru,1,19.0,60.0,0.0,14.184665,75.031045,7.142857142857142,100,30.51,Low,False
547,Shivamogga,5519,Tirthahalli,220075.0,Hosahalli,608223,Kodlu,1,19.0,60.0,0.0,13.997923,75.25171,7.142857142857142,100,30.51,Low,False
534,Dakshina Kannada,7104,Kadaba,217360.0,Kutrupady,617710,Ballya,1,19.0,60.0,0.0,12.546509,75.024121,7.142857142857142,100,30.51,Low,False
527,Belagavi,5436,Gokak,215862.0,Kolavi,597482,Hulikatti,1,19.0,60.0,0.0,15.835697,74.478709,7.142857142857142,100,30.51,Low,False
541,Kodagu,5567,Somvarpet,218713.0,Madapura,924003,Kadandalu,1,19.0,60.0,0.0,11.984298,76.3706,7.142857142857142,100,30.51,Low,False
542,Kolar,5594,Mulbagal,219014.0,Tayalur,623173,Agara,1,19.0,60.0,0.0,13.151703,78.138415,7.142857142857142,100,30.51,Low,False
542,Kolar,5594,Mulbagal,219015.0,Thimmaravuthanahalli,623149,Kapabikkanahalli,1,19.0,60.0,0.0,13.120373,78.149477,7.142857142857142,100,30.51,Low,False
542,Kolar,5591,Kolar,218957.0,Vadagur,622049,Bandur Krishnapura,1,19.0,60.0,0.0,13.525667,78.336053,7.142857142857142,100,30.51,Low,False
527,Belagavi,5439,Khanapur,215992.0,Shiroli,597913,Holda,1,19.0,60.0,0.0,15.75888,74.640666,7.142857142857142,100,30.51,Low,False
550,Uttara Kannada,5487,Honavar,220620.0,Chikkankod,603795,Heravali,1,19.0,60.0,0.0,14.828288,74.11697,7.142857142857142,100,30.51,Low,False
539,Hassan,5557,Alur,218212.0,Magge,616371,Ballurpura,1,19.0,60.0,0.0,12.760598,76.035918,7.142857142857142,100,30.51,Low,False
542,Kolar,5592,Malur,218970.0,Huladenahalli,622287,Dinneri,1,19.0,60.0,0.0,12.861512,78.01593,7.142857142857142,100,30.51,Low,False
524,Bagalkote,5448,Hungund,215228.0,Binjawadgi,598976,Binjawadgi,1,19.0,60.0,0.0,16.483471,75.140974,7.142857142857142,100,30.51,Low,False
542,Kolar,5594,Mulbagal,219007.0,Mudigere,623095,Gonikuppa,1,19.0,60.0,0.0,12.937113,78.376639,7.142857142857142,100,30.51,Low,False
537,Gadag,5472,Mundargi,272959.0,Bidanala,602180,Sevalalnagar,1,19.0,60.0,0.0,15.148073,75.345535,7.142857142857142,100,30.51,Low,False
539,Hassan,5559,Hole Narsipur,218424.0,Mallappanahalli,616912,Thirumalapura,1,19.0,60.0,0.0,12.90155,76.390485,7.142857142857142,100,30.51,Low,False
524,Bagalkote,5447,Bagalkot,273099.0,Sheegikeri,598861,Sigikeri,1,19.0,60.0,0.0,16.31009,75.301329,7.142857142857142,100,30.51,Low,False
542,Kolar,5594,Mulbagal,218995.0,Devarayasamudra,622923,Hosakere,1,19.0,60.0,0.0,12.995656,78.322336,7.142857142857142,100,30.51,Low,False
526,Bengaluru Rural,5601,Nelamangala,215581.0,Hasuruvalli,624818,Guddegowdana Channohalli,1,19.0,60.0,0.0,13.260305,77.615275,7.142857142857142,100,30.51,Low,False
536,Dharwad,5477,Kundgol,217731.0,Saunsi,602567,Saunshi,1,19.0,60.0,0.0,15.364335,75.136353,7.142857142857142,100,30.51,Low,False
539,Hassan,5560,Channarayapatna,218361.0,Nuggehalli,617271,Hoovinahalli,1,13.0,80.0,0.0,12.784379,76.24159,7.142857142857142,100,30.41,Low,False
540,Haveri,5494,Hirekerur,218573.0,Madlur,604358,Nittur,1,13.0,80.0,0.0,14.617872,75.630989,7.142857142857142,100,30.41,Low,False
548,Tumakuru,5533,Sira,220299.0,Gowdagere,610344,Gowdagere,1,13.0,80.0,0.0,13.14915,76.553907,7.142857142857142,100,30.41,Low,False
630,Chikkaballapura,5596,Chikkaballapura,218837.0,Kuppa Halli,623629,Kuppahalli,1,13.0,80.0,0.0,13.611166,77.783122,7.142857142857142,100,30.41,Low,False
525,Bengaluru Urban,5542,Bengaluru North,215359.0,Huskuru,612765,Kodipalya,1,13.0,80.0,0.0,13.074864,77.631753,7.142857142857142,100,30.41,Low,False
529,Bidar,7086,Hulsoor,216342.0,Gorta B,599738,Gorta (B),1,13.0,80.0,0.0,18.000027,77.469841,7.142857142857142,100,30.41,Low,False
548,Tumakuru,5538,Gubbi,220147.0,Marashettyhalli,611806,Parasanahalli,1,13.0,80.0,0.0,13.489611,76.441176,7.142857142857142,100,30.41,Low,False
530,Vijayapura,5450,Indi,273052.0,Hingani,599210,Hingani,1,13.0,80.0,0.0,16.49754,75.675021,7.142857142857142,100,30.41,Low,False
545,Mysuru,5573,Heggadadevankote,273305.0,Hosaholalu,619029,Manchegowdanahalli,1,13.0,80.0,0.0,12.219493,76.306506,7.142857142857142,100,30.41,Low,False
526,Bengaluru Rural,5602,Doddaballapura,215473.0,Thubugere,625048,Sothenahalli,1,13.0,80.0,0.0,12.99752,77.785881,7.142857142857142,100,30.41,Low,False
533,Chitradurga,5506,Holalkere,217139.0,Ramagiri,605689,T.Vaderahalli,1,13.0,80.0,0.0,14.099066,76.272782,7.142857142857142,100,30.41,Low,False
541,Kodagu,5567,Somvarpet,218703.0,Handli,938988,Hosapura,1,13.0,80.0,0.0,12.322554,75.678383,7.142857142857142,100,30.41,Low,False
538,Kalaburagi,5581,Afzalpur,217877.0,Hasaragundagi,620175,Taklu,1,7.0,100.0,0.0,17.334904,76.837724,7.142857142857142,100,30.31,Low,False
544,Mandya,5546,Krishnarajpet,219205.0,Agraharabachahalli,613538,Valageremenasa,1,7.0,100.0,0.0,12.526537,76.909081,7.142857142857142,100,30.31,Low,False
548,Tumakuru,5538,Gubbi,220130.0,Chandrashekarapura,611948,Horakere,1,7.0,100.0,0.0,13.122188,77.161529,7.142857142857142,100,30.31,Low,False
538,Kalaburagi,7090,Kamalapur,218012.0,Kurikota,620217,Kurikota,2,4.5,80.0,0.0,17.173503500000002,77.319883,14.285714285714285,100,30.29,Low,False
542,Kolar,5594,Mulbagal,219017.0,Uttanur,622892,Nallandahalli,2,10.0,60.0,0.0,13.132769,78.14140850000001,14.285714285714285,100,30.21,Low,False
536,Dharwad,5475,Hubballi,217676.0,Ingalhalli,602393,Ingalhalli,2,10.0,60.0,0.0,15.3695025,75.27065999999999,14.285714285714285,100,30.21,Low,False
546,Raichur,5459,Lingasugur,219724.0,Nagaral,600352,Nagarhal,1,18.0,60.0,0.0,16.235814,77.358495,7.142857142857142,100,30.16,Low,False
527,Belagavi,5434,Athni,215657.0,Saptasagar,597307,Saptasagar,1,18.0,60.0,0.0,15.821491,74.506828,7.142857142857142,100,30.16,Low,False
537,Gadag,5468,Nargund,217801.0,Hadli,601894,Hadali,1,28.0,100.0,1.0,15.729915,75.957558,7.142857142857142,50,30.16,Low,False
527,Belagavi,5439,Khanapur,215980.0,Mohisett,597945,Watre,1,18.0,60.0,0.0,16.418628,74.594062,7.142857142857142,100,30.16,Low,False
630,Chikkaballapura,5597,Gudibanda,218922.0,Varlakonda,623772,Polammanahalli,1,18.0,60.0,0.0,13.26646,76.539375,7.142857142857142,100,30.16,Low,False
527,Belagavi,5442,Ramdurg,216058.0,Kithur,598395,Kittur,1,18.0,60.0,0.0,15.854158,74.517941,7.142857142857142,100,30.16,Low,False
545,Mysuru,7230,Saligrama,219511.0,Honnenahally,618522,Pashupathi,1,18.0,60.0,0.0,12.182822,76.407106,7.142857142857142,100,30.16,Low,False
545,Mysuru,5572,Mysuru,219538.0,Doora,618762,Thaluru,1,18.0,60.0,0.0,12.329832,76.675659,7.142857142857142,100,30.16,Low,False
535,Davanagere,5511,Jagalur,217610.0,Asagodu,606443,Thuppadahalli,1,18.0,60.0,0.0,14.458084,75.923717,7.142857142857142,100,30.16,Low,False
545,Mysuru,5570,Hunsur,219492.0,Neralakuppe,618386,Negathur,1,18.0,60.0,0.0,12.33235,76.616417,7.142857142857142,100,30.16,Low,False
539,Hassan,5556,Hassan,218384.0,Jagaravalli,616220,Karekere Kaval,1,18.0,60.0,0.0,12.635084,76.05522,7.142857142857142,100,30.16,Low,False
525,Bengaluru Urban,5542,Bengaluru North,215370.0,Sondekoppa,612797,Hunnigere,1,18.0,60.0,0.0,13.000334,77.53488,7.142857142857142,100,30.16,Low,False
532,Chikkamagaluru,5529,Kadur,244975.0,Anigere,609480,Sanehalli,1,18.0,60.0,0.0,12.123874,76.343846,7.142857142857142,100,30.16,Low,False
524,Bagalkote,7062,Ilkal,215229.0,Budihal S.K.,598979,Turamari,1,18.0,60.0,0.0,16.340494,75.275945,7.142857142857142,100,30.16,Low,False
544,Mandya,5547,Nagamangala,272691.0,Hulikere,613852,Arehalli,1,18.0,60.0,0.0,12.389545,77.061439,7.142857142857142,100,30.16,Low,False
533,Chitradurga,5504,Challakere,217042.0,Pagadalabande,605380,Pagadalabande,1,18.0,60.0,0.0,12.977021,77.578487,7.142857142857142,100,30.16,Low,False
539,Hassan,5553,Sakleshpur,218453.0,Malali,614912,Matasagara,1,18.0,60.0,0.0,12.78127,75.847484,7.142857142857142,100,30.16,Low,False
533,Chitradurga,5507,Hosdurga,217162.0,Hebballi,605823,Thumbinakere,1,18.0,60.0,0.0,14.225029,76.401054,7.142857142857142,100,30.16,Low,False
550,Uttara Kannada,5478,Karwar,220646.0,Chittakula,602629,Chitakula (Og),1,28.0,100.0,1.0,15.315264,74.75593,7.142857142857142,50,30.16,Low,False
533,Chitradurga,5508,Hiriyur,217093.0,Dindavara,606190,Dindavara,1,18.0,60.0,0.0,14.241459,76.394977,7.142857142857142,100,30.16,Low,False
545,Mysuru,5574,Nanjangud,219571.0,Deviramanahalli,619169,Karlapura,1,18.0,60.0,0.0,12.296752,76.70424,7.142857142857142,100,30.16,Low,False
527,Belagavi,5434,Athni,215636.0,Katageri,597344,Chandrappanawadi,1,18.0,60.0,0.0,15.940137,74.520736,7.142857142857142,100,30.16,Low,False
542,Kolar,5591,Kolar,218947.0,Muduvathi,621877,Muduvathi,1,18.0,60.0,0.0,12.985462,77.950324,7.142857142857142,100,30.16,Low,False
550,Uttara Kannada,5481,Yellapur,220767.0,Nandolli,602938,Holemadu,1,18.0,60.0,0.0,14.604557,74.810925,7.142857142857142,100,30.16,Low,False
539,Hassan,5560,Channarayapatna,218345.0,Janivara,617213,Bisalahalli,1,18.0,60.0,0.0,12.763813,76.23945,7.142857142857142,100,30.16,Low,False
542,Kolar,5591,Kolar,218955.0,Thotli,621906,Thotli,1,18.0,60.0,0.0,13.507364,78.217891,7.142857142857142,100,30.16,Low,False
542,Kolar,5594,Mulbagal,219015.0,Thimmaravuthanahalli,623148,Puli Papenahalli,1,18.0,60.0,0.0,12.953397,78.262028,7.142857142857142,100,30.16,Low,False
544,Mandya,5550,Mandya,219356.0,Shivalli,614427,Shivhalli,1,18.0,60.0,0.0,12.421207,76.685791,7.142857142857142,100,30.16,Low,False
631,Bengaluru South,5608,Kanakapura,215500.0,Acchalu,626548,Puradadoddi,1,18.0,60.0,0.0,12.815,77.406179,7.142857142857142,100,30.16,Low,False
539,Hassan,5558,Arkalgud,218230.0,Hulikallu,616628,Hulikallu,1,18.0,60.0,0.0,12.839431,76.494419,7.142857142857142,100,30.16,Low,False
539,Hassan,5560,Channarayapatna,218348.0,Kabbali,617309,Ungragere,1,18.0,60.0,0.0,13.024397,76.101951,7.142857142857142,100,30.16,Low,False
547,Shivamogga,5515,Sagar,219909.0,Bhimanakone,607335,Thirtha,1,18.0,60.0,0.0,13.937761,75.570825,7.142857142857142,100,30.16,Low,False
542,Kolar,5592,Malur,218985.0,Tekal,622428,Haleballahalli,1,18.0,60.0,0.0,12.935782,78.268438,7.142857142857142,100,30.16,Low,False
547,Shivamogga,5516,Sorab,220049.0,Talagaddi,607382,Kodikoppa,1,18.0,60.0,0.0,13.82315,75.047213,7.142857142857142,100,30.16,Low,False
525,Bengaluru Urban,7103,Yelahanka,215345.0,Arekere,612836,Byrapura,1,18.0,60.0,0.0,12.572766,77.348817,7.142857142857142,100,30.16,Low,False
548,Tumakuru,5534,Pavagada,220270.0,Nagalamadike,610581,Gyadigunte,1,18.0,60.0,0.0,13.329956,77.097141,7.142857142857142,100,30.16,Low,False
539,Hassan,5558,Arkalgud,218243.0,Vijapura Forest,616517,Mudigere,1,18.0,60.0,0.0,12.896373,76.391419,7.142857142857142,100,30.16,Low,False
548,Tumakuru,5538,Gubbi,220155.0,Shivapura,611642,Obalapura,1,18.0,60.0,0.0,13.530501,77.24647,7.142857142857142,100,30.16,Low,False
543,Koppal,5465,Kushtagi,219143.0,Adavibhavi,601439,Miyapur,1,18.0,60.0,0.0,15.512776,75.982528,7.142857142857142,100,30.16,Low,False
532,Chikkamagaluru,5531,Mudigere,216939.0,Sunkasale,609919,Madugundi,1,18.0,60.0,0.0,12.122295,76.353408,7.142857142857142,100,30.16,Low,False
545,Mysuru,5575,Tirumakudal - Narsipur,219654.0,Kodagahalli,619325,Madigahalli,1,18.0,60.0,0.0,12.307651,76.648791,7.142857142857142,100,30.16,Low,False
542,Kolar,5590,Srinivaspur,219051.0,Hodali,621604,Hodali,1,18.0,60.0,0.0,12.947979,78.267925,7.142857142857142,100,30.16,Low,False
531,Chamarajanagar,5576,Gundlupet,216734.0,Padaguru,619519,Paramapura,1,18.0,60.0,0.0,11.936607,76.948566,7.142857142857142,100,30.16,Low,False
635,Yadgir,7095,Wadagera,272747.0,Gundagarthi,621162,Tokapur,1,18.0,60.0,0.0,16.44979,76.508681,7.142857142857142,100,30.16,Low,False
547,Shivamogga,5515,Sagar,219933.0,Tumari,607344,Kaluru,2,4.0,80.0,0.0,13.844437,75.687228,14.285714285714285,100,30.11,Low,False
546,Raichur,7101,Maski,219768.0,Toranadinni,600919,Toran Dinni,1,12.0,80.0,0.0,16.310657,77.507973,7.142857142857142,100,30.06,Low,False
527,Belagavi,7099,Mudalgi,215875.0,Munyal,597422,Munyal,1,12.0,80.0,0.0,15.857749,74.507098,7.142857142857142,100,30.06,Low,False
545,Mysuru,5569,Piriyapatna,273335.0,Haraduru,618158,Navilukodikaval,1,12.0,80.0,0.0,12.188793,76.190825,7.142857142857142,100,30.06,Low,False
631,Bengaluru South,5605,Magadi,215562.0,Madabal,625969,Tubinakere,1,12.0,80.0,0.0,12.749166,77.300836,7.142857142857142,100,30.06,Low,False
534,Dakshina Kannada,5562,Bantval,217205.0,Chennaithodi,617535,Chennaithodi,1,12.0,80.0,0.0,13.022792,75.138835,7.142857142857142,100,30.06,Low,False
544,Mandya,5547,Nagamangala,219377.0,Haradanahalli,613911,Mylarapatna,1,12.0,80.0,0.0,12.494962,76.686864,7.142857142857142,100,30.06,Low,False
550,Uttara Kannada,5484,Ankola,220571.0,Belse,603379,Talgadde,1,12.0,80.0,0.0,14.551355,75.004479,7.142857142857142,100,30.06,Low,False
545,Mysuru,5570,Hunsur,219477.0,Gagenahalli,618478,Gudashettyhalli,1,6.0,100.0,0.0,12.733404,76.412969,7.142857142857142,100,29.96,Low,False
542,Kolar,5590,Srinivaspur,219058.0,Mastenahalli,621678,Kurubarahalli,1,6.0,100.0,0.0,12.87599,78.212123,7.142857142857142,100,29.96,Low,False
526,Bengaluru Rural,5603,Devanahalli,215440.0,Kundana,625283,Sulakunte,1,6.0,100.0,0.0,13.281315,77.511205,7.142857142857142,100,29.96,Low,False
542,Kolar,5590,Srinivaspur,219060.0,Muttakapali,621712,Peddapalli,1,6.0,100.0,0.0,13.158022,78.380916,7.142857142857142,100,29.96,Low,False
631,Bengaluru South,5607,Channapatna,215393.0,B.V.Hally,626284,Banduru Valagerehalli,1,6.0,100.0,0.0,12.422396,77.502292,7.142857142857142,100,29.96,Low,False
631,Bengaluru South,5605,Magadi,215547.0,Banavadi,625858,Shiraganahalli,1,6.0,100.0,0.0,12.632586,77.19411,7.142857142857142,100,29.96,Low,False
635,Yadgir,7095,Wadagera,272743.0,Tumakura,621205,Tumkur,1,6.0,100.0,0.0,16.529961,76.759371,7.142857142857142,100,29.96,Low,False
533,Chitradurga,5507,Hosdurga,217168.0,Kanchipura,606041,Mugilodu,1,6.0,100.0,0.0,14.09836,76.257714,7.142857142857142,100,29.96,Low,False
544,Mandya,5548,Pandavapura,219402.0,Honaganahalli,614128,Honaganahalli,1,6.0,100.0,0.0,12.697792,76.821331,7.142857142857142,100,29.96,Low,False
538,Kalaburagi,5580,Aland,217901.0,Kadaganchi,620071,Kadganchi,1,6.0,100.0,0.0,17.500774,77.634937,7.142857142857142,100,29.96,Low,False
542,Kolar,5590,Srinivaspur,219057.0,Lakshmisagara,621728,Shyagatur,1,6.0,100.0,0.0,12.998587,78.347283,7.142857142857142,100,29.96,Low,False
527,Belagavi,5437,Hukkeri,215922.0,Kotabagi,597603,Raxi,1,6.0,100.0,0.0,16.508441,74.780541,7.142857142857142,100,29.96,Low,False
545,Mysuru,5570,Hunsur,219489.0,Manuganahalli,618306,Manuganahalli,1,6.0,100.0,0.0,12.317099,76.623607,7.142857142857142,100,29.96,Low,False
538,Kalaburagi,5581,Afzalpur,273155.0,Tellur,620161,Awarad,1,6.0,100.0,0.0,17.330136,76.452702,7.142857142857142,100,29.96,Low,False
542,Kolar,5594,Mulbagal,219002.0,Hebbani,623054,Bangavadi,1,6.0,100.0,0.0,12.907929,78.125499,7.142857142857142,100,29.96,Low,False
630,Chikkaballapura,5595,Gauribidanur,218914.0,Taridalu,623362,Agraharahosahalli,2,9.0,60.0,0.0,13.571593,77.77272099999999,14.285714285714285,100,29.86,Low,False
635,Yadgir,5589,Yadgir,218195.0,Saidapur,621375,Kyathanhalli,1,17.0,60.0,0.0,16.543206,76.771748,7.142857142857142,100,29.81,Low,False
524,Bagalkote,5443,Jamkhandi,215257.0,Chikka-Padsalgi,598470,Kavatagi,1,17.0,60.0,0.0,16.076654,76.065477,7.142857142857142,100,29.81,Low,False
548,Tumakuru,5537,Tumakuru,220368.0,Hirehalli,611400,Chikkahalli,1,17.0,60.0,0.0,13.920544,75.571225,7.142857142857142,100,29.81,Low,False
524,Bagalkote,5446,Badami,215162.0,Kaknur,598722,Karalakoppa,1,17.0,60.0,0.0,16.173963,75.681058,7.142857142857142,100,29.81,Low,False
524,Bagalkote,7062,Ilkal,215229.0,Budihal S.K.,598968,Palti,1,17.0,60.0,0.0,16.329983,75.27732,7.142857142857142,100,29.81,Low,False
524,Bagalkote,5447,Bagalkot,215192.0,Kadampur,598787,Nakargundi,1,17.0,60.0,0.0,16.165921,75.648541,7.142857142857142,100,29.81,Low,False
548,Tumakuru,5537,Tumakuru,220377.0,Maidala,611382,Kondanayakanahalli,1,27.0,100.0,1.0,13.326271,77.100796,7.142857142857142,50,29.81,Low,False
525,Bengaluru Urban,5545,Anekal,215330.0,Mantapa,613141,Nallasandra,1,27.0,100.0,1.0,12.526001,77.371171,7.142857142857142,50,29.81,Low,False
548,Tumakuru,5537,Tumakuru,220359.0,Devalaapura,611313,Bittanakurike,1,17.0,60.0,0.0,13.344651,77.115667,7.142857142857142,100,29.81,Low,False
630,Chikkaballapura,5600,Chintamani,218877.0,Upparapet,624575,Upparapete,1,17.0,60.0,0.0,13.579281,77.777014,7.142857142857142,100,29.81,Low,False
541,Kodagu,5566,Madikeri,218670.0,Galibeedu,617823,Monnangeri,1,17.0,60.0,0.0,12.176125,75.793993,7.142857142857142,100,29.81,Low,False
531,Chamarajanagar,5576,Gundlupet,216729.0,Kodasoge,619541,Marihosahalli,1,17.0,60.0,0.0,11.913102,76.930687,7.142857142857142,100,29.81,Low,False
526,Bengaluru Rural,5603,Devanahalli,215431.0,Chennahalli,625438,Agalakote,1,17.0,60.0,0.0,12.973379,77.576223,7.142857142857142,100,29.81,Low,False
548,Tumakuru,5537,Tumakuru,220384.0,Urukere,611429,Oorukere,1,17.0,60.0,0.0,12.958342,77.414851,7.142857142857142,100,29.81,Low,False
631,Bengaluru South,5605,Magadi,215557.0,Kalarikaval,625922,Kalari,1,17.0,60.0,0.0,12.806733,77.377323,7.142857142857142,100,29.81,Low,False
542,Kolar,7002,Kolar Gold Field,218822.0,Vengasandra,622787,Mallapalli,1,17.0,60.0,0.0,12.859477,78.178156,7.142857142857142,100,29.81,Low,False
533,Chitradurga,5507,Hosdurga,217169.0,Kanguvalli,605894,Thippajjanahalli,1,17.0,60.0,0.0,14.238961,76.398004,7.142857142857142,100,29.81,Low,False
544,Mandya,5548,Pandavapura,219410.0,Manikana Halli,614075,Bellale,2,6.0,70.0,0.0,12.6909685,77.046888,14.285714285714285,100,29.81,Low,False
530,Vijayapura,7071,Devara Hipparagi,216654.0,Kerutagi,948553,Tirupatinagar,1,17.0,60.0,0.0,16.476142,75.697034,7.142857142857142,100,29.81,Low,False
548,Tumakuru,5538,Gubbi,220152.0,Nittur,611803,Benchagere,1,17.0,60.0,0.0,13.698499,77.39764,7.142857142857142,100,29.81,Low,False
548,Tumakuru,5536,Koratagere,220164.0,Chinnahalli,611188,Obanayakanapalya,1,17.0,60.0,0.0,13.17221,76.548613,7.142857142857142,100,29.81,Low,False
532,Chikkamagaluru,5531,Mudigere,216942.0,Tripura,609951,Bakki,1,17.0,60.0,0.0,12.131209,76.350811,7.142857142857142,100,29.81,Low,False
545,Mysuru,5569,Piriyapatna,219630.0,Malangi,618270,Ankanahalli,1,17.0,60.0,0.0,12.111156,76.523143,7.142857142857142,100,29.81,Low,False
545,Mysuru,5571,Krishnarajanagara,219501.0,Byadarahally,618645,Madhuvanahalli,1,17.0,60.0,0.0,12.336616,76.672939,7.142857142857142,100,29.81,Low,False
535,Davanagere,5512,Davanagere,217492.0,Lokikere,606686,Likikere,1,17.0,60.0,0.0,14.452373,75.921118,7.142857142857142,100,29.81,Low,False
548,Tumakuru,5532,Chiknayakanhalli,220098.0,Bellagulla,610066,Niruvagal,1,17.0,60.0,0.0,13.236525,76.384225,7.142857142857142,100,29.81,Low,False
547,Shivamogga,5520,Shivamogga,220013.0,Shettyhalli,608463,Malena Halli,1,17.0,60.0,0.0,13.941312,75.569932,7.142857142857142,100,29.81,Low,False
630,Chikkaballapura,5597,Gudibanda,218919.0,Somenahalli,623781,Ganganahalli,1,17.0,60.0,0.0,13.401902,77.709496,7.142857142857142,100,29.81,Low,False
550,Uttara Kannada,7064,Dandeli,220598.0,Alur,602753,Singatgeri,1,17.0,60.0,0.0,14.625263,74.852885,7.142857142857142,100,29.81,Low,False
630,Chikkaballapura,5595,Gauribidanur,218895.0,Kurubarahally,623266,Moorumanehalli,1,17.0,60.0,0.0,13.2498,76.533472,7.142857142857142,100,29.81,Low,False
538,Kalaburagi,5583,Chincholi,217939.0,Karchkhed,620453,Iragpalli,1,17.0,60.0,0.0,12.570932,77.374374,7.142857142857142,100,29.81,Low,False
630,Chikkaballapura,5596,Chikkaballapura,218840.0,Muddena Halli,623615,Gantiganahalli,1,17.0,60.0,0.0,13.251089,76.55014,7.142857142857142,100,29.81,Low,False
542,Kolar,5591,Kolar,218952.0,Sugatur,621920,Sugatur,1,17.0,60.0,0.0,13.181988,78.414987,7.142857142857142,100,29.81,Low,False
550,Uttara Kannada,5487,Honavar,220623.0,Hereangadi,603806,Herangadi,1,27.0,100.0,1.0,14.607474,74.860053,7.142857142857142,50,29.81,Low,False
550,Uttara Kannada,5487,Honavar,220631.0,Kharwa,603796,Kharwa,1,17.0,60.0,0.0,14.85394,74.14036,7.142857142857142,100,29.81,Low,False
534,Dakshina Kannada,5563,Beltangadi,217258.0,Kaliaya,617661,Kaliya,1,17.0,60.0,0.0,12.882445,74.862727,7.142857142857142,100,29.81,Low,False
539,Hassan,5555,Arsikere,218255.0,Dummenahalli,615719,Shankaranahalli,1,17.0,60.0,0.0,12.997317,76.114906,7.142857142857142,100,29.81,Low,False
542,Kolar,5593,Bangarapet,218813.0,Mava Halli,622491,Iythandahalli,1,17.0,60.0,0.0,12.921341,78.279509,7.142857142857142,100,29.81,Low,False
542,Kolar,5594,Mulbagal,218993.0,Balla,622928,Kumadenahalli,1,17.0,60.0,0.0,13.021048,78.330895,7.142857142857142,100,29.81,Low,False
547,Shivamogga,5515,Sagar,219933.0,Tumari,607345,Valagere,1,17.0,60.0,0.0,13.834728,75.703899,7.142857142857142,100,29.81,Low,False
542,Kolar,5594,Mulbagal,218997.0,Emmenatha,622960,Gottikunte,1,17.0,60.0,0.0,12.910833,78.276741,7.142857142857142,100,29.81,Low,False
527,Belagavi,5435,Raybag,216096.0,Nidgundi,597399,Nidagundi,1,17.0,60.0,0.0,15.864012,74.521103,7.142857142857142,100,29.81,Low,False
547,Shivamogga,5519,Tirthahalli,220086.0,Neraturu,608194,Beluru,1,17.0,60.0,0.0,13.919282,75.580004,7.142857142857142,100,29.81,Low,False
538,Kalaburagi,5583,Chincholi,273163.0,Garagapalli,620442,Garagpalli,1,17.0,60.0,0.0,16.851027,76.522667,7.142857142857142,100,29.81,Low,False
539,Hassan,5560,Channarayapatna,218366.0,Tagadur,617172,Kallesomanahalli,1,17.0,60.0,0.0,13.166724,76.3163,7.142857142857142,100,29.81,Low,False
550,Uttara Kannada,5479,Supa,220752.0,Pradhani,602707,Shiroli,1,17.0,60.0,0.0,15.348629,74.774656,7.142857142857142,100,29.81,Low,False
542,Kolar,5591,Kolar,218945.0,Marjenahalli,621997,Yalavara,1,17.0,60.0,0.0,12.933833,78.350144,7.142857142857142,100,29.81,Low,False
544,Mandya,5551,Maddur,219274.0,Sadolalu,614604,Borapura,1,17.0,60.0,0.0,12.388556,76.587835,7.142857142857142,100,29.81,Low,False
539,Hassan,5558,Arkalgud,218240.0,Santhemarur,616638,Shanbhoganahalli,1,17.0,60.0,0.0,12.831486,76.069558,7.142857142857142,100,29.81,Low,False
539,Hassan,5554,Belur,218302.0,Gonisomenahalli,615287,Rajagere,1,17.0,60.0,0.0,12.997352,76.115342,7.142857142857142,100,29.81,Low,False
548,Tumakuru,5541,Kunigal,220214.0,Yediyur,612488,Ragihalli,1,17.0,60.0,0.0,13.138729,76.27453,7.142857142857142,100,29.81,Low,False
550,Uttara Kannada,5483,Sirsi,220738.0,Unchalli,603291,Kabbe,1,17.0,60.0,0.0,14.95523,74.717888,7.142857142857142,100,29.81,Low,False
539,Hassan,5554,Belur,218320.0,Rajanasiriyur,615266,Rajanasiriyur,1,17.0,60.0,0.0,13.007376,76.20368,7.142857142857142,100,29.81,Low,False
545,Mysuru,5574,Nanjangud,219589.0,Karya,619161,Hadya,1,17.0,60.0,0.0,12.320325,76.643858,7.142857142857142,100,29.81,Low,False
539,Hassan,5559,Hole Narsipur,218412.0,Doddakadanur,617009,Bantarathalalu,1,11.0,80.0,0.0,12.760842,76.065479,7.142857142857142,100,29.71,Low,False
526,Bengaluru Rural,5604,Hosakote,215491.0,Muthsandra,625738,Muthasandra,1,11.0,80.0,0.0,12.717927,77.681136,7.142857142857142,100,29.71,Low,False
545,Mysuru,7098,Saraguru,219460.0,Mullur,619001,Basavanakote,1,11.0,80.0,0.0,12.291977,76.644418,7.142857142857142,100,29.71,Low,False
539,Hassan,5554,Belur,218299.0,Dabbe,615189,Karikihalli,1,11.0,80.0,0.0,12.951213,75.780823,7.142857142857142,100,29.71,Low,False
548,Tumakuru,5540,Turuvekere,220410.0,Sampige,612270,Sampige,1,11.0,80.0,0.0,13.351513,77.120155,7.142857142857142,100,29.71,Low,False
541,Kodagu,5567,Somvarpet,218700.0,Gowdalli,923963,Gondalli,2,8.5,60.0,0.0,12.4430515,75.9717185,14.285714285714285,100,29.69,Low,False
550,Uttara Kannada,5485,Kumta,220671.0,Kalbhag,603528,Kalbagh (Og),1,5.0,100.0,0.0,14.947794,74.73042,7.142857142857142,100,29.61,Low,False
546,Raichur,7403,Arakera,219690.0,Kothadoddi,600693,Malkamdinni,1,5.0,100.0,0.0,16.238324,77.352422,7.142857142857142,100,29.61,Low,False
547,Shivamogga,5515,Sagar,219923.0,Malve,607194,Sulagodu,1,5.0,100.0,0.0,13.91327,75.547141,7.142857142857142,100,29.61,Low,False
532,Chikkamagaluru,5529,Kadur,216867.0,Malleshwara,609505,Mallappanahalli (Rural),1,5.0,100.0,0.0,12.718771,76.942713,7.142857142857142,100,29.61,Low,False
542,Kolar,5594,Mulbagal,219012.0,Rajendrahalli,623048,Naganahalli,1,5.0,100.0,0.0,12.970686,78.249977,7.142857142857142,100,29.61,Low,False
535,Davanagere,5511,Jagalur,217629.0,Sokke,606382,Yerlakatte,1,5.0,100.0,0.0,14.495269,76.338149,7.142857142857142,100,29.61,Low,False
548,Tumakuru,5535,Madhugiri,220244.0,Maruvekere,610822,Lakshmipura,1,5.0,100.0,0.0,13.460456,76.535889,7.142857142857142,100,29.61,Low,False
544,Mandya,5548,Pandavapura,219403.0,Jakkanahalli,614058,Kawenahalli,1,5.0,100.0,0.0,12.477052,77.047042,7.142857142857142,100,29.61,Low,False
630,Chikkaballapura,5599,Sidlaghatta,219042.0,Thummanahalli,624226,Doddadasarahalli,1,5.0,100.0,0.0,13.590823,77.791329,7.142857142857142,100,29.61,Low,False
542,Kolar,7002,Kolar Gold Field,218815.0,Paranda Halli,622752,Batavarahalli,1,5.0,100.0,0.0,12.979146,78.1784,7.142857142857142,100,29.61,Low,False
542,Kolar,5591,Kolar,218935.0,Holur,621946,Havalegowdana Hosur,1,5.0,100.0,0.0,13.340284,78.227989,7.142857142857142,100,29.61,Low,False
631,Bengaluru South,5607,Channapatna,215395.0,Bevoor,626202,Bevooru,1,5.0,100.0,0.0,12.459456,77.326422,7.142857142857142,100,29.61,Low,False
545,Mysuru,5575,Tirumakudal - Narsipur,219646.0,Hegguru,619330,Nanjapura,1,5.0,100.0,0.0,11.609041,76.192438,7.142857142857142,100,29.61,Low,False
542,Kolar,7002,Kolar Gold Field,218806.0,Kammasandra,622742,Kattampalli,1,5.0,100.0,0.0,12.870873,78.012169,7.142857142857142,100,29.61,Low,False
529,Bidar,5457,Bidar,216420.0,Kaplapur (A),600198,Kolhar (B),1,5.0,100.0,0.0,17.944802,77.337021,7.142857142857142,100,29.61,Low,False
548,Tumakuru,5537,Tumakuru,220374.0,Kesaramadu,611392,Bommanahalli,1,5.0,100.0,0.0,13.339286,76.379306,7.142857142857142,100,29.61,Low,False
531,Chamarajanagar,5577,Chamarajanagar,216686.0,Honnalli,619724,Narasamangala,2,8.0,60.0,0.0,11.9122065,76.9185235,14.285714285714285,100,29.51,Low,False
542,Kolar,7002,Kolar Gold Field,218812.0,Marikuppam,622817,Keerthikuppa,1,16.0,60.0,0.0,12.962836,78.269171,7.142857142857142,100,29.46,Low,False
545,Mysuru,5571,Krishnarajanagara,219520.0,Mavattur,618652,Madahalli,1,16.0,60.0,0.0,12.198779,76.497107,7.142857142857142,100,29.46,Low,False
544,Mandya,5547,Nagamangala,219371.0,Chinya,614024,Gangavadi,1,16.0,60.0,0.0,12.41049,76.57216,7.142857142857142,100,29.46,Low,False
547,Shivamogga,5518,Hosanagara,219880.0,Chikkajeni,607925,Muthala,1,16.0,60.0,0.0,14.159652,75.01754,7.142857142857142,100,29.46,Low,False
533,Chitradurga,5503,Molakalmuru,217186.0,Hangal,605189,Katanaikanahalli,1,16.0,60.0,0.0,14.140554,76.263104,7.142857142857142,100,29.46,Low,False
545,Mysuru,5573,Heggadadevankote,219436.0,Alanahalli,618921,Devalapura,1,16.0,60.0,0.0,12.267947,76.649426,7.142857142857142,100,29.46,Low,False
542,Kolar,5594,Mulbagal,219016.0,Urukuntemittur,622945,Minajenahalli,1,16.0,60.0,0.0,13.061669,78.441544,7.142857142857142,100,29.46,Low,False
547,Shivamogga,5521,Bhadravati,219855.0,Kallahalli,608634,Somenakoppa,1,16.0,60.0,0.0,13.914982,75.615319,7.142857142857142,100,29.46,Low,False
539,Hassan,5555,Arsikere,218265.0,Jayachamarajapura,615653,Jayachamarajapura,1,16.0,60.0,0.0,13.022536,76.099502,7.142857142857142,100,29.46,Low,False
539,Hassan,5554,Belur,218315.0,Lakkunda,615154,Surukodu,1,16.0,60.0,0.0,12.919209,76.389977,7.142857142857142,100,29.46,Low,False
542,Kolar,5591,Kolar,218953.0,Sulur,621816,Parapanahalli,1,16.0,60.0,0.0,13.139601,78.125117,7.142857142857142,100,29.46,Low,False
527,Belagavi,5439,Khanapur,215956.0,Gunji,597931,Kirawale (K.G.),1,16.0,60.0,0.0,16.51054,74.763448,7.142857142857142,100,29.46,Low,False
535,Davanagere,5509,Harihar,217560.0,Yelavatti,606257,Lakkasettihalli,1,16.0,60.0,0.0,14.335118,75.742566,7.142857142857142,100,29.46,Low,False
544,Mandya,5550,Mandya,219356.0,Shivalli,614415,Goravale,1,16.0,60.0,0.0,12.892441,76.632811,7.142857142857142,100,29.46,Low,False
539,Hassan,5555,Arsikere,218271.0,Karagunda,615512,Karagunda,1,16.0,60.0,0.0,13.007651,76.118184,7.142857142857142,100,29.46,Low,False
548,Tumakuru,5533,Sira,220289.0,Bevinahalli,610315,Bevinahalli,1,16.0,60.0,0.0,13.170276,76.263506,7.142857142857142,100,29.46,Low,False
547,Shivamogga,5520,Shivamogga,219997.0,Kommanalu,608435,Kommanalu,1,16.0,60.0,0.0,13.838933,75.693754,7.142857142857142,100,29.46,Low,False
527,Belagavi,7105,Nippani,215830.0,Shiradawad,597154,Shiradwad,1,16.0,60.0,0.0,15.834077,74.528688,7.142857142857142,100,29.46,Low,False
631,Bengaluru South,5605,Magadi,215563.0,Madigondanahalli,625886,Ombathanakunte,1,16.0,60.0,0.0,12.553368,77.412842,7.142857142857142,100,29.46,Low,False
531,Chamarajanagar,5577,Chamarajanagar,216674.0,Bisalavadi,619746,Bevinathalapura,1,16.0,60.0,0.0,11.941105,76.943335,7.142857142857142,100,29.46,Low,False
547,Shivamogga,5517,Shikarpur,219978.0,Tharalagatta,607835,Nandihalli,1,16.0,60.0,0.0,14.154714,75.020514,7.142857142857142,100,29.46,Low,False
543,Koppal,5466,Gangawati,219087.0,Hosakera,601647,Hosekera,1,16.0,60.0,0.0,15.773664,76.177775,7.142857142857142,100,29.46,Low,False
530,Vijayapura,5453,Muddebihal,216617.0,Madikeshwar,599593,Gudihal,1,16.0,60.0,0.0,16.664824,75.574799,7.142857142857142,100,29.46,Low,False
550,Uttara Kannada,5482,Mundgod,220688.0,Kodambi,603064,Veerapur,1,16.0,60.0,0.0,15.435077,74.510234,7.142857142857142,100,29.46,Low,False
533,Chitradurga,5507,Hosdurga,217171.0,Kellodu,605902,Mettinahole,1,16.0,60.0,0.0,12.993236,77.567706,7.142857142857142,100,29.46,Low,False
548,Tumakuru,5541,Kunigal,220198.0,Kodigehalli,612650,Kodagihalli,1,16.0,60.0,0.0,13.329894,77.107133,7.142857142857142,100,29.46,Low,False
550,Uttara Kannada,5478,Karwar,220647.0,Devalmakki,602619,Devalmakki,1,16.0,60.0,0.0,14.608914,74.848178,7.142857142857142,100,29.46,Low,False
528,Ballari,7109,Kurugodu,216141.0,Yelabenchi,604873,Yelubemchi,1,16.0,60.0,0.0,15.133858,76.913669,7.142857142857142,100,29.46,Low,False
529,Bidar,5458,Homnabad,216453.0,Madargaon,600287,Malkapur,1,16.0,60.0,0.0,17.817949,76.841432,7.142857142857142,100,29.46,Low,False
539,Hassan,5558,Arkalgud,218243.0,Vijapura Forest,616514,Dharmapura,1,16.0,60.0,0.0,13.207105,75.980367,7.142857142857142,100,29.46,Low,False
539,Hassan,5560,Channarayapatna,218336.0,Byadarahalli,617153,Kallu Mallenahalli,1,16.0,60.0,0.0,13.307083,76.243069,7.142857142857142,100,29.46,Low,False
539,Hassan,5560,Channarayapatna,218335.0,Belagihallli,617289,Kattigehalli,1,16.0,60.0,0.0,12.960317,75.782432,7.142857142857142,100,29.46,Low,False
539,Hassan,5560,Channarayapatna,218345.0,Janivara,617216,Jattenahalli,1,16.0,60.0,0.0,13.308268,76.251263,7.142857142857142,100,29.46,Low,False
531,Chamarajanagar,5578,Yelandur,216787.0,Yeragamballi,619811,Yeragamballi,1,16.0,60.0,0.0,11.911039,76.932235,7.142857142857142,100,29.46,Low,False
544,Mandya,5548,Pandavapura,219391.0,Aralakuppe,614151,Seethapura,1,16.0,60.0,0.0,12.648706,76.907276,7.142857142857142,100,29.46,Low,False
631,Bengaluru South,5607,Channapatna,215403.0,J.Byadarahally,626322,Karekoppa,1,16.0,60.0,0.0,12.742445,77.29518,7.142857142857142,100,29.46,Low,False
544,Mandya,5548,Pandavapura,219400.0,Haravoo,614153,Haravu,1,16.0,60.0,0.0,12.719095,76.820527,7.142857142857142,100,29.46,Low,False
548,Tumakuru,5536,Koratagere,220179.0,Yelerampura,611205,D.Nagenahalli,1,16.0,60.0,0.0,13.498984,77.128405,7.142857142857142,100,29.46,Low,False
548,Tumakuru,5539,Tiptur,220324.0,Araluguppe,612062,Ayarahalli,1,16.0,60.0,0.0,13.248249,76.532288,7.142857142857142,100,29.46,Low,False
548,Tumakuru,5540,Turuvekere,220414.0,Talakere,612225,Pura Amanikere,1,16.0,60.0,0.0,13.923045,75.587646,7.142857142857142,100,29.46,Low,False
548,Tumakuru,5540,Turuvekere,220416.0,Vadavanaghata,612392,Doddamargonahalli,1,16.0,60.0,0.0,14.257143,77.058787,7.142857142857142,100,29.46,Low,False
530,Vijayapura,7074,Tikota,216510.0,Arakeri,599039,Arakeri,1,16.0,60.0,0.0,16.830436,75.721422,7.142857142857142,100,29.46,Low,False
535,Davanagere,5511,Jagalur,217625.0,Kechhenahalli,606421,Byranaikanahalli,1,10.0,80.0,0.0,14.164896,76.006977,7.142857142857142,100,29.36,Low,False
524,Bagalkote,5446,Badami,215160.0,Jalihal,598767,Jalihal,1,10.0,80.0,0.0,16.34545,75.268861,7.142857142857142,100,29.36,Low,False
542,Kolar,5594,Mulbagal,218990.0,Amblikal,622875,Kunibande,1,10.0,80.0,0.0,12.940498,78.277394,7.142857142857142,100,29.36,Low,False
630,Chikkaballapura,5599,Sidlaghatta,219044.0,Y. Hunasenahalli,624199,Nallenahalli,1,10.0,80.0,0.0,13.384214,77.71291,7.142857142857142,100,29.36,Low,False
539,Hassan,5553,Sakleshpur,218455.0,Udevara,614936,Mathigalale,1,10.0,80.0,0.0,13.331966,76.275955,7.142857142857142,100,29.36,Low,False
538,Kalaburagi,5584,Sedam,218078.0,Mudhol,620561,Mudhole,1,10.0,80.0,0.0,17.342557,76.826683,7.142857142857142,100,29.36,Low,False
548,Tumakuru,5535,Madhugiri,220228.0,Doddamaalur,610939,Dasarahalli,1,10.0,80.0,0.0,13.22546,76.3681,7.142857142857142,100,29.36,Low,False
542,Kolar,5590,Srinivaspur,219062.0,Nelavanki,621481,Gollapalli. K,1,10.0,80.0,0.0,13.163535,78.153561,7.142857142857142,100,29.36,Low,False
532,Chikkamagaluru,7078,Ajjampura,216977.0,Bukkambudi,609258,Danayakapura,2,7.5,60.0,0.0,12.137895,76.339137,14.285714285714285,100,29.34,Low,False
532,Chikkamagaluru,5529,Kadur,216840.0,Banur,609632,Manjihalli,1,4.0,100.0,0.0,12.694343,76.947204,7.142857142857142,100,29.26,Low,False
534,Dakshina Kannada,5564,Puttur,217344.0,Balnadu,617731,Balnadu (Rural),1,4.0,100.0,0.0,12.540896,75.037132,7.142857142857142,100,29.26,Low,False
548,Tumakuru,5537,Tumakuru,220370.0,Honasigere,611525,Chikkapura,1,4.0,100.0,0.0,13.685068,77.070395,7.142857142857142,100,29.26,Low,False
548,Tumakuru,5541,Kunigal,220186.0,D.Hosahalli,612714,Hasige Hobli,1,4.0,100.0,0.0,13.63048,76.923998,7.142857142857142,100,29.26,Low,False
546,Raichur,5460,Devadurga,219687.0,Karadigudda,600612,Nilvanji,1,4.0,100.0,0.0,16.233415,77.364229,7.142857142857142,100,29.26,Low,False
526,Bengaluru Rural,5601,Nelamangala,215583.0,Kalalaghatta,624820,Narasapura,1,4.0,100.0,0.0,13.312375,77.502402,7.142857142857142,100,29.26,Low,False
539,Hassan,5554,Belur,218298.0,Chikkamedur,615187,Gabbalagodu,1,4.0,100.0,0.0,12.76137,76.036646,7.142857142857142,100,29.26,Low,False
542,Kolar,5591,Kolar,218933.0,Honnenahalli,622028,Kodi Ramasandra,1,4.0,100.0,0.0,13.069904,78.408636,7.142857142857142,100,29.26,Low,False
550,Uttara Kannada,5483,Sirsi,220734.0,Neggu,603193,Bommanalli,1,4.0,100.0,0.0,15.432398,74.47653,7.142857142857142,100,29.26,Low,False
542,Kolar,5590,Srinivaspur,219052.0,J. Thimmasandra,621645,Srinivaspur Amanikere,1,4.0,100.0,0.0,13.163,78.401517,7.142857142857142,100,29.26,Low,False
536,Dharwad,5473,Dharwad,217659.0,Nigadi,602279,Baad,1,4.0,100.0,0.0,15.120249,75.378041,7.142857142857142,100,29.26,Low,False
545,Mysuru,5574,Nanjangud,219601.0,Rampura,619182,Rampura,1,4.0,100.0,0.0,12.736602,76.396903,7.142857142857142,100,29.26,Low,False
532,Chikkamagaluru,5529,Kadur,216888.0,Vokkalagere,609442,Yaradakere.G,1,15.0,60.0,0.0,12.72355,76.949343,7.142857142857142,100,29.11,Low,False
544,Mandya,5552,Malavalli,219286.0,Chikkamulagudu,614659,Anasale,1,15.0,60.0,0.0,12.700405,77.063775,7.142857142857142,100,29.11,Low,False
635,Yadgir,7094,Gurmitakal,218162.0,Ajlapur,621369,Badepalli,1,15.0,60.0,0.0,16.43938,76.52839,7.142857142857142,100,29.11,Low,False
539,Hassan,5556,Hassan,218384.0,Jagaravalli,616215,Junjanahalli,1,15.0,60.0,0.0,13.138463,76.288413,7.142857142857142,100,29.11,Low,False
527,Belagavi,5434,Athni,215667.0,Telsang,597327,Telsang,1,15.0,60.0,0.0,15.923692,74.518944,7.142857142857142,100,29.11,Low,False
630,Chikkaballapura,5599,Sidlaghatta,219032.0,Kundalagurki,624157,Chikkapapanahalli,1,15.0,60.0,0.0,13.27125,76.559176,7.142857142857142,100,29.11,Low,False
535,Davanagere,5514,Channagiri,217416.0,Guddada Kumarana Halli,606902,Madhuranaikanahalli,1,15.0,60.0,0.0,14.434148,75.926142,7.142857142857142,100,29.11,Low,False
535,Davanagere,7076,Nyamathi,217573.0,Chinnikatte,606720,Savagondanahalli,1,15.0,60.0,0.0,14.350423,75.72562,7.142857142857142,100,29.11,Low,False
547,Shivamogga,5516,Sorab,220047.0,Shakunavalli,607388,Sabara,1,15.0,60.0,0.0,13.829477,75.710511,7.142857142857142,100,29.11,Low,False
542,Kolar,5593,Bangarapet,218795.0,Doddur Karapanahally,622844,Doddur Karpanhalli Plantation (Og),1,15.0,60.0,0.0,12.938866,78.259927,7.142857142857142,100,29.11,Low,False
532,Chikkamagaluru,5529,Kadur,216848.0,Chikkangala,609378,Outhanahalli,1,15.0,60.0,0.0,12.114133,76.3491,7.142857142857142,100,29.11,Low,False
544,Mandya,5547,Nagamangala,219370.0,Bogadhi,613972,Maranayakanahalli,1,15.0,60.0,0.0,12.581114,76.834296,7.142857142857142,100,29.11,Low,False
537,Gadag,5471,Shirahatti,217861.0,Tarikoppa,602120,Tarikoppa,1,15.0,60.0,0.0,15.429045,75.656773,7.142857142857142,100,29.11,Low,False
548,Tumakuru,5537,Tumakuru,220357.0,Bugudanahalli,611282,Mudigere,1,15.0,60.0,0.0,13.141918,76.287165,7.142857142857142,100,29.11,Low,False
530,Vijayapura,5449,Vijayapura,216509.0,Aliyabad,599076,Aliyabad,1,15.0,60.0,0.0,16.501571,75.682176,7.142857142857142,100,29.11,Low,False
538,Kalaburagi,5584,Sedam,218067.0,Kanagadda,620587,Yenagundi,1,15.0,60.0,0.0,17.199364,76.535125,7.142857142857142,100,29.11,Low,False
533,Chitradurga,5506,Holalkere,217125.0,Chikka Yemmiganur,605658,Kodagavalli,1,15.0,60.0,0.0,14.149295,76.260186,7.142857142857142,100,29.11,Low,False
527,Belagavi,7105,Nippani,215791.0,Galataga,597165,Bhimapurwadi,1,15.0,60.0,0.0,16.236145,74.783164,7.142857142857142,100,29.11,Low,False
538,Kalaburagi,5583,Chincholi,273165.0,Jattur,620470,Jettur,1,15.0,60.0,0.0,17.359498,76.850155,7.142857142857142,100,29.11,Low,False
540,Haveri,5490,Savanur,218634.0,Mantrodi,603976,Mantrodi,1,15.0,60.0,0.0,14.407764,75.497262,7.142857142857142,100,29.11,Low,False
534,Dakshina Kannada,5562,Bantval,217222.0,Meramajalu,617558,Kodman,1,15.0,60.0,0.0,12.895361,74.857516,7.142857142857142,100,29.11,Low,False
527,Belagavi,7099,Mudalgi,216048.0,Hanamapur,597449,Hanamapur,1,15.0,60.0,0.0,16.219048,74.602828,7.142857142857142,100,29.11,Low,False
542,Kolar,7002,Kolar Gold Field,218797.0,Gatta Kamadena Hally,622738,Peddampalli,1,15.0,60.0,0.0,13.008846,77.940056,7.142857142857142,100,29.11,Low,False
539,Hassan,5554,Belur,218317.0,Malasavara,615115,Gurgihalli,1,15.0,60.0,0.0,12.991088,76.116674,7.142857142857142,100,29.11,Low,False
527,Belagavi,5439,Khanapur,215981.0,Nagargali,597980,Nagaragali,1,15.0,60.0,0.0,16.636324,74.872144,7.142857142857142,100,29.11,Low,False
538,Kalaburagi,5583,Chincholi,273163.0,Garagapalli,620439,Pardarmotakpalli,1,15.0,60.0,0.0,17.275592,77.019494,7.142857142857142,100,29.11,Low,False
534,Dakshina Kannada,7102,Moodubidire,217329.0,Shirthady,617470,Moodukonaje,1,15.0,60.0,0.0,12.892715,74.861031,7.142857142857142,100,29.11,Low,False
527,Belagavi,5438,Belagavi,215694.0,Hosa Vantamari,597673,Ramdurg,1,15.0,60.0,0.0,15.605528,74.806397,7.142857142857142,100,29.11,Low,False
527,Belagavi,5438,Belagavi,215688.0,Desur,597746,Desur,1,15.0,60.0,0.0,15.583356,74.565762,7.142857142857142,100,29.11,Low,False
538,Kalaburagi,5582,Kalaburagi,218000.0,Heroor B,620308,Herur (B),1,15.0,60.0,0.0,17.563246,76.575389,7.142857142857142,100,29.11,Low,False
544,Mandya,5546,Krishnarajpet,219223.0,Kikkeri,613403,Kallanakere,1,15.0,60.0,0.0,12.341436,76.95132,7.142857142857142,100,29.11,Low,False
527,Belagavi,5438,Belagavi,215712.0,Nilaji,597765,Nilaji,1,15.0,60.0,0.0,15.872429,74.498165,7.142857142857142,100,29.11,Low,False
530,Vijayapura,5453,Muddebihal,216620.0,Nagabenal,599679,Bachihal,1,15.0,60.0,0.0,16.338909,75.908431,7.142857142857142,100,29.11,Low,False
530,Vijayapura,7069,Babaleshwar,216519.0,Gunadal,599141,Babalad,1,15.0,60.0,0.0,16.812773,75.707981,7.142857142857142,100,29.11,Low,False
542,Kolar,5590,Srinivaspur,219068.0,Yeldur,621715,Seegehalli,1,15.0,60.0,0.0,13.155278,78.148741,7.142857142857142,100,29.11,Low,False
535,Davanagere,5509,Harihar,217556.0,Rajanahalli,606254,Ramathirtha,1,15.0,60.0,0.0,14.453908,75.925037,7.142857142857142,100,29.11,Low,False
544,Mandya,5546,Krishnarajpet,219218.0,Ganjigere,613674,Bukahallikoppalu,1,15.0,60.0,0.0,12.595168,77.057103,7.142857142857142,100,29.11,Low,False
630,Chikkaballapura,5598,Bagepalli,218767.0,Ghantumvaripalli,623832,Abakavaripalli,1,15.0,60.0,0.0,13.267962,76.541664,7.142857142857142,100,29.11,Low,False
526,Bengaluru Rural,5604,Hosakote,272725.0,Chokkahalli,625697,Malimakanapura,1,15.0,60.0,0.0,12.978327,77.812092,7.142857142857142,100,29.11,Low,False
542,Kolar,5592,Malur,218982.0,Rajenahalli,939555,Kasavanahatti,1,15.0,60.0,0.0,13.551127,78.340936,7.142857142857142,100,29.11,Low,False
539,Hassan,5556,Hassan,218375.0,Doddagenigere,616060,Gendekatte Forest,1,15.0,60.0,0.0,12.916482,76.375138,7.142857142857142,100,29.11,Low,False
527,Belagavi,5437,Hukkeri,215917.0,Karaguppi,597661,Karguppi,1,15.0,60.0,0.0,16.486587,74.778878,7.142857142857142,100,29.11,Low,False
536,Dharwad,5476,Kalghatgi,217709.0,Surashettikoppa,602493,Surasettikoppa,1,15.0,60.0,0.0,14.428485,75.903361,7.142857142857142,100,29.11,Low,False
536,Dharwad,5476,Kalghatgi,217688.0,Beeravalli,602516,Rajivanagar,1,15.0,60.0,0.0,15.278509,75.237437,7.142857142857142,100,29.11,Low,False
536,Dharwad,5476,Kalghatgi,217707.0,Sangameshwar,602473,Sangameshwar,1,15.0,60.0,0.0,15.467971,74.994674,7.142857142857142,100,29.11,Low,False
635,Yadgir,7094,Gurmitakal,218174.0,Gajarkot,621260,Devarahalli,1,15.0,60.0,0.0,16.771467,77.149347,7.142857142857142,100,29.11,Low,False
547,Shivamogga,5515,Sagar,219936.0,Yadajigalemane,607312,Benkatavalli,1,15.0,60.0,0.0,13.918281,75.562471,7.142857142857142,100,29.11,Low,False
538,Kalaburagi,5580,Aland,217900.0,Jidaga,620027,Jamga.J,1,15.0,60.0,0.0,17.330311,76.795499,7.142857142857142,100,29.11,Low,False
538,Kalaburagi,5581,Afzalpur,217880.0,Koganoor,620145,Goudgaon,1,15.0,60.0,0.0,17.369409,76.566231,7.142857142857142,100,29.11,Low,False
542,Kolar,5593,Bangarapet,218788.0,Balamande,622593,Yerragola,1,15.0,60.0,0.0,12.937245,78.364019,7.142857142857142,100,29.11,Low,False
526,Bengaluru Rural,5604,Hosakote,215475.0,Bylanarasapura,625567,Bylanarasapura,1,15.0,60.0,0.0,13.302799,77.498779,7.142857142857142,100,29.11,Low,False
526,Bengaluru Rural,5602,Doddaballapura,215462.0,Kantanakunte,625039,Tapasihalli,1,15.0,60.0,0.0,13.187025,77.781471,7.142857142857142,100,29.11,Low,False
545,Mysuru,5570,Hunsur,219492.0,Neralakuppe,618367,Kallaboochahalli,1,15.0,60.0,0.0,12.309119,76.656848,7.142857142857142,100,29.11,Low,False
538,Kalaburagi,5586,Jevargi,218036.0,Ganwar,620871,Mudbal (B),2,1.0,80.0,0.0,17.373686999999997,76.9580205,14.285714285714285,100,29.06,Low,False
547,Shivamogga,5519,Tirthahalli,220072.0,Heggodu,608292,Yadamane,1,9.0,80.0,0.0,14.575745,75.166962,7.142857142857142,100,29.01,Low,False
538,Kalaburagi,5585,Chittapur,217968.0,Halkatta,620682,Halkatta,1,9.0,80.0,0.0,17.313154,76.449959,7.142857142857142,100,29.01,Low,False
548,Tumakuru,5535,Madhugiri,220221.0,Chandragiri,610744,Sarjammanahalli,1,9.0,80.0,0.0,13.165058,76.542314,7.142857142857142,100,29.01,Low,False
538,Kalaburagi,5581,Afzalpur,217866.0,Atanoor,620153,Atnoor,1,9.0,80.0,0.0,12.568053,77.352139,7.142857142857142,100,29.01,Low,False
545,Mysuru,5574,Nanjangud,219596.0,Maraluru,619187,Echagalli,1,9.0,80.0,0.0,11.991118,76.226644,7.142857142857142,100,29.01,Low,False
536,Dharwad,5476,Kalghatgi,217692.0,Devalingekoppa,602436,Devalingikoppa,1,9.0,80.0,0.0,15.5714,75.335699,7.142857142857142,100,29.01,Low,False
527,Belagavi,5437,Hukkeri,215902.0,Borgal,597564,Borgal,1,9.0,80.0,0.0,15.887665,74.535493,7.142857142857142,100,29.01,Low,False
548,Tumakuru,5541,Kunigal,220213.0,Yedavani,612690,Yadavanne,1,9.0,80.0,0.0,14.044308,77.178232,7.142857142857142,100,29.01,Low,False
533,Chitradurga,5505,Chitradurga,217053.0,Alaghatta,605536,Siddavvanahalli,1,9.0,80.0,0.0,12.994535,77.549072,7.142857142857142,100,29.01,Low,False
536,Dharwad,5476,Kalghatgi,217687.0,Bammigatti,602512,Bammigatti,2,25.0,70.0,1.0,15.164064,74.9698625,14.285714285714285,50,28.96,Low,False
548,Tumakuru,5536,Koratagere,220171.0,Kyamenahalli,611115,Kyamenahalli,1,3.0,100.0,0.0,13.521563,76.433548,7.142857142857142,100,28.91,Low,False
548,Tumakuru,5538,Gubbi,220133.0,Doddagunni,611762,Badavana Palya,1,3.0,100.0,0.0,13.503471,77.12672,7.142857142857142,100,28.91,Low,False
635,Yadgir,7096,Hunasagi,218125.0,Bailakunti,620974,Bamangud,1,3.0,100.0,0.0,16.715493,76.817856,7.142857142857142,100,28.91,Low,False
542,Kolar,5594,Mulbagal,219015.0,Thimmaravuthanahalli,623152,Chukkanahalli,1,3.0,100.0,0.0,13.004724,78.348489,7.142857142857142,100,28.91,Low,False
630,Chikkaballapura,5597,Gudibanda,218921.0,Ullodu,623729,Egenahalli,1,3.0,100.0,0.0,13.245824,76.530624,7.142857142857142,100,28.91,Low,False
547,Shivamogga,5518,Hosanagara,219879.0,Belluru,607959,Dobylu,1,3.0,100.0,0.0,14.175075,75.045194,7.142857142857142,100,28.91,Low,False
542,Kolar,5593,Bangarapet,218811.0,Magondi,622534,Chickkakarapanahalli,1,3.0,100.0,0.0,12.971759,78.271223,7.142857142857142,100,28.91,Low,False
630,Chikkaballapura,5598,Bagepalli,218768.0,Gorthapalli,623803,Sajjupalli,1,3.0,100.0,0.0,13.40713,77.705648,7.142857142857142,100,28.91,Low,False
532,Chikkamagaluru,7078,Ajjampura,216995.0,Koratikere,609318,Somenahalli,1,3.0,100.0,0.0,12.141281,76.333049,7.142857142857142,100,28.91,Low,False
526,Bengaluru Rural,5604,Hosakote,215483.0,Ittasandra,625471,Esthur Amanikere,1,3.0,100.0,0.0,12.870252,77.785423,7.142857142857142,100,28.91,Low,False
547,Shivamogga,5518,Hosanagara,219882.0,Haridravathi,607918,Heelagodu,1,3.0,100.0,0.0,12.987643,77.955976,7.142857142857142,100,28.91,Low,False
548,Tumakuru,5534,Pavagada,220265.0,Kamanadurga,610534,Soolanaikanahalli,1,3.0,100.0,0.0,13.364325,77.114218,7.142857142857142,100,28.91,Low,False
548,Tumakuru,5534,Pavagada,220277.0,Rajavanthi,610642,Kanivenahalli,1,3.0,100.0,0.0,13.624184,76.918527,7.142857142857142,100,28.91,Low,False
630,Chikkaballapura,5596,Chikkaballapura,218832.0,Gollahalli,623513,Yalagere,1,3.0,100.0,0.0,13.395648,77.683774,7.142857142857142,100,28.91,Low,False
545,Mysuru,5573,Heggadadevankote,219440.0,Beechanahalli,619025,Beechanahalli,1,30.0,80.0,1.0,12.28308,76.681219,7.142857142857142,50,28.86,Low,False
524,Bagalkote,7062,Ilkal,215238.0,Hire-Oatgeri,599011,Hire-Otageri,1,14.0,60.0,0.0,15.912973,75.658986,7.142857142857142,100,28.76,Low,False
532,Chikkamagaluru,5527,Narasimharajapura,216957.0,Seethur,609080,Seethur,1,14.0,60.0,0.0,12.104148,76.316417,7.142857142857142,100,28.76,Low,False
524,Bagalkote,5446,Badami,215166.0,Kulageri Cross,598712,Somanakoppa,1,14.0,60.0,0.0,16.111074,75.656396,7.142857142857142,100,28.76,Low,False
548,Tumakuru,5537,Tumakuru,220382.0,Nidavallalu,939248,Honnenahalli .,1,14.0,60.0,0.0,13.194067,76.58559,7.142857142857142,100,28.76,Low,False
542,Kolar,5590,Srinivaspur,219053.0,Kodipalli,621455,Bathalaguttapalli,1,14.0,60.0,0.0,13.015494,78.336297,7.142857142857142,100,28.76,Low,False
545,Mysuru,5574,Nanjangud,219596.0,Maraluru,619186,Goddanapura,1,14.0,60.0,0.0,12.307254,76.661688,7.142857142857142,100,28.76,Low,False
542,Kolar,7002,Kolar Gold Field,218820.0,T Gollahalli,622699,Jaimangala,1,14.0,60.0,0.0,13.356258,78.206459,7.142857142857142,100,28.76,Low,False
531,Chamarajanagar,7077,Hanur,216741.0,Bandahalli,619855,Bandalli,1,14.0,60.0,0.0,11.909617,76.920228,7.142857142857142,100,28.76,Low,False
548,Tumakuru,5541,Kunigal,220194.0,Kaggere,612477,Dasanapura,1,14.0,60.0,0.0,13.656814,77.063095,7.142857142857142,100,28.76,Low,False
545,Mysuru,5575,Tirumakudal - Narsipur,219653.0,Kiragasuru,619400,Danayakanapura,1,14.0,60.0,0.0,12.192992,76.398768,7.142857142857142,100,28.76,Low,False
538,Kalaburagi,7089,Yadrami,218052.0,Malli,620805,Malli,1,14.0,60.0,0.0,17.134922,77.067901,7.142857142857142,100,28.76,Low,False
548,Tumakuru,5538,Gubbi,220150.0,Mukanahalli Patana,611817,Doddanetagunte,1,14.0,60.0,0.0,13.346002,77.119319,7.142857142857142,100,28.76,Low,False
533,Chitradurga,5505,Chitradurga,217057.0,Bheemasamudra,605567,Bheemasamudra,1,14.0,60.0,0.0,14.232278,76.409258,7.142857142857142,100,28.76,Low,False
533,Chitradurga,5506,Holalkere,217123.0,B.Durga,605639,B.Durga,1,14.0,60.0,0.0,14.121061,76.264112,7.142857142857142,100,28.76,Low,False
539,Hassan,5553,Sakleshpur,218453.0,Malali,614890,Kollahalli,1,14.0,60.0,0.0,12.765531,76.25907,7.142857142857142,100,28.76,Low,False
531,Chamarajanagar,5577,Chamarajanagar,216703.0,Sagade,619705,Kanchanahalli,1,14.0,60.0,0.0,11.93672,76.912781,7.142857142857142,100,28.76,Low,False
545,Mysuru,7098,Saraguru,219442.0,Bidarahalli,619078,Singapatna,1,14.0,60.0,0.0,12.025735,76.782288,7.142857142857142,100,28.76,Low,False
550,Uttara Kannada,5483,Sirsi,220739.0,Vanalli,603107,Vanalli,1,14.0,60.0,0.0,14.89218,74.328083,7.142857142857142,100,28.76,Low,False
545,Mysuru,7230,Saligrama,219524.0,Munjanahally,618568,Gerudada,1,14.0,60.0,0.0,12.26859,76.631785,7.142857142857142,100,28.76,Low,False
539,Hassan,5553,Sakleshpur,218451.0,Kyamanahalli,614857,Hadige,1,14.0,60.0,0.0,12.774408,76.052893,7.142857142857142,100,28.76,Low,False
527,Belagavi,5440,Bailahongala,215747.0,Holihosur,598065,Holihosur,1,14.0,60.0,0.0,16.550695,74.669098,7.142857142857142,100,28.76,Low,False
550,Uttara Kannada,5486,Siddapur,220698.0,Haarsikatta,603566,Harshimane,1,14.0,60.0,0.0,15.240269,74.616458,7.142857142857142,100,28.76,Low,False
539,Hassan,5555,Arsikere,218273.0,Kolagunda,615465,Mosale,1,14.0,60.0,0.0,13.007445,76.106472,7.142857142857142,100,28.76,Low,False
550,Uttara Kannada,5487,Honavar,220635.0,Mavinkurve,603782,Mandalakurve,1,14.0,60.0,0.0,14.617383,74.854056,7.142857142857142,100,28.76,Low,False
538,Kalaburagi,5582,Kalaburagi,218022.0,Sannur,620253,Zhapur,1,14.0,60.0,0.0,17.383656,76.579181,7.142857142857142,100,28.76,Low,False
545,Mysuru,5571,Krishnarajanagara,219524.0,Munjanahally,618680,Arakere,1,14.0,60.0,0.0,12.297792,76.631721,7.142857142857142,100,28.76,Low,False
544,Mandya,5550,Mandya,219341.0,Hulivana,614382,S.I.Kodihalli,1,14.0,60.0,0.0,12.41974,76.591448,7.142857142857142,100,28.76,Low,False
534,Dakshina Kannada,5565,Sulya,217396.0,Sampaje,617773,Sampaje,1,14.0,60.0,0.0,12.983885,75.292774,7.142857142857142,100,28.76,Low,False
542,Kolar,5594,Mulbagal,219017.0,Uttanur,622908,Kattigenahalli,1,14.0,60.0,0.0,12.975793,78.255029,7.142857142857142,100,28.76,Low,False
542,Kolar,7002,Kolar Gold Field,218810.0,Kysamballi,622762,Buchepalli,1,14.0,60.0,0.0,12.985064,78.164558,7.142857142857142,100,28.76,Low,False
529,Bidar,5454,Basavakalyan,216344.0,Harkud,599815,Saidapur,1,14.0,60.0,0.0,17.755359,77.129841,7.142857142857142,100,28.76,Low,False
550,Uttara Kannada,5482,Mundgod,273208.0,Naganuru,603043,Ganadahalli,1,14.0,60.0,0.0,14.004151,74.532647,7.142857142857142,100,28.76,Low,False
533,Chitradurga,5508,Hiriyur,217096.0,Gowdanahally,606178,Ganjalagunte,1,14.0,60.0,0.0,12.999459,77.547606,7.142857142857142,100,28.76,Low,False
542,Kolar,5592,Malur,218968.0,Doddashivara,622191,Kateri,1,14.0,60.0,0.0,13.125314,78.131228,7.142857142857142,100,28.76,Low,False
544,Mandya,5546,Krishnarajpet,219214.0,Bharathipuracross,613522,Anchanahalli,1,14.0,60.0,0.0,12.37533,76.963573,7.142857142857142,100,28.76,Low,False
535,Davanagere,5509,Harihar,217560.0,Yelavatti,606210,Kamalapura,1,14.0,60.0,0.0,14.519778,75.823694,7.142857142857142,100,28.76,Low,False
535,Davanagere,5513,Honnali,217579.0,H.Kadadakatte,606768,H.Kadadakatte,1,14.0,60.0,0.0,14.41744,75.90946,7.142857142857142,100,28.76,Low,False
527,Belagavi,5437,Hukkeri,215927.0,Mavanur,597667,Mavanur,1,14.0,60.0,0.0,15.822684,74.514688,7.142857142857142,100,28.76,Low,False
527,Belagavi,5437,Hukkeri,215912.0,Hosur,597615,Hosur,1,14.0,60.0,0.0,16.607875,74.845631,7.142857142857142,100,28.76,Low,False
547,Shivamogga,5520,Shivamogga,220005.0,Mandagatta,608327,Rechi Koppa,1,14.0,60.0,0.0,13.835603,75.698095,7.142857142857142,100,28.76,Low,False
630,Chikkaballapura,5598,Bagepalli,218779.0,Paragodu,623849,Kondareddipalli,1,14.0,60.0,0.0,13.59538,77.764264,7.142857142857142,100,28.76,Low,False
630,Chikkaballapura,5599,Sidlaghatta,219025.0,Doddateka Halli,624114,Chikkathekahalli,1,14.0,60.0,0.0,13.401637,77.698628,7.142857142857142,100,28.76,Low,False
547,Shivamogga,5518,Hosanagara,219887.0,Karimane,607869,Malali,1,14.0,60.0,0.0,13.834025,75.683162,7.142857142857142,100,28.76,Low,False
545,Mysuru,5569,Piriyapatna,219631.0,Muttur,618246,Lingapura Forest,1,14.0,60.0,0.0,12.333064,76.668215,7.142857142857142,100,28.76,Low,False
630,Chikkaballapura,7407,Chelur,218778.0,Palyakere,623999,Ramojupalli,1,14.0,60.0,0.0,13.262211,76.5438,7.142857142857142,100,28.76,Low,False
539,Hassan,5558,Arkalgud,218226.0,Handrangi,616687,Ankanahalli,1,14.0,60.0,0.0,12.9988,76.110828,7.142857142857142,100,28.76,Low,False
547,Shivamogga,5517,Shikarpur,219978.0,Tharalagatta,607804,Thimlapura,1,14.0,60.0,0.0,13.998737,75.680379,7.142857142857142,100,28.76,Low,False
547,Shivamogga,5517,Shikarpur,219947.0,Chikkamagadi,607674,Yelagere,1,14.0,60.0,0.0,13.94792,75.575243,7.142857142857142,100,28.76,Low,False
631,Bengaluru South,5605,Magadi,215568.0,Sankighatta,625782,Chikkakalya,1,14.0,60.0,0.0,12.727927,77.267398,7.142857142857142,100,28.76,Low,False
542,Kolar,5593,Bangarapet,218805.0,Kamasamudra,622613,Lakkenahalli,1,14.0,60.0,0.0,13.147631,78.131581,7.142857142857142,100,28.76,Low,False
630,Chikkaballapura,7407,Chelur,218764.0,Chakavelu,623935,Nallaguttapalli,1,14.0,60.0,0.0,13.601031,77.786259,7.142857142857142,100,28.76,Low,False
524,Bagalkote,5443,Jamkhandi,215271.0,Kannolli,598455,Gadyal,1,14.0,60.0,0.0,16.141432,75.680989,7.142857142857142,100,28.76,Low,False
524,Bagalkote,5446,Badami,215154.0,Halkurki,598658,Halakurki,1,8.0,80.0,0.0,16.309194,75.289201,7.142857142857142,100,28.66,Low,False
524,Bagalkote,7062,Ilkal,215244.0,Karadi,598967,Karadi,1,8.0,80.0,0.0,16.476778,75.038092,7.142857142857142,100,28.66,Low,False
547,Shivamogga,5516,Sorab,220052.0,Tatturu,607496,Kanukoppaa,1,8.0,80.0,0.0,13.854154,75.670401,7.142857142857142,100,28.66,Low,False
544,Mandya,5546,Krishnarajpet,219232.0,Sarangi,613442,Kodagahalli,1,8.0,80.0,0.0,12.643372,77.000584,7.142857142857142,100,28.66,Low,False
538,Kalaburagi,5585,Chittapur,217974.0,Kamrwadi,620674,Alura,1,8.0,80.0,0.0,17.193773,77.275967,7.142857142857142,100,28.66,Low,False
539,Hassan,5553,Sakleshpur,218452.0,Kyanahalli,614919,Kyanahalli,1,8.0,80.0,0.0,13.315026,76.044767,7.142857142857142,100,28.66,Low,False
550,Uttara Kannada,5488,Bhatkal,220591.0,Marukeri,603850,Marukeri,1,8.0,80.0,0.0,15.184,74.470874,7.142857142857142,100,28.66,Low,False
631,Bengaluru South,5608,Kanakapura,215521.0,I. Golla Halli,626571,Doddakoppa,1,8.0,80.0,0.0,12.607929,77.123536,7.142857142857142,100,28.66,Low,False
548,Tumakuru,5539,Tiptur,220329.0,Echanuru,612091,Eachanur,1,8.0,80.0,0.0,13.320672,77.10295,7.142857142857142,100,28.66,Low,False
539,Hassan,5555,Arsikere,218269.0,Kamasamudra,615665,Kurubarahalli,1,8.0,80.0,0.0,12.801986,76.076807,7.142857142857142,100,28.66,Low,False
542,Kolar,5591,Kolar,218954.0,Thoradevanda Halli,621990,Moorandahalli,1,8.0,80.0,0.0,12.941087,78.345862,7.142857142857142,100,28.66,Low,False
536,Dharwad,7080,Annigeri,217750.0,Shalawadi,602352,Shelawadi,2,5.5,60.0,0.0,15.358631500000001,75.1305625,14.285714285714285,100,28.64,Low,False
527,Belagavi,5440,Bailahongala,215762.0,Nesargi,598025,Nesargi,2,24.0,70.0,1.0,16.182388,74.759869,14.285714285714285,50,28.61,Low,False
630,Chikkaballapura,5596,Chikkaballapura,218841.0,Nandi,939386,Bairanayakanahalli (Naremmanahalli),1,2.0,100.0,0.0,13.595743,77.769904,7.142857142857142,100,28.56,Low,False
542,Kolar,5591,Kolar,218944.0,Annenahalli,621968,Kuduvanahalli,1,2.0,100.0,0.0,12.96319,78.253531,7.142857142857142,100,28.56,Low,False
526,Bengaluru Rural,5602,Doddaballapura,215466.0,Majara Hosahalli,625128,Kuntanahalli K G,1,2.0,100.0,0.0,13.156265,77.367405,7.142857142857142,100,28.56,Low,False
526,Bengaluru Rural,5604,Hosakote,215484.0,Jadigenahalli,625655,Vijayapura,1,2.0,100.0,0.0,12.965847,77.789509,7.142857142857142,100,28.56,Low,False
530,Vijayapura,7075,Nidagundi,273045.0,Gani R.C,599477,Gani R.C,1,2.0,100.0,0.0,16.503507,75.688089,7.142857142857142,100,28.56,Low,False
532,Chikkamagaluru,5526,Koppa,216901.0,Harandur (Koppa),608993,Gunavanthe,1,2.0,100.0,0.0,12.105904,76.332354,7.142857142857142,100,28.56,Low,False
541,Kodagu,7125,Ponnampet,218751.0,Kutta,618078,Kutta,1,2.0,100.0,0.0,12.205307,75.782784,7.142857142857142,100,28.56,Low,False
541,Kodagu,5566,Madikeri,218671.0,Hakathur,617817,Kaggodlu,1,29.0,80.0,1.0,12.36643,75.538619,7.142857142857142,50,28.51,Low,False
530,Vijayapura,7071,Devara Hipparagi,216649.0,Hunashyal,599423,Algur,1,29.0,80.0,1.0,16.687773,76.318112,7.142857142857142,50,28.51,Low,False
535,Davanagere,5514,Channagiri,217419.0,Hiremalali,607021,Thilineerkatte,1,29.0,80.0,1.0,14.493819,75.82606,7.142857142857142,50,28.51,Low,False
547,Shivamogga,5515,Sagar,219914.0,Herenelluru,925026,Tattegundi,1,13.0,60.0,0.0,13.7105,75.229856,7.142857142857142,100,28.41,Low,False
630,Chikkaballapura,7404,Manchenahalli,218911.0,Pura,623385,Guvvalahalli,1,13.0,60.0,0.0,13.592045,77.804468,7.142857142857142,100,28.41,Low,False
533,Chitradurga,5505,Chitradurga,217053.0,Alaghatta,605535,Alaghatta,1,13.0,60.0,0.0,14.140014,76.256433,7.142857142857142,100,28.41,Low,False
545,Mysuru,5573,Heggadadevankote,219463.0,Naganahalli,618885,Kattemanuganahalli,1,13.0,60.0,0.0,12.152502,76.467139,7.142857142857142,100,28.41,Low,False
540,Haveri,5492,Haveri,218520.0,Aladakatti,604205,Kerimattihalli,1,13.0,60.0,0.0,14.992069,75.322345,7.142857142857142,100,28.41,Low,False
525,Bengaluru Urban,5543,Bengaluru South,215381.0,H.Gollahalli,613035,Rachanamadu,1,13.0,60.0,0.0,12.578842,77.346362,7.142857142857142,100,28.41,Low,False
539,Hassan,5558,Arkalgud,272839.0,Mokali,616590,Malalikere,1,13.0,60.0,0.0,13.206632,76.011299,7.142857142857142,100,28.41,Low,False
631,Bengaluru South,5605,Magadi,215572.0,Srigiripura,625815,Srigiripura,1,23.0,100.0,1.0,12.670809,77.193636,7.142857142857142,50,28.41,Low,False
524,Bagalkote,5445,Mudhol,273120.0,Gulagal-Jambagi,598570,Rugi,1,13.0,60.0,0.0,16.20351,75.495198,7.142857142857142,100,28.41,Low,False
526,Bengaluru Rural,5601,Nelamangala,215582.0,Honnenahalli,624755,Honnenahalli,1,13.0,60.0,0.0,12.999975,77.570348,7.142857142857142,100,28.41,Low,False
527,Belagavi,5433,Chikodi,215797.0,Jainapur,597223,Jainapur,1,13.0,60.0,0.0,15.901805,74.939865,7.142857142857142,100,28.41,Low,False
630,Chikkaballapura,5600,Chintamani,218853.0,Hirekattigenahalli,624628,Nernakallu,1,13.0,60.0,0.0,13.596484,77.783685,7.142857142857142,100,28.41,Low,False
532,Chikkamagaluru,7078,Ajjampura,216979.0,Chikkanavangala,609241,Attigatta,1,13.0,60.0,0.0,12.707449,76.964953,7.142857142857142,100,28.41,Low,False
544,Mandya,5546,Krishnarajpet,219229.0,Murukanahalli,613501,Hiralahalli,1,13.0,60.0,0.0,12.512171,76.918006,7.142857142857142,100,28.41,Low,False
548,Tumakuru,5538,Gubbi,220132.0,Chengavi,611930,Averahalli,1,13.0,60.0,0.0,13.678401,77.062167,7.142857142857142,100,28.41,Low,False
542,Kolar,5590,Srinivaspur,219067.0,Thadigol,621549,Kappalli,1,13.0,60.0,0.0,12.949034,78.261684,7.142857142857142,100,28.41,Low,False
542,Kolar,7002,Kolar Gold Field,218815.0,Paranda Halli,622755,Parandahalli(Part),1,13.0,60.0,0.0,13.127544,78.114615,7.142857142857142,100,28.41,Low,False
547,Shivamogga,5520,Shivamogga,220007.0,Melinahanasavadi,608443,Belala Katte,1,13.0,60.0,0.0,13.944804,75.563981,7.142857142857142,100,28.41,Low,False
527,Belagavi,7099,Mudalgi,215844.0,Avaradi,597511,Hale Yaragudri,1,13.0,60.0,0.0,16.031069,74.531779,7.142857142857142,100,28.41,Low,False
542,Kolar,5591,Kolar,218957.0,Vadagur,622058,Ajjapalli,1,13.0,60.0,0.0,13.21173,78.520253,7.142857142857142,100,28.41,Low,False
540,Haveri,5495,Ranibennur,274147.0,Y.T.Honnathi,604520,Hullatti,1,23.0,100.0,1.0,14.993469,75.226439,7.142857142857142,50,28.41,Low,False
548,Tumakuru,5532,Chiknayakanhalli,220118.0,Ramanahalli,610178,Madanamadu,1,13.0,60.0,0.0,13.345438,77.10857,7.142857142857142,100,28.41,Low,False
527,Belagavi,5439,Khanapur,215985.0,Nerase,597925,Teregali,1,13.0,60.0,0.0,16.23328,74.595132,7.142857142857142,100,28.41,Low,False
543,Koppal,5466,Gangawati,219079.0,Chikkajanthakal,601631,Nagarhalli,1,13.0,60.0,0.0,15.221587,76.008273,7.142857142857142,100,28.41,Low,False
538,Kalaburagi,5583,Chincholi,217951.0,Salebeeranalli,620332,Tumkunta,1,13.0,60.0,0.0,17.025794,76.349119,7.142857142857142,100,28.41,Low,False
546,Raichur,5460,Devadurga,219684.0,Jalahalli,600540,Chapalki,1,13.0,60.0,0.0,16.018054,77.476665,7.142857142857142,100,28.41,Low,False
544,Mandya,5549,Shrirangapattana,219433.0,Sabbanakuppe,614234,M.Shettihalli,1,13.0,60.0,0.0,12.53014,76.901364,7.142857142857142,100,28.41,Low,False
545,Mysuru,5570,Hunsur,273319.0,Husenpura,618443,Husenpuranala,1,13.0,60.0,0.0,12.304745,76.691418,7.142857142857142,100,28.41,Low,False
548,Tumakuru,5532,Chiknayakanhalli,220110.0,J.C.Pura,610245,Gyarehalli,1,13.0,60.0,0.0,12.906868,76.944064,7.142857142857142,100,28.41,Low,False
550,Uttara Kannada,5484,Ankola,220565.0,Agsur,603347,Agsur,1,13.0,60.0,0.0,14.557565,75.021448,7.142857142857142,100,28.41,Low,False
545,Mysuru,5570,Hunsur,219475.0,Dharmapura,618493,Halladakoppalu,1,13.0,60.0,0.0,12.328749,76.670909,7.142857142857142,100,28.41,Low,False
529,Bidar,5458,Homnabad,216445.0,Ghodwadi,600258,Ghodwadi,1,13.0,60.0,0.0,17.910854,77.510008,7.142857142857142,100,28.41,Low,False
544,Mandya,5546,Krishnarajpet,219204.0,Aghalaya,613424,Halasinahalli,1,13.0,60.0,0.0,12.837625,76.771053,7.142857142857142,100,28.41,Low,False
533,Chitradurga,5506,Holalkere,217127.0,Chithrahalli,605757,Basavapura,1,13.0,60.0,0.0,12.976637,77.557741,7.142857142857142,100,28.41,Low,False
539,Hassan,5556,Hassan,218386.0,Kandali,616011,Yathinakatte,1,13.0,60.0,0.0,13.010868,76.103727,7.142857142857142,100,28.41,Low,False
630,Chikkaballapura,5600,Chintamani,218869.0,Nandiganahalli,624501,Barlahalli,1,13.0,60.0,0.0,13.251214,76.560557,7.142857142857142,100,28.41,Low,False
532,Chikkamagaluru,5529,Kadur,216852.0,Garje,609456,Garje,1,13.0,60.0,0.0,12.718254,76.970793,7.142857142857142,100,28.41,Low,False
548,Tumakuru,5533,Sira,220295.0,Dodda Agrahara,610437,Kenchappanahalli,1,13.0,60.0,0.0,13.160012,76.255987,7.142857142857142,100,28.41,Low,False
532,Chikkamagaluru,5529,Kadur,216852.0,Garje,609455,G.Madapura,1,13.0,60.0,0.0,12.720157,76.961761,7.142857142857142,100,28.41,Low,False
532,Chikkamagaluru,5530,Chikkamagaluru,216788.0,Aldur,609852,Chikkamagaravalli,1,13.0,60.0,0.0,12.11836,76.347502,7.142857142857142,100,28.41,Low,False
537,Gadag,5470,Gadag,217772.0,Huyelagola,602001,Chikkoppa,1,13.0,60.0,0.0,15.130657,75.353944,7.142857142857142,100,28.41,Low,False
545,Mysuru,5571,Krishnarajanagara,219519.0,Lalandevanahally,618666,Lalanahalli,1,13.0,60.0,0.0,11.570655,76.189001,7.142857142857142,100,28.41,Low,False
543,Koppal,5465,Kushtagi,219155.0,Jumlapur,601528,Jumlapur,1,7.0,80.0,0.0,15.294873,76.314886,7.142857142857142,100,28.31,Low,False
540,Haveri,5493,Byadgi,218466.0,Hireanaji,604303,Beeranakoppa,1,7.0,80.0,0.0,14.682874,75.47582,7.142857142857142,100,28.31,Low,False
538,Kalaburagi,5584,Sedam,218075.0,Malkhed,620493,Malkhed (J),1,7.0,80.0,0.0,17.128451,76.94369,7.142857142857142,100,28.31,Low,False
539,Hassan,5559,Hole Narsipur,218418.0,Ichanahalli,616914,Chikkchagahalli,1,7.0,80.0,0.0,13.082947,76.219912,7.142857142857142,100,28.31,Low,False
544,Mandya,5548,Pandavapura,219392.0,Balagatta,614048,Ramapura,1,7.0,80.0,0.0,12.81197,76.750006,7.142857142857142,100,28.31,Low,False
550,Uttara Kannada,5486,Siddapur,220695.0,Bidrakan,603685,Kuppagar,1,7.0,80.0,0.0,15.169399,74.503363,7.142857142857142,100,28.31,Low,False
545,Mysuru,5571,Krishnarajanagara,219519.0,Lalandevanahally,618668,Sathigrama,1,7.0,80.0,0.0,12.296486,76.6377,7.142857142857142,100,28.31,Low,False
550,Uttara Kannada,5487,Honavar,220632.0,Kodani,603763,Anilgod,1,7.0,80.0,0.0,15.337319,74.774899,7.142857142857142,100,28.31,Low,False
536,Dharwad,5475,Hubballi,217674.0,Hallyal,602396,Halyal,1,7.0,80.0,0.0,15.45593,74.994485,7.142857142857142,100,28.31,Low,False
544,Mandya,5546,Krishnarajpet,219210.0,Ballekere,613579,Kamanahalli,1,7.0,80.0,0.0,12.504992,76.891699,7.142857142857142,100,28.31,Low,False
545,Mysuru,5575,Tirumakudal - Narsipur,219661.0,Rangasamudra,619380,Ranganathapur,2,4.5,60.0,0.0,12.0090895,76.2214855,14.285714285714285,100,28.29,Low,False
546,Raichur,5461,Raichur,219799.0,Yapaladinni,600764,Appandoddi,2,23.0,70.0,1.0,16.211011499999998,77.34824800000001,14.285714285714285,50,28.26,Low,False
544,Mandya,5550,Mandya,219332.0,G.Malligere,614390,G.Malligere,1,1.0,100.0,0.0,12.512425,76.900908,7.142857142857142,100,28.21,Low,False
630,Chikkaballapura,5596,Chikkaballapura,218827.0,Aruuru,623468,Kakalachinte,1,1.0,100.0,0.0,13.585577,77.784386,7.142857142857142,100,28.21,Low,False
535,Davanagere,5512,Davanagere,217478.0,Huchchavanahally,606660,Hanumanahalli,1,1.0,100.0,0.0,14.333471,75.722867,7.142857142857142,100,28.21,Low,False
538,Kalaburagi,7089,Yadrami,218032.0,Balbatti,620831,Kachur,1,1.0,100.0,0.0,17.165851,76.785921,7.142857142857142,100,28.21,Low,False
533,Chitradurga,5508,Hiriyur,217094.0,Eshwaragere,606118,Venukalgudda,1,1.0,100.0,0.0,13.006569,77.551686,7.142857142857142,100,28.21,Low,False
548,Tumakuru,5538,Gubbi,220134.0,G.Hosahalli,611846,Hosahalli.G,1,1.0,100.0,0.0,13.336184,77.111207,7.142857142857142,100,28.21,Low,False
548,Tumakuru,5538,Gubbi,220156.0,Thyagattur,611767,Muddapura,1,1.0,100.0,0.0,13.349016,77.128185,7.142857142857142,100,28.21,Low,False
534,Dakshina Kannada,5565,Sulya,217400.0,Murulya,617774,Murulya,1,1.0,100.0,0.0,12.868199,75.06154,7.142857142857142,100,28.21,Low,False
539,Hassan,5554,Belur,218310.0,Kalleri,615078,Maravathi,1,1.0,100.0,0.0,12.989853,76.124747,7.142857142857142,100,28.21,Low,False
528,Ballari,7109,Kurugodu,216116.0,Kallukamba,604861,Mustagatta,1,1.0,100.0,0.0,15.137085,76.891381,7.142857142857142,100,28.21,Low,False
543,Koppal,5467,Koppal,273133.0,Vanaballari,601804,Arsinkera,1,1.0,100.0,0.0,15.354528,76.154941,7.142857142857142,100,28.21,Low,False
526,Bengaluru Rural,5602,Doddaballapura,215453.0,Hadonahalli,625041,Shivalinga Pura,1,1.0,100.0,0.0,13.224184,77.258291,7.142857142857142,100,28.21,Low,False
542,Kolar,5594,Mulbagal,219003.0,Kappalamadugu,623009,Seegehalli,1,1.0,100.0,0.0,12.904397,78.147479,7.142857142857142,100,28.21,Low,False
541,Kodagu,5567,Somvarpet,218689.0,Alur,923935,Kanathebasavanahalli,1,1.0,100.0,0.0,12.93585,77.592352,7.142857142857142,100,28.21,Low,False
546,Raichur,7403,Arakera,273069.0,Somanamaradi,600572,Mykaldoddi,1,28.0,80.0,1.0,15.936101,76.739628,7.142857142857142,50,28.16,Low,False
535,Davanagere,5514,Channagiri,217442.0,Maravanji,607102,Beedugondanahalli,1,28.0,80.0,1.0,14.486773,75.904029,7.142857142857142,50,28.16,Low,False
547,Shivamogga,5517,Shikarpur,219979.0,Thogarsi,607711,Devikoppa,1,12.0,60.0,0.0,13.834418,75.010509,7.142857142857142,100,28.06,Low,False
533,Chitradurga,5507,Hosdurga,217171.0,Kellodu,605884,Kyadigere Kaval,1,12.0,60.0,0.0,12.991138,77.579301,7.142857142857142,100,28.06,Low,False
545,Mysuru,5573,Heggadadevankote,219440.0,Beechanahalli,619023,Nerale,1,12.0,60.0,0.0,12.292562,76.700602,7.142857142857142,100,28.06,Low,False
630,Chikkaballapura,5600,Chintamani,218871.0,Peddur,624458,Guruganjigutta,1,12.0,60.0,0.0,13.588867,77.792405,7.142857142857142,100,28.06,Low,False
533,Chitradurga,5503,Molakalmuru,217196.0,Thammenahalli,605145,Kanakuppe,1,12.0,60.0,0.0,12.999127,77.56687,7.142857142857142,100,28.06,Low,False
533,Chitradurga,5503,Molakalmuru,217196.0,Thammenahalli,605143,Bommadevarahalli,1,12.0,60.0,0.0,14.082495,76.275077,7.142857142857142,100,28.06,Low,False
524,Bagalkote,5448,Hungund,273108.0,Havaragi,598953,Indawar Pu.K,1,12.0,60.0,0.0,16.12343,75.637863,7.142857142857142,100,28.06,Low,False
526,Bengaluru Rural,5601,Nelamangala,215575.0,Agalakuppe,624730,Kamalapura,1,12.0,60.0,0.0,12.986513,77.606154,7.142857142857142,100,28.06,Low,False
546,Raichur,5461,Raichur,219770.0,Athkoor,600756,Nagarsi Camp,1,12.0,60.0,0.0,16.018874,76.429644,7.142857142857142,100,28.06,Low,False
536,Dharwad,5473,Dharwad,217633.0,Belur,602232,Heggeri,1,12.0,60.0,0.0,15.345661,75.153053,7.142857142857142,100,28.06,Low,False
548,Tumakuru,5538,Gubbi,220145.0,Kunnala,611896,Lingammanahalli,1,12.0,60.0,0.0,13.273821,76.550388,7.142857142857142,100,28.06,Low,False
635,Yadgir,5588,Shahpur,218107.0,Mudbool,621109,Saladpur,1,12.0,60.0,0.0,16.763704,77.141852,7.142857142857142,100,28.06,Low,False
546,Raichur,5459,Lingasugur,219713.0,Hunur,600376,Ramatnal,1,12.0,60.0,0.0,16.193525,77.34535,7.142857142857142,100,28.06,Low,False
630,Chikkaballapura,5596,Chikkaballapura,218834.0,Hosa Hudya,623666,Nelamakalahalli,1,12.0,60.0,0.0,13.273309,76.537803,7.142857142857142,100,28.06,Low,False
548,Tumakuru,5537,Tumakuru,220386.0,Sitakallu,611419,Ojenahalli,1,12.0,60.0,0.0,14.080668,77.151802,7.142857142857142,100,28.06,Low,False
527,Belagavi,7099,Mudalgi,215858.0,Hunashyala P G,597452,Hunshyal (P.G.),1,12.0,60.0,0.0,16.401959,74.361767,7.142857142857142,100,28.06,Low,False
527,Belagavi,5439,Khanapur,215955.0,Gotagali,597972,Devarai,1,12.0,60.0,0.0,16.798722,75.266531,7.142857142857142,100,28.06,Low,False
535,Davanagere,5511,Jagalur,217616.0,Diddige,606425,Chikkaurlakatte,1,12.0,60.0,0.0,14.44962,75.924357,7.142857142857142,100,28.06,Low,False
542,Kolar,5591,Kolar,218949.0,Seeti,621784,Hullankallu,1,12.0,60.0,0.0,12.982642,78.252098,7.142857142857142,100,28.06,Low,False
527,Belagavi,5437,Hukkeri,215925.0,Managuthi,597632,Mangutti,1,12.0,60.0,0.0,15.842075,74.485126,7.142857142857142,100,28.06,Low,False
532,Chikkamagaluru,5530,Chikkamagaluru,216801.0,Dasarahalli,609719,Thotadahalli,1,12.0,60.0,0.0,12.135355,76.329017,7.142857142857142,100,28.06,Low,False
527,Belagavi,5439,Khanapur,215946.0,Beedi,597995,Hindalagi,1,12.0,60.0,0.0,16.526509,74.941236,7.142857142857142,100,28.06,Low,False
542,Kolar,5594,Mulbagal,219012.0,Rajendrahalli,623077,Cheekur,1,12.0,60.0,0.0,13.515964,78.348101,7.142857142857142,100,28.06,Low,False
547,Shivamogga,5519,Tirthahalli,220089.0,Saluru,608195,Hosakoppa,1,12.0,60.0,0.0,14.213417,74.815638,7.142857142857142,100,28.06,Low,False
538,Kalaburagi,5583,Chincholi,217956.0,Venktapur,620362,Dharmasagar,1,12.0,60.0,0.0,17.32454,76.856057,7.142857142857142,100,28.06,Low,False
539,Hassan,5556,Hassan,218375.0,Doddagenigere,616163,Doddahonnenahalli,1,12.0,60.0,0.0,13.03175,75.783578,7.142857142857142,100,28.06,Low,False
531,Chamarajanagar,5579,Kollegal,216744.0,Dhanagere,619822,Saragur,1,12.0,60.0,0.0,11.916052,76.950021,7.142857142857142,100,28.06,Low,False
545,Mysuru,5575,Tirumakudal - Narsipur,219653.0,Kiragasuru,619398,Kiragasuru,1,12.0,60.0,0.0,12.220276,76.32707,7.142857142857142,100,28.06,Low,False
543,Koppal,5467,Koppal,273132.0,Kalakera,601813,Budsettinhal,1,12.0,60.0,0.0,15.327094,76.141745,7.142857142857142,100,28.06,Low,False
533,Chitradurga,5504,Challakere,217042.0,Pagadalabande,605383,Putloorahalli Kaval,1,12.0,60.0,0.0,14.110497,76.266776,7.142857142857142,100,28.06,Low,False
531,Chamarajanagar,5576,Gundlupet,216711.0,Alathur,619466,Manchahalli,1,12.0,60.0,0.0,11.914744,76.939969,7.142857142857142,100,28.06,Low,False
545,Mysuru,5573,Heggadadevankote,273302.0,Bachegowdanahalli,618934,Jompanahalli,1,12.0,60.0,0.0,12.352664,76.62077,7.142857142857142,100,28.06,Low,False
538,Kalaburagi,7090,Kamalapur,218001.0,Holkunda,620209,Dastapur,1,12.0,60.0,0.0,17.32336,76.835094,7.142857142857142,100,28.06,Low,False
635,Yadgir,7096,Hunasagi,218124.0,Baichabal,620920,Kodalgi,1,12.0,60.0,0.0,16.777402,77.127047,7.142857142857142,100,28.06,Low,False
533,Chitradurga,5506,Holalkere,217138.0,R.Nulenur,605685,R.Mallapura,1,12.0,60.0,0.0,12.984591,77.568573,7.142857142857142,100,28.06,Low,False
545,Mysuru,5575,Tirumakudal - Narsipur,219646.0,Hegguru,619319,Hegguru,1,12.0,60.0,0.0,12.170538,76.495367,7.142857142857142,100,28.06,Low,False
546,Raichur,5461,Raichur,219786.0,Kamlapur,600844,Manjerla,1,12.0,60.0,0.0,16.230201,77.343699,7.142857142857142,100,28.06,Low,False
547,Shivamogga,5518,Hosanagara,219897.0,Purappemane,607905,Echala Koppa,1,12.0,60.0,0.0,13.906655,75.0759,7.142857142857142,100,28.06,Low,False
540,Haveri,5495,Ranibennur,218608.0,Karur,604506,Yennihosahalli,1,12.0,60.0,0.0,15.009792,75.245792,7.142857142857142,100,28.06,Low,False
547,Shivamogga,5519,Tirthahalli,220058.0,Araga,608187,Kadegadde,1,12.0,60.0,0.0,13.928732,75.551747,7.142857142857142,100,28.06,Low,False
530,Vijayapura,7123,Almel,216642.0,Gabbasavalagi,599328,Bisnal,1,12.0,60.0,0.0,17.0993,76.217837,7.142857142857142,100,28.06,Low,False
532,Chikkamagaluru,5530,Chikkamagaluru,216826.0,Moogthihalli,609741,Siragunda,1,12.0,60.0,0.0,12.702139,76.961536,7.142857142857142,100,28.06,Low,False
532,Chikkamagaluru,5530,Chikkamagaluru,216807.0,Hiregouja,609775,Chikkagowja,1,12.0,60.0,0.0,12.119153,76.349864,7.142857142857142,100,28.06,Low,False
546,Raichur,7097,Sirwar,219748.0,Heera,600949,Kalamgere,1,12.0,60.0,0.0,16.221513,77.349488,7.142857142857142,100,28.06,Low,False
548,Tumakuru,5541,Kunigal,220198.0,Kodigehalli,612642,Madihalli,1,12.0,60.0,0.0,13.225979,77.185227,7.142857142857142,100,28.06,Low,False
635,Yadgir,5588,Shahpur,218104.0,Kollur,621189,Goudoor,1,12.0,60.0,0.0,16.771811,77.141485,7.142857142857142,100,28.06,Low,False
539,Hassan,5558,Arkalgud,272741.0,Koratikere,616655,Kotekarpuravalli,1,12.0,60.0,0.0,12.644456,76.048183,7.142857142857142,100,28.06,Low,False
537,Gadag,7082,Gajendragad,217837.0,Shanthageri,601930,Shantagiri,1,12.0,60.0,0.0,15.4353,75.63277,7.142857142857142,100,28.06,Low,False
548,Tumakuru,5536,Koratagere,220164.0,Chinnahalli,611223,Puradahalli,1,6.0,80.0,0.0,13.290426,76.644069,7.142857142857142,100,27.96,Low,False
549,Udupi,7068,Brahmavara,220533.0,Kodi,608764,Kodi,1,6.0,80.0,0.0,13.67647,74.669467,7.142857142857142,100,27.96,Low,False
544,Mandya,5547,Nagamangala,219379.0,Honnavara,613826,Vaddarahalli,1,6.0,80.0,0.0,12.709043,76.944211,7.142857142857142,100,27.96,Low,False
527,Belagavi,5437,Hukkeri,215921.0,Kot,597645,Khavanewadi,1,6.0,80.0,0.0,15.879607,74.654283,7.142857142857142,100,27.96,Low,False
525,Bengaluru Urban,5543,Bengaluru South,215382.0,K.Gollahalli,613034,Devagere,1,6.0,80.0,0.0,13.06181,77.639247,7.142857142857142,100,27.96,Low,False
542,Kolar,5590,Srinivaspur,219048.0,Chaldiganahalli,621646,Nallapalli (H),1,6.0,80.0,0.0,13.138085,78.158172,7.142857142857142,100,27.96,Low,False
547,Shivamogga,5516,Sorab,220041.0,Mavali,607582,Yalavalli,1,6.0,80.0,0.0,13.014341,77.942924,7.142857142857142,100,27.96,Low,False
548,Tumakuru,5540,Turuvekere,220415.0,Tandaga,612330,Vaderahalli Kaval,1,6.0,80.0,0.0,13.328843,77.09026,7.142857142857142,100,27.96,Low,False
545,Mysuru,7230,Saligrama,219503.0,Channamgere,618601,Yaremanuganahalli,1,6.0,80.0,0.0,12.138696,76.542191,7.142857142857142,100,27.96,Low,False
548,Tumakuru,5539,Tiptur,220331.0,Gungurmalle,612172,Madihalli,1,6.0,80.0,0.0,13.955588,75.586032,7.142857142857142,100,27.96,Low,False
536,Dharwad,5477,Kundgol,217718.0,Gudenakatti,602519,Pura,1,0.0,100.0,0.0,15.349296,75.147292,7.142857142857142,100,27.86,Low,False
631,Bengaluru South,5607,Channapatna,215395.0,Bevoor,626192,Kelagere,1,0.0,100.0,0.0,12.963441,77.2396,7.142857142857142,100,27.86,Low,False
529,Bidar,7084,Chitaguppa,216440.0,Changlera,600332,Devgir Thanada,1,0.0,100.0,0.0,17.934961,77.477951,7.142857142857142,100,27.86,Low,False
544,Mandya,5549,Shrirangapattana,219429.0,Melapura,614303,Hebbadi,1,0.0,100.0,0.0,12.488387,77.015263,7.142857142857142,100,27.86,Low,False
536,Dharwad,5477,Kundgol,217718.0,Gudenakatti,602550,Yarinarayanpur,1,0.0,100.0,0.0,15.314635,75.132099,7.142857142857142,100,27.86,Low,False
540,Haveri,5491,Hangal,218492.0,Hirekanagi,604100,Shivajipura,1,0.0,100.0,0.0,14.776237,75.38498,7.142857142857142,100,27.86,Low,False
548,Tumakuru,5539,Tiptur,220346.0,Nonavinakere,612144,Nonavinakere,1,0.0,100.0,0.0,13.333289,76.400348,7.142857142857142,100,27.86,Low,False
630,Chikkaballapura,5599,Sidlaghatta,219022.0,Cheemangala,624259,Narayanadasarahalli,1,0.0,100.0,0.0,13.279571,76.539419,7.142857142857142,100,27.86,Low,False
533,Chitradurga,5506,Holalkere,217142.0,T.Nulenur,605759,Lingadahalli,1,0.0,100.0,0.0,14.124785,76.265157,7.142857142857142,100,27.86,Low,False
550,Uttara Kannada,5483,Sirsi,220726.0,Hunasekoppa,603188,Sannalli,1,0.0,100.0,0.0,14.613095,74.858697,7.142857142857142,100,27.86,Low,False
630,Chikkaballapura,5600,Chintamani,218852.0,Doddaganjur,624672,Shiddamata,1,0.0,100.0,0.0,13.577541,77.780602,7.142857142857142,100,27.86,Low,False
538,Kalaburagi,5585,Chittapur,217958.0,Aloor B,620691,Allur (B),1,0.0,100.0,0.0,17.029304,76.363209,7.142857142857142,100,27.86,Low,False
545,Mysuru,5573,Heggadadevankote,219458.0,Madapura,618951,Madapura,1,0.0,100.0,0.0,12.346641,76.62442,7.142857142857142,100,27.86,Low,False
631,Bengaluru South,5607,Channapatna,215404.0,Kodamballi,626317,Kodamballi,1,27.0,80.0,1.0,12.971056,77.231621,7.142857142857142,50,27.81,Low,False
538,Kalaburagi,5584,Sedam,218074.0,Madkal,620505,Sompalli,2,3.0,60.0,0.0,17.22274,77.2003435,14.285714285714285,100,27.76,Low,False
548,Tumakuru,5534,Pavagada,220282.0,Thirumani,610588,Rayacharlu,1,11.0,60.0,0.0,13.600866,77.020779,7.142857142857142,100,27.71,Low,False
533,Chitradurga,5504,Challakere,217015.0,Belagere,605411,Hulikunte,1,11.0,60.0,0.0,12.990846,77.551926,7.142857142857142,100,27.71,Low,False
529,Bidar,7085,Kamalnagar,216300.0,Chanduri,600024,Chandoori,1,11.0,60.0,0.0,17.938608,77.470982,7.142857142857142,100,27.71,Low,False
529,Bidar,5455,Bhalki,216391.0,Mehkar,599843,Bolegaon,1,11.0,60.0,0.0,18.137694,77.325383,7.142857142857142,100,27.71,Low,False
549,Udupi,7068,Brahmavara,220559.0,Vaddarse,608762,Bannady,1,11.0,60.0,0.0,13.21942,74.985743,7.142857142857142,100,27.71,Low,False
550,Uttara Kannada,5478,Karwar,220651.0,Kadra,602608,Balemane,1,11.0,60.0,0.0,14.799307,74.12109,7.142857142857142,100,27.71,Low,False
526,Bengaluru Rural,5603,Devanahalli,215443.0,Vishwanathpura,625306,Solur,1,11.0,60.0,0.0,13.008118,77.575825,7.142857142857142,100,27.71,Low,False
631,Bengaluru South,5605,Magadi,215554.0,Hanchikuppe,626035,Karlamangala,1,11.0,60.0,0.0,12.568599,77.408354,7.142857142857142,100,27.71,Low,False
539,Hassan,5560,Channarayapatna,218341.0,Gowdagere,617262,Kaggere,1,11.0,60.0,0.0,13.184704,75.892484,7.142857142857142,100,27.71,Low,False
548,Tumakuru,5536,Koratagere,220173.0,Nilagondanahalli,611162,Hulisoppinahalli,1,11.0,60.0,0.0,13.477831,77.104603,7.142857142857142,100,27.71,Low,False
548,Tumakuru,5536,Koratagere,220172.0,Mavathuru,611149,Madya Venkatapura,1,11.0,60.0,0.0,13.650941,77.197858,7.142857142857142,100,27.71,Low,False
630,Chikkaballapura,5599,Sidlaghatta,219036.0,Nagamangala,624255,Nadipinayakanahalli,1,11.0,60.0,0.0,13.257222,76.535596,7.142857142857142,100,27.71,Low,False
542,Kolar,5592,Malur,218978.0,Chokkandahalli,622161,Hanumanayakanahalli,1,11.0,60.0,0.0,13.051587,78.412349,7.142857142857142,100,27.71,Low,False
536,Dharwad,5474,Navalgund,217741.0,Halakusugal,602327,Shanawad,1,11.0,60.0,0.0,15.476423,74.986979,7.142857142857142,100,27.71,Low,False
526,Bengaluru Rural,5601,Nelamangala,215596.0,Yentaganahalli,624931,Bhattarahalli,1,11.0,60.0,0.0,13.303416,77.783376,7.142857142857142,100,27.71,Low,False
531,Chamarajanagar,5576,Gundlupet,216731.0,Mangala,619594,Lokkere,1,11.0,60.0,0.0,11.939733,76.938424,7.142857142857142,100,27.71,Low,False
548,Tumakuru,5541,Kunigal,220185.0,Chowdanakuppe,612703,Neelasandra,1,11.0,60.0,0.0,13.323834,77.170387,7.142857142857142,100,27.71,Low,False
538,Kalaburagi,7090,Kamalapur,218015.0,Margutti,620191,Marmanchi,1,11.0,60.0,0.0,17.166142,77.30008,7.142857142857142,100,27.71,Low,False
538,Kalaburagi,7090,Kamalapur,218012.0,Kurikota,620224,Ankalga,1,11.0,60.0,0.0,16.998804,76.767873,7.142857142857142,100,27.71,Low,False
631,Bengaluru South,5607,Channapatna,215415.0,Rampura,626248,Rampura,1,11.0,60.0,0.0,13.098607,77.185109,7.142857142857142,100,27.71,Low,False
546,Raichur,7097,Sirwar,219749.0,Hirehanagi,600943,Chikka Hanagi,1,21.0,100.0,1.0,16.222628,77.361126,7.142857142857142,50,27.71,Low,False
524,Bagalkote,5444,Bilgi,273105.0,Nagarala,598495,Kontikal,1,11.0,60.0,0.0,16.489873,75.284334,7.142857142857142,100,27.71,Low,False
539,Hassan,5558,Arkalgud,218243.0,Vijapura Forest,616564,Adike Bommanahalli,1,11.0,60.0,0.0,13.004437,76.114003,7.142857142857142,100,27.71,Low,False
536,Dharwad,5475,Hubballi,217678.0,Katnur,602407,Mavanur,1,11.0,60.0,0.0,15.447255,75.023356,7.142857142857142,100,27.71,Low,False
545,Mysuru,5574,Nanjangud,219575.0,Hadya,619163,Jalahalli,1,11.0,60.0,0.0,12.291502,76.646374,7.142857142857142,100,27.71,Low,False
542,Kolar,5594,Mulbagal,218998.0,Gudipalli,623042,Kanagaladinne,1,11.0,60.0,0.0,12.928236,78.260807,7.142857142857142,100,27.71,Low,False
530,Vijayapura,7072,Kolhar,216487.0,Malaghan,599457,Asangi (B.K.),1,11.0,60.0,0.0,16.666368,76.293186,7.142857142857142,100,27.71,Low,False
530,Vijayapura,5451,Sindgi,216667.0,Yaragal .Bk,599349,Bhankalgi,1,11.0,60.0,0.0,17.183736,75.950632,7.142857142857142,100,27.71,Low,False
542,Kolar,5591,Kolar,218932.0,Doodahasala,622047,Kurubarahalli,1,11.0,60.0,0.0,13.330137,78.201563,7.142857142857142,100,27.71,Low,False
541,Kodagu,5566,Madikeri,218667.0,Bettageri,923894,Kadiyathuru,1,11.0,60.0,0.0,12.206371,75.797555,7.142857142857142,100,27.71,Low,False
547,Shivamogga,5517,Shikarpur,219960.0,Jakkinakoppa,607813,Baluru,1,11.0,60.0,0.0,13.92147,75.551042,7.142857142857142,100,27.71,Low,False
630,Chikkaballapura,5596,Chikkaballapura,218839.0,Mandikal,623475,Gudisihalli,1,11.0,60.0,0.0,13.588017,77.786048,7.142857142857142,100,27.71,Low,False
542,Kolar,5591,Kolar,218956.0,Uragili,621934,Uppakunte,1,11.0,60.0,0.0,12.924306,78.137699,7.142857142857142,100,27.71,Low,False
550,Uttara Kannada,5484,Ankola,220579.0,Shetgeri,603364,Bhasgod,1,11.0,60.0,0.0,14.820945,74.145632,7.142857142857142,100,27.71,Low,False
630,Chikkaballapura,5595,Gauribidanur,218909.0,Nakkalahalli,623316,Hulikunte,1,11.0,60.0,0.0,13.401857,77.699846,7.142857142857142,100,27.71,Low,False
545,Mysuru,7230,Saligrama,219518.0,Lakshmipura,618537,Bevinahalli,1,11.0,60.0,0.0,12.267274,75.589618,7.142857142857142,100,27.71,Low,False
538,Kalaburagi,5583,Chincholi,273164.0,Garampalli,620351,Yempalli,1,11.0,60.0,0.0,17.156175,76.810507,7.142857142857142,100,27.71,Low,False
527,Belagavi,5438,Belagavi,215675.0,Aste,597708,Aste,1,11.0,60.0,0.0,15.952982,75.290706,7.142857142857142,100,27.71,Low,False
548,Tumakuru,5534,Pavagada,220272.0,Nyayadagunte,610594,Hottebommanahalli,1,11.0,60.0,0.0,13.121538,77.166251,7.142857142857142,100,27.71,Low,False
539,Hassan,5560,Channarayapatna,218349.0,Kalkere,617204,Karimaranahalli,1,11.0,60.0,0.0,12.848797,76.48318,7.142857142857142,100,27.71,Low,False
539,Hassan,5560,Channarayapatna,218354.0,Kundur,617051,Chikkarade,1,11.0,60.0,0.0,13.008408,75.797404,7.142857142857142,100,27.71,Low,False
527,Belagavi,5436,Gokak,215847.0,Benachinamardi,597470,Gaddiholi,1,11.0,60.0,0.0,16.033254,74.508448,7.142857142857142,100,27.71,Low,False
547,Shivamogga,5518,Hosanagara,219879.0,Belluru,607961,Gubbiga,1,11.0,60.0,0.0,13.936888,75.545278,7.142857142857142,100,27.71,Low,False
535,Davanagere,5514,Channagiri,217421.0,Honnebagi,607075,Honnebagi,1,11.0,60.0,0.0,14.424734,75.922671,7.142857142857142,100,27.71,Low,False
545,Mysuru,5572,Mysuru,219543.0,Harohalli (Mallahalli),927220,Mellahalli,1,11.0,60.0,0.0,12.292516,76.633353,7.142857142857142,100,27.71,Low,False
548,Tumakuru,5533,Sira,220313.0,Neralagudda,610400,Ganadahunase,1,11.0,60.0,0.0,13.658189,77.189269,7.142857142857142,100,27.71,Low,False
539,Hassan,5556,Hassan,218385.0,Kabbali,615943,Mallanayakanahalli .,1,11.0,60.0,0.0,12.643313,76.027884,7.142857142857142,100,27.71,Low,False
548,Tumakuru,5536,Koratagere,220160.0,Bichapura,611095,Reddihalli,1,11.0,60.0,0.0,13.59827,76.549696,7.142857142857142,100,27.71,Low,False
548,Tumakuru,5537,Tumakuru,220368.0,Hirehalli,611401,Nandihalli,1,11.0,60.0,0.0,13.171464,76.664944,7.142857142857142,100,27.71,Low,False
547,Shivamogga,5521,Bhadravati,219857.0,Karehalli,608632,Kalinganahalli,1,11.0,60.0,0.0,13.830718,75.698105,7.142857142857142,100,27.71,Low,False
538,Kalaburagi,5582,Kalaburagi,273179.0,Saradagi (B),620313,Siradgi (Bhatad),1,11.0,60.0,0.0,17.488811,77.618896,7.142857142857142,100,27.71,Low,False
539,Hassan,5560,Channarayapatna,218357.0,Mattanavile,617291,Chinnenahalli,1,11.0,60.0,0.0,12.778007,76.227135,7.142857142857142,100,27.71,Low,False
538,Kalaburagi,5582,Kalaburagi,217998.0,Firojabad,620317,Ferozabad,1,11.0,60.0,0.0,17.294488,76.573099,7.142857142857142,100,27.71,Low,False
538,Kalaburagi,5583,Chincholi,217930.0,Chimanchod,620347,Chimmanchod,1,11.0,60.0,0.0,17.495107,77.62026,7.142857142857142,100,27.71,Low,False
550,Uttara Kannada,5486,Siddapur,220701.0,Heggarani,603553,Harigar,1,11.0,60.0,0.0,14.653122,74.302426,7.142857142857142,100,27.71,Low,False
545,Mysuru,5571,Krishnarajanagara,219513.0,Hosakote,618630,Nijaganahalli,1,11.0,60.0,0.0,12.290558,76.664636,7.142857142857142,100,27.71,Low,False
539,Hassan,5555,Arsikere,218255.0,Dummenahalli,615723,Singanakere,1,11.0,60.0,0.0,12.766982,76.048522,7.142857142857142,100,27.71,Low,False
541,Kodagu,5568,Virajpet,218745.0,Kadanur,618007,Kadanur,1,11.0,60.0,0.0,12.191032,75.807636,7.142857142857142,100,27.71,Low,False
540,Haveri,5491,Hangal,218518.0,Yalavatti,604058,Yallur,1,11.0,60.0,0.0,14.770775,75.37428,7.142857142857142,100,27.71,Low,False
544,Mandya,5552,Malavalli,219292.0,H Basavapura,614697,Basavana Halli,1,11.0,60.0,0.0,12.353565,76.937554,7.142857142857142,100,27.71,Low,False
532,Chikkamagaluru,5529,Kadur,216850.0,Devanur,609617,Halladahalli,1,11.0,60.0,0.0,12.1102,76.321164,7.142857142857142,100,27.71,Low,False
548,Tumakuru,5538,Gubbi,220139.0,Idagur,611952,Idagoor,1,11.0,60.0,0.0,13.528506,77.240483,7.142857142857142,100,27.71,Low,False
532,Chikkamagaluru,5527,Narasimharajapura,216957.0,Seethur,609078,Konodi,1,11.0,60.0,0.0,12.709591,76.946981,7.142857142857142,100,27.71,Low,False
548,Tumakuru,5538,Gubbi,220138.0,Hosakere,611690,Sangenahalli,1,5.0,80.0,0.0,13.270355,76.693472,7.142857142857142,100,27.61,Low,False
546,Raichur,7101,Maski,219732.0,Telekhan,600527,Sompur,1,5.0,80.0,0.0,16.015659,77.471698,7.142857142857142,100,27.61,Low,False
548,Tumakuru,5538,Gubbi,220149.0,Muganayanakote,611748,Muganayakanakote,1,5.0,80.0,0.0,13.514513,76.43027,7.142857142857142,100,27.61,Low,False
529,Bidar,5455,Bhalki,216379.0,Gorchincholli,599909,Kotgira,1,5.0,80.0,0.0,18.247421,77.188412,7.142857142857142,100,27.61,Low,False
533,Chitradurga,5504,Challakere,217035.0,Nagaramgere,939400,Lakshmipura.,1,5.0,80.0,0.0,14.112138,76.268979,7.142857142857142,100,27.61,Low,False
545,Mysuru,5573,Heggadadevankote,219438.0,Antharasanthe,619033,Honnurkuppe,1,5.0,80.0,0.0,12.210175,76.504594,7.142857142857142,100,27.61,Low,False
542,Kolar,5590,Srinivaspur,219068.0,Yeldur,621693,Hogalagere,1,5.0,80.0,0.0,13.050809,78.42798,7.142857142857142,100,27.61,Low,False
539,Hassan,5555,Arsikere,218247.0,Bageshpura,615767,Bageshpura,1,5.0,80.0,0.0,12.784971,76.049239,7.142857142857142,100,27.61,Low,False
545,Mysuru,7098,Saraguru,219442.0,Bidarahalli,619072,Uyyamballi,1,5.0,80.0,0.0,12.313302,76.635647,7.142857142857142,100,27.61,Low,False
548,Tumakuru,5536,Koratagere,220172.0,Mavathuru,611154,Sriramanahalli,1,5.0,80.0,0.0,13.341256,76.39604,7.142857142857142,100,27.61,Low,False
536,Dharwad,7080,Annigeri,217744.0,Ibrahimpur,602354,Ibrahimpur,1,5.0,80.0,0.0,15.36461,75.152558,7.142857142857142,100,27.61,Low,False
545,Mysuru,5569,Piriyapatna,219616.0,Chikkanerale,618116,Doddanerale,1,5.0,80.0,0.0,12.189329,76.398595,7.142857142857142,100,27.61,Low,False
536,Dharwad,7081,Alnavar,217641.0,Honnapur,602247,Kumbarganvi,1,26.0,80.0,1.0,15.568792,74.922578,7.142857142857142,50,27.46,Low,False
538,Kalaburagi,5581,Afzalpur,273151.0,Ghattarga,620139,Hawalga,1,26.0,80.0,1.0,17.161283,76.80986,7.142857142857142,50,27.46,Low,False
540,Haveri,5492,Haveri,218541.0,Kulenur,604204,Najikalakamapur,1,26.0,80.0,1.0,14.524598,75.792223,7.142857142857142,50,27.46,Low,False
541,Kodagu,7124,Kushalnagar,218711.0,Kudige,939033,Shiraholalu,1,10.0,60.0,0.0,12.920644,77.608461,7.142857142857142,100,27.36,Low,False
527,Belagavi,5439,Khanapur,215950.0,Chapagaon,597891,Chapagaon,1,10.0,60.0,0.0,16.555767,74.680218,7.142857142857142,100,27.36,Low,False
527,Belagavi,5439,Khanapur,215980.0,Mohisett,597959,Machali,1,10.0,60.0,0.0,15.839363,74.511311,7.142857142857142,100,27.36,Low,False
550,Uttara Kannada,5484,Ankola,273194.0,Honnebailu,603369,Shinganmakki,1,10.0,60.0,0.0,14.816784,74.128924,7.142857142857142,100,27.36,Low,False
538,Kalaburagi,5582,Kalaburagi,218021.0,Pattan,620285,Yelvanthi (K),1,10.0,60.0,0.0,17.337286,76.848987,7.142857142857142,100,27.36,Low,False
547,Shivamogga,5521,Bhadravati,219869.0,Tavaragatta,608651,Thavaraghatta,1,10.0,60.0,0.0,14.39543,75.07937,7.142857142857142,100,27.36,Low,False
539,Hassan,5554,Belur,218320.0,Rajanasiriyur,615253,Hakkihalli,1,10.0,60.0,0.0,12.798924,76.080174,7.142857142857142,100,27.36,Low,False
548,Tumakuru,5533,Sira,220300.0,Handikunte,610303,Handikunte,1,10.0,60.0,0.0,13.571917,76.999538,7.142857142857142,100,27.36,Low,False
541,Kodagu,5567,Somvarpet,218700.0,Gowdalli,617905,Channapura,1,10.0,60.0,0.0,12.46661,75.943898,7.142857142857142,100,27.36,Low,False
538,Kalaburagi,5584,Sedam,218076.0,Medak,620569,Gajalapur,1,10.0,60.0,0.0,17.044939,76.379206,7.142857142857142,100,27.36,Low,False
547,Shivamogga,5520,Shivamogga,220000.0,Koteganguru,608397,Devakathikoppa,1,10.0,60.0,0.0,13.933966,75.572701,7.142857142857142,100,27.36,Low,False
539,Hassan,5554,Belur,218311.0,Kesagodu,615429,Kerlur,1,10.0,60.0,0.0,12.751504,76.072044,7.142857142857142,100,27.36,Low,False
533,Chitradurga,5508,Hiriyur,217107.0,Kunikere,606134,Huchavvanahalli,1,10.0,60.0,0.0,14.092508,76.287661,7.142857142857142,100,27.36,Low,False
542,Kolar,7002,Kolar Gold Field,218810.0,Kysamballi,622814,Madivala,1,10.0,60.0,0.0,13.515301,78.222333,7.142857142857142,100,27.36,Low,False
630,Chikkaballapura,5600,Chintamani,218878.0,Yagavakote,624470,Kanagamakalahalli,1,10.0,60.0,0.0,13.399692,77.702444,7.142857142857142,100,27.36,Low,False
550,Uttara Kannada,5478,Karwar,220657.0,Mudgeri,602580,Hosali,1,10.0,60.0,0.0,14.864799,74.121367,7.142857142857142,100,27.36,Low,False
630,Chikkaballapura,5599,Sidlaghatta,219027.0,Handiganala,624190,Nellimaradahalli,1,10.0,60.0,0.0,13.59897,77.783495,7.142857142857142,100,27.36,Low,False
540,Haveri,5492,Haveri,218536.0,Kancharagatti,604274,Haralahalli,1,10.0,60.0,0.0,14.630195,75.632986,7.142857142857142,100,27.36,Low,False
529,Bidar,5457,Bidar,216428.0,Nagur,600237,Yakatpur,1,10.0,60.0,0.0,18.371078,77.326642,7.142857142857142,100,27.36,Low,False
546,Raichur,5462,Manvi,219767.0,Sunkeshwar,601012,Arnalli,1,10.0,60.0,0.0,16.293741,77.542489,7.142857142857142,100,27.36,Low,False
547,Shivamogga,5518,Hosanagara,219894.0,Mumbaru,607982,Behalli,1,10.0,60.0,0.0,13.841397,75.712179,7.142857142857142,100,27.36,Low,False
547,Shivamogga,5517,Shikarpur,219977.0,Thalagunda,607699,Bisalahalli,1,10.0,60.0,0.0,13.818797,75.047634,7.142857142857142,100,27.36,Low,False
538,Kalaburagi,5586,Jevargi,218060.0,Yalvar,620855,Sigarthalli,1,10.0,60.0,0.0,17.013096,76.779143,7.142857142857142,100,27.36,Low,False
535,Davanagere,5514,Channagiri,217459.0,Thippagondanahalli,607068,Shivpuradal,1,10.0,60.0,0.0,14.48914,75.916642,7.142857142857142,100,27.36,Low,False
550,Uttara Kannada,5482,Mundgod,273208.0,Naganuru,603042,Chipageri,1,10.0,60.0,0.0,15.271755,74.608958,7.142857142857142,100,27.36,Low,False
538,Kalaburagi,5581,Afzalpur,273152.0,Madara(B),620151,Karbhosga,1,10.0,60.0,0.0,17.356878,76.827379,7.142857142857142,100,27.36,Low,False
538,Kalaburagi,5584,Sedam,218075.0,Malkhed,620471,Samkhed,1,10.0,60.0,0.0,17.445223,76.389664,7.142857142857142,100,27.36,Low,False
548,Tumakuru,5535,Madhugiri,220228.0,Doddamaalur,610936,Doddamalur,1,10.0,60.0,0.0,12.950349,77.400672,7.142857142857142,100,27.36,Low,False
542,Kolar,5591,Kolar,218944.0,Annenahalli,622050,Iragasandra,1,10.0,60.0,0.0,13.186368,78.024435,7.142857142857142,100,27.36,Low,False
630,Chikkaballapura,5595,Gauribidanur,218916.0,Vatadahosahalli,623307,Krishnarajapura,1,10.0,60.0,0.0,13.577701,77.786879,7.142857142857142,100,27.36,Low,False
539,Hassan,5559,Hole Narsipur,218411.0,Doddahalli,617003,Doddahalli Kaval,1,10.0,60.0,0.0,13.316989,76.257095,7.142857142857142,100,27.36,Low,False
538,Kalaburagi,5585,Chittapur,217980.0,Madbol,620632,Mutpa,1,10.0,60.0,0.0,15.320626,76.493102,7.142857142857142,100,27.36,Low,False
544,Mandya,5547,Nagamangala,219382.0,Kalinganahalli,613735,Erubanahalli,1,10.0,60.0,0.0,12.581289,77.051443,7.142857142857142,100,27.36,Low,False
631,Bengaluru South,5605,Magadi,215548.0,Belagumba,625930,Shidaganahalli,1,10.0,60.0,0.0,12.672257,77.218671,7.142857142857142,100,27.36,Low,False
536,Dharwad,5477,Kundgol,217735.0,Yeraguppi,602551,Yaraguppi,1,10.0,60.0,0.0,15.331379,75.112439,7.142857142857142,100,27.36,Low,False
526,Bengaluru Rural,5603,Devanahalli,215442.0,Venkatagtirikote,625315,Venkatagirikote,1,10.0,60.0,0.0,12.790808,77.630394,7.142857142857142,100,27.36,Low,False
547,Shivamogga,5516,Sorab,220047.0,Shakunavalli,607386,Shakunavalli,1,20.0,100.0,1.0,13.990193,75.257763,7.142857142857142,50,27.36,Low,False
539,Hassan,5560,Channarayapatna,218339.0,Didaga,617325,Hosahalli,1,10.0,60.0,0.0,12.938049,75.783608,7.142857142857142,100,27.36,Low,False
542,Kolar,5590,Srinivaspur,219046.0,Arikunte,621452,Bayapalli,1,10.0,60.0,0.0,13.117105,78.144183,7.142857142857142,100,27.36,Low,False
532,Chikkamagaluru,7194,Kalasa,216934.0,Marasanige,609902,Marasanige,1,10.0,60.0,0.0,12.709627,76.938252,7.142857142857142,100,27.36,Low,False
548,Tumakuru,5535,Madhugiri,220247.0,Nerelekere,610719,Dasenahalli,1,10.0,60.0,0.0,13.944312,75.57905,7.142857142857142,100,27.36,Low,False
536,Dharwad,5475,Hubballi,217671.0,Belagali,602416,Inam-Veerapur,1,20.0,100.0,1.0,15.447153,74.996607,7.142857142857142,50,27.36,Low,False
631,Bengaluru South,5607,Channapatna,215415.0,Rampura,626241,Komananahalli,1,10.0,60.0,0.0,12.693911,77.466618,7.142857142857142,100,27.36,Low,False
534,Dakshina Kannada,5563,Beltangadi,217266.0,Machina,617660,Machina,1,4.0,80.0,0.0,12.88192,74.841214,7.142857142857142,100,27.26,Low,False
527,Belagavi,5441,Savadatti,216010.0,Inamahongal,598244,Inamhongal,1,4.0,80.0,0.0,15.827246,74.482093,7.142857142857142,100,27.26,Low,False
544,Mandya,5548,Pandavapura,219399.0,Halebeedu,614066,Bolenahalli,1,4.0,80.0,0.0,12.522176,76.908822,7.142857142857142,100,27.26,Low,False
542,Kolar,5592,Malur,218969.0,Hasandahalli,622313,M.Hosahalli,1,4.0,80.0,0.0,12.915871,78.253439,7.142857142857142,100,27.26,Low,False
545,Mysuru,7098,Saraguru,219439.0,B.Matakere,619110,Chikkabesage,1,25.0,80.0,1.0,12.277729,76.220554,7.142857142857142,50,27.11,Low,False
635,Yadgir,7094,Gurmitakal,218178.0,Jaigram,621357,Jaigram,1,25.0,80.0,1.0,16.84788,77.385122,7.142857142857142,50,27.11,Low,False
546,Raichur,7101,Maski,219717.0,Kannal,600510,Vyasa Nandihal,1,9.0,60.0,0.0,16.210143,77.355696,7.142857142857142,100,27.01,Low,False
542,Kolar,5590,Srinivaspur,219046.0,Arikunte,621578,Chinnagepalli,1,9.0,60.0,0.0,12.92082,78.284981,7.142857142857142,100,27.01,Low,False
542,Kolar,5593,Bangarapet,218812.0,Marikuppam,622573,Poojarahalli,1,9.0,60.0,0.0,13.180503,78.412267,7.142857142857142,100,27.01,Low,False
635,Yadgir,5587,Shorapur,218152.0,Kiradalli,620905,Malhalli,1,9.0,60.0,0.0,16.751967,77.134709,7.142857142857142,100,27.01,Low,False
536,Dharwad,5476,Kalghatgi,217687.0,Bammigatti,602515,Rajajinagar,1,9.0,60.0,0.0,15.346763,75.148956,7.142857142857142,100,27.01,Low,False
546,Raichur,7403,Arakera,219678.0,Ganadhal (Deodurga),600569,Kakkaldoddi,1,9.0,60.0,0.0,16.21897,77.344233,7.142857142857142,100,27.01,Low,False
544,Mandya,5549,Shrirangapattana,219431.0,Naguvanahalli,614292,Brahmapura,1,9.0,60.0,0.0,12.778702,76.429479,7.142857142857142,100,27.01,Low,False
526,Bengaluru Rural,5602,Doddaballapura,215471.0,Sasalu,624979,Lingadaveeranahalli,1,9.0,60.0,0.0,13.176799,77.785987,7.142857142857142,100,27.01,Low,False
524,Bagalkote,5443,Jamkhandi,215257.0,Chikka-Padsalgi,598469,Chikkapadasalgi,1,9.0,60.0,0.0,16.102776,75.663981,7.142857142857142,100,27.01,Low,False
529,Bidar,5455,Bhalki,272856.0,Enikoora,599938,Yenkura,1,9.0,60.0,0.0,17.713049,77.37198,7.142857142857142,100,27.01,Low,False
542,Kolar,7002,Kolar Gold Field,218819.0,Sundarapalya,622766,Thallapalli,1,9.0,60.0,0.0,12.933518,78.354788,7.142857142857142,100,27.01,Low,False
538,Kalaburagi,7090,Kamalapur,218017.0,Nagoor,620230,Nagoora,1,9.0,60.0,0.0,17.166995,76.771919,7.142857142857142,100,27.01,Low,False
538,Kalaburagi,5584,Sedam,218079.0,Neelhalli,620500,Konkanhalli,1,9.0,60.0,0.0,12.576177,77.366098,7.142857142857142,100,27.01,Low,False
538,Kalaburagi,7089,Yadrami,218050.0,Kuralgera,620804,Biryalhissa,1,9.0,60.0,0.0,17.300628,76.991719,7.142857142857142,100,27.01,Low,False
527,Belagavi,5435,Raybag,216098.0,Nipnal,597381,Nipanal,1,9.0,60.0,0.0,16.258214,74.467559,7.142857142857142,100,27.01,Low,False
630,Chikkaballapura,5598,Bagepalli,218771.0,Kanagamakala Palli,623811,Maddalakhane,1,9.0,60.0,0.0,13.391537,77.70914,7.142857142857142,100,27.01,Low,False
533,Chitradurga,5505,Chitradurga,217086.0,Turuvanur,605496,Turuvanur,1,9.0,60.0,0.0,14.118353,76.255001,7.142857142857142,100,27.01,Low,False
535,Davanagere,5514,Channagiri,217433.0,Kempanahalli,606941,Kempanahalli,1,9.0,60.0,0.0,14.480277,75.909861,7.142857142857142,100,27.01,Low,False
539,Hassan,5555,Arsikere,218284.0,Rangapura,615771,Nagathihalli,1,9.0,60.0,0.0,12.863275,76.498395,7.142857142857142,100,27.01,Low,False
630,Chikkaballapura,5597,Gudibanda,218921.0,Ullodu,623714,Somalapura,1,9.0,60.0,0.0,13.259608,76.538663,7.142857142857142,100,27.01,Low,False
548,Tumakuru,5537,Tumakuru,220379.0,Maskal,611606,Bidarakatte,1,9.0,60.0,0.0,12.840745,77.028685,7.142857142857142,100,27.01,Low,False
527,Belagavi,7043,Kittur,215773.0,Ugarkhod,598103,Timmapur,1,9.0,60.0,0.0,16.339588,74.982979,7.142857142857142,100,27.01,Low,False
540,Haveri,5494,Hirekerur,218573.0,Madlur,604349,Madlur,1,19.0,100.0,1.0,14.633041,75.632993,7.142857142857142,50,27.01,Low,False
530,Vijayapura,7123,Almel,273064.0,Ramanalli,599305,Thontapur,1,9.0,60.0,0.0,16.828493,75.713703,7.142857142857142,100,27.01,Low,False
532,Chikkamagaluru,5526,Koppa,216893.0,Agalagandi,609022,Agalagandi,1,9.0,60.0,0.0,12.131453,76.347326,7.142857142857142,100,27.01,Low,False
527,Belagavi,5442,Ramdurg,216066.0,Sunnahal,598359,Sunnal,1,9.0,60.0,0.0,16.622502,74.838043,7.142857142857142,100,27.01,Low,False
550,Uttara Kannada,5487,Honavar,220619.0,Chandavar,603727,Kadnir,1,9.0,60.0,0.0,15.317386,74.756959,7.142857142857142,100,27.01,Low,False
532,Chikkamagaluru,5526,Koppa,216913.0,Shanuvalli,608974,Heggadde,1,9.0,60.0,0.0,12.708552,76.955278,7.142857142857142,100,27.01,Low,False
544,Mandya,5552,Malavalli,219284.0,Bendaravadi,614682,Bendaravadi,1,9.0,60.0,0.0,12.583995,77.041358,7.142857142857142,100,27.01,Low,False
631,Bengaluru South,5608,Kanakapura,215505.0,Bannimukkodlu,626580,Mugguru,1,9.0,60.0,0.0,12.605497,77.103134,7.142857142857142,100,27.01,Low,False
544,Mandya,5552,Malavalli,219297.0,Huskur,614716,Banagahalli,1,19.0,100.0,1.0,12.588546,76.824137,7.142857142857142,50,27.01,Low,False
541,Kodagu,5567,Somvarpet,218696.0,Doddamolathe,939034,2ne Chowdlu,1,9.0,60.0,0.0,12.440305,75.729869,7.142857142857142,100,27.01,Low,False
534,Dakshina Kannada,5561,Mangaluru,217299.0,Ganjimata,617492,Tankaulipady,1,9.0,60.0,0.0,12.949282,74.814763,7.142857142857142,100,27.01,Low,False
547,Shivamogga,5515,Sagar,219927.0,Padavagodu,607204,Madasuru,1,9.0,60.0,0.0,13.944752,75.572432,7.142857142857142,100,27.01,Low,False
539,Hassan,5558,Arkalgud,218220.0,Bychanahalli,616626,Kallimuddanahalli,1,9.0,60.0,0.0,13.230011,75.980701,7.142857142857142,100,27.01,Low,False
531,Chamarajanagar,5576,Gundlupet,216730.0,Kotekere,619444,Yadavanahalli,1,9.0,60.0,0.0,11.93282,76.929472,7.142857142857142,100,27.01,Low,False
527,Belagavi,5433,Chikodi,215819.0,Manjari,597184,Manjari,1,9.0,60.0,0.0,15.954339,75.279474,7.142857142857142,100,27.01,Low,False
547,Shivamogga,5516,Sorab,220027.0,Guduvi,607492,Kanthanahalli,1,9.0,60.0,0.0,13.831661,75.682723,7.142857142857142,100,27.01,Low,False
536,Dharwad,5476,Kalghatgi,217703.0,Madakihonnahalli,602470,Sangedevarkoppa,1,9.0,60.0,0.0,15.121398,75.352451,7.142857142857142,100,27.01,Low,False
538,Kalaburagi,5584,Sedam,273191.0,Sindanmadu,620539,Bhutpur,1,19.0,100.0,1.0,17.040734,76.564695,7.142857142857142,50,27.01,Low,False
539,Hassan,5558,Arkalgud,218243.0,Vijapura Forest,616519,Masarangala,1,9.0,60.0,0.0,12.930332,75.803301,7.142857142857142,100,27.01,Low,False
529,Bidar,5454,Basavakalyan,216366.0,Yerbag,599774,Sadlapur,1,9.0,60.0,0.0,18.38074,77.320708,7.142857142857142,100,27.01,Low,False
539,Hassan,5557,Alur,218204.0,Ganjigere,616492,Holemaragodanahalli,1,9.0,60.0,0.0,12.65235,76.242507,7.142857142857142,100,27.01,Low,False
539,Hassan,5557,Alur,218207.0,Kadalu,616419,Channapura,1,9.0,60.0,0.0,13.020543,75.802615,7.142857142857142,100,27.01,Low,False
547,Shivamogga,5516,Sorab,220053.0,Tavanandi,607474,Bilavagodu,1,9.0,60.0,0.0,13.85208,75.722072,7.142857142857142,100,27.01,Low,False
542,Kolar,5591,Kolar,218944.0,Annenahalli,621986,Agnihalli,1,9.0,60.0,0.0,12.97287,78.374072,7.142857142857142,100,27.01,Low,False
527,Belagavi,5437,Hukkeri,215912.0,Hosur,939176,Badawadi,1,9.0,60.0,0.0,16.460929,74.456072,7.142857142857142,100,27.01,Low,False
539,Hassan,5556,Hassan,218373.0,Bylahalli,615850,Kaverahalli,1,9.0,60.0,0.0,12.796352,75.864717,7.142857142857142,100,27.01,Low,False
539,Hassan,5556,Hassan,218397.0,Salagame,615863,Thimmanahalli,1,9.0,60.0,0.0,13.305382,76.051611,7.142857142857142,100,27.01,Low,False
545,Mysuru,5575,Tirumakudal - Narsipur,219662.0,Seehalli,619324,Bhugathagahalli,1,3.0,80.0,0.0,12.165352,76.398615,7.142857142857142,100,26.91,Low,False
548,Tumakuru,5537,Tumakuru,220382.0,Nidavallalu,611530,Honnenahalli,1,3.0,80.0,0.0,13.668109,77.042483,7.142857142857142,100,26.91,Low,False
545,Mysuru,5570,Hunsur,273323.0,Moduru,618316,Madapura,1,3.0,80.0,0.0,12.534654,76.200814,7.142857142857142,100,26.91,Low,False
545,Mysuru,5573,Heggadadevankote,219463.0,Naganahalli,618888,Akkadevanahalli,1,3.0,80.0,0.0,12.186537,76.514604,7.142857142857142,100,26.91,Low,False
531,Chamarajanagar,5576,Gundlupet,216717.0,Begur,926061,Kaalanahundy,1,3.0,80.0,0.0,11.910895,76.91374,7.142857142857142,100,26.91,Low,False
539,Hassan,5557,Alur,218215.0,Taluru,616323,C.Hosahalli,1,3.0,80.0,0.0,13.035926,75.790422,7.142857142857142,100,26.91,Low,False
546,Raichur,5459,Lingasugur,219712.0,Honnalli,600469,Honnahalli,1,3.0,80.0,0.0,16.203115,77.360399,7.142857142857142,100,26.91,Low,False
545,Mysuru,5569,Piriyapatna,219630.0,Malangi,618281,Malangi,1,3.0,80.0,0.0,12.311205,76.670578,7.142857142857142,100,26.91,Low,False
544,Mandya,5551,Maddur,219270.0,Nagarakere,614606,Sompura,1,30.0,60.0,1.0,12.50966,76.871895,7.142857142857142,50,26.86,Low,False
536,Dharwad,5474,Navalgund,217739.0,Gudisagar,602342,Kadadahalli,1,30.0,60.0,1.0,15.406846,75.098378,7.142857142857142,50,26.86,Low,False
542,Kolar,7002,Kolar Gold Field,218806.0,Kammasandra,622680,Buvalahalli,1,30.0,60.0,1.0,13.35053,78.231007,7.142857142857142,50,26.86,Low,False
545,Mysuru,7098,Saraguru,219459.0,Manuganahalli,618979,Hunsahalli,1,30.0,60.0,1.0,12.132054,76.47722,7.142857142857142,50,26.86,Low,False
538,Kalaburagi,5581,Afzalpur,217875.0,Goura B,620104,Algi (K),1,30.0,60.0,1.0,17.165725,77.351792,7.142857142857142,50,26.86,Low,False
530,Vijayapura,5449,Vijayapura,216508.0,Ainapur,599086,Buranpur,1,30.0,60.0,1.0,16.496365,76.308491,7.142857142857142,50,26.86,Low,False
536,Dharwad,5476,Kalghatgi,217711.0,Tambur,602489,Shiddanabhavi,1,30.0,60.0,1.0,15.363031,75.166474,7.142857142857142,50,26.86,Low,False
548,Tumakuru,5537,Tumakuru,220387.0,Sorekunte,611250,P.Gollahalli,1,30.0,60.0,1.0,13.156409,76.278914,7.142857142857142,50,26.86,Low,False
548,Tumakuru,5540,Turuvekere,220410.0,Sampige,612278,Raghavadevanahalli,1,30.0,60.0,1.0,12.981143,77.382746,7.142857142857142,50,26.86,Low,False
528,Ballari,5499,Siruguppa,216268.0,B.M.Sugur,604833,Alabanur,1,30.0,60.0,1.0,15.290578,76.405515,7.142857142857142,50,26.86,Low,False
527,Belagavi,5439,Khanapur,215947.0,Bekawad,597902,Hadalaga,1,8.0,60.0,0.0,16.637592,74.839036,7.142857142857142,100,26.66,Low,False
527,Belagavi,5442,Ramdurg,216053.0,Idagal,598340,Hiremulangi,1,8.0,60.0,0.0,15.86526,74.50931,7.142857142857142,100,26.66,Low,False
547,Shivamogga,5520,Shivamogga,220017.0,Umblebilu,608514,Umble Bylu,1,8.0,60.0,0.0,13.935517,75.574954,7.142857142857142,100,26.66,Low,False
542,Kolar,7002,Kolar Gold Field,218806.0,Kammasandra,622677,Yerranaganahalli,1,8.0,60.0,0.0,12.945987,78.257846,7.142857142857142,100,26.66,Low,False
541,Kodagu,7124,Kushalnagar,218700.0,Gowdalli,923964,Haleri,1,8.0,60.0,0.0,12.187166,75.937191,7.142857142857142,100,26.66,Low,False
635,Yadgir,5588,Shahpur,218111.0,Rastapur,621131,Rastapur,1,8.0,60.0,0.0,16.716169,76.745764,7.142857142857142,100,26.66,Low,False
631,Bengaluru South,5608,Kanakapura,215526.0,Kallahalli,626453,Tigalarahalli,1,8.0,60.0,0.0,12.9404,77.237271,7.142857142857142,100,26.66,Low,False
635,Yadgir,7096,Hunasagi,218136.0,Jogandabhavi,620986,Rayangola,1,8.0,60.0,0.0,16.471796,76.51748,7.142857142857142,100,26.66,Low,False
525,Bengaluru Urban,5543,Bengaluru South,302614.0,Hommadevanahalli,613058,Mylasandra,1,8.0,60.0,0.0,13.054337,77.582505,7.142857142857142,100,26.66,Low,False
545,Mysuru,5572,Mysuru,219530.0,Anandur,618691,Subrahmanyapura J.I,1,8.0,60.0,0.0,12.517692,76.199858,7.142857142857142,100,26.66,Low,False
532,Chikkamagaluru,5529,Kadur,216846.0,Chikkaballekere,609411,Hireballekere,1,8.0,60.0,0.0,12.135286,76.350861,7.142857142857142,100,26.66,Low,False
532,Chikkamagaluru,5526,Koppa,216902.0,Hariharapura,608982,Hariharapura,1,8.0,60.0,0.0,12.128807,76.327791,7.142857142857142,100,26.66,Low,False
534,Dakshina Kannada,7104,Kadaba,217361.0,Mardhala,617715,Bantra,1,8.0,60.0,0.0,12.880439,74.836907,7.142857142857142,100,26.66,Low,False
538,Kalaburagi,5586,Jevargi,218046.0,Kellur,620815,Halgadla,1,8.0,60.0,0.0,17.294799,76.860282,7.142857142857142,100,26.66,Low,False
538,Kalaburagi,5582,Kalaburagi,273176.0,Basavapattana,620312,Aurad (K),1,8.0,60.0,0.0,17.34531,76.843582,7.142857142857142,100,26.66,Low,False
527,Belagavi,5439,Khanapur,215979.0,Manturga,597924,Manturga,1,8.0,60.0,0.0,15.83327,74.861972,7.142857142857142,100,26.66,Low,False
532,Chikkamagaluru,5529,Kadur,216862.0,Kadurhalli,609495,Kadur (Rural),1,8.0,60.0,0.0,12.692077,76.942701,7.142857142857142,100,26.66,Low,False
541,Kodagu,5567,Somvarpet,218697.0,Dundalli,939038,Edehalli,1,8.0,60.0,0.0,11.979818,76.370677,7.142857142857142,100,26.66,Low,False
534,Dakshina Kannada,5565,Sulya,217377.0,Amara Mudnuru,617765,Amaramudnur,1,8.0,60.0,0.0,12.59209,75.214944,7.142857142857142,100,26.66,Low,False
541,Kodagu,5567,Somvarpet,218710.0,Kodlipet,617861,Kelakodli,1,8.0,60.0,0.0,12.440393,75.836083,7.142857142857142,100,26.66,Low,False
527,Belagavi,5441,Savadatti,215999.0,Chachadi,598189,Chikkabudanur,1,8.0,60.0,0.0,16.703391,74.730197,7.142857142857142,100,26.66,Low,False
547,Shivamogga,5519,Tirthahalli,220077.0,Kannangi,608137,Jeerahalli,1,8.0,60.0,0.0,13.941614,75.56697,7.142857142857142,100,26.66,Low,False
535,Davanagere,5512,Davanagere,217468.0,Bada,606700,Vitalapura,1,8.0,60.0,0.0,14.360313,75.726868,7.142857142857142,100,26.66,Low,False
542,Kolar,5594,Mulbagal,219001.0,Hanumanahalli,622898,Bheeampura,1,8.0,60.0,0.0,12.91727,78.117015,7.142857142857142,100,26.66,Low,False
529,Bidar,7085,Kamalnagar,216305.0,Dabka,599976,Ganganbeed,1,8.0,60.0,0.0,18.051538,77.231571,7.142857142857142,100,26.66,Low,False
542,Kolar,5592,Malur,218971.0,Hulimangala Hosakote (H.Hosakote),622236,Chandanahalli,1,8.0,60.0,0.0,12.873825,78.01206,7.142857142857142,100,26.66,Low,False
538,Kalaburagi,7090,Kamalapur,217887.0,Ambalga,619986,Ambalga,1,8.0,60.0,0.0,17.228596,77.202971,7.142857142857142,100,26.66,Low,False
535,Davanagere,7076,Nyamathi,217602.0,Savalanga,606731,Machagondanahalli,1,8.0,60.0,0.0,14.453069,75.915855,7.142857142857142,100,26.66,Low,False
630,Chikkaballapura,5597,Gudibanda,218922.0,Varlakonda,623777,Gopuradahalli,1,8.0,60.0,0.0,13.604247,77.772446,7.142857142857142,100,26.66,Low,False
538,Kalaburagi,5586,Jevargi,218047.0,Kolkur,620759,Kolkur,1,8.0,60.0,0.0,17.298599,76.812642,7.142857142857142,100,26.66,Low,False
539,Hassan,5560,Channarayapatna,218348.0,Kabbali,617315,Thuppada Halli,1,8.0,60.0,0.0,12.764848,76.249857,7.142857142857142,100,26.66,Low,False
538,Kalaburagi,5581,Afzalpur,217878.0,Kalloor,620133,Kalur,1,8.0,60.0,0.0,12.585183,77.366182,7.142857142857142,100,26.66,Low,False
545,Mysuru,5572,Mysuru,219557.0,Someshwarapura,618815,Koodanahalli,1,8.0,60.0,0.0,12.109417,76.333796,7.142857142857142,100,26.66,Low,False
548,Tumakuru,5535,Madhugiri,220217.0,Bedathuru,610694,Bedattur,1,8.0,60.0,0.0,13.246184,77.050253,7.142857142857142,100,26.66,Low,False
529,Bidar,5454,Basavakalyan,216336.0,Bhosga,599791,Wadderga,1,8.0,60.0,0.0,18.029681,77.194051,7.142857142857142,100,26.66,Low,False
542,Kolar,7002,Kolar Gold Field,218807.0,Kangandlahalli,622806,Thongalakuppa,1,8.0,60.0,0.0,12.960637,78.271051,7.142857142857142,100,26.66,Low,False
545,Mysuru,5572,Mysuru,219553.0,Nagawala,618708,Huyilalu,1,8.0,60.0,0.0,12.312529,76.68877,7.142857142857142,100,26.66,Low,False
538,Kalaburagi,5580,Aland,217902.0,Kamalanagar,619980,Karhari,1,8.0,60.0,0.0,17.124281,77.085756,7.142857142857142,100,26.66,Low,False
526,Bengaluru Rural,5601,Nelamangala,215587.0,Maralakunte,624718,Madaga,1,8.0,60.0,0.0,13.217568,77.240048,7.142857142857142,100,26.66,Low,False
549,Udupi,5522,Kundapura,220463.0,Haladi,608749,Harady (28),1,18.0,100.0,1.0,13.361777,74.853376,7.142857142857142,50,26.66,Low,False
630,Chikkaballapura,7407,Chelur,218781.0,Puligallu,623987,Bellalampalli,1,8.0,60.0,0.0,13.571624,77.800613,7.142857142857142,100,26.66,Low,False
630,Chikkaballapura,5599,Sidlaghatta,219041.0,Thimmsandra,624056,Kommasandra,1,8.0,60.0,0.0,13.602883,77.799693,7.142857142857142,100,26.66,Low,False
542,Kolar,5592,Malur,218973.0,Jayamangala,622247,Seegepura,1,8.0,60.0,0.0,13.151053,78.122227,7.142857142857142,100,26.66,Low,False
544,Mandya,5549,Shrirangapattana,219431.0,Naguvanahalli,614291,Bommur Agrahara,1,8.0,60.0,0.0,12.719376,76.817395,7.142857142857142,100,26.66,Low,False
538,Kalaburagi,5585,Chittapur,217983.0,Nalwar,620698,Nalwar,1,8.0,60.0,0.0,17.192839,76.535697,7.142857142857142,100,26.66,Low,False
546,Raichur,5461,Raichur,219788.0,Mamdapur,600825,Asapur,1,8.0,60.0,0.0,16.003343,77.445744,7.142857142857142,100,26.66,Low,False
545,Mysuru,5569,Piriyapatna,219618.0,Doddabylalu,618214,Makanahalli,1,8.0,60.0,0.0,12.124414,76.535988,7.142857142857142,100,26.66,Low,False
631,Bengaluru South,5606,Ramanagara,215606.0,Hulikeregunnur(Averhalli),626179,Kurubarahalli,1,8.0,60.0,0.0,12.450254,77.495732,7.142857142857142,100,26.66,Low,False
545,Mysuru,5569,Piriyapatna,219618.0,Doddabylalu,618213,Javanikuppe,1,8.0,60.0,0.0,12.30889,76.647234,7.142857142857142,100,26.66,Low,False
537,Gadag,5468,Nargund,217802.0,Hirekoppa,601864,Hirekopppa,1,8.0,60.0,0.0,15.413343,75.217996,7.142857142857142,100,26.66,Low,False
548,Tumakuru,5536,Koratagere,220176.0,Tumbadi,611048,Pemmedevarahalli,1,8.0,60.0,0.0,13.318701,77.161087,7.142857142857142,100,26.66,Low,False
635,Yadgir,5588,Shahpur,218107.0,Mudbool,621108,Billa (D),1,8.0,60.0,0.0,16.759937,77.140206,7.142857142857142,100,26.66,Low,False
544,Mandya,5547,Nagamangala,219376.0,Gondenahalli,613781,Kuchahallikaval,1,8.0,60.0,0.0,12.411152,77.234407,7.142857142857142,100,26.66,Low,False
545,Mysuru,5573,Heggadadevankote,219458.0,Madapura,618948,Iruvidhi,2,21.0,60.0,1.0,12.313846999999999,76.6430005,14.285714285714285,50,26.56,Low,False
526,Bengaluru Rural,5604,Hosakote,215479.0,Doddanallala,625613,Halasakaipura,1,2.0,80.0,0.0,13.248015,77.254653,7.142857142857142,100,26.56,Low,False
630,Chikkaballapura,5596,Chikkaballapura,218828.0,Avagurki,623520,Soolikunte,1,2.0,80.0,0.0,13.282724,76.525893,7.142857142857142,100,26.56,Low,False
541,Kodagu,5567,Somvarpet,218691.0,Besur,939006,Mavinalli,1,2.0,80.0,0.0,12.445409,75.721712,7.142857142857142,100,26.56,Low,False
527,Belagavi,5440,Bailahongala,215751.0,Kenganur,598136,Jalikoppa,1,2.0,80.0,0.0,15.760911,75.093214,7.142857142857142,100,26.56,Low,False
537,Gadag,5472,Mundargi,217784.0,Bagewadi,602189,Jyalawadgi,1,2.0,80.0,0.0,15.362465,75.511661,7.142857142857142,100,26.56,Low,False
539,Hassan,5559,Hole Narsipur,218428.0,Niduvani,616944,Jodi Gubbi,1,2.0,80.0,0.0,12.765179,75.84435,7.142857142857142,100,26.56,Low,False
546,Raichur,5463,Sindhnur,219801.0,Alabanur,601204,Rangadahalli,1,29.0,60.0,1.0,15.967771,76.743644,7.142857142857142,50,26.51,Low,False
535,Davanagere,5514,Channagiri,217455.0,Siddanamatha,606950,Siddanamatha,1,29.0,60.0,1.0,14.498936,75.803671,7.142857142857142,50,26.51,Low,False
545,Mysuru,5575,Tirumakudal - Narsipur,219638.0,B.Shettahalli,619430,Vijayapura,1,29.0,60.0,1.0,12.274795,76.658603,7.142857142857142,50,26.51,Low,False
635,Yadgir,7096,Hunasagi,218143.0,Kodekall,620972,Rayanpala,1,29.0,60.0,1.0,16.653803,76.525919,7.142857142857142,50,26.51,Low,False
549,Udupi,7068,Brahmavara,220520.0,Haradi,608792,Baikady,1,29.0,60.0,1.0,13.675539,74.663014,7.142857142857142,50,26.51,Low,False
536,Dharwad,5474,Navalgund,217746.0,Kalawad,602340,Kalawad,1,29.0,60.0,1.0,15.371784,75.127186,7.142857142857142,50,26.51,Low,False
542,Kolar,5591,Kolar,218953.0,Sulur,621837,Madivala,1,23.0,80.0,1.0,12.867571,78.175503,7.142857142857142,50,26.41,Low,False
534,Dakshina Kannada,5562,Bantval,217206.0,Golthamajalu,617568,Amtoor,1,23.0,80.0,1.0,12.904781,74.853456,7.142857142857142,50,26.41,Low,False
541,Kodagu,5568,Virajpet,218752.0,Maldare,618025,Maldare,1,30.0,100.0,2.0,12.948054,77.58086,7.142857142857142,20,26.36,Low,False
532,Chikkamagaluru,5531,Mudigere,216919.0,Bidarahalli,609956,Kenjige Estate,1,7.0,60.0,0.0,12.1118,76.34764,7.142857142857142,100,26.31,Low,False
530,Vijayapura,7075,Nidagundi,216482.0,Itagi,599567,Muddapur,1,7.0,60.0,0.0,16.670429,75.561082,7.142857142857142,100,26.31,Low,False
533,Chitradurga,5505,Chitradurga,217052.0,Alagavadi,605482,Palakihalli,1,7.0,60.0,0.0,14.247945,76.429632,7.142857142857142,100,26.31,Low,False
548,Tumakuru,5535,Madhugiri,220248.0,Puravara,610954,Obalapura,1,7.0,60.0,0.0,13.303114,77.148617,7.142857142857142,100,26.31,Low,False
548,Tumakuru,5536,Koratagere,220171.0,Kyamenahalli,611120,Honnaranahalli,1,7.0,60.0,0.0,12.953859,77.38462,7.142857142857142,100,26.31,Low,False
538,Kalaburagi,5584,Sedam,218080.0,Ranjol,620519,Ranjole,1,7.0,60.0,0.0,17.153472,77.348426,7.142857142857142,100,26.31,Low,False
548,Tumakuru,5536,Koratagere,220178.0,Vajjanakurike,611184,Thigalarahalli,1,7.0,60.0,0.0,13.179251,76.683664,7.142857142857142,100,26.31,Low,False
542,Kolar,5590,Srinivaspur,219051.0,Hodali,621594,Thimmasandra (R),1,7.0,60.0,0.0,13.202281,78.026473,7.142857142857142,100,26.31,Low,False
542,Kolar,5594,Mulbagal,218991.0,Angondahalli,622977,Belapanahalli,1,7.0,60.0,0.0,13.151951,78.383112,7.142857142857142,100,26.31,Low,False
524,Bagalkote,5446,Badami,215176.0,Neelgund,598703,Neelagund,1,7.0,60.0,0.0,16.492683,75.12051,7.142857142857142,100,26.31,Low,False
541,Kodagu,5566,Madikeri,218681.0,Makkandur,923912,Hemmethalu,1,7.0,60.0,0.0,12.410627,75.74768,7.142857142857142,100,26.31,Low,False
537,Gadag,5471,Shirahatti,274217.0,Majjooru,602100,Kusalapur,1,7.0,60.0,0.0,15.432171,75.223732,7.142857142857142,100,26.31,Low,False
541,Kodagu,5566,Madikeri,218675.0,Kanthur Murnad,617838,Kiggalu,1,7.0,60.0,0.0,12.431977,75.749557,7.142857142857142,100,26.31,Low,False
542,Kolar,5591,Kolar,218951.0,Shapur,622070,Doddnahalli,1,7.0,60.0,0.0,12.889594,78.118446,7.142857142857142,100,26.31,Low,False
527,Belagavi,5442,Ramdurg,216037.0,Awardhi,598387,Hampiholi,1,7.0,60.0,0.0,16.430408,74.592705,7.142857142857142,100,26.31,Low,False
527,Belagavi,7099,Mudalgi,274212.0,Tigadi,597526,Tigadi,1,7.0,60.0,0.0,15.822356,74.490607,7.142857142857142,100,26.31,Low,False
539,Hassan,5560,Channarayapatna,218358.0,Nallur,617184,Gullahalli,1,7.0,60.0,0.0,13.303549,76.256165,7.142857142857142,100,26.31,Low,False
543,Koppal,7093,Kukanoor,219192.0,Mangalur,601323,Kavalkere,1,7.0,60.0,0.0,15.851243,76.058918,7.142857142857142,100,26.31,Low,False
533,Chitradurga,5506,Holalkere,217136.0,Muthugadur,605638,Sasalu,1,7.0,60.0,0.0,14.106438,76.275974,7.142857142857142,100,26.31,Low,False
550,Uttara Kannada,5482,Mundgod,220681.0,Bedasgaon,603079,Halaharavi,1,7.0,60.0,0.0,14.790757,74.117207,7.142857142857142,100,26.31,Low,False
539,Hassan,5554,Belur,218314.0,Kushavara,615390,Malliganur,1,7.0,60.0,0.0,13.28812,76.041176,7.142857142857142,100,26.31,Low,False
548,Tumakuru,5536,Koratagere,220175.0,Thovinakere,610998,Surenahalli,1,7.0,60.0,0.0,13.428828,76.549945,7.142857142857142,100,26.31,Low,False
548,Tumakuru,5540,Turuvekere,220393.0,Aremallenahalli,612350,Byadarakodigehalli,1,7.0,60.0,0.0,14.26297,77.159153,7.142857142857142,100,26.31,Low,False
547,Shivamogga,5519,Tirthahalli,220061.0,Basavani,608263,Haluvani,1,7.0,60.0,0.0,13.941698,75.564877,7.142857142857142,100,26.31,Low,False
548,Tumakuru,5533,Sira,220294.0,Chinnenahalli,610500,Kalenahalli,1,7.0,60.0,0.0,13.256186,77.015912,7.142857142857142,100,26.31,Low,False
527,Belagavi,5441,Savadatti,216010.0,Inamahongal,598245,Hireulligeri,1,7.0,60.0,0.0,15.848954,74.532556,7.142857142857142,100,26.31,Low,False
547,Shivamogga,5519,Tirthahalli,220071.0,Hedduru,608234,Munduvalli,1,7.0,60.0,0.0,14.059902,75.389535,7.142857142857142,100,26.31,Low,False
527,Belagavi,5437,Hukkeri,215930.0,Nerali,597573,Masarguppi,1,7.0,60.0,0.0,15.759041,74.62128,7.142857142857142,100,26.31,Low,False
547,Shivamogga,5519,Tirthahalli,220063.0,Bandya,608143,Bettadasaravani,1,7.0,60.0,0.0,13.832184,75.700071,7.142857142857142,100,26.31,Low,False
535,Davanagere,5512,Davanagere,217499.0,Shaygale,606693,Syagale,1,7.0,60.0,0.0,14.486239,75.924363,7.142857142857142,100,26.31,Low,False
535,Davanagere,5512,Davanagere,272698.0,Halebathi,606543,Neelanahalli,1,7.0,60.0,0.0,14.455499,75.906356,7.142857142857142,100,26.31,Low,False
542,Kolar,5594,Mulbagal,219008.0,Mudiyanur,622864,Gujjanahalli,1,7.0,60.0,0.0,12.968879,78.253305,7.142857142857142,100,26.31,Low,False
542,Kolar,5592,Malur,218970.0,Huladenahalli,622290,Byappanahatti,1,7.0,60.0,0.0,13.015317,77.936217,7.142857142857142,100,26.31,Low,False
547,Shivamogga,5518,Hosanagara,219881.0,Harathalu,607921,Menase,1,7.0,60.0,0.0,14.148741,75.034285,7.142857142857142,100,26.31,Low,False
548,Tumakuru,5539,Tiptur,220348.0,Sarthavalli,611999,Thammadihalli,1,7.0,60.0,0.0,13.202312,77.200177,7.142857142857142,100,26.31,Low,False
535,Davanagere,7076,Nyamathi,217570.0,Chatnihalli,606746,Manganakoppa,1,7.0,60.0,0.0,14.483606,75.929581,7.142857142857142,100,26.31,Low,False
630,Chikkaballapura,5599,Sidlaghatta,219020.0,Basettyhalli,624104,Maravenahalli,1,7.0,60.0,0.0,13.273169,76.528779,7.142857142857142,100,26.31,Low,False
527,Belagavi,5433,Chikodi,215835.0,Umarani,597216,Umrani,1,7.0,60.0,0.0,15.780673,74.618285,7.142857142857142,100,26.31,Low,False
547,Shivamogga,5518,Hosanagara,219878.0,Baluru,607937,Balur,1,17.0,100.0,1.0,13.930339,75.583663,7.142857142857142,50,26.31,Low,False
631,Bengaluru South,5605,Magadi,215566.0,Narasandra,625847,Marur,1,7.0,60.0,0.0,12.729601,77.276752,7.142857142857142,100,26.31,Low,False
545,Mysuru,5569,Piriyapatna,219623.0,Hunasavadi,618255,Kirangoor,1,7.0,60.0,0.0,12.313029,76.615115,7.142857142857142,100,26.31,Low,False
532,Chikkamagaluru,5527,Narasimharajapura,216957.0,Seethur,609077,Bellur,1,7.0,60.0,0.0,12.722541,76.94723,7.142857142857142,100,26.31,Low,False
542,Kolar,5590,Srinivaspur,219063.0,Pulagurkota,621516,Pandivaripalli,1,7.0,60.0,0.0,13.198537,78.526509,7.142857142857142,100,26.31,Low,False
545,Mysuru,5569,Piriyapatna,219612.0,Bhuvanahalli,618178,Bhuvanahalli,1,7.0,60.0,0.0,12.168603,76.399408,7.142857142857142,100,26.31,Low,False
524,Bagalkote,5444,Bilgi,215217.0,Korti,598500,Hosa Korti,1,7.0,60.0,0.0,16.132403,75.63524,7.142857142857142,100,26.31,Low,False
534,Dakshina Kannada,5561,Mangaluru,217306.0,Kandavara,617503,Kolambe (Ct),2,14.5,80.0,1.0,12.9387555,75.064223,14.285714285714285,50,26.29,Low,False
524,Bagalkote,5444,Bilgi,273103.0,Heggura,598508,Godihal Pu.K,1,1.0,80.0,0.0,15.96368,76.094848,7.142857142857142,100,26.21,Low,False
631,Bengaluru South,5606,Ramanagara,215614.0,Lakshmipura,626055,Kempavaderahalli,1,1.0,80.0,0.0,12.668557,77.193777,7.142857142857142,100,26.21,Low,False
525,Bengaluru Urban,5545,Anekal,215331.0,Marasur,613318,Madivala,1,1.0,80.0,0.0,12.934451,77.578658,7.142857142857142,100,26.21,Low,False
526,Bengaluru Rural,5601,Nelamangala,215589.0,Shivagange,624764,Gangenapura,1,1.0,80.0,0.0,13.289478,77.533173,7.142857142857142,100,26.21,Low,False
525,Bengaluru Urban,5543,Bengaluru South,215383.0,Kagglipura,613041,O.B.Chudahalli,1,1.0,80.0,0.0,12.971605,77.590813,7.142857142857142,100,26.21,Low,False
538,Kalaburagi,5583,Chincholi,217954.0,Shirolli,620467,Siroli,1,1.0,80.0,0.0,16.337298,75.265558,7.142857142857142,100,26.21,Low,False
542,Kolar,7002,Kolar Gold Field,218818.0,Srinivasa Sandra,622841,Krishnarajapura,1,1.0,80.0,0.0,12.869514,78.18382,7.142857142857142,100,26.21,Low,False
530,Vijayapura,7070,Chadchan,216566.0,Devarnimbaragi,599192,Devarnimbargi,1,1.0,80.0,0.0,16.820527,76.07565,7.142857142857142,100,26.21,Low,False
530,Vijayapura,5451,Sindgi,273063.0,Nagavi B.K,599352,Goravagundagi,1,1.0,80.0,0.0,16.937657,76.240633,7.142857142857142,100,26.21,Low,False
544,Mandya,5546,Krishnarajpet,219228.0,Mandagere,613582,Shravanahalli,1,1.0,80.0,0.0,12.413808,76.821814,7.142857142857142,100,26.21,Low,False
545,Mysuru,7230,Saligrama,219506.0,Haliyur,618563,Hosuru,1,1.0,80.0,0.0,12.202985,76.522906,7.142857142857142,100,26.21,Low,False
546,Raichur,7101,Maski,219762.0,Pamanakallur,600893,Anandgal,1,1.0,80.0,0.0,16.194022,76.665811,7.142857142857142,100,26.21,Low,False
631,Bengaluru South,5605,Magadi,215558.0,Kalya,625936,Mayanaikanahalli,1,28.0,60.0,1.0,12.950594,77.401681,7.142857142857142,50,26.16,Low,False
527,Belagavi,5437,Hukkeri,215937.0,Sulthanaput,597605,Awargol,1,28.0,60.0,1.0,15.830322,74.470322,7.142857142857142,50,26.16,Low,False
545,Mysuru,5571,Krishnarajanagara,219512.0,Hosaagrahara,618575,Hosa Agrahara,1,28.0,60.0,1.0,12.291704,76.650204,7.142857142857142,50,26.16,Low,False
539,Hassan,5560,Channarayapatna,218330.0,Bagur,617169,Chowdenahalli,1,28.0,60.0,1.0,12.893162,76.384301,7.142857142857142,50,26.16,Low,False
534,Dakshina Kannada,5563,Beltangadi,217263.0,Kukkedi,617629,Nittade,1,28.0,60.0,1.0,12.879487,74.822075,7.142857142857142,50,26.16,Low,False
527,Belagavi,5433,Chikodi,215778.0,Ankali,597187,Shiddapurwadi,1,28.0,60.0,1.0,16.098448,74.663984,7.142857142857142,50,26.16,Low,False
527,Belagavi,5440,Bailahongala,215769.0,Tigadi,598061,Tigadi,1,28.0,60.0,1.0,15.828025,74.487594,7.142857142857142,50,26.16,Low,False
542,Kolar,5594,Mulbagal,219006.0,Mothakapalli,623179,Meltayalur,1,28.0,60.0,1.0,12.923698,78.118592,7.142857142857142,50,26.16,Low,False
544,Mandya,5547,Nagamangala,219375.0,Doddabala,613875,Padavalachittanahalli,1,6.0,60.0,0.0,12.521233,76.68126,7.142857142857142,100,25.96,Low,False
544,Mandya,5552,Malavalli,219303.0,Kyathnahalli,614822,Kaggala,1,6.0,60.0,0.0,12.415407,76.688289,7.142857142857142,100,25.96,Low,False
525,Bengaluru Urban,7103,Yelahanka,215358.0,Hurulichikkanahalli,612887,Tharabanahalli,1,6.0,60.0,0.0,12.930094,77.581884,7.142857142857142,100,25.96,Low,False
537,Gadag,5470,Gadag,272958.0,Timmapur,602012,Timmapur,1,6.0,60.0,0.0,15.421635,75.6344,7.142857142857142,100,25.96,Low,False
631,Bengaluru South,5607,Channapatna,215404.0,Kodamballi,626294,Kondapura,1,6.0,60.0,0.0,12.556603,77.433928,7.142857142857142,100,25.96,Low,False
537,Gadag,5468,Nargund,217799.0,Bhiranahatti,601893,Madagunaki,1,6.0,60.0,0.0,15.413978,75.642881,7.142857142857142,100,25.96,Low,False
524,Bagalkote,7062,Ilkal,215244.0,Karadi,598955,Amarawadgi,1,6.0,60.0,0.0,16.191481,75.483329,7.142857142857142,100,25.96,Low,False
525,Bengaluru Urban,5543,Bengaluru South,215388.0,Somanahalli,613055,Vaddarapalya,1,6.0,60.0,0.0,12.821415,77.857055,7.142857142857142,100,25.96,Low,False
546,Raichur,7101,Maski,219717.0,Kannal,600507,Mudaldinni,1,6.0,60.0,0.0,16.314632,77.156172,7.142857142857142,100,25.96,Low,False
550,Uttara Kannada,5486,Siddapur,220705.0,Kolsirsi,603708,Halagadikoppa,1,6.0,60.0,0.0,14.90756,74.335189,7.142857142857142,100,25.96,Low,False
535,Davanagere,5509,Harihar,217543.0,Hanagavadi,606252,Haraganahalli,1,6.0,60.0,0.0,14.505324,76.145077,7.142857142857142,100,25.96,Low,False
527,Belagavi,5439,Khanapur,215971.0,Karmbla,597869,Karambal,1,6.0,60.0,0.0,15.838759,74.537334,7.142857142857142,100,25.96,Low,False
539,Hassan,5556,Hassan,218403.0,Tejur,616048,Mavinahalli,1,6.0,60.0,0.0,13.308925,76.25494,7.142857142857142,100,25.96,Low,False
539,Hassan,5555,Arsikere,218273.0,Kolagunda,615490,Narasipura,1,6.0,60.0,0.0,13.013526,76.120619,7.142857142857142,100,25.96,Low,False
550,Uttara Kannada,5488,Bhatkal,220589.0,Konar,603875,Mugali,1,6.0,60.0,0.0,14.972026,74.721196,7.142857142857142,100,25.96,Low,False
545,Mysuru,5571,Krishnarajanagara,219509.0,Hebbalu,618633,Kappadihantha,1,6.0,60.0,0.0,12.124636,76.547164,7.142857142857142,100,25.96,Low,False
535,Davanagere,5511,Jagalur,217628.0,Pallagatte,606435,Masanikatte,1,6.0,60.0,0.0,14.525115,76.351912,7.142857142857142,100,25.96,Low,False
545,Mysuru,5572,Mysuru,219537.0,Doddamaragowdanahalli,618717,Doddamaragowdanahalli,1,6.0,60.0,0.0,12.342876,76.679146,7.142857142857142,100,25.96,Low,False
539,Hassan,5557,Alur,218201.0,Abbana,616245,Honkaravalli,1,6.0,60.0,0.0,12.78383,76.250406,7.142857142857142,100,25.96,Low,False
547,Shivamogga,5516,Sorab,220056.0,Ennekoppa,607434,Kamanavalli,1,6.0,60.0,0.0,13.992204,75.693114,7.142857142857142,100,25.96,Low,False
547,Shivamogga,5517,Shikarpur,219959.0,Jakkanahalli,607756,Punedahalli,1,6.0,60.0,0.0,14.040171,75.404615,7.142857142857142,100,25.96,Low,False
527,Belagavi,5433,Chikodi,215822.0,Nagarmunoli,597218,Nagaramunnoli,1,6.0,60.0,0.0,15.145701,76.933418,7.142857142857142,100,25.96,Low,False
540,Haveri,7106,Rattihalli,218571.0,Kodamaggi,604464,Yattinahalli-M-Masur,1,6.0,60.0,0.0,14.636808,75.619891,7.142857142857142,100,25.96,Low,False
630,Chikkaballapura,7407,Chelur,218782.0,Racheravu,623969,Kondorupalli,1,6.0,60.0,0.0,13.380148,77.701957,7.142857142857142,100,25.96,Low,False
631,Bengaluru South,5605,Magadi,215545.0,Ajjanahalli,626029,Matha,1,6.0,60.0,0.0,12.747031,77.299021,7.142857142857142,100,25.96,Low,False
635,Yadgir,7096,Hunasagi,218139.0,Kamanatagi,620979,Krishnanagar,1,6.0,60.0,0.0,16.781509,77.129027,7.142857142857142,100,25.96,Low,False
543,Koppal,7092,Karatagi,219083.0,Gundur,601694,Gundur,1,6.0,60.0,0.0,15.5976,76.007834,7.142857142857142,100,25.96,Low,False
545,Mysuru,5569,Piriyapatna,219611.0,Bettadatunga,618186,Kudakuru,1,6.0,60.0,0.0,12.261307,75.601172,7.142857142857142,100,25.96,Low,False
529,Bidar,7085,Kamalnagar,216309.0,Ekamaba,599977,Ganeshpur (A),1,6.0,60.0,0.0,17.866024,76.934081,7.142857142857142,100,25.96,Low,False
540,Haveri,5489,Shiggaon,218657.0,Kunnoor,603885,Mamadapur Tanda,1,6.0,60.0,0.0,14.797872,75.406864,7.142857142857142,100,25.96,Low,False
550,Uttara Kannada,5486,Siddapur,220693.0,Analebail,603545,Bidarmane,1,6.0,60.0,0.0,15.434453,74.474273,7.142857142857142,100,25.96,Low,False
531,Chamarajanagar,5579,Kollegal,216746.0,Doddinduvadi,619820,Chikkinduvadi,1,6.0,60.0,0.0,11.926478,76.916766,7.142857142857142,100,25.96,Low,False
548,Tumakuru,5533,Sira,220291.0,Bukkapatna,610446,Hosahalli,1,6.0,60.0,0.0,13.245172,77.031383,7.142857142857142,100,25.96,Low,False
539,Hassan,5554,Belur,218303.0,Hagare,615362,Bettadalur,1,6.0,60.0,0.0,12.674478,76.251833,7.142857142857142,100,25.96,Low,False
533,Chitradurga,5506,Holalkere,217143.0,Talikatte,605687,Talikatte Kaval,1,6.0,60.0,0.0,12.999054,77.552705,7.142857142857142,100,25.96,Low,False
550,Uttara Kannada,5482,Mundgod,220689.0,Malagi,603089,Veerapur,1,6.0,60.0,0.0,14.556822,75.032862,7.142857142857142,100,25.96,Low,False
548,Tumakuru,5535,Madhugiri,220239.0,Kodagadaala,610976,Ranganahalli,1,6.0,60.0,0.0,13.521317,77.232336,7.142857142857142,100,25.96,Low,False
527,Belagavi,7043,Kittur,215754.0,Kulavalli,598118,Katri Daddi,1,6.0,60.0,0.0,15.860064,74.504742,7.142857142857142,100,25.96,Low,False
550,Uttara Kannada,5483,Sirsi,220733.0,Kulave,603232,Kageri,1,6.0,60.0,0.0,14.826459,74.127201,7.142857142857142,100,25.96,Low,False
532,Chikkamagaluru,5529,Kadur,216870.0,Nagenahalli,609624,Chattnapalya,1,6.0,60.0,0.0,12.710079,76.943962,7.142857142857142,100,25.96,Low,False
542,Kolar,5591,Kolar,218947.0,Muduvathi,621887,Sambapura,1,6.0,60.0,0.0,13.141278,78.13609,7.142857142857142,100,25.96,Low,False
548,Tumakuru,5536,Koratagere,220174.0,Teeta,611137,Theetha Venkatapura,1,6.0,60.0,0.0,13.146937,76.281718,7.142857142857142,100,25.96,Low,False
544,Mandya,5552,Malavalli,219285.0,Bydarahalli,614776,Halaganadoddi,1,6.0,60.0,0.0,12.520114,76.880391,7.142857142857142,100,25.96,Low,False
635,Yadgir,7094,Gurmitakal,218172.0,Chapatla,621276,Himalpur,1,6.0,60.0,0.0,16.575815,77.120287,7.142857142857142,100,25.96,Low,False
548,Tumakuru,5537,Tumakuru,220364.0,Haraluru,611574,Gowripura,1,6.0,60.0,0.0,13.181679,76.658876,7.142857142857142,100,25.96,Low,False
549,Udupi,5524,Karkal,220431.0,Marne,608879,Marne,1,6.0,60.0,0.0,13.642155,74.679414,7.142857142857142,100,25.96,Low,False
540,Haveri,5489,Shiggaon,218662.0,Shishuvinahala,603918,Shisuvinal,1,6.0,60.0,0.0,14.790924,75.36663,7.142857142857142,100,25.96,Low,False
547,Shivamogga,5521,Bhadravati,219847.0,Dodderi,608571,Belligere,2,13.5,80.0,1.0,14.164259999999999,75.009045,14.285714285714285,50,25.94,Low,False
524,Bagalkote,5448,Hungund,215227.0,Belgal,598922,Belgal,1,0.0,80.0,0.0,16.049591,76.062315,7.142857142857142,100,25.86,Low,False
547,Shivamogga,5521,Bhadravati,219839.0,Arakere,608568,Danavadi,1,0.0,80.0,0.0,13.904594,75.571057,7.142857142857142,100,25.86,Low,False
546,Raichur,5460,Devadurga,219681.0,Hirebudur,600603,Nagarhal,1,0.0,80.0,0.0,15.951072,76.651974,7.142857142857142,100,25.86,Low,False
545,Mysuru,5569,Piriyapatna,219631.0,Muttur,618258,Muthur,1,0.0,80.0,0.0,12.219002,76.513108,7.142857142857142,100,25.86,Low,False
526,Bengaluru Rural,5601,Nelamangala,215584.0,Kodigehalli,624784,Somasagara,1,0.0,80.0,0.0,13.224683,77.257002,7.142857142857142,100,25.86,Low,False
539,Hassan,5553,Sakleshpur,218448.0,Igoor,615027,Doddakallur,1,0.0,80.0,0.0,13.160158,75.856896,7.142857142857142,100,25.86,Low,False
529,Bidar,5454,Basavakalyan,216359.0,Partapur,599751,Neelkanth,1,0.0,80.0,0.0,18.063343,77.198101,7.142857142857142,100,25.86,Low,False
545,Mysuru,5573,Heggadadevankote,219438.0,Antharasanthe,619032,Nissan A.Honnurkattae,1,0.0,80.0,0.0,12.295042,76.658445,7.142857142857142,100,25.86,Low,False
533,Chitradurga,5503,Molakalmuru,217196.0,Thammenahalli,605144,Thammenahalli,1,0.0,80.0,0.0,14.113334,76.284801,7.142857142857142,100,25.86,Low,False
540,Haveri,5489,Shiggaon,273005.0,Hunagund,603952,Muglikatti,1,27.0,60.0,1.0,14.790891,75.255724,7.142857142857142,50,25.81,Low,False
535,Davanagere,5514,Channagiri,217410.0,Daginakatte,606882,Yalodahalli,1,27.0,60.0,1.0,14.516416,76.170075,7.142857142857142,50,25.81,Low,False
538,Kalaburagi,5586,Jevargi,218035.0,Biriyal B.,620860,Hanchinal Bhari,1,27.0,60.0,1.0,17.201146,76.368273,7.142857142857142,50,25.81,Low,False
545,Mysuru,7098,Saraguru,219439.0,B.Matakere,619103,Beguru,1,27.0,60.0,1.0,12.190328,76.263577,7.142857142857142,50,25.81,Low,False
550,Uttara Kannada,5483,Sirsi,220725.0,Hulekal,603112,Kodigar,1,27.0,60.0,1.0,14.635435,74.861966,7.142857142857142,50,25.81,Low,False
541,Kodagu,5567,Somvarpet,218699.0,Garuvale,617950,Surlabi,1,27.0,60.0,1.0,12.325072,75.708712,7.142857142857142,50,25.81,Low,False
538,Kalaburagi,5584,Sedam,218063.0,Dugnoor,620557,Dugnoor,2,13.0,80.0,1.0,17.306016,76.82616200000001,14.285714285714285,50,25.76,Low,False
544,Mandya,5550,Mandya,219330.0,Doddagarudanahalli,614338,Chikkauparakanahalli,1,21.0,80.0,1.0,12.526004,76.908831,7.142857142857142,50,25.71,Low,False
535,Davanagere,5512,Davanagere,217492.0,Lokikere,606688,Turuvanahalu,1,5.0,60.0,0.0,14.513275,75.795053,7.142857142857142,100,25.61,Low,False
530,Vijayapura,5452,Basavana Bagevadi,216474.0,Dindawar,599530,Utnal,1,5.0,60.0,0.0,16.370791,75.922546,7.142857142857142,100,25.61,Low,False
541,Kodagu,5566,Madikeri,218675.0,Kanthur Murnad,617837,M. Badaga,1,5.0,60.0,0.0,12.421765,75.751444,7.142857142857142,100,25.61,Low,False
545,Mysuru,5570,Hunsur,219484.0,Kallahalli,618346,Adiganahalli,1,5.0,60.0,0.0,12.138257,76.353906,7.142857142857142,100,25.61,Low,False
542,Kolar,5592,Malur,218968.0,Doddashivara,622154,Chikkashivara,1,5.0,60.0,0.0,12.973883,78.28197,7.142857142857142,100,25.61,Low,False
635,Yadgir,5588,Shahpur,218108.0,Mudriki,621084,Singanhalli,1,5.0,60.0,0.0,16.731526,77.123392,7.142857142857142,100,25.61,Low,False
532,Chikkamagaluru,7078,Ajjampura,216990.0,Kallenahalli,609252,Rangapura,1,5.0,60.0,0.0,12.715982,76.945471,7.142857142857142,100,25.61,Low,False
542,Kolar,5592,Malur,218964.0,Chickkakuntur,622192,Kodaginabele,1,5.0,60.0,0.0,13.132238,78.131258,7.142857142857142,100,25.61,Low,False
547,Shivamogga,5520,Shivamogga,220005.0,Mandagatta,608334,Dyavanakere,1,5.0,60.0,0.0,13.848981,75.711194,7.142857142857142,100,25.61,Low,False
550,Uttara Kannada,5481,Yellapur,220760.0,Idgundi,602918,Idagundi,1,5.0,60.0,0.0,15.416125,74.496977,7.142857142857142,100,25.61,Low,False
550,Uttara Kannada,5481,Yellapur,220758.0,Hasangi,602952,Bendigeri,1,5.0,60.0,0.0,14.624885,74.84734,7.142857142857142,100,25.61,Low,False
544,Mandya,5551,Maddur,219241.0,Athaguru,614556,Athaguru,1,5.0,60.0,0.0,12.509696,76.901183,7.142857142857142,100,25.61,Low,False
630,Chikkaballapura,5600,Chintamani,218874.0,Santekalla Halli,624612,Vaizakuru,1,5.0,60.0,0.0,13.267489,76.546396,7.142857142857142,100,25.61,Low,False
545,Mysuru,5570,Hunsur,219493.0,Singaramaranahalli,938897,Tippekavalu,1,5.0,60.0,0.0,12.338714,76.628045,7.142857142857142,100,25.61,Low,False
526,Bengaluru Rural,5604,Hosakote,215497.0,Sulibele,625491,Sulibele,1,5.0,60.0,0.0,13.309369,77.412025,7.142857142857142,100,25.61,Low,False
547,Shivamogga,5519,Tirthahalli,220068.0,Hadigallu,608071,Suruli,1,5.0,60.0,0.0,13.929487,75.059889,7.142857142857142,100,25.61,Low,False
527,Belagavi,5439,Khanapur,215953.0,Godoli,598010,Godholi,1,15.0,100.0,1.0,16.401632,74.369707,7.142857142857142,50,25.61,Low,False
630,Chikkaballapura,5597,Gudibanda,218919.0,Somenahalli,623757,Somenahalli,1,5.0,60.0,0.0,13.592607,77.772667,7.142857142857142,100,25.61,Low,False
532,Chikkamagaluru,7078,Ajjampura,217011.0,Tyagadakatte,609253,Thygadakatte,1,5.0,60.0,0.0,12.722671,76.963301,7.142857142857142,100,25.61,Low,False
542,Kolar,5594,Mulbagal,219008.0,Mudiyanur,622862,Nichanakunte,1,5.0,60.0,0.0,13.150584,78.145742,7.142857142857142,100,25.61,Low,False
535,Davanagere,5512,Davanagere,217496.0,Mudahadadi,606566,Jarikatte,1,5.0,60.0,0.0,14.476131,75.943622,7.142857142857142,100,25.61,Low,False
635,Yadgir,7096,Hunasagi,218144.0,Kolihal,620941,Katapur - Becharak,1,5.0,60.0,0.0,16.775084,77.128119,7.142857142857142,100,25.61,Low,False
539,Hassan,5555,Arsikere,218272.0,Kenkere,615840,Kenkere,1,5.0,60.0,0.0,13.29752,76.047698,7.142857142857142,100,25.61,Low,False
539,Hassan,5558,Arkalgud,272840.0,Hanyalu,616763,Sompura,1,5.0,60.0,0.0,13.319463,76.238971,7.142857142857142,100,25.61,Low,False
550,Uttara Kannada,5483,Sirsi,220726.0,Hunasekoppa,603189,Janmane (H),1,5.0,60.0,0.0,14.898519,74.314413,7.142857142857142,100,25.61,Low,False
545,Mysuru,5574,Nanjangud,219592.0,Kudalapura,619293,Tharadale,1,5.0,60.0,0.0,12.027464,76.816307,7.142857142857142,100,25.61,Low,False
526,Bengaluru Rural,5601,Nelamangala,215588.0,Narasipura,624727,Ramanahalli,1,5.0,60.0,0.0,13.205732,77.80322,7.142857142857142,100,25.61,Low,False
526,Bengaluru Rural,5601,Nelamangala,215576.0,Arebommanahalli,624846,Byadarahalli,1,5.0,60.0,0.0,12.762467,77.774719,7.142857142857142,100,25.61,Low,False
547,Shivamogga,5515,Sagar,219935.0,Ulluru,607199,Balasagodu,1,5.0,60.0,0.0,14.193595,74.818017,7.142857142857142,100,25.61,Low,False
547,Shivamogga,5516,Sorab,220023.0,Chandragutti,607526,Chandraguthi,1,5.0,60.0,0.0,13.914681,75.560278,7.142857142857142,100,25.61,Low,False
543,Koppal,5465,Kushtagi,219166.0,Sanganal,601506,Ganganhal,1,5.0,60.0,0.0,15.433977,76.547675,7.142857142857142,100,25.61,Low,False
542,Kolar,5590,Srinivaspur,219069.0,Yerramvariapalli,621518,Jeedimakalapalli (P),1,5.0,60.0,0.0,12.953494,78.255669,7.142857142857142,100,25.61,Low,False
542,Kolar,5594,Mulbagal,218989.0,Alangur,623111,Matsanahalli,1,5.0,60.0,0.0,13.498303,78.22958,7.142857142857142,100,25.61,Low,False
525,Bengaluru Urban,5542,Bengaluru North,215361.0,Kittanahalli,612809,Bettahalli,1,5.0,60.0,0.0,12.545267,77.36987,7.142857142857142,100,25.61,Low,False
547,Shivamogga,5517,Shikarpur,219964.0,Kittadahalli,938618,Madagadakere,1,5.0,60.0,0.0,14.387103,75.090025,7.142857142857142,100,25.61,Low,False
542,Kolar,7002,Kolar Gold Field,218810.0,Kysamballi,622748,Pootharajanahalli,1,5.0,60.0,0.0,12.861403,77.985272,7.142857142857142,100,25.61,Low,False
550,Uttara Kannada,5485,Kumta,245295.0,Soppinahosalli,603511,Mudgi,1,5.0,60.0,0.0,14.63349,74.82403,7.142857142857142,100,25.61,Low,False
527,Belagavi,5440,Bailahongala,215725.0,Amatur,598130,Bevinkoppa,1,5.0,60.0,0.0,15.816649,74.498677,7.142857142857142,100,25.61,Low,False
535,Davanagere,5511,Jagalur,217620.0,Halekallu,606471,Halekal,1,15.0,100.0,1.0,14.496216,75.917094,7.142857142857142,50,25.61,Low,False
527,Belagavi,5439,Khanapur,215976.0,Lokoli,597875,Balogi,1,5.0,60.0,0.0,15.838087,74.508138,7.142857142857142,100,25.61,Low,False
546,Raichur,5462,Manvi,219735.0,Aroli,601016,Rajoli,1,5.0,60.0,0.0,16.002989,76.422017,7.142857142857142,100,25.61,Low,False
536,Dharwad,5474,Navalgund,217757.0,Yemanur,602335,Yamanur,1,5.0,60.0,0.0,15.352673,75.149514,7.142857142857142,100,25.61,Low,False
548,Tumakuru,5538,Gubbi,220133.0,Doddagunni,611782,Rajanapanche,1,5.0,60.0,0.0,13.351802,77.117723,7.142857142857142,100,25.61,Low,False
542,Kolar,5593,Bangarapet,218787.0,A.Jothena Halli,622544,Junjanahalli,1,5.0,60.0,0.0,12.959328,78.293945,7.142857142857142,100,25.61,Low,False
537,Gadag,5470,Gadag,217765.0,Chikkahandigol,601999,Shagoti,1,5.0,60.0,0.0,15.466285,75.648143,7.142857142857142,100,25.61,Low,False
526,Bengaluru Rural,5601,Nelamangala,215585.0,Kuluvanahalli,624833,Kuluvanahalli,1,5.0,60.0,0.0,12.846164,77.771214,7.142857142857142,100,25.61,Low,False
535,Davanagere,5514,Channagiri,217452.0,Rajagondanahalli,607084,Ganduganahanklu,1,5.0,60.0,0.0,14.243878,75.674341,7.142857142857142,100,25.61,Low,False
539,Hassan,5557,Alur,218211.0,Madabalu,616308,Hullahalli,1,5.0,60.0,0.0,13.310814,76.240321,7.142857142857142,100,25.61,Low,False
538,Kalaburagi,5583,Chincholi,217943.0,Meeriyan,620400,Kallur Road,1,5.0,60.0,0.0,17.212178,76.507673,7.142857142857142,100,25.61,Low,False
546,Raichur,5460,Devadurga,219680.0,Hemanal,600653,Honnatagi,1,5.0,60.0,0.0,16.21432,77.357681,7.142857142857142,100,25.61,Low,False
543,Koppal,7091,Kanakagiri,219080.0,Chikkamadinal,601579,Naglapur,1,5.0,60.0,0.0,15.42969,76.513721,7.142857142857142,100,25.61,Low,False
542,Kolar,5594,Mulbagal,219007.0,Mudigere,623109,Patrahalli,1,5.0,60.0,0.0,12.898472,78.147829,7.142857142857142,100,25.61,Low,False
538,Kalaburagi,5584,Sedam,218074.0,Madkal,620483,Hayyal,1,26.0,60.0,1.0,17.343238,76.81371,7.142857142857142,50,25.46,Low,False
525,Bengaluru Urban,7103,Yelahanka,215345.0,Arekere,612843,Shanubhoganahalli,1,26.0,60.0,1.0,13.024655,77.598214,7.142857142857142,50,25.46,Low,False
545,Mysuru,5572,Mysuru,219542.0,Harohalli,618770,Maddur,1,26.0,60.0,1.0,12.290407,76.643097,7.142857142857142,50,25.46,Low,False
539,Hassan,5559,Hole Narsipur,218413.0,Doddakunche,616850,Banukuppe,1,26.0,60.0,1.0,13.315514,76.268744,7.142857142857142,50,25.46,Low,False
536,Dharwad,5477,Kundgol,217728.0,Mattigatti,602547,Mattigatti,1,4.0,60.0,0.0,15.365802,75.131644,7.142857142857142,100,25.26,Low,False
539,Hassan,5560,Channarayapatna,218357.0,Mattanavile,617406,Mallasettyhalli,1,4.0,60.0,0.0,13.149995,76.285232,7.142857142857142,100,25.26,Low,False
542,Kolar,5591,Kolar,218931.0,Chowdadenahalli,621817,Chokkapura,1,4.0,60.0,0.0,13.195626,78.521967,7.142857142857142,100,25.26,Low,False
548,Tumakuru,5540,Turuvekere,220398.0,Goni Tumkur,612359,Kadehalli Kaval,1,4.0,60.0,0.0,14.262863,77.192642,7.142857142857142,100,25.26,Low,False
550,Uttara Kannada,5488,Bhatkal,220596.0,Shirali,603822,Shirali,1,4.0,60.0,0.0,14.62656,74.835322,7.142857142857142,100,25.26,Low,False
541,Kodagu,5567,Somvarpet,218696.0,Doddamolathe,617903,Doddamolathe,1,4.0,60.0,0.0,12.40906,75.740742,7.142857142857142,100,25.26,Low,False
539,Hassan,5560,Channarayapatna,218355.0,M.Shivara,617124,M.Shivara,1,4.0,60.0,0.0,13.031782,75.783721,7.142857142857142,100,25.26,Low,False
539,Hassan,5560,Channarayapatna,218343.0,Hirisave,617359,Kirisave,1,4.0,60.0,0.0,13.009201,76.107454,7.142857142857142,100,25.26,Low,False
545,Mysuru,5569,Piriyapatna,219627.0,Komalapura,618223,Neralakuppe,1,4.0,60.0,0.0,12.303128,76.609989,7.142857142857142,100,25.26,Low,False
547,Shivamogga,5520,Shivamogga,220003.0,Kunchenahalli,608421,Beerana Kere,1,4.0,60.0,0.0,13.965966,75.568987,7.142857142857142,100,25.26,Low,False
631,Bengaluru South,5607,Channapatna,215418.0,Sulleri,626297,Sadahalli,1,4.0,60.0,0.0,12.466931,77.332512,7.142857142857142,100,25.26,Low,False
545,Mysuru,5575,Tirumakudal - Narsipur,219659.0,Muguru,619418,Muguru,1,4.0,60.0,0.0,12.28383,76.646665,7.142857142857142,100,25.26,Low,False
531,Chamarajanagar,5577,Chamarajanagar,216676.0,Chandakavadi,619673,Basavanapura,1,4.0,60.0,0.0,11.94013,76.938835,7.142857142857142,100,25.26,Low,False
541,Kodagu,5567,Somvarpet,218696.0,Doddamolathe,923951,Kugekodi,1,4.0,60.0,0.0,12.180021,75.794982,7.142857142857142,100,25.26,Low,False
535,Davanagere,5512,Davanagere,217482.0,Kadajji,606558,Kadajji,1,4.0,60.0,0.0,14.244923,75.678016,7.142857142857142,100,25.26,Low,False
630,Chikkaballapura,5599,Sidlaghatta,219037.0,Palicherlu,624148,Palicherlu,1,4.0,60.0,0.0,13.587963,77.771896,7.142857142857142,100,25.26,Low,False
529,Bidar,7084,Chitaguppa,216449.0,Itga,600317,Rampur,1,4.0,60.0,0.0,17.940631,77.489355,7.142857142857142,100,25.26,Low,False
530,Vijayapura,7123,Almel,216630.0,Bagalur,599318,Havalgi,1,4.0,60.0,0.0,17.243207,75.819736,7.142857142857142,100,25.26,Low,False
546,Raichur,7403,Arakera,273066.0,Bhumanagunda,600701,Bhumangund,1,4.0,60.0,0.0,16.213086,77.348371,7.142857142857142,100,25.26,Low,False
532,Chikkamagaluru,5531,Mudigere,216939.0,Sunkasale,609906,Balige,1,4.0,60.0,0.0,12.119014,76.322734,7.142857142857142,100,25.26,Low,False
527,Belagavi,5436,Gokak,215863.0,Konnur (Rural),597439,Konnur (Rural),1,4.0,60.0,0.0,15.115692,76.928527,7.142857142857142,100,25.26,Low,False
547,Shivamogga,5516,Sorab,220054.0,Udri,607480,Bilagi,1,4.0,60.0,0.0,13.946079,75.574402,7.142857142857142,100,25.26,Low,False
548,Tumakuru,5541,Kunigal,220198.0,Kodigehalli,612649,Sondekoppe,1,4.0,60.0,0.0,13.168713,76.26205,7.142857142857142,100,25.26,Low,False
546,Raichur,5462,Manvi,219763.0,Pothnal,601044,Jeenur,1,4.0,60.0,0.0,16.002356,77.461567,7.142857142857142,100,25.26,Low,False
546,Raichur,5462,Manvi,219739.0,Bhogavathi,601028,Yarmal Doddi,1,4.0,60.0,0.0,16.194723,77.347763,7.142857142857142,100,25.26,Low,False
630,Chikkaballapura,5600,Chintamani,218871.0,Peddur,624434,Neelappalli,1,4.0,60.0,0.0,13.24299,76.556569,7.142857142857142,100,25.26,Low,False
542,Kolar,5592,Malur,218962.0,Baliganahalli,622286,Indumangala,1,4.0,60.0,0.0,13.070079,78.413825,7.142857142857142,100,25.26,Low,False
530,Vijayapura,5450,Indi,216644.0,Gubbewad,599249,Gubbewad,1,4.0,60.0,0.0,17.267642,75.80975,7.142857142857142,100,25.26,Low,False
542,Kolar,5594,Mulbagal,219011.0,Pichaguntlahalli,623027,Doddathammanahalli,1,4.0,60.0,0.0,13.352258,78.207133,7.142857142857142,100,25.26,Low,False
550,Uttara Kannada,5481,Yellapur,220764.0,Kundargi,603001,Hasalmane,1,4.0,60.0,0.0,14.892351,74.345847,7.142857142857142,100,25.26,Low,False
539,Hassan,5555,Arsikere,218255.0,Dummenahalli,615729,Harlakatta,1,4.0,60.0,0.0,12.614483,76.049464,7.142857142857142,100,25.26,Low,False
548,Tumakuru,5538,Gubbi,220133.0,Doddagunni,611785,Yellapura,1,4.0,60.0,0.0,12.960391,77.399083,7.142857142857142,100,25.26,Low,False
545,Mysuru,5569,Piriyapatna,219625.0,Kanagalu,618099,Ichanahalli,1,4.0,60.0,0.0,12.766688,76.426671,7.142857142857142,100,25.26,Low,False
538,Kalaburagi,5586,Jevargi,218060.0,Yalvar,620864,Kodchi,1,4.0,60.0,0.0,17.382113,76.595481,7.142857142857142,100,25.26,Low,False
548,Tumakuru,5532,Chiknayakanhalli,220099.0,Chowlakatte,610049,Honnasettihalli,1,4.0,60.0,0.0,13.330828,77.074423,7.142857142857142,100,25.26,Low,False
536,Dharwad,5476,Kalghatgi,217691.0,Dastikoppa,602468,Dastikoppa,1,4.0,60.0,0.0,15.101411,75.351398,7.142857142857142,100,25.26,Low,False
547,Shivamogga,5516,Sorab,220032.0,Heggodu,607621,Halagalale,1,4.0,60.0,0.0,14.004684,75.684904,7.142857142857142,100,25.26,Low,False
534,Dakshina Kannada,7102,Moodubidire,217322.0,Padumarnad,617463,Moodumarnadu,1,4.0,60.0,0.0,12.866448,74.851971,7.142857142857142,100,25.26,Low,False
546,Raichur,7097,Sirwar,219748.0,Heera,600948,Bullapur,1,4.0,60.0,0.0,16.216168,77.374914,7.142857142857142,100,25.26,Low,False
631,Bengaluru South,5606,Ramanagara,215598.0,Bannikuppe,626103,Kurubara Karenahalli,1,4.0,60.0,0.0,12.536564,77.438099,7.142857142857142,100,25.26,Low,False
542,Kolar,7002,Kolar Gold Field,218806.0,Kammasandra,622740,Kammasandra,1,4.0,60.0,0.0,13.007471,78.343355,7.142857142857142,100,25.26,Low,False
548,Tumakuru,5536,Koratagere,220162.0,Budagavi,611011,Marenayakanahalli,1,4.0,60.0,0.0,14.231791,77.044198,7.142857142857142,100,25.26,Low,False
534,Dakshina Kannada,5565,Sulya,217395.0,Panja,617777,Aivathoklu,1,4.0,60.0,0.0,12.850533,75.074001,7.142857142857142,100,25.26,Low,False
547,Shivamogga,5516,Sorab,220048.0,Shigga,607646,Brahmanavadasagadde,1,4.0,60.0,0.0,13.918376,75.5714,7.142857142857142,100,25.26,Low,False
534,Dakshina Kannada,5561,Mangaluru,217331.0,Surinje,617474,Surinje,1,4.0,60.0,0.0,12.843162,74.84976,7.142857142857142,100,25.26,Low,False
550,Uttara Kannada,5485,Kumta,220672.0,Kodakani,603447,Masurkurve,1,4.0,60.0,0.0,14.806363,74.142287,7.142857142857142,100,25.26,Low,False
543,Koppal,5467,Koppal,219125.0,Hiresindhogi,601711,Handral,1,4.0,60.0,0.0,16.190254,75.902301,7.142857142857142,100,25.26,Low,False
532,Chikkamagaluru,5526,Koppa,216909.0,Marithotlu (Andhagaru),609006,Somlapura,1,4.0,60.0,0.0,12.720641,76.975298,7.142857142857142,100,25.26,Low,False
540,Haveri,5491,Hangal,218492.0,Hirekanagi,604101,Bidarakoppa,1,4.0,60.0,0.0,14.931068,75.259552,7.142857142857142,100,25.26,Low,False
548,Tumakuru,5540,Turuvekere,220407.0,Mayasandra,612414,Chikkasettikere,1,4.0,60.0,0.0,13.576896,76.531958,7.142857142857142,100,25.26,Low,False
531,Chamarajanagar,5576,Gundlupet,216732.0,Nenekatte,619485,Banagavadi,1,4.0,60.0,0.0,11.90515,76.947567,7.142857142857142,100,25.26,Low,False
532,Chikkamagaluru,5529,Kadur,216860.0,Jodithimmapura,609615,Karehalli.D,1,4.0,60.0,0.0,12.698212,76.943833,7.142857142857142,100,25.26,Low,False
526,Bengaluru Rural,5601,Nelamangala,215580.0,Doddabele,624819,Isuvanahalli,1,4.0,60.0,0.0,12.847962,77.766745,7.142857142857142,100,25.26,Low,False
539,Hassan,5558,Arkalgud,218234.0,Keralapura,616785,Honnenahalli,1,4.0,60.0,0.0,13.070337,76.214503,7.142857142857142,100,25.26,Low,False
535,Davanagere,5514,Channagiri,217459.0,Thippagondanahalli,607070,Diggenahalli,1,4.0,60.0,0.0,14.019258,75.937473,7.142857142857142,100,25.26,Low,False
548,Tumakuru,5540,Turuvekere,220416.0,Vadavanaghata,612374,Byalahalli,1,4.0,60.0,0.0,13.571981,77.016996,7.142857142857142,100,25.26,Low,False
533,Chitradurga,5504,Challakere,217013.0,Abbenahalli,605228,Giddanahalli,1,25.0,60.0,1.0,14.211471,76.416009,7.142857142857142,50,25.11,Low,False
635,Yadgir,5587,Shorapur,218129.0,Devatkal,621019,Chanpatan,1,25.0,60.0,1.0,16.578418,77.266018,7.142857142857142,50,25.11,Low,False
538,Kalaburagi,5586,Jevargi,218040.0,Hipparga.S.N.,620749,Hipperga S.Nelogi,1,25.0,60.0,1.0,17.19131,76.552119,7.142857142857142,50,25.11,Low,False
527,Belagavi,5438,Belagavi,215694.0,Hosa Vantamari,597674,Halabhavi,1,25.0,60.0,1.0,15.899441,74.797606,7.142857142857142,50,25.11,Low,False
542,Kolar,5591,Kolar,218947.0,Muduvathi,621891,Vadagere,1,25.0,60.0,1.0,12.938335,78.266083,7.142857142857142,50,25.11,Low,False
545,Mysuru,5569,Piriyapatna,219609.0,Attigodu,618160,Attigodu,1,25.0,60.0,1.0,12.208998,76.531075,7.142857142857142,50,25.11,Low,False
550,Uttara Kannada,5486,Siddapur,220712.0,Tyagali,603599,Shigehalli,1,19.0,80.0,1.0,14.530545,75.021236,7.142857142857142,50,25.01,Low,False
538,Kalaburagi,5585,Chittapur,217979.0,Ladlapur,620693,Ladlapur,1,26.0,100.0,2.0,17.297016,76.844336,7.142857142857142,20,24.96,Low,False
524,Bagalkote,5443,Jamkhandi,215283.0,Surapalli,598458,Tubachi,1,3.0,60.0,0.0,16.52624,75.283992,7.142857142857142,100,24.91,Low,False
542,Kolar,5590,Srinivaspur,219048.0,Chaldiganahalli,621660,Hebbata,1,3.0,60.0,0.0,12.931288,78.280991,7.142857142857142,100,24.91,Low,False
526,Bengaluru Rural,5604,Hosakote,215479.0,Doddanallala,625625,Thimmapura,1,3.0,60.0,0.0,13.297591,77.639105,7.142857142857142,100,24.91,Low,False
540,Haveri,7106,Rattihalli,218569.0,Kanavisiddageri,604444,Chapparadahalli,1,3.0,60.0,0.0,14.579212,75.371549,7.142857142857142,100,24.91,Low,False
542,Kolar,5590,Srinivaspur,219063.0,Pulagurkota,621539,Ragimakalapalli,1,3.0,60.0,0.0,13.155091,78.145549,7.142857142857142,100,24.91,Low,False
542,Kolar,5590,Srinivaspur,219062.0,Nelavanki,621478,Jalagundlapalli,1,3.0,60.0,0.0,12.973361,78.254775,7.142857142857142,100,24.91,Low,False
545,Mysuru,5574,Nanjangud,219579.0,Hedathale,619275,Hedathale,1,3.0,60.0,0.0,12.297735,76.648723,7.142857142857142,100,24.91,Low,False
631,Bengaluru South,5608,Kanakapura,215510.0,Choodahalli,626500,Virupasandra,1,3.0,60.0,0.0,12.671492,77.18899,7.142857142857142,100,24.91,Low,False
542,Kolar,5594,Mulbagal,218989.0,Alangur,623005,Allalasandra,1,3.0,60.0,0.0,13.022478,78.324426,7.142857142857142,100,24.91,Low,False
544,Mandya,5546,Krishnarajpet,219231.0,Santhebachahalli,613431,Chikkakyathnahalli,1,3.0,60.0,0.0,12.409013,76.590126,7.142857142857142,100,24.91,Low,False
545,Mysuru,7098,Saraguru,219448.0,Hanchipura,618989,Saragur,1,3.0,60.0,0.0,12.324114,76.653427,7.142857142857142,100,24.91,Low,False
528,Ballari,5501,Sandur,216254.0,Gollalingamanahalli,604975,Mothalakunta,1,3.0,60.0,0.0,15.253966,76.340266,7.142857142857142,100,24.91,Low,False
546,Raichur,5459,Lingasugur,273072.0,Halkavatagi,600345,Ankanhal,1,3.0,60.0,0.0,16.163293,76.508074,7.142857142857142,100,24.91,Low,False
542,Kolar,5592,Malur,218985.0,Tekal,622388,Veerakaputra,1,3.0,60.0,0.0,13.156173,78.398662,7.142857142857142,100,24.91,Low,False
631,Bengaluru South,5606,Ramanagara,215619.0,Vibuthi Kere,626162,Channamanahalli,1,3.0,60.0,0.0,12.802156,77.395258,7.142857142857142,100,24.91,Low,False
526,Bengaluru Rural,5602,Doddaballapura,215449.0,Channadevi Agrahara,625244,Madhure Amanikere,1,3.0,60.0,0.0,13.10472,77.400673,7.142857142857142,100,24.91,Low,False
545,Mysuru,7098,Saraguru,273306.0,Itna,618905,Itna,1,3.0,60.0,0.0,12.102246,77.133037,7.142857142857142,100,24.91,Low,False
534,Dakshina Kannada,5564,Puttur,273299.0,Nidpalli,617748,Nidpalli,1,3.0,60.0,0.0,12.964194,74.889746,7.142857142857142,100,24.91,Low,False
539,Hassan,5560,Channarayapatna,218365.0,Sundahalli,617378,Parama,1,3.0,60.0,0.0,13.002832,76.491352,7.142857142857142,100,24.91,Low,False
527,Belagavi,5440,Bailahongala,215747.0,Holihosur,598066,Kuragund,1,3.0,60.0,0.0,15.868712,74.523842,7.142857142857142,100,24.91,Low,False
550,Uttara Kannada,5486,Siddapur,220713.0,Wajgod,603654,Keremane,1,3.0,60.0,0.0,14.619242,74.834589,7.142857142857142,100,24.91,Low,False
539,Hassan,5558,Arkalgud,218228.0,Holalagodu,616545,Gerukuppe,1,3.0,60.0,0.0,12.913413,76.395275,7.142857142857142,100,24.91,Low,False
542,Kolar,5594,Mulbagal,218995.0,Devarayasamudra,622938,Chikkahonasettihalli,1,3.0,60.0,0.0,13.337344,78.227339,7.142857142857142,100,24.91,Low,False
545,Mysuru,5569,Piriyapatna,219623.0,Hunasavadi,618243,Kamanahalli,1,3.0,60.0,0.0,12.023611,76.222966,7.142857142857142,100,24.91,Low,False
524,Bagalkote,5446,Badami,215158.0,Huligeri,598631,Hoolageri,1,3.0,60.0,0.0,16.067868,75.959353,7.142857142857142,100,24.91,Low,False
528,Ballari,5501,Sandur,216256.0,Krishnanagar,605001,Krishnanagar,1,3.0,60.0,0.0,15.26144,76.400407,7.142857142857142,100,24.91,Low,False
534,Dakshina Kannada,5563,Beltangadi,217259.0,Kaniyooru,617663,Kaniyooru,1,3.0,60.0,0.0,12.942224,74.811845,7.142857142857142,100,24.91,Low,False
533,Chitradurga,5505,Chitradurga,217075.0,Kolahal,605460,Gurappanahalli,1,3.0,60.0,0.0,14.246097,76.431318,7.142857142857142,100,24.91,Low,False
529,Bidar,7084,Chitaguppa,216457.0,Meenkera,600336,Meenkhera,1,3.0,60.0,0.0,17.896378,77.189923,7.142857142857142,100,24.91,Low,False
548,Tumakuru,5537,Tumakuru,220354.0,Beladara,611360,Beladhara,1,3.0,60.0,0.0,13.361451,77.117971,7.142857142857142,100,24.91,Low,False
538,Kalaburagi,5584,Sedam,273190.0,Chandapur,620574,Chandapur,1,3.0,60.0,0.0,16.86141,76.525813,7.142857142857142,100,24.91,Low,False
538,Kalaburagi,5584,Sedam,218079.0,Neelhalli,620491,Hunasanahalli,1,3.0,60.0,0.0,17.578108,76.549498,7.142857142857142,100,24.91,Low,False
542,Kolar,5591,Kolar,218935.0,Holur,621950,Holur,1,3.0,60.0,0.0,13.177817,77.99877,7.142857142857142,100,24.91,Low,False
542,Kolar,5594,Mulbagal,219014.0,Tayalur,623175,Tayalur,1,3.0,60.0,0.0,12.973794,78.197832,7.142857142857142,100,24.91,Low,False
545,Mysuru,5575,Tirumakudal - Narsipur,219668.0,Thuraganuru,619315,Goravanahalli,1,3.0,60.0,0.0,12.328926,76.64354,7.142857142857142,100,24.91,Low,False
548,Tumakuru,5540,Turuvekere,220395.0,Bitarahossalli,612428,Kamanahalli,1,3.0,60.0,0.0,13.649002,77.205136,7.142857142857142,100,24.91,Low,False
542,Kolar,5591,Kolar,218931.0,Chowdadenahalli,621818,Garudapalya,1,3.0,60.0,0.0,13.516655,78.366364,7.142857142857142,100,24.91,Low,False
550,Uttara Kannada,5488,Bhatkal,220595.0,Mutalli,603838,Talan,1,3.0,60.0,0.0,14.629164,74.816793,7.142857142857142,100,24.91,Low,False
545,Mysuru,5574,Nanjangud,219587.0,Hura,619166,Gadiguddadakaval,1,3.0,60.0,0.0,12.270814,76.659744,7.142857142857142,100,24.91,Low,False
546,Raichur,5460,Devadurga,219685.0,Jeerabandi,600623,Gundgurthi,1,3.0,60.0,0.0,16.197087,77.353697,7.142857142857142,100,24.91,Low,False
542,Kolar,5593,Bangarapet,218823.0,Yelesandra,622561,Yelesandra,1,3.0,60.0,0.0,12.904072,78.133693,7.142857142857142,100,24.91,Low,False
526,Bengaluru Rural,5602,Doddaballapura,215466.0,Majara Hosahalli,625127,Jinkebachchahalli,1,3.0,60.0,0.0,13.308829,77.786137,7.142857142857142,100,24.91,Low,False
545,Mysuru,5570,Hunsur,219492.0,Neralakuppe,618366,Uduvepura,1,3.0,60.0,0.0,12.34822,76.642108,7.142857142857142,100,24.91,Low,False
535,Davanagere,5514,Channagiri,217438.0,Kotehal,606891,Kotehalu,1,3.0,60.0,0.0,14.471497,75.929436,7.142857142857142,100,24.91,Low,False
540,Haveri,5495,Ranibennur,218603.0,Itagi,604550,Manakur,1,3.0,60.0,0.0,14.802636,75.401512,7.142857142857142,100,24.91,Low,False
630,Chikkaballapura,5600,Chintamani,218854.0,Iragampalli,925566,Kurappalli,1,3.0,60.0,0.0,13.599431,77.800209,7.142857142857142,100,24.91,Low,False
539,Hassan,5557,Alur,218211.0,Madabalu,616336,Kittaganamane,1,3.0,60.0,0.0,12.771272,76.227862,7.142857142857142,100,24.91,Low,False
543,Koppal,7091,Kanakagiri,219091.0,Karadona,601667,Akalkumpi,1,3.0,60.0,0.0,15.286548,76.319412,7.142857142857142,100,24.91,Low,False
539,Hassan,5557,Alur,218211.0,Madabalu,616343,Kenchanahalli Pura,1,3.0,60.0,0.0,13.010906,76.118374,7.142857142857142,100,24.91,Low,False
524,Bagalkote,5446,Badami,215170.0,Mamtageri,598706,Kallapur.S.K,1,3.0,60.0,0.0,16.069778,75.759244,7.142857142857142,100,24.91,Low,False
540,Haveri,7106,Rattihalli,218578.0,Neswi,604406,Kodihalli,1,3.0,60.0,0.0,14.775939,75.403556,7.142857142857142,100,24.91,Low,False
524,Bagalkote,5447,Bagalkot,273096.0,Hosur,598832,Nagaral,1,3.0,60.0,0.0,16.516011,75.298652,7.142857142857142,100,24.91,Low,False
524,Bagalkote,5446,Badami,273092.0,Narasapur,598717,Belawalakoppa,1,3.0,60.0,0.0,16.056543,75.759942,7.142857142857142,100,24.91,Low,False
539,Hassan,5557,Alur,218207.0,Kadalu,616450,Turuganahalli,1,3.0,60.0,0.0,12.951673,75.805265,7.142857142857142,100,24.91,Low,False
532,Chikkamagaluru,7078,Ajjampura,216980.0,Shyanuboganahalli,609119,Basavanahalli,1,3.0,60.0,0.0,12.119787,76.341263,7.142857142857142,100,24.91,Low,False
547,Shivamogga,5518,Hosanagara,219882.0,Haridravathi,607919,Alageri Mandri,1,3.0,60.0,0.0,13.925535,75.584777,7.142857142857142,100,24.91,Low,False
548,Tumakuru,5535,Madhugiri,220247.0,Nerelekere,610709,K.Appenahalli,1,3.0,60.0,0.0,13.156855,76.665335,7.142857142857142,100,24.91,Low,False
548,Tumakuru,5538,Gubbi,220149.0,Muganayanakote,611742,Mathikere,1,3.0,60.0,0.0,13.588828,76.557072,7.142857142857142,100,24.91,Low,False
630,Chikkaballapura,7407,Chelur,218783.0,Somanathapura,623954,Cheemanagaripalli,1,3.0,60.0,0.0,13.266185,76.524949,7.142857142857142,100,24.91,Low,False
547,Shivamogga,5520,Shivamogga,220011.0,Ramanagara,608344,Kondajji,1,13.0,100.0,1.0,13.949223,75.571346,7.142857142857142,50,24.91,Low,False
527,Belagavi,5436,Gokak,215853.0,Gosabal,597539,Gosabal,2,16.0,60.0,1.0,15.863693999999999,74.5000145,14.285714285714285,50,24.81,Low,False
548,Tumakuru,5540,Turuvekere,220414.0,Talakere,612226,Talkere,1,24.0,60.0,1.0,13.590599,76.992762,7.142857142857142,50,24.76,Low,False
526,Bengaluru Rural,5602,Doddaballapura,215452.0,Doddabelavangala,625194,Doddahejjaji,1,24.0,60.0,1.0,13.11687,77.39456,7.142857142857142,50,24.76,Low,False
547,Shivamogga,5518,Hosanagara,219889.0,Koduru,607930,K.Kunnur,1,24.0,60.0,1.0,14.051013,75.371982,7.142857142857142,50,24.76,Low,False
543,Koppal,5464,Yelbarga,273146.0,Bhudura,601274,Guntamadu,1,18.0,80.0,1.0,15.427576,76.537072,7.142857142857142,50,24.66,Low,False
529,Bidar,5457,Bidar,216404.0,Aliamber,600137,Vilaspur,1,18.0,80.0,1.0,17.806195,76.934558,7.142857142857142,50,24.66,Low,False
545,Mysuru,5573,Heggadadevankote,219461.0,N.Begur,619050,Beeramballi,1,2.0,60.0,0.0,11.996905,76.232743,7.142857142857142,100,24.56,Low,False
538,Kalaburagi,5580,Aland,217910.0,Madiyal,620081,Madiyal,1,2.0,60.0,0.0,17.333727,76.852788,7.142857142857142,100,24.56,Low,False
539,Hassan,5556,Hassan,218389.0,Koravangala,615966,Jakkenahalli,1,2.0,60.0,0.0,13.307537,76.271143,7.142857142857142,100,24.56,Low,False
547,Shivamogga,5519,Tirthahalli,220073.0,Hodala-Aralapura,608211,Yadehalli,1,2.0,60.0,0.0,13.928427,75.5741,7.142857142857142,100,24.56,Low,False
630,Chikkaballapura,5599,Sidlaghatta,219037.0,Palicherlu,624112,Binnamangala,1,2.0,60.0,0.0,13.279019,76.538228,7.142857142857142,100,24.56,Low,False
545,Mysuru,5575,Tirumakudal - Narsipur,219642.0,Chidaravalli,619343,Ramegowdanapura,1,2.0,60.0,0.0,12.297427,76.635255,7.142857142857142,100,24.56,Low,False
539,Hassan,5553,Sakleshpur,218442.0,Hanbal,614846,Acharadi,1,2.0,60.0,0.0,13.169758,75.872316,7.142857142857142,100,24.56,Low,False
528,Ballari,7109,Kurugodu,216127.0,Orvai,604865,Orvai,1,2.0,60.0,0.0,15.248769,76.3577,7.142857142857142,100,24.56,Low,False
533,Chitradurga,5505,Chitradurga,217082.0,Muddapura,605493,Muddapura,1,2.0,60.0,0.0,14.236841,76.401575,7.142857142857142,100,24.56,Low,False
542,Kolar,5593,Bangarapet,218793.0,Kesaranahalli,622509,Benganur,1,2.0,60.0,0.0,12.954266,78.254743,7.142857142857142,100,24.56,Low,False
548,Tumakuru,5534,Pavagada,220281.0,Siddapura,610517,Jalodu,1,2.0,60.0,0.0,13.188123,76.564152,7.142857142857142,100,24.56,Low,False
542,Kolar,5590,Srinivaspur,219056.0,Lakshmipura,621526,Upparapalli,1,2.0,60.0,0.0,13.136853,78.138425,7.142857142857142,100,24.56,Low,False
545,Mysuru,5572,Mysuru,219560.0,Vajamangala,618784,Bhugathagalli,1,2.0,60.0,0.0,12.304296,76.674915,7.142857142857142,100,24.56,Low,False
631,Bengaluru South,5606,Ramanagara,215605.0,Harisandra,626077,Harisandra,1,12.0,100.0,1.0,12.652692,77.204306,7.142857142857142,50,24.56,Low,False
545,Mysuru,5572,Mysuru,219530.0,Anandur,618690,Anandur,1,2.0,60.0,0.0,12.283528,76.652329,7.142857142857142,100,24.56,Low,False
544,Mandya,5546,Krishnarajpet,219204.0,Aghalaya,613426,Narayanapura,1,2.0,60.0,0.0,12.507238,76.667729,7.142857142857142,100,24.56,Low,False
545,Mysuru,7230,Saligrama,219517.0,Kuppehantha(Chunchanakatte),618616,Kuppehantha,1,2.0,60.0,0.0,12.212449,76.252148,7.142857142857142,100,24.56,Low,False
541,Kodagu,7125,Ponnampet,218754.0,Nalkeri,618079,Badaga,1,2.0,60.0,0.0,12.44458,75.945523,7.142857142857142,100,24.56,Low,False
528,Ballari,5499,Siruguppa,216272.0,Boggur,604806,Boggur,1,2.0,60.0,0.0,15.276154,76.357997,7.142857142857142,100,24.56,Low,False
550,Uttara Kannada,5483,Sirsi,220734.0,Neggu,603200,Neggu,1,2.0,60.0,0.0,14.000933,74.539801,7.142857142857142,100,24.56,Low,False
542,Kolar,5594,Mulbagal,218995.0,Devarayasamudra,622939,Doddahonasettihalli,1,2.0,60.0,0.0,12.96605,78.165697,7.142857142857142,100,24.56,Low,False
532,Chikkamagaluru,5529,Kadur,216866.0,Kunkanadu,609474,Kunkanadu,1,2.0,60.0,0.0,12.138318,76.319984,7.142857142857142,100,24.56,Low,False
542,Kolar,5594,Mulbagal,218997.0,Emmenatha,622968,Sheshapura,1,2.0,60.0,0.0,13.136619,78.153996,7.142857142857142,100,24.56,Low,False
545,Mysuru,7230,Saligrama,219500.0,Bheriya,618571,Bherya,1,2.0,60.0,0.0,12.190244,76.172521,7.142857142857142,100,24.56,Low,False
548,Tumakuru,5537,Tumakuru,220380.0,Nagavalli,611485,Sopanahalli,1,2.0,60.0,0.0,14.667761,76.071872,7.142857142857142,100,24.56,Low,False
631,Bengaluru South,7196,Harohalli,215542.0,Yalachavadi,626422,Kattarinatha,1,2.0,60.0,0.0,12.555514,77.425262,7.142857142857142,100,24.56,Low,False
544,Mandya,5550,Mandya,219326.0,Bevukal,614395,Javanahalli,1,2.0,60.0,0.0,12.540696,76.870055,7.142857142857142,100,24.56,Low,False
536,Dharwad,5473,Dharwad,217644.0,Kanakur,602305,Chandanmatti,1,2.0,60.0,0.0,15.381293,75.098761,7.142857142857142,100,24.56,Low,False
528,Ballari,7109,Kurugodu,216113.0,H.Veerapura,604858,Havinahal Veerapura,1,2.0,60.0,0.0,15.142602,76.936855,7.142857142857142,100,24.56,Low,False
545,Mysuru,5574,Nanjangud,219592.0,Kudalapura,619291,Koodlapura,1,2.0,60.0,0.0,12.279652,76.20957,7.142857142857142,100,24.56,Low,False
544,Mandya,5546,Krishnarajpet,219227.0,Makavalli,613552,Sadugonahalli,1,2.0,60.0,0.0,12.725118,76.964347,7.142857142857142,100,24.56,Low,False
544,Mandya,5546,Krishnarajpet,219235.0,Somanahalli,613543,Pura,1,2.0,60.0,0.0,12.768397,76.443058,7.142857142857142,100,24.56,Low,False
538,Kalaburagi,7089,Yadrami,218044.0,Kadkol,620777,Shakapur,1,2.0,60.0,0.0,17.319894,76.559166,7.142857142857142,100,24.56,Low,False
550,Uttara Kannada,5484,Ankola,220569.0,Belambar,603367,Wadibogri,1,2.0,60.0,0.0,14.525579,74.338474,7.142857142857142,100,24.56,Low,False
538,Kalaburagi,7090,Kamalapur,217887.0,Ambalga,619987,Dhammur,1,2.0,60.0,0.0,17.332753,76.808329,7.142857142857142,100,24.56,Low,False
542,Kolar,5591,Kolar,218941.0,Kyalanur,621743,Adikethota,1,2.0,60.0,0.0,13.171273,78.024402,7.142857142857142,100,24.56,Low,False
542,Kolar,5590,Srinivaspur,219062.0,Nelavanki,621507,Gundedu,1,2.0,60.0,0.0,13.173265,78.377333,7.142857142857142,100,24.56,Low,False
545,Mysuru,5569,Piriyapatna,219621.0,Handithavalli,618194,Nagaraghatta,1,2.0,60.0,0.0,12.18162,76.398343,7.142857142857142,100,24.56,Low,False
545,Mysuru,5574,Nanjangud,219583.0,Horalavadi,619245,Geekahalli,1,2.0,60.0,0.0,12.702677,76.390218,7.142857142857142,100,24.56,Low,False
529,Bidar,7086,Hulsoor,216355.0,Muchlam,599732,Mustapur,1,2.0,60.0,0.0,17.929775,77.519129,7.142857142857142,100,24.56,Low,False
545,Mysuru,5570,Hunsur,219493.0,Singaramaranahalli,618490,Sulekerekaval,1,2.0,60.0,0.0,12.335517,76.617722,7.142857142857142,100,24.56,Low,False
527,Belagavi,5436,Gokak,273235.0,Dandapura,597414,Dandapur,1,2.0,60.0,0.0,15.815293,74.477348,7.142857142857142,100,24.56,Low,False
546,Raichur,5462,Manvi,219765.0,Sangapur,600978,Sangapur,1,2.0,60.0,0.0,15.781751,76.738082,7.142857142857142,100,24.56,Low,False
630,Chikkaballapura,7407,Chelur,218879.0,Yenigadele,624325,Vangimalu,1,2.0,60.0,0.0,13.388567,77.706455,7.142857142857142,100,24.56,Low,False
525,Bengaluru Urban,5545,Anekal,215325.0,Indlavadi,613303,Bagganadoddi,1,2.0,60.0,0.0,12.57962,77.332178,7.142857142857142,100,24.56,Low,False
533,Chitradurga,5505,Chitradurga,217052.0,Alagavadi,605470,Halavudara,1,2.0,60.0,0.0,14.101373,76.282877,7.142857142857142,100,24.56,Low,False
539,Hassan,5554,Belur,218296.0,Chatchatnahalli,615268,Mayagowdanahalli,1,2.0,60.0,0.0,12.792094,76.2311,7.142857142857142,100,24.56,Low,False
526,Bengaluru Rural,5602,Doddaballapura,215464.0,Kodigehalli,625113,Kurubarahalli,1,2.0,60.0,0.0,12.956894,77.802759,7.142857142857142,100,24.56,Low,False
533,Chitradurga,5505,Chitradurga,217054.0,Annehal,605612,Mahadevanakatte,1,2.0,60.0,0.0,14.141018,76.22958,7.142857142857142,100,24.56,Low,False
540,Haveri,7106,Rattihalli,218572.0,Kudapali,604436,Hiremadapur,1,2.0,60.0,0.0,14.769037,75.123088,7.142857142857142,100,24.56,Low,False
524,Bagalkote,5447,Bagalkot,215196.0,Murnal,598794,Veerapur,1,2.0,60.0,0.0,16.030862,75.790657,7.142857142857142,100,24.56,Low,False
545,Mysuru,5570,Hunsur,219480.0,Halebeedu,618451,Vaddarahalli,1,2.0,60.0,0.0,12.345112,76.645269,7.142857142857142,100,24.56,Low,False
548,Tumakuru,5536,Koratagere,220177.0,Vaddagere,611068,Malapanahalli,1,2.0,60.0,0.0,13.357109,77.116143,7.142857142857142,100,24.56,Low,False
536,Dharwad,5473,Dharwad,217658.0,Narendra,602234,Govanakoppa-M-Narendra,1,2.0,60.0,0.0,15.367811,75.133429,7.142857142857142,100,24.56,Low,False
546,Raichur,5463,Sindhnur,219812.0,Goudanabhavi,601153,Amarapur Khadehola - (D),1,2.0,60.0,0.0,15.770225,76.734582,7.142857142857142,100,24.56,Low,False
630,Chikkaballapura,7407,Chelur,218849.0,Buradagunte,624332,Konepalli,1,2.0,60.0,0.0,13.245332,76.546223,7.142857142857142,100,24.56,Low,False
630,Chikkaballapura,5600,Chintamani,218875.0,Settyhalli,624534,Nalamachanahalli,1,2.0,60.0,0.0,13.598142,77.778018,7.142857142857142,100,24.56,Low,False
544,Mandya,5547,Nagamangala,219382.0,Kalinganahalli,613755,Doddaguni,1,2.0,60.0,0.0,12.725485,76.945264,7.142857142857142,100,24.56,Low,False
550,Uttara Kannada,5479,Supa,220743.0,Asu,602655,Wada,1,2.0,60.0,0.0,14.002689,74.545184,7.142857142857142,100,24.56,Low,False
541,Kodagu,5567,Somvarpet,218689.0,Alur,617915,Mylathpura,1,2.0,60.0,0.0,12.171319,75.925936,7.142857142857142,100,24.56,Low,False
535,Davanagere,5511,Jagalur,217626.0,Kyasenahalli,606407,Thumbinakatte,1,2.0,60.0,0.0,14.030686,75.927641,7.142857142857142,100,24.56,Low,False
527,Belagavi,5439,Khanapur,215976.0,Lokoli,597858,Lokoli,1,2.0,60.0,0.0,16.427457,74.391002,7.142857142857142,100,24.56,Low,False
545,Mysuru,5570,Hunsur,273314.0,Biligere,618307,Mylamburu,1,2.0,60.0,0.0,12.146532,76.479682,7.142857142857142,100,24.56,Low,False
544,Mandya,5550,Mandya,219360.0,Tubinakere (Yelechakanahalli),614461,Ragimuddanahalli,1,2.0,60.0,0.0,12.539285,76.882981,7.142857142857142,100,24.56,Low,False
550,Uttara Kannada,7064,Dandeli,273198.0,Badakanashirada,602779,Badakanshirda,1,2.0,60.0,0.0,14.186679,74.468645,7.142857142857142,100,24.56,Low,False
529,Bidar,5455,Bhalki,216379.0,Gorchincholli,599908,Koroor,1,23.0,60.0,1.0,17.77118,77.121224,7.142857142857142,50,24.41,Low,False
527,Belagavi,7195,Yaragatti,216016.0,Madamageri,598168,Madamageri,1,23.0,60.0,1.0,15.61748,74.547785,7.142857142857142,50,24.41,Low,False
545,Mysuru,5569,Piriyapatna,219614.0,Chapparadahalli,618112,Haleyur,1,23.0,60.0,1.0,12.195992,76.161492,7.142857142857142,50,24.41,Low,False
544,Mandya,5551,Maddur,219248.0,Chikkarasinakere,614623,Chikkarasinakere,1,23.0,60.0,1.0,12.375887,77.043039,7.142857142857142,50,24.41,Low,False
542,Kolar,5591,Kolar,218939.0,Kondarajanahalli,622013,Sangondahalli,1,23.0,60.0,1.0,12.97211,78.281629,7.142857142857142,50,24.41,Low,False
530,Vijayapura,5451,Sindgi,216644.0,Gubbewad,599377,Hadaginal,1,23.0,60.0,1.0,16.342846,76.144235,7.142857142857142,50,24.41,Low,False
536,Dharwad,5473,Dharwad,217665.0,Uppin Betageri,602296,Uppinbetageri,1,17.0,80.0,1.0,15.105372,75.341443,7.142857142857142,50,24.31,Low,False
538,Kalaburagi,5585,Chittapur,273170.0,Ivani,620641,Evani,1,24.0,100.0,2.0,17.185107,77.330869,7.142857142857142,20,24.26,Low,False
635,Yadgir,7095,Wadagera,218105.0,Konkal,621203,Channur Jagir,1,24.0,100.0,2.0,16.364446,76.41326,7.142857142857142,20,24.26,Low,False
539,Hassan,5558,Arkalgud,218217.0,Bannur,616692,Hodenoor,1,1.0,60.0,0.0,12.922669,76.394212,7.142857142857142,100,24.21,Low,False
542,Kolar,5592,Malur,218981.0,Nutuve,622451,Kommanahalli,1,1.0,60.0,0.0,13.518244,78.203561,7.142857142857142,100,24.21,Low,False
542,Kolar,5594,Mulbagal,218989.0,Alangur,623004,Mannenahalli,1,1.0,60.0,0.0,13.155218,78.150635,7.142857142857142,100,24.21,Low,False
542,Kolar,5590,Srinivaspur,219064.0,Rayalpad,621432,Jathavarthapalli,1,1.0,60.0,0.0,12.867574,78.178352,7.142857142857142,100,24.21,Low,False
539,Hassan,5559,Hole Narsipur,218428.0,Niduvani,616964,Motanayakanahalli,1,1.0,60.0,0.0,13.011323,76.099551,7.142857142857142,100,24.21,Low,False
536,Dharwad,5475,Hubballi,273026.0,Kiresur,602391,Kirasur,1,1.0,60.0,0.0,15.361631,75.13151,7.142857142857142,100,24.21,Low,False
630,Chikkaballapura,5599,Sidlaghatta,219018.0,Ablodu,624162,Chyage,1,1.0,60.0,0.0,13.249374,76.547547,7.142857142857142,100,24.21,Low,False
535,Davanagere,5512,Davanagere,217493.0,Malalkere,606685,Kashipura,1,1.0,60.0,0.0,14.503297,76.3309,7.142857142857142,100,24.21,Low,False
548,Tumakuru,5539,Tiptur,220337.0,Huchhagondanahalli,612084,Huchagondanahalli,1,1.0,60.0,0.0,12.812292,77.023402,7.142857142857142,100,24.21,Low,False
537,Gadag,5468,Nargund,217803.0,Hunsikatti,601877,Kalakeri,1,1.0,60.0,0.0,15.450007,75.653602,7.142857142857142,100,24.21,Low,False
530,Vijayapura,7075,Nidagundi,216479.0,Hebbal,599559,Halihal,1,1.0,60.0,0.0,16.358053,75.916369,7.142857142857142,100,24.21,Low,False
527,Belagavi,5434,Athni,273223.0,Kannala,597328,Kannal,1,11.0,100.0,1.0,15.833336,74.493575,7.142857142857142,50,24.21,Low,False
532,Chikkamagaluru,7078,Ajjampura,216971.0,Baggavalli,609310,Basavapura,1,1.0,60.0,0.0,12.719323,76.962287,7.142857142857142,100,24.21,Low,False
526,Bengaluru Rural,5603,Devanahalli,215428.0,Bijjawara,625321,Bijjawara,1,1.0,60.0,0.0,12.976508,77.770777,7.142857142857142,100,24.21,Low,False
531,Chamarajanagar,5576,Gundlupet,272867.0,Koothanooru,619499,Kuthanur,1,1.0,60.0,0.0,11.92875,76.940789,7.142857142857142,100,24.21,Low,False
545,Mysuru,5570,Hunsur,219495.0,Uddur Kaval,618429,Uddurkaval,1,1.0,60.0,0.0,12.305322,76.62407,7.142857142857142,100,24.21,Low,False
527,Belagavi,5439,Khanapur,215948.0,Bhurunaki,598003,Chankebail,1,1.0,60.0,0.0,15.742814,75.099259,7.142857142857142,100,24.21,Low,False
529,Bidar,7085,Kamalnagar,216296.0,Belkhuni (Bh),599999,Belkuni Bhopalgad,1,1.0,60.0,0.0,18.032217,77.198326,7.142857142857142,100,24.21,Low,False
526,Bengaluru Rural,5603,Devanahalli,215436.0,Kannamangala,625387,Thimmegowdana Hosahalli,1,1.0,60.0,0.0,13.005654,77.595966,7.142857142857142,100,24.21,Low,False
630,Chikkaballapura,5600,Chintamani,218873.0,Raguttahalli,624405,Gudivabanahalli,1,1.0,60.0,0.0,13.377477,77.717899,7.142857142857142,100,24.21,Low,False
550,Uttara Kannada,5487,Honavar,273204.0,Manki C (Chithara),603777,Adekekuli,1,1.0,60.0,0.0,15.255464,74.627937,7.142857142857142,100,24.21,Low,False
548,Tumakuru,5541,Kunigal,220214.0,Yediyur,612452,Shingatihalli,1,1.0,60.0,0.0,13.15082,76.665536,7.142857142857142,100,24.21,Low,False
531,Chamarajanagar,5577,Chamarajanagar,216708.0,Venkataiana Chatra,619720,Venkataiahna Chatra,1,1.0,60.0,0.0,11.920602,76.934887,7.142857142857142,100,24.21,Low,False
531,Chamarajanagar,5578,Yelandur,216780.0,Gowdahalli,619791,Shivakahalli,1,1.0,60.0,0.0,11.913867,76.931156,7.142857142857142,100,24.21,Low,False
533,Chitradurga,5507,Hosdurga,217158.0,Doddagatta,605905,Doddagatta,1,1.0,60.0,0.0,14.106499,76.26124,7.142857142857142,100,24.21,Low,False
536,Dharwad,5474,Navalgund,217755.0,Tirlapur,602333,Tirlapur,1,11.0,100.0,1.0,15.341194,75.133781,7.142857142857142,50,24.21,Low,False
533,Chitradurga,5505,Chitradurga,217053.0,Alaghatta,605488,Konanur,1,1.0,60.0,0.0,14.246865,76.416597,7.142857142857142,100,24.21,Low,False
530,Vijayapura,7073,Talikoti,216629.0,Aski,599441,Aski,1,1.0,60.0,0.0,16.356944,75.916441,7.142857142857142,100,24.21,Low,False
550,Uttara Kannada,5482,Mundgod,220691.0,Pala,603068,Ingalki,1,1.0,60.0,0.0,14.789421,74.122719,7.142857142857142,100,24.21,Low,False
526,Bengaluru Rural,5604,Hosakote,215486.0,Kambalipura,625526,Chikkakoliga,1,1.0,60.0,0.0,12.782587,77.759236,7.142857142857142,100,24.21,Low,False
548,Tumakuru,5536,Koratagere,220175.0,Thovinakere,611000,Devarahalli,1,1.0,60.0,0.0,12.985511,77.396305,7.142857142857142,100,24.21,Low,False
529,Bidar,7084,Chitaguppa,216457.0,Meenkera,600334,Boral,1,1.0,60.0,0.0,15.847208,74.523694,7.142857142857142,100,24.21,Low,False
547,Shivamogga,5518,Hosanagara,219876.0,Aramanekoppa,608023,Aramane Koppa,1,1.0,60.0,0.0,13.941719,75.585502,7.142857142857142,100,24.21,Low,False
546,Raichur,5462,Manvi,219751.0,Janekal,601048,Amarawati,1,1.0,60.0,0.0,16.169007,77.013851,7.142857142857142,100,24.21,Low,False
538,Kalaburagi,5582,Kalaburagi,218024.0,Sirasgi,620291,Kollur,1,1.0,60.0,0.0,17.358007,76.85261,7.142857142857142,100,24.21,Low,False
547,Shivamogga,5519,Tirthahalli,220084.0,Mulubagilu,608214,Bintala,1,1.0,60.0,0.0,13.012431,77.924196,7.142857142857142,100,24.21,Low,False
545,Mysuru,5573,Heggadadevankote,219445.0,D.B.Kuppe,619063,Doddabyranakuppe,1,1.0,60.0,0.0,12.31861,76.669225,7.142857142857142,100,24.21,Low,False
547,Shivamogga,5520,Shivamogga,220005.0,Mandagatta,608382,Suduru,1,1.0,60.0,0.0,13.945582,75.544072,7.142857142857142,100,24.21,Low,False
527,Belagavi,5433,Chikodi,215808.0,Khadaklat,597199,Thapakarwadi,1,11.0,100.0,1.0,15.846095,74.501686,7.142857142857142,50,24.21,Low,False
540,Haveri,5495,Ranibennur,218589.0,Asundi,604523,Hulihalli,1,1.0,60.0,0.0,14.632449,75.612799,7.142857142857142,100,24.21,Low,False
630,Chikkaballapura,7407,Chelur,218782.0,Racheravu,623973,Kadirennagarikote,1,1.0,60.0,0.0,13.395825,77.697597,7.142857142857142,100,24.21,Low,False
550,Uttara Kannada,5485,Kumta,220660.0,Alakod,603467,Toppalgutta,1,22.0,60.0,1.0,14.616923,74.817104,7.142857142857142,50,24.06,Low,False
545,Mysuru,5574,Nanjangud,219565.0,Biligere,619232,Kamahalli,1,22.0,60.0,1.0,12.299374,76.635651,7.142857142857142,50,24.06,Low,False
529,Bidar,5456,Aurad,216319.0,Kouta B,600113,Pashapur,1,22.0,60.0,1.0,15.874537,74.534451,7.142857142857142,50,24.06,Low,False
536,Dharwad,5476,Kalghatgi,217688.0,Beeravalli,602518,Bendalgatti,1,22.0,60.0,1.0,15.377001,75.163319,7.142857142857142,50,24.06,Low,False
540,Haveri,5494,Hirekerur,218551.0,Aladageri,604403,Waderahalli,1,22.0,60.0,1.0,14.621521,75.637214,7.142857142857142,50,24.06,Low,False
548,Tumakuru,5541,Kunigal,220186.0,D.Hosahalli,612699,Madappanahalli,1,0.0,60.0,0.0,13.355951,77.110889,7.142857142857142,100,23.86,Low,False
532,Chikkamagaluru,5529,Kadur,216890.0,Yagati,609457,Yagati,1,0.0,60.0,0.0,12.701332,76.952551,7.142857142857142,100,23.86,Low,False
548,Tumakuru,5541,Kunigal,220185.0,Chowdanakuppe,612707,Chowdanakuppe,1,0.0,60.0,0.0,13.348868,76.382014,7.142857142857142,100,23.86,Low,False
537,Gadag,5471,Shirahatti,217857.0,Ramagiri,602138,Basapur,1,0.0,60.0,0.0,15.138279,75.334541,7.142857142857142,100,23.86,Low,False
545,Mysuru,5574,Nanjangud,219566.0,Dasanur,619306,Paduvala Agrahara,1,0.0,60.0,0.0,12.321105,76.681351,7.142857142857142,100,23.86,Low,False
542,Kolar,5592,Malur,218980.0,Nosagere,622174,Marasandra Plantation,1,0.0,60.0,0.0,12.99037,78.244083,7.142857142857142,100,23.86,Low,False
531,Chamarajanagar,5576,Gundlupet,216718.0,Belachavadi,619526,Narayanapura,1,0.0,60.0,0.0,11.921613,76.915098,7.142857142857142,100,23.86,Low,False
533,Chitradurga,5507,Hosdurga,217178.0,S Nerlakere,605978,Naigere,1,0.0,60.0,0.0,14.226704,76.402806,7.142857142857142,100,23.86,Low,False
550,Uttara Kannada,5485,Kumta,220671.0,Kalbhag,603482,Handigona,1,0.0,60.0,0.0,14.898877,74.334266,7.142857142857142,100,23.86,Low,False
548,Tumakuru,5532,Chiknayakanhalli,220105.0,Godekere,610253,Tharabenahalli,1,0.0,60.0,0.0,13.487685,77.12364,7.142857142857142,100,23.86,Low,False
545,Mysuru,7230,Saligrama,219507.0,Hanasoge,618599,Hanasogehantha,1,0.0,60.0,0.0,12.295686,76.666163,7.142857142857142,100,23.86,Low,False
527,Belagavi,5442,Ramdurg,216037.0,Awardhi,598397,Shivapeth,1,0.0,60.0,0.0,16.445378,74.477204,7.142857142857142,100,23.86,Low,False
527,Belagavi,5441,Savadatti,216022.0,Murgod,598205,Murgod,1,0.0,60.0,0.0,15.894043,74.667728,7.142857142857142,100,23.86,Low,False
538,Kalaburagi,5584,Sedam,218076.0,Medak,620572,Shankerajpur,1,0.0,60.0,0.0,16.316371,75.299116,7.142857142857142,100,23.86,Low,False
550,Uttara Kannada,5484,Ankola,220581.0,Vandige,603409,Vandige (Og),1,0.0,60.0,0.0,14.807666,74.122576,7.142857142857142,100,23.86,Low,False
536,Dharwad,5477,Kundgol,217727.0,Kubihal,602534,Kubihal,1,0.0,60.0,0.0,15.43847,75.413924,7.142857142857142,100,23.86,Low,False
533,Chitradurga,5505,Chitradurga,217063.0,Dyamavvanahalli,605577,Toparamalige,1,0.0,60.0,0.0,14.137259,76.24285,7.142857142857142,100,23.86,Low,False
531,Chamarajanagar,5577,Chamarajanagar,216690.0,Kothalavadi,619710,Uganedahundi,1,0.0,60.0,0.0,11.919831,76.9314,7.142857142857142,100,23.86,Low,False
550,Uttara Kannada,5481,Yellapur,220769.0,Vajralli,602906,Honagadde,1,0.0,60.0,0.0,14.526276,75.001812,7.142857142857142,100,23.86,Low,False
548,Tumakuru,5533,Sira,220290.0,Bhuvanahalli,610386,Sira (Rural),1,0.0,60.0,0.0,13.115769,77.16409,7.142857142857142,100,23.86,Low,False
542,Kolar,5591,Kolar,218950.0,Settihalli,621805,Handrahalli,1,0.0,60.0,0.0,13.012228,77.955196,7.142857142857142,100,23.86,Low,False
538,Kalaburagi,5584,Sedam,218077.0,Motakpalli,620576,Gaddanna,1,0.0,60.0,0.0,17.180971,77.32072,7.142857142857142,100,23.86,Low,False
539,Hassan,5560,Channarayapatna,218355.0,M.Shivara,617152,Muddanahalli Kaval,1,0.0,60.0,0.0,13.389935,76.183862,7.142857142857142,100,23.86,Low,False
542,Kolar,5591,Kolar,218938.0,Janna Ghatta,621917,Bheemapura,1,0.0,60.0,0.0,12.966869,78.276891,7.142857142857142,100,23.86,Low,False
550,Uttara Kannada,5487,Honavar,220637.0,Mugwa,603744,Mugwa,1,0.0,60.0,0.0,13.989254,74.516909,7.142857142857142,100,23.86,Low,False
539,Hassan,5556,Hassan,218381.0,Heragu,615989,H Dyavalapura,1,0.0,60.0,0.0,12.960047,76.549222,7.142857142857142,100,23.86,Low,False
539,Hassan,5556,Hassan,218381.0,Heragu,615990,Heragu,1,0.0,60.0,0.0,13.319815,76.236838,7.142857142857142,100,23.86,Low,False
527,Belagavi,5439,Khanapur,215947.0,Bekawad,597906,Bekwad,1,0.0,60.0,0.0,15.862735,74.506097,7.142857142857142,100,23.86,Low,False
538,Kalaburagi,5584,Sedam,218081.0,Ribbanpalli,620566,Nadepalli,1,0.0,60.0,0.0,17.471655,76.375057,7.142857142857142,100,23.86,Low,False
538,Kalaburagi,5583,Chincholi,217927.0,Anwar,620399,Ganganpalli,1,10.0,100.0,1.0,17.18712,76.787853,7.142857142857142,50,23.86,Low,False
544,Mandya,5547,Nagamangala,219386.0,Mannahalli,613995,Madahallikaval,1,0.0,60.0,0.0,12.863534,76.609823,7.142857142857142,100,23.86,Low,False
533,Chitradurga,5505,Chitradurga,217052.0,Alagavadi,605472,Lingadahalli,1,0.0,60.0,0.0,12.97794,77.581266,7.142857142857142,100,23.86,Low,False
539,Hassan,5558,Arkalgud,218218.0,Basavapatna,616768,Bommanahalli,1,0.0,60.0,0.0,12.915303,76.38457,7.142857142857142,100,23.86,Low,False
530,Vijayapura,5450,Indi,273054.0,Kapanimbaragi,599227,Kudagi,1,0.0,60.0,0.0,16.808597,75.723442,7.142857142857142,100,23.86,Low,False
548,Tumakuru,5539,Tiptur,220326.0,Baluvaneralu,611967,Gowdanakatte,1,0.0,60.0,0.0,13.429413,76.526252,7.142857142857142,100,23.86,Low,False
535,Davanagere,5513,Honnali,217589.0,Kesanakere,606877,Byranahalli,1,0.0,60.0,0.0,14.157429,75.578693,7.142857142857142,100,23.86,Low,False
547,Shivamogga,5517,Shikarpur,219967.0,Manchikoppa,607724,Muthagi,1,0.0,60.0,0.0,14.150109,75.021068,7.142857142857142,100,23.86,Low,False
526,Bengaluru Rural,5604,Hosakote,272724.0,Hettakki,625599,Marasandahalli,1,0.0,60.0,0.0,13.288744,77.503388,7.142857142857142,100,23.86,Low,False
630,Chikkaballapura,5599,Sidlaghatta,219026.0,Ganjigunte,624083,Chikkabandaragatta,1,0.0,60.0,0.0,13.267266,76.523666,7.142857142857142,100,23.86,Low,False
630,Chikkaballapura,5600,Chintamani,218867.0,Munaganahalli,624684,Alambagiri,1,0.0,60.0,0.0,13.390747,77.684989,7.142857142857142,100,23.86,Low,False
548,Tumakuru,5541,Kunigal,220189.0,Herur,612596,Herur Kanchagalapura,1,0.0,60.0,0.0,13.343769,77.125811,7.142857142857142,100,23.86,Low,False
546,Raichur,7101,Maski,219746.0,Halapur,600908,Yeddal Dinni,1,0.0,60.0,0.0,16.37698,77.35937,7.142857142857142,100,23.86,Low,False
544,Mandya,5547,Nagamangala,219377.0,Haradanahalli,613923,Bommanahally,1,0.0,60.0,0.0,12.486024,76.686155,7.142857142857142,100,23.86,Low,False
548,Tumakuru,5537,Tumakuru,220358.0,Chikkatotlakere,611346,Chikkathotlakere,1,0.0,60.0,0.0,13.636043,76.934906,7.142857142857142,100,23.86,Low,False
525,Bengaluru Urban,5543,Bengaluru South,215378.0,Chunchanakuppe,612994,Ganapathihalli,1,0.0,60.0,0.0,12.983465,77.542103,7.142857142857142,100,23.86,Low,False
546,Raichur,7101,Maski,273076.0,Hiredinni,600925,Hiredinni,1,0.0,60.0,0.0,15.996258,77.46458,7.142857142857142,100,23.86,Low,False
524,Bagalkote,5443,Jamkhandi,215276.0,Linagnoor,598449,Budni,1,0.0,60.0,0.0,16.489685,75.048551,7.142857142857142,100,23.86,Low,False
524,Bagalkote,5447,Bagalkot,215203.0,Yadahalli,598780,Chebbi,1,21.0,60.0,1.0,16.034603,75.782447,7.142857142857142,50,23.71,Low,False
548,Tumakuru,5537,Tumakuru,220372.0,K.Palasandra,611576,Honnenahalli,1,21.0,60.0,1.0,13.271591,76.711345,7.142857142857142,50,23.71,Low,False
534,Dakshina Kannada,5563,Beltangadi,217283.0,Shirlalu,617625,Shirlalu,1,21.0,60.0,1.0,13.020665,75.150791,7.142857142857142,50,23.71,Low,False
545,Mysuru,7098,Saraguru,219448.0,Hanchipura,619086,Beddalapura,1,21.0,60.0,1.0,12.662635,76.39666,7.142857142857142,50,23.71,Low,False
530,Vijayapura,5453,Muddebihal,216614.0,Kolur,599578,Gonal (P.N.),1,21.0,60.0,1.0,16.66253,76.289313,7.142857142857142,50,23.71,Low,False
549,Udupi,7067,Kapu,220543.0,Majur,608828,Majoor,1,9.0,100.0,1.0,13.328284,74.832309,7.142857142857142,50,23.51,Low,False
538,Kalaburagi,7087,Kalagi,217935.0,Halcher,620434,Tegaltippi,1,20.0,60.0,1.0,16.8377,76.54971,7.142857142857142,50,23.36,Low,False
530,Vijayapura,5452,Basavana Bagevadi,216502.0,Ukkali,599496,Ukkali,1,20.0,60.0,1.0,17.125959,75.774521,7.142857142857142,50,23.36,Low,False
539,Hassan,5560,Channarayapatna,218330.0,Bagur,617168,Daddihalli,1,20.0,60.0,1.0,12.988705,76.228065,7.142857142857142,50,23.36,Low,False
550,Uttara Kannada,5487,Honavar,220639.0,Navilgone,603731,Madageri,1,20.0,60.0,1.0,14.533515,74.310741,7.142857142857142,50,23.36,Low,False
547,Shivamogga,5520,Shivamogga,219988.0,Gajanuru,608477,Gajanuru,1,20.0,60.0,1.0,13.016344,77.937906,7.142857142857142,50,23.36,Low,False
534,Dakshina Kannada,5563,Beltangadi,217247.0,Arambodi,617617,Gunduri,1,20.0,60.0,1.0,12.844607,75.234748,7.142857142857142,50,23.36,Low,False
524,Bagalkote,5445,Mudhol,215297.0,Laxanatti,598608,Chawadapur,2,24.5,60.0,2.0,16.3567685,75.60179550000001,14.285714285714285,20,23.29,Low,False
538,Kalaburagi,7090,Kamalapur,218005.0,Kalamood,620204,Kalmud,1,8.0,100.0,1.0,17.322231,76.895409,7.142857142857142,50,23.16,Low,False
534,Dakshina Kannada,7198,Mulki,217323.0,Padupanambur,617434,Padupanamboor,1,8.0,100.0,1.0,12.547091,75.375191,7.142857142857142,50,23.16,Low,False
548,Tumakuru,5541,Kunigal,220190.0,Hosahalli,612607,Arakere,1,19.0,60.0,1.0,13.948215,75.557791,7.142857142857142,50,23.01,Low,False
549,Udupi,7066,Bainduru,220473.0,Jadkal,608684,Mudoor,1,19.0,60.0,1.0,13.332331,75.009299,7.142857142857142,50,23.01,Low,False
539,Hassan,5556,Hassan,218369.0,Ankapura,616146,Guddadatheranya,1,19.0,60.0,1.0,12.960654,76.551849,7.142857142857142,50,23.01,Low,False
539,Hassan,5556,Hassan,218394.0,Melagodu,615978,Yogihalli,1,19.0,60.0,1.0,12.99086,76.096796,7.142857142857142,50,23.01,Low,False
545,Mysuru,5572,Mysuru,219563.0,Yelawala,618825,Yelavala,1,19.0,60.0,1.0,12.294582,76.684327,7.142857142857142,50,23.01,Low,False
545,Mysuru,5575,Tirumakudal - Narsipur,219665.0,T.Doddapura,619434,T.Doddapura,1,19.0,60.0,1.0,12.295482,76.644582,7.142857142857142,50,23.01,Low,False
527,Belagavi,5438,Belagavi,215701.0,Kedhanur,597684,Kedanur,1,19.0,60.0,1.0,15.894549,74.515389,7.142857142857142,50,23.01,Low,False
540,Haveri,5491,Hangal,218506.0,Maranabeeda,604070,Nellibeed,1,19.0,60.0,1.0,14.793657,75.121316,7.142857142857142,50,23.01,Low,False
525,Bengaluru Urban,5545,Anekal,215341.0,Vanakanahalli,613331,Kalanaikanahalli,1,19.0,60.0,1.0,13.096324,77.369552,7.142857142857142,50,23.01,Low,False
630,Chikkaballapura,7407,Chelur,272728.0,Polinayakanapalli,623915,Bommasandra,1,13.0,80.0,1.0,13.395352,77.695261,7.142857142857142,50,22.91,Low,False
546,Raichur,5460,Devadurga,219689.0,Koppar,600595,Karkihalli,1,13.0,80.0,1.0,15.957937,76.739189,7.142857142857142,50,22.91,Low,False
538,Kalaburagi,5584,Sedam,273191.0,Sindanmadu,620509,Turkbommanhalli,1,13.0,80.0,1.0,17.329783,76.844535,7.142857142857142,50,22.91,Low,False
534,Dakshina Kannada,5565,Sulya,217389.0,Kodiyala,617754,Kodiyala,2,17.5,80.0,2.0,12.7344455,75.25846100000001,14.285714285714285,20,22.84,Low,False
545,Mysuru,5574,Nanjangud,219583.0,Horalavadi,619207,Alambur,1,7.0,100.0,1.0,11.574188,76.206816,7.142857142857142,50,22.81,Low,False
545,Mysuru,5570,Hunsur,219476.0,Dodda Hejjur,618397,Bharathavadi,1,18.0,60.0,1.0,12.330014,76.656332,7.142857142857142,50,22.66,Low,False
546,Raichur,5463,Sindhnur,219806.0,Bhootaladinni,601194,Hosalapur,1,18.0,60.0,1.0,15.771792,76.751009,7.142857142857142,50,22.66,Low,False
538,Kalaburagi,7089,Yadrami,273181.0,Kachapura,620799,Ainapur,1,18.0,60.0,1.0,17.172513,76.784689,7.142857142857142,50,22.66,Low,False
527,Belagavi,7099,Mudalgi,215855.0,Hallur,597419,Hallur,1,18.0,60.0,1.0,15.870055,74.505107,7.142857142857142,50,22.66,Low,False
541,Kodagu,7125,Ponnampet,218741.0,Hathur,939078,Nallagote,1,18.0,60.0,1.0,12.413377,75.721091,7.142857142857142,50,22.66,Low,False
527,Belagavi,5439,Khanapur,215978.0,Mangenkopp,598000,Mangenkop-Alias Ghosenatti,1,18.0,60.0,1.0,16.327041,74.958284,7.142857142857142,50,22.66,Low,False
529,Bidar,5457,Bidar,272859.0,Hokrana B,600242,Dharmapur,1,18.0,60.0,1.0,17.895858,77.506266,7.142857142857142,50,22.66,Low,False
545,Mysuru,5572,Mysuru,219561.0,Varuna,618792,Choranahalli,1,18.0,60.0,1.0,12.132024,76.520993,7.142857142857142,50,22.66,Low,False
543,Koppal,7093,Kukanoor,219177.0,Bhanapur,601372,Chitapur,1,18.0,60.0,1.0,15.786485,76.3989,7.142857142857142,50,22.66,Low,False
635,Yadgir,5588,Shahpur,218103.0,Khanapur,621146,Gundhalli,1,18.0,60.0,1.0,16.336356,76.417539,7.142857142857142,50,22.66,Low,False
527,Belagavi,5439,Khanapur,215966.0,Jamboti,597817,Chapoli,1,12.0,80.0,1.0,16.771326,75.265458,7.142857142857142,50,22.56,Low,False
550,Uttara Kannada,5486,Siddapur,220695.0,Bidrakan,603687,Bidarkan,1,6.0,100.0,1.0,14.552189,75.010723,7.142857142857142,50,22.46,Low,False
545,Mysuru,5574,Nanjangud,219590.0,Kasuvinahalli,619272,Lakshmanapura,1,30.0,60.0,2.0,12.302644,76.714633,7.142857142857142,20,22.36,Low,False
530,Vijayapura,7071,Devara Hipparagi,216660.0,Mannur,599405,Mannur,1,17.0,60.0,1.0,16.839078,75.722238,7.142857142857142,50,22.31,Low,False
535,Davanagere,5514,Channagiri,217426.0,Kakanur,606970,Arlikatte,1,17.0,60.0,1.0,14.252217,75.643734,7.142857142857142,50,22.31,Low,False
536,Dharwad,5476,Kalghatgi,217705.0,Mukkal,602509,Mukkall,1,17.0,60.0,1.0,15.345928,75.131077,7.142857142857142,50,22.31,Low,False
536,Dharwad,5475,Hubballi,217686.0,Varur,602425,Kamplikop,1,17.0,60.0,1.0,15.356209,75.156905,7.142857142857142,50,22.31,Low,False
534,Dakshina Kannada,5562,Bantval,217241.0,Veerakambha,617577,Veerakamba,1,17.0,60.0,1.0,12.95717,74.095287,7.142857142857142,50,22.31,Low,False
527,Belagavi,5438,Belagavi,215687.0,Bijagarni,597731,Yalebail,1,17.0,60.0,1.0,15.861467,74.522737,7.142857142857142,50,22.31,Low,False
530,Vijayapura,7123,Almel,216657.0,Korahalli,599313,Madari,1,17.0,60.0,1.0,17.183713,75.9539,7.142857142857142,50,22.31,Low,False
524,Bagalkote,5443,Jamkhandi,215266.0,Hunnur,598438,Hunnur,1,5.0,100.0,1.0,16.31572,75.267938,7.142857142857142,50,22.11,Low,False
526,Bengaluru Rural,5602,Doddaballapura,215468.0,Melina Joganahalli ( S.S.Ghati),910221,Subramanya Ghati (D),1,16.0,60.0,1.0,13.222475,77.240525,7.142857142857142,50,21.96,Low,False
539,Hassan,5553,Sakleshpur,218457.0,Vanagoor,615002,Bisle State Forest,1,16.0,60.0,1.0,13.019971,76.466237,7.142857142857142,50,21.96,Low,False
525,Bengaluru Urban,5542,Bengaluru North,215363.0,Machohalli,612814,Byandahalli,1,16.0,60.0,1.0,12.613799,77.471316,7.142857142857142,50,21.96,Low,False
548,Tumakuru,5535,Madhugiri,220216.0,Badavanahalli,610754,Nagenahallii,1,16.0,60.0,1.0,13.350578,77.115378,7.142857142857142,50,21.96,Low,False
535,Davanagere,5514,Channagiri,217401.0,Agarabannihatti,607014,Agarabannihatti,1,16.0,60.0,1.0,14.486122,76.160008,7.142857142857142,50,21.96,Low,False
535,Davanagere,5514,Channagiri,217428.0,Kanchiganal,607096,Bettakaduru,1,10.0,80.0,1.0,14.017461,75.932959,7.142857142857142,50,21.86,Low,False
525,Bengaluru Urban,5542,Bengaluru North,215361.0,Kittanahalli,612802,Ravuthanahalli,1,17.0,100.0,2.0,12.938215,77.554749,7.142857142857142,20,21.81,Low,False
527,Belagavi,5436,Gokak,215872.0,Mamadapur,597463,Ajjanakatti,1,15.0,60.0,1.0,16.091557,74.702631,7.142857142857142,50,21.61,Low,False
534,Dakshina Kannada,5563,Beltangadi,273275.0,Sulkeri,617609,Sulkeri,1,15.0,60.0,1.0,12.548826,75.00488,7.142857142857142,50,21.61,Low,False
527,Belagavi,5438,Belagavi,215696.0,K K Koppa,597782,Nagerhal,1,15.0,60.0,1.0,16.399563,74.391746,7.142857142857142,50,21.61,Low,False
548,Tumakuru,5538,Gubbi,220149.0,Muganayanakote,611750,Jogihalli,1,15.0,60.0,1.0,14.241654,77.063099,7.142857142857142,50,21.61,Low,False
538,Kalaburagi,5580,Aland,217888.0,Belamagi,619979,Belamogi,1,15.0,60.0,1.0,17.028751,76.768749,7.142857142857142,50,21.61,Low,False
525,Bengaluru Urban,5545,Anekal,215340.0,Suragajakkanahalli,613309,Gowrenahalli,1,15.0,60.0,1.0,12.928233,77.678716,7.142857142857142,50,21.61,Low,False
538,Kalaburagi,7090,Kamalapur,217920.0,Sirachand,619989,Hodal,1,14.0,60.0,1.0,12.59251,77.37972,7.142857142857142,50,21.26,Low,False
542,Kolar,5590,Srinivaspur,219058.0,Mastenahalli,621677,Mastenahalli,1,14.0,60.0,1.0,12.875756,77.999259,7.142857142857142,50,21.26,Low,False
530,Vijayapura,5453,Muddebihal,216604.0,Bijjur,599681,Khanikeri,1,14.0,60.0,1.0,16.807573,75.708326,7.142857142857142,50,21.26,Low,False
526,Bengaluru Rural,5604,Hosakote,215499.0,Vagata,625664,Kodihalli,1,14.0,60.0,1.0,12.952299,77.833507,7.142857142857142,50,21.26,Low,False
525,Bengaluru Urban,5543,Bengaluru South,215376.0,Chikkanahalli,612987,Sulivara Ramapura,2,5.5,60.0,1.0,13.0184255,77.62599850000001,14.285714285714285,50,21.14,Low,False
534,Dakshina Kannada,5565,Sulya,217383.0,Guthigaru,617785,Nalkooru,1,26.0,60.0,2.0,12.526283,75.024207,7.142857142857142,20,20.96,Low,False
545,Mysuru,5569,Piriyapatna,219630.0,Malangi,618276,Ichanahalli,1,26.0,60.0,2.0,12.659788,76.41123,7.142857142857142,20,20.96,Low,False
545,Mysuru,5569,Piriyapatna,219613.0,Bylakuppe,618132,Bylakuppe,1,13.0,60.0,1.0,11.994384,76.248588,7.142857142857142,50,20.91,Low,False
539,Hassan,5557,Alur,218203.0,Dodda Kanagal,616400,Doddakanagal(Kanagal),1,13.0,60.0,1.0,12.899282,76.367256,7.142857142857142,50,20.91,Low,False
631,Bengaluru South,5607,Channapatna,215393.0,B.V.Hally,626286,Aralalasandra,1,13.0,60.0,1.0,12.72038,77.299872,7.142857142857142,50,20.91,Low,False
541,Kodagu,5567,Somvarpet,218703.0,Handli,617975,Hulse,1,13.0,60.0,1.0,12.207146,75.81043,7.142857142857142,50,20.91,Low,False
548,Tumakuru,5539,Tiptur,220326.0,Baluvaneralu,611963,Rudrapura,1,13.0,60.0,1.0,13.203549,77.198126,7.142857142857142,50,20.91,Low,False
538,Kalaburagi,5581,Afzalpur,217878.0,Kalloor,620137,Guolnur,1,7.0,80.0,1.0,17.292141,76.863316,7.142857142857142,50,20.81,Low,False
544,Mandya,5547,Nagamangala,219379.0,Honnavara,613829,Kurikoppalu,1,7.0,80.0,1.0,12.539993,76.915364,7.142857142857142,50,20.81,Low,False
525,Bengaluru Urban,5544,Bengaluru East,215386.0,Manduru,613095,Bendiganahalli,1,25.0,60.0,2.0,12.957775,77.533381,7.142857142857142,20,20.61,Low,False
532,Chikkamagaluru,5529,Kadur,216869.0,Nagarahal,609619,Kambenahalli,1,12.0,60.0,1.0,12.693103,76.943745,7.142857142857142,50,20.56,Low,False
544,Mandya,5551,Maddur,219246.0,Bidharakote,614521,D.Hosahalli,1,12.0,60.0,1.0,12.817667,76.768063,7.142857142857142,50,20.56,Low,False
526,Bengaluru Rural,5601,Nelamangala,272726.0,Gollahalli,624866,Arjunabettahalli,1,12.0,60.0,1.0,13.244328,77.261869,7.142857142857142,50,20.56,Low,False
536,Dharwad,5477,Kundgol,217722.0,Hireharkuni,602530,Chikkaharakuni,1,12.0,60.0,1.0,15.181379,74.974964,7.142857142857142,50,20.56,Low,False
524,Bagalkote,5445,Mudhol,215289.0,Dadnatti,598613,Mallapur(P.L),1,6.0,80.0,1.0,16.511205,75.272335,7.142857142857142,50,20.46,Low,False
534,Dakshina Kannada,7102,Moodubidire,217321.0,Nellikaru,617467,Nellikaru,1,0.0,100.0,1.0,12.54375,75.405939,7.142857142857142,50,20.36,Low,False
527,Belagavi,5437,Hukkeri,215900.0,Belavi,597586,Bellambi,1,0.0,100.0,1.0,16.231108,74.605809,7.142857142857142,50,20.36,Low,False
545,Mysuru,5573,Heggadadevankote,219438.0,Antharasanthe,619042,Sogahalli,1,11.0,60.0,1.0,12.282986,76.628721,7.142857142857142,50,20.21,Low,False
545,Mysuru,5575,Tirumakudal - Narsipur,219653.0,Kiragasuru,927329,Mannehundi,1,11.0,60.0,1.0,12.32899,76.637802,7.142857142857142,50,20.21,Low,False
548,Tumakuru,5535,Madhugiri,220219.0,Bramhasamudra,948557,Bandenahalli,1,11.0,60.0,1.0,13.496163,77.136098,7.142857142857142,50,20.21,Low,False
540,Haveri,5492,Haveri,218536.0,Kancharagatti,604275,Kancharagatti,1,5.0,80.0,1.0,14.992653,75.332813,7.142857142857142,50,20.11,Low,False
549,Udupi,5522,Kundapura,220489.0,Molahalli,608747,Molahalli,1,10.0,60.0,1.0,13.130647,74.761254,7.142857142857142,50,19.86,Low,False
538,Kalaburagi,7088,Shahabad,217990.0,Tosanhalli [S],620653,Tonsinhalli,1,10.0,60.0,1.0,17.342376,76.810593,7.142857142857142,50,19.86,Low,False
536,Dharwad,5473,Dharwad,217660.0,Pudkalakatti,602298,Pudakalakatti,1,10.0,60.0,1.0,15.45029,74.993863,7.142857142857142,50,19.86,Low,False
525,Bengaluru Urban,5543,Bengaluru South,215382.0,K.Gollahalli,613021,Thagachaguppe,1,10.0,60.0,1.0,13.088765,77.629741,7.142857142857142,50,19.86,Low,False
534,Dakshina Kannada,7104,Kadaba,217380.0,Balpa,617782,Balpa,1,10.0,60.0,1.0,12.948577,74.824609,7.142857142857142,50,19.86,Low,False
538,Kalaburagi,5582,Kalaburagi,218022.0,Sannur,620256,Bolewad,1,4.0,80.0,1.0,17.178778,77.328221,7.142857142857142,50,19.76,Low,False
528,Ballari,7109,Kurugodu,216120.0,Kolur,604890,Kolur,2,1.5,60.0,1.0,15.4344965,76.8495435,14.285714285714285,50,19.74,Low,False
536,Dharwad,5475,Hubballi,273022.0,Agadi,602429,Palikop,1,22.0,60.0,2.0,15.479226,74.981852,7.142857142857142,20,19.56,Low,False
538,Kalaburagi,7090,Kamalapur,217920.0,Sirachand,620002,Apchand,1,9.0,60.0,1.0,17.45579,76.390979,7.142857142857142,50,19.51,Low,False
544,Mandya,5546,Krishnarajpet,219223.0,Kikkeri,613404,Sollepura,1,9.0,60.0,1.0,12.704159,76.978642,7.142857142857142,50,19.51,Low,False
529,Bidar,5458,Homnabad,216442.0,Dhumunsur,600298,Humnabad (Rural),1,21.0,60.0,2.0,17.905553,77.526739,7.142857142857142,20,19.21,Low,False
524,Bagalkote,7062,Ilkal,215238.0,Hire-Oatgeri,599006,Vajjal,1,21.0,60.0,2.0,16.166671,75.697283,7.142857142857142,20,19.21,Low,False
527,Belagavi,5438,Belagavi,215672.0,Ambewadi,597714,Mannur,1,8.0,60.0,1.0,16.771657,75.260252,7.142857142857142,50,19.16,Low,False
528,Ballari,5501,Sandur,216255.0,Kalingeri,604971,Devaramallapur,1,8.0,60.0,1.0,15.409782,76.611356,7.142857142857142,50,19.16,Low,False
533,Chitradurga,5506,Holalkere,217120.0,Adanur,605723,Harenahalli,1,8.0,60.0,1.0,13.006366,77.566727,7.142857142857142,50,19.16,Low,False
547,Shivamogga,5519,Tirthahalli,220066.0,Devangi,608262,Vatagaru,1,15.0,80.0,2.0,13.94335,75.597357,7.142857142857142,20,19.11,Low,False
545,Mysuru,5571,Krishnarajanagara,219502.0,Chandagalu,618664,Manuganahalli,1,7.0,60.0,1.0,12.035935,76.811973,7.142857142857142,50,18.81,Low,False
545,Mysuru,5569,Piriyapatna,219628.0,Koppa,618131,Guddenahalli,1,7.0,60.0,1.0,12.276796,76.635748,7.142857142857142,50,18.81,Low,False
524,Bagalkote,5446,Badami,215148.0,Adagal,598749,Kabbalageri,1,7.0,60.0,1.0,16.058771,76.050724,7.142857142857142,50,18.81,Low,False
541,Kodagu,5567,Somvarpet,218691.0,Besur,617874,Honnekodi,1,7.0,60.0,1.0,12.170931,75.921331,7.142857142857142,50,18.81,Low,False
542,Kolar,5591,Kolar,218926.0,Arahalli,621989,Arahalli,1,7.0,60.0,1.0,13.140371,78.117623,7.142857142857142,50,18.81,Low,False
545,Mysuru,5572,Mysuru,219553.0,Nagawala,618709,Nagawala,1,7.0,60.0,1.0,12.646947,76.415604,7.142857142857142,50,18.81,Low,False
635,Yadgir,5588,Shahpur,218109.0,Naganatagi,621125,Bantihal,1,1.0,80.0,1.0,16.652494,76.547313,7.142857142857142,50,18.71,Low,False
544,Mandya,5548,Pandavapura,219404.0,K Bettahalli,614201,Chagasettihalli,1,6.0,60.0,1.0,12.397781,76.804745,7.142857142857142,50,18.46,Low,False
525,Bengaluru Urban,5545,Anekal,215318.0,Dommasandra,613354,Dommasandra (Ct),1,6.0,60.0,1.0,13.001355,77.585485,7.142857142857142,50,18.46,Low,False
525,Bengaluru Urban,5545,Anekal,215323.0,Hulimangala,613165,Nanjapura,1,6.0,60.0,1.0,13.010926,77.534566,7.142857142857142,50,18.46,Low,False
548,Tumakuru,5539,Tiptur,220339.0,Karadi,612048,Ramenahalli,1,6.0,60.0,1.0,13.715155,77.386458,7.142857142857142,50,18.46,Low,False
547,Shivamogga,5518,Hosanagara,219884.0,Hosuru(Sampekatte),608016,Magodu,1,6.0,60.0,1.0,13.868277,75.705802,7.142857142857142,50,18.46,Low,False
527,Belagavi,5439,Khanapur,215980.0,Mohisett,597929,Akrali,1,6.0,60.0,1.0,15.611946,74.553554,7.142857142857142,50,18.46,Low,False
545,Mysuru,7098,Saraguru,273307.0,Kothegala,618986,Kunnapatna,2,10.5,60.0,2.0,12.1714935,76.46414899999999,14.285714285714285,20,18.39,Low,False
534,Dakshina Kannada,5561,Mangaluru,217299.0,Ganjimata,617491,Mogaru,1,5.0,60.0,1.0,13.003801,75.291129,7.142857142857142,50,18.11,Low,False
538,Kalaburagi,5582,Kalaburagi,218027.0,Taj Sultanpur,620279,Syed Chincholi,1,5.0,60.0,1.0,17.27527,77.001356,7.142857142857142,50,18.11,Low,False
526,Bengaluru Rural,5603,Devanahalli,215441.0,Nalluru,625449,Bidalapura,1,5.0,60.0,1.0,13.110727,77.380168,7.142857142857142,50,18.11,Low,False
550,Uttara Kannada,5488,Bhatkal,220592.0,Mavalli,603819,Mavalli,1,5.0,60.0,1.0,12.932009,77.595137,7.142857142857142,50,18.11,Low,False
527,Belagavi,5439,Khanapur,215974.0,Kodacawad,597888,Kagganagi,1,5.0,60.0,1.0,16.426605,74.591758,7.142857142857142,50,18.11,Low,False
543,Koppal,5466,Gangawati,273129.0,Sanapur,601622,Hanmanhalli,1,5.0,60.0,1.0,15.429619,76.535353,7.142857142857142,50,18.11,Low,False
546,Raichur,5459,Lingasugur,219708.0,Gorebal,600449,Shilahalli,1,12.0,80.0,2.0,16.206136,77.342601,7.142857142857142,20,18.06,Low,False
538,Kalaburagi,5585,Chittapur,217987.0,Sannti,620709,Kanganahalli,1,4.0,60.0,1.0,12.567678,77.348602,7.142857142857142,50,17.76,Low,False
545,Mysuru,5569,Piriyapatna,219613.0,Bylakuppe,618148,Doddaharve,1,4.0,60.0,1.0,12.315231,76.620352,7.142857142857142,50,17.76,Low,False
540,Haveri,5493,Byadgi,218464.0,Gundenahalli,604316,Gundenahalli,1,4.0,60.0,1.0,14.450822,75.403183,7.142857142857142,50,17.76,Low,False
539,Hassan,5555,Arsikere,218274.0,Kondenalu,615823,Kondenalu,1,4.0,60.0,1.0,13.029064,75.790585,7.142857142857142,50,17.76,Low,False
534,Dakshina Kannada,5562,Bantval,217221.0,Mani,617579,Mani,1,5.0,100.0,2.0,12.840904,74.824234,7.142857142857142,20,17.61,Low,False
525,Bengaluru Urban,5543,Bengaluru South,215377.0,Choolanayakanahalli,612976,Cholanaikanahalli,1,3.0,60.0,1.0,12.915852,77.600235,7.142857142857142,50,17.41,Low,False
538,Kalaburagi,5585,Chittapur,273171.0,Kardal,620685,Hannikere,1,3.0,60.0,1.0,17.328493,76.855835,7.142857142857142,50,17.41,Low,False
548,Tumakuru,5540,Turuvekere,220400.0,Kanathur,612355,K.Bevinahalli,1,3.0,60.0,1.0,12.918275,76.92146,7.142857142857142,50,17.41,Low,False
539,Hassan,5555,Arsikere,218284.0,Rangapura,615757,Rangapura,1,3.0,60.0,1.0,13.286008,76.060747,7.142857142857142,50,17.41,Low,False
631,Bengaluru South,5607,Channapatna,215419.0,Tagachagere,626269,Attiguppe,1,3.0,60.0,1.0,12.568471,77.414129,7.142857142857142,50,17.41,Low,False
529,Bidar,7086,Hulsoor,216364.0,Toglur,599726,Quaderabad,1,3.0,60.0,1.0,17.735153,76.953132,7.142857142857142,50,17.41,Low,False
534,Dakshina Kannada,5563,Beltangadi,217258.0,Kaliaya,617662,Nyayatarpu,1,4.0,100.0,2.0,12.843198,74.834231,7.142857142857142,20,17.26,Low,False
537,Gadag,5468,Nargund,217805.0,Konnur,601885,Budihal,1,2.0,60.0,1.0,15.433223,75.657239,7.142857142857142,50,17.06,Low,False
527,Belagavi,5434,Athni,215621.0,Aigali,597329,Fadatarawadi,1,2.0,60.0,1.0,15.752202,75.111796,7.142857142857142,50,17.06,Low,False
544,Mandya,5551,Maddur,219238.0,Abalavadi,614510,Abalavadi,1,2.0,60.0,1.0,12.622125,77.0143,7.142857142857142,50,17.06,Low,False
530,Vijayapura,5449,Vijayapura,216521.0,Hadagali,599095,Hadagali,1,2.0,60.0,1.0,16.678115,76.317882,7.142857142857142,50,17.06,Low,False
545,Mysuru,5569,Piriyapatna,219621.0,Handithavalli,618193,Handitavalli,1,2.0,60.0,1.0,12.402238,76.432529,7.142857142857142,50,17.06,Low,False
534,Dakshina Kannada,5563,Beltangadi,217250.0,Bandaru,617671,Mogru,1,14.0,60.0,2.0,12.93751,74.837859,7.142857142857142,20,16.76,Low,False
538,Kalaburagi,5581,Afzalpur,217881.0,Mallabad,620121,Chincholi,1,14.0,60.0,2.0,17.325331,76.83006,7.142857142857142,20,16.76,Low,False
527,Belagavi,5438,Belagavi,215671.0,Agasage,597682,Mahalenahatti,1,1.0,60.0,1.0,15.886314,74.533388,7.142857142857142,50,16.71,Low,False
535,Davanagere,5513,Honnali,217564.0,Bannikodu,606803,Yarachikkanahalli,1,1.0,60.0,1.0,14.023053,75.911622,7.142857142857142,50,16.71,Low,False
534,Dakshina Kannada,5561,Mangaluru,217317.0,Moodushedde,617524,Padushedde (Og),1,1.0,60.0,1.0,13.006009,75.153002,7.142857142857142,50,16.71,Low,False
544,Mandya,5551,Maddur,219262.0,Koolagere,614628,Kothipur,1,1.0,60.0,1.0,12.414179,76.819891,7.142857142857142,50,16.71,Low,False
528,Ballari,5500,Ballari,216128.0,P.D.Halli,604943,Yalpi Kaggalu,1,13.0,60.0,2.0,15.196065,76.660313,7.142857142857142,20,16.41,Low,False
534,Dakshina Kannada,5565,Sulya,217378.0,Aranthodu,617770,Aranthodu,1,0.0,60.0,1.0,12.77135,75.110069,7.142857142857142,50,16.36,Low,False
527,Belagavi,5434,Athni,215623.0,Ananthpur,597249,Anantapur,1,0.0,60.0,1.0,15.850498,74.500393,7.142857142857142,50,16.36,Low,False
543,Koppal,5465,Kushtagi,219161.0,Kyadiguppa,601441,Kyadiguppa,1,0.0,60.0,1.0,15.352009,76.17282,7.142857142857142,50,16.36,Low,False
529,Bidar,5456,Aurad,216299.0,Bonti,599983,Lingi,1,0.0,60.0,1.0,17.929432,77.49409,7.142857142857142,50,16.36,Low,False
538,Kalaburagi,5584,Sedam,273191.0,Sindanmadu,620537,Sindhanmadu,1,0.0,60.0,1.0,17.293316,76.893007,7.142857142857142,50,16.36,Low,False
527,Belagavi,5441,Savadatti,215997.0,Badli,598230,Badli,1,0.0,60.0,1.0,15.837514,74.48594,7.142857142857142,50,16.36,Low,False
542,Kolar,5594,Mulbagal,219013.0,Sonnavadi,623006,Chikkabandahalli,1,0.0,60.0,1.0,13.043086,78.443317,7.142857142857142,50,16.36,Low,False
529,Bidar,5455,Bhalki,216398.0,Talwad(K),599913,Kadlabad,1,0.0,60.0,1.0,17.761426,77.143954,7.142857142857142,50,16.36,Low,False
525,Bengaluru Urban,7103,Yelahanka,215346.0,Bagalur,612915,Bagalur,1,21.0,60.0,3.0,13.007234,77.595138,7.142857142857142,0,16.21,Low,False
534,Dakshina Kannada,5562,Bantval,217237.0,Sangabettu,617526,Sangabettu,1,12.0,60.0,2.0,12.515772,75.023294,7.142857142857142,20,16.06,Low,False
544,Mandya,5552,Malavalli,219306.0,Mikkere,614657,Mikkere,1,11.0,60.0,2.0,12.826178,76.769604,7.142857142857142,20,15.71,Low,False
546,Raichur,5461,Raichur,219778.0,Gillesugur,600869,Karebudur,1,11.0,60.0,2.0,16.161113,77.012272,7.142857142857142,20,15.71,Low,False
539,Hassan,5554,Belur,218311.0,Kesagodu,615427,Kesagodu,1,10.0,60.0,2.0,13.013128,75.807037,7.142857142857142,20,15.36,Low,False
540,Haveri,5495,Ranibennur,218591.0,Benakanakonda,604534,Tirumaladevarakoppa,1,9.0,60.0,2.0,14.434838,75.495068,7.142857142857142,20,15.01,Low,False
549,Udupi,7067,Kapu,220512.0,Belapu,608834,Belpu,1,9.0,60.0,2.0,13.218242,74.842614,7.142857142857142,20,15.01,Low,False
545,Mysuru,5570,Hunsur,273314.0,Biligere,618359,Honnenahalli,1,1.0,80.0,2.0,12.303737,76.683828,7.142857142857142,20,14.21,Low,False
536,Dharwad,7081,Alnavar,217642.0,Kadabagatti,602237,Kadabagatti,1,6.0,60.0,2.0,14.441368,75.91287,7.142857142857142,20,13.96,Low,False
529,Bidar,5456,Aurad,216297.0,Belkuni (Ch),600054,Gondgaon,1,5.0,60.0,2.0,17.851731,77.281063,7.142857142857142,20,13.61,Low,False
