cctv_id,cctv_name,district_id,district,taluk_id,taluk,gp_id,gram_panchayat,village_id,village,latitude,longitude,location_type,coverage_radius_meters,status,nearest_police_station
CCTV00001_1,Amengad PS - Railway Station CCTV,524,Bagalkote,7062,Ilkal,215241.0,Jambaldinni,598986,Chatnihal,16.05593437420304,75.9461090970849,Railway Station,100,Maintenance,Amengad PS
CCTV00001_2,Amengad PS - Bus Stand CCTV,524,Bagalkote,5446,Badami,215152.0,Fakirbhudihal,598654,Chinchalakatti,16.05798244479207,75.9445865580951,Bus Stand,150,Active,Amengad PS
CCTV00001_3,Amengad PS - Government Hospital CCTV,524,Bagalkote,5446,Badami,215181.0,Sulikeri,598630,Sulikeri,16.056236333776695,75.94476014901998,Government Hospital,150,Active,Amengad PS
CCTV00001_4,Amengad PS - Railway Station CCTV,524,Bagalkote,7062,Ilkal,273107.0,Chikka Kodagali,599015,Hireupnal,16.05771210171924,75.94507980369951,Railway Station,100,Active,Amengad PS
CCTV00002_1,Badami PS - College CCTV,524,Bagalkote,5448,Hungund,215224.0,Amarawati,598975,Amarawati,15.923436242574857,75.67858492320751,College,200,Active,Badami PS
CCTV00002_2,Badami PS - Bank CCTV,524,Bagalkote,5446,Badami,215173.0,Mutalgeri,598714,Muttalageri,15.92183847138374,75.67904257225325,Bank,100,Active,Badami PS
CCTV00002_3,Badami PS - Market CCTV,524,Bagalkote,5443,Jamkhandi,215264.0,Hire-Padsalgi,598466,Hirepadasalgi,15.92193914200715,75.6810660069877,Market,200,Active,Badami PS
CCTV00002_4,Badami PS - Government Office CCTV,524,Bagalkote,5447,Bagalkot,215196.0,Murnal,598794,Veerapur,15.922726499811517,75.67981790844708,Government Office,100,Active,Badami PS
CCTV00002_5,Badami PS - Government Office CCTV,524,Bagalkote,5445,Mudhol,215294.0,Kasaba-Jambagi,598596,Muddapur,15.923805520253948,75.67858125283234,Government Office,200,Active,Badami PS
CCTV00002_6,Badami PS - Market CCTV,524,Bagalkote,7062,Ilkal,215238.0,Hire-Oatgeri,599024,Maratgeri,15.922617737589302,75.67859199097366,Market,200,Active,Badami PS
CCTV00003_1,Bagalkot CEN Crime PS - Market CCTV,524,Bagalkote,7062,Ilkal,215230.0,Chikkanal,598894,Siddanakolla,16.158366637238334,75.66583207950416,Market,200,Maintenance,Bagalkot CEN Crime PS
CCTV00003_2,Bagalkot CEN Crime PS - Market CCTV,524,Bagalkote,5446,Badami,215160.0,Jalihal,598767,Jalihal,16.157531200369714,75.66564573406261,Market,100,Maintenance,Bagalkot CEN Crime PS
CCTV00003_3,Bagalkot CEN Crime PS - ATM CCTV,524,Bagalkote,5445,Mudhol,215289.0,Dadnatti,598613,Mallapur(P.L),16.159826745881848,75.66564534901018,ATM,100,Maintenance,Bagalkot CEN Crime PS
CCTV00003_4,Bagalkot CEN Crime PS - Government Office CCTV,524,Bagalkote,5443,Jamkhandi,215269.0,Kadapatti,598436,Jamkhandi (Rural),16.158176989191055,75.66620866384356,Government Office,100,Maintenance,Bagalkot CEN Crime PS
CCTV00003_5,Bagalkot CEN Crime PS - College CCTV,524,Bagalkote,5446,Badami,215170.0,Mamtageri,598706,Kallapur.S.K,16.15915226695904,75.66512722353087,College,100,Active,Bagalkot CEN Crime PS
CCTV00004_1,Bagalkot Rural PS - College CCTV,524,Bagalkote,5447,Bagalkot,215185.0,Bennur,598823,Bennur,16.181656320064665,75.69237332373271,College,150,Active,Bagalkot Rural PS
CCTV00004_2,Bagalkot Rural PS - Market CCTV,524,Bagalkote,5444,Bilgi,215223.0,Yadahalli,598473,Amalzari,16.180153071989746,75.69254266476965,Market,200,Active,Bagalkot Rural PS
CCTV00004_3,Bagalkot Rural PS - Bus Stand CCTV,524,Bagalkote,5447,Bagalkot,215197.0,Nainegalli,598833,Nainegali,16.18185701135334,75.69373188890225,Bus Stand,200,Active,Bagalkot Rural PS
CCTV00004_4,Bagalkot Rural PS - Government Hospital CCTV,524,Bagalkote,5447,Bagalkot,215196.0,Murnal,598783,Bannidinni,16.180076929691175,75.6918515341374,Government Hospital,150,Maintenance,Bagalkot Rural PS
CCTV00004_5,Bagalkot Rural PS - Bus Stand CCTV,524,Bagalkote,5444,Bilgi,215212.0,Honnihal,598531,Yettinatti,16.18024704703764,75.6929947231782,Bus Stand,100,Active,Bagalkot Rural PS
CCTV00005_1,Bagalkot Town PS - Bus Stand CCTV,524,Bagalkote,5444,Bilgi,215206.0,Badagi,598490,Badgi,16.11779344756622,75.65443014310414,Bus Stand,200,Active,Bagalkot Town PS
CCTV00005_2,Bagalkot Town PS - Market CCTV,524,Bagalkote,5446,Badami,273085.0,Alur-Sk,598725,Talakawad,16.116234521885804,75.65628624314449,Market,100,Maintenance,Bagalkot Town PS
CCTV00005_3,Bagalkot Town PS - Government Hospital CCTV,524,Bagalkote,7061,Guledgudda,215169.0,Layadgundi,598690,Layadagundi,16.11874349431934,75.65597373479282,Government Hospital,150,Active,Bagalkot Town PS
CCTV00005_4,Bagalkot Town PS - School CCTV,524,Bagalkote,5446,Badami,215162.0,Kaknur,598708,Kakanur,16.116510095110243,75.65555897936876,School,100,Active,Bagalkot Town PS
CCTV00005_5,Bagalkot Town PS - Government Hospital CCTV,524,Bagalkote,5448,Hungund,215233.0,Ganjihal,598908,Ganjihal,16.11676160598827,75.6544364967736,Government Hospital,150,Active,Bagalkot Town PS
CCTV00006_1,Bagalkot Traffic PS - Bus Stand CCTV,524,Bagalkote,7062,Ilkal,215236.0,Hire-Kodagalli,599013,Hanamanal - S.T,16.158816093075544,75.67134177389467,Bus Stand,150,Maintenance,Bagalkot Traffic PS
CCTV00006_2,Bagalkot Traffic PS - School CCTV,524,Bagalkote,5447,Bagalkot,215188.0,Gaddankeri,598803,Durganagar,16.159498621995326,75.67103594224447,School,100,Active,Bagalkot Traffic PS
CCTV00006_3,Bagalkot Traffic PS - Market CCTV,524,Bagalkote,5445,Mudhol,215288.0,Chinchakhandi K.D.,598594,Jambgi(K.D),16.15964722418627,75.67200059383174,Market,150,Active,Bagalkot Traffic PS
CCTV00007_1,Bagalkot Women PS - Railway Station CCTV,524,Bagalkote,5448,Hungund,215229.0,Budihal S.K.,598964,Manmathanal,16.118588154837855,75.65550096787001,Railway Station,100,Active,Bagalkot Women PS
CCTV00007_2,Bagalkot Women PS - Market CCTV,524,Bagalkote,5447,Bagalkot,215190.0,Hire - Gulbal,598816,Dharmnagar,16.11858095306175,75.6563410846011,Market,100,Active,Bagalkot Women PS
CCTV00007_3,Bagalkot Women PS - Government Office CCTV,524,Bagalkote,7062,Ilkal,273107.0,Chikka Kodagali,599020,Chickkodagali,16.115789762882702,75.65462016744152,Government Office,150,Active,Bagalkot Women PS
CCTV00007_4,Bagalkot Women PS - Bus Stand CCTV,524,Bagalkote,5443,Jamkhandi,215270.0,Kankanwadi,598428,Kankanawadi,16.11610774161637,75.65507027346332,Bus Stand,100,Active,Bagalkot Women PS
CCTV00007_5,Bagalkot Women PS - Government Hospital CCTV,524,Bagalkote,5445,Mudhol,215297.0,Laxanatti,598618,Varchagal,16.118708922350972,75.65432930809754,Government Hospital,150,Active,Bagalkot Women PS
CCTV00007_6,Bagalkot Women PS - Market CCTV,524,Bagalkote,5448,Hungund,215251.0,Rakkasagi,598929,Huliginal,16.116890112478995,75.65423380576567,Market,150,Active,Bagalkot Women PS
CCTV00008_1,Banahatti PS - Government Hospital CCTV,524,Bagalkote,5446,Badami,215178.0,Neerbhudihal,598627,Ganganabudihal,16.4772554742326,75.12372488854214,Government Hospital,150,Active,Banahatti PS
CCTV00008_2,Banahatti PS - Railway Station CCTV,524,Bagalkote,7063,Rabakavi Banahatti,215295.0,Kesarkoppa,598547,Kesrakoppa,16.47799609312728,75.12293632942634,Railway Station,200,Maintenance,Banahatti PS
CCTV00008_3,Banahatti PS - Market CCTV,524,Bagalkote,5444,Bilgi,215213.0,Inam - Hanchinal,598492,Gudadinni,16.476000028356335,75.12433921693162,Market,200,Active,Banahatti PS
CCTV00008_4,Banahatti PS - Bus Stand CCTV,524,Bagalkote,5447,Bagalkot,215190.0,Hire - Gulbal,598811,Hiregulabal,16.477559486917478,75.12371674768107,Bus Stand,200,Active,Banahatti PS
CCTV00008_5,Banahatti PS - School CCTV,524,Bagalkote,5447,Bagalkot,215190.0,Hire - Gulbal,598809,Hiremuramatti,16.477073524963043,75.12208876237578,School,150,Active,Banahatti PS
CCTV00009_1,Bilagi PS - School CCTV,524,Bagalkote,5447,Bagalkot,215194.0,Khajidoni,598772,Sharadal,16.350084978270736,75.61356688455294,School,200,Active,Bilagi PS
CCTV00009_2,Bilagi PS - Bus Stand CCTV,524,Bagalkote,7062,Ilkal,215241.0,Jambaldinni,598989,Jambaladinni,16.350454257619823,75.61082459982694,Bus Stand,100,Active,Bilagi PS
CCTV00009_3,Bilagi PS - Traffic Junction CCTV,524,Bagalkote,7061,Guledgudda,273087.0,Hanapur-Sp,598677,Murudi,16.349521490693494,75.61090253747453,Traffic Junction,100,Active,Bilagi PS
CCTV00009_4,Bilagi PS - Government Office CCTV,524,Bagalkote,5446,Badami,215173.0,Mutalgeri,598713,Aladakatti,16.350158978650278,75.61118148488563,Government Office,100,Maintenance,Bilagi PS
CCTV00009_5,Bilagi PS - Bus Stand CCTV,524,Bagalkote,5446,Badami,215175.0,Nandikeshwar,598747,Nelwagi,16.349334947877985,75.6120111489211,Bus Stand,100,Active,Bilagi PS
CCTV00009_6,Bilagi PS - Railway Station CCTV,524,Bagalkote,5447,Bagalkot,215202.0,Tulasigeri,598798,Tulasigeri,16.3489626302265,75.6129416725398,Railway Station,150,Maintenance,Bilagi PS
CCTV00010_1,Guledagudda PS - Bank CCTV,524,Bagalkote,5444,Bilgi,273103.0,Heggura,598505,Gundanapalli Pu.K,16.04907125689025,75.77320548508968,Bank,150,Maintenance,Guledagudda PS
CCTV00010_2,Guledagudda PS - Bus Stand CCTV,524,Bagalkote,5447,Bagalkot,273093.0,Bevinamatti-S.H,598860,Bevinamatti-S.Haveli,16.04841162590613,75.77349445543206,Bus Stand,200,Maintenance,Guledagudda PS
CCTV00010_3,Guledagudda PS - Traffic Junction CCTV,524,Bagalkote,5445,Mudhol,215297.0,Laxanatti,598619,Palkimanya,16.04704493292036,75.77445882651946,Traffic Junction,200,Maintenance,Guledagudda PS
CCTV00010_4,Guledagudda PS - College CCTV,524,Bagalkote,5445,Mudhol,215310.0,Vantgodi,598563,Mallapur(P.J),16.04752880068813,75.77339714537109,College,100,Active,Guledagudda PS
CCTV00011_1,Hungunda PS - Bus Stand CCTV,524,Bagalkote,5446,Badami,273086.0,Haligeri,598698,Haligeri,16.066237231745067,76.06153846632839,Bus Stand,200,Active,Hungunda PS
CCTV00011_2,Hungunda PS - College CCTV,524,Bagalkote,7063,Rabakavi Banahatti,273118.0,Yallatti,598411,Bandigani,16.0679421010787,76.06124905146793,College,200,Active,Hungunda PS
CCTV00011_3,Hungunda PS - Bank CCTV,524,Bagalkote,7061,Guledgudda,215179.0,Parvati,598676,Khanapur.S.P.,16.066973104226513,76.05933235107322,Bank,200,Maintenance,Hungunda PS
CCTV00011_4,Hungunda PS - Railway Station CCTV,524,Bagalkote,5443,Jamkhandi,215265.0,Hulyal,598443,Hunashikatti,16.06547534391554,76.06018775107357,Railway Station,150,Active,Hungunda PS
CCTV00012_1,Ilakal PS - Government Hospital CCTV,524,Bagalkote,5448,Hungund,215229.0,Budihal S.K.,598964,Manmathanal,15.964874988465347,76.11115690904292,Government Hospital,100,Active,Ilakal PS
CCTV00012_2,Ilakal PS - Market CCTV,524,Bagalkote,7061,Guledgudda,215174.0,Nagaral S.P.,598692,Nagaral.S.P.,15.965186809605324,76.11136874705129,Market,200,Active,Ilakal PS
CCTV00012_3,Ilakal PS - Government Office CCTV,524,Bagalkote,5448,Hungund,273108.0,Havaragi,598963,Lavalasar,15.965582705051863,76.11086101111475,Government Office,200,Active,Ilakal PS
CCTV00013_1,Ilakal Rural PS - College CCTV,524,Bagalkote,5443,Jamkhandi,215271.0,Kannolli,598455,Gadyal,15.964320713425924,76.11298359435074,College,200,Active,Ilakal Rural PS
CCTV00013_2,Ilakal Rural PS - Traffic Junction CCTV,524,Bagalkote,7062,Ilkal,215230.0,Chikkanal,598897,Chikanal,15.965754648413489,76.11084590508693,Traffic Junction,150,Active,Ilakal Rural PS
CCTV00013_3,Ilakal Rural PS - School CCTV,524,Bagalkote,7062,Ilkal,215245.0,Kelur,598886,Kunabenchi,15.966488629605553,76.11301359030678,School,150,Maintenance,Ilakal Rural PS
CCTV00013_4,Ilakal Rural PS - Government Hospital CCTV,524,Bagalkote,5444,Bilgi,215220.0,Sonna,598496,Sonna,15.96649050680765,76.1106935781354,Government Hospital,100,Active,Ilakal Rural PS
CCTV00013_5,Ilakal Rural PS - ATM CCTV,524,Bagalkote,5448,Hungund,215251.0,Rakkasagi,598887,Rakkasagi,15.96511713483489,76.11137359667617,ATM,150,Active,Ilakal Rural PS
CCTV00014_1,Jamakhandi Rural PS - ATM CCTV,524,Bagalkote,7062,Ilkal,215234.0,Gorabal,599007,Ingalgi,16.509754235709902,75.28076418185702,ATM,100,Active,Jamakhandi Rural PS
CCTV00014_2,Jamakhandi Rural PS - ATM CCTV,524,Bagalkote,5446,Badami,273089.0,Kainakatti,598622,Kadarakoppa,16.508697907884557,75.28124617275918,ATM,200,Active,Jamakhandi Rural PS
CCTV00014_3,Jamakhandi Rural PS - College CCTV,524,Bagalkote,5443,Jamkhandi,215276.0,Linagnoor,598442,Linganur,16.51018436516372,75.2802125094888,College,100,Active,Jamakhandi Rural PS
CCTV00014_4,Jamakhandi Rural PS - ATM CCTV,524,Bagalkote,7062,Ilkal,215230.0,Chikkanal,598885,Kyadiggeri,16.510731198223425,75.28127425466693,ATM,100,Maintenance,Jamakhandi Rural PS
CCTV00014_5,Jamakhandi Rural PS - Market CCTV,524,Bagalkote,5445,Mudhol,273123.0,Soragavi,598554,Malapur,16.5100610352396,75.2810992890391,Market,150,Active,Jamakhandi Rural PS
CCTV00014_6,Jamakhandi Rural PS - ATM CCTV,524,Bagalkote,5445,Mudhol,273119.0,Baragi,598585,Baragi,16.510388004571134,75.27970383694434,ATM,150,Maintenance,Jamakhandi Rural PS
CCTV00015_1,Jamakhandi Town PS - ATM CCTV,524,Bagalkote,5447,Bagalkot,215190.0,Hire - Gulbal,598809,Hiremuramatti,16.50920994745493,75.27919963156312,ATM,150,Active,Jamakhandi Town PS
CCTV00015_2,Jamakhandi Town PS - Bus Stand CCTV,524,Bagalkote,5444,Bilgi,215207.0,Chikkalagundi,598511,Koppa(S.K),16.511216629798362,75.27978466372342,Bus Stand,150,Active,Jamakhandi Town PS
CCTV00015_3,Jamakhandi Town PS - Railway Station CCTV,524,Bagalkote,5446,Badami,215166.0,Kulageri Cross,598712,Somanakoppa,16.50936552128001,75.28112340757092,Railway Station,200,Active,Jamakhandi Town PS
CCTV00015_4,Jamakhandi Town PS - Bank CCTV,524,Bagalkote,5448,Hungund,215228.0,Binjawadgi,598976,Binjawadgi,16.511987072432166,75.27929068523524,Bank,100,Active,Jamakhandi Town PS
CCTV00016_1,Kaladagi PS - Railway Station CCTV,524,Bagalkote,5448,Hungund,273111.0,Huvinahalli,598881,Mullur,16.206398635480912,75.49826988853322,Railway Station,200,Active,Kaladagi PS
CCTV00016_2,Kaladagi PS - School CCTV,524,Bagalkote,7061,Guledgudda,215169.0,Layadgundi,598688,Kotnalli,16.207452949541533,75.49838799748385,School,150,Maintenance,Kaladagi PS
CCTV00016_3,Kaladagi PS - Railway Station CCTV,524,Bagalkote,5444,Bilgi,215217.0,Korti,598498,Hosa Garadadinni,16.20599835094168,75.49604929644906,Railway Station,100,Active,Kaladagi PS
CCTV00017_1,Kerur PS - Market CCTV,524,Bagalkote,7062,Ilkal,215239.0,Hire-Shingangutti,599001,Chicksinganagutti,16.014003148590426,75.54833909623306,Market,200,Active,Kerur PS
CCTV00017_2,Kerur PS - ATM CCTV,524,Bagalkote,5446,Badami,215166.0,Kulageri Cross,598721,Kulageri,16.01588055178076,75.54704501992357,ATM,200,Active,Kerur PS
CCTV00017_3,Kerur PS - Bus Stand CCTV,524,Bagalkote,5446,Badami,215149.0,Anawal,598636,Anawal,16.01600933702937,75.54702352251903,Bus Stand,100,Maintenance,Kerur PS
CCTV00017_4,Kerur PS - ATM CCTV,524,Bagalkote,7061,Guledgudda,273091.0,Mangalagudda,598694,Mangalagudda,16.016056717177694,75.54675676959916,ATM,200,Active,Kerur PS
CCTV00017_5,Kerur PS - ATM CCTV,524,Bagalkote,5447,Bagalkot,,,598844,Bagalkot (Rural),16.014581329822327,75.54843430001144,ATM,100,Maintenance,Kerur PS
CCTV00018_1,Lokapur PS - Government Hospital CCTV,524,Bagalkote,5447,Bagalkot,215194.0,Khajidoni,598799,Khajjidoni,16.096075767070477,75.22119449187845,Government Hospital,200,Active,Lokapur PS
CCTV00018_2,Lokapur PS - Traffic Junction CCTV,524,Bagalkote,7061,Guledgudda,215168.0,Kotikal,598667,Kotikall,16.09419699247181,75.22068878197292,Traffic Junction,100,Maintenance,Lokapur PS
CCTV00018_3,Lokapur PS - Government Hospital CCTV,524,Bagalkote,5448,Hungund,273106.0,Bisaladinni,598915,Bisaladinni,16.095170617313514,75.22101911850741,Government Hospital,200,Active,Lokapur PS
CCTV00018_4,Lokapur PS - Government Hospital CCTV,524,Bagalkote,7061,Guledgudda,215174.0,Nagaral S.P.,598691,Subbalahunashi,16.094300717309967,75.22157085830186,Government Hospital,150,Active,Lokapur PS
CCTV00019_1,Mahalingapur PS - Bank CCTV,524,Bagalkote,7062,Ilkal,215244.0,Karadi,598956,Chinnapur (S.K.),16.401322761909004,75.10938660512173,Bank,150,Active,Mahalingapur PS
CCTV00019_2,Mahalingapur PS - Market CCTV,524,Bagalkote,7398,Terdal,215259.0,Golabavi,598419,Kaltippi,16.40318572963959,75.10779446332678,Market,100,Active,Mahalingapur PS
CCTV00019_3,Mahalingapur PS - Bus Stand CCTV,524,Bagalkote,5447,Bagalkot,215201.0,Sutagundar,598834,Mankani,16.402532554805195,75.10769591515317,Bus Stand,200,Active,Mahalingapur PS
CCTV00020_1,Mudhol PS - Railway Station CCTV,524,Bagalkote,5448,Hungund,,,599027,Aminagad (Ct),16.331006322345562,75.28630208890893,Railway Station,100,Active,Mudhol PS
CCTV00020_2,Mudhol PS - Traffic Junction CCTV,524,Bagalkote,5444,Bilgi,215219.0,Siddapur,598488,Siddapur,16.33119677286596,75.28588869950785,Traffic Junction,100,Active,Mudhol PS
CCTV00020_3,Mudhol PS - Bank CCTV,524,Bagalkote,5443,Jamkhandi,215257.0,Chikka-Padsalgi,598470,Kavatagi,16.32976817789587,75.28527370672889,Bank,100,Active,Mudhol PS
CCTV00020_4,Mudhol PS - Government Office CCTV,524,Bagalkote,5447,Bagalkot,215196.0,Murnal,598786,Kesanur *,16.331091627863866,75.2861983272281,Government Office,150,Active,Mudhol PS
CCTV00021_1,Navanagara PS - College CCTV,524,Bagalkote,5443,Jamkhandi,215266.0,Hunnur,598438,Hunnur,16.158708046474903,75.66288809630166,College,200,Active,Navanagara PS
CCTV00021_2,Navanagara PS - School CCTV,524,Bagalkote,5443,Jamkhandi,215256.0,Bidari,598472,Bidari,16.160092103204484,75.66040719871067,School,150,Active,Navanagara PS
CCTV00021_3,Navanagara PS - School CCTV,524,Bagalkote,5448,Hungund,215232.0,Dhannur,598920,Iddalgi,16.160184718910834,75.6626812039309,School,200,Active,Navanagara PS
CCTV00022_1,Savalgi PS - Bus Stand CCTV,524,Bagalkote,5448,Hungund,215227.0,Belgal,598922,Belgal,16.673430279150082,75.34666442929405,Bus Stand,200,Active,Savalgi PS
CCTV00022_2,Savalgi PS - Railway Station CCTV,524,Bagalkote,5448,Hungund,215248.0,Mugnoor,598871,Basawanal,16.672734105339334,75.34577575018254,Railway Station,150,Active,Savalgi PS
CCTV00022_3,Savalgi PS - Government Office CCTV,524,Bagalkote,5447,Bagalkot,273096.0,Hosur,598830,Hosur,16.672933412564298,75.3456210658297,Government Office,150,Active,Savalgi PS
CCTV00022_4,Savalgi PS - School CCTV,524,Bagalkote,5446,Badami,215158.0,Huligeri,598647,Agasarakoppa,16.672390350422287,75.34808058109313,School,100,Active,Savalgi PS
CCTV00023_1,Teradal PS - ATM CCTV,524,Bagalkote,5444,Bilgi,215207.0,Chikkalagundi,598511,Koppa(S.K),16.495127081847084,75.0560014718569,ATM,100,Active,Teradal PS
CCTV00023_2,Teradal PS - College CCTV,524,Bagalkote,5448,Hungund,,,599027,Aminagad (Ct),16.49407669004791,75.05578770564695,College,200,Active,Teradal PS
CCTV00023_3,Teradal PS - Market CCTV,524,Bagalkote,7063,Rabakavi Banahatti,,,598549,Mahalingapur(Rural),16.49541208048045,75.05511113538223,Market,200,Active,Teradal PS
CCTV00023_4,Teradal PS - Government Hospital CCTV,524,Bagalkote,5445,Mudhol,215292.0,Hebbal,598602,Hebbal,16.49541611248549,75.05728688909342,Government Hospital,100,Active,Teradal PS
CCTV00023_5,Teradal PS - Railway Station CCTV,524,Bagalkote,5443,Jamkhandi,215257.0,Chikka-Padsalgi,598470,Kavatagi,16.495850891968264,75.05495613522277,Railway Station,150,Active,Teradal PS
CCTV00024_1,Jayapura PS - Railway Station CCTV,532,Chikkamagaluru,7078,Ajjampura,217003.0,Naranapura,609265,Naranapura,12.121797175881184,76.33276885028366,Railway Station,200,Active,Jayapura PS
CCTV00024_2,Jayapura PS - Government Office CCTV,532,Chikkamagaluru,5528,Tarikere,216993.0,Kenchikoppa,609130,Kundurkaval,12.120302934190477,76.3318709876914,Government Office,150,Maintenance,Jayapura PS
CCTV00024_3,Jayapura PS - College CCTV,532,Chikkamagaluru,5529,Kadur,216881.0,Singatagere,609574,Singatagere,12.122801977721345,76.33157325182621,College,200,Active,Jayapura PS
CCTV00024_4,Jayapura PS - College CCTV,532,Chikkamagaluru,5528,Tarikere,216974.0,Belenahalli,609145,A.Rangapura,12.121767912862909,76.33165712952099,College,100,Active,Jayapura PS
CCTV00024_5,Jayapura PS - Traffic Junction CCTV,532,Chikkamagaluru,5527,Narasimharajapura,216957.0,Seethur,609081,Shedagaru,12.12175452620239,76.33204118659715,Traffic Junction,100,Maintenance,Jayapura PS
CCTV00025_1,Koppa PS - Government Office CCTV,532,Chikkamagaluru,5528,Tarikere,216981.0,Doranalu,609161,Guddadabasavanahalli,12.706654893738765,76.95589065869063,Government Office,200,Maintenance,Koppa PS
CCTV00025_2,Koppa PS - Bus Stand CCTV,532,Chikkamagaluru,5529,Kadur,216847.0,Chikkadevanur,609641,Bommenahalli.S,12.707746969348342,76.95736908755927,Bus Stand,200,Maintenance,Koppa PS
CCTV00025_3,Koppa PS - School CCTV,532,Chikkamagaluru,5530,Chikkamagaluru,216826.0,Moogthihalli,609864,Kadrimidri,12.706408074541443,76.95595732856853,School,150,Maintenance,Koppa PS
CCTV00025_4,Koppa PS - School CCTV,532,Chikkamagaluru,7078,Ajjampura,216979.0,Chikkanavangala,609241,Attigatta,12.706752453366128,76.95643863239493,School,200,Active,Koppa PS
CCTV00025_5,Koppa PS - Government Hospital CCTV,532,Chikkamagaluru,7078,Ajjampura,216979.0,Chikkanavangala,609259,Chikkanvangala,12.706435801501883,76.95680796560653,Government Hospital,150,Active,Koppa PS
CCTV00025_6,Koppa PS - Government Office CCTV,532,Chikkamagaluru,5531,Mudigere,216923.0,Gonibeedu,610030,Chimmatagere,12.706332809585906,76.95588920443791,Government Office,150,Active,Koppa PS
CCTV00026_1,Chitradurga CEN Crime PS - Bus Stand CCTV,533,Chitradurga,5508,Hiriyur,217108.0,M.D.Kote,606050,Madakarinaikana Kote,14.134048188122298,76.24525074968041,Bus Stand,150,Active,Chitradurga CEN Crime PS
CCTV00026_2,Chitradurga CEN Crime PS - School CCTV,533,Chitradurga,5506,Holalkere,217136.0,Muthugadur,605626,Udogere,14.134688368265293,76.24474239396584,School,150,Active,Chitradurga CEN Crime PS
CCTV00026_3,Chitradurga CEN Crime PS - School CCTV,533,Chitradurga,5506,Holalkere,217128.0,Dummi,605678,Dogganal,14.13354979380751,76.24516960666809,School,100,Active,Chitradurga CEN Crime PS
CCTV00027_1,Chitradurga Extension PS - Bus Stand CCTV,533,Chitradurga,5505,Chitradurga,272696.0,Byalahal,605451,Byalahal,14.227319544195444,76.41374505153878,Bus Stand,100,Active,Chitradurga Extension PS
CCTV00027_2,Chitradurga Extension PS - Traffic Junction CCTV,533,Chitradurga,5504,Challakere,217024.0,Ghataparthi,605297,Banavigondanahalli,14.227721510308887,76.41288220047258,Traffic Junction,200,Maintenance,Chitradurga Extension PS
CCTV00027_3,Chitradurga Extension PS - Bus Stand CCTV,533,Chitradurga,5505,Chitradurga,217062.0,Doddasiddavvanahalli,605578,Doddasiddavvanahalli,14.227613421332848,76.41427327902473,Bus Stand,200,Maintenance,Chitradurga Extension PS
CCTV00027_4,Chitradurga Extension PS - ATM CCTV,533,Chitradurga,5505,Chitradurga,217056.0,Bharamasagara,605456,Bharamasagara,14.22765075414223,76.41269587197337,ATM,100,Active,Chitradurga Extension PS
CCTV00027_5,Chitradurga Extension PS - Traffic Junction CCTV,533,Chitradurga,5503,Molakalmuru,217197.0,Thumkurlahalli,605211,Adavimallapura,14.227034843964436,76.41447759235797,Traffic Junction,150,Active,Chitradurga Extension PS
CCTV00027_6,Chitradurga Extension PS - School CCTV,533,Chitradurga,5507,Hosdurga,217162.0,Hebballi,605823,Thumbinakere,14.227384304860605,76.41378587314823,School,100,Maintenance,Chitradurga Extension PS
CCTV00028_1,Chitrahalli Gate PS - Railway Station CCTV,533,Chitradurga,5508,Hiriyur,217088.0,Abbenahole,927542,Kambhattanahalli,14.096708981491172,76.27201506203369,Railway Station,200,Active,Chitrahalli Gate PS
CCTV00028_2,Chitrahalli Gate PS - School CCTV,533,Chitradurga,5505,Chitradurga,217078.0,Madakaripura,605581,Medakeripura,14.09544476151594,76.2734229239625,School,100,Maintenance,Chitrahalli Gate PS
CCTV00028_3,Chitrahalli Gate PS - Bus Stand CCTV,533,Chitradurga,5508,Hiriyur,217097.0,Hariyebbe,606111,Mungasavalli,14.095236641166954,76.2728108405998,Bus Stand,100,Maintenance,Chitrahalli Gate PS
CCTV00028_4,Chitrahalli Gate PS - School CCTV,533,Chitradurga,5505,Chitradurga,217059.0,Chikkabennur,605465,Gowrammanahalli,14.095529185447864,76.2731689794621,School,100,Active,Chitrahalli Gate PS
CCTV00029_1,Srirampura PS - School CCTV,533,Chitradurga,5505,Chitradurga,217066.0,Hireguntanur,605555,Chikkaguntanur,12.991387295598685,77.56646467019075,School,200,Active,Srirampura PS
CCTV00029_2,Srirampura PS - College CCTV,533,Chitradurga,5506,Holalkere,217127.0,Chithrahalli,605768,Chitrahalli,12.989620629428687,77.56432969009865,College,150,Active,Srirampura PS
CCTV00029_3,Srirampura PS - Railway Station CCTV,533,Chitradurga,5503,Molakalmuru,217194.0,Rayapura,605206,Rayapura,12.988866060327746,77.56614814491445,Railway Station,100,Active,Srirampura PS
CCTV00029_4,Srirampura PS - Government Office CCTV,533,Chitradurga,5507,Hosdurga,217156.0,Devapura,605930,Galabenahalli,12.990785225357373,77.56445388814005,Government Office,200,Active,Srirampura PS
CCTV00029_5,Srirampura PS - Traffic Junction CCTV,533,Chitradurga,5506,Holalkere,217147.0,Upparigenahalli,605814,Upparigenahalli,12.989783927667196,77.56519229576978,Traffic Junction,200,Active,Srirampura PS
CCTV00030_1,Women PS - College CCTV,533,Chitradurga,5504,Challakere,217040.0,Obalapura,605317,Obalapura Kaval,15.858828741093546,74.50659199133517,College,200,Active,Women PS
CCTV00030_2,Women PS - Bank CCTV,533,Chitradurga,5506,Holalkere,217144.0,Talya,605807,Papenahalli,15.856419892697652,74.5053616376286,Bank,150,Maintenance,Women PS
CCTV00030_3,Women PS - Government Hospital CCTV,533,Chitradurga,5507,Hosdurga,217172.0,Kurubarahalli,605992,Mallihalli,15.859212595167586,74.50563415616976,Government Hospital,200,Active,Women PS
CCTV00031_1,Bantwala Traffic PS - Traffic Junction CCTV,534,Dakshina Kannada,5561,Mangaluru,273294.0,Muthuru,617490,Muthuru,12.867059032336494,75.05553143971343,Traffic Junction,200,Active,Bantwala Traffic PS
CCTV00031_2,Bantwala Traffic PS - College CCTV,534,Dakshina Kannada,5561,Mangaluru,,,938773,91 Kasaba Bajar,12.867010762836046,75.05679363456841,College,100,Maintenance,Bantwala Traffic PS
CCTV00031_3,Bantwala Traffic PS - Bank CCTV,534,Dakshina Kannada,7197,Ullala,217208.0,Ira,617566,Ira,12.86533675076396,75.05572834755802,Bank,150,Active,Bantwala Traffic PS
CCTV00031_4,Bantwala Traffic PS - Bus Stand CCTV,534,Dakshina Kannada,5563,Beltangadi,217257.0,Indabettu,617641,Indabettu,12.867170987803927,75.05691530407361,Bus Stand,200,Active,Bantwala Traffic PS
CCTV00032_1,Bellare PS - Government Office CCTV,534,Dakshina Kannada,5561,Mangaluru,,,938770,89 Kodiyala A,12.666644497485848,75.37173978109232,Government Office,150,Active,Bellare PS
CCTV00032_2,Bellare PS - Government Hospital CCTV,534,Dakshina Kannada,7104,Kadaba,217353.0,Kaniyuru,617725,Kaniyoor,12.668898760181806,75.3709248996014,Government Hospital,100,Maintenance,Bellare PS
CCTV00032_3,Bellare PS - School CCTV,534,Dakshina Kannada,5563,Beltangadi,217256.0,Ilanthila,617669,Ilanthila,12.66848514141154,75.37197632849524,School,150,Maintenance,Bellare PS
CCTV00032_4,Bellare PS - Railway Station CCTV,534,Dakshina Kannada,5563,Beltangadi,217264.0,Kuvettu,617651,Odilnala,12.66772816753169,75.37232202933276,Railway Station,150,Maintenance,Bellare PS
CCTV00033_1,Belthangadi PS - Market CCTV,534,Dakshina Kannada,5563,Beltangadi,217259.0,Kaniyooru,617670,Urvalu,12.99098800328662,75.28227509994744,Market,150,Active,Belthangadi PS
CCTV00033_2,Belthangadi PS - Market CCTV,534,Dakshina Kannada,5563,Beltangadi,217262.0,Koyyuru,617652,Koyyur,12.99070500094681,75.28171709182061,Market,100,Active,Belthangadi PS
CCTV00033_3,Belthangadi PS - Bank CCTV,534,Dakshina Kannada,7198,Mulki,,,617499,Talipady (Ct),12.990430117842756,75.28384898361271,Bank,100,Active,Belthangadi PS
CCTV00033_4,Belthangadi PS - College CCTV,534,Dakshina Kannada,5564,Puttur,,,938816,Putturu,12.988666502775793,75.28177011349594,College,100,Active,Belthangadi PS
CCTV00033_5,Belthangadi PS - College CCTV,534,Dakshina Kannada,7104,Kadaba,217353.0,Kaniyuru,617725,Kaniyoor,12.988496651490367,75.28229948080606,College,100,Maintenance,Belthangadi PS
CCTV00033_6,Belthangadi PS - Bank CCTV,534,Dakshina Kannada,5561,Mangaluru,217292.0,Bala,617479,Kalavar,12.990788739538894,75.28356438458107,Bank,150,Active,Belthangadi PS
CCTV00034_1,Belthangadi Traffic PS - Bank CCTV,534,Dakshina Kannada,5565,Sulya,217377.0,Amara Mudnuru,617765,Amaramudnur,12.988920381342062,75.2836241573109,Bank,150,Active,Belthangadi Traffic PS
CCTV00034_2,Belthangadi Traffic PS - Railway Station CCTV,534,Dakshina Kannada,7102,Moodubidire,273295.0,Valpadi,617468,Valpadi,12.991396776349672,75.28374863571783,Railway Station,100,Maintenance,Belthangadi Traffic PS
CCTV00034_3,Belthangadi Traffic PS - Market CCTV,534,Dakshina Kannada,5562,Bantval,217229.0,Peruvai,617589,Peruvai,12.990893852602861,75.28142107836486,Market,200,Active,Belthangadi Traffic PS
CCTV00035_1,Buntwala Rural PS - ATM CCTV,534,Dakshina Kannada,5562,Bantval,273285.0,Netlamudnur,617584,Netlamudnur,12.534180300565827,75.023913085619,ATM,100,Active,Buntwala Rural PS
CCTV00035_2,Buntwala Rural PS - Traffic Junction CCTV,534,Dakshina Kannada,7104,Kadaba,217338.0,Aithuru,617730,Aithoor,12.533413708282014,75.02398697544898,Traffic Junction,100,Active,Buntwala Rural PS
CCTV00035_3,Buntwala Rural PS - School CCTV,534,Dakshina Kannada,5565,Sulya,217388.0,Kanaka Majalu,617761,Kanaka Majalu,12.535868302351906,75.02408096040148,School,200,Maintenance,Buntwala Rural PS
CCTV00035_4,Buntwala Rural PS - Traffic Junction CCTV,534,Dakshina Kannada,5564,Puttur,217350.0,Hirebandady,617694,Hirebandadi,12.533104336553352,75.02575410411879,Traffic Junction,100,Active,Buntwala Rural PS
CCTV00035_5,Buntwala Rural PS - Traffic Junction CCTV,534,Dakshina Kannada,5564,Puttur,217355.0,Kedambady,617739,Kedambady,12.534582471513238,75.02290652497123,Traffic Junction,150,Active,Buntwala Rural PS
CCTV00036_1,Buntwala Town PS - Railway Station CCTV,534,Dakshina Kannada,5563,Beltangadi,217273.0,Mundaje,617655,Mundaje,12.534347299596474,75.02306796674495,Railway Station,100,Active,Buntwala Town PS
CCTV00036_2,Buntwala Town PS - School CCTV,534,Dakshina Kannada,7104,Kadaba,217397.0,Subrahmanya,617788,Inakidu,12.533165898133165,75.0241941465089,School,150,Active,Buntwala Town PS
CCTV00036_3,Buntwala Town PS - School CCTV,534,Dakshina Kannada,5563,Beltangadi,217282.0,Shibaje,617684,Shibaje,12.533917317864194,75.02521552703655,School,100,Active,Buntwala Town PS
CCTV00036_4,Buntwala Town PS - Market CCTV,534,Dakshina Kannada,5563,Beltangadi,217265.0,Laila,617644,Laila,12.533935260032168,75.0244600258584,Market,100,Active,Buntwala Town PS
CCTV00037_1,Dakshina Kannada Women PS - Railway Station CCTV,534,Dakshina Kannada,5563,Beltangadi,217248.0,Arasinamakki,617683,Rekhya,12.864616303396343,74.83280243469912,Railway Station,200,Active,Dakshina Kannada Women PS
CCTV00037_2,Dakshina Kannada Women PS - College CCTV,534,Dakshina Kannada,7102,Moodubidire,217329.0,Shirthady,617470,Moodukonaje,12.865232266724842,74.83286605646599,College,100,Active,Dakshina Kannada Women PS
CCTV00037_3,Dakshina Kannada Women PS - Traffic Junction CCTV,534,Dakshina Kannada,5562,Bantval,217237.0,Sangabettu,617526,Sangabettu,12.86471189604008,74.83272722160407,Traffic Junction,150,Active,Dakshina Kannada Women PS
CCTV00037_4,Dakshina Kannada Women PS - Government Hospital CCTV,534,Dakshina Kannada,5562,Bantval,217199.0,Amtadi,617531,Kuriyala,12.864513160609237,74.83405407818374,Government Hospital,200,Active,Dakshina Kannada Women PS
CCTV00037_5,Dakshina Kannada Women PS - Railway Station CCTV,534,Dakshina Kannada,5562,Bantval,,,938749,Panemangaluru,12.864522708660834,74.83472697464856,Railway Station,200,Maintenance,Dakshina Kannada Women PS
CCTV00038_1,Dharmasthala PS - ATM CCTV,534,Dakshina Kannada,5562,Bantval,217217.0,Kolandu,617575,Kolnadu,12.573965715138199,75.22091811976793,ATM,100,Active,Dharmasthala PS
CCTV00038_2,Dharmasthala PS - ATM CCTV,534,Dakshina Kannada,5562,Bantval,217202.0,Badakajekaru,617550,Badagakajekar,12.573148257712749,75.22091357633727,ATM,200,Active,Dharmasthala PS
CCTV00038_3,Dharmasthala PS - Bus Stand CCTV,534,Dakshina Kannada,5562,Bantval,217223.0,Narikombu,617602,Narikombu (Ct),12.575009606090433,75.22290596942294,Bus Stand,200,Active,Dharmasthala PS
CCTV00038_4,Dharmasthala PS - Bank CCTV,534,Dakshina Kannada,5562,Bantval,273277.0,Ammunje,617556,Ammunje,12.5735486377133,75.223042080768,Bank,100,Active,Dharmasthala PS
CCTV00039_1,DK CEN Crime PS - Market CCTV,534,Dakshina Kannada,7197,Ullala,217226.0,Pajiru,617563,Phajeer,12.859103407599482,74.83858476650246,Market,150,Maintenance,DK CEN Crime PS
CCTV00039_2,DK CEN Crime PS - Government Hospital CCTV,534,Dakshina Kannada,5561,Mangaluru,217324.0,Paduperar,617481,Paduperar,12.859697349534596,74.83759322858515,Government Hospital,150,Active,DK CEN Crime PS
CCTV00039_3,DK CEN Crime PS - Bus Stand CCTV,534,Dakshina Kannada,5563,Beltangadi,217272.0,Mithabagilu,617637,Mithabagilu,12.860990500477637,74.8397388959287,Bus Stand,100,Active,DK CEN Crime PS
CCTV00039_4,DK CEN Crime PS - Bank CCTV,534,Dakshina Kannada,5563,Beltangadi,217287.0,Venur,617620,Moodukodi,12.859751329144371,74.83715681478465,Bank,100,Active,DK CEN Crime PS
CCTV00039_5,DK CEN Crime PS - Traffic Junction CCTV,534,Dakshina Kannada,5562,Bantval,217212.0,Karopadi,617587,Karopady,12.860323734523543,74.83762512562058,Traffic Junction,200,Active,DK CEN Crime PS
CCTV00039_6,DK CEN Crime PS - Government Office CCTV,534,Dakshina Kannada,7197,Ullala,217294.0,Belma,617515,Belma (Ct),12.859335106390077,74.83850585881775,Government Office,200,Maintenance,DK CEN Crime PS
CCTV00040_1,Kadaba PS - Traffic Junction CCTV,534,Dakshina Kannada,7198,Mulki,,,617447,Kilenjur,12.446632111116196,75.28052310160342,Traffic Junction,150,Maintenance,Kadaba PS
CCTV00040_2,Kadaba PS - College CCTV,534,Dakshina Kannada,5561,Mangaluru,,,617502,Kenjar (Ct),12.445228116204353,75.28159164705401,College,100,Active,Kadaba PS
CCTV00040_3,Kadaba PS - College CCTV,534,Dakshina Kannada,5565,Sulya,217395.0,Panja,617780,Kuthkunja,12.446592486698322,75.28218111046375,College,200,Active,Kadaba PS
CCTV00040_4,Kadaba PS - Traffic Junction CCTV,534,Dakshina Kannada,5561,Mangaluru,217320.0,Neermarga,617509,Bondathila (Ct),12.445108873840224,75.2809867011239,Traffic Junction,100,Active,Kadaba PS
CCTV00040_5,Kadaba PS - Bank CCTV,534,Dakshina Kannada,5562,Bantval,217227.0,Panjikallu,617539,Budoli,12.446210162823105,75.28119144165505,Bank,200,Active,Kadaba PS
CCTV00040_6,Kadaba PS - Government Hospital CCTV,534,Dakshina Kannada,5563,Beltangadi,273273.0,Kadirudyavara,617640,Kadirudyavara,12.446665295896164,75.28047065120693,Government Hospital,200,Maintenance,Kadaba PS
CCTV00041_1,Punjalkatte PS - College CCTV,534,Dakshina Kannada,5562,Bantval,217241.0,Veerakambha,617577,Veerakamba,12.566178150314826,75.10498429920526,College,150,Maintenance,Punjalkatte PS
CCTV00041_2,Punjalkatte PS - Traffic Junction CCTV,534,Dakshina Kannada,5562,Bantval,,,938748,Bantvalamuda,12.564555571421284,75.10519141264157,Traffic Junction,200,Maintenance,Punjalkatte PS
CCTV00041_3,Punjalkatte PS - College CCTV,534,Dakshina Kannada,7104,Kadaba,217339.0,Alankaru,617719,Alankaru,12.565914912437083,75.10508549099367,College,200,Active,Punjalkatte PS
CCTV00041_4,Punjalkatte PS - Government Office CCTV,534,Dakshina Kannada,5563,Beltangadi,217256.0,Ilanthila,617669,Ilanthila,12.567056816111945,75.10522588698007,Government Office,150,Active,Punjalkatte PS
CCTV00042_1,Puttur Rural PS - Government Office CCTV,534,Dakshina Kannada,7104,Kadaba,217346.0,Belanduru,617723,Belandoor,12.43342370907689,75.13171984454785,Government Office,100,Active,Puttur Rural PS
CCTV00042_2,Puttur Rural PS - College CCTV,534,Dakshina Kannada,5561,Mangaluru,,,938810,Katipalla,12.434774782750903,75.12996357364517,College,200,Active,Puttur Rural PS
CCTV00042_3,Puttur Rural PS - Government Hospital CCTV,534,Dakshina Kannada,5562,Bantval,217225.0,Navooru,617547,Devasyapadur,12.433809601506342,75.13198640610814,Government Hospital,100,Active,Puttur Rural PS
CCTV00043_1,Puttur Town PS - Railway Station CCTV,534,Dakshina Kannada,5561,Mangaluru,,,938770,89 Kodiyala A,13.440179613638227,79.55225958717769,Railway Station,200,Maintenance,Puttur Town PS
CCTV00043_2,Puttur Town PS - ATM CCTV,534,Dakshina Kannada,5563,Beltangadi,217266.0,Machina,617660,Machina,13.438649098372967,79.55096325229157,ATM,200,Maintenance,Puttur Town PS
CCTV00043_3,Puttur Town PS - Market CCTV,534,Dakshina Kannada,5563,Beltangadi,217281.0,Puduvettu,617676,Puduvettu,13.438808294541762,79.5528673219358,Market,100,Active,Puttur Town PS
CCTV00043_4,Puttur Town PS - Government Office CCTV,534,Dakshina Kannada,5563,Beltangadi,217262.0,Koyyuru,617652,Koyyur,13.440463632603402,79.55299394958911,Government Office,200,Maintenance,Puttur Town PS
CCTV00044_1,Puttur Traffic PS - Railway Station CCTV,534,Dakshina Kannada,7104,Kadaba,217397.0,Subrahmanya,617788,Inakidu,12.76459744282763,75.19634992626716,Railway Station,100,Active,Puttur Traffic PS
CCTV00044_2,Puttur Traffic PS - ATM CCTV,534,Dakshina Kannada,5563,Beltangadi,,,938752,Beltangadi,12.764289833801064,75.19654807837661,ATM,200,Active,Puttur Traffic PS
CCTV00044_3,Puttur Traffic PS - Traffic Junction CCTV,534,Dakshina Kannada,5564,Puttur,217365.0,Nettanige Mudnuru,617750,Nettanigemudnoor,12.763266080115976,75.19661306103711,Traffic Junction,100,Active,Puttur Traffic PS
CCTV00044_4,Puttur Traffic PS - Railway Station CCTV,534,Dakshina Kannada,7102,Moodubidire,217298.0,Daregudde,617465,Daregudde,12.764094894023533,75.19553073785025,Railway Station,200,Active,Puttur Traffic PS
CCTV00044_5,Puttur Traffic PS - College CCTV,534,Dakshina Kannada,5565,Sulya,217394.0,Nelluru Kemraje,617766,Nellurkembraje,12.765829216149125,75.1964978270214,College,100,Active,Puttur Traffic PS
CCTV00044_6,Puttur Traffic PS - Bus Stand CCTV,534,Dakshina Kannada,5561,Mangaluru,217336.0,Yekkaru,617477,Tenkayekkar,12.76523888308531,75.197413695565,Bus Stand,100,Active,Puttur Traffic PS
CCTV00045_1,Subramanya PS - Bank CCTV,534,Dakshina Kannada,7104,Kadaba,217359.0,Kombaru,617713,Kombaru,13.019314668410617,77.54010793927536,Bank,150,Active,Subramanya PS
CCTV00045_2,Subramanya PS - Government Hospital CCTV,534,Dakshina Kannada,5563,Beltangadi,217255.0,Hosangady,617614,Badakodi,13.019604359768996,77.54162332826705,Government Hospital,200,Active,Subramanya PS
CCTV00045_3,Subramanya PS - Government Hospital CCTV,534,Dakshina Kannada,5563,Beltangadi,217279.0,Padangadi,617648,Gardadi,13.018919999810237,77.54004294128715,Government Hospital,150,Maintenance,Subramanya PS
CCTV00045_4,Subramanya PS - Railway Station CCTV,534,Dakshina Kannada,5563,Beltangadi,,,938752,Beltangadi,13.01873533783916,77.54198544766844,Railway Station,150,Active,Subramanya PS
CCTV00045_5,Subramanya PS - School CCTV,534,Dakshina Kannada,7198,Mulki,,,617439,Elathur,13.018157119561094,77.53971515223246,School,150,Active,Subramanya PS
CCTV00045_6,Subramanya PS - Government Hospital CCTV,534,Dakshina Kannada,5563,Beltangadi,217285.0,Thannirupantha,617668,Karaya,13.019416481504846,77.54193620745258,Government Hospital,100,Maintenance,Subramanya PS
CCTV00046_1,Sullia PS - Government Office CCTV,534,Dakshina Kannada,7198,Mulki,217289.0,Aikala,617441,Aikala,12.555594152648533,75.39337935946239,Government Office,150,Active,Sullia PS
CCTV00046_2,Sullia PS - Traffic Junction CCTV,534,Dakshina Kannada,5561,Mangaluru,217327.0,Permude,617478,Permude,12.557653875384789,75.39230787756644,Traffic Junction,150,Active,Sullia PS
CCTV00046_3,Sullia PS - School CCTV,534,Dakshina Kannada,5564,Puttur,273298.0,Kudippadi,617687,Kudippadi,12.555800834356758,75.39164581898014,School,150,Active,Sullia PS
CCTV00046_4,Sullia PS - Market CCTV,534,Dakshina Kannada,5561,Mangaluru,273294.0,Muthuru,617489,Kolavooru,12.555736699418118,75.39429039247229,Market,150,Active,Sullia PS
CCTV00046_5,Sullia PS - Bus Stand CCTV,534,Dakshina Kannada,5563,Beltangadi,217265.0,Laila,617644,Laila,12.556283911145641,75.39223458992221,Bus Stand,200,Active,Sullia PS
CCTV00047_1,Uppinangadi PS - Bus Stand CCTV,534,Dakshina Kannada,7198,Mulki,,,617448,Nadugodu,12.840675303923653,75.24736121336397,Bus Stand,100,Active,Uppinangadi PS
CCTV00047_2,Uppinangadi PS - Government Hospital CCTV,534,Dakshina Kannada,5562,Bantval,273278.0,Arala,617530,Arala,12.839186975229778,75.24680134135545,Government Hospital,100,Maintenance,Uppinangadi PS
CCTV00047_3,Uppinangadi PS - Traffic Junction CCTV,534,Dakshina Kannada,5561,Mangaluru,217317.0,Moodushedde,617524,Padushedde (Og),12.838442540393155,75.24823600455726,Traffic Junction,100,Active,Uppinangadi PS
CCTV00047_4,Uppinangadi PS - Market CCTV,534,Dakshina Kannada,5565,Sulya,217379.0,Balila,617758,Mupperia,12.839997941163299,75.24821763332761,Market,150,Active,Uppinangadi PS
CCTV00047_5,Uppinangadi PS - Market CCTV,534,Dakshina Kannada,5564,Puttur,217356.0,Kodimbady,617690,Kodimbady,12.83873605506951,75.24721585756892,Market,150,Maintenance,Uppinangadi PS
CCTV00048_1,Venoor PS - ATM CCTV,534,Dakshina Kannada,5561,Mangaluru,217288.0,Adyar,617511,Adyar (Ct),13.012792483452525,75.13916849674203,ATM,200,Active,Venoor PS
CCTV00048_2,Venoor PS - School CCTV,534,Dakshina Kannada,7197,Ullala,217310.0,Kinya,617498,Kinnya,13.013246433740425,75.1382702361766,School,200,Active,Venoor PS
CCTV00048_3,Venoor PS - Bank CCTV,534,Dakshina Kannada,5562,Bantval,217225.0,Navooru,617547,Devasyapadur,13.014093382942567,75.1377672981626,Bank,150,Active,Venoor PS
CCTV00049_1,Vitla PS - School CCTV,534,Dakshina Kannada,7198,Mulki,217293.0,Balkunje,617429,Kollur,12.763894218951716,75.10243653923476,School,100,Maintenance,Vitla PS
CCTV00049_2,Vitla PS - Bank CCTV,534,Dakshina Kannada,5561,Mangaluru,,,617502,Kenjar (Ct),12.76457542193435,75.10230612957577,Bank,100,Active,Vitla PS
CCTV00049_3,Vitla PS - Bank CCTV,534,Dakshina Kannada,5562,Bantval,217227.0,Panjikallu,617540,Mudanadugodu,12.761948824536516,75.10198210570603,Bank,100,Active,Vitla PS
CCTV00049_4,Vitla PS - School CCTV,534,Dakshina Kannada,5562,Bantval,217238.0,Sarapadi,617548,Sarapady,12.763243051430944,75.10149900542581,School,100,Maintenance,Vitla PS
CCTV00049_5,Vitla PS - Railway Station CCTV,534,Dakshina Kannada,5564,Puttur,217343.0,Bajathuru,617695,Bajathuru,12.764780434725704,75.10262204134335,Railway Station,200,Active,Vitla PS
CCTV00050_1,Azad Nagar PS - Railway Station CCTV,535,Davanagere,5511,Jagalur,,,606498,Mooginachikkenahalli,14.482042156126255,75.9254976299905,Railway Station,100,Active,Azad Nagar PS
CCTV00050_2,Azad Nagar PS - Railway Station CCTV,535,Davanagere,5514,Channagiri,217419.0,Hiremalali,607025,Shivagangehalli,14.481804988826257,75.92454938739165,Railway Station,150,Active,Azad Nagar PS
CCTV00050_3,Azad Nagar PS - Government Office CCTV,535,Davanagere,5512,Davanagere,217477.0,Hemmanabetur,606600,Kurudi,14.480824629159157,75.92513490964525,Government Office,100,Active,Azad Nagar PS
CCTV00051_1,Basavanagara PS - Government Hospital CCTV,535,Davanagere,5511,Jagalur,217619.0,Guttidurga,606477,Chikka Arakere,14.468512600619277,75.91911280717815,Government Hospital,100,Maintenance,Basavanagara PS
CCTV00051_2,Basavanagara PS - Railway Station CCTV,535,Davanagere,5512,Davanagere,217474.0,Gudalu,606635,Hosahalli,14.467808917638248,75.91922168017032,Railway Station,150,Active,Basavanagara PS
CCTV00051_3,Basavanagara PS - Market CCTV,535,Davanagere,5513,Honnali,217604.0,Suraturu,606760,Boodihalu,14.47057259471987,75.91721181684962,Market,200,Active,Basavanagara PS
CCTV00051_4,Basavanagara PS - Railway Station CCTV,535,Davanagere,5511,Jagalur,217625.0,Kechhenahalli,606420,Giddanakatte,14.468526896089797,75.91786924543416,Railway Station,200,Active,Basavanagara PS
CCTV00052_1,Basavapatna PS - Bank CCTV,535,Davanagere,5511,Jagalur,217623.0,Hosakere,606390,Hosakere,14.205017424017601,75.81820093255735,Bank,150,Active,Basavapatna PS
CCTV00052_2,Basavapatna PS - Bus Stand CCTV,535,Davanagere,5512,Davanagere,217496.0,Mudahadadi,606567,Mudahadadi,14.20687970833966,75.8172013728297,Bus Stand,150,Maintenance,Basavapatna PS
CCTV00052_3,Basavapatna PS - Bank CCTV,535,Davanagere,5514,Channagiri,217455.0,Siddanamatha,606936,Yakkegondi,14.20497398490161,75.81755958145354,Bank,150,Maintenance,Basavapatna PS
CCTV00052_4,Basavapatna PS - ATM CCTV,535,Davanagere,7076,Nyamathi,217606.0,Vaderahathuru,606756,Kooganahalli,14.206988592057279,75.81716688675063,ATM,100,Active,Basavapatna PS
CCTV00052_5,Basavapatna PS - College CCTV,535,Davanagere,5511,Jagalur,217611.0,Basavanakote,606380,Varavenahalli,14.207058136773933,75.81748189111472,College,200,Active,Basavapatna PS
CCTV00052_6,Basavapatna PS - Government Hospital CCTV,535,Davanagere,7076,Nyamathi,217575.0,T Gopagondanahalli,606846,Tavaragopagondanahalli,14.206971383041315,75.81802096376343,Government Hospital,200,Active,Basavapatna PS
CCTV00053_1,Bilichodu PS - Railway Station CCTV,535,Davanagere,5514,Channagiri,217419.0,Hiremalali,607025,Shivagangehalli,14.505689952395953,76.16131623089362,Railway Station,150,Active,Bilichodu PS
CCTV00053_2,Bilichodu PS - Government Hospital CCTV,535,Davanagere,5514,Channagiri,217461.0,Vaddanal,607092,Vaddanalu,14.504396522244969,76.16157123271222,Government Hospital,100,Active,Bilichodu PS
CCTV00053_3,Bilichodu PS - Bank CCTV,535,Davanagere,5509,Harihar,217540.0,Devarabelakere,606236,Adapura,14.503980995646272,76.1614437935844,Bank,150,Active,Bilichodu PS
CCTV00054_1,Channagiri PS - School CCTV,535,Davanagere,5511,Jagalur,217611.0,Basavanakote,606372,Agasanahalli,14.023468344798085,75.92872322419537,School,200,Active,Channagiri PS
CCTV00054_2,Channagiri PS - ATM CCTV,535,Davanagere,5512,Davanagere,217478.0,Huchchavanahally,606672,Hedne,14.023635328847904,75.92770014510982,ATM,150,Active,Channagiri PS
CCTV00054_3,Channagiri PS - Government Office CCTV,535,Davanagere,5512,Davanagere,217470.0,Belavanuru,924654,Taralabalunagar,14.023106282538706,75.9278907156983,Government Office,200,Active,Channagiri PS
CCTV00054_4,Channagiri PS - College CCTV,535,Davanagere,5514,Channagiri,217450.0,Nuggehalli,606997,Neethigere Camp,14.022904710779189,75.92974596639357,College,200,Active,Channagiri PS
CCTV00055_1,Davanagere CEN Crime PS - Bus Stand CCTV,535,Davanagere,5511,Jagalur,217626.0,Kyasenahalli,606406,Chikka-Ujjini,14.458111805934168,75.91532851611026,Bus Stand,100,Active,Davanagere CEN Crime PS
CCTV00055_2,Davanagere CEN Crime PS - Government Office CCTV,535,Davanagere,5514,Channagiri,217438.0,Kotehal,606890,Marabanahalli,14.460239410264236,75.91605979405026,Government Office,100,Maintenance,Davanagere CEN Crime PS
CCTV00055_3,Davanagere CEN Crime PS - Government Hospital CCTV,535,Davanagere,5512,Davanagere,217476.0,Hebbalu,606646,Hebbalu,14.458207550025335,75.91534939342964,Government Hospital,100,Maintenance,Davanagere CEN Crime PS
CCTV00055_4,Davanagere CEN Crime PS - Government Office CCTV,535,Davanagere,5511,Jagalur,217615.0,Devikere,606465,Devikere,14.460097456956387,75.91677243401155,Government Office,200,Active,Davanagere CEN Crime PS
CCTV00055_5,Davanagere CEN Crime PS - Government Hospital CCTV,535,Davanagere,7076,Nyamathi,217599.0,Palavanahalli,606741,Kodikoppa,14.458569237598558,75.91633344492061,Government Hospital,150,Active,Davanagere CEN Crime PS
CCTV00056_1,Davanagere Extention PS - Bank CCTV,535,Davanagere,5514,Channagiri,217437.0,Koratikere,607001,Kortikere,14.464785603964275,75.91880485967096,Bank,200,Active,Davanagere Extention PS
CCTV00056_2,Davanagere Extention PS - College CCTV,535,Davanagere,5513,Honnali,217590.0,Kolaghatte,606863,Hanumanahalli,14.466085396351714,75.91929960679408,College,200,Active,Davanagere Extention PS
CCTV00056_3,Davanagere Extention PS - Government Office CCTV,535,Davanagere,7076,Nyamathi,217602.0,Savalanga,606731,Machagondanahalli,14.46475315027504,75.92004192057678,Government Office,150,Maintenance,Davanagere Extention PS
CCTV00056_4,Davanagere Extention PS - Government Hospital CCTV,535,Davanagere,5512,Davanagere,217478.0,Huchchavanahally,606671,Timmalapura,14.466239731375428,75.91957855020232,Government Hospital,200,Maintenance,Davanagere Extention PS
CCTV00057_1,Davanagere Rural PS - Bank CCTV,535,Davanagere,5511,Jagalur,217619.0,Guttidurga,606480,Kortikere,14.451669322214247,75.92023347373973,Bank,100,Maintenance,Davanagere Rural PS
CCTV00057_2,Davanagere Rural PS - ATM CCTV,535,Davanagere,5514,Channagiri,217443.0,Medikere,606953,Medikere,14.451816376517224,75.92057410219444,ATM,200,Active,Davanagere Rural PS
CCTV00057_3,Davanagere Rural PS - Bus Stand CCTV,535,Davanagere,5511,Jagalur,217629.0,Sokke,606384,Chikkabantanahalli,14.451692398116396,75.9207132180024,Bus Stand,150,Active,Davanagere Rural PS
CCTV00057_4,Davanagere Rural PS - Market CCTV,535,Davanagere,5512,Davanagere,,,938390,Basapura,14.450202480918353,75.92064005760503,Market,200,Maintenance,Davanagere Rural PS
CCTV00057_5,Davanagere Rural PS - College CCTV,535,Davanagere,5509,Harihar,217550.0,Kokkanur,606228,Muginagondi,14.450861611599592,75.91941041532641,College,150,Maintenance,Davanagere Rural PS
CCTV00058_1,Davangere Traffic North PS - ATM CCTV,535,Davanagere,7076,Nyamathi,217603.0,Surahonne,606742,Devekoppa,14.46857149539413,75.91732837495458,ATM,150,Maintenance,Davangere Traffic North PS
CCTV00058_2,Davangere Traffic North PS - College CCTV,535,Davanagere,5514,Channagiri,217417.0,Haronahalli,607062,Kukwada,14.468541096046657,75.91835955742154,College,100,Active,Davangere Traffic North PS
CCTV00058_3,Davangere Traffic North PS - College CCTV,535,Davanagere,5514,Channagiri,217423.0,Joldal,607060,K.Ganadakatte,14.468156584804163,75.91896288987469,College,150,Maintenance,Davangere Traffic North PS
CCTV00058_4,Davangere Traffic North PS - College CCTV,535,Davanagere,5514,Channagiri,217426.0,Kakanur,606967,Kulenur,14.470127169162275,75.91884117022116,College,200,Active,Davangere Traffic North PS
CCTV00059_1,Gandhi Nagar PS - ATM CCTV,535,Davanagere,5509,Harihar,,,606264,Bhyranahalli,14.477535918859115,75.91922358542978,ATM,200,Active,Gandhi Nagar PS
CCTV00059_2,Gandhi Nagar PS - Railway Station CCTV,535,Davanagere,5511,Jagalur,217628.0,Pallagatte,606435,Masanikatte,14.47536841070669,75.92165775055034,Railway Station,150,Active,Gandhi Nagar PS
CCTV00059_3,Gandhi Nagar PS - Bus Stand CCTV,535,Davanagere,5514,Channagiri,217446.0,Nallihankalu,607104,Kalkere,14.477519494431029,75.92115434512078,Bus Stand,150,Maintenance,Gandhi Nagar PS
CCTV00059_4,Gandhi Nagar PS - College CCTV,535,Davanagere,5514,Channagiri,217458.0,Tavarekere,607120,Thavarekere,14.476170279711399,75.91893477937704,College,200,Active,Gandhi Nagar PS
CCTV00060_1,Hadadi PS - Government Hospital CCTV,535,Davanagere,7076,Nyamathi,217594.0,Kunkova,606753,Kallukatte,14.371107772060814,75.89446946190742,Government Hospital,100,Active,Hadadi PS
CCTV00060_2,Hadadi PS - School CCTV,535,Davanagere,5509,Harihar,217542.0,Halivana,606243,Halivana,14.370885930896513,75.89391052353895,School,200,Active,Hadadi PS
CCTV00060_3,Hadadi PS - School CCTV,535,Davanagere,5512,Davanagere,217469.0,Basavanalu,606563,Lingadahalli,14.370031847853449,75.89332307110317,School,150,Active,Hadadi PS
CCTV00060_4,Hadadi PS - College CCTV,535,Davanagere,5511,Jagalur,217626.0,Kyasenahalli,606414,Gudugobanahalli,14.371305133269175,75.89500179927128,College,150,Maintenance,Hadadi PS
CCTV00060_5,Hadadi PS - ATM CCTV,535,Davanagere,5514,Channagiri,217404.0,Belalagere,607117,Basavapura,14.370085541021322,75.89476382489858,ATM,150,Active,Hadadi PS
CCTV00060_6,Hadadi PS - Bank CCTV,535,Davanagere,5514,Channagiri,217402.0,Ajjihalli,607049,Chikkulikere,14.36869099903892,75.89378408156585,Bank,100,Active,Hadadi PS
CCTV00061_1,Harihara Rural PS - Government Hospital CCTV,535,Davanagere,5514,Channagiri,217430.0,Karekatte,606980,Hallimallapura,14.534542185786286,75.8129869115015,Government Hospital,100,Active,Harihara Rural PS
CCTV00061_2,Harihara Rural PS - Bank CCTV,535,Davanagere,5514,Channagiri,217413.0,Duravigere,607119,Veerapura,14.534177927262087,75.8120366720417,Bank,150,Maintenance,Harihara Rural PS
CCTV00061_3,Harihara Rural PS - Traffic Junction CCTV,535,Davanagere,5511,Jagalur,217617.0,Donnehalli,606516,Donnehalli,14.534369440148744,75.81412894513444,Traffic Junction,100,Active,Harihara Rural PS
CCTV00062_1,Harihara Town PS - Government Office CCTV,535,Davanagere,5512,Davanagere,217477.0,Hemmanabetur,606601,Hemmanabethur,14.515648214248376,75.80602246171969,Government Office,150,Active,Harihara Town PS
CCTV00062_2,Harihara Town PS - Government Hospital CCTV,535,Davanagere,5511,Jagalur,217609.0,Anabur,606499,Madamuthnahalli,14.514877307687515,75.80748757689986,Government Hospital,200,Active,Harihara Town PS
CCTV00062_3,Harihara Town PS - Market CCTV,535,Davanagere,5512,Davanagere,217462.0,Aluru,606559,Mallapura,14.514929225939905,75.80752655257933,Market,100,Maintenance,Harihara Town PS
CCTV00063_1,Honnali PS - Bus Stand CCTV,535,Davanagere,5514,Channagiri,217457.0,Tanigere,606943,Bhimanere,14.23351757292234,75.65764066760117,Bus Stand,100,Active,Honnali PS
CCTV00063_2,Honnali PS - ATM CCTV,535,Davanagere,5513,Honnali,217584.0,Hosahalli,606867,Hosahalli,14.235376120797824,75.65869821392727,ATM,100,Active,Honnali PS
CCTV00063_3,Honnali PS - Bank CCTV,535,Davanagere,5511,Jagalur,217622.0,Hiremallanahole,606502,Tummaraguddu,14.235083297884698,75.65878302541009,Bank,100,Active,Honnali PS
CCTV00063_4,Honnali PS - Market CCTV,535,Davanagere,5514,Channagiri,217436.0,Kondadahalli,606983,Chikkuda,14.233190129189666,75.65869630155801,Market,150,Active,Honnali PS
CCTV00063_5,Honnali PS - Railway Station CCTV,535,Davanagere,5509,Harihar,217551.0,Kondajji,606275,Vaderahalli,14.23326736441489,75.65781531852478,Railway Station,200,Active,Honnali PS
CCTV00063_6,Honnali PS - Government Hospital CCTV,535,Davanagere,5511,Jagalur,217625.0,Kechhenahalli,606397,Kelagote,14.233754982926682,75.6571610056032,Government Hospital,100,Active,Honnali PS
CCTV00064_1,Jagalur PS - Bank CCTV,535,Davanagere,5512,Davanagere,,,938389,Avaragere,14.514645226743704,76.3387575049529,Bank,200,Active,Jagalur PS
CCTV00064_2,Jagalur PS - Railway Station CCTV,535,Davanagere,5512,Davanagere,217478.0,Huchchavanahally,606660,Hanumanahalli,14.512830278145778,76.33761349555688,Railway Station,100,Active,Jagalur PS
CCTV00064_3,Jagalur PS - Government Hospital CCTV,535,Davanagere,5514,Channagiri,217446.0,Nallihankalu,607123,Nellihanklu,14.513630118758245,76.33751946833036,Government Hospital,100,Active,Jagalur PS
CCTV00064_4,Jagalur PS - Railway Station CCTV,535,Davanagere,5514,Channagiri,217406.0,Bulasagara,607009,Bulsagara,14.512861280485527,76.33855318987722,Railway Station,150,Active,Jagalur PS
CCTV00064_5,Jagalur PS - Traffic Junction CCTV,535,Davanagere,5512,Davanagere,217486.0,Kanagondanahalli,606576,Jadaganahalli,14.51320133979812,76.33752860687255,Traffic Junction,100,Active,Jagalur PS
CCTV00064_6,Jagalur PS - Market CCTV,535,Davanagere,5512,Davanagere,217462.0,Aluru,606595,Alur,14.512041317918465,76.33823568072825,Market,200,Active,Jagalur PS
CCTV00065_1,KTJ Nagar PS - College CCTV,535,Davanagere,5512,Davanagere,217491.0,Kurki,606669,Hanumanahalli,14.455066475597642,75.92454065366366,College,150,Active,KTJ Nagar PS
CCTV00065_2,KTJ Nagar PS - Government Office CCTV,535,Davanagere,5514,Channagiri,217413.0,Duravigere,607011,Rangapura,14.45306988761019,75.92320676954927,Government Office,100,Active,KTJ Nagar PS
CCTV00065_3,KTJ Nagar PS - Railway Station CCTV,535,Davanagere,5511,Jagalur,217614.0,Bistuvalli,606522,Bistuvalli,14.454922047700368,75.92431883950327,Railway Station,150,Active,KTJ Nagar PS
CCTV00066_1,Malebennur PS - Market CCTV,535,Davanagere,5512,Davanagere,217475.0,Hadadi,606571,Hadadi,14.351565304360948,75.73997995142193,Market,200,Maintenance,Malebennur PS
CCTV00066_2,Malebennur PS - Government Hospital CCTV,535,Davanagere,5513,Honnali,217582.0,Hathur,606770,Hathur,14.351895826269551,75.73770754044014,Government Hospital,100,Active,Malebennur PS
CCTV00066_3,Malebennur PS - Traffic Junction CCTV,535,Davanagere,5513,Honnali,217580.0,Hanumasagara,606816,Balleshwara,14.350233231691535,75.7387076526194,Traffic Junction,100,Active,Malebennur PS
CCTV00067_1,Mayakonda PS - Market CCTV,535,Davanagere,5514,Channagiri,217413.0,Duravigere,607115,Shankaripura,14.281610864186334,76.08060920137413,Market,100,Active,Mayakonda PS
CCTV00067_2,Mayakonda PS - ATM CCTV,535,Davanagere,5514,Channagiri,217408.0,Chikkaganganur,606996,Yeragattihalli,14.28344244414491,76.08050519578933,ATM,150,Active,Mayakonda PS
CCTV00067_3,Mayakonda PS - Bank CCTV,535,Davanagere,5512,Davanagere,217465.0,Anberu,606705,Gudlahalli,14.282847573041192,76.08079045010419,Bank,200,Active,Mayakonda PS
CCTV00067_4,Mayakonda PS - Bus Stand CCTV,535,Davanagere,5512,Davanagere,217477.0,Hemmanabetur,606603,Chikkavvanagathihalli,14.282538249565834,76.08050687603053,Bus Stand,100,Active,Mayakonda PS
CCTV00068_1,Nyamathi PS - Bus Stand CCTV,535,Davanagere,5514,Channagiri,217434.0,Kerebilachi,606972,Kerebilachi,14.147388940677521,75.5634310033602,Bus Stand,200,Maintenance,Nyamathi PS
CCTV00068_2,Nyamathi PS - ATM CCTV,535,Davanagere,5511,Jagalur,217624.0,Kalledevarapura,606541,Sangenahalli,14.149197189125408,75.56365276554311,ATM,100,Maintenance,Nyamathi PS
CCTV00068_3,Nyamathi PS - Bank CCTV,535,Davanagere,5511,Jagalur,217628.0,Pallagatte,606435,Masanikatte,14.147380223299738,75.56248994647117,Bank,200,Maintenance,Nyamathi PS
CCTV00068_4,Nyamathi PS - Bank CCTV,535,Davanagere,7076,Nyamathi,217572.0,Chiluru,606843,Dodderi,14.147051191638736,75.56402289139494,Bank,150,Active,Nyamathi PS
CCTV00068_5,Nyamathi PS - Bus Stand CCTV,535,Davanagere,7076,Nyamathi,217574.0,Ganganakote,606737,Basavapura,14.147886126923215,75.56359026214712,Bus Stand,150,Maintenance,Nyamathi PS
CCTV00068_6,Nyamathi PS - Government Hospital CCTV,535,Davanagere,5512,Davanagere,217481.0,Iguru,606589,Srikrishnanagara,14.147659755076731,75.56157245283157,Government Hospital,150,Maintenance,Nyamathi PS
CCTV00069_1,RMC Yard PS - Railway Station CCTV,535,Davanagere,7076,Nyamathi,217599.0,Palavanahalli,606750,Palavanahalli,14.46033873171253,75.9347603745063,Railway Station,100,Active,RMC Yard PS
CCTV00069_2,RMC Yard PS - Traffic Junction CCTV,535,Davanagere,5514,Channagiri,217435.0,Kogaluru,606939,Giriyapura,14.460009283308583,75.93588319690974,Traffic Junction,150,Active,RMC Yard PS
CCTV00069_3,RMC Yard PS - Government Hospital CCTV,535,Davanagere,5509,Harihar,217549.0,Kadaranayakanahalli,606215,Palya,14.46049442918575,75.93443598041962,Government Hospital,100,Active,RMC Yard PS
CCTV00069_4,RMC Yard PS - ATM CCTV,535,Davanagere,5511,Jagalur,217626.0,Kyasenahalli,606413,Lakkenahalli,14.460202460701595,75.93704399281768,ATM,150,Active,RMC Yard PS
CCTV00069_5,RMC Yard PS - Traffic Junction CCTV,535,Davanagere,5513,Honnali,217589.0,Kesanakere,606874,Jalikatte,14.458457134263417,75.934625572666,Traffic Junction,100,Active,RMC Yard PS
CCTV00069_6,RMC Yard PS - College CCTV,535,Davanagere,5511,Jagalur,217611.0,Basavanakote,606371,Basavanakote,14.460213274893157,75.93647373196139,College,150,Active,RMC Yard PS
CCTV00070_1,Santhebennur PS - Bank CCTV,535,Davanagere,5512,Davanagere,217465.0,Anberu,606706,Nalkunda,14.172668921952079,76.0076371004874,Bank,150,Active,Santhebennur PS
CCTV00070_2,Santhebennur PS - Bus Stand CCTV,535,Davanagere,5513,Honnali,217582.0,Hathur,606812,Marikoppa,14.172033050685465,76.00821459241936,Bus Stand,100,Active,Santhebennur PS
CCTV00070_3,Santhebennur PS - Traffic Junction CCTV,535,Davanagere,5511,Jagalur,217630.0,Thoranagatte,606534,Jammapura,14.17301175351356,76.00739959357449,Traffic Junction,150,Active,Santhebennur PS
CCTV00070_4,Santhebennur PS - ATM CCTV,535,Davanagere,5514,Channagiri,217434.0,Kerebilachi,606972,Kerebilachi,14.174495463134708,76.0061098626201,ATM,100,Active,Santhebennur PS
CCTV00071_1,Vidyanagar PS - Market CCTV,535,Davanagere,5511,Jagalur,217621.0,Hanumanthapura,606485,Kasavanahalli,14.434560217376479,75.91658590331599,Market,150,Active,Vidyanagar PS
CCTV00071_2,Vidyanagar PS - College CCTV,535,Davanagere,5511,Jagalur,217626.0,Kyasenahalli,606408,Marikatte,14.434371793104571,75.9175327231058,College,150,Active,Vidyanagar PS
CCTV00071_3,Vidyanagar PS - Market CCTV,535,Davanagere,5514,Channagiri,217413.0,Duravigere,607116,Kodagikere,14.434562138227507,75.91515479334421,Market,200,Active,Vidyanagar PS
CCTV00071_4,Vidyanagar PS - Government Hospital CCTV,535,Davanagere,5511,Jagalur,217614.0,Bistuvalli,950503,Devagiri,14.433862543202741,75.91721530894982,Government Hospital,200,Active,Vidyanagar PS
CCTV00072_1,Women PS - Bank CCTV,535,Davanagere,5514,Channagiri,217442.0,Maravanji,607101,Medugondanahalli,15.858083415286423,74.50670507256694,Bank,100,Active,Women PS
CCTV00072_2,Women PS - Government Office CCTV,535,Davanagere,5514,Channagiri,217417.0,Haronahalli,607093,Komaranahalli,15.858261289065416,74.50711854348481,Government Office,150,Maintenance,Women PS
CCTV00072_3,Women PS - Market CCTV,535,Davanagere,5514,Channagiri,217426.0,Kakanur,948418,Shivakulenooru,15.85786258487453,74.50684777079123,Market,100,Active,Women PS
CCTV00072_4,Women PS - ATM CCTV,535,Davanagere,5509,Harihar,217547.0,Jigali,606231,Vadera Basapura,15.857733746544449,74.50699087569707,ATM,200,Active,Women PS
CCTV00072_5,Women PS - Government Office CCTV,535,Davanagere,5514,Channagiri,217414.0,Garaga,607012,Gullehalli,15.85904746312517,74.50666743546707,Government Office,200,Active,Women PS
CCTV00072_6,Women PS - Market CCTV,535,Davanagere,5514,Channagiri,217405.0,Belliganadu,606957,Gollarahalli,15.858365565761732,74.50590143620947,Market,200,Active,Women PS
CCTV00073_1,Alnavar PS - Market CCTV,536,Dharwad,5477,Kundgol,217719.0,Malali,602545,Teertha,15.432484915014237,74.74120193289679,Market,150,Active,Alnavar PS
CCTV00073_2,Alnavar PS - Government Office CCTV,536,Dharwad,5476,Kalghatgi,217698.0,Ganjigatti,602492,Ganjigatti,15.433120928136928,74.73965936063195,Government Office,200,Active,Alnavar PS
CCTV00073_3,Alnavar PS - Government Office CCTV,536,Dharwad,5473,Dharwad,217664.0,Tegur,602242,Durgadakeri,15.432614834700942,74.74042669161196,Government Office,100,Active,Alnavar PS
CCTV00073_4,Alnavar PS - Government Office CCTV,536,Dharwad,7079,Hubballi Urban,,,602387,Yellapura,15.430995125761642,74.74098948596203,Government Office,100,Maintenance,Alnavar PS
CCTV00074_1,Annigeri PS - Market CCTV,536,Dharwad,5473,Dharwad,217636.0,Garag,602215,Garag,15.430858940685482,75.43357642181289,Market,100,Maintenance,Annigeri PS
CCTV00074_2,Annigeri PS - Government Office CCTV,536,Dharwad,5477,Kundgol,217730.0,Rottigawad,602552,Rottigawad,15.429773713584105,75.43284318246052,Government Office,100,Active,Annigeri PS
CCTV00074_3,Annigeri PS - ATM CCTV,536,Dharwad,5473,Dharwad,217659.0,Nigadi,602279,Baad,15.42838683618707,75.43262146572407,ATM,100,Active,Annigeri PS
CCTV00075_1,Dharwad CEN Crime PS - Bus Stand CCTV,536,Dharwad,5477,Kundgol,273032.0,Guruvinahalli,602539,Gurunahalli,15.467491150665381,74.98667552331858,Bus Stand,200,Active,Dharwad CEN Crime PS
CCTV00075_2,Dharwad CEN Crime PS - Bus Stand CCTV,536,Dharwad,5476,Kalghatgi,217689.0,Begur,602466,Tumarikoppa,15.469540775703415,74.98580798787422,Bus Stand,200,Active,Dharwad CEN Crime PS
CCTV00075_3,Dharwad CEN Crime PS - College CCTV,536,Dharwad,5477,Kundgol,217717.0,Gudageri,602573,Mandiganal,15.469537500554088,74.98578190407432,College,150,Active,Dharwad CEN Crime PS
CCTV00076_1,Dharwad Rural PS - College CCTV,536,Dharwad,5475,Hubballi,217674.0,Hallyal,602396,Halyal,15.17649649936279,74.97785520284005,College,100,Active,Dharwad Rural PS
CCTV00076_2,Dharwad Rural PS - Railway Station CCTV,536,Dharwad,5473,Dharwad,273021.0,Manasura,602283,Mansur,15.176139393592278,74.9782723406322,Railway Station,150,Active,Dharwad Rural PS
CCTV00076_3,Dharwad Rural PS - Bank CCTV,536,Dharwad,5477,Kundgol,217723.0,Hirenarti,602558,Hirenarti,15.1739251924883,74.97994286379853,Bank,100,Maintenance,Dharwad Rural PS
CCTV00076_4,Dharwad Rural PS - Traffic Junction CCTV,536,Dharwad,7079,Hubballi Urban,,,938711,Sutagatti,15.173730752169172,74.97817564653415,Traffic Junction,150,Active,Dharwad Rural PS
CCTV00077_1,Dharwad Women PS - Traffic Junction CCTV,536,Dharwad,5477,Kundgol,217732.0,Shirur,602522,Shirur,15.350637153279095,75.13782806577638,Traffic Junction,100,Active,Dharwad Women PS
CCTV00077_2,Dharwad Women PS - Railway Station CCTV,536,Dharwad,7079,Hubballi Urban,,,938711,Sutagatti,15.350213424856625,75.13937993735729,Railway Station,150,Maintenance,Dharwad Women PS
CCTV00077_3,Dharwad Women PS - Market CCTV,536,Dharwad,5473,Dharwad,217658.0,Narendra,602234,Govanakoppa-M-Narendra,15.351631706633185,75.13947129025763,Market,200,Active,Dharwad Women PS
CCTV00078_1,Garag PS - Railway Station CCTV,536,Dharwad,5473,Dharwad,217660.0,Pudkalakatti,602292,Kalle,15.570626212964516,74.92920512798202,Railway Station,200,Active,Garag PS
CCTV00078_2,Garag PS - Bus Stand CCTV,536,Dharwad,5476,Kalghatgi,217696.0,Galagi,602432,Hulakoppa,15.569175458570372,74.92837236907289,Bus Stand,150,Maintenance,Garag PS
CCTV00078_3,Garag PS - Market CCTV,536,Dharwad,5476,Kalghatgi,217700.0,Hirehonnihalli,602456,Dhulikoppa,15.569566481110611,74.92808568929854,Market,150,Active,Garag PS
CCTV00078_4,Garag PS - Railway Station CCTV,536,Dharwad,7079,Hubballi Urban,,,938705,Beedanala M,15.571016910128884,74.9279094034152,Railway Station,150,Active,Garag PS
CCTV00078_5,Garag PS - ATM CCTV,536,Dharwad,5473,Dharwad,,,602274,Dharwad (Rural),15.56899659908305,74.92832856131352,ATM,200,Active,Garag PS
CCTV00079_1,Gudageri PS - Government Office CCTV,536,Dharwad,5476,Kalghatgi,217695.0,G.Basavankoppa,602434,Kannenaikankoppa,15.121813768559777,75.36218919459239,Government Office,200,Active,Gudageri PS
CCTV00079_2,Gudageri PS - Traffic Junction CCTV,536,Dharwad,5477,Kundgol,217719.0,Malali,602542,Kunkur,15.120043343261699,75.36316551340553,Traffic Junction,100,Active,Gudageri PS
CCTV00079_3,Gudageri PS - Traffic Junction CCTV,536,Dharwad,5474,Navalgund,217739.0,Gudisagar,602348,Gudisagar,15.122463354002507,75.36337255842297,Traffic Junction,150,Active,Gudageri PS
CCTV00079_4,Gudageri PS - Market CCTV,536,Dharwad,5475,Hubballi,217677.0,Kardikoppa,602424,Kurdikeri,15.121459768786458,75.36138023246599,Market,100,Active,Gudageri PS
CCTV00079_5,Gudageri PS - ATM CCTV,536,Dharwad,5475,Hubballi,273024.0,Channapura,602415,Ramapur,15.122753794718225,75.36342562151162,ATM,100,Active,Gudageri PS
CCTV00079_6,Gudageri PS - Bus Stand CCTV,536,Dharwad,5477,Kundgol,217735.0,Yeraguppi,602555,Chikkanarti,15.122178135940427,75.36152192704667,Bus Stand,200,Maintenance,Gudageri PS
CCTV00080_1,Hubli Rural PS - Traffic Junction CCTV,536,Dharwad,5477,Kundgol,217729.0,Ramanakoppa,602544,Belligatti,15.350672245414668,75.15906899866067,Traffic Junction,200,Active,Hubli Rural PS
CCTV00080_2,Hubli Rural PS - Railway Station CCTV,536,Dharwad,7079,Hubballi Urban,,,602374,Amargol,15.351956270922198,75.16104809126419,Railway Station,150,Active,Hubli Rural PS
CCTV00080_3,Hubli Rural PS - ATM CCTV,536,Dharwad,5473,Dharwad,217633.0,Belur,602227,Belur,15.350146995462806,75.1603669493823,ATM,200,Active,Hubli Rural PS
CCTV00080_4,Hubli Rural PS - College CCTV,536,Dharwad,5476,Kalghatgi,217706.0,Muttagi,602446,B.Shigigatti,15.351170280595397,75.15992686294061,College,100,Maintenance,Hubli Rural PS
CCTV00080_5,Hubli Rural PS - Market CCTV,536,Dharwad,7081,Alnavar,217634.0,Benachi,602251,Benachi,15.350771561594737,75.15835548989871,Market,100,Maintenance,Hubli Rural PS
CCTV00080_6,Hubli Rural PS - Traffic Junction CCTV,536,Dharwad,5476,Kalghatgi,217687.0,Bammigatti,602515,Rajajinagar,15.350108320828566,75.15905066833693,Traffic Junction,150,Maintenance,Hubli Rural PS
CCTV00081_1,Kalaghatagi PS - Bank CCTV,536,Dharwad,5473,Dharwad,217656.0,Mugad,602256,Mugad,15.175684985479737,74.96786491890867,Bank,200,Maintenance,Kalaghatagi PS
CCTV00081_2,Kalaghatagi PS - Government Office CCTV,536,Dharwad,5477,Kundgol,273031.0,Devanur,602523,Bilebal,15.175956677316679,74.97007584629115,Government Office,200,Active,Kalaghatagi PS
CCTV00081_3,Kalaghatagi PS - College CCTV,536,Dharwad,5473,Dharwad,217639.0,Harobelawadi,602293,Kabbenur,15.175244395830862,74.96788262259824,College,150,Maintenance,Kalaghatagi PS
CCTV00081_4,Kalaghatagi PS - Government Hospital CCTV,536,Dharwad,5476,Kalghatgi,217695.0,G.Basavankoppa,602435,Basavarsikoppa,15.173703878034422,74.96745095105368,Government Hospital,200,Active,Kalaghatagi PS
CCTV00081_5,Kalaghatagi PS - Traffic Junction CCTV,536,Dharwad,7079,Hubballi Urban,,,938708,Aralikatti M,15.173358587126597,74.97037189983467,Traffic Junction,100,Active,Kalaghatagi PS
CCTV00082_1,Kundagol PS - Market CCTV,536,Dharwad,5476,Kalghatgi,217689.0,Begur,602467,Rangapur,15.2605378543995,75.2396234478988,Market,100,Active,Kundagol PS
CCTV00082_2,Kundagol PS - Traffic Junction CCTV,536,Dharwad,5474,Navalgund,217746.0,Kalawad,602339,Karlawad,15.260230794733099,75.23913809699869,Traffic Junction,200,Active,Kundagol PS
CCTV00082_3,Kundagol PS - Bank CCTV,536,Dharwad,5474,Navalgund,273341.0,Belahar(Chilakawad),602338,Chilakawad,15.259841378021266,75.24013923153431,Bank,100,Active,Kundagol PS
CCTV00082_4,Kundagol PS - College CCTV,536,Dharwad,5477,Kundgol,273031.0,Devanur,602524,Devanur,15.260975490335086,75.23985760236148,College,200,Active,Kundagol PS
CCTV00083_1,Navalgund PS - Bank CCTV,536,Dharwad,5473,Dharwad,217659.0,Nigadi,602279,Baad,15.55583612821755,75.35758449590772,Bank,100,Active,Navalgund PS
CCTV00083_2,Navalgund PS - ATM CCTV,536,Dharwad,7080,Annigeri,217738.0,Bhadrapur,602370,Bhadrapur,15.55670843640043,75.3591845999259,ATM,150,Active,Navalgund PS
CCTV00083_3,Navalgund PS - ATM CCTV,536,Dharwad,5477,Kundgol,217723.0,Hirenarti,602559,Basapur,15.557974728205686,75.35910364278395,ATM,200,Maintenance,Navalgund PS
CCTV00083_4,Navalgund PS - College CCTV,536,Dharwad,5473,Dharwad,217661.0,Ramapur,602244,Hosawal,15.556894397585419,75.35947569333185,College,100,Maintenance,Navalgund PS
CCTV00083_5,Navalgund PS - College CCTV,536,Dharwad,7079,Hubballi Urban,,,938708,Aralikatti M,15.556881788788031,75.35942060084011,College,150,Active,Navalgund PS
CCTV00083_6,Navalgund PS - Railway Station CCTV,536,Dharwad,5476,Kalghatgi,217703.0,Madakihonnahalli,602470,Sangedevarkoppa,15.556209604307352,75.35802945120524,Railway Station,200,Active,Navalgund PS
CCTV00084_1,Betageri Extention PS - Traffic Junction CCTV,537,Gadag,5472,Mundargi,217795.0,Meundi,602158,Baradur,15.429086105294386,75.65346925675153,Traffic Junction,200,Active,Betageri Extention PS
CCTV00084_2,Betageri Extention PS - Bank CCTV,537,Gadag,7082,Gajendragad,217825.0,Kuntoji,601972,Jigeri,15.427970550413763,75.65097803154019,Bank,150,Maintenance,Betageri Extention PS
CCTV00084_3,Betageri Extention PS - Government Office CCTV,537,Gadag,5472,Mundargi,217797.0,Shingatarayankere,602142,Churchihal,15.428292967502474,75.65081852004354,Government Office,100,Active,Betageri Extention PS
CCTV00085_1,Betageri PS - Bus Stand CCTV,537,Gadag,5471,Shirahatti,274217.0,Majjooru,602101,Majjur,15.443988702523564,75.64841938452577,Bus Stand,100,Active,Betageri PS
CCTV00085_2,Betageri PS - Government Hospital CCTV,537,Gadag,5472,Mundargi,272959.0,Bidanala,602180,Sevalalnagar,15.445527613880857,75.64808989752773,Government Hospital,150,Active,Betageri PS
CCTV00085_3,Betageri PS - College CCTV,537,Gadag,7083,Laxmeshwar,217863.0,Yalavatti,602055,Yalavatti,15.444432150928229,75.64856574582413,College,100,Maintenance,Betageri PS
CCTV00085_4,Betageri PS - Bank CCTV,537,Gadag,5472,Mundargi,217797.0,Shingatarayankere,602142,Churchihal,15.443951936011583,75.64713846252597,Bank,150,Active,Betageri PS
CCTV00085_5,Betageri PS - Government Office CCTV,537,Gadag,7083,Laxmeshwar,217856.0,P-Badni,602076,Hire Mallapur,15.445347077257095,75.64817790094502,Government Office,200,Active,Betageri PS
CCTV00085_6,Betageri PS - Government Hospital CCTV,537,Gadag,7083,Laxmeshwar,217844.0,Batturu,602062,Hulgeriban,15.445703138979237,75.64812189039162,Government Hospital,100,Maintenance,Betageri PS
CCTV00086_1,Gadag CEN Crime PS - College CCTV,537,Gadag,5471,Shirahatti,217853.0,Konchigeri,602117,Kokkargundi,15.428666813985997,75.63179324163896,College,100,Maintenance,Gadag CEN Crime PS
CCTV00086_2,Gadag CEN Crime PS - College CCTV,537,Gadag,7083,Laxmeshwar,272968.0,Govanala,602081,Govanal,15.429230045675508,75.63116883535687,College,150,Active,Gadag CEN Crime PS
CCTV00086_3,Gadag CEN Crime PS - College CCTV,537,Gadag,5469,Ron,217821.0,Hunagundi,601907,Benahal,15.428644456619011,75.63331644334367,College,100,Maintenance,Gadag CEN Crime PS
CCTV00086_4,Gadag CEN Crime PS - Government Office CCTV,537,Gadag,5471,Shirahatti,217855.0,Magadi,602094,Parasapur,15.43053691605272,75.63229599963927,Government Office,200,Active,Gadag CEN Crime PS
CCTV00087_1,Gadag Rural PS - Traffic Junction CCTV,537,Gadag,5470,Gadag,217768.0,Harti,602037,Harti,15.433150928934614,75.63375313198418,Traffic Junction,150,Active,Gadag Rural PS
CCTV00087_2,Gadag Rural PS - ATM CCTV,537,Gadag,7082,Gajendragad,217832.0,Mushigeri,601931,Nellur,15.433991171214505,75.63472960019189,ATM,200,Active,Gadag Rural PS
CCTV00087_3,Gadag Rural PS - ATM CCTV,537,Gadag,5469,Ron,217813.0,Chikkamannur,601947,Chikkmannur,15.434833213113789,75.63409775071196,ATM,150,Maintenance,Gadag Rural PS
CCTV00087_4,Gadag Rural PS - Government Hospital CCTV,537,Gadag,5469,Ron,217824.0,Kothabal,601941,Kotabal,15.435542671445532,75.6340410746701,Government Hospital,100,Active,Gadag Rural PS
CCTV00087_5,Gadag Rural PS - Traffic Junction CCTV,537,Gadag,5471,Shirahatti,217849.0,Hebbal,602135,Tolali,15.434034442448384,75.63374987900073,Traffic Junction,100,Active,Gadag Rural PS
CCTV00088_1,Gadag Town PS - Government Office CCTV,537,Gadag,5471,Shirahatti,272969.0,Hullura,602116,Budihal,15.428175971302457,75.63138943743918,Government Office,150,Active,Gadag Town PS
CCTV00088_2,Gadag Town PS - College CCTV,537,Gadag,7083,Laxmeshwar,217856.0,P-Badni,602076,Hire Mallapur,15.429709023718072,75.63334736868231,College,100,Active,Gadag Town PS
CCTV00088_3,Gadag Town PS - College CCTV,537,Gadag,5471,Shirahatti,217852.0,Koganur,602128,Nagaramaduvu,15.429538213793426,75.63283781320469,College,100,Active,Gadag Town PS
CCTV00089_1,Gadag Traffic PS - Railway Station CCTV,537,Gadag,5469,Ron,217831.0,Menasgi,601946,Bhasalapur,15.424926767356496,75.62515227438841,Railway Station,200,Maintenance,Gadag Traffic PS
CCTV00089_2,Gadag Traffic PS - ATM CCTV,537,Gadag,5469,Ron,272967.0,Maranabasari,601963,Maranabasari,15.42325884524137,75.62512622688108,ATM,150,Active,Gadag Traffic PS
CCTV00089_3,Gadag Traffic PS - Bus Stand CCTV,537,Gadag,5471,Shirahatti,217845.0,Bellatti,602114,Narayanapura,15.42482975062174,75.62473279448943,Bus Stand,200,Active,Gadag Traffic PS
CCTV00090_1,Gadag Women PS - Government Hospital CCTV,537,Gadag,5469,Ron,217811.0,Asuti,601913,Megur,15.428566432982695,75.63363842003236,Government Hospital,100,Maintenance,Gadag Women PS
CCTV00090_2,Gadag Women PS - College CCTV,537,Gadag,5472,Mundargi,272959.0,Bidanala,602181,Bidnal,15.4288106707711,75.63368444282331,College,150,Active,Gadag Women PS
CCTV00090_3,Gadag Women PS - Market CCTV,537,Gadag,5472,Mundargi,217788.0,Hallikeri,602146,Hallikeri,15.428139874745405,75.63380746924408,Market,200,Active,Gadag Women PS
CCTV00090_4,Gadag Women PS - Government Office CCTV,537,Gadag,5470,Gadag,217768.0,Harti,602036,Kanavi,15.428757441982977,75.63383318921952,Government Office,100,Active,Gadag Women PS
CCTV00090_5,Gadag Women PS - Bus Stand CCTV,537,Gadag,5469,Ron,217839.0,Yavagal,601917,Yavagala,15.429406965843334,75.63288620430905,Bus Stand,150,Maintenance,Gadag Women PS
CCTV00091_1,Gajendragad PS - School CCTV,537,Gadag,5472,Mundargi,217788.0,Hallikeri,602145,Halligudi,15.736819529516582,75.9678097534483,School,200,Active,Gajendragad PS
CCTV00091_2,Gajendragad PS - Bank CCTV,537,Gadag,5468,Nargund,217799.0,Bhiranahatti,601892,Bhairana Hatti,15.735751931517399,75.96768129462617,Bank,150,Maintenance,Gajendragad PS
CCTV00091_3,Gajendragad PS - Bus Stand CCTV,537,Gadag,5472,Mundargi,217789.0,Hammagi,602195,Hammigi,15.735381294070253,75.96636357616147,Bus Stand,200,Active,Gajendragad PS
CCTV00091_4,Gajendragad PS - Government Office CCTV,537,Gadag,5472,Mundargi,217794.0,Korlahalli,602175,Maktumpur,15.735198904196624,75.96831197005692,Government Office,100,Active,Gajendragad PS
CCTV00091_5,Gajendragad PS - Railway Station CCTV,537,Gadag,5470,Gadag,217772.0,Huyelagola,601993,Huilgol,15.73738365938017,75.96793463164164,Railway Station,200,Active,Gajendragad PS
CCTV00092_1,Lakshmeshwar PS - Bank CCTV,537,Gadag,5471,Shirahatti,217849.0,Hebbal,602133,Hebbal,15.071985570865865,75.28394871427116,Bank,100,Active,Lakshmeshwar PS
CCTV00092_2,Lakshmeshwar PS - Railway Station CCTV,537,Gadag,5470,Gadag,217758.0,Adavisomapur,602016,Jalashankarnagar,15.07106993736039,75.28333885217394,Railway Station,100,Active,Lakshmeshwar PS
CCTV00092_3,Lakshmeshwar PS - College CCTV,537,Gadag,5472,Mundargi,274216.0,Jantli Shirura,602144,Jantli,15.07058080275311,75.2816175179536,College,150,Maintenance,Lakshmeshwar PS
CCTV00093_1,Mulagund PS - School CCTV,537,Gadag,7082,Gajendragad,217816.0,Halakeri,601966,Halakeri,15.282740767501494,75.51818127315234,School,100,Maintenance,Mulagund PS
CCTV00093_2,Mulagund PS - Bank CCTV,537,Gadag,5470,Gadag,217766.0,Chinchali,602038,Neelagund,15.28323116497902,75.51832495427227,Bank,150,Active,Mulagund PS
CCTV00093_3,Mulagund PS - Market CCTV,537,Gadag,5472,Mundargi,,,602173,Ramenahalli,15.283096153721266,75.51700077272243,Market,150,Active,Mulagund PS
CCTV00093_4,Mulagund PS - Market CCTV,537,Gadag,5470,Gadag,217782.0,Yelishirur,602041,Hosur,15.28230189435192,75.51901774687107,Market,200,Active,Mulagund PS
CCTV00093_5,Mulagund PS - ATM CCTV,537,Gadag,5472,Mundargi,217790.0,Harogeri,602166,Harogeri,15.282255597915116,75.51679085310413,ATM,150,Maintenance,Mulagund PS
CCTV00093_6,Mulagund PS - ATM CCTV,537,Gadag,5471,Shirahatti,217854.0,Machenhalli,602105,Nave Bhavanur,15.282830633257937,75.51829713635706,ATM,150,Active,Mulagund PS
CCTV00094_1,Mundargi PS - College CCTV,537,Gadag,7083,Laxmeshwar,272969.0,Hullura,602088,Nelogal,15.124731834292296,75.5312492301241,College,100,Active,Mundargi PS
CCTV00094_2,Mundargi PS - Government Hospital CCTV,537,Gadag,5469,Ron,217819.0,Holemannur,601900,Gadgoli,15.122746217482847,75.53108974614372,Government Hospital,150,Active,Mundargi PS
CCTV00094_3,Mundargi PS - School CCTV,537,Gadag,5470,Gadag,217773.0,Kadhadi,601991,Kadadi,15.123686061630897,75.52980270147141,School,100,Active,Mundargi PS
CCTV00094_4,Mundargi PS - Railway Station CCTV,537,Gadag,5470,Gadag,217763.0,Belahooda,601995,Venkatapur (H.S.),15.125453061833854,75.5314291806861,Railway Station,150,Active,Mundargi PS
CCTV00095_1,Naregal PS - Railway Station CCTV,537,Gadag,5468,Nargund,217803.0,Hunsikatti,601874,Jagapur,15.34541009738751,75.49336772710566,Railway Station,100,Active,Naregal PS
CCTV00095_2,Naregal PS - Railway Station CCTV,537,Gadag,7082,Gajendragad,217815.0,Gogeri,601982,Nagarashikoppa,15.345113435998146,75.4940516432067,Railway Station,100,Active,Naregal PS
CCTV00095_3,Naregal PS - School CCTV,537,Gadag,7082,Gajendragad,217835.0,Rampur,601984,Chilzeri,15.345367294668531,75.49516251075352,School,100,Active,Naregal PS
CCTV00095_4,Naregal PS - Market CCTV,537,Gadag,5469,Ron,217839.0,Yavagal,601917,Yavagala,15.344739108622486,75.49456874869024,Market,100,Active,Naregal PS
CCTV00095_5,Naregal PS - Traffic Junction CCTV,537,Gadag,5471,Shirahatti,217854.0,Machenhalli,602104,Tegginabhavanur,15.345874031092242,75.49506394520522,Traffic Junction,150,Active,Naregal PS
CCTV00096_1,Nargund PS - Bus Stand CCTV,537,Gadag,7082,Gajendragad,272964.0,Gulaguli,601935,Gulaguli,15.432906995266274,75.23134586002105,Bus Stand,100,Active,Nargund PS
CCTV00096_2,Nargund PS - School CCTV,537,Gadag,7083,Laxmeshwar,272968.0,Govanala,602079,Wadeyar Mallapur,15.431435197211815,75.2320498178984,School,100,Active,Nargund PS
CCTV00096_3,Nargund PS - Bus Stand CCTV,537,Gadag,5468,Nargund,217806.0,Radder-Naganur,601890,Khanapur,15.432786084305896,75.23052413008999,Bus Stand,200,Active,Nargund PS
CCTV00096_4,Nargund PS - School CCTV,537,Gadag,7083,Laxmeshwar,272970.0,Madalli,602054,Yattinahalli,15.432665399784403,75.23215333384664,School,150,Active,Nargund PS
CCTV00096_5,Nargund PS - Bank CCTV,537,Gadag,7082,Gajendragad,217825.0,Kuntoji,601974,Myakalzeri,15.431785404610528,75.23065993894909,Bank,200,Active,Nargund PS
CCTV00097_1,Ron PS - College CCTV,537,Gadag,5471,Shirahatti,274217.0,Majjooru,602101,Majjur,15.394874462356105,75.44134933291146,College,100,Maintenance,Ron PS
CCTV00097_2,Ron PS - Bus Stand CCTV,537,Gadag,5472,Mundargi,217795.0,Meundi,602156,Haitapur,15.395465225719407,75.44352994774606,Bus Stand,150,Maintenance,Ron PS
CCTV00097_3,Ron PS - Bank CCTV,537,Gadag,5470,Gadag,217767.0,Haralapur,602011,Harlapur,15.39340011089494,75.44195216590295,Bank,100,Active,Ron PS
CCTV00097_4,Ron PS - Bus Stand CCTV,537,Gadag,5468,Nargund,217807.0,Shirol,601887,Kallapur,15.395487008660337,75.44167915329116,Bus Stand,100,Maintenance,Ron PS
CCTV00098_1,Shirahatti PS - Bus Stand CCTV,537,Gadag,7082,Gajendragad,217835.0,Rampur,601985,Kodaganur,15.142863775549744,75.3452573176871,Bus Stand,200,Active,Shirahatti PS
CCTV00098_2,Shirahatti PS - Bus Stand CCTV,537,Gadag,5469,Ron,272963.0,Amaragol,601923,Basarakod,15.141921922704096,75.3464732932645,Bus Stand,100,Maintenance,Shirahatti PS
CCTV00098_3,Shirahatti PS - Government Hospital CCTV,537,Gadag,7082,Gajendragad,217816.0,Halakeri,601966,Halakeri,15.140107809400668,75.34662321155643,Government Hospital,150,Maintenance,Shirahatti PS
CCTV00098_4,Shirahatti PS - Government Hospital CCTV,537,Gadag,7082,Gajendragad,217835.0,Rampur,601979,Purthageri,15.142358199485315,75.34474049193793,Government Hospital,200,Active,Shirahatti PS
CCTV00098_5,Shirahatti PS - ATM CCTV,537,Gadag,5470,Gadag,217758.0,Adavisomapur,602018,Papanashi,15.142761355108984,75.34679667520177,ATM,150,Active,Shirahatti PS
CCTV00099_1,Alur PS - ATM CCTV,539,Hassan,5560,Channarayapatna,218352.0,Kembalu,617119,Chikkarasanahalli,12.97714846356363,75.99060648397219,ATM,100,Active,Alur PS
CCTV00099_2,Alur PS - College CCTV,539,Hassan,5556,Hassan,218375.0,Doddagenigere,616163,Doddahonnenahalli,12.978522692161123,75.99003721463002,College,200,Active,Alur PS
CCTV00099_3,Alur PS - Bank CCTV,539,Hassan,5556,Hassan,218374.0,Channangihalli,616133,Hyarane,12.975954294550288,75.99134182232117,Bank,100,Active,Alur PS
CCTV00099_4,Alur PS - Market CCTV,539,Hassan,5556,Hassan,218388.0,Kattaya,616103,Anjaneyapura,12.97668516074618,75.98969875085159,Market,150,Active,Alur PS
CCTV00100_1,Arakalagud PS - Market CCTV,539,Hassan,5559,Hole Narsipur,218423.0,Malali,616825,Malali,12.765969533077978,76.0578284475476,Market,200,Maintenance,Arakalagud PS
CCTV00100_2,Arakalagud PS - Government Hospital CCTV,539,Hassan,5554,Belur,218311.0,Kesagodu,615415,Gummanahalli,12.766549911815053,76.05603940152662,Government Hospital,100,Maintenance,Arakalagud PS
CCTV00100_3,Arakalagud PS - Railway Station CCTV,539,Hassan,5560,Channarayapatna,218344.0,Jambur,617249,Avverahalli,12.765444081289944,76.05566658440978,Railway Station,100,Active,Arakalagud PS
CCTV00100_4,Arakalagud PS - Government Hospital CCTV,539,Hassan,5554,Belur,218306.0,Hebbalu,615248,M. Hunsekere,12.767385093669269,76.05728844651586,Government Hospital,100,Active,Arakalagud PS
CCTV00100_5,Arakalagud PS - Railway Station CCTV,539,Hassan,5558,Arkalgud,218225.0,Ganjalagodu,616613,Keshavapura,12.765221255094323,76.05551700442456,Railway Station,200,Active,Arakalagud PS
CCTV00100_6,Arakalagud PS - Government Hospital CCTV,539,Hassan,5556,Hassan,218404.0,Thattekere,616032,Bittagowdanahalli,12.76653482808504,76.0562768966338,Government Hospital,150,Active,Arakalagud PS
CCTV00101_1,Arasikere Rural PS - Government Office CCTV,539,Hassan,5554,Belur,218317.0,Malasavara,615096,Umbalagodu,13.314009247897655,76.2566088134685,Government Office,100,Active,Arasikere Rural PS
CCTV00101_2,Arasikere Rural PS - Bus Stand CCTV,539,Hassan,5556,Hassan,218367.0,A.Hosahalli,616003,Anehalli,13.313200924262182,76.2572056961252,Bus Stand,150,Maintenance,Arasikere Rural PS
CCTV00101_3,Arasikere Rural PS - ATM CCTV,539,Hassan,5556,Hassan,218392.0,Madenur,616212,Madenur,13.311820239767641,76.25846602591304,ATM,200,Active,Arasikere Rural PS
CCTV00102_1,Arasikere Town PS - Bus Stand CCTV,539,Hassan,5554,Belur,218298.0,Chikkamedur,615184,Bommadihalli,13.311659100194852,76.25609673566491,Bus Stand,150,Active,Arasikere Town PS
CCTV00102_2,Arasikere Town PS - School CCTV,539,Hassan,5556,Hassan,218397.0,Salagame,615881,Shanka,13.313288659569174,76.25635448582456,School,100,Active,Arasikere Town PS
CCTV00102_3,Arasikere Town PS - Bus Stand CCTV,539,Hassan,5553,Sakleshpur,218440.0,Devaladakere,614852,Nelagalli,13.312600332899741,76.2555601097944,Bus Stand,200,Active,Arasikere Town PS
CCTV00103_1,Arehalli PS - ATM CCTV,539,Hassan,5555,Arsikere,218274.0,Kondenalu,615826,Hullekere,13.025247690059125,75.79594831888427,ATM,200,Active,Arehalli PS
CCTV00103_2,Arehalli PS - Traffic Junction CCTV,539,Hassan,5559,Hole Narsipur,218426.0,Moodalahippe,616930,Srimatada Kaval,13.025851765698265,75.79821666575265,Traffic Junction,100,Active,Arehalli PS
CCTV00103_3,Arehalli PS - ATM CCTV,539,Hassan,5553,Sakleshpur,218439.0,Changadihalli,615060,Heggadihalli,13.024387747550008,75.79609583390148,ATM,200,Maintenance,Arehalli PS
CCTV00104_1,Banavara PS - Railway Station CCTV,539,Hassan,5556,Hassan,218396.0,Nittur,615933,Hangarahalli,13.405715110382626,76.16237350523188,Railway Station,200,Maintenance,Banavara PS
CCTV00104_2,Banavara PS - Bank CCTV,539,Hassan,5554,Belur,218325.0,Yalahanka,615262,Veeradevanahalli,13.406033917159712,76.16429652454785,Bank,150,Active,Banavara PS
CCTV00104_3,Banavara PS - Bank CCTV,539,Hassan,5560,Channarayapatna,218347.0,Juttanahalli,617414,Juttanahalli,13.405907131319731,76.16418856358335,Bank,200,Active,Banavara PS
CCTV00104_4,Banavara PS - Bus Stand CCTV,539,Hassan,5556,Hassan,218384.0,Jagaravalli,616220,Karekere Kaval,13.403534109557762,76.16370464785498,Bus Stand,100,Active,Banavara PS
CCTV00105_1,Belur PS - Market CCTV,539,Hassan,5558,Arkalgud,218226.0,Handrangi,616705,Akkalavadi,13.175229036586426,75.87540403235069,Market,100,Active,Belur PS
CCTV00105_2,Belur PS - Government Hospital CCTV,539,Hassan,5559,Hole Narsipur,218431.0,Sravanur,616931,Maranayakanahalli,13.173661506641674,75.8768992074702,Government Hospital,150,Maintenance,Belur PS
CCTV00105_3,Belur PS - Railway Station CCTV,539,Hassan,5559,Hole Narsipur,218422.0,Kyathanahalli,616979,Kuri Kaval,13.173015138197545,75.87400283669152,Railway Station,100,Active,Belur PS
CCTV00105_4,Belur PS - Government Office CCTV,539,Hassan,5554,Belur,218312.0,Kodihalli,615296,Jogihalli,13.174188954126322,75.87512053165648,Government Office,150,Active,Belur PS
CCTV00106_1,Channarayapatna Rural PS - ATM CCTV,539,Hassan,5553,Sakleshpur,218433.0,Anemahal,614893,Saklespur (Rural),12.913413220344207,76.3817726159259,ATM,100,Maintenance,Channarayapatna Rural PS
CCTV00106_2,Channarayapatna Rural PS - Government Office CCTV,539,Hassan,5556,Hassan,218386.0,Kandali,616013,Eachalahalli,12.911212568236008,76.38122154536184,Government Office,100,Active,Channarayapatna Rural PS
CCTV00106_3,Channarayapatna Rural PS - Government Hospital CCTV,539,Hassan,5554,Belur,218315.0,Lakkunda,615148,Kadegarje,12.913298611321375,76.38208547273807,Government Hospital,100,Active,Channarayapatna Rural PS
CCTV00106_4,Channarayapatna Rural PS - Government Office CCTV,539,Hassan,5558,Arkalgud,218220.0,Bychanahalli,616662,Paramahamsa Chakanahalli,12.910774887225026,76.38207190245137,Government Office,100,Active,Channarayapatna Rural PS
CCTV00106_5,Channarayapatna Rural PS - Government Hospital CCTV,539,Hassan,5560,Channarayapatna,218362.0,S.Shivara,617274,Narenahalli,12.91115030034114,76.38088233026727,Government Hospital,150,Maintenance,Channarayapatna Rural PS
CCTV00106_6,Channarayapatna Rural PS - Bank CCTV,539,Hassan,5554,Belur,218312.0,Kodihalli,615300,Maranahalli,12.913554042261262,76.38082858816209,Bank,100,Active,Channarayapatna Rural PS
CCTV00107_1,Channarayapatna Town PS - College CCTV,539,Hassan,5557,Alur,218204.0,Ganjigere,616484,Muddanahalli,12.904314576629547,76.3894621872966,College,200,Maintenance,Channarayapatna Town PS
CCTV00107_2,Channarayapatna Town PS - ATM CCTV,539,Hassan,5558,Arkalgud,218243.0,Vijapura Forest,616507,Kendinne Kaval,12.90414775141747,76.39013282009833,ATM,200,Active,Channarayapatna Town PS
CCTV00107_3,Channarayapatna Town PS - ATM CCTV,539,Hassan,5555,Arsikere,218260.0,Harnahalli,948397,Jenukal Nagar,12.903551605580938,76.3889498970262,ATM,100,Active,Channarayapatna Town PS
CCTV00108_1,Channarayapatna Traffic PS - ATM CCTV,539,Hassan,5560,Channarayapatna,218347.0,Juttanahalli,617350,Channenahalli (Channahalli),12.904206771238437,76.38881704432605,ATM,200,Active,Channarayapatna Traffic PS
CCTV00108_2,Channarayapatna Traffic PS - Bus Stand CCTV,539,Hassan,5557,Alur,218201.0,Abbana,616245,Honkaravalli,12.901895842063714,76.38807348665298,Bus Stand,150,Active,Channarayapatna Traffic PS
CCTV00108_3,Channarayapatna Traffic PS - Railway Station CCTV,539,Hassan,5560,Channarayapatna,218350.0,Kantharajapura,617367,Jinnenahalli,12.9048031763832,76.38804714815502,Railway Station,100,Active,Channarayapatna Traffic PS
CCTV00108_4,Channarayapatna Traffic PS - ATM CCTV,539,Hassan,5554,Belur,218309.0,Ibbedu,615314,Hosahalli,12.902104158793833,76.38984207933815,ATM,150,Active,Channarayapatna Traffic PS
CCTV00109_1,Dudda PS - Bus Stand CCTV,539,Hassan,5555,Arsikere,218259.0,Handralu,615507,Moodnahalli,13.086332991098214,76.20369008815412,Bus Stand,150,Active,Dudda PS
CCTV00109_2,Dudda PS - School CCTV,539,Hassan,5559,Hole Narsipur,218418.0,Ichanahalli,616795,Haralahalli,13.086637895610123,76.20484656756528,School,150,Active,Dudda PS
CCTV00109_3,Dudda PS - ATM CCTV,539,Hassan,5560,Channarayapatna,218365.0,Sundahalli,617401,Sundahalli,13.086890325756759,76.20479055430643,ATM,200,Active,Dudda PS
CCTV00109_4,Dudda PS - Traffic Junction CCTV,539,Hassan,5556,Hassan,218371.0,Basavagatta,615958,Basavagatta,13.085922111593648,76.20625475710807,Traffic Junction,200,Active,Dudda PS
CCTV00110_1,Gandasi PS - College CCTV,539,Hassan,5559,Hole Narsipur,218431.0,Sravanur,617014,Nagarthi,13.155273984779607,76.30488342468165,College,100,Active,Gandasi PS
CCTV00110_2,Gandasi PS - Railway Station CCTV,539,Hassan,5557,Alur,218204.0,Ganjigere,938879,Kakanahalli,13.157132563299008,76.30568532683273,Railway Station,200,Active,Gandasi PS
CCTV00110_3,Gandasi PS - Bank CCTV,539,Hassan,5560,Channarayapatna,218340.0,Dindagur,617223,Aralapura,13.157090743391862,76.30330246575646,Bank,200,Active,Gandasi PS
CCTV00111_1,Goruru PS - Government Office CCTV,539,Hassan,5560,Channarayapatna,218340.0,Dindagur,617222,Shettihalli,12.819808187512274,76.0624455504618,Government Office,200,Active,Goruru PS
CCTV00111_2,Goruru PS - Railway Station CCTV,539,Hassan,5554,Belur,218310.0,Kalleri,615162,Kalleri,12.817672698739639,76.06060261871912,Railway Station,200,Maintenance,Goruru PS
CCTV00111_3,Goruru PS - Market CCTV,539,Hassan,5559,Hole Narsipur,218425.0,Paduvalahippe,616880,Ankavalli,12.818688743469531,76.06087180139588,Market,200,Active,Goruru PS
CCTV00111_4,Goruru PS - Market CCTV,539,Hassan,5558,Arkalgud,218222.0,Dodda Bemmathi,616678,Mallappanahalli,12.819393160229911,76.06290793504515,Market,100,Active,Goruru PS
CCTV00111_5,Goruru PS - College CCTV,539,Hassan,5560,Channarayapatna,218356.0,Mathigatta,617408,Kasaranahalli,12.819844610042262,76.06070201124601,College,150,Active,Goruru PS
CCTV00111_6,Goruru PS - Market CCTV,539,Hassan,5560,Channarayapatna,218350.0,Kantharajapura,617366,Kantharajapura,12.818652307615423,76.06111858098811,Market,200,Maintenance,Goruru PS
CCTV00112_1,Halebeedu PS - Bus Stand CCTV,539,Hassan,5560,Channarayapatna,218340.0,Dindagur,617205,Chikkondanahalli,13.2162683083843,75.99281115519567,Bus Stand,150,Active,Halebeedu PS
CCTV00112_2,Halebeedu PS - Government Office CCTV,539,Hassan,5554,Belur,218308.0,Hunuganahalli,615071,Chunganahalli,13.216368418980435,75.99371128296234,Government Office,200,Active,Halebeedu PS
CCTV00112_3,Halebeedu PS - Railway Station CCTV,539,Hassan,5559,Hole Narsipur,218413.0,Doddakunche,616843,Borehosur,13.218629660716848,75.99235251246641,Railway Station,100,Active,Halebeedu PS
CCTV00113_1,Hallymysore PS - Railway Station CCTV,539,Hassan,5560,Channarayapatna,218329.0,Anekere,617083,Sagathavalli,12.659061127976338,76.25851912371009,Railway Station,200,Maintenance,Hallymysore PS
CCTV00113_2,Hallymysore PS - Government Hospital CCTV,539,Hassan,5553,Sakleshpur,218453.0,Malali,614911,Matasagara Coffee Estate,12.658168400947579,76.25933325978546,Government Hospital,200,Active,Hallymysore PS
CCTV00113_3,Hallymysore PS - ATM CCTV,539,Hassan,5554,Belur,218302.0,Gonisomenahalli,615287,Rajagere,12.656832470901435,76.26013552508901,ATM,150,Active,Hallymysore PS
CCTV00114_1,Hassan CEN Crime PS - Bank CCTV,539,Hassan,5557,Alur,218207.0,Kadalu,616455,Sathagala,13.311531378834976,76.2568504518211,Bank,200,Active,Hassan CEN Crime PS
CCTV00114_2,Hassan CEN Crime PS - Government Office CCTV,539,Hassan,5560,Channarayapatna,218346.0,Jinnenahalli,617312,Nimbihalli,13.313685689556015,76.25617172803656,Government Office,150,Maintenance,Hassan CEN Crime PS
CCTV00114_3,Hassan CEN Crime PS - Bank CCTV,539,Hassan,5559,Hole Narsipur,218419.0,Kattebelaguli,616803,Channapura,13.313162807289121,76.25614713246227,Bank,200,Active,Hassan CEN Crime PS
CCTV00114_4,Hassan CEN Crime PS - Railway Station CCTV,539,Hassan,5554,Belur,218314.0,Kushavara,615391,Chandapura,13.312509307244744,76.25554630038579,Railway Station,150,Active,Hassan CEN Crime PS
CCTV00115_1,Hassan City PS - School CCTV,539,Hassan,5558,Arkalgud,218218.0,Basavapatna,616754,Anjaneya Hosahalli,13.00425132455989,76.09980291375012,School,100,Active,Hassan City PS
CCTV00115_2,Hassan City PS - Bank CCTV,539,Hassan,5554,Belur,218326.0,Yamasandi,615178,Vaginakere,13.002173972253072,76.10027733886409,Bank,150,Active,Hassan City PS
CCTV00115_3,Hassan City PS - ATM CCTV,539,Hassan,5558,Arkalgud,218226.0,Handrangi,616698,Sabbathi,13.00156264054286,76.10061857556731,ATM,150,Active,Hassan City PS
CCTV00115_4,Hassan City PS - College CCTV,539,Hassan,5560,Channarayapatna,218359.0,Navile,617149,Chokenahalli,13.002814338603566,76.10061968252435,College,100,Active,Hassan City PS
CCTV00115_5,Hassan City PS - Government Hospital CCTV,539,Hassan,5554,Belur,218310.0,Kalleri,615163,Angajanahalli,13.003653335119864,76.09945371078089,Government Hospital,150,Active,Hassan City PS
CCTV00115_6,Hassan City PS - College CCTV,539,Hassan,5558,Arkalgud,218219.0,Belavadi,616676,Hanagallu,13.003802348518219,76.10054822507534,College,200,Active,Hassan City PS
CCTV00116_1,Hassan Extn. PS - Market CCTV,539,Hassan,5559,Hole Narsipur,218423.0,Malali,616906,Laxmipura,13.008211487376864,76.11213822764506,Market,150,Active,Hassan Extn. PS
CCTV00116_2,Hassan Extn. PS - Bus Stand CCTV,539,Hassan,5555,Arsikere,218255.0,Dummenahalli,615726,Dummenahalli,13.006910221688509,76.11313440867575,Bus Stand,100,Active,Hassan Extn. PS
CCTV00116_3,Hassan Extn. PS - Government Hospital CCTV,539,Hassan,5556,Hassan,218406.0,Yalagunda,615907,Idalla Kaval,13.006104773692185,76.11404331499953,Government Hospital,150,Active,Hassan Extn. PS
CCTV00116_4,Hassan Extn. PS - Bank CCTV,539,Hassan,5557,Alur,218204.0,Ganjigere,616467,Ramanahalli,13.00628535526791,76.11308206087925,Bank,200,Active,Hassan Extn. PS
CCTV00116_5,Hassan Extn. PS - College CCTV,539,Hassan,5556,Hassan,218388.0,Kattaya,615906,Beekanahalli,13.008357175616435,76.11420377677956,College,150,Active,Hassan Extn. PS
CCTV00116_6,Hassan Extn. PS - Traffic Junction CCTV,539,Hassan,5554,Belur,218297.0,Cheekanahalli,615091,Kogodu,13.005767540175297,76.11339064979495,Traffic Junction,200,Maintenance,Hassan Extn. PS
CCTV00117_1,Hassan Rural PS - Government Office CCTV,539,Hassan,5560,Channarayapatna,218345.0,Janivara,617231,K.Kalenahalli,13.011743386598212,76.1069366422235,Government Office,150,Maintenance,Hassan Rural PS
CCTV00117_2,Hassan Rural PS - Railway Station CCTV,539,Hassan,5555,Arsikere,218248.0,Bagivalu,615820,Aladahalli,13.00995670030071,76.10697765157228,Railway Station,200,Active,Hassan Rural PS
CCTV00117_3,Hassan Rural PS - College CCTV,539,Hassan,5555,Arsikere,218284.0,Rangapura,948404,M Mattihalli,13.011521342204507,76.1071475777218,College,200,Active,Hassan Rural PS
CCTV00117_4,Hassan Rural PS - School CCTV,539,Hassan,5559,Hole Narsipur,218429.0,Odanahalli,616950,Gopanahalli,13.010765469709096,76.10624381958141,School,100,Active,Hassan Rural PS
CCTV00117_5,Hassan Rural PS - Bus Stand CCTV,539,Hassan,5558,Arkalgud,218233.0,Katti Mallenahalli,616582,Kellur,13.010043141118894,76.10663680212492,Bus Stand,200,Active,Hassan Rural PS
CCTV00117_6,Hassan Rural PS - Government Office CCTV,539,Hassan,5556,Hassan,218371.0,Basavagatta,615997,Siddapura,13.010467466718417,76.10597164126276,Government Office,150,Active,Hassan Rural PS
CCTV00118_1,Hassan Traffic PS - Market CCTV,539,Hassan,5556,Hassan,218370.0,B.Katihalli,616059,Aduvalli .,13.007120683345939,76.1125081680084,Market,150,Maintenance,Hassan Traffic PS
CCTV00118_2,Hassan Traffic PS - Government Hospital CCTV,539,Hassan,5556,Hassan,218400.0,Shankaranahalli,616079,Gadenahalli,13.006884836237674,76.11228220862087,Government Hospital,150,Active,Hassan Traffic PS
CCTV00118_3,Hassan Traffic PS - ATM CCTV,539,Hassan,5556,Hassan,218390.0,Kowsika,616160,Chikkabasavanahalli,13.007708123988042,76.11330409119896,ATM,200,Active,Hassan Traffic PS
CCTV00119_1,Hassan Women PS - College CCTV,539,Hassan,5553,Sakleshpur,218446.0,Hongadahalla,614972,Yadekumari,13.001555546890856,76.10716241051783,College,150,Maintenance,Hassan Women PS
CCTV00119_2,Hassan Women PS - Traffic Junction CCTV,539,Hassan,5554,Belur,218303.0,Hagare,615338,Shivayogipura,13.00135228338147,76.10683735317342,Traffic Junction,100,Active,Hassan Women PS
CCTV00119_3,Hassan Women PS - Traffic Junction CCTV,539,Hassan,5558,Arkalgud,218240.0,Santhemarur,616638,Shanbhoganahalli,13.001956429291386,76.10900926419876,Traffic Junction,150,Maintenance,Hassan Women PS
CCTV00119_4,Hassan Women PS - School CCTV,539,Hassan,5553,Sakleshpur,218453.0,Malali,614912,Matasagara,13.003744429026936,76.10624518343977,School,100,Maintenance,Hassan Women PS
CCTV00119_5,Hassan Women PS - Traffic Junction CCTV,539,Hassan,5555,Arsikere,218273.0,Kolagunda,615488,Kolagunda,13.002855718063184,76.10761502307918,Traffic Junction,200,Active,Hassan Women PS
CCTV00119_6,Hassan Women PS - Railway Station CCTV,539,Hassan,5554,Belur,218318.0,Narayanapura,615203,Kelahalli,13.003261976056562,76.10854441724531,Railway Station,100,Active,Hassan Women PS
CCTV00120_1,Hirisave PS - ATM CCTV,539,Hassan,5560,Channarayapatna,218327.0,Akkanahalli,617118,Basavanapura,12.943949056396498,76.55107874983452,ATM,200,Active,Hirisave PS
CCTV00120_2,Hirisave PS - Traffic Junction CCTV,539,Hassan,5556,Hassan,218383.0,Huvinahalli Kaval,616037,Huvinahalli Kaval,12.94536866662507,76.55091146673203,Traffic Junction,200,Active,Hirisave PS
CCTV00120_3,Hirisave PS - Market CCTV,539,Hassan,5556,Hassan,218386.0,Kandali,616075,Malliganahalli,12.94432287383079,76.55147724101944,Market,150,Active,Hirisave PS
CCTV00121_1,Holenarasipura Rural PS - School CCTV,539,Hassan,5556,Hassan,218386.0,Kandali,616034,Devarayapatna,12.779913724433774,76.2482086321427,School,200,Active,Holenarasipura Rural PS
CCTV00121_2,Holenarasipura Rural PS - Bus Stand CCTV,539,Hassan,5560,Channarayapatna,218331.0,Baladare,617047,Dandiganahalli,12.779462869221678,76.24703959346809,Bus Stand,150,Active,Holenarasipura Rural PS
CCTV00121_3,Holenarasipura Rural PS - Market CCTV,539,Hassan,5554,Belur,218298.0,Chikkamedur,615182,Mundaghatta,12.781999721626493,76.24629539972082,Market,150,Active,Holenarasipura Rural PS
CCTV00121_4,Holenarasipura Rural PS - College CCTV,539,Hassan,5555,Arsikere,,,615577,Kurubarahalli,12.781020784908357,76.24694134633528,College,150,Active,Holenarasipura Rural PS
CCTV00121_5,Holenarasipura Rural PS - Bank CCTV,539,Hassan,5560,Channarayapatna,218333.0,Baragur,617082,Katrighatta,12.781665856094396,76.2465560162528,Bank,200,Maintenance,Holenarasipura Rural PS
CCTV00122_1,Holenarasipura Town PS - Bank CCTV,539,Hassan,5555,Arsikere,,,615571,Hosahalli,12.783738960167675,76.24508884027523,Bank,200,Active,Holenarasipura Town PS
CCTV00122_2,Holenarasipura Town PS - College CCTV,539,Hassan,5555,Arsikere,218264.0,Javagal,615470,Gopagondanahalli,12.78404921497254,76.24736285190359,College,200,Active,Holenarasipura Town PS
CCTV00122_3,Holenarasipura Town PS - Government Office CCTV,539,Hassan,5553,Sakleshpur,218454.0,Uchangi,615040,Uchangi,12.783478050889702,76.24701568640596,Government Office,100,Active,Holenarasipura Town PS
CCTV00123_1,Javagal PS - Railway Station CCTV,539,Hassan,5555,Arsikere,218277.0,Madalu,615620,Yachagondanahalli,13.303004099101173,76.04698485009982,Railway Station,100,Active,Javagal PS
CCTV00123_2,Javagal PS - Government Hospital CCTV,539,Hassan,5560,Channarayapatna,218357.0,Mattanavile,617292,Dodderi,13.304458103931804,76.04652149938279,Government Hospital,100,Active,Javagal PS
CCTV00123_3,Javagal PS - Market CCTV,539,Hassan,5560,Channarayapatna,218335.0,Belagihallli,617329,Belagihalli,13.303172545255345,76.04768142643255,Market,150,Active,Javagal PS
CCTV00123_4,Javagal PS - Traffic Junction CCTV,539,Hassan,5559,Hole Narsipur,218424.0,Mallappanahalli,616913,Amanihirekere,13.304361736198592,76.04661026379937,Traffic Junction,100,Active,Javagal PS
CCTV00124_1,Konanur PS - Government Office CCTV,539,Hassan,5555,Arsikere,218265.0,Jayachamarajapura,615652,Chikkalkur,12.633105915271718,76.05027926832825,Government Office,100,Active,Konanur PS
CCTV00124_2,Konanur PS - Bus Stand CCTV,539,Hassan,5556,Hassan,,,616058,Gavenahalli,12.633051289569858,76.04955320224673,Bus Stand,200,Active,Konanur PS
CCTV00124_3,Konanur PS - Traffic Junction CCTV,539,Hassan,5556,Hassan,218385.0,Kabbali,615943,Mallanayakanahalli .,12.63413024456312,76.04993275381608,Traffic Junction,150,Active,Konanur PS
CCTV00124_4,Konanur PS - Traffic Junction CCTV,539,Hassan,5557,Alur,218212.0,Magge,616424,Amalepura,12.63259466227455,76.05016761732327,Traffic Junction,100,Active,Konanur PS
CCTV00125_1,Nuggehalli PS - Government Hospital CCTV,539,Hassan,5554,Belur,218299.0,Dabbe,615085,Dabbe,13.005857451645841,76.47569288524775,Government Hospital,200,Active,Nuggehalli PS
CCTV00125_2,Nuggehalli PS - College CCTV,539,Hassan,5553,Sakleshpur,218452.0,Kyanahalli,614900,Kesaganahalli,13.00472985404905,76.47365075440388,College,200,Active,Nuggehalli PS
CCTV00125_3,Nuggehalli PS - Bus Stand CCTV,539,Hassan,5557,Alur,218211.0,Madabalu,616312,Kerehalli,13.003992979268327,76.47525530915735,Bus Stand,100,Active,Nuggehalli PS
CCTV00125_4,Nuggehalli PS - ATM CCTV,539,Hassan,5555,Arsikere,,,948392,Gandhinagar A,13.00652600581302,76.4759160301226,ATM,100,Active,Nuggehalli PS
CCTV00125_5,Nuggehalli PS - ATM CCTV,539,Hassan,5558,Arkalgud,218225.0,Ganjalagodu,939302,Kedhla Hosahalli,13.00455675789766,76.47566652539692,ATM,100,Active,Nuggehalli PS
CCTV00125_6,Nuggehalli PS - Market CCTV,539,Hassan,5558,Arkalgud,218230.0,Hulikallu,616570,Siddapura,13.005393235983012,76.47370981614381,Market,150,Active,Nuggehalli PS
CCTV00126_1,Pension Mohalla PS - Bank CCTV,539,Hassan,5558,Arkalgud,218221.0,Chikkanahalli,616701,Dasanapura,13.007299764462044,76.09851907003174,Bank,100,Maintenance,Pension Mohalla PS
CCTV00126_2,Pension Mohalla PS - Traffic Junction CCTV,539,Hassan,5554,Belur,218320.0,Rajanasiriyur,615258,Kallahalli Kaval (A.M.),13.005990835997439,76.09855656204108,Traffic Junction,150,Active,Pension Mohalla PS
CCTV00126_3,Pension Mohalla PS - Government Office CCTV,539,Hassan,5555,Arsikere,218276.0,Lalanakere,615797,Honnakumaranahalli,13.008050730374238,76.09862167131051,Government Office,200,Maintenance,Pension Mohalla PS
CCTV00126_4,Pension Mohalla PS - Railway Station CCTV,539,Hassan,5556,Hassan,218368.0,Ambuga,616156,Ganigarahosahalli,13.005678789620482,76.09970482103137,Railway Station,200,Active,Pension Mohalla PS
CCTV00126_5,Pension Mohalla PS - Market CCTV,539,Hassan,5556,Hassan,218397.0,Salagame,615882,Yalagondanahalli,13.007627552085113,76.10085895103532,Market,150,Active,Pension Mohalla PS
CCTV00126_6,Pension Mohalla PS - Market CCTV,539,Hassan,5560,Channarayapatna,218359.0,Navile,617148,Adihalli,13.006103037100825,76.09950574843322,Market,100,Active,Pension Mohalla PS
CCTV00127_1,Sakaleshpura Rural PS - Government Office CCTV,539,Hassan,5560,Channarayapatna,218333.0,Baragur,617081,Harale Baragur,12.943866930954659,75.78586761819678,Government Office,200,Active,Sakaleshpura Rural PS
CCTV00127_2,Sakaleshpura Rural PS - School CCTV,539,Hassan,5557,Alur,218212.0,Magge,616276,Magge,12.944978833024415,75.78652221604618,School,100,Active,Sakaleshpura Rural PS
CCTV00127_3,Sakaleshpura Rural PS - Government Hospital CCTV,539,Hassan,5556,Hassan,218393.0,Markuli,616201,Malali Kaval,12.943709138512654,75.78723052603502,Government Hospital,100,Maintenance,Sakaleshpura Rural PS
CCTV00127_4,Sakaleshpura Rural PS - Railway Station CCTV,539,Hassan,5554,Belur,218310.0,Kalleri,615176,Devalapura,12.944033435074708,75.78785464122367,Railway Station,100,Active,Sakaleshpura Rural PS
CCTV00127_5,Sakaleshpura Rural PS - College CCTV,539,Hassan,5555,Arsikere,,,615538,Manakathur,12.942781606533101,75.78675123742792,College,100,Maintenance,Sakaleshpura Rural PS
CCTV00128_1,Sakaleshpura Town PS - College CCTV,539,Hassan,5559,Hole Narsipur,,,938893,Suranahalli,12.944795527764002,75.7879582538993,College,100,Maintenance,Sakaleshpura Town PS
CCTV00128_2,Sakaleshpura Town PS - College CCTV,539,Hassan,5560,Channarayapatna,218349.0,Kalkere,617248,Chowdenahalli,12.944024686844601,75.78598714291518,College,200,Active,Sakaleshpura Town PS
CCTV00128_3,Sakaleshpura Town PS - ATM CCTV,539,Hassan,5559,Hole Narsipur,218428.0,Niduvani,616944,Jodi Gubbi,12.945028830665605,75.78705833776836,ATM,150,Maintenance,Sakaleshpura Town PS
CCTV00128_4,Sakaleshpura Town PS - College CCTV,539,Hassan,5557,Alur,218214.0,Palya,616270,Hachagodanahalli,12.943269767988804,75.78708215501636,College,200,Active,Sakaleshpura Town PS
CCTV00128_5,Sakaleshpura Town PS - Government Hospital CCTV,539,Hassan,5560,Channarayapatna,218327.0,Akkanahalli,617286,Shettihalli,12.945539477687563,75.78736131074452,Government Hospital,150,Active,Sakaleshpura Town PS
CCTV00128_6,Sakaleshpura Town PS - Bank CCTV,539,Hassan,5557,Alur,218212.0,Magge,616261,Halliyur,12.944727785294221,75.78776588323137,Bank,200,Active,Sakaleshpura Town PS
CCTV00129_1,Shanthigrama PS - Traffic Junction CCTV,539,Hassan,5555,Arsikere,218278.0,Mududi,615783,Mududi,12.98642470208878,76.21795111866544,Traffic Junction,100,Active,Shanthigrama PS
CCTV00129_2,Shanthigrama PS - Railway Station CCTV,539,Hassan,5554,Belur,218315.0,Lakkunda,615411,Kodaganahalli,12.987433940160036,76.21720551527542,Railway Station,200,Active,Shanthigrama PS
CCTV00129_3,Shanthigrama PS - Government Office CCTV,539,Hassan,5555,Arsikere,218255.0,Dummenahalli,615730,Adihalli,12.986373274182936,76.2180268790009,Government Office,150,Active,Shanthigrama PS
CCTV00129_4,Shanthigrama PS - Traffic Junction CCTV,539,Hassan,5559,Hole Narsipur,218432.0,Thathanahalli,616978,Kallode Borekaval,12.985857037820384,76.21823486470683,Traffic Junction,150,Active,Shanthigrama PS
CCTV00130_1,Shravanabelagola PS - Government Hospital CCTV,539,Hassan,5554,Belur,218306.0,Hebbalu,615252,Jogihalli,12.855340300142913,76.47971100353519,Government Hospital,200,Active,Shravanabelagola PS
CCTV00130_2,Shravanabelagola PS - Traffic Junction CCTV,539,Hassan,5555,Arsikere,218271.0,Karagunda,615514,Vaderahalli,12.85528234051237,76.48079147891981,Traffic Junction,200,Active,Shravanabelagola PS
CCTV00130_3,Shravanabelagola PS - School CCTV,539,Hassan,5559,Hole Narsipur,218410.0,Doddabyagathavalli,616886,Doddabyagathavalli,12.854863342721641,76.4789905048204,School,150,Active,Shravanabelagola PS
CCTV00131_1,Yesalur PS - College CCTV,539,Hassan,5554,Belur,218323.0,Tholalu,615122,Mathihalli,12.785132833572204,75.85921059664265,College,100,Active,Yesalur PS
CCTV00131_2,Yesalur PS - Bank CCTV,539,Hassan,5555,Arsikere,218286.0,Shankaranahalli,615640,Bommasamudra,12.784266875730603,75.86161516707482,Bank,150,Active,Yesalur PS
CCTV00131_3,Yesalur PS - Bus Stand CCTV,539,Hassan,5554,Belur,218306.0,Hebbalu,615321,Ammanagudi Kaval,12.78532709074837,75.85980216904997,Bus Stand,200,Active,Yesalur PS
CCTV00132_1,Adur PS - Government Office CCTV,540,Haveri,5493,Byadgi,218465.0,Hedikonda,604328,Timakapur,14.774452963229054,75.25219853889203,Government Office,200,Maintenance,Adur PS
CCTV00132_2,Adur PS - School CCTV,540,Haveri,5493,Byadgi,218476.0,Shidenur,604336,Shidenur,14.772610916332308,75.25229362749829,School,100,Maintenance,Adur PS
CCTV00132_3,Adur PS - ATM CCTV,540,Haveri,5495,Ranibennur,218598.0,Hanumapura,604481,Ramapur,14.773101045410336,75.24962079695077,ATM,150,Maintenance,Adur PS
CCTV00132_4,Adur PS - Railway Station CCTV,540,Haveri,5491,Hangal,218486.0,Chikkanshihosur,604127,Konankoppa,14.774802871451303,75.25096488083285,Railway Station,200,Active,Adur PS
CCTV00133_1,Bankapura PS - Railway Station CCTV,540,Haveri,5493,Byadgi,218464.0,Gundenahalli,604322,Shivapur,14.914126684892075,75.27015930644052,Railway Station,100,Active,Bankapura PS
CCTV00133_2,Bankapura PS - School CCTV,540,Haveri,5491,Hangal,272992.0,Aladakatti,604061,Aladakatti,14.915602576062058,75.27040061243414,School,200,Maintenance,Bankapura PS
CCTV00133_3,Bankapura PS - Government Office CCTV,540,Haveri,5493,Byadgi,218473.0,Mallur,604329,Mallur,14.914898875963889,75.26858200154483,Government Office,200,Active,Bankapura PS
CCTV00133_4,Bankapura PS - School CCTV,540,Haveri,5491,Hangal,218501.0,Koodala,604045,Haranagiri,14.91324922781557,75.26965408051218,School,200,Active,Bankapura PS
CCTV00134_1,Byadagi PS - College CCTV,540,Haveri,5491,Hangal,272992.0,Aladakatti,604049,Belavatti (Hunasikatti),14.680570418376972,75.49375985605009,College,200,Active,Byadagi PS
CCTV00134_2,Byadagi PS - School CCTV,540,Haveri,5489,Shiggaon,218655.0,Konanakeri,603907,Konankeri,14.68075629327871,75.4936631771015,School,100,Active,Byadagi PS
CCTV00134_3,Byadagi PS - ATM CCTV,540,Haveri,5495,Ranibennur,218612.0,Kuppelur,604571,Hiremaganur,14.679434383555204,75.49450194696585,ATM,100,Active,Byadagi PS
CCTV00134_4,Byadagi PS - School CCTV,540,Haveri,5489,Shiggaon,218651.0,Hosur,603903,Yattinahalli,14.68002120543071,75.49515907480738,School,150,Active,Byadagi PS
CCTV00135_1,Guttal PS - Government Hospital CCTV,540,Haveri,5491,Hangal,218490.0,Herur,604155,Herur,14.839301811636348,75.63151426883,Government Hospital,200,Active,Guttal PS
CCTV00135_2,Guttal PS - School CCTV,540,Haveri,5495,Ranibennur,218595.0,Gudagur,604493,Gangapur,14.838484048838515,75.63044734004997,School,200,Active,Guttal PS
CCTV00135_3,Guttal PS - Government Hospital CCTV,540,Haveri,5489,Shiggaon,218659.0,Madli,603894,Madli,14.838532906284565,75.62929609066862,Government Hospital,150,Active,Guttal PS
CCTV00135_4,Guttal PS - Government Hospital CCTV,540,Haveri,5491,Hangal,218510.0,Sanwasagi,604090,Malligar,14.840062346214875,75.62991180751364,Government Hospital,150,Active,Guttal PS
CCTV00136_1,Halageri PS - Government Office CCTV,540,Haveri,5492,Haveri,218532.0,Kabbur,604213,Benakanahalli,14.552795768432517,75.60706587264669,Government Office,150,Active,Halageri PS
CCTV00136_2,Halageri PS - Government Office CCTV,540,Haveri,5494,Hirekerur,218583.0,Suttkoti,604394,Chikkabudihal,14.552098606382502,75.60605639602305,Government Office,150,Active,Halageri PS
CCTV00136_3,Halageri PS - Railway Station CCTV,540,Haveri,5494,Hirekerur,218585.0,Tavaragi,604412,Tawaragi,14.55281422408305,75.60560156747667,Railway Station,150,Maintenance,Halageri PS
CCTV00136_4,Halageri PS - Government Hospital CCTV,540,Haveri,5490,Savanur,218630.0,Kalasur,604029,Kalasur,14.552975812004718,75.60430516024387,Government Hospital,100,Active,Halageri PS
CCTV00136_5,Halageri PS - ATM CCTV,540,Haveri,5493,Byadgi,,,604334,Agasanhalli,14.554932186888221,75.60443119982088,ATM,150,Active,Halageri PS
CCTV00136_6,Halageri PS - Government Hospital CCTV,540,Haveri,5490,Savanur,218630.0,Kalasur,604029,Kalasur,14.552384402605966,75.60684929402156,Government Hospital,100,Maintenance,Halageri PS
CCTV00137_1,Hanagal PS - School CCTV,540,Haveri,5492,Haveri,218532.0,Kabbur,604212,Shiddeshwar Nagar,14.773345140833788,75.12374117834456,School,150,Active,Hanagal PS
CCTV00137_2,Hanagal PS - Government Office CCTV,540,Haveri,5495,Ranibennur,218595.0,Gudagur,604484,Gudagur,14.773310126105567,75.12334479137957,Government Office,100,Active,Hanagal PS
CCTV00137_3,Hanagal PS - Railway Station CCTV,540,Haveri,5493,Byadgi,,,604334,Agasanhalli,14.773238212683632,75.12323785387767,Railway Station,100,Active,Hanagal PS
CCTV00137_4,Hanagal PS - School CCTV,540,Haveri,5493,Byadgi,218459.0,Bannihatti,604337,Ramgondanahalli,14.772183875890965,75.12556517106177,School,200,Active,Hanagal PS
CCTV00137_5,Hanagal PS - Railway Station CCTV,540,Haveri,7106,Rattihalli,218571.0,Kodamaggi,604465,Kodamaggi,14.77206702941394,75.12614182723215,Railway Station,150,Active,Hanagal PS
CCTV00137_6,Hanagal PS - ATM CCTV,540,Haveri,5492,Haveri,218535.0,Kanavalli,604246,Kanavalli,14.77140152845825,75.1244693834641,ATM,150,Active,Hanagal PS
CCTV00138_1,Hansabhavi PS - Government Hospital CCTV,540,Haveri,5494,Hirekerur,218554.0,Betakerur,604371,Betakerur,14.571160435510562,75.36740911703355,Government Hospital,100,Active,Hansabhavi PS
CCTV00138_2,Hansabhavi PS - Traffic Junction CCTV,540,Haveri,5495,Ranibennur,244390.0,Nittur,604552,Nittur,14.569899055793556,75.36785510998344,Traffic Junction,200,Active,Hansabhavi PS
CCTV00138_3,Hansabhavi PS - Bank CCTV,540,Haveri,5491,Hangal,218508.0,Naregal,604068,Wardi,14.568811969998551,75.36937708266856,Bank,150,Active,Hansabhavi PS
CCTV00138_4,Hansabhavi PS - College CCTV,540,Haveri,5491,Hangal,218503.0,Kopparasikoppa,604086,Kopparsikoppa,14.56980234844689,75.3699266433318,College,150,Active,Hansabhavi PS
CCTV00138_5,Hansabhavi PS - Railway Station CCTV,540,Haveri,5491,Hangal,218511.0,Seegehallisingapurplot,604142,Kodiyellapur,14.569864819276534,75.36739160717403,Railway Station,150,Active,Hansabhavi PS
CCTV00138_6,Hansabhavi PS - Railway Station CCTV,540,Haveri,5492,Haveri,218520.0,Aladakatti,604198,Hosalli-M-Adur,14.56908395986624,75.3686187462563,Railway Station,100,Active,Hansabhavi PS
CCTV00139_1,Haveri CEN Crime PS - School CCTV,540,Haveri,7106,Rattihalli,218569.0,Kanavisiddageri,604449,Kanvishidgeri,14.783649483654486,75.38844094864375,School,150,Active,Haveri CEN Crime PS
CCTV00139_2,Haveri CEN Crime PS - Railway Station CCTV,540,Haveri,5491,Hangal,218508.0,Naregal,604068,Wardi,14.785064602013183,75.38753167392737,Railway Station,100,Maintenance,Haveri CEN Crime PS
CCTV00139_3,Haveri CEN Crime PS - School CCTV,540,Haveri,5489,Shiggaon,218651.0,Hosur,603904,Hosur,14.785275088863369,75.38884084310507,School,150,Maintenance,Haveri CEN Crime PS
CCTV00140_1,Haveri Rural PS - Government Hospital CCTV,540,Haveri,5492,Haveri,218546.0,Naganur,604191,Naganur,14.783543503179152,75.38887028501674,Government Hospital,200,Active,Haveri Rural PS
CCTV00140_2,Haveri Rural PS - College CCTV,540,Haveri,5494,Hirekerur,218581.0,Satenahali,604357,Satenahalli,14.783345174279868,75.38824527086722,College,100,Active,Haveri Rural PS
CCTV00140_3,Haveri Rural PS - Government Hospital CCTV,540,Haveri,5493,Byadgi,218464.0,Gundenahalli,604321,Arabagonda,14.783527810151625,75.38760534177908,Government Hospital,200,Active,Haveri Rural PS
CCTV00141_1,Haveri Town PS - Government Office CCTV,540,Haveri,5491,Hangal,218492.0,Hirekanagi,604103,Handihal,14.792884302163552,75.39773522809637,Government Office,200,Active,Haveri Town PS
CCTV00141_2,Haveri Town PS - Railway Station CCTV,540,Haveri,5489,Shiggaon,218649.0,Hiremallur,603934,Chikmallur,14.792535854114954,75.39801309256488,Railway Station,100,Active,Haveri Town PS
CCTV00141_3,Haveri Town PS - School CCTV,540,Haveri,5495,Ranibennur,218591.0,Benakanakonda,604529,Laxmapur,14.793661617053312,75.39712890968995,School,100,Active,Haveri Town PS
CCTV00142_1,Haveri Traffic PS - Bank CCTV,540,Haveri,5491,Hangal,218482.0,Baichavalli,604076,Cheeranahalli,14.79201936185383,75.39550564636721,Bank,150,Active,Haveri Traffic PS
CCTV00142_2,Haveri Traffic PS - Bank CCTV,540,Haveri,5492,Haveri,218531.0,Hosaritti,604259,Hosaritti,14.792083931843353,75.39595504651884,Bank,100,Active,Haveri Traffic PS
CCTV00142_3,Haveri Traffic PS - Railway Station CCTV,540,Haveri,5492,Haveri,218523.0,Devagiri,604232,Devagiri Yellapur,14.79439386957453,75.39788012099565,Railway Station,100,Active,Haveri Traffic PS
CCTV00143_1,Haveri Women PS - Bus Stand CCTV,540,Haveri,5491,Hangal,218491.0,Hirehullala,604145,Tumarikoppa,14.783420414466178,75.38963955870383,Bus Stand,200,Active,Haveri Women PS
CCTV00143_2,Haveri Women PS - Railway Station CCTV,540,Haveri,5490,Savanur,218636.0,Teggihalli,603990,Savoor,14.784232784785484,75.38864130045484,Railway Station,200,Maintenance,Haveri Women PS
CCTV00143_3,Haveri Women PS - Market CCTV,540,Haveri,5492,Haveri,218541.0,Kulenur,604204,Najikalakamapur,14.783915530967233,75.38951786138416,Market,200,Active,Haveri Women PS
CCTV00143_4,Haveri Women PS - College CCTV,540,Haveri,5495,Ranibennur,218589.0,Asundi,604522,Asundi,14.785206790841583,75.38878659444025,College,150,Active,Haveri Women PS
CCTV00143_5,Haveri Women PS - Traffic Junction CCTV,540,Haveri,5495,Ranibennur,218616.0,Mudenur,604549,Mustur,14.785477893426245,75.38752710824176,Traffic Junction,200,Active,Haveri Women PS
CCTV00143_6,Haveri Women PS - Bus Stand CCTV,540,Haveri,5495,Ranibennur,218603.0,Itagi,604550,Manakur,14.783448415339521,75.38813351424261,Bus Stand,150,Active,Haveri Women PS
CCTV00144_1,Hirekerur PS - School CCTV,540,Haveri,5494,Hirekerur,218579.0,Nidanegilu,604423,Veerapur,14.456509772925322,75.39388715667059,School,150,Active,Hirekerur PS
CCTV00144_2,Hirekerur PS - Market CCTV,540,Haveri,5491,Hangal,,,604111,Shivapura,14.455969144312556,75.39381173219844,Market,150,Active,Hirekerur PS
CCTV00144_3,Hirekerur PS - Traffic Junction CCTV,540,Haveri,5489,Shiggaon,218657.0,Kunnoor,603885,Mamadapur Tanda,14.456511509404933,75.39330121117376,Traffic Junction,150,Active,Hirekerur PS
CCTV00145_1,Kaginele PS - ATM CCTV,540,Haveri,7106,Rattihalli,218568.0,Kadur,604437,Sannagubbi,14.692152138908746,75.35759246229081,ATM,100,Active,Kaginele PS
CCTV00145_2,Kaginele PS - Railway Station CCTV,540,Haveri,5492,Haveri,218531.0,Hosaritti,604267,Haleritti,14.692437062432491,75.35704077492808,Railway Station,150,Active,Kaginele PS
CCTV00145_3,Kaginele PS - College CCTV,540,Haveri,5493,Byadgi,218460.0,Bisalahalli,604339,Belakeri,14.691701228561202,75.35708117995937,College,200,Active,Kaginele PS
CCTV00146_1,Kumarapattanam PS - College CCTV,540,Haveri,5493,Byadgi,218473.0,Mallur,604326,Khurdha Kodihalli,14.520792469491527,75.7854486557494,College,100,Active,Kumarapattanam PS
CCTV00146_2,Kumarapattanam PS - ATM CCTV,540,Haveri,5493,Byadgi,218475.0,Motebennur,604325,Motebennur,14.52125889338227,75.7866198823981,ATM,150,Maintenance,Kumarapattanam PS
CCTV00146_3,Kumarapattanam PS - Market CCTV,540,Haveri,5491,Hangal,218500.0,Kirawadi,604187,Hulagaddi,14.519783204197486,75.7863438659028,Market,100,Active,Kumarapattanam PS
CCTV00146_4,Kumarapattanam PS - School CCTV,540,Haveri,5494,Hirekerur,218567.0,Kachavi,604347,Purakondikoppa,14.519935462930274,75.78611285048008,School,100,Active,Kumarapattanam PS
CCTV00146_5,Kumarapattanam PS - Traffic Junction CCTV,540,Haveri,5495,Ranibennur,218594.0,Chikkakuravatti,604480,Chikka Kuravatti,14.521652881151574,75.78531591515771,Traffic Junction,200,Active,Kumarapattanam PS
CCTV00147_1,Ranebennur Rural PS - Traffic Junction CCTV,540,Haveri,5489,Shiggaon,218660.0,Narayanapura,603961,Munavalli,14.621514942683842,75.62590075354103,Traffic Junction,100,Maintenance,Ranebennur Rural PS
CCTV00147_2,Ranebennur Rural PS - Bus Stand CCTV,540,Haveri,5490,Savanur,218624.0,Hiremaralihalli,604025,Hiremaralihalli,14.619518265414511,75.62471346929347,Bus Stand,100,Active,Ranebennur Rural PS
CCTV00147_3,Ranebennur Rural PS - ATM CCTV,540,Haveri,7106,Rattihalli,218582.0,Shiragambi,604439,Shiragambi,14.620035237719485,75.62485147791541,ATM,150,Maintenance,Ranebennur Rural PS
CCTV00147_4,Ranebennur Rural PS - ATM CCTV,540,Haveri,5489,Shiggaon,218645.0,Chandapura,603939,Manchinkop,14.620990977088343,75.6245125746756,ATM,150,Active,Ranebennur Rural PS
CCTV00147_5,Ranebennur Rural PS - Railway Station CCTV,540,Haveri,5490,Savanur,218636.0,Teggihalli,603985,Teggihalli,14.61968788027732,75.62385919250268,Railway Station,150,Active,Ranebennur Rural PS
CCTV00148_1,Ranebennur Town PS - Bus Stand CCTV,540,Haveri,5491,Hangal,218514.0,Somasagara,604174,Hirebasur,14.622636073246488,75.63544938964081,Bus Stand,150,Maintenance,Ranebennur Town PS
CCTV00148_2,Ranebennur Town PS - Traffic Junction CCTV,540,Haveri,5490,Savanur,218626.0,Huralikuppi,603993,Huralikuppi,14.622521790052234,75.63516522999886,Traffic Junction,150,Active,Ranebennur Town PS
CCTV00148_3,Ranebennur Town PS - Railway Station CCTV,540,Haveri,5490,Savanur,218623.0,Hiremagadur,604032,Hiremugadur,14.62193042817836,75.63667715734908,Railway Station,100,Active,Ranebennur Town PS
CCTV00149_1,Ranebennur Traffic PS - College CCTV,540,Haveri,5494,Hirekerur,218553.0,Aralikatti,604353,Wadenapur,14.620614735519414,75.62045073796972,College,200,Active,Ranebennur Traffic PS
CCTV00149_2,Ranebennur Traffic PS - College CCTV,540,Haveri,5493,Byadgi,218464.0,Gundenahalli,604322,Shivapur,14.61942096961578,75.61975748682842,College,200,Active,Ranebennur Traffic PS
CCTV00149_3,Ranebennur Traffic PS - College CCTV,540,Haveri,5494,Hirekerur,218558.0,Chikkerur,604374,Jyavalli,14.618859635870905,75.61951314679659,College,150,Active,Ranebennur Traffic PS
CCTV00150_1,Rattihalli PS - School CCTV,540,Haveri,5494,Hirekerur,218583.0,Suttkoti,604364,Divagihalli,14.427888797066139,75.50742731600042,School,200,Active,Rattihalli PS
CCTV00150_2,Rattihalli PS - ATM CCTV,540,Haveri,5491,Hangal,218492.0,Hirekanagi,604097,Hosahalli,14.425898636200158,75.50728840529564,ATM,150,Maintenance,Rattihalli PS
CCTV00150_3,Rattihalli PS - Government Hospital CCTV,540,Haveri,5491,Hangal,218510.0,Sanwasagi,604083,Shirmapur (M) Adur,14.428026149631414,75.50746495022636,Government Hospital,200,Active,Rattihalli PS
CCTV00150_4,Rattihalli PS - College CCTV,540,Haveri,5491,Hangal,218510.0,Sanwasagi,604084,Kadashettihalli,14.426086589606124,75.50654879638176,College,150,Active,Rattihalli PS
CCTV00150_5,Rattihalli PS - School CCTV,540,Haveri,5495,Ranibennur,274147.0,Y.T.Honnathi,604477,Nukapur,14.425649247713695,75.50910302941026,School,100,Active,Rattihalli PS
CCTV00150_6,Rattihalli PS - Market CCTV,540,Haveri,5491,Hangal,218492.0,Hirekanagi,604097,Hosahalli,14.428592953739804,75.5075245436043,Market,100,Active,Rattihalli PS
CCTV00151_1,Savanoor PS - Railway Station CCTV,540,Haveri,5495,Ranibennur,218616.0,Mudenur,604549,Mustur,14.977135235656027,75.33738187925611,Railway Station,100,Maintenance,Savanoor PS
CCTV00151_2,Savanoor PS - Bank CCTV,540,Haveri,5492,Haveri,218539.0,Kolur,604217,Kolur,14.977789037925621,75.33706283783496,Bank,200,Active,Savanoor PS
CCTV00151_3,Savanoor PS - Traffic Junction CCTV,540,Haveri,5495,Ranibennur,218591.0,Benakanakonda,604529,Laxmapur,14.977670642650658,75.33920669269659,Traffic Junction,150,Active,Savanoor PS
CCTV00151_4,Savanoor PS - Bus Stand CCTV,540,Haveri,5491,Hangal,218484.0,Bammanahalli,604039,Nellikoppa,14.976432820185963,75.33805771708573,Bus Stand,150,Active,Savanoor PS
CCTV00152_1,Shiggaon PS - Bus Stand CCTV,540,Haveri,5490,Savanur,218632.0,Kunimellihalli,604003,Mannangi,14.990077980574297,75.22589577597172,Bus Stand,100,Active,Shiggaon PS
CCTV00152_2,Shiggaon PS - Bus Stand CCTV,540,Haveri,5489,Shiggaon,218645.0,Chandapura,603951,Shingapur,14.989864787825393,75.22788969343958,Bus Stand,150,Active,Shiggaon PS
CCTV00152_3,Shiggaon PS - Traffic Junction CCTV,540,Haveri,5491,Hangal,218492.0,Hirekanagi,604104,Chikkeri,14.990176769274564,75.2252705853363,Traffic Junction,150,Active,Shiggaon PS
CCTV00153_1,Tadas PS - Traffic Junction CCTV,540,Haveri,5494,Hirekerur,218567.0,Kachavi,604348,Kachavi,15.1234005306469,75.12328684822204,Traffic Junction,200,Active,Tadas PS
CCTV00153_2,Tadas PS - College CCTV,540,Haveri,5495,Ranibennur,244390.0,Nittur,604558,Yalabadigi,15.12488398866607,75.12432943320317,College,150,Active,Tadas PS
CCTV00153_3,Tadas PS - School CCTV,540,Haveri,5491,Hangal,218509.0,Sammasagi,604124,Neralgi (Inam),15.124143412585179,75.1231445245735,School,100,Active,Tadas PS
CCTV00153_4,Tadas PS - Bus Stand CCTV,540,Haveri,5489,Shiggaon,218661.0,Nmtadasa,603888,Kadahalli,15.125367639696139,75.12345902728636,Bus Stand,100,Maintenance,Tadas PS
CCTV00154_1,APMC Yard PS - College CCTV,528,Ballari,5499,Siruguppa,216282.0,Kududarahal,604794,Halekota,15.133228990499653,76.92196018528266,College,200,Active,APMC Yard PS
CCTV00154_2,APMC Yard PS - College CCTV,528,Ballari,5501,Sandur,,,938320,Sanduru,15.130786198105456,76.92074106300961,College,200,Maintenance,APMC Yard PS
CCTV00154_3,APMC Yard PS - School CCTV,528,Ballari,5501,Sandur,216250.0,Bommagatta,604988,Gowripur,15.132625348921009,76.92138559061961,School,200,Active,APMC Yard PS
CCTV00154_4,APMC Yard PS - Traffic Junction CCTV,528,Ballari,5501,Sandur,216260.0,Nidagurthi,924426,Kondapura,15.132110112244536,76.92078091435317,Traffic Junction,100,Active,APMC Yard PS
CCTV00154_5,APMC Yard PS - Traffic Junction CCTV,528,Ballari,5500,Ballari,216115.0,Handihal,604886,Handihal,15.131894897953435,76.9211275691928,Traffic Junction,100,Active,APMC Yard PS
CCTV00154_6,APMC Yard PS - Government Hospital CCTV,528,Ballari,5499,Siruguppa,216276.0,Hatcholli,604814,Matur,15.13090344535332,76.9217343098388,Government Hospital,200,Maintenance,APMC Yard PS
CCTV00155_1,Ballari CEN Crime PS - Bank CCTV,528,Ballari,5500,Ballari,216108.0,Basarakod,604883,Hirehadagali,15.151438238072503,76.92795661779562,Bank,150,Maintenance,Ballari CEN Crime PS
CCTV00155_2,Ballari CEN Crime PS - College CCTV,528,Ballari,5501,Sandur,,,938320,Sanduru,15.1513858280732,76.92999854470028,College,200,Active,Ballari CEN Crime PS
CCTV00155_3,Ballari CEN Crime PS - Bus Stand CCTV,528,Ballari,5499,Siruguppa,216268.0,B.M.Sugur,604830,Nagarahal,15.149417370908095,76.93014589756433,Bus Stand,200,Maintenance,Ballari CEN Crime PS
CCTV00155_4,Ballari CEN Crime PS - School CCTV,528,Ballari,5501,Sandur,273266.0,Bannihatti,605020,Bannihatti,15.15094673914525,76.9278262260185,School,150,Active,Ballari CEN Crime PS
CCTV00156_1,Ballari Women PS - Bank CCTV,528,Ballari,5501,Sandur,216255.0,Kalingeri,604982,Thippanamaradi,15.279280655755896,76.38740044725174,Bank,200,Active,Ballari Women PS
CCTV00156_2,Ballari Women PS - School CCTV,528,Ballari,5499,Siruguppa,216278.0,K.Sugur,604838,Mudenur,15.27734492327829,76.39017978323736,School,150,Active,Ballari Women PS
CCTV00156_3,Ballari Women PS - Railway Station CCTV,528,Ballari,7109,Kurugodu,216143.0,Yerangaligi,604877,Vaddahatti,15.277749165113777,76.39001275150162,Railway Station,200,Active,Ballari Women PS
CCTV00156_4,Ballari Women PS - School CCTV,528,Ballari,7109,Kurugodu,216143.0,Yerangaligi,604891,Yarringaligi,15.278521610053778,76.38972351292243,School,200,Active,Ballari Women PS
CCTV00156_5,Ballari Women PS - Railway Station CCTV,528,Ballari,5499,Siruguppa,216288.0,Ravihal,604824,Gubbihal,15.278745316007289,76.39017101908797,Railway Station,100,Active,Ballari Women PS
CCTV00157_1,Bellary Rural PS - Government Hospital CCTV,528,Ballari,5501,Sandur,273265.0,Agrahara,604985,Genatikatte,15.14322608707214,76.92483043166108,Government Hospital,150,Maintenance,Bellary Rural PS
CCTV00157_2,Bellary Rural PS - ATM CCTV,528,Ballari,5499,Siruguppa,216271.0,Beerahalli,604816,Vattumuruvani,15.144478911464578,76.92430265036806,ATM,200,Active,Bellary Rural PS
CCTV00157_3,Bellary Rural PS - Bank CCTV,528,Ballari,5499,Siruguppa,216268.0,B.M.Sugur,604830,Nagarahal,15.143823784358908,76.924999029081,Bank,150,Active,Bellary Rural PS
CCTV00157_4,Bellary Rural PS - Railway Station CCTV,528,Ballari,5499,Siruguppa,216293.0,Uttanur,604847,Mota Sugur,15.144767772455397,76.92540322262799,Railway Station,200,Maintenance,Bellary Rural PS
CCTV00157_5,Bellary Rural PS - College CCTV,528,Ballari,5499,Siruguppa,216271.0,Beerahalli,604822,Kottalachinta,15.145391127196248,76.92514675455195,College,100,Active,Bellary Rural PS
CCTV00158_1,Bellary Traffic PS - College CCTV,528,Ballari,5499,Siruguppa,216285.0,Muddatanur,604786,Gundiganur,15.277597832574559,76.3892081629414,College,150,Active,Bellary Traffic PS
CCTV00158_2,Bellary Traffic PS - Government Hospital CCTV,528,Ballari,5501,Sandur,273268.0,Rajapura,605030,Chapparadahalli Ubbalagandi,15.278532796883548,76.38832171203568,Government Hospital,150,Active,Bellary Traffic PS
CCTV00158_3,Bellary Traffic PS - School CCTV,528,Ballari,5501,Sandur,216260.0,Nidagurthi,924426,Kondapura,15.279545529254724,76.38849129932844,School,200,Active,Bellary Traffic PS
CCTV00159_1,Brucepet PS - Bank CCTV,528,Ballari,5499,Siruguppa,216282.0,Kududarahal,604795,Seedaragadda,15.138300561670718,76.92625509374204,Bank,200,Active,Brucepet PS
CCTV00159_2,Brucepet PS - Railway Station CCTV,528,Ballari,5499,Siruguppa,216278.0,K.Sugur,604810,Bandrahal,15.13954670101503,76.92508689424902,Railway Station,150,Maintenance,Brucepet PS
CCTV00159_3,Brucepet PS - Market CCTV,528,Ballari,5499,Siruguppa,216293.0,Uttanur,604848,Uttanur,15.139474976342967,76.92748144222489,Market,100,Active,Brucepet PS
CCTV00159_4,Brucepet PS - Bank CCTV,528,Ballari,5501,Sandur,216253.0,Devagiri,605010,Deogiri,15.137254354808228,76.92532420254798,Bank,150,Active,Brucepet PS
CCTV00159_5,Brucepet PS - Railway Station CCTV,528,Ballari,5500,Ballari,216138.0,Sridharagadda,604893,Sidaragadda,15.139672908944346,76.92493465055874,Railway Station,150,Active,Brucepet PS
CCTV00159_6,Brucepet PS - Traffic Junction CCTV,528,Ballari,5501,Sandur,216266.0,Vittalapura,605031,Malapur,15.1368465105417,76.92610087851658,Traffic Junction,100,Active,Brucepet PS
CCTV00160_1,Cowlbazar PS - ATM CCTV,528,Ballari,5499,Siruguppa,216268.0,B.M.Sugur,604835,Ittigihal,15.136594988592572,76.90308372197143,ATM,150,Active,Cowlbazar PS
CCTV00160_2,Cowlbazar PS - ATM CCTV,528,Ballari,5499,Siruguppa,216270.0,Balakundhi,604843,Buduguppa,15.138737870412696,76.90346252340362,ATM,200,Active,Cowlbazar PS
CCTV00160_3,Cowlbazar PS - Traffic Junction CCTV,528,Ballari,5501,Sandur,216261.0,Shusilanagar,604998,Radhanagar,15.138446565531622,76.90333221883695,Traffic Junction,200,Maintenance,Cowlbazar PS
CCTV00161_1,Gadiganur PS - Market CCTV,528,Ballari,5499,Siruguppa,216268.0,B.M.Sugur,604833,Alabanur,15.226379361364842,76.58952330922779,Market,100,Active,Gadiganur PS
CCTV00161_2,Gadiganur PS - Bank CCTV,528,Ballari,5500,Ballari,216140.0,Yathenabudihal,604954,Kammarchedu,15.227692681880548,76.590185913177,Bank,100,Maintenance,Gadiganur PS
CCTV00161_3,Gadiganur PS - Government Office CCTV,528,Ballari,7109,Kurugodu,216135.0,Sindhigeri,604880,Sindegeri,15.227207058248966,76.58912842117452,Government Office,100,Active,Gadiganur PS
CCTV00161_4,Gadiganur PS - Government Office CCTV,528,Ballari,7107,Kampli,216208.0,No.10 Muddapura,604755,Kanvithimmalapura,15.226546614407752,76.58936699265595,Government Office,200,Active,Gadiganur PS
CCTV00162_1,Gandhinagar PS - College CCTV,528,Ballari,7109,Kurugodu,216116.0,Kallukamba,604869,Lakshmipura,15.227717646312597,76.59292343420255,College,100,Active,Gandhinagar PS
CCTV00162_2,Gandhinagar PS - College CCTV,528,Ballari,5501,Sandur,216247.0,Anthapura,605025,Appalapur,15.228591362154917,76.59016798482335,College,100,Active,Gandhinagar PS
CCTV00162_3,Gandhinagar PS - Traffic Junction CCTV,528,Ballari,5500,Ballari,,,604923,Bellary[R],15.227661016031634,76.59081915146714,Traffic Junction,150,Maintenance,Gandhinagar PS
CCTV00162_4,Gandhinagar PS - College CCTV,528,Ballari,5501,Sandur,216259.0,Narasingapura,605007,Ranjitpur,15.229579208701406,76.59106133621358,College,150,Active,Gandhinagar PS
CCTV00162_5,Gandhinagar PS - ATM CCTV,528,Ballari,5501,Sandur,216252.0,Daroji,605015,Daroji,15.228801799362211,76.59141532660288,ATM,100,Active,Gandhinagar PS
CCTV00162_6,Gandhinagar PS - ATM CCTV,528,Ballari,5499,Siruguppa,216293.0,Uttanur,604848,Uttanur,15.228819088269093,76.5907362364529,ATM,150,Maintenance,Gandhinagar PS
CCTV00163_1,Hatcholli PS - School CCTV,528,Ballari,5501,Sandur,216259.0,Narasingapura,605008,Vittalnagar,15.79182505911705,76.9874102155828,School,200,Active,Hatcholli PS
CCTV00163_2,Hatcholli PS - College CCTV,528,Ballari,5499,Siruguppa,216268.0,B.M.Sugur,604832,Nadanga,15.792341294711152,76.9868634438451,College,200,Maintenance,Hatcholli PS
CCTV00163_3,Hatcholli PS - Market CCTV,528,Ballari,5501,Sandur,216247.0,Anthapura,605024,Chikkantapur,15.79045575800449,76.98672083202283,Market,200,Active,Hatcholli PS
CCTV00164_1,Kampli PS - Bank CCTV,528,Ballari,5499,Siruguppa,216285.0,Muddatanur,604786,Gundiganur,15.404788209682323,76.59993442231732,Bank,200,Active,Kampli PS
CCTV00164_2,Kampli PS - Government Office CCTV,528,Ballari,5501,Sandur,216266.0,Vittalapura,605035,M. Gangalapura,15.40658955200151,76.59868434523722,Government Office,200,Active,Kampli PS
CCTV00164_3,Kampli PS - Bus Stand CCTV,528,Ballari,5500,Ballari,,,938289,Haddinagundu,15.406473032208234,76.5988374134233,Bus Stand,100,Active,Kampli PS
CCTV00164_4,Kampli PS - Market CCTV,528,Ballari,5499,Siruguppa,216281.0,Konchigeri,604788,Siddaramapura,15.406001007081684,76.59964969674789,Market,150,Active,Kampli PS
CCTV00164_5,Kampli PS - Traffic Junction CCTV,528,Ballari,5501,Sandur,216258.0,Metriki,605043,Lakkalahalli,15.407338133030978,76.59875642002756,Traffic Junction,100,Maintenance,Kampli PS
CCTV00165_1,Kuduthini PS - College CCTV,528,Ballari,5499,Siruguppa,216276.0,Hatcholli,604811,Honnarahalli,15.209753930078092,76.76159708063561,College,200,Maintenance,Kuduthini PS
CCTV00165_2,Kuduthini PS - College CCTV,528,Ballari,5501,Sandur,216250.0,Bommagatta,604987,Bommagatta,15.20922622968992,76.7631695611005,College,150,Maintenance,Kuduthini PS
CCTV00165_3,Kuduthini PS - Bank CCTV,528,Ballari,5500,Ballari,216105.0,Amarapura,604935,Kakkabevinahalli,15.210525879972808,76.7624559858288,Bank,100,Active,Kuduthini PS
CCTV00165_4,Kuduthini PS - Bus Stand CCTV,528,Ballari,5501,Sandur,216258.0,Metriki,605042,Ramasagar,15.210858964799435,76.76257343016128,Bus Stand,100,Active,Kuduthini PS
CCTV00166_1,Kurugod PS - School CCTV,528,Ballari,5499,Siruguppa,216291.0,Talur,604853,Talur,15.345454292022366,76.83386177132996,School,100,Maintenance,Kurugod PS
CCTV00166_2,Kurugod PS - College CCTV,528,Ballari,5499,Siruguppa,216272.0,Boggur,604798,Gajiginahal,15.343632628017732,76.83529071439824,College,200,Active,Kurugod PS
CCTV00166_3,Kurugod PS - Government Hospital CCTV,528,Ballari,5501,Sandur,273266.0,Bannihatti,605020,Bannihatti,15.34534094511178,76.83472693116846,Government Hospital,150,Active,Kurugod PS
CCTV00166_4,Kurugod PS - Railway Station CCTV,528,Ballari,5501,Sandur,216254.0,Gollalingamanahalli,604976,Shro.Thimmavvanahalli,15.344827520079471,76.8358129987872,Railway Station,100,Active,Kurugod PS
CCTV00167_1,Moka PS - Government Hospital CCTV,528,Ballari,5501,Sandur,273267.0,H.K.Halli,917702,Huchenahalli,15.242738461248909,77.05913174393484,Government Hospital,200,Maintenance,Moka PS
CCTV00167_2,Moka PS - Bus Stand CCTV,528,Ballari,5499,Siruguppa,273271.0,Byrapura,604845,Bhyrapura,15.241553440839324,77.06070798071156,Bus Stand,150,Maintenance,Moka PS
CCTV00167_3,Moka PS - Railway Station CCTV,528,Ballari,5500,Ballari,216109.0,Belagallu,604921,Belagal,15.241934234493346,77.06001234819625,Railway Station,100,Active,Moka PS
CCTV00167_4,Moka PS - College CCTV,528,Ballari,5501,Sandur,216254.0,Gollalingamanahalli,604975,Mothalakunta,15.240754774575747,77.05902237480574,College,100,Maintenance,Moka PS
CCTV00167_5,Moka PS - Railway Station CCTV,528,Ballari,5500,Ballari,216117.0,Kappagal,604895,Kappagallu,15.24106342534975,77.057811923326,Railway Station,200,Active,Moka PS
CCTV00168_1,P.D. Halli PS - Railway Station CCTV,528,Ballari,5499,Siruguppa,216276.0,Hatcholli,604814,Matur,15.144209899684107,77.05291506032792,Railway Station,100,Active,P.D. Halli PS
CCTV00168_2,P.D. Halli PS - Traffic Junction CCTV,528,Ballari,5499,Siruguppa,216281.0,Konchigeri,604789,Dasapura,15.143078195464009,77.05205855758759,Traffic Junction,200,Active,P.D. Halli PS
CCTV00168_3,P.D. Halli PS - Bank CCTV,528,Ballari,5499,Siruguppa,216272.0,Boggur,604803,Chanakanur,15.142561028137806,77.05219886702807,Bank,200,Active,P.D. Halli PS
CCTV00168_4,P.D. Halli PS - Government Office CCTV,528,Ballari,5499,Siruguppa,216285.0,Muddatanur,604786,Gundiganur,15.144190798389161,77.05082118317323,Government Office,150,Active,P.D. Halli PS
CCTV00168_5,P.D. Halli PS - Government Office CCTV,528,Ballari,7109,Kurugodu,216143.0,Yerangaligi,604877,Vaddahatti,15.144459988834793,77.05319207867686,Government Office,200,Active,P.D. Halli PS
CCTV00168_6,P.D. Halli PS - Bus Stand CCTV,528,Ballari,5500,Ballari,216139.0,Vanenoor,604899,Kallukutiganahalu,15.14393966241425,77.05353015218215,Bus Stand,100,Maintenance,P.D. Halli PS
CCTV00169_1,Sandur PS - Government Office CCTV,528,Ballari,5499,Siruguppa,216272.0,Boggur,604798,Gajiginahal,15.082278153000201,76.54389866679762,Government Office,200,Active,Sandur PS
CCTV00169_2,Sandur PS - Government Office CCTV,528,Ballari,5500,Ballari,216132.0,Shankarabanda,604950,Ibrampura,15.082335962550717,76.54460936717228,Government Office,200,Active,Sandur PS
CCTV00169_3,Sandur PS - Government Office CCTV,528,Ballari,5501,Sandur,216255.0,Kalingeri,604970,Ankammanahal,15.082865713296286,76.545201348088,Government Office,150,Active,Sandur PS
CCTV00169_4,Sandur PS - College CCTV,528,Ballari,5500,Ballari,216140.0,Yathenabudihal,604952,Burranayakanahalli,15.082141590091299,76.54252806560768,College,150,Active,Sandur PS
CCTV00169_5,Sandur PS - Bank CCTV,528,Ballari,5499,Siruguppa,216278.0,K.Sugur,604809,Kotehalsugur,15.082810057526713,76.5431871257341,Bank,150,Maintenance,Sandur PS
CCTV00169_6,Sandur PS - Traffic Junction CCTV,528,Ballari,5499,Siruguppa,216282.0,Kududarahal,604797,Nagalapura,15.082921920664,76.54373468674375,Traffic Junction,100,Active,Sandur PS
CCTV00170_1,Sirigeri PS - ATM CCTV,528,Ballari,5500,Ballari,216117.0,Kappagal,604895,Kappagallu,15.442675073523253,76.8375826397606,ATM,150,Active,Sirigeri PS
CCTV00170_2,Sirigeri PS - Railway Station CCTV,528,Ballari,5499,Siruguppa,216293.0,Uttanur,604848,Uttanur,15.442728221090803,76.83990769275029,Railway Station,100,Active,Sirigeri PS
CCTV00170_3,Sirigeri PS - Market CCTV,528,Ballari,5501,Sandur,216263.0,Taranagar,605004,Sankarapur,15.441171707126943,76.83812895529815,Market,200,Active,Sirigeri PS
CCTV00170_4,Sirigeri PS - Government Hospital CCTV,528,Ballari,5501,Sandur,216250.0,Bommagatta,604988,Gowripur,15.440092725371978,76.83788515570377,Government Hospital,200,Active,Sirigeri PS
CCTV00170_5,Sirigeri PS - Government Office CCTV,528,Ballari,5500,Ballari,216130.0,Sanganakal,604913,Sanganakal,15.442414259410679,76.83765263182003,Government Office,200,Active,Sirigeri PS
CCTV00170_6,Sirigeri PS - ATM CCTV,528,Ballari,7109,Kurugodu,216143.0,Yerangaligi,604877,Vaddahatti,15.441601681284212,76.83919735936102,ATM,150,Active,Sirigeri PS
CCTV00171_1,Siruguppa PS - Government Office CCTV,528,Ballari,7107,Kampli,216211.0,Sanapura,604752,Ittigi,15.637611602597177,76.90074416432196,Government Office,200,Active,Siruguppa PS
CCTV00171_2,Siruguppa PS - Traffic Junction CCTV,528,Ballari,7107,Kampli,216211.0,Sanapura,604750,Sanapura,15.638519148744473,76.89832018150899,Traffic Junction,150,Active,Siruguppa PS
CCTV00171_3,Siruguppa PS - Bank CCTV,528,Ballari,5499,Siruguppa,216293.0,Uttanur,604848,Uttanur,15.639441346314783,76.8997805496011,Bank,150,Active,Siruguppa PS
CCTV00171_4,Siruguppa PS - School CCTV,528,Ballari,5501,Sandur,216254.0,Gollalingamanahalli,604975,Mothalakunta,15.637681707813876,76.9007822415627,School,200,Active,Siruguppa PS
CCTV00171_5,Siruguppa PS - College CCTV,528,Ballari,5500,Ballari,216109.0,Belagallu,604919,Haraginadone,15.637690298365897,76.90042322837611,College,200,Active,Siruguppa PS
CCTV00171_6,Siruguppa PS - Traffic Junction CCTV,528,Ballari,5500,Ballari,216134.0,Sidiginamola,604918,Karekal Veerapura,15.637624689345758,76.90027725049069,Traffic Junction,150,Maintenance,Siruguppa PS
CCTV00172_1,Tekkalkota PS - Government Office CCTV,528,Ballari,7109,Kurugodu,216126.0,Nelludi,604856,Kotal Camp,15.266320859722248,76.34871479113363,Government Office,200,Active,Tekkalkota PS
CCTV00172_2,Tekkalkota PS - Government Office CCTV,528,Ballari,5501,Sandur,216266.0,Vittalapura,605035,M. Gangalapura,15.264493684734227,76.34994505661973,Government Office,100,Active,Tekkalkota PS
CCTV00172_3,Tekkalkota PS - Traffic Junction CCTV,528,Ballari,5499,Siruguppa,216283.0,Kuruvalli,604800,T.Rampura,15.264951743190137,76.34964160207848,Traffic Junction,150,Active,Tekkalkota PS
CCTV00172_4,Tekkalkota PS - College CCTV,528,Ballari,5499,Siruguppa,273271.0,Byrapura,604845,Bhyrapura,15.264231983710381,76.34939545782686,College,100,Active,Tekkalkota PS
CCTV00172_5,Tekkalkota PS - Bank CCTV,528,Ballari,5501,Sandur,216261.0,Shusilanagar,604997,Siddapur,15.265205379886384,76.3497258041217,Bank,150,Active,Tekkalkota PS
CCTV00172_6,Tekkalkota PS - School CCTV,528,Ballari,7109,Kurugodu,,,604870,Kurugodu,15.266161130524164,76.34879513384928,School,150,Active,Tekkalkota PS
CCTV00173_1,Thoranagal PS - Railway Station CCTV,528,Ballari,5501,Sandur,216247.0,Anthapura,605025,Appalapur,15.195968735542648,76.66295308912945,Railway Station,100,Active,Thoranagal PS
CCTV00173_2,Thoranagal PS - Government Hospital CCTV,528,Ballari,5501,Sandur,216258.0,Metriki,605042,Ramasagar,15.194681835445328,76.66150270248123,Government Hospital,150,Active,Thoranagal PS
CCTV00173_3,Thoranagal PS - College CCTV,528,Ballari,5501,Sandur,273270.0,Yerrayyanahalli,604979,Yerraiahnahalli,15.197376658863233,76.66119715626992,College,100,Active,Thoranagal PS
CCTV00173_4,Thoranagal PS - Traffic Junction CCTV,528,Ballari,5499,Siruguppa,216271.0,Beerahalli,604819,Basarahalli,15.197385573194419,76.66222854610093,Traffic Junction,200,Active,Thoranagal PS
CCTV00173_5,Thoranagal PS - ATM CCTV,528,Ballari,5499,Siruguppa,216284.0,M.Sugur,604782,Manur,15.195884042792366,76.6630928449891,ATM,200,Maintenance,Thoranagal PS
CCTV00173_6,Thoranagal PS - Railway Station CCTV,528,Ballari,5501,Sandur,273269.0,Thaluru,605012,Joga Badaranahalli,15.194711121160214,76.66258020753332,Railway Station,150,Active,Thoranagal PS
CCTV00174_1,APMC Navanagar - ATM CCTV,536,Dharwad,5473,Dharwad,217658.0,Narendra,602230,Dasanakoppa,15.394227385404603,75.08093576912208,ATM,200,Active,APMC Navanagar
CCTV00174_2,APMC Navanagar - Market CCTV,536,Dharwad,5474,Navalgund,217739.0,Gudisagar,602346,Sotakanal,15.392506922195818,75.08259470096553,Market,100,Active,APMC Navanagar
CCTV00174_3,APMC Navanagar - Bus Stand CCTV,536,Dharwad,5474,Navalgund,217739.0,Gudisagar,602346,Sotakanal,15.393382113928054,75.08041747567935,Bus Stand,200,Active,APMC Navanagar
CCTV00174_4,APMC Navanagar - Government Office CCTV,536,Dharwad,5474,Navalgund,217746.0,Kalawad,602340,Kalawad,15.394223035315717,75.08121032032555,Government Office,100,Maintenance,APMC Navanagar
CCTV00174_5,APMC Navanagar - Traffic Junction CCTV,536,Dharwad,5476,Kalghatgi,217708.0,Sulikatti,602477,Kandli,15.394217676169713,75.0814630155479,Traffic Junction,200,Active,APMC Navanagar
CCTV00175_1,Ashoknagar PS - Bus Stand CCTV,536,Dharwad,5477,Kundgol,217730.0,Rottigawad,602552,Rottigawad,12.581249537358925,77.36302911101,Bus Stand,100,Maintenance,Ashoknagar PS
CCTV00175_2,Ashoknagar PS - Bank CCTV,536,Dharwad,5476,Kalghatgi,217713.0,Ugginakeri,602453,Kadankoppa,12.581680239759551,77.36312854414804,Bank,200,Active,Ashoknagar PS
CCTV00175_3,Ashoknagar PS - Government Hospital CCTV,536,Dharwad,5477,Kundgol,217731.0,Saunsi,602567,Saunshi,12.58211401945401,77.36375183693511,Government Hospital,100,Maintenance,Ashoknagar PS
CCTV00175_4,Ashoknagar PS - Bank CCTV,536,Dharwad,5476,Kalghatgi,217689.0,Begur,602460,Bisaralli,12.58278280621395,77.36247938792629,Bank,150,Active,Ashoknagar PS
CCTV00175_5,Ashoknagar PS - Bank CCTV,536,Dharwad,5476,Kalghatgi,217698.0,Ganjigatti,602492,Ganjigatti,12.581083872939297,77.3627135559295,Bank,200,Maintenance,Ashoknagar PS
CCTV00176_1,Bendigeri PS - Bank CCTV,536,Dharwad,7081,Alnavar,217642.0,Kadabagatti,602236,Hulikeri,15.343986834708954,75.14945879459131,Bank,150,Active,Bendigeri PS
CCTV00176_2,Bendigeri PS - Bank CCTV,536,Dharwad,5476,Kalghatgi,217688.0,Beeravalli,602516,Rajivanagar,15.342946464619946,75.15074082258718,Bank,100,Active,Bendigeri PS
CCTV00176_3,Bendigeri PS - Government Office CCTV,536,Dharwad,5473,Dharwad,217644.0,Kanakur,602306,Kanakur,15.342659111739513,75.14914162167187,Government Office,150,Active,Bendigeri PS
CCTV00177_1,Dharwad Sub-Urban PS - Railway Station CCTV,536,Dharwad,5473,Dharwad,217658.0,Narendra,602235,Khanapur-M-Narendra,15.349466795676845,75.13799674045505,Railway Station,200,Active,Dharwad Sub-Urban PS
CCTV00177_2,Dharwad Sub-Urban PS - Government Hospital CCTV,536,Dharwad,5476,Kalghatgi,217703.0,Madakihonnahalli,602471,Madkihonnihalli,15.352075117930545,75.13903497500507,Government Hospital,150,Active,Dharwad Sub-Urban PS
CCTV00177_3,Dharwad Sub-Urban PS - College CCTV,536,Dharwad,5473,Dharwad,217654.0,Maradagi,602312,Ghongadikoppa,15.349903495846743,75.13954738259892,College,150,Active,Dharwad Sub-Urban PS
CCTV00178_1,Dharwad Town PS - Government Office CCTV,536,Dharwad,7079,Hubballi Urban,,,602386,Gabbur,15.458400506227647,75.00976123656743,Government Office,100,Active,Dharwad Town PS
CCTV00178_2,Dharwad Town PS - Government Office CCTV,536,Dharwad,5477,Kundgol,217720.0,Harlapur,602570,Haralapur,15.459219376367832,75.01050765369999,Government Office,100,Maintenance,Dharwad Town PS
CCTV00178_3,Dharwad Town PS - Market CCTV,536,Dharwad,5473,Dharwad,301643.0,Guledakoppa,602224,Venkatapur,15.459664049234934,75.01161066335402,Market,100,Maintenance,Dharwad Town PS
CCTV00178_4,Dharwad Town PS - Government Hospital CCTV,536,Dharwad,7079,Hubballi Urban,,,938704,Bammapuram,15.458125210514176,75.0118170659376,Government Hospital,200,Active,Dharwad Town PS
CCTV00179_1,Dharwad Traffic PS - Government Hospital CCTV,536,Dharwad,5476,Kalghatgi,217695.0,G.Basavankoppa,602434,Kannenaikankoppa,15.459543987358325,75.0120030258134,Government Hospital,150,Maintenance,Dharwad Traffic PS
CCTV00179_2,Dharwad Traffic PS - Bank CCTV,536,Dharwad,5477,Kundgol,217728.0,Mattigatti,602546,Hanamanahalli,15.460378448788221,75.01040959926794,Bank,100,Maintenance,Dharwad Traffic PS
CCTV00179_3,Dharwad Traffic PS - ATM CCTV,536,Dharwad,5475,Hubballi,273023.0,Bhandiwada,602394,Bhandiwad,15.458635104226426,75.01217149847587,ATM,100,Maintenance,Dharwad Traffic PS
CCTV00179_4,Dharwad Traffic PS - Bus Stand CCTV,536,Dharwad,5473,Dharwad,217663.0,Tadakoda,602202,Tadakod,15.458861183949068,75.01043992642006,Bus Stand,150,Active,Dharwad Traffic PS
CCTV00180_1,E and N Crime PS HD city - School CCTV,536,Dharwad,5476,Kalghatgi,217712.0,Tavargeri,602484,Aladakatti,15.351344101281182,75.1382577317734,School,200,Active,E and N Crime PS HD city
CCTV00180_2,E and N Crime PS HD city - Traffic Junction CCTV,536,Dharwad,5477,Kundgol,217718.0,Gudenakatti,602550,Yarinarayanpur,15.35158002270866,75.14032307982856,Traffic Junction,150,Active,E and N Crime PS HD city
CCTV00180_3,E and N Crime PS HD city - Government Office CCTV,536,Dharwad,5476,Kalghatgi,217699.0,Guddadahulikati,602496,Parasapur,15.351270319574297,75.13777668427541,Government Office,200,Active,E and N Crime PS HD city
CCTV00181_1,Ghantikeri PS - School CCTV,536,Dharwad,5476,Kalghatgi,217697.0,Gambyapur,602440,Lingankoppa,15.341860531449033,75.14061131589223,School,150,Active,Ghantikeri PS
CCTV00181_2,Ghantikeri PS - School CCTV,536,Dharwad,5473,Dharwad,273020.0,Chikkamalligawada,602271,Hiremalligawad,15.341614897762218,75.14118842271436,School,200,Active,Ghantikeri PS
CCTV00181_3,Ghantikeri PS - Bank CCTV,536,Dharwad,5476,Kalghatgi,217711.0,Tambur,602486,Junjanbail,15.33996681046275,75.14195965567954,Bank,200,Maintenance,Ghantikeri PS
CCTV00182_1,Gokul Road PS - ATM CCTV,536,Dharwad,5475,Hubballi,217671.0,Belagali,602416,Inam-Veerapur,15.351816485151721,75.11394576892917,ATM,150,Active,Gokul Road PS
CCTV00182_2,Gokul Road PS - Bank CCTV,536,Dharwad,5473,Dharwad,217650.0,Lokur,602206,Lokur,15.350686215488569,75.11382742931114,Bank,100,Maintenance,Gokul Road PS
CCTV00182_3,Gokul Road PS - Market CCTV,536,Dharwad,5476,Kalghatgi,217697.0,Gambyapur,602445,Yammihatti,15.351344527956464,75.11540264139036,Market,100,Active,Gokul Road PS
CCTV00182_4,Gokul Road PS - Government Hospital CCTV,536,Dharwad,5476,Kalghatgi,217687.0,Bammigatti,602512,Bammigatti,15.349454343097939,75.11380200336377,Government Hospital,200,Active,Gokul Road PS
CCTV00182_5,Gokul Road PS - School CCTV,536,Dharwad,5476,Kalghatgi,,,938715,Kalaghatagi,15.351501148830348,75.11449874143337,School,150,Maintenance,Gokul Road PS
CCTV00183_1,Hubli East Traffic PS - Government Office CCTV,536,Dharwad,5476,Kalghatgi,217693.0,Devikoppa,602479,Nehru Nagar,15.362364506271685,75.15186673829596,Government Office,200,Active,Hubli East Traffic PS
CCTV00183_2,Hubli East Traffic PS - College CCTV,536,Dharwad,5476,Kalghatgi,217690.0,Belavantar,602483,Hanamapur,15.362726768825256,75.15273165908563,College,150,Active,Hubli East Traffic PS
CCTV00183_3,Hubli East Traffic PS - Government Office CCTV,536,Dharwad,5474,Navalgund,217757.0,Yemanur,602336,Kumaragoppa,15.361947890113436,75.15153548448008,Government Office,100,Active,Hubli East Traffic PS
CCTV00184_1,Hubli North Traffic PS - Government Office CCTV,536,Dharwad,5473,Dharwad,217644.0,Kanakur,602305,Chandanmatti,15.356159128452521,75.13465588978019,Government Office,100,Active,Hubli North Traffic PS
CCTV00184_2,Hubli North Traffic PS - College CCTV,536,Dharwad,5474,Navalgund,217754.0,Tadahala,602343,Arahatti,15.356206377088352,75.13586255328141,College,150,Maintenance,Hubli North Traffic PS
CCTV00184_3,Hubli North Traffic PS - College CCTV,536,Dharwad,5477,Kundgol,217716.0,Goudageri,602576,Sankalipur,15.35594210920236,75.1358429923958,College,200,Active,Hubli North Traffic PS
CCTV00185_1,Hubli South Traffic PS - Bank CCTV,536,Dharwad,5473,Dharwad,217661.0,Ramapur,602245,Veerapur,15.341312969225669,75.14872220055415,Bank,150,Active,Hubli South Traffic PS
CCTV00185_2,Hubli South Traffic PS - Government Office CCTV,536,Dharwad,5473,Dharwad,217664.0,Tegur,602211,Tegur,15.341849791494353,75.15073297176168,Government Office,100,Maintenance,Hubli South Traffic PS
CCTV00185_3,Hubli South Traffic PS - Government Hospital CCTV,536,Dharwad,5473,Dharwad,,,938695,Saptapura,15.342370816026307,75.1490535542363,Government Hospital,150,Maintenance,Hubli South Traffic PS
CCTV00185_4,Hubli South Traffic PS - ATM CCTV,536,Dharwad,5475,Hubballi,273023.0,Bhandiwada,602394,Bhandiwad,15.342710458078765,75.14942318400655,ATM,150,Active,Hubli South Traffic PS
CCTV00185_5,Hubli South Traffic PS - Government Hospital CCTV,536,Dharwad,5476,Kalghatgi,217699.0,Guddadahulikati,602496,Parasapur,15.34300967971094,75.14890045696791,Government Hospital,100,Maintenance,Hubli South Traffic PS
CCTV00185_6,Hubli South Traffic PS - Market CCTV,536,Dharwad,5476,Kalghatgi,217710.0,Tabakadahonnihalli,602505,Tabakadhonnihalli,15.342927736043864,75.14862901473825,Market,100,Active,Hubli South Traffic PS
CCTV00186_1,Hubli Sub-Urban PS - Traffic Junction CCTV,536,Dharwad,5473,Dharwad,217653.0,Mandihal,602255,Mandihal,15.352062437927357,75.1399875094378,Traffic Junction,150,Active,Hubli Sub-Urban PS
CCTV00186_2,Hubli Sub-Urban PS - Traffic Junction CCTV,536,Dharwad,5473,Dharwad,,,938685,Doddanaykanakoppa,15.351339211420413,75.1402963967021,Traffic Junction,100,Active,Hubli Sub-Urban PS
CCTV00186_3,Hubli Sub-Urban PS - Government Office CCTV,536,Dharwad,7079,Hubballi Urban,,,602377,Gopankop,15.349264902548686,75.13944740938648,Government Office,150,Active,Hubli Sub-Urban PS
CCTV00186_4,Hubli Sub-Urban PS - School CCTV,536,Dharwad,7080,Annigeri,217744.0,Ibrahimpur,602354,Ibrahimpur,15.349915571530442,75.14054551488388,School,150,Active,Hubli Sub-Urban PS
CCTV00187_1,Hubli Town PS - Bus Stand CCTV,536,Dharwad,7080,Annigeri,217748.0,Nalawadi,602369,Nalavadi,15.34539271660702,75.1427499497271,Bus Stand,200,Maintenance,Hubli Town PS
CCTV00187_2,Hubli Town PS - College CCTV,536,Dharwad,5476,Kalghatgi,217706.0,Muttagi,602447,Arebasankoppa,15.346530880046114,75.14347940507244,College,200,Active,Hubli Town PS
CCTV00187_3,Hubli Town PS - Bank CCTV,536,Dharwad,5475,Hubballi,217671.0,Belagali,602416,Inam-Veerapur,15.346178427998403,75.14245761582914,Bank,100,Active,Hubli Town PS
CCTV00188_1,Kamaripeth PS - Bus Stand CCTV,536,Dharwad,7081,Alnavar,,,938680,Alnavara,15.344920016780506,75.13697528860418,Bus Stand,200,Active,Kamaripeth PS
CCTV00188_2,Kamaripeth PS - Traffic Junction CCTV,536,Dharwad,5476,Kalghatgi,217707.0,Sangameshwar,602465,Kudalgi,15.34310981188261,75.13730356054903,Traffic Junction,150,Active,Kamaripeth PS
CCTV00188_3,Kamaripeth PS - ATM CCTV,536,Dharwad,5476,Kalghatgi,217688.0,Beeravalli,602518,Bendalgatti,15.345366898542173,75.13788941901727,ATM,100,Active,Kamaripeth PS
CCTV00188_4,Kamaripeth PS - Bank CCTV,536,Dharwad,7080,Annigeri,217753.0,Shisuvinahalli,602364,Ballarawad,15.344416706265275,75.13731161452567,Bank,100,Active,Kamaripeth PS
CCTV00189_1,Kasabapeth PS - Bus Stand CCTV,536,Dharwad,5476,Kalghatgi,217697.0,Gambyapur,602445,Yammihatti,15.335803135249826,75.13212413106244,Bus Stand,200,Active,Kasabapeth PS
CCTV00189_2,Kasabapeth PS - Bank CCTV,536,Dharwad,7079,Hubballi Urban,,,938702,Ayodhyam,15.336008761967262,75.13342485376776,Bank,150,Maintenance,Kasabapeth PS
CCTV00189_3,Kasabapeth PS - ATM CCTV,536,Dharwad,5473,Dharwad,217662.0,Shivalli,602315,Shivalli,15.337832943630001,75.13194853948528,ATM,100,Active,Kasabapeth PS
CCTV00190_1,Keshavapur PS - College CCTV,536,Dharwad,5476,Kalghatgi,217689.0,Begur,602460,Bisaralli,15.3614666346388,75.16280033602015,College,150,Maintenance,Keshavapur PS
CCTV00190_2,Keshavapur PS - ATM CCTV,536,Dharwad,5473,Dharwad,217644.0,Kanakur,602303,Benakanamatti,15.360419944788879,75.16161922902043,ATM,100,Maintenance,Keshavapur PS
CCTV00190_3,Keshavapur PS - Government Office CCTV,536,Dharwad,5477,Kundgol,217721.0,Hiregunjal,602563,Chikkagunjal,15.35956917622314,75.16128398984172,Government Office,150,Active,Keshavapur PS
CCTV00191_1,Old Hubli PS - Traffic Junction CCTV,536,Dharwad,5473,Dharwad,217649.0,Kyarakoppa,602272,Kelageri Rural,15.33577984265149,75.1269351221348,Traffic Junction,150,Active,Old Hubli PS
CCTV00191_2,Old Hubli PS - Bank CCTV,536,Dharwad,5476,Kalghatgi,217700.0,Hirehonnihalli,602456,Dhulikoppa,15.337854315566462,75.12745574251292,Bank,200,Maintenance,Old Hubli PS
CCTV00191_3,Old Hubli PS - School CCTV,536,Dharwad,5474,Navalgund,273341.0,Belahar(Chilakawad),602341,Belahar,15.337922083982152,75.12663040479211,School,100,Maintenance,Old Hubli PS
CCTV00191_4,Old Hubli PS - Government Office CCTV,536,Dharwad,5473,Dharwad,,,602277,Rayapur,15.335472719324025,75.12648698650439,Government Office,150,Maintenance,Old Hubli PS
CCTV00192_1,Vidyagiri PS - Government Hospital CCTV,536,Dharwad,5477,Kundgol,217731.0,Saunsi,602567,Saunshi,15.439588235647921,75.01268975724786,Government Hospital,100,Maintenance,Vidyagiri PS
CCTV00192_2,Vidyagiri PS - Bus Stand CCTV,536,Dharwad,5476,Kalghatgi,217712.0,Tavargeri,602510,Yalavadal,15.439258900842892,75.01062726760959,Bus Stand,200,Maintenance,Vidyagiri PS
CCTV00192_3,Vidyagiri PS - Government Hospital CCTV,536,Dharwad,5473,Dharwad,217643.0,Kalakeri,602260,Devagiri-M-Kyarkoppa,15.439298367005815,75.01117090301435,Government Hospital,200,Maintenance,Vidyagiri PS
CCTV00192_4,Vidyagiri PS - Traffic Junction CCTV,536,Dharwad,5473,Dharwad,217648.0,Kurbagatti,602219,Mulamuttal,15.437591109055324,75.0123464194399,Traffic Junction,200,Active,Vidyagiri PS
CCTV00192_5,Vidyagiri PS - Railway Station CCTV,536,Dharwad,5473,Dharwad,217654.0,Maradagi,602314,Somapur (Allapur),15.439444832663732,75.01033350333614,Railway Station,150,Active,Vidyagiri PS
CCTV00193_1,Vidyanagar PS - Railway Station CCTV,536,Dharwad,5473,Dharwad,217650.0,Lokur,602206,Lokur,14.433537797028805,75.91474579257374,Railway Station,100,Active,Vidyanagar PS
CCTV00193_2,Vidyanagar PS - Government Office CCTV,536,Dharwad,5473,Dharwad,,,602285,Joga Yellapur,14.435429329826398,75.91534808975408,Government Office,100,Active,Vidyanagar PS
CCTV00193_3,Vidyanagar PS - Government Hospital CCTV,536,Dharwad,5477,Kundgol,217716.0,Goudageri,602576,Sankalipur,14.433858803847837,75.91753774036049,Government Hospital,200,Maintenance,Vidyanagar PS
CCTV00193_4,Vidyanagar PS - Railway Station CCTV,536,Dharwad,7079,Hubballi Urban,,,938706,Beedanala V,14.433770853990739,75.91718348023775,Railway Station,150,Maintenance,Vidyanagar PS
CCTV00193_5,Vidyanagar PS - School CCTV,536,Dharwad,5477,Kundgol,217717.0,Gudageri,602569,Gudgeri,14.433975363712664,75.91565392051892,School,200,Active,Vidyanagar PS
CCTV00194_1,Women PS - Bank CCTV,536,Dharwad,5476,Kalghatgi,217703.0,Madakihonnahalli,602471,Madkihonnihalli,15.858085175002415,74.50475353015487,Bank,150,Active,Women PS
CCTV00194_2,Women PS - Market CCTV,536,Dharwad,5477,Kundgol,217717.0,Gudageri,602573,Mandiganal,15.857475651513418,74.50676728032379,Market,100,Active,Women PS
CCTV00194_3,Women PS - Government Office CCTV,536,Dharwad,5477,Kundgol,217729.0,Ramanakoppa,602544,Belligatti,15.858056905968406,74.50577326102749,Government Office,200,Active,Women PS
CCTV00194_4,Women PS - Railway Station CCTV,536,Dharwad,5473,Dharwad,217658.0,Narendra,602228,Devagiri-M-Narendra,15.857699084608276,74.50701876295439,Railway Station,200,Maintenance,Women PS
CCTV00194_5,Women PS - Railway Station CCTV,536,Dharwad,5477,Kundgol,273030.0,Chakalabbi,602560,Chakalabbi,15.857072367760457,74.50675946592793,Railway Station,100,Active,Women PS
CCTV00194_6,Women PS - Railway Station CCTV,536,Dharwad,5476,Kalghatgi,217696.0,Galagi,602432,Hulakoppa,15.858502149720774,74.50610766225435,Railway Station,150,Maintenance,Women PS
CCTV00195_1,Andersonpet PS - College CCTV,542,Kolar,5590,Srinivaspur,219058.0,Mastenahalli,621679,Noolapura,12.935085856209371,78.2691326371026,College,100,Active,Andersonpet PS
CCTV00195_2,Andersonpet PS - Bus Stand CCTV,542,Kolar,5593,Bangarapet,218796.0,Donimadagu,622645,Donimadagu,12.934020436674176,78.27045762747825,Bus Stand,200,Active,Andersonpet PS
CCTV00195_3,Andersonpet PS - Government Office CCTV,542,Kolar,5591,Kolar,218959.0,Vokkaleri,621860,Seegahalli,12.934387624114843,78.26916833824677,Government Office,150,Maintenance,Andersonpet PS
CCTV00195_4,Andersonpet PS - Bank CCTV,542,Kolar,5592,Malur,218976.0,Kudiyanur,622208,Chokkapura,12.935035638612263,78.26910982338777,Bank,200,Maintenance,Andersonpet PS
CCTV00195_5,Andersonpet PS - Bus Stand CCTV,542,Kolar,5591,Kolar,218941.0,Kyalanur,621751,Sarkari Kyalanur,12.933514027829274,78.26890963460781,Bus Stand,200,Active,Andersonpet PS
CCTV00196_1,Bangarpet PS - Market CCTV,542,Kolar,5592,Malur,218975.0,Kondasettihalli,622396,Agara,12.98571304742664,78.17802371636786,Market,200,Active,Bangarpet PS
CCTV00196_2,Bangarpet PS - Government Office CCTV,542,Kolar,5593,Bangarapet,218817.0,Soolikunte,622482,Naganathapura,12.984953306489674,78.17995885719326,Government Office,100,Active,Bangarpet PS
CCTV00196_3,Bangarpet PS - Traffic Junction CCTV,542,Kolar,5594,Mulbagal,219013.0,Sonnavadi,623017,Sonnavadi,12.985324745467137,78.17774161967058,Traffic Junction,200,Maintenance,Bangarpet PS
CCTV00196_4,Bangarpet PS - Railway Station CCTV,542,Kolar,5590,Srinivaspur,219055.0,Kurigepalli,621395,Reddivaripalli (R),12.986856878865455,78.17985617550747,Railway Station,100,Active,Bangarpet PS
CCTV00196_5,Bangarpet PS - Government Office CCTV,542,Kolar,5594,Mulbagal,218996.0,Dhoolappalli,623190,Ganiganakoppa,12.986809013180093,78.17943507303393,Government Office,200,Active,Bangarpet PS
CCTV00197_1,BEML Nagar PS - College CCTV,542,Kolar,5594,Mulbagal,219002.0,Hebbani,623054,Bangavadi,12.980245765461614,78.23800980859473,College,150,Active,BEML Nagar PS
CCTV00197_2,BEML Nagar PS - Traffic Junction CCTV,542,Kolar,5593,Bangarapet,218796.0,Donimadagu,622627,Bathlur,12.98228567789918,78.23629740960182,Traffic Junction,200,Active,BEML Nagar PS
CCTV00197_3,BEML Nagar PS - Market CCTV,542,Kolar,5594,Mulbagal,219015.0,Thimmaravuthanahalli,623159,Appenahalli,12.980360517572663,78.23523217738895,Market,150,Active,BEML Nagar PS
CCTV00197_4,BEML Nagar PS - Bank CCTV,542,Kolar,5592,Malur,218982.0,Rajenahalli,622300,Sonnappanahatti,12.979733373492772,78.23696387224267,Bank,200,Active,BEML Nagar PS
CCTV00197_5,BEML Nagar PS - College CCTV,542,Kolar,5593,Bangarapet,218823.0,Yelesandra,622537,Chikkanallaguttahalli,12.980951254498667,78.23703679649365,College,150,Active,BEML Nagar PS
CCTV00198_1,Bethamangala PS - Bus Stand CCTV,542,Kolar,5591,Kolar,218929.0,Bellur,621825,Ramabhadrapura,13.00718029786468,78.33210824373852,Bus Stand,100,Active,Bethamangala PS
CCTV00198_2,Bethamangala PS - Traffic Junction CCTV,542,Kolar,5592,Malur,218969.0,Hasandahalli,622310,Balanaikanadoddi,13.008169861412732,78.33469363365232,Traffic Junction,200,Active,Bethamangala PS
CCTV00198_3,Bethamangala PS - Bank CCTV,542,Kolar,5590,Srinivaspur,219045.0,Addagal,621458,Addagal,13.008866623851858,78.33454050864063,Bank,150,Active,Bethamangala PS
CCTV00199_1,Budikote Police Station - Railway Station CCTV,542,Kolar,5590,Srinivaspur,219065.0,Ronur,621569,Nallappareddipalli,12.905832930902108,78.13019008508348,Railway Station,150,Active,Budikote Police Station
CCTV00199_2,Budikote Police Station - School CCTV,542,Kolar,5594,Mulbagal,219015.0,Thimmaravuthanahalli,623151,Appikondenahalli,12.906567954379415,78.12969798323536,School,100,Active,Budikote Police Station
CCTV00199_3,Budikote Police Station - Government Office CCTV,542,Kolar,5590,Srinivaspur,219063.0,Pulagurkota,621539,Ragimakalapalli,12.906485549003884,78.12924701525185,Government Office,150,Maintenance,Budikote Police Station
CCTV00199_4,Budikote Police Station - Bank CCTV,542,Kolar,5592,Malur,218982.0,Rajenahalli,622294,Adikarahatti,12.906577976303941,78.12864060997423,Bank,100,Active,Budikote Police Station
CCTV00200_1,Champion Reefs PS - Bus Stand CCTV,542,Kolar,5591,Kolar,218937.0,Itharasanahalli,621960,Somasastri Hosur,12.958004873216018,78.27180323737703,Bus Stand,100,Active,Champion Reefs PS
CCTV00200_2,Champion Reefs PS - Bank CCTV,542,Kolar,7002,Kolar Gold Field,218812.0,Marikuppam,622686,M. Kothur,12.958278345937082,78.27112289712144,Bank,150,Active,Champion Reefs PS
CCTV00200_3,Champion Reefs PS - Government Office CCTV,542,Kolar,5591,Kolar,218938.0,Janna Ghatta,621935,Jangamagurjenahalli,12.958239423182205,78.27160102908367,Government Office,150,Active,Champion Reefs PS
CCTV00200_4,Champion Reefs PS - Government Office CCTV,542,Kolar,5593,Bangarapet,218802.0,Hunkunda,622659,Kurubarahalli,12.957368519157287,78.27039290856884,Government Office,200,Active,Champion Reefs PS
CCTV00200_5,Champion Reefs PS - ATM CCTV,542,Kolar,5590,Srinivaspur,219063.0,Pulagurkota,621516,Pandivaripalli,12.957286535195461,78.26975981529698,ATM,150,Active,Champion Reefs PS
CCTV00201_1,Kamasamudram PS - Bus Stand CCTV,542,Kolar,5590,Srinivaspur,219068.0,Yeldur,621693,Hogalagere,12.861843093918422,78.19683911769512,Bus Stand,150,Active,Kamasamudram PS
CCTV00201_2,Kamasamudram PS - ATM CCTV,542,Kolar,5593,Bangarapet,218811.0,Magondi,622526,Harohalli,12.862427584639537,78.19476832418677,ATM,150,Maintenance,Kamasamudram PS
CCTV00201_3,Kamasamudram PS - ATM CCTV,542,Kolar,5593,Bangarapet,218795.0,Doddur Karapanahally,622845,Dasara Hosahalli (Og),12.86233553468838,78.1971116822913,ATM,200,Maintenance,Kamasamudram PS
CCTV00201_4,Kamasamudram PS - Market CCTV,542,Kolar,5590,Srinivaspur,219064.0,Rayalpad,621433,Manjevaripalli,12.863528017774541,78.19468532618426,Market,100,Maintenance,Kamasamudram PS
CCTV00201_5,Kamasamudram PS - Market CCTV,542,Kolar,5593,Bangarapet,218791.0,Chikka Ankandahally,622488,Karabele,12.861890630713225,78.19661152289753,Market,100,Active,Kamasamudram PS
CCTV00201_6,Kamasamudram PS - Government Office CCTV,542,Kolar,5591,Kolar,218951.0,Shapur,622084,Thippasandra,12.862438357533744,78.19473554124217,Government Office,200,Active,Kamasamudram PS
CCTV00202_1,KGF CEN Crime PS - Government Office CCTV,542,Kolar,5590,Srinivaspur,219060.0,Muttakapali,621698,Narayanapura,12.95515915456465,78.27339666741715,Government Office,100,Active,KGF CEN Crime PS
CCTV00202_2,KGF CEN Crime PS - Government Office CCTV,542,Kolar,5591,Kolar,218935.0,Holur,621944,Ghatta Halli,12.955485523734904,78.27272619459875,Government Office,100,Maintenance,KGF CEN Crime PS
CCTV00202_3,KGF CEN Crime PS - Bank CCTV,542,Kolar,5591,Kolar,218930.0,Channasandra,621771,Kadagattur,12.95713026262693,78.27283632885009,Bank,150,Active,KGF CEN Crime PS
CCTV00203_1,Kyasamballi Police Station - Bank CCTV,542,Kolar,5594,Mulbagal,219010.0,Nangli,623090,Halekoppa,12.952790762010162,78.3601027184644,Bank,200,Maintenance,Kyasamballi Police Station
CCTV00203_2,Kyasamballi Police Station - Bank CCTV,542,Kolar,5593,Bangarapet,218800.0,Hulibele,622517,Thoraganadoddi,12.952657802808242,78.35909254266483,Bank,150,Active,Kyasamballi Police Station
CCTV00203_3,Kyasamballi Police Station - ATM CCTV,542,Kolar,5591,Kolar,,,621790,Gudigondanahalli,12.953612230761367,78.36009862529158,ATM,200,Active,Kyasamballi Police Station
CCTV00203_4,Kyasamballi Police Station - ATM CCTV,542,Kolar,5592,Malur,218974.0,Kavala Giriyana Halli (K.G. Halli),622384,Kempasandra,12.95290485391034,78.3606072458338,ATM,150,Active,Kyasamballi Police Station
CCTV00203_5,Kyasamballi Police Station - Bus Stand CCTV,542,Kolar,5594,Mulbagal,219007.0,Mudigere,623104,Jallapalli,12.950860739822174,78.35981041882157,Bus Stand,100,Active,Kyasamballi Police Station
CCTV00204_1,Marikuppam PS - College CCTV,542,Kolar,5591,Kolar,218932.0,Doodahasala,622045,Dimba,12.927889509535866,78.2652314737873,College,150,Active,Marikuppam PS
CCTV00204_2,Marikuppam PS - Government Hospital CCTV,542,Kolar,5590,Srinivaspur,219047.0,Byraganahalli,621412,Poolaguntapalli,12.92572586726628,78.26686633654418,Government Hospital,200,Active,Marikuppam PS
CCTV00204_3,Marikuppam PS - Bank CCTV,542,Kolar,5594,Mulbagal,218998.0,Gudipalli,623042,Kanagaladinne,12.926125860857125,78.26629200494088,Bank,150,Active,Marikuppam PS
CCTV00204_4,Marikuppam PS - ATM CCTV,542,Kolar,5594,Mulbagal,219011.0,Pichaguntlahalli,623030,Lakkisettyhalli,12.92699443939229,78.2667135825004,ATM,200,Active,Marikuppam PS
CCTV00205_1,Oorgaum PS - Government Hospital CCTV,542,Kolar,5591,Kolar,218948.0,Narasapura,621819,Kurki,12.952379349090684,78.2655651838239,Government Hospital,150,Active,Oorgaum PS
CCTV00205_2,Oorgaum PS - Traffic Junction CCTV,542,Kolar,5594,Mulbagal,219005.0,Mallanayakanahalli,623145,Mopurahalli,12.953724156821043,78.26399826772649,Traffic Junction,100,Maintenance,Oorgaum PS
CCTV00205_3,Oorgaum PS - ATM CCTV,542,Kolar,5590,Srinivaspur,219063.0,Pulagurkota,621517,Sathanurapalli,12.953389067765803,78.2652570576877,ATM,100,Active,Oorgaum PS
CCTV00205_4,Oorgaum PS - Traffic Junction CCTV,542,Kolar,5593,Bangarapet,218817.0,Soolikunte,622475,Kuppanhalli,12.951908699983159,78.26440274727025,Traffic Junction,150,Active,Oorgaum PS
CCTV00206_1,Robertsonpet PS - Government Office CCTV,542,Kolar,5591,Kolar,218945.0,Marjenahalli,621969,Gopasandra,12.95766575855065,78.27139660766677,Government Office,100,Maintenance,Robertsonpet PS
CCTV00206_2,Robertsonpet PS - ATM CCTV,542,Kolar,7002,Kolar Gold Field,218801.0,Hulkooru,622723,Kavaraganahalli-Majara,12.95706947977319,78.2710827132177,ATM,100,Active,Robertsonpet PS
CCTV00206_3,Robertsonpet PS - School CCTV,542,Kolar,5593,Bangarapet,218799.0,Gullahalli,622585,Godagumande,12.956700895038356,78.27214509941678,School,200,Active,Robertsonpet PS
CCTV00206_4,Robertsonpet PS - College CCTV,542,Kolar,5591,Kolar,218942.0,Madanahalli,621897,Velagalaburre,12.956652844316688,78.27286358518955,College,200,Active,Robertsonpet PS
CCTV00206_5,Robertsonpet PS - Government Office CCTV,542,Kolar,5590,Srinivaspur,219064.0,Rayalpad,621490,Ammagaripet,12.95756885111069,78.27151049116117,Government Office,200,Active,Robertsonpet PS
CCTV00207_1,Afzalpur PS - Railway Station CCTV,538,Kalaburagi,7087,Kalagi,217937.0,Hoodebeeranalli,620432,Kudhalli,17.2033848610738,76.35810352362222,Railway Station,150,Active,Afzalpur PS
CCTV00207_2,Afzalpur PS - Government Hospital CCTV,538,Kalaburagi,5584,Sedam,218067.0,Kanagadda,620587,Yenagundi,17.203899340556763,76.35884426303872,Government Hospital,200,Active,Afzalpur PS
CCTV00207_3,Afzalpur PS - Bus Stand CCTV,538,Kalaburagi,7089,Yadrami,218028.0,Aloor,620810,Gobberwadgi,17.202022348329596,76.35922800383766,Bus Stand,100,Active,Afzalpur PS
CCTV00207_4,Afzalpur PS - ATM CCTV,538,Kalaburagi,7090,Kamalapur,218025.0,Sonth,620205,Sonth,17.20291199340129,76.35864531826336,ATM,150,Maintenance,Afzalpur PS
CCTV00208_1,Alland PS - Traffic Junction CCTV,538,Kalaburagi,5586,Jevargi,273182.0,Kallahangarga,620762,Janiwar,17.563155035275784,76.56185200161917,Traffic Junction,150,Active,Alland PS
CCTV00208_2,Alland PS - Railway Station CCTV,538,Kalaburagi,7089,Yadrami,218059.0,Yalgod,620791,Hangerga (B),17.561811048969155,76.56023768260891,Railway Station,150,Active,Alland PS
CCTV00208_3,Alland PS - School CCTV,538,Kalaburagi,5581,Afzalpur,217872.0,Chowdapur,620163,Chowdapur,17.563046545062132,76.56174035996463,School,150,Maintenance,Alland PS
CCTV00208_4,Alland PS - Bus Stand CCTV,538,Kalaburagi,7088,Shahabad,217982.0,Martor,620647,Aldihal,17.56042949583463,76.56062729706522,Bus Stand,200,Active,Alland PS
CCTV00208_5,Alland PS - College CCTV,538,Kalaburagi,7089,Yadrami,218052.0,Malli,620807,Nagarhalli S.Malli,17.56104992457882,76.56086821599656,College,150,Active,Alland PS
CCTV00208_6,Alland PS - Bus Stand CCTV,538,Kalaburagi,5583,Chincholi,217939.0,Karchkhed,620455,Burugpalli,17.560630925514857,76.55953826563257,Bus Stand,150,Active,Alland PS
CCTV00209_1,Chincholi PS - Railway Station CCTV,538,Kalaburagi,5583,Chincholi,217953.0,Shadipur,620387,Nirchalma,17.27317511549968,77.2496867815637,Railway Station,100,Active,Chincholi PS
CCTV00209_2,Chincholi PS - Government Hospital CCTV,538,Kalaburagi,5584,Sedam,218079.0,Neelhalli,620500,Konkanhalli,17.274742507687847,77.25251948534145,Government Hospital,150,Maintenance,Chincholi PS
CCTV00209_3,Chincholi PS - Government Office CCTV,538,Kalaburagi,5583,Chincholi,273164.0,Garampalli,620351,Yempalli,17.273499337805198,77.24994250673664,Government Office,200,Active,Chincholi PS
CCTV00209_4,Chincholi PS - Traffic Junction CCTV,538,Kalaburagi,5585,Chittapur,217984.0,Petsheroro,620650,Katamdevarhalli,17.27373646762534,77.25177755133899,Traffic Junction,150,Active,Chincholi PS
CCTV00209_5,Chincholi PS - Bank CCTV,538,Kalaburagi,7087,Kalagi,217975.0,Kandgoll,620591,Watwati,17.27443680908081,77.25239410594129,Bank,100,Active,Chincholi PS
CCTV00210_1,Chittapura PS - School CCTV,538,Kalaburagi,7090,Kamalapur,217923.0,V.K.Salgar,619981,Salgera (V.K.),17.119300072179406,77.08300207452804,School,200,Active,Chittapura PS
CCTV00210_2,Chittapura PS - Railway Station CCTV,538,Kalaburagi,7089,Yadrami,273183.0,Karkihalli,620821,Karkihalli,17.120234469095085,77.08303459080717,Railway Station,200,Maintenance,Chittapura PS
CCTV00210_3,Chittapura PS - ATM CCTV,538,Kalaburagi,5586,Jevargi,218038.0,Harnoor,620773,Harnur,17.1208967701082,77.08351234694787,ATM,150,Active,Chittapura PS
CCTV00210_4,Chittapura PS - Railway Station CCTV,538,Kalaburagi,5582,Kalaburagi,,,938559,Biddapura,17.118784108423217,77.0831006690192,Railway Station,200,Active,Chittapura PS
CCTV00210_5,Chittapura PS - School CCTV,538,Kalaburagi,7089,Yadrami,273187.0,Sathkhed,620826,Niradgi,17.118626067453004,77.08273047026105,School,100,Active,Chittapura PS
CCTV00211_1,Devalagangapur PS - Market CCTV,538,Kalaburagi,7087,Kalagi,217967.0,Gotor,620603,Sugur (K),17.207164407757872,76.54217509646845,Market,150,Maintenance,Devalagangapur PS
CCTV00211_2,Devalagangapur PS - Market CCTV,538,Kalaburagi,5583,Chincholi,217933.0,Gadikeshwar,620463,Kallur [K],17.20851868346338,76.54339255607769,Market,100,Active,Devalagangapur PS
CCTV00211_3,Devalagangapur PS - Government Hospital CCTV,538,Kalaburagi,5582,Kalaburagi,218022.0,Sannur,620253,Zhapur,17.205929896578617,76.54340838006883,Government Hospital,150,Active,Devalagangapur PS
CCTV00211_4,Devalagangapur PS - Bus Stand CCTV,538,Kalaburagi,5581,Afzalpur,217875.0,Goura B,620103,Shirwad,17.206444643467098,76.54351178020778,Bus Stand,100,Maintenance,Devalagangapur PS
CCTV00211_5,Devalagangapur PS - School CCTV,538,Kalaburagi,5580,Aland,217919.0,Savaleshwar,620045,Kinihabas,17.20636189635416,76.5423810769857,School,150,Active,Devalagangapur PS
CCTV00212_1,Jewargi PS - Railway Station CCTV,538,Kalaburagi,5584,Sedam,218073.0,Madana,620567,Kadtal,17.015525396499033,76.77600974322229,Railway Station,150,Active,Jewargi PS
CCTV00212_2,Jewargi PS - Market CCTV,538,Kalaburagi,7090,Kamalapur,218002.0,Jeevanagi,620213,Jeevangi,17.01742741055269,76.77651469091433,Market,100,Active,Jewargi PS
CCTV00212_3,Jewargi PS - School CCTV,538,Kalaburagi,5580,Aland,217918.0,Sarasamba,620038,Nagelagaon,17.01514521614091,76.77447592589779,School,100,Active,Jewargi PS
CCTV00212_4,Jewargi PS - Market CCTV,538,Kalaburagi,5584,Sedam,218072.0,Lingampalli,620517,Indira Nagar,17.017382228885296,76.77727780306418,Market,150,Active,Jewargi PS
CCTV00212_5,Jewargi PS - Traffic Junction CCTV,538,Kalaburagi,7089,Yadrami,273187.0,Sathkhed,620868,Padgadhalli,17.015831750384564,76.77539424471826,Traffic Junction,200,Active,Jewargi PS
CCTV00213_1,Kalaburagi CEN Crime PS - Railway Station CCTV,538,Kalaburagi,5583,Chincholi,217932.0,Degalmadi,620391,Neemahosalli,76.83877254812485,17.3286603268681,Railway Station,100,Active,Kalaburagi CEN Crime PS
CCTV00213_2,Kalaburagi CEN Crime PS - Market CCTV,538,Kalaburagi,7090,Kamalapur,218012.0,Kurikota,620225,Sirgapur,76.83775328711857,17.32728343727904,Market,200,Maintenance,Kalaburagi CEN Crime PS
CCTV00213_3,Kalaburagi CEN Crime PS - Bus Stand CCTV,538,Kalaburagi,7089,Yadrami,218032.0,Balbatti,620832,Shivapur,76.83941020136396,17.328926348122824,Bus Stand,200,Active,Kalaburagi CEN Crime PS
CCTV00213_4,Kalaburagi CEN Crime PS - Government Hospital CCTV,538,Kalaburagi,5582,Kalaburagi,,,938562,Dariyapura,76.83907036481487,17.328641724603052,Government Hospital,100,Active,Kalaburagi CEN Crime PS
CCTV00214_1,Kalagi PS - School CCTV,538,Kalaburagi,7088,Shahabad,217982.0,Martor,620647,Aldihal,17.215054595633976,77.09190160330519,School,100,Active,Kalagi PS
CCTV00214_2,Kalagi PS - College CCTV,538,Kalaburagi,5583,Chincholi,217927.0,Anwar,620399,Ganganpalli,17.216060806355305,77.093927718145,College,150,Active,Kalagi PS
CCTV00214_3,Kalagi PS - Railway Station CCTV,538,Kalaburagi,7088,Shahabad,217970.0,Hongountta,620659,Kadhalli,17.21739368592523,77.09252925731089,Railway Station,200,Active,Kalagi PS
CCTV00214_4,Kalagi PS - Railway Station CCTV,538,Kalaburagi,5583,Chincholi,217953.0,Shadipur,620387,Nirchalma,17.21520858250003,77.09262387646608,Railway Station,200,Active,Kalagi PS
CCTV00214_5,Kalagi PS - Traffic Junction CCTV,538,Kalaburagi,7088,Shahabad,217982.0,Martor,620647,Aldihal,17.21516870879314,77.09389499510763,Traffic Junction,100,Maintenance,Kalagi PS
CCTV00214_6,Kalagi PS - Railway Station CCTV,538,Kalaburagi,7089,Yadrami,218050.0,Kuralgera,620806,Kuralgera,17.21702778095983,77.09353608137913,Railway Station,150,Active,Kalagi PS
CCTV00215_1,Kamalapur PS - Government Office CCTV,538,Kalaburagi,5581,Afzalpur,217878.0,Kalloor,620129,Banhatti,15.301466856566405,76.4778101211465,Government Office,150,Active,Kamalapur PS
CCTV00215_2,Kamalapur PS - School CCTV,538,Kalaburagi,7090,Kamalapur,217996.0,Dongargaon,620182,Kalmandergi,15.302231082230385,76.47786482801794,School,150,Active,Kamalapur PS
CCTV00215_3,Kamalapur PS - School CCTV,538,Kalaburagi,5583,Chincholi,217933.0,Gadikeshwar,620464,Kallur[B],15.30325389600184,76.47782475323326,School,150,Active,Kamalapur PS
CCTV00215_4,Kamalapur PS - Railway Station CCTV,538,Kalaburagi,5581,Afzalpur,273153.0,Nandaraga,620094,Telloni,15.302360906605852,76.47773513078475,Railway Station,150,Active,Kamalapur PS
CCTV00215_5,Kamalapur PS - Bus Stand CCTV,538,Kalaburagi,5582,Kalaburagi,218013.0,Kusnoor,620321,Rajapura,15.30318321567988,76.47685875163495,Bus Stand,100,Active,Kamalapur PS
CCTV00215_6,Kamalapur PS - Bus Stand CCTV,538,Kalaburagi,5580,Aland,217898.0,Hirolli,620042,Kamanhalli,15.303566794917625,76.47870053353878,Bus Stand,150,Active,Kamalapur PS
CCTV00216_1,Kunchavaram PS - Traffic Junction CCTV,538,Kalaburagi,5585,Chittapur,273168.0,Dhongaon,620689,Rajola,17.484877719441727,77.62961749779844,Traffic Junction,200,Active,Kunchavaram PS
CCTV00216_2,Kunchavaram PS - School CCTV,538,Kalaburagi,5584,Sedam,218063.0,Dugnoor,620557,Dugnoor,17.484637952992028,77.62686807276344,School,200,Active,Kunchavaram PS
CCTV00216_3,Kunchavaram PS - Government Office CCTV,538,Kalaburagi,5584,Sedam,218081.0,Ribbanpalli,620530,Mallabad,17.484826147341195,77.628958647149,Government Office,100,Active,Kunchavaram PS
CCTV00216_4,Kunchavaram PS - Market CCTV,538,Kalaburagi,5581,Afzalpur,217876.0,Gudur,620148,Neeloor,17.484654606283303,77.62800505667435,Market,200,Active,Kunchavaram PS
CCTV00217_1,Kurakunta PS - ATM CCTV,538,Kalaburagi,5586,Jevargi,218036.0,Ganwar,620872,Mudbal (K),17.16998278928473,77.33827805852796,ATM,200,Active,Kurakunta PS
CCTV00217_2,Kurakunta PS - Bus Stand CCTV,538,Kalaburagi,5581,Afzalpur,217866.0,Atanoor,620152,Bhognalli,17.16968112472201,77.33800885543407,Bus Stand,150,Active,Kurakunta PS
CCTV00217_3,Kurakunta PS - College CCTV,538,Kalaburagi,5580,Aland,273158.0,Hittala Shirur,620085,Kudki,17.169157771834435,77.33855750947058,College,200,Active,Kurakunta PS
CCTV00218_1,Madanahipparga PS - Government Hospital CCTV,538,Kalaburagi,5586,Jevargi,218034.0,Bilwar,620867,Viratnal,17.458246791897054,76.37405009488701,Government Hospital,200,Maintenance,Madanahipparga PS
CCTV00218_2,Madanahipparga PS - Bus Stand CCTV,538,Kalaburagi,5580,Aland,217889.0,Bhodhan,619996,Bilgunda,17.456985396443407,76.37422840957512,Bus Stand,200,Active,Madanahipparga PS
CCTV00218_3,Madanahipparga PS - ATM CCTV,538,Kalaburagi,5584,Sedam,218071.0,Kurkunta,620588,Kurgunta (Ct),17.456894908753103,76.37294626710447,ATM,150,Maintenance,Madanahipparga PS
CCTV00218_4,Madanahipparga PS - Bank CCTV,538,Kalaburagi,7090,Kamalapur,218015.0,Margutti,620192,Marguthi,17.456355206599095,76.37301335089191,Bank,100,Active,Madanahipparga PS
CCTV00219_1,Madbool PS - Bus Stand CCTV,538,Kalaburagi,5586,Jevargi,218036.0,Ganwar,620856,Ganwar,17.28697348162603,77.00283516400049,Bus Stand,200,Active,Madbool PS
CCTV00219_2,Madbool PS - Market CCTV,538,Kalaburagi,7089,Yadrami,273183.0,Karkihalli,620821,Karkihalli,17.286274788453046,77.00505056024647,Market,200,Active,Madbool PS
CCTV00219_3,Madbool PS - ATM CCTV,538,Kalaburagi,5582,Kalaburagi,273179.0,Saradagi (B),620315,Balwad,17.284838385985605,77.0043496238642,ATM,100,Maintenance,Madbool PS
CCTV00219_4,Madbool PS - Market CCTV,538,Kalaburagi,7088,Shahabad,217961.0,Bhankor,620649,Mutga,17.285398088401895,77.00275512937743,Market,100,Maintenance,Madbool PS
CCTV00219_5,Madbool PS - ATM CCTV,538,Kalaburagi,5586,Jevargi,273184.0,Madari,620844,Kattisangavi,17.28687063505814,77.00458797313118,ATM,100,Maintenance,Madbool PS
CCTV00220_1,Mahagoan PS - Bus Stand CCTV,538,Kalaburagi,7090,Kamalapur,218017.0,Nagoor,620215,Tadkal,17.31090203363495,76.56604993056621,Bus Stand,150,Active,Mahagoan PS
CCTV00220_2,Mahagoan PS - Traffic Junction CCTV,538,Kalaburagi,5585,Chittapur,217981.0,Malgatti,620651,Shankerwadi,17.31181592897299,76.56347323776014,Traffic Junction,200,Maintenance,Mahagoan PS
CCTV00220_3,Mahagoan PS - School CCTV,538,Kalaburagi,5581,Afzalpur,217878.0,Kalloor,620132,Hinchgera,17.31123896894519,76.56528347583095,School,150,Active,Mahagoan PS
CCTV00220_4,Mahagoan PS - Market CCTV,538,Kalaburagi,5586,Jevargi,218045.0,Kallur.K,620730,Kallur (B),17.311032782208034,76.56369323324368,Market,150,Active,Mahagoan PS
CCTV00220_5,Mahagoan PS - Traffic Junction CCTV,538,Kalaburagi,5583,Chincholi,217926.0,Ainolli,620369,Ainoli,17.31041240850893,76.56435116521864,Traffic Junction,200,Active,Mahagoan PS
CCTV00221_1,Malkhed PS - ATM CCTV,538,Kalaburagi,5583,Chincholi,217956.0,Venktapur,620360,Srinagar,17.170772557539593,77.33731704801204,ATM,150,Active,Malkhed PS
CCTV00221_2,Malkhed PS - Traffic Junction CCTV,538,Kalaburagi,7088,Shahabad,217982.0,Martor,620645,Martur,17.17195257940327,77.33737522451632,Traffic Junction,200,Active,Malkhed PS
CCTV00221_3,Malkhed PS - School CCTV,538,Kalaburagi,5581,Afzalpur,217870.0,Bhiramadgi,620150,Diksanga (B),17.169250310894853,77.33746473022705,School,150,Active,Malkhed PS
CCTV00221_4,Malkhed PS - Traffic Junction CCTV,538,Kalaburagi,7090,Kamalapur,218012.0,Kurikota,620227,Yankanchi,17.171075803045863,77.33776803230576,Traffic Junction,150,Active,Malkhed PS
CCTV00221_5,Malkhed PS - Bank CCTV,538,Kalaburagi,5586,Jevargi,218045.0,Kallur.K,620731,Kallur (K),17.17027340395418,77.33704485128163,Bank,200,Active,Malkhed PS
CCTV00222_1,Miryan PS - Government Hospital CCTV,538,Kalaburagi,5586,Jevargi,218060.0,Yalvar,620864,Kodchi,17.22010482417029,77.29561895052161,Government Hospital,100,Active,Miryan PS
CCTV00222_2,Miryan PS - Government Hospital CCTV,538,Kalaburagi,5583,Chincholi,217931.0,Chimmaidlai,620393,Daultapur,17.222270725069947,77.29343075020272,Government Hospital,200,Active,Miryan PS
CCTV00222_3,Miryan PS - Bus Stand CCTV,538,Kalaburagi,7088,Shahabad,217982.0,Martor,620645,Martur,17.220060545405378,77.2936206778824,Bus Stand,150,Maintenance,Miryan PS
CCTV00222_4,Miryan PS - School CCTV,538,Kalaburagi,5585,Chittapur,217966.0,Gondgorthi,620631,Mattimudu,17.2215868514177,77.29376678259267,School,150,Active,Miryan PS
CCTV00223_1,Mudhol PS - Market CCTV,538,Kalaburagi,5586,Jevargi,218042.0,Itga,620724,Jalihal,16.329313363370822,75.28447863622958,Market,100,Active,Mudhol PS
CCTV00223_2,Mudhol PS - Traffic Junction CCTV,538,Kalaburagi,5582,Kalaburagi,218022.0,Sannur,620256,Bolewad,16.330771063598004,75.28591605325619,Traffic Junction,200,Maintenance,Mudhol PS
CCTV00223_3,Mudhol PS - School CCTV,538,Kalaburagi,5581,Afzalpur,217866.0,Atanoor,620153,Atnoor,16.328440747856085,75.28595828692752,School,150,Maintenance,Mudhol PS
CCTV00223_4,Mudhol PS - ATM CCTV,538,Kalaburagi,5583,Chincholi,217956.0,Venktapur,620371,Buragadoddi,16.329398307557554,75.28471956050335,ATM,100,Active,Mudhol PS
CCTV00223_5,Mudhol PS - ATM CCTV,538,Kalaburagi,5584,Sedam,218076.0,Medak,620571,Shahabajpur,16.33100864110214,75.28624585805969,ATM,100,Active,Mudhol PS
CCTV00224_1,Narona PS - School CCTV,538,Kalaburagi,5585,Chittapur,217980.0,Madbol,620667,Mudbol,17.512628267518924,76.71589445706314,School,100,Maintenance,Narona PS
CCTV00224_2,Narona PS - ATM CCTV,538,Kalaburagi,7090,Kamalapur,218020.0,Okali,620181,Warnihal,17.51271211656072,76.71676312463023,ATM,100,Maintenance,Narona PS
CCTV00224_3,Narona PS - School CCTV,538,Kalaburagi,7087,Kalagi,217963.0,Chincholi. H.,620601,Banbi,17.514951879393294,76.71648080727218,School,100,Active,Narona PS
CCTV00224_4,Narona PS - School CCTV,538,Kalaburagi,5581,Afzalpur,273155.0,Tellur,620135,Karkanahalli,17.513424355695488,76.71606358002262,School,200,Active,Narona PS
CCTV00225_1,Nelogi PS - Government Office CCTV,538,Kalaburagi,5583,Chincholi,217940.0,Kerolli,620452,Kordampalli,17.0317577456441,76.35967719697753,Government Office,200,Maintenance,Nelogi PS
CCTV00225_2,Nelogi PS - Bank CCTV,538,Kalaburagi,5583,Chincholi,273165.0,Jattur,620469,Potangal,17.031911354999735,76.36199044840659,Bank,100,Maintenance,Nelogi PS
CCTV00225_3,Nelogi PS - Market CCTV,538,Kalaburagi,5585,Chittapur,217958.0,Aloor B,620691,Allur (B),17.030883658753606,76.36171401979094,Market,150,Maintenance,Nelogi PS
CCTV00225_4,Nelogi PS - Traffic Junction CCTV,538,Kalaburagi,5582,Kalaburagi,218018.0,Nandikoor,620271,Nandikur,17.030797298552567,76.36004859764039,Traffic Junction,200,Maintenance,Nelogi PS
CCTV00225_5,Nelogi PS - Government Office CCTV,538,Kalaburagi,5584,Sedam,218076.0,Medak,620565,Silarkot,17.02991302426887,76.3597767602234,Government Office,200,Active,Nelogi PS
CCTV00225_6,Nelogi PS - Railway Station CCTV,538,Kalaburagi,7087,Kalagi,217937.0,Hoodebeeranalli,620432,Kudhalli,17.03076337411838,76.36139002917905,Railway Station,150,Maintenance,Nelogi PS
CCTV00226_1,Nimbarga PS - Bank CCTV,538,Kalaburagi,5586,Jevargi,273184.0,Madari,620846,Yangunti,17.38718847962524,76.58392798231915,Bank,200,Active,Nimbarga PS
CCTV00226_2,Nimbarga PS - School CCTV,538,Kalaburagi,5581,Afzalpur,217871.0,Bidanoor,620165,Gobbur (K),17.386503408355267,76.58542011994349,School,100,Active,Nimbarga PS
CCTV00226_3,Nimbarga PS - College CCTV,538,Kalaburagi,5586,Jevargi,273185.0,Nedalagi,620735,Gudur S.Nelogi,17.387332236773105,76.58466629525138,College,100,Active,Nimbarga PS
CCTV00226_4,Nimbarga PS - School CCTV,538,Kalaburagi,7087,Kalagi,217967.0,Gotor,620621,Bennur (K),17.385696728088888,76.58521102173505,School,100,Active,Nimbarga PS
CCTV00227_1,Ratkal PS - Market CCTV,538,Kalaburagi,5582,Kalaburagi,218022.0,Sannur,620254,Pala,17.450333492956595,77.10815185487542,Market,150,Active,Ratkal PS
CCTV00227_2,Ratkal PS - Traffic Junction CCTV,538,Kalaburagi,5583,Chincholi,273163.0,Garagapalli,620442,Garagpalli,17.45135935837518,77.10662503167333,Traffic Junction,200,Active,Ratkal PS
CCTV00227_3,Ratkal PS - Railway Station CCTV,538,Kalaburagi,5585,Chittapur,217979.0,Ladlapur,620693,Ladlapur,17.45124812820766,77.10607519651641,Railway Station,200,Active,Ratkal PS
CCTV00227_4,Ratkal PS - Bank CCTV,538,Kalaburagi,5584,Sedam,218078.0,Mudhol,620561,Mudhole,17.453050996764752,77.10621218113897,Bank,100,Active,Ratkal PS
CCTV00227_5,Ratkal PS - Traffic Junction CCTV,538,Kalaburagi,5585,Chittapur,217979.0,Ladlapur,620693,Ladlapur,17.452603897329706,77.1074968898351,Traffic Junction,200,Active,Ratkal PS
CCTV00227_6,Ratkal PS - Government Office CCTV,538,Kalaburagi,5586,Jevargi,273182.0,Kallahangarga,620768,Kalhangerga,17.452739508992178,77.1066075095146,Government Office,200,Active,Ratkal PS
CCTV00228_1,Revoor PS - School CCTV,538,Kalaburagi,5585,Chittapur,217991.0,Yagapur,620702,Balgere,17.321857402352997,76.46482701523477,School,150,Active,Revoor PS
CCTV00228_2,Revoor PS - Traffic Junction CCTV,538,Kalaburagi,5580,Aland,217915.0,Nirgudi,619972,Teerth,17.32209891497928,76.46633318938797,Traffic Junction,150,Maintenance,Revoor PS
CCTV00228_3,Revoor PS - Traffic Junction CCTV,538,Kalaburagi,5585,Chittapur,217977.0,Kollur,620706,Maradgi,17.321018690230908,76.46594447351762,Traffic Junction,100,Active,Revoor PS
CCTV00228_4,Revoor PS - College CCTV,538,Kalaburagi,5586,Jevargi,218048.0,Kudi,620758,Manderwad,17.32095468106755,76.4638001781036,College,200,Active,Revoor PS
CCTV00228_5,Revoor PS - Market CCTV,538,Kalaburagi,5585,Chittapur,217981.0,Malgatti,620671,Yergal,17.322299719536456,76.46386003228845,Market,200,Active,Revoor PS
CCTV00229_1,Sedam PS - Traffic Junction CCTV,538,Kalaburagi,5585,Chittapur,217981.0,Malgatti,620651,Shankerwadi,17.179153524821928,77.28407168680462,Traffic Junction,150,Active,Sedam PS
CCTV00229_2,Sedam PS - College CCTV,538,Kalaburagi,5585,Chittapur,217981.0,Malgatti,620671,Yergal,17.179220022391917,77.28435569802555,College,100,Active,Sedam PS
CCTV00229_3,Sedam PS - Railway Station CCTV,538,Kalaburagi,5583,Chincholi,273164.0,Garampalli,620352,Garampalli,17.17896270520328,77.28436928020444,Railway Station,200,Active,Sedam PS
CCTV00230_1,Shahabad Town PS - School CCTV,538,Kalaburagi,5580,Aland,217921.0,Suntnoor,620072,Sunthnoor,17.128997918028713,76.93387359850753,School,100,Active,Shahabad Town PS
CCTV00230_2,Shahabad Town PS - Railway Station CCTV,538,Kalaburagi,5584,Sedam,273191.0,Sindanmadu,620508,Kachwar,17.13104643367764,76.93367730407233,Railway Station,150,Active,Shahabad Town PS
CCTV00230_3,Shahabad Town PS - School CCTV,538,Kalaburagi,5586,Jevargi,218034.0,Bilwar,620869,Konhalli,17.130909927208233,76.93327387764707,School,150,Active,Shahabad Town PS
CCTV00230_4,Shahabad Town PS - Market CCTV,538,Kalaburagi,5585,Chittapur,217974.0,Kamrwadi,620683,Kamarwadi,17.13183577226181,76.93411549415555,Market,100,Active,Shahabad Town PS
CCTV00230_5,Shahabad Town PS - School CCTV,538,Kalaburagi,5584,Sedam,218064.0,Handarki,620553,Hulgoal,17.131306944626797,76.93326275981065,School,150,Active,Shahabad Town PS
CCTV00230_6,Shahabad Town PS - Bus Stand CCTV,538,Kalaburagi,5586,Jevargi,218048.0,Kudi,620753,Handnoor,17.13164202576066,76.93343024596474,Bus Stand,200,Maintenance,Shahabad Town PS
CCTV00231_1,Sulepet PS - College CCTV,538,Kalaburagi,5582,Kalaburagi,273178.0,Minajagi,620298,Minajgi,17.24090612207087,77.20492967018836,College,100,Active,Sulepet PS
CCTV00231_2,Sulepet PS - Traffic Junction CCTV,538,Kalaburagi,5586,Jevargi,218038.0,Harnoor,620772,Hanchinal S.Sulekhan,17.242489879245824,77.20484933985375,Traffic Junction,100,Active,Sulepet PS
CCTV00231_3,Sulepet PS - Market CCTV,538,Kalaburagi,5585,Chittapur,,,938553,Chittapura. K,17.24234047239552,77.2029807990393,Market,200,Active,Sulepet PS
CCTV00231_4,Sulepet PS - ATM CCTV,538,Kalaburagi,5584,Sedam,218079.0,Neelhalli,620498,Hoshalli,17.240171837702263,77.20346120599426,ATM,100,Active,Sulepet PS
CCTV00231_5,Sulepet PS - Traffic Junction CCTV,538,Kalaburagi,5586,Jevargi,218045.0,Kallur.K,620728,Yenkanchi,17.240720590462494,77.20569999202135,Traffic Junction,150,Active,Sulepet PS
CCTV00231_6,Sulepet PS - Railway Station CCTV,538,Kalaburagi,5583,Chincholi,217939.0,Karchkhed,620441,Sangam[K],17.240573046783176,77.2051673849031,Railway Station,150,Active,Sulepet PS
CCTV00232_1,Wadi PS - Traffic Junction CCTV,538,Kalaburagi,5582,Kalaburagi,,,938560,Brahmapura,17.03569062715499,76.58449654034561,Traffic Junction,100,Active,Wadi PS
CCTV00232_2,Wadi PS - ATM CCTV,538,Kalaburagi,5581,Afzalpur,273155.0,Tellur,620135,Karkanahalli,17.035432306695245,76.58459090430006,ATM,100,Active,Wadi PS
CCTV00232_3,Wadi PS - Government Office CCTV,538,Kalaburagi,5583,Chincholi,217942.0,Konchawarm,620375,Shivrampur,17.034775470542407,76.58622647679215,Government Office,100,Active,Wadi PS
CCTV00232_4,Wadi PS - Government Hospital CCTV,538,Kalaburagi,7089,Yadrami,218057.0,Wadgera,620792,Hangerga (K),17.035572082397543,76.58664011767561,Government Hospital,100,Active,Wadi PS
CCTV00232_5,Wadi PS - Railway Station CCTV,538,Kalaburagi,5586,Jevargi,218046.0,Kellur,620775,Aurad,17.033101499137906,76.58652133931234,Railway Station,150,Maintenance,Wadi PS
CCTV00233_1,Yedrami PS - Traffic Junction CCTV,538,Kalaburagi,5580,Aland,217903.0,Kavalga,620060,Zalki (K),16.856593385531834,76.54041926688285,Traffic Junction,150,Maintenance,Yedrami PS
CCTV00233_2,Yedrami PS - Government Hospital CCTV,538,Kalaburagi,5583,Chincholi,,,938551,Bommanahalli,16.85674960235955,76.54068020181914,Government Hospital,100,Maintenance,Yedrami PS
CCTV00233_3,Yedrami PS - ATM CCTV,538,Kalaburagi,7088,Shahabad,217982.0,Martor,620645,Martur,16.85714108137404,76.54237394519973,ATM,200,Active,Yedrami PS
CCTV00233_4,Yedrami PS - College CCTV,538,Kalaburagi,5584,Sedam,218063.0,Dugnoor,620551,Devnoor,16.854526054710366,76.54121587426546,College,100,Maintenance,Yedrami PS
CCTV00233_5,Yedrami PS - Bus Stand CCTV,538,Kalaburagi,7089,Yadrami,218044.0,Kadkol,620797,Yatnal,16.855958767544223,76.5415421939024,Bus Stand,100,Maintenance,Yedrami PS
CCTV00234_1,Ashoknagar PS - Railway Station CCTV,538,Kalaburagi,5583,Chincholi,273164.0,Garampalli,620392,Goudanhalli,12.582389919506353,77.36376819760729,Railway Station,200,Maintenance,Ashoknagar PS
CCTV00234_2,Ashoknagar PS - Market CCTV,538,Kalaburagi,5580,Aland,217886.0,Alanga,619955,Sirur (G),12.583221728430653,77.36288263860038,Market,200,Active,Ashoknagar PS
CCTV00234_3,Ashoknagar PS - ATM CCTV,538,Kalaburagi,5582,Kalaburagi,218000.0,Heroor B,620309,Belgumpa (K),12.58156056715582,77.36452453056862,ATM,100,Maintenance,Ashoknagar PS
CCTV00235_1,Brahmapur PS - Traffic Junction CCTV,538,Kalaburagi,7089,Yadrami,273187.0,Sathkhed,620827,Maradgi S.Madarki,17.33919747581671,76.83935269520904,Traffic Junction,100,Active,Brahmapur PS
CCTV00235_2,Brahmapur PS - Market CCTV,538,Kalaburagi,7090,Kamalapur,218025.0,Sonth,620206,Kinnisarposh,17.33698317232036,76.83823892023828,Market,200,Maintenance,Brahmapur PS
CCTV00235_3,Brahmapur PS - ATM CCTV,538,Kalaburagi,5584,Sedam,273192.0,Yadaga,620477,Kachur,17.33908679339406,76.83872147994694,ATM,150,Active,Brahmapur PS
CCTV00235_4,Brahmapur PS - College CCTV,538,Kalaburagi,5582,Kalaburagi,218008.0,Khanadal,620301,Khandal,17.3387429496597,76.83719704927896,College,100,Maintenance,Brahmapur PS
CCTV00235_5,Brahmapur PS - School CCTV,538,Kalaburagi,5583,Chincholi,217942.0,Konchawarm,620383,Mambapur,17.339551835333953,76.83757307658944,School,100,Active,Brahmapur PS
CCTV00236_1,Chowk PS - ATM CCTV,538,Kalaburagi,7089,Yadrami,273187.0,Sathkhed,620868,Padgadhalli,17.336831878845658,76.836607823829,ATM,150,Active,Chowk PS
CCTV00236_2,Chowk PS - School CCTV,538,Kalaburagi,5581,Afzalpur,217864.0,Allagi B,620101,Diggi,17.3390939091909,76.83779540358384,School,150,Maintenance,Chowk PS
CCTV00236_3,Chowk PS - ATM CCTV,538,Kalaburagi,5584,Sedam,218077.0,Motakpalli,620581,Neratalpahad,17.337730881892412,76.83715137037787,ATM,200,Active,Chowk PS
CCTV00237_1,Ferhatabad PS - Bus Stand CCTV,538,Kalaburagi,5585,Chittapur,217981.0,Malgatti,620651,Shankerwadi,17.170762248275317,76.79281976031768,Bus Stand,150,Active,Ferhatabad PS
CCTV00237_2,Ferhatabad PS - Government Office CCTV,538,Kalaburagi,7090,Kamalapur,218012.0,Kurikota,620218,Siradhone,17.172754240094388,76.79347616896258,Government Office,100,Active,Ferhatabad PS
CCTV00237_3,Ferhatabad PS - Government Office CCTV,538,Kalaburagi,7087,Kalagi,273167.0,Bedsur,620594,Mavinsur,17.171543296876987,76.79418489208379,Government Office,100,Active,Ferhatabad PS
CCTV00237_4,Ferhatabad PS - Bus Stand CCTV,538,Kalaburagi,5585,Chittapur,217984.0,Petsheroro,620635,Bennur (B),17.172137906811145,76.79243796200382,Bus Stand,100,Maintenance,Ferhatabad PS
CCTV00237_5,Ferhatabad PS - Market CCTV,538,Kalaburagi,5582,Kalaburagi,,,938558,Badepura,17.171877178040752,76.79296469665108,Market,200,Maintenance,Ferhatabad PS
CCTV00238_1,MB Nagar PS - Government Office CCTV,538,Kalaburagi,5583,Chincholi,217951.0,Salebeeranalli,620350,Shikarm0takpalli,17.192415766232237,76.51959654209377,Government Office,150,Active,MB Nagar PS
CCTV00238_2,MB Nagar PS - Railway Station CCTV,538,Kalaburagi,7090,Kamalapur,217993.0,Babalad I K,620219,Bhusangi,17.193959236921106,76.52033580678854,Railway Station,200,Active,MB Nagar PS
CCTV00238_3,MB Nagar PS - Railway Station CCTV,538,Kalaburagi,5586,Jevargi,218060.0,Yalvar,620863,Yalwar,17.193895718273968,76.51927855875424,Railway Station,200,Active,MB Nagar PS
CCTV00239_1,Ragavendranagar PS - Market CCTV,538,Kalaburagi,5583,Chincholi,217936.0,Hasargundagi,620330,Yetabarpur,17.33695349755566,76.81896211001954,Market,200,Active,Ragavendranagar PS
CCTV00239_2,Ragavendranagar PS - Traffic Junction CCTV,538,Kalaburagi,7089,Yadrami,218044.0,Kadkol,620797,Yatnal,17.33853701203916,76.8195654333348,Traffic Junction,200,Active,Ragavendranagar PS
CCTV00239_3,Ragavendranagar PS - School CCTV,538,Kalaburagi,5583,Chincholi,273163.0,Garagapalli,620439,Pardarmotakpalli,17.33863683278452,76.81792531817689,School,150,Active,Ragavendranagar PS
CCTV00239_4,Ragavendranagar PS - Railway Station CCTV,538,Kalaburagi,5586,Jevargi,218035.0,Biriyal B.,620861,Rampur,17.335927700938864,76.81693104162724,Railway Station,150,Active,Ragavendranagar PS
CCTV00240_1,Roza PS - Government Hospital CCTV,538,Kalaburagi,7087,Kalagi,217978.0,Korwar,620624,Korwar,17.347363673690744,76.85161804971528,Government Hospital,200,Active,Roza PS
CCTV00240_2,Roza PS - Railway Station CCTV,538,Kalaburagi,5586,Jevargi,218036.0,Ganwar,620873,Varchanhalli,17.345006145115665,76.85317875313606,Railway Station,100,Active,Roza PS
CCTV00240_3,Roza PS - Market CCTV,538,Kalaburagi,5586,Jevargi,218037.0,Gudur S.A.,620841,Channur,17.34737410712365,76.85305219499246,Market,150,Active,Roza PS
CCTV00240_4,Roza PS - Government Office CCTV,538,Kalaburagi,7089,Yadrami,218041.0,Ijeri,620812,Mutkod,17.345021178699245,76.85143623702584,Government Office,200,Maintenance,Roza PS
CCTV00240_5,Roza PS - Traffic Junction CCTV,538,Kalaburagi,5582,Kalaburagi,218007.0,Kavalaga B,620304,Hagargundagi,17.34639429819882,76.85308074673088,Traffic Junction,100,Maintenance,Roza PS
CCTV00240_6,Roza PS - Government Office CCTV,538,Kalaburagi,7090,Kamalapur,218005.0,Kalamood,620202,Bhunyara(K),17.345087691155832,76.85192646026188,Government Office,200,Active,Roza PS
CCTV00241_1,Station Bazar PS - Bus Stand CCTV,538,Kalaburagi,5580,Aland,217916.0,Padasavali,620008,Chincholi (K),17.316066560677836,76.82734589050115,Bus Stand,150,Active,Station Bazar PS
CCTV00241_2,Station Bazar PS - Government Hospital CCTV,538,Kalaburagi,5582,Kalaburagi,218016.0,Melkunda B,620286,Hunsihadgil,17.318119987910098,76.82516153503579,Government Hospital,150,Active,Station Bazar PS
CCTV00241_3,Station Bazar PS - Market CCTV,538,Kalaburagi,7088,Shahabad,217982.0,Martor,620647,Aldihal,17.317869054640756,76.82649897679855,Market,100,Active,Station Bazar PS
CCTV00242_1,University PS - School CCTV,538,Kalaburagi,5584,Sedam,218071.0,Kurkunta,620588,Kurgunta (Ct),17.30928582336913,76.8776152186611,School,200,Active,University PS
CCTV00242_2,University PS - Railway Station CCTV,538,Kalaburagi,5584,Sedam,218081.0,Ribbanpalli,620564,Ribbanpalli,17.310790939269907,76.87673352957204,Railway Station,100,Active,University PS
CCTV00242_3,University PS - School CCTV,538,Kalaburagi,5584,Sedam,218081.0,Ribbanpalli,620564,Ribbanpalli,17.31073901402211,76.87564394560357,School,100,Maintenance,University PS
CCTV00242_4,University PS - Bus Stand CCTV,538,Kalaburagi,5580,Aland,217899.0,Hodloor,619958,Jawalga (J),17.30913481007686,76.87576106810353,Bus Stand,200,Maintenance,University PS
CCTV00242_5,University PS - Railway Station CCTV,538,Kalaburagi,5581,Afzalpur,,,620123,Afzalpur (Rural),17.311035569949123,76.87518776715146,Railway Station,200,Active,University PS
CCTV00242_6,University PS - Government Hospital CCTV,538,Kalaburagi,7087,Kalagi,217959.0,Arankal,620592,Arankal,17.309501102104395,76.8752702118764,Government Hospital,150,Maintenance,University PS
CCTV00243_1,Bhagamandala PS - Traffic Junction CCTV,541,Kodagu,5567,Somvarpet,218703.0,Handli,939262,Bageri,12.383971559631519,75.52780233976739,Traffic Junction,150,Maintenance,Bhagamandala PS
CCTV00243_2,Bhagamandala PS - Bus Stand CCTV,541,Kodagu,5567,Somvarpet,218688.0,Aigur,923921,Yadavanadu (Edavare Majare Iguru),12.383760094138681,75.52797321376312,Bus Stand,200,Active,Bhagamandala PS
CCTV00243_3,Bhagamandala PS - Government Office CCTV,541,Kodagu,5567,Somvarpet,218718.0,Nerugalale,617943,Nerugalale,12.385500032731024,75.52835710893939,Government Office,200,Active,Bhagamandala PS
CCTV00243_4,Bhagamandala PS - Railway Station CCTV,541,Kodagu,5567,Somvarpet,218719.0,Nidta,617894,Gopalapura,12.385212425288419,75.528804224159,Railway Station,150,Active,Bhagamandala PS
CCTV00244_1,Gonikoppa PS - ATM CCTV,541,Kodagu,5568,Virajpet,218740.0,Halugunda,618021,Byrambada,12.18574405576932,75.92585307541924,ATM,100,Active,Gonikoppa PS
CCTV00244_2,Gonikoppa PS - Government Hospital CCTV,541,Kodagu,5567,Somvarpet,218713.0,Madapura,617953,Kumbur,12.185642133733927,75.92680357913673,Government Hospital,200,Active,Gonikoppa PS
CCTV00244_3,Gonikoppa PS - School CCTV,541,Kodagu,5566,Madikeri,218684.0,Nariandada,617859,Arapattu,12.186206866954857,75.92794113709465,School,200,Active,Gonikoppa PS
CCTV00244_4,Gonikoppa PS - School CCTV,541,Kodagu,7124,Kushalnagar,218725.0,Torenur,924018,Siddalingapura,12.187380772665104,75.92518731207194,School,100,Active,Gonikoppa PS
CCTV00244_5,Gonikoppa PS - Bank CCTV,541,Kodagu,5567,Somvarpet,218689.0,Alur,923935,Kanathebasavanahalli,12.18500639288538,75.92749827923065,Bank,150,Active,Gonikoppa PS
CCTV00245_1,Kodagu CEN Crime PS - College CCTV,541,Kodagu,5566,Madikeri,218684.0,Nariandada,617857,Nariyandada,12.43037339192867,75.72640270032309,College,150,Active,Kodagu CEN Crime PS
CCTV00245_2,Kodagu CEN Crime PS - School CCTV,541,Kodagu,5566,Madikeri,218666.0,Bengoor Cherambane,617801,Kolagadalu,12.430170877615494,75.726111477236,School,100,Active,Kodagu CEN Crime PS
CCTV00245_3,Kodagu CEN Crime PS - Bank CCTV,541,Kodagu,7124,Kushalnagar,218712.0,Kudumangalore,923999,Hulugunda,12.43010977664429,75.72671372432772,Bank,100,Active,Kodagu CEN Crime PS
CCTV00245_4,Kodagu CEN Crime PS - ATM CCTV,541,Kodagu,5566,Madikeri,218682.0,Maragodu,617830,Maragodu,12.429416597949299,75.7268380159216,ATM,100,Active,Kodagu CEN Crime PS
CCTV00245_5,Kodagu CEN Crime PS - Railway Station CCTV,541,Kodagu,5567,Somvarpet,218689.0,Alur,938977,Bettadhahalli.,12.429715231561499,75.7270684090525,Railway Station,150,Active,Kodagu CEN Crime PS
CCTV00246_1,Kodagu Women PS - Traffic Junction CCTV,541,Kodagu,5567,Somvarpet,218693.0,Bedagotta,938981,Doddakunda,12.421436165768116,75.73948888547925,Traffic Junction,100,Active,Kodagu Women PS
CCTV00246_2,Kodagu Women PS - Government Office CCTV,541,Kodagu,7124,Kushalnagar,218725.0,Torenur,924012,Alliluguppe,12.42122016420974,75.74118495299616,Government Office,100,Active,Kodagu Women PS
CCTV00246_3,Kodagu Women PS - Bus Stand CCTV,541,Kodagu,5566,Madikeri,218670.0,Galibeedu,938971,Niduvattu,12.421561464053386,75.74076364197548,Bus Stand,100,Maintenance,Kodagu Women PS
CCTV00246_4,Kodagu Women PS - Government Hospital CCTV,541,Kodagu,5567,Somvarpet,218719.0,Nidta,617911,Nidtha,12.42161923155297,75.74132799939918,Government Hospital,150,Active,Kodagu Women PS
CCTV00246_5,Kodagu Women PS - School CCTV,541,Kodagu,5566,Madikeri,218670.0,Galibeedu,617820,Hammiyala,12.421255517723665,75.7404059070272,School,100,Active,Kodagu Women PS
CCTV00247_1,Kushalanagar Rural PS - School CCTV,541,Kodagu,5567,Somvarpet,218689.0,Alur,923936,Kanive Basavanalli,12.48011711213172,75.95633486629255,School,150,Active,Kushalanagar Rural PS
CCTV00247_2,Kushalanagar Rural PS - Market CCTV,541,Kodagu,5566,Madikeri,218665.0,Ballamavati,923891,Doddapulikotu,12.48021319314099,75.95717271396852,Market,150,Active,Kushalanagar Rural PS
CCTV00247_3,Kushalanagar Rural PS - College CCTV,541,Kodagu,7124,Kushalnagar,218701.0,Guddehosur,923976,Doddabetageri,12.481354458493001,75.95782340535024,College,150,Active,Kushalanagar Rural PS
CCTV00247_4,Kushalanagar Rural PS - ATM CCTV,541,Kodagu,7124,Kushalnagar,218716.0,Nanjarayapatna,617989,Nanjarayapatna,12.481109681272308,75.9575306417565,ATM,200,Active,Kushalanagar Rural PS
CCTV00248_1,Kushalnagar PS - Government Office CCTV,541,Kodagu,5568,Virajpet,218736.0,Chembe Bellur,618008,Kuklur,12.459144754722919,75.9616917698444,Government Office,200,Active,Kushalnagar PS
CCTV00248_2,Kushalnagar PS - Government Office CCTV,541,Kodagu,5567,Somvarpet,218703.0,Handli,617882,Mudravalli,12.4596664367976,75.9629144689453,Government Office,150,Active,Kushalnagar PS
CCTV00248_3,Kushalnagar PS - ATM CCTV,541,Kodagu,7125,Ponnampet,218750.0,Kirgur,618056,Matoor,12.459444539148393,75.96132151669602,ATM,100,Maintenance,Kushalnagar PS
CCTV00248_4,Kushalnagar PS - School CCTV,541,Kodagu,5568,Virajpet,218756.0,Polibetta,618036,Mekur Hosakeri,12.461135468284166,75.96187834162436,School,150,Active,Kushalnagar PS
CCTV00248_5,Kushalnagar PS - College CCTV,541,Kodagu,5567,Somvarpet,218719.0,Nidta,617895,Chowdena Halli,12.461685736487972,75.96204651263697,College,150,Active,Kushalnagar PS
CCTV00249_1,Kushalnagar Traffic PS - Railway Station CCTV,541,Kodagu,5567,Somvarpet,218700.0,Gowdalli,939052,Sulimalte,12.47934203516041,75.95718703456629,Railway Station,150,Active,Kushalnagar Traffic PS
CCTV00249_2,Kushalnagar Traffic PS - Traffic Junction CCTV,541,Kodagu,5566,Madikeri,218675.0,Kanthur Murnad,617833,Mutharmudi,12.479552149528248,75.95557112548157,Traffic Junction,100,Active,Kushalnagar Traffic PS
CCTV00249_3,Kushalnagar Traffic PS - Bus Stand CCTV,541,Kodagu,7124,Kushalnagar,218701.0,Guddehosur,923978,Madapatna,12.48016192238289,75.95782984621445,Bus Stand,200,Maintenance,Kushalnagar Traffic PS
CCTV00249_4,Kushalnagar Traffic PS - Railway Station CCTV,541,Kodagu,5567,Somvarpet,218718.0,Nerugalale,939059,Doddaburu,12.481489909164843,75.95695527074842,Railway Station,150,Active,Kushalnagar Traffic PS
CCTV00250_1,Kutta PS - Government Office CCTV,541,Kodagu,5566,Madikeri,218670.0,Galibeedu,923898,Monnangeri 2,11.99417486365534,76.3539032839353,Government Office,150,Active,Kutta PS
CCTV00250_2,Kutta PS - Railway Station CCTV,541,Kodagu,7125,Ponnampet,218741.0,Hathur,924053,Athooru,11.993901278185424,76.35368651502246,Railway Station,200,Active,Kutta PS
CCTV00250_3,Kutta PS - Bus Stand CCTV,541,Kodagu,5566,Madikeri,218667.0,Bettageri,617814,Aruvathoklu,11.99499984447367,76.35388749387667,Bus Stand,200,Active,Kutta PS
CCTV00250_4,Kutta PS - Government Hospital CCTV,541,Kodagu,5566,Madikeri,218677.0,Konanjageri (Perane),617854,Balamuri,11.994936282320515,76.3561292438103,Government Hospital,200,Active,Kutta PS
CCTV00251_1,Madikeri Rural PS - ATM CCTV,541,Kodagu,5567,Somvarpet,218699.0,Garuvale,939069,Mankya,12.428526732679071,75.72420466187974,ATM,100,Maintenance,Madikeri Rural PS
CCTV00251_2,Madikeri Rural PS - Government Hospital CCTV,541,Kodagu,5566,Madikeri,272702.0,Yammemadu,617844,Yemmemadu,12.429738500980934,75.72446727913307,Government Hospital,100,Active,Madikeri Rural PS
CCTV00251_3,Madikeri Rural PS - ATM CCTV,541,Kodagu,5567,Somvarpet,218700.0,Gowdalli,939046,Kuguru,12.428952115136415,75.72521887864492,ATM,100,Active,Madikeri Rural PS
CCTV00252_1,Madikeri Town PS - Bus Stand CCTV,541,Kodagu,5568,Virajpet,218744.0,Kakotuparambu,617995,Kunjalageri,12.420895894984964,75.73926639540132,Bus Stand,100,Maintenance,Madikeri Town PS
CCTV00252_2,Madikeri Town PS - Bus Stand CCTV,541,Kodagu,5567,Somvarpet,218700.0,Gowdalli,939046,Kuguru,12.420474620115954,75.73931709298915,Bus Stand,100,Active,Madikeri Town PS
CCTV00252_3,Madikeri Town PS - Government Hospital CCTV,541,Kodagu,5567,Somvarpet,218691.0,Besur,938987,Hemmane,12.41975274822254,75.74027266480105,Government Hospital,200,Active,Madikeri Town PS
CCTV00253_1,Madikeri Traffic PS - Bank CCTV,541,Kodagu,5566,Madikeri,218684.0,Nariandada,617849,Kokeri,12.423482035758173,75.73794671970509,Bank,200,Active,Madikeri Traffic PS
CCTV00253_2,Madikeri Traffic PS - College CCTV,541,Kodagu,5567,Somvarpet,218708.0,Kirgandur,617931,Kiragandur,12.423397192351684,75.73624924428542,College,100,Active,Madikeri Traffic PS
CCTV00253_3,Madikeri Traffic PS - ATM CCTV,541,Kodagu,7124,Kushalnagar,218726.0,Valnur Thyagathur,939274,Valnur Hyagathur,12.42274086019847,75.73611255049285,ATM,100,Active,Madikeri Traffic PS
CCTV00253_4,Madikeri Traffic PS - Market CCTV,541,Kodagu,7125,Ponnampet,218731.0,Balyamandur,939076,Nadikeri,12.422752827511179,75.73655460281199,Market,200,Active,Madikeri Traffic PS
CCTV00254_1,Napoklu PS - Government Office CCTV,541,Kodagu,5568,Virajpet,218748.0,Karmadu,618030,Kavadi,12.309739454476876,75.6893740406697,Government Office,150,Active,Napoklu PS
CCTV00254_2,Napoklu PS - School CCTV,541,Kodagu,5567,Somvarpet,218719.0,Nidta,939048,Madegodu,12.309034009361683,75.68994152359092,School,200,Maintenance,Napoklu PS
CCTV00254_3,Napoklu PS - College CCTV,541,Kodagu,5568,Virajpet,218736.0,Chembe Bellur,618008,Kuklur,12.308872636876046,75.69019993885516,College,150,Active,Napoklu PS
CCTV00254_4,Napoklu PS - Government Office CCTV,541,Kodagu,5567,Somvarpet,218697.0,Dundalli,939051,Shettiganalli,12.311662373462005,75.69046204033442,Government Office,150,Active,Napoklu PS
CCTV00254_5,Napoklu PS - College CCTV,541,Kodagu,5567,Somvarpet,218689.0,Alur,923924,Ammalli,12.310869239741749,75.68998792900307,College,200,Active,Napoklu PS
CCTV00255_1,Ponnampet PS - School CCTV,541,Kodagu,5566,Madikeri,218667.0,Bettageri,617813,Heravanadu,12.15136665221063,75.94195250109377,School,200,Active,Ponnampet PS
CCTV00255_2,Ponnampet PS - Bus Stand CCTV,541,Kodagu,5567,Somvarpet,218691.0,Besur,617879,Doddabandara,12.150515060551516,75.94157106495194,Bus Stand,100,Maintenance,Ponnampet PS
CCTV00255_3,Ponnampet PS - College CCTV,541,Kodagu,7125,Ponnampet,218762.0,Thithimathi,924071,Kotthuru,12.150991325368993,75.94383507726936,College,200,Active,Ponnampet PS
CCTV00256_1,Shanivarasanthe PS - Traffic Junction CCTV,541,Kodagu,7124,Kushalnagar,218725.0,Torenur,924014,Arisinaguppe,12.727123073650548,75.8907759377898,Traffic Junction,150,Active,Shanivarasanthe PS
CCTV00256_2,Shanivarasanthe PS - Market CCTV,541,Kodagu,7125,Ponnampet,218741.0,Hathur,618042,Kaikeri,12.725589427407861,75.8887818277434,Market,150,Active,Shanivarasanthe PS
CCTV00256_3,Shanivarasanthe PS - School CCTV,541,Kodagu,5568,Virajpet,218727.0,Ammathi,618029,Ammathi,12.7274459534972,75.89008846910627,School,200,Active,Shanivarasanthe PS
CCTV00257_1,Siddapura PS - Market CCTV,541,Kodagu,5567,Somvarpet,218710.0,Kodlipet,617860,Kasuru,12.938341096074698,77.59425211156413,Market,100,Maintenance,Siddapura PS
CCTV00257_2,Siddapura PS - Government Office CCTV,541,Kodagu,7124,Kushalnagar,218725.0,Torenur,924017,Dodda Aaluvara,12.941097276396974,77.59288590459184,Government Office,150,Active,Siddapura PS
CCTV00257_3,Siddapura PS - Railway Station CCTV,541,Kodagu,5567,Somvarpet,218689.0,Alur,923930,Gangavara,12.939525006647422,77.59375735436501,Railway Station,100,Active,Siddapura PS
CCTV00258_1,Somwarpet PS - Traffic Junction CCTV,541,Kodagu,5568,Virajpet,218737.0,Chennayana Kote,924041,2ne Channayyanakote,12.513987292460989,75.80881613765318,Traffic Junction,100,Active,Somwarpet PS
CCTV00258_2,Somwarpet PS - Railway Station CCTV,541,Kodagu,7125,Ponnampet,218762.0,Thithimathi,939080,Nokhyasiddapura,12.512057631778516,75.80806105332667,Railway Station,150,Active,Somwarpet PS
CCTV00258_3,Somwarpet PS - ATM CCTV,541,Kodagu,5567,Somvarpet,218710.0,Kodlipet,939273,Keraganahalli,12.514222865843625,75.80860872297369,ATM,200,Active,Somwarpet PS
CCTV00258_4,Somwarpet PS - Government Office CCTV,541,Kodagu,5567,Somvarpet,218693.0,Bedagotta,617867,Urugutti,12.514038689865181,75.80938570736794,Government Office,100,Active,Somwarpet PS
CCTV00258_5,Somwarpet PS - Market CCTV,541,Kodagu,5567,Somvarpet,218702.0,Hanagallu,617934,Kalakandur,12.512130379916398,75.80803963195314,Market,100,Active,Somwarpet PS
CCTV00259_1,Srimangala PS - Traffic Junction CCTV,541,Kodagu,5567,Somvarpet,218724.0,Tholur Shettalli,617924,Tholur Shettalli,11.992405614641171,76.35421768218775,Traffic Junction,200,Active,Srimangala PS
CCTV00259_2,Srimangala PS - ATM CCTV,541,Kodagu,5566,Madikeri,218674.0,Kalakeri Nidugane,617824,Kalakeri Nidugane (Rural),11.99439986098539,76.35606468201668,ATM,150,Active,Srimangala PS
CCTV00259_3,Srimangala PS - Market CCTV,541,Kodagu,7125,Ponnampet,218743.0,Hudikeri,618062,Hysodlur,11.994785461204813,76.35405838696421,Market,100,Active,Srimangala PS
CCTV00259_4,Srimangala PS - Market CCTV,541,Kodagu,5567,Somvarpet,218710.0,Kodlipet,617861,Kelakodli,11.992849627974174,76.35408201262281,Market,200,Active,Srimangala PS
CCTV00259_5,Srimangala PS - School CCTV,541,Kodagu,5568,Virajpet,218748.0,Karmadu,618030,Kavadi,11.994496099935342,76.35483663557096,School,200,Maintenance,Srimangala PS
CCTV00259_6,Srimangala PS - Bank CCTV,541,Kodagu,5567,Somvarpet,218695.0,Chowdlu,617935,Choudlu,11.99409395309304,76.35417621213207,Bank,200,Active,Srimangala PS
CCTV00260_1,Sunticoppa PS - Bank CCTV,541,Kodagu,5567,Somvarpet,218691.0,Besur,617880,Koragallu,12.45392516715493,75.8283297039853,Bank,150,Active,Sunticoppa PS
CCTV00260_2,Sunticoppa PS - ATM CCTV,541,Kodagu,5567,Somvarpet,218691.0,Besur,617880,Koragallu,12.451354341195291,75.82943332034166,ATM,150,Active,Sunticoppa PS
CCTV00260_3,Sunticoppa PS - Bus Stand CCTV,541,Kodagu,5566,Madikeri,218667.0,Bettageri,617852,Paloor,12.452755495579247,75.82876374546957,Bus Stand,200,Active,Sunticoppa PS
CCTV00260_4,Sunticoppa PS - Government Hospital CCTV,541,Kodagu,5567,Somvarpet,218698.0,Ganagur,923959,Yadundee,12.452773155869442,75.82804631332715,Government Hospital,150,Active,Sunticoppa PS
CCTV00261_1,Virajpet Rural PS - School CCTV,541,Kodagu,5568,Virajpet,218742.0,Hosur,618039,Kalathmadu,12.193279373601369,75.80108606512452,School,100,Active,Virajpet Rural PS
CCTV00261_2,Virajpet Rural PS - ATM CCTV,541,Kodagu,5567,Somvarpet,218697.0,Dundalli,938979,Chennapura,12.193780786718674,75.79969492809522,ATM,100,Active,Virajpet Rural PS
CCTV00261_3,Virajpet Rural PS - College CCTV,541,Kodagu,5566,Madikeri,272703.0,Aiyamgeri,617807,Aiyangeri,12.193512096283577,75.80096170677913,College,150,Active,Virajpet Rural PS
CCTV00261_4,Virajpet Rural PS - College CCTV,541,Kodagu,7124,Kushalnagar,218711.0,Kudige,923995,Seegehosuru,12.19234549912041,75.79971809649874,College,100,Active,Virajpet Rural PS
CCTV00261_5,Virajpet Rural PS - Traffic Junction CCTV,541,Kodagu,5566,Madikeri,218667.0,Bettageri,617806,Bettageri,12.19273560012288,75.80125586242364,Traffic Junction,100,Active,Virajpet Rural PS
CCTV00261_6,Virajpet Rural PS - Traffic Junction CCTV,541,Kodagu,7125,Ponnampet,218743.0,Hudikeri,618062,Hysodlur,12.193843359576576,75.80057838293122,Traffic Junction,100,Active,Virajpet Rural PS
CCTV00262_1,Virajpet Town PS - School CCTV,541,Kodagu,5567,Somvarpet,218719.0,Nidta,939060,Hitlu Makki,12.192285222909362,75.8004049641692,School,150,Maintenance,Virajpet Town PS
CCTV00262_2,Virajpet Town PS - ATM CCTV,541,Kodagu,7124,Kushalnagar,218711.0,Kudige,923995,Seegehosuru,12.19339193912272,75.80182960374064,ATM,150,Active,Virajpet Town PS
CCTV00262_3,Virajpet Town PS - Railway Station CCTV,541,Kodagu,5568,Virajpet,218742.0,Hosur,618038,Hosoor,12.193337002709905,75.80180385712782,Railway Station,200,Active,Virajpet Town PS
CCTV00262_4,Virajpet Town PS - Railway Station CCTV,541,Kodagu,5566,Madikeri,218666.0,Bengoor Cherambane,617804,Bengooru,12.193693532873038,75.80199750639268,Railway Station,100,Maintenance,Virajpet Town PS
CCTV00262_5,Virajpet Town PS - Bus Stand CCTV,541,Kodagu,5566,Madikeri,218668.0,Bhagamandala,938967,Mundrot,12.191631634063603,75.80071693133526,Bus Stand,100,Active,Virajpet Town PS
CCTV00263_1,Gownapalli PS - ATM CCTV,542,Kolar,5590,Srinivaspur,219057.0,Lakshmisagara,621728,Shyagatur,13.512160771457877,78.22443007818282,ATM,100,Maintenance,Gownapalli PS
CCTV00263_2,Gownapalli PS - Market CCTV,542,Kolar,5594,Mulbagal,219004.0,Kurudamale,623011,Siddaghatta,13.512533513274342,78.22540314367323,Market,150,Active,Gownapalli PS
CCTV00263_3,Gownapalli PS - Market CCTV,542,Kolar,5591,Kolar,218926.0,Arahalli,622014,Joohalli,13.510197966996499,78.22681550449816,Market,200,Active,Gownapalli PS
CCTV00263_4,Gownapalli PS - College CCTV,542,Kolar,5590,Srinivaspur,219063.0,Pulagurkota,621515,Lakkavaddipalli,13.511379259286352,78.2244655584161,College,150,Maintenance,Gownapalli PS
CCTV00263_5,Gownapalli PS - Bus Stand CCTV,542,Kolar,5592,Malur,218978.0,Chokkandahalli,622166,Nallappanahalli,13.511917530489502,78.22504132474558,Bus Stand,200,Maintenance,Gownapalli PS
CCTV00263_6,Gownapalli PS - Railway Station CCTV,542,Kolar,5590,Srinivaspur,219058.0,Mastenahalli,621681,Booraganahalli,13.510338929080449,78.22450502961566,Railway Station,200,Active,Gownapalli PS
CCTV00264_1,Gulpet PS - School CCTV,542,Kolar,5591,Kolar,,,621785,Perjenahalli,13.14657811395408,78.13112294846579,School,200,Active,Gulpet PS
CCTV00264_2,Gulpet PS - Bus Stand CCTV,542,Kolar,5594,Mulbagal,218990.0,Amblikal,622878,Pujarihalli,13.14440990919315,78.13167552407248,Bus Stand,150,Maintenance,Gulpet PS
CCTV00264_3,Gulpet PS - Government Hospital CCTV,542,Kolar,5593,Bangarapet,218800.0,Hulibele,622505,Kanivekallu,13.146951304091015,78.12958780247243,Government Hospital,150,Maintenance,Gulpet PS
CCTV00264_4,Gulpet PS - Traffic Junction CCTV,542,Kolar,5593,Bangarapet,218823.0,Yelesandra,622579,Nagenahalli,13.145496147164497,78.12987634029174,Traffic Junction,150,Active,Gulpet PS
CCTV00265_1,Kolar CEN Crime PS - College CCTV,542,Kolar,5592,Malur,218960.0,Abbenahalli,622113,Yarrappanahalli,13.140842846500512,78.13645006292772,College,150,Active,Kolar CEN Crime PS
CCTV00265_2,Kolar CEN Crime PS - Market CCTV,542,Kolar,5592,Malur,218983.0,Santehalli,622181,Purasanahalli,13.141098976597453,78.13739873195392,Market,100,Active,Kolar CEN Crime PS
CCTV00265_3,Kolar CEN Crime PS - Bank CCTV,542,Kolar,5590,Srinivaspur,219062.0,Nelavanki,621483,Chikkarangepalli,13.141754536995725,78.13785343292679,Bank,200,Active,Kolar CEN Crime PS
CCTV00265_4,Kolar CEN Crime PS - Railway Station CCTV,542,Kolar,5592,Malur,218960.0,Abbenahalli,622106,Jakkasandra,13.141407335107896,78.13641633598199,Railway Station,200,Active,Kolar CEN Crime PS
CCTV00266_1,Kolar Rural PS - Traffic Junction CCTV,542,Kolar,5591,Kolar,218932.0,Doodahasala,622034,Chatrakodihalli,13.14293836519754,78.13746405612461,Traffic Junction,150,Active,Kolar Rural PS
CCTV00266_2,Kolar Rural PS - Government Office CCTV,542,Kolar,5590,Srinivaspur,219048.0,Chaldiganahalli,621646,Nallapalli (H),13.140977353293996,78.13780754719417,Government Office,200,Maintenance,Kolar Rural PS
CCTV00266_3,Kolar Rural PS - College CCTV,542,Kolar,5591,Kolar,218933.0,Honnenahalli,622030,Kallipura,13.141440483023974,78.1359529649418,College,200,Maintenance,Kolar Rural PS
CCTV00266_4,Kolar Rural PS - Market CCTV,542,Kolar,5591,Kolar,218957.0,Vadagur,622064,Channarayapura,13.141372647745358,78.136574500105,Market,200,Active,Kolar Rural PS
CCTV00266_5,Kolar Rural PS - Government Hospital CCTV,542,Kolar,5594,Mulbagal,219004.0,Kurudamale,623010,Chalumanayakanahalli,13.140212081060723,78.13697342163054,Government Hospital,150,Active,Kolar Rural PS
CCTV00267_1,Kolar Town PS - ATM CCTV,542,Kolar,5590,Srinivaspur,219069.0,Yerramvariapalli,621435,Bhogamvaripalli,13.132714167375374,78.13309970922765,ATM,200,Active,Kolar Town PS
CCTV00267_2,Kolar Town PS - Railway Station CCTV,542,Kolar,5593,Bangarapet,218790.0,Budikote,622554,Bommaganahalli,13.130059573850325,78.13494508100008,Railway Station,200,Active,Kolar Town PS
CCTV00267_3,Kolar Town PS - Government Hospital CCTV,542,Kolar,5590,Srinivaspur,219045.0,Addagal,621464,Thummalavaripalli,13.130516425253493,78.13206503806131,Government Hospital,100,Active,Kolar Town PS
CCTV00267_4,Kolar Town PS - Market CCTV,542,Kolar,5590,Srinivaspur,219065.0,Ronur,621557,Diguvapalli,13.130323505389601,78.13387310307398,Market,200,Active,Kolar Town PS
CCTV00268_1,Kolar Traffic PS - Railway Station CCTV,542,Kolar,5594,Mulbagal,219002.0,Hebbani,623059,Sunnapakunte,13.169243193589676,78.39920219509906,Railway Station,100,Active,Kolar Traffic PS
CCTV00268_2,Kolar Traffic PS - Traffic Junction CCTV,542,Kolar,5590,Srinivaspur,219046.0,Arikunte,621452,Bayapalli,13.169560873200409,78.39933755421633,Traffic Junction,100,Maintenance,Kolar Traffic PS
CCTV00268_3,Kolar Traffic PS - Traffic Junction CCTV,542,Kolar,5592,Malur,218968.0,Doddashivara,622151,Puramakanahalli,13.1704499897753,78.39954788132651,Traffic Junction,100,Active,Kolar Traffic PS
CCTV00268_4,Kolar Traffic PS - Government Office CCTV,542,Kolar,5592,Malur,218984.0,Shivarapatna,622110,Muthakadahalli,13.170066438145321,78.39896494707821,Government Office,150,Active,Kolar Traffic PS
CCTV00268_5,Kolar Traffic PS - Railway Station CCTV,542,Kolar,5591,Kolar,218924.0,Ammanallur,621738,Ammanallur,13.16980405813096,78.39846648211466,Railway Station,200,Active,Kolar Traffic PS
CCTV00268_6,Kolar Traffic PS - Market CCTV,542,Kolar,5591,Kolar,218943.0,Madderi,621761,Seethappanahalli,13.170248845535978,78.40073428753354,Market,150,Active,Kolar Traffic PS
CCTV00269_1,Kolar Women PS - Bus Stand CCTV,542,Kolar,5594,Mulbagal,218994.0,Byrakur,623073,Jamdadi Obenahalli,13.131348548794579,78.13252520984125,Bus Stand,200,Active,Kolar Women PS
CCTV00269_2,Kolar Women PS - Government Office CCTV,542,Kolar,5594,Mulbagal,218994.0,Byrakur,623080,Byrakur,13.13188948459657,78.13364514976246,Government Office,200,Active,Kolar Women PS
CCTV00269_3,Kolar Women PS - Railway Station CCTV,542,Kolar,7002,Kolar Gold Field,218807.0,Kangandlahalli,622802,Ihvarahalli,13.131560742819612,78.13343193895489,Railway Station,200,Active,Kolar Women PS
CCTV00269_4,Kolar Women PS - Government Office CCTV,542,Kolar,5591,Kolar,218944.0,Annenahalli,621979,Manighatta,13.130257379987722,78.13466243327169,Government Office,200,Active,Kolar Women PS
CCTV00269_5,Kolar Women PS - Railway Station CCTV,542,Kolar,5594,Mulbagal,218995.0,Devarayasamudra,622920,Bellamballi,13.131961812881219,78.13439441994495,Railway Station,100,Active,Kolar Women PS
CCTV00269_6,Kolar Women PS - College CCTV,542,Kolar,5592,Malur,218975.0,Kondasettihalli,622396,Agara,13.131536721858604,78.1341371340558,College,100,Maintenance,Kolar Women PS
CCTV00270_1,Malur PS - ATM CCTV,542,Kolar,5592,Malur,218974.0,Kavala Giriyana Halli (K.G. Halli),622407,Ullerahalli,13.001623472347939,77.9394539612607,ATM,100,Maintenance,Malur PS
CCTV00270_2,Malur PS - Government Hospital CCTV,542,Kolar,5592,Malur,218982.0,Rajenahalli,622295,Nallandahalli,13.00348057439502,77.93870011643133,Government Hospital,150,Maintenance,Malur PS
CCTV00270_3,Malur PS - ATM CCTV,542,Kolar,5590,Srinivaspur,219052.0,J. Thimmasandra,621629,Kollur,13.001920686485757,77.93906695453568,ATM,150,Active,Malur PS
CCTV00270_4,Malur PS - Traffic Junction CCTV,542,Kolar,5594,Mulbagal,218994.0,Byrakur,623079,Siddanahalli,13.003879654906964,77.93811203712227,Traffic Junction,150,Active,Malur PS
CCTV00270_5,Malur PS - Traffic Junction CCTV,542,Kolar,5593,Bangarapet,218793.0,Kesaranahalli,622512,Keelukoppa,13.003670316228233,77.9378707218598,Traffic Junction,200,Active,Malur PS
CCTV00270_6,Malur PS - Railway Station CCTV,542,Kolar,5592,Malur,218974.0,Kavala Giriyana Halli (K.G. Halli),622393,Kugatiganahalli,13.00296180315069,77.93729198800955,Railway Station,100,Active,Malur PS
CCTV00271_1,Masti PS - Bank CCTV,542,Kolar,7002,Kolar Gold Field,218822.0,Vengasandra,622773,Vengasandra,12.872493664218812,77.99853174675758,Bank,150,Active,Masti PS
CCTV00271_2,Masti PS - Railway Station CCTV,542,Kolar,5594,Mulbagal,218989.0,Alangur,623005,Allalasandra,12.872593101094916,77.9987066724054,Railway Station,100,Active,Masti PS
CCTV00271_3,Masti PS - Bank CCTV,542,Kolar,5590,Srinivaspur,219045.0,Addagal,621461,Kambalapalli,12.873392831144933,77.99681104344086,Bank,200,Active,Masti PS
CCTV00271_4,Masti PS - Market CCTV,542,Kolar,5592,Malur,218966.0,Dadinaikanahallidoddi,622368,Chikkasandra,12.872182125849053,77.99744935486346,Market,150,Active,Masti PS
CCTV00272_1,Mulbagal Rural PS - Bus Stand CCTV,542,Kolar,5594,Mulbagal,219005.0,Mallanayakanahalli,623147,Puttenahalli,13.059192305768935,78.4246579333437,Bus Stand,200,Active,Mulbagal Rural PS
CCTV00272_2,Mulbagal Rural PS - Market CCTV,542,Kolar,5590,Srinivaspur,219067.0,Thadigol,621579,Kurumakalapalli,13.056964244964957,78.42540227033622,Market,150,Maintenance,Mulbagal Rural PS
CCTV00272_3,Mulbagal Rural PS - Railway Station CCTV,542,Kolar,5590,Srinivaspur,219069.0,Yerramvariapalli,621435,Bhogamvaripalli,13.059502821893814,78.42704236011272,Railway Station,200,Active,Mulbagal Rural PS
CCTV00272_4,Mulbagal Rural PS - School CCTV,542,Kolar,5590,Srinivaspur,219052.0,J. Thimmasandra,621619,Alambagiri,13.058590054638895,78.4261121148763,School,200,Active,Mulbagal Rural PS
CCTV00272_5,Mulbagal Rural PS - Traffic Junction CCTV,542,Kolar,7002,Kolar Gold Field,218812.0,Marikuppam,622687,Marikuppa,13.058540352547533,78.4247239862668,Traffic Junction,150,Maintenance,Mulbagal Rural PS
CCTV00273_1,Mulbagal Town PS - Government Hospital CCTV,542,Kolar,7002,Kolar Gold Field,218816.0,Ramasagara,622727,Koolur,13.16834840710487,78.3925893978135,Government Hospital,150,Active,Mulbagal Town PS
CCTV00273_2,Mulbagal Town PS - Government Office CCTV,542,Kolar,5594,Mulbagal,219011.0,Pichaguntlahalli,623132,Chikkaguttahalli,13.167965376338477,78.39283562925341,Government Office,150,Active,Mulbagal Town PS
CCTV00273_3,Mulbagal Town PS - School CCTV,542,Kolar,5592,Malur,218983.0,Santehalli,622222,Kariyappanahalli,13.168223332971833,78.39413406615625,School,200,Active,Mulbagal Town PS
CCTV00274_1,Nangli PS - ATM CCTV,542,Kolar,5591,Kolar,218939.0,Kondarajanahalli,938960,Terahalli,13.19511752151658,78.53595736889956,ATM,100,Maintenance,Nangli PS
CCTV00274_2,Nangli PS - College CCTV,542,Kolar,5594,Mulbagal,218995.0,Devarayasamudra,622920,Bellamballi,13.194659815452125,78.53857920373034,College,150,Active,Nangli PS
CCTV00274_3,Nangli PS - School CCTV,542,Kolar,5591,Kolar,,,621813,Kalva,13.19292043460247,78.53739633002029,School,150,Active,Nangli PS
CCTV00274_4,Nangli PS - Government Office CCTV,542,Kolar,5591,Kolar,218946.0,Muduvadi,621938,Muduvadi Hosahalli,13.195119134788191,78.53821351014889,Government Office,150,Active,Nangli PS
CCTV00274_5,Nangli PS - ATM CCTV,542,Kolar,5590,Srinivaspur,219063.0,Pulagurkota,621540,Banalapalli,13.193103695992207,78.53662253910244,ATM,150,Active,Nangli PS
CCTV00275_1,Rayalpad PS - Market CCTV,542,Kolar,5591,Kolar,218927.0,Beglihosahalli,622043,Singondahalli,13.531177289442569,78.34579674960294,Market,100,Active,Rayalpad PS
CCTV00275_2,Rayalpad PS - School CCTV,542,Kolar,5593,Bangarapet,218794.0,Doddavalagamadi,622666,Maliyangurki Amanikere,13.532513249705643,78.34369424125835,School,200,Active,Rayalpad PS
CCTV00275_3,Rayalpad PS - ATM CCTV,542,Kolar,7002,Kolar Gold Field,218806.0,Kammasandra,622743,Nagisettihalli,13.531352096445227,78.34585765009737,ATM,100,Active,Rayalpad PS
CCTV00276_1,Srinivasapura PS - Government Office CCTV,542,Kolar,5593,Bangarapet,218803.0,Inora Hosahalli,622504,Inorahosahalli,13.341862451340397,78.21393675135982,Government Office,150,Active,Srinivasapura PS
CCTV00276_2,Srinivasapura PS - School CCTV,542,Kolar,5592,Malur,218969.0,Hasandahalli,622309,Kuppur,13.341104236271319,78.21146944281284,School,100,Active,Srinivasapura PS
CCTV00276_3,Srinivasapura PS - College CCTV,542,Kolar,5591,Kolar,,,622026,Kogilahalli,13.341340660675918,78.2118511262649,College,150,Maintenance,Srinivasapura PS
CCTV00277_1,Vemagal PS - Bank CCTV,542,Kolar,7002,Kolar Gold Field,218818.0,Srinivasa Sandra,622807,Dalavaihosahalli,13.190618158391544,78.01659972096932,Bank,100,Maintenance,Vemagal PS
CCTV00277_2,Vemagal PS - Market CCTV,542,Kolar,5593,Bangarapet,218791.0,Chikka Ankandahally,622476,Haliganahalli,13.190696997749441,78.01816653094845,Market,100,Active,Vemagal PS
CCTV00277_3,Vemagal PS - Government Office CCTV,542,Kolar,5594,Mulbagal,219007.0,Mudigere,623103,Kagginahalli,13.193015563289228,78.01686694322876,Government Office,150,Active,Vemagal PS
CCTV00277_4,Vemagal PS - College CCTV,542,Kolar,5591,Kolar,218936.0,Huttur,622052,Nernahalli,13.190783143260445,78.01701716478682,College,100,Active,Vemagal PS
CCTV00277_5,Vemagal PS - College CCTV,542,Kolar,5593,Bangarapet,218800.0,Hulibele,622514,Koppa,13.19131214486679,78.01735686441026,College,100,Maintenance,Vemagal PS
CCTV00277_6,Vemagal PS - Bank CCTV,542,Kolar,5593,Bangarapet,218794.0,Doddavalagamadi,622672,Byraganahalli,13.191302673632228,78.01565994198602,Bank,150,Maintenance,Vemagal PS
CCTV00278_1,Alwandi PS - College CCTV,543,Koppal,7091,Kanakagiri,219097.0,Musalapur,601570,Kannermadu,15.231059419088867,75.99016617956701,College,150,Active,Alwandi PS
CCTV00278_2,Alwandi PS - Traffic Junction CCTV,543,Koppal,7091,Kanakagiri,219080.0,Chikkamadinal,601578,Chikka Madinal,15.231059838007662,75.9898817334285,Traffic Junction,200,Active,Alwandi PS
CCTV00278_3,Alwandi PS - Railway Station CCTV,543,Koppal,5465,Kushtagi,273137.0,Gumageri,601505,Gumgeri,15.23303528646085,75.99123976139197,Railway Station,200,Active,Alwandi PS
CCTV00278_4,Alwandi PS - Bank CCTV,543,Koppal,5466,Gangawati,273129.0,Sanapur,601622,Hanmanhalli,15.231765053626479,75.99178278504402,Bank,150,Maintenance,Alwandi PS
CCTV00279_1,Bevoor PS - School CCTV,543,Koppal,7091,Kanakagiri,219082.0,Gouripur,601562,Devlapur,16.206140610421716,75.89456975436758,School,200,Active,Bevoor PS
CCTV00279_2,Bevoor PS - School CCTV,543,Koppal,5464,Yelbarga,274149.0,Sankanooru,601232,Sirgumpi,16.20587532425297,75.89619849476054,School,150,Maintenance,Bevoor PS
CCTV00279_3,Bevoor PS - College CCTV,543,Koppal,5466,Gangawati,219094.0,Mallapur,601624,Temba,16.207715848655138,75.8935981521125,College,150,Active,Bevoor PS
CCTV00279_4,Bevoor PS - ATM CCTV,543,Koppal,7092,Karatagi,219075.0,Boodgumpa,601691,Timmapur,16.207957438911727,75.89404920079161,ATM,100,Maintenance,Bevoor PS
CCTV00280_1,Gangavathi Rural PS - Market CCTV,543,Koppal,5467,Koppal,219136.0,Kunikeri,601784,Lachankera,15.4250351931089,76.53009371036572,Market,200,Active,Gangavathi Rural PS
CCTV00280_2,Gangavathi Rural PS - Market CCTV,543,Koppal,7092,Karatagi,219074.0,Bevinal,601680,Pannapur,15.426428621234928,76.52871906500647,Market,150,Active,Gangavathi Rural PS
CCTV00280_3,Gangavathi Rural PS - College CCTV,543,Koppal,5464,Yelbarga,273148.0,Tummaraguddhi,601256,Maranhal,15.424956559844608,76.53017261338881,College,150,Maintenance,Gangavathi Rural PS
CCTV00281_1,Gangavathi Town PS - Traffic Junction CCTV,543,Koppal,7092,Karatagi,219074.0,Bevinal,601680,Pannapur,15.424473192298834,76.53075474145446,Traffic Junction,200,Active,Gangavathi Town PS
CCTV00281_2,Gangavathi Town PS - Government Hospital CCTV,543,Koppal,7091,Kanakagiri,219088.0,Hulihaider,601559,Varankhed,15.424624777067374,76.52902491698971,Government Hospital,200,Active,Gangavathi Town PS
CCTV00281_3,Gangavathi Town PS - College CCTV,543,Koppal,7091,Kanakagiri,,,601580,Kanakgiri,15.427134155283593,76.53166497800584,College,150,Active,Gangavathi Town PS
CCTV00281_4,Gangavathi Town PS - Bank CCTV,543,Koppal,5467,Koppal,219136.0,Kunikeri,601784,Lachankera,15.42563648088994,76.5303369083796,Bank,200,Active,Gangavathi Town PS
CCTV00281_5,Gangavathi Town PS - College CCTV,543,Koppal,5464,Yelbarga,219202.0,Vanageri,601317,Vangera,15.425183213857343,76.53119402634948,College,200,Active,Gangavathi Town PS
CCTV00281_6,Gangavathi Town PS - Government Office CCTV,543,Koppal,5467,Koppal,219124.0,Hirebagnal,601763,Allanagar,15.424710933410113,76.52948686906569,Government Office,150,Active,Gangavathi Town PS
CCTV00282_1,Gangavathi Traffic PS - ATM CCTV,543,Koppal,5465,Kushtagi,273142.0,Kesur,601465,Tonsihal,15.426623996197783,76.52925985158718,ATM,200,Active,Gangavathi Traffic PS
CCTV00282_2,Gangavathi Traffic PS - Traffic Junction CCTV,543,Koppal,5466,Gangawati,219071.0,Anegundi,601637,Basvandurg,15.426439697964025,76.53021408432394,Traffic Junction,200,Active,Gangavathi Traffic PS
CCTV00282_3,Gangavathi Traffic PS - Railway Station CCTV,543,Koppal,5466,Gangawati,,,601634,Virpapur,15.426225034263556,76.52908567418386,Railway Station,200,Maintenance,Gangavathi Traffic PS
CCTV00282_4,Gangavathi Traffic PS - ATM CCTV,543,Koppal,5465,Kushtagi,219151.0,Hiregonnagar,601409,Hiregonnagar,15.424362772816448,76.52980551812931,ATM,150,Active,Gangavathi Traffic PS
CCTV00282_5,Gangavathi Traffic PS - Government Office CCTV,543,Koppal,5465,Kushtagi,219160.0,Koradakera,601500,Madalgatti,15.426196922583726,76.53035488384434,Government Office,100,Maintenance,Gangavathi Traffic PS
CCTV00283_1,Hanumasagar PS - Railway Station CCTV,543,Koppal,5465,Kushtagi,219152.0,Hiremannapur,601508,Mayadhunsi,15.87273307268458,76.04712406475487,Railway Station,200,Active,Hanumasagar PS
CCTV00283_2,Hanumasagar PS - Traffic Junction CCTV,543,Koppal,5465,Kushtagi,219155.0,Jumlapur,601527,Ainapur,15.874221663165702,76.04771644624954,Traffic Junction,200,Active,Hanumasagar PS
CCTV00283_3,Hanumasagar PS - Market CCTV,543,Koppal,5467,Koppal,219119.0,Gondbal,601779,Muddaballi,15.873855326950629,76.04854095552523,Market,150,Active,Hanumasagar PS
CCTV00283_4,Hanumasagar PS - Government Hospital CCTV,543,Koppal,7092,Karatagi,219073.0,Bennur,601707,Shalignoor,15.871851314477606,76.04813470738642,Government Hospital,150,Active,Hanumasagar PS
CCTV00284_1,Kanakagiri PS - Government Office CCTV,543,Koppal,5465,Kushtagi,219146.0,Chalagera,601450,Zhoolkatti,15.572442345838207,76.42460438332786,Government Office,200,Active,Kanakagiri PS
CCTV00284_2,Kanakagiri PS - ATM CCTV,543,Koppal,7091,Kanakagiri,219082.0,Gouripur,601566,Advibhavi,15.571272515836649,76.42501294738972,ATM,150,Active,Kanakagiri PS
CCTV00284_3,Kanakagiri PS - Railway Station CCTV,543,Koppal,5466,Gangawati,,,601634,Virpapur,15.572247329956047,76.42480838652591,Railway Station,200,Active,Kanakagiri PS
CCTV00284_4,Kanakagiri PS - Bank CCTV,543,Koppal,5465,Kushtagi,273141.0,Hirenandihal,601456,Bhingikoppa,15.572590076091055,76.4243988388044,Bank,150,Active,Kanakagiri PS
CCTV00285_1,Karatagi PS - Government Hospital CCTV,543,Koppal,5467,Koppal,219117.0,Chikkabommanal,601791,Hirebommanhal,15.599370511632142,76.65678589746035,Government Hospital,150,Active,Karatagi PS
CCTV00285_2,Karatagi PS - Government Hospital CCTV,543,Koppal,5464,Yelbarga,219178.0,Chikkamyageri,601263,Malaksamudra,15.600052157807468,76.6569495396991,Government Hospital,200,Active,Karatagi PS
CCTV00285_3,Karatagi PS - Railway Station CCTV,543,Koppal,5465,Kushtagi,219164.0,Mudenoor,601487,Teggihal,15.601331115004983,76.65930025259473,Railway Station,100,Active,Karatagi PS
CCTV00285_4,Karatagi PS - School CCTV,543,Koppal,5466,Gangawati,219084.0,Hanaval,601646,Hanwal,15.60123488548146,76.65725992812976,School,200,Active,Karatagi PS
CCTV00286_1,Koppal CEN Crime PS - College CCTV,543,Koppal,5465,Kushtagi,219155.0,Jumlapur,601516,Advibhavi,15.352291116989527,76.15115445957402,College,100,Active,Koppal CEN Crime PS
CCTV00286_2,Koppal CEN Crime PS - College CCTV,543,Koppal,5465,Kushtagi,219169.0,Tuggaladoni,601382,Shadalgera,15.351486176366286,76.15158318802003,College,200,Active,Koppal CEN Crime PS
CCTV00286_3,Koppal CEN Crime PS - Government Office CCTV,543,Koppal,5464,Yelbarga,219188.0,Karmudi,601258,Karmudi,15.351936787241778,76.15153376264784,Government Office,150,Active,Koppal CEN Crime PS
CCTV00286_4,Koppal CEN Crime PS - Market CCTV,543,Koppal,5467,Koppal,219141.0,Ojanahalli,601750,Chilwadgi,15.35333762778261,76.15012857902902,Market,100,Active,Koppal CEN Crime PS
CCTV00287_1,Koppal Rural PS - Railway Station CCTV,543,Koppal,5467,Koppal,273133.0,Vanaballari,601805,Wanballary,15.348496869797469,76.14923636381738,Railway Station,100,Maintenance,Koppal Rural PS
CCTV00287_2,Koppal Rural PS - Government Office CCTV,543,Koppal,5465,Kushtagi,219170.0,Yeragera,601405,Madnal,15.347732622405731,76.15098908346032,Government Office,150,Active,Koppal Rural PS
CCTV00287_3,Koppal Rural PS - College CCTV,543,Koppal,5467,Koppal,273133.0,Vanaballari,601804,Arsinkera,15.347886546276941,76.15028456621519,College,100,Active,Koppal Rural PS
CCTV00287_4,Koppal Rural PS - Railway Station CCTV,543,Koppal,5467,Koppal,219111.0,Bandiharlapur,601843,Narayanpet,15.349380448861915,76.14953816305018,Railway Station,150,Active,Koppal Rural PS
CCTV00287_5,Koppal Rural PS - Government Hospital CCTV,543,Koppal,7091,Kanakagiri,219091.0,Karadona,601555,Guddadur,15.348839958895281,76.1497707919484,Government Hospital,100,Active,Koppal Rural PS
CCTV00288_1,Koppal Town PS - Traffic Junction CCTV,543,Koppal,5464,Yelbarga,219185.0,Hirevankalakunta,601289,Yapaldinni,15.34963298535345,76.15056321588037,Traffic Junction,150,Active,Koppal Town PS
CCTV00288_2,Koppal Town PS - Bus Stand CCTV,543,Koppal,5467,Koppal,219123.0,Hatti,601729,Hatti,15.347935395617863,76.14932223092597,Bus Stand,150,Active,Koppal Town PS
CCTV00288_3,Koppal Town PS - Traffic Junction CCTV,543,Koppal,5465,Kushtagi,219160.0,Koradakera,601461,Kordakera,15.348563242408497,76.14989670381046,Traffic Junction,150,Maintenance,Koppal Town PS
CCTV00288_4,Koppal Town PS - Market CCTV,543,Koppal,7092,Karatagi,,,601681,Karatgi,15.349887865195065,76.15188304050422,Market,200,Active,Koppal Town PS
CCTV00289_1,Koppal Traffic PS - Market CCTV,543,Koppal,5467,Koppal,219117.0,Chikkabommanal,601794,Uplapur,15.352817716120594,76.1576323872557,Market,100,Active,Koppal Traffic PS
CCTV00289_2,Koppal Traffic PS - Bus Stand CCTV,543,Koppal,5464,Yelbarga,219179.0,Gaddigeri,601252,Lagalur,15.353159572471663,76.1590342708189,Bus Stand,100,Maintenance,Koppal Traffic PS
CCTV00289_3,Koppal Traffic PS - Bank CCTV,543,Koppal,5464,Yelbarga,273146.0,Bhudura,601272,Gule,15.352053714612232,76.15841009945886,Bank,200,Active,Koppal Traffic PS
CCTV00289_4,Koppal Traffic PS - Traffic Junction CCTV,543,Koppal,7092,Karatagi,273128.0,Mailapur,601683,Somanhal,15.350617041422431,76.15850147597484,Traffic Junction,200,Active,Koppal Traffic PS
CCTV00289_5,Koppal Traffic PS - College CCTV,543,Koppal,5467,Koppal,219131.0,Kaltavarageri,601818,Kukanpalli,15.353299923889159,76.15704542563809,College,200,Active,Koppal Traffic PS
CCTV00290_1,Koppal Women PS - Government Office CCTV,543,Koppal,5466,Gangawati,219072.0,Basapattana,601615,Basapattana,15.347711220850094,76.14997427208837,Government Office,100,Active,Koppal Women PS
CCTV00290_2,Koppal Women PS - ATM CCTV,543,Koppal,7091,Kanakagiri,219080.0,Chikkamadinal,601592,Bankapur,15.349097090020651,76.15087884030865,ATM,100,Active,Koppal Women PS
CCTV00290_3,Koppal Women PS - Government Office CCTV,543,Koppal,5466,Gangawati,219077.0,Chikkabenakal,601611,Yemmigudda,15.348216887831866,76.15006244088579,Government Office,150,Maintenance,Koppal Women PS
CCTV00290_4,Koppal Women PS - ATM CCTV,543,Koppal,7091,Kanakagiri,219091.0,Karadona,601555,Guddadur,15.349570762986687,76.15072674825336,ATM,100,Maintenance,Koppal Women PS
CCTV00290_5,Koppal Women PS - Bank CCTV,543,Koppal,5464,Yelbarga,219188.0,Karmudi,601259,Bandihal,15.349328975665747,76.15047626237333,Bank,100,Active,Koppal Women PS
CCTV00291_1,Kuknoor PS - School CCTV,543,Koppal,5464,Yelbarga,219193.0,Mataladinni,601271,Yeddoni,15.493783129809492,75.99134375628108,School,150,Active,Kuknoor PS
CCTV00291_2,Kuknoor PS - Market CCTV,543,Koppal,5465,Kushtagi,219165.0,Nilogal,601376,Achnoor,15.493609859390933,75.99216146754851,Market,150,Active,Kuknoor PS
CCTV00291_3,Kuknoor PS - College CCTV,543,Koppal,5465,Kushtagi,,,601532,Tawargera,15.491736762380015,75.99169218874852,College,150,Active,Kuknoor PS
CCTV00291_4,Kuknoor PS - Bus Stand CCTV,543,Koppal,5466,Gangawati,273129.0,Sanapur,601618,Tirmalapur,15.492080016102861,75.99224545329827,Bus Stand,100,Active,Kuknoor PS
CCTV00291_5,Kuknoor PS - Government Office CCTV,543,Koppal,7091,Kanakagiri,219091.0,Karadona,601664,Kardona,15.491443943401338,75.99099504502894,Government Office,100,Maintenance,Kuknoor PS
CCTV00291_6,Kuknoor PS - Market CCTV,543,Koppal,5466,Gangawati,219085.0,Herur,601645,Batterhanchnal,15.493132435534081,75.9916840046093,Market,100,Active,Kuknoor PS
CCTV00292_1,Kushtagi PS - College CCTV,543,Koppal,7092,Karatagi,273128.0,Mailapur,601677,Gudur,15.754904361678298,76.1928138578515,College,150,Active,Kushtagi PS
CCTV00292_2,Kushtagi PS - Market CCTV,543,Koppal,5465,Kushtagi,219164.0,Mudenoor,601472,Kudloor,15.753996155828135,76.19245974504466,Market,150,Active,Kushtagi PS
CCTV00292_3,Kushtagi PS - Traffic Junction CCTV,543,Koppal,7093,Kukanoor,219186.0,Itagi,601363,Mannapur,15.755792924935378,76.19362248242938,Traffic Junction,200,Active,Kushtagi PS
CCTV00293_1,Munirabad PS - ATM CCTV,543,Koppal,5465,Kushtagi,219143.0,Adavibhavi,601439,Miyapur,15.280714424123687,76.32333446960546,ATM,150,Active,Munirabad PS
CCTV00293_2,Munirabad PS - Bank CCTV,543,Koppal,5465,Kushtagi,219156.0,Kabbaragi,601430,Mannerhal,15.279393983519059,76.32236316947738,Bank,200,Active,Munirabad PS
CCTV00293_3,Munirabad PS - ATM CCTV,543,Koppal,5465,Kushtagi,219162.0,Malagitti,601390,Pattalchinti,15.279993228894737,76.32088293679594,ATM,200,Active,Munirabad PS
CCTV00294_1,Tavaregera PS - College CCTV,543,Koppal,5467,Koppal,219109.0,Alavandi,601740,Kampli,15.770728266137908,76.4031892843266,College,200,Active,Tavaregera PS
CCTV00294_2,Tavaregera PS - Bus Stand CCTV,543,Koppal,5467,Koppal,273133.0,Vanaballari,601803,Metgal,15.770012007383022,76.40568953608984,Bus Stand,150,Active,Tavaregera PS
CCTV00294_3,Tavaregera PS - Government Hospital CCTV,543,Koppal,5464,Yelbarga,219176.0,Bevoor,601318,Bevoor,15.771457476130669,76.4030138535514,Government Hospital,150,Maintenance,Tavaregera PS
CCTV00294_4,Tavaregera PS - School CCTV,543,Koppal,5464,Yelbarga,219180.0,Ganadal,601298,Tippanhal,15.769120059871467,76.40453414198878,School,150,Active,Tavaregera PS
CCTV00295_1,Yelburga PS - College CCTV,543,Koppal,7093,Kukanoor,219183.0,Hirebidanal,601332,Kadar Halli,15.613496436891596,76.01082643270429,College,100,Maintenance,Yelburga PS
CCTV00295_2,Yelburga PS - School CCTV,543,Koppal,5466,Gangawati,219084.0,Hanaval,601641,Guldal,15.613793313790149,76.01079766698554,School,150,Active,Yelburga PS
CCTV00295_3,Yelburga PS - School CCTV,543,Koppal,5465,Kushtagi,273141.0,Hirenandihal,601460,Hirenandihal,15.614369869031066,76.01257269157875,School,200,Active,Yelburga PS
CCTV00295_4,Yelburga PS - Traffic Junction CCTV,543,Koppal,5465,Kushtagi,219143.0,Adavibhavi,601446,Malkapur,15.613208160579239,76.01314382365607,Traffic Junction,100,Active,Yelburga PS
CCTV00295_5,Yelburga PS - Railway Station CCTV,543,Koppal,5465,Kushtagi,273144.0,Shiragumpi,601473,Balutagi,15.613906102381025,76.01246101919273,Railway Station,200,Active,Yelburga PS
CCTV00296_1,Arakere PS - Traffic Junction CCTV,544,Mandya,5550,Mandya,219336.0,Hallegere,614339,Thangalagere,12.41132091801325,76.81361442766713,Traffic Junction,200,Active,Arakere PS
CCTV00296_2,Arakere PS - School CCTV,544,Mandya,5546,Krishnarajpet,219210.0,Ballekere,613641,Natanahalli,12.411024512177558,76.8131598802917,School,100,Maintenance,Arakere PS
CCTV00296_3,Arakere PS - College CCTV,544,Mandya,5546,Krishnarajpet,219219.0,Haralahalli,613496,Karathanahalli,12.41091197564652,76.81410921553697,College,150,Active,Arakere PS
CCTV00296_4,Arakere PS - School CCTV,544,Mandya,5547,Nagamangala,219371.0,Chinya,614037,Busamudra,12.411024852741058,76.81245860334154,School,200,Active,Arakere PS
CCTV00296_5,Arakere PS - Traffic Junction CCTV,544,Mandya,5547,Nagamangala,,,613701,Ambaljeeranahalli,12.41078161788751,76.81296799432042,Traffic Junction,200,Active,Arakere PS
CCTV00296_6,Arakere PS - Government Office CCTV,544,Mandya,5551,Maddur,219270.0,Nagarakere,614605,Huligerepura,12.409868576701296,76.81221694990712,Government Office,200,Maintenance,Arakere PS
CCTV00297_1,Basaralu PS - Government Office CCTV,544,Mandya,5550,Mandya,219332.0,G.Malligere,614394,G.Hoshalli,12.705709089502713,76.81798004723518,Government Office,200,Active,Basaralu PS
CCTV00297_2,Basaralu PS - Market CCTV,544,Mandya,5549,Shrirangapattana,219433.0,Sabbanakuppe,614227,Ganangooru,12.704472495349016,76.81672443454474,Market,150,Active,Basaralu PS
CCTV00297_3,Basaralu PS - Railway Station CCTV,544,Mandya,5551,Maddur,219275.0,Somanahalli,614570,Thylur,12.706303214543318,76.8172054525076,Railway Station,150,Active,Basaralu PS
CCTV00297_4,Basaralu PS - Government Hospital CCTV,544,Mandya,5547,Nagamangala,219374.0,Devaramallanayakanahalli,613920,Kodihally,12.7049116614881,76.81793560129748,Government Hospital,150,Active,Basaralu PS
CCTV00297_5,Basaralu PS - College CCTV,544,Mandya,5546,Krishnarajpet,219210.0,Ballekere,613579,Kamanahalli,12.705910093301892,76.81654520715831,College,150,Active,Basaralu PS
CCTV00298_1,Belakavadi PS - Bank CCTV,544,Mandya,5547,Nagamangala,219382.0,Kalinganahalli,613753,Ankanahalli,12.25652423215431,77.12355191430306,Bank,200,Active,Belakavadi PS
CCTV00298_2,Belakavadi PS - Government Office CCTV,544,Mandya,5547,Nagamangala,272691.0,Hulikere,613940,Karadahalli,12.257656776109608,77.12191124110527,Government Office,150,Active,Belakavadi PS
CCTV00298_3,Belakavadi PS - ATM CCTV,544,Mandya,5552,Malavalli,219292.0,H Basavapura,614789,Basavana Betta Forest,12.257144128822002,77.12258602881985,ATM,150,Maintenance,Belakavadi PS
CCTV00298_4,Belakavadi PS - College CCTV,544,Mandya,5550,Mandya,219362.0,Upparakanahalli,614361,Chokanahalli,12.258032602703368,77.12124844097168,College,200,Active,Belakavadi PS
CCTV00298_5,Belakavadi PS - ATM CCTV,544,Mandya,5552,Malavalli,219291.0,Dugganahalli,614662,Dugganahalli,12.256335790128981,77.12131859336365,ATM,200,Active,Belakavadi PS
CCTV00299_1,Bellur PS - Traffic Junction CCTV,544,Mandya,5552,Malavalli,219289.0,Dalavayikodihalli,614765,Balehonniga,12.982302146157243,76.73545882783341,Traffic Junction,200,Active,Bellur PS
CCTV00299_2,Bellur PS - School CCTV,544,Mandya,5549,Shrirangapattana,219434.0,T.M.Hosur,614231,Neelana Koppalu,12.980947738955805,76.73679335064452,School,200,Maintenance,Bellur PS
CCTV00299_3,Bellur PS - Railway Station CCTV,544,Mandya,5552,Malavalli,219297.0,Huskur,614716,Banagahalli,12.980200865461132,76.73496512969581,Railway Station,100,Maintenance,Bellur PS
CCTV00300_1,Besagaraghalli PS - Market CCTV,544,Mandya,5547,Nagamangala,219369.0,Bindiganavile,613775,Kamadihalli,12.637617818093387,77.00468650465258,Market,150,Active,Besagaraghalli PS
CCTV00300_2,Besagaraghalli PS - Market CCTV,544,Mandya,5548,Pandavapura,219403.0,Jakkanahalli,614072,Amruthi,12.635754797065538,77.00728683709005,Market,150,Maintenance,Besagaraghalli PS
CCTV00300_3,Besagaraghalli PS - Traffic Junction CCTV,544,Mandya,5548,Pandavapura,219396.0,Dinka,614122,Dinka,12.634994495575482,77.00705536047677,Traffic Junction,200,Active,Besagaraghalli PS
CCTV00301_1,Bindiganavile PS - Government Hospital CCTV,544,Mandya,5547,Nagamangala,272691.0,Hulikere,613853,Honnudikehalli,12.880768082245783,76.63059997116744,Government Hospital,150,Active,Bindiganavile PS
CCTV00301_2,Bindiganavile PS - Government Hospital CCTV,544,Mandya,5546,Krishnarajpet,219218.0,Ganjigere,613658,Ganjigere,12.88238723194665,76.63139016869914,Government Hospital,100,Active,Bindiganavile PS
CCTV00301_3,Bindiganavile PS - School CCTV,544,Mandya,5552,Malavalli,219285.0,Bydarahalli,614790,Dalanakatte,12.880720903894975,76.63020861170185,School,150,Active,Bindiganavile PS
CCTV00301_4,Bindiganavile PS - Railway Station CCTV,544,Mandya,5546,Krishnarajpet,219205.0,Agraharabachahalli,613554,Chikkahosahalli,12.881389357963716,76.63165652813284,Railway Station,100,Active,Bindiganavile PS
CCTV00301_5,Bindiganavile PS - College CCTV,544,Mandya,5546,Krishnarajpet,219229.0,Murukanahalli,613563,Hemmanahalli,12.881687349436204,76.63211475548071,College,200,Active,Bindiganavile PS
CCTV00301_6,Bindiganavile PS - Bank CCTV,544,Mandya,5551,Maddur,219238.0,Abalavadi,614509,Avverahalli,12.881913924761683,76.63077657227419,Bank,200,Active,Bindiganavile PS
CCTV00302_1,Halagur PS - Bus Stand CCTV,544,Mandya,5546,Krishnarajpet,219205.0,Agraharabachahalli,613537,Nagarur,12.4260242446613,77.22889798921825,Bus Stand,100,Maintenance,Halagur PS
CCTV00302_2,Halagur PS - Government Office CCTV,544,Mandya,5550,Mandya,219353.0,Muthegere,614311,Nanjenahalli,12.426523045013202,77.22744746736494,Government Office,200,Maintenance,Halagur PS
CCTV00302_3,Halagur PS - School CCTV,544,Mandya,5549,Shrirangapattana,219417.0,Ballenahalli,614224,Chindagirikoppalu,12.426332403731461,77.22844821570679,School,200,Active,Halagur PS
CCTV00303_1,K.M. Doddi PS - Bank CCTV,544,Mandya,5547,Nagamangala,219377.0,Haradanahalli,613860,Yagatahalli,12.490485202842104,77.03633323685858,Bank,150,Active,K.M. Doddi PS
CCTV00303_2,K.M. Doddi PS - Government Office CCTV,544,Mandya,5552,Malavalli,219311.0,Purigali,614831,Hullamballi,12.490620238860787,77.03540745262299,Government Office,150,Active,K.M. Doddi PS
CCTV00303_3,K.M. Doddi PS - Bus Stand CCTV,544,Mandya,5551,Maddur,219246.0,Bidharakote,614529,Chottanahalli,12.490124953430243,77.03652808256535,Bus Stand,150,Active,K.M. Doddi PS
CCTV00303_4,K.M. Doddi PS - Government Office CCTV,544,Mandya,5548,Pandavapura,,,939561,Hosakote Antha,12.487918865155947,77.03603209037963,Government Office,200,Active,K.M. Doddi PS
CCTV00303_5,K.M. Doddi PS - Bank CCTV,544,Mandya,5546,Krishnarajpet,219230.0,Ranganathapura Cross,613444,Malagur,12.488092536231335,77.03409679033518,Bank,150,Active,K.M. Doddi PS
CCTV00304_1,K.R. Pet Rural PS - Railway Station CCTV,544,Mandya,5547,Nagamangala,219368.0,Bhramhadevarahalli,614018,Bramhadevarahalli,12.65924740526682,76.48844937249737,Railway Station,200,Active,K.R. Pet Rural PS
CCTV00304_2,K.R. Pet Rural PS - School CCTV,544,Mandya,5546,Krishnarajpet,219230.0,Ranganathapura Cross,613446,Mavinakatte Koppalu,12.65957672060742,76.48834545159627,School,150,Active,K.R. Pet Rural PS
CCTV00304_3,K.R. Pet Rural PS - Railway Station CCTV,544,Mandya,5550,Mandya,219323.0,Basaralu,614348,Tirumalapura,12.660150423980197,76.48889299583385,Railway Station,100,Maintenance,K.R. Pet Rural PS
CCTV00304_4,K.R. Pet Rural PS - Bank CCTV,544,Mandya,5547,Nagamangala,219367.0,Bhimanahalli,613943,Beemanahalli,12.659861319710158,76.48752634550112,Bank,200,Maintenance,K.R. Pet Rural PS
CCTV00304_5,K.R. Pet Rural PS - Bus Stand CCTV,544,Mandya,5551,Maddur,219246.0,Bidharakote,614518,Bidarakote,12.65820910514891,76.48743093499668,Bus Stand,200,Active,K.R. Pet Rural PS
CCTV00304_6,K.R. Pet Rural PS - Government Office CCTV,544,Mandya,5546,Krishnarajpet,219221.0,Hirikalale,613542,Komanahalli,12.658499839669844,76.48924476357058,Government Office,200,Active,K.R. Pet Rural PS
CCTV00305_1,K.R. Pet Town PS - Railway Station CCTV,544,Mandya,5546,Krishnarajpet,219233.0,Shilanere,613510,Navilumaranahalli,12.65782312756385,76.48713011112484,Railway Station,100,Active,K.R. Pet Town PS
CCTV00305_2,K.R. Pet Town PS - Government Office CCTV,544,Mandya,5550,Mandya,219352.0,Mudagandur,614402,Bettahalli,12.658308475918039,76.48780015996864,Government Office,150,Active,K.R. Pet Town PS
CCTV00305_3,K.R. Pet Town PS - Government Hospital CCTV,544,Mandya,5548,Pandavapura,219402.0,Honaganahalli,614131,Bebibettadakaval,12.659445333218125,76.48783683648597,Government Hospital,100,Active,K.R. Pet Town PS
CCTV00305_4,K.R. Pet Town PS - Market CCTV,544,Mandya,5549,Shrirangapattana,219418.0,Belagola,614282,Yadathittu,12.658583436817656,76.48756283427933,Market,200,Active,K.R. Pet Town PS
CCTV00305_5,K.R. Pet Town PS - School CCTV,544,Mandya,5547,Nagamangala,219377.0,Haradanahalli,613911,Mylarapatna,12.659697151119481,76.48798275133534,School,200,Active,K.R. Pet Town PS
CCTV00305_6,K.R. Pet Town PS - Government Office CCTV,544,Mandya,5551,Maddur,219258.0,K. Shettahalli,614635,K. Settihalli,12.658030211426157,76.48687276088104,Government Office,100,Active,K.R. Pet Town PS
CCTV00306_1,K.R. Sagar PS - Railway Station CCTV,544,Mandya,5551,Maddur,219244.0,Bharathinagar,614643,Manigere,12.4046656644033,76.57335537722962,Railway Station,200,Active,K.R. Sagar PS
CCTV00306_2,K.R. Sagar PS - College CCTV,544,Mandya,5551,Maddur,219267.0,Mallana Kuppe,614548,Dundanahalli,12.407085551238827,76.57110200649721,College,200,Maintenance,K.R. Sagar PS
CCTV00306_3,K.R. Sagar PS - College CCTV,544,Mandya,5547,Nagamangala,219364.0,Anchechittanahalli,613865,Anche Chittanahalli,12.404389532873498,76.57120318374095,College,150,Active,K.R. Sagar PS
CCTV00306_4,K.R. Sagar PS - Government Office CCTV,544,Mandya,5549,Shrirangapattana,219415.0,Arakere,614270,Arakere,12.404963582156997,76.57285558006453,Government Office,150,Active,K.R. Sagar PS
CCTV00306_5,K.R. Sagar PS - Traffic Junction CCTV,544,Mandya,5546,Krishnarajpet,219206.0,Aikanahalli,613389,Ankanahalli,12.407227923216682,76.5711969307501,Traffic Junction,150,Active,K.R. Sagar PS
CCTV00306_6,K.R. Sagar PS - ATM CCTV,544,Mandya,5547,Nagamangala,219385.0,Lalanakere,613785,Lalankere,12.407087811428115,76.5733356887411,ATM,200,Active,K.R. Sagar PS
CCTV00307_1,Keragodu PS - Traffic Junction CCTV,544,Mandya,5546,Krishnarajpet,219219.0,Haralahalli,613495,Hemmadahalli,12.641712915256093,76.9178475910627,Traffic Junction,100,Active,Keragodu PS
CCTV00307_2,Keragodu PS - Traffic Junction CCTV,544,Mandya,5546,Krishnarajpet,219226.0,Maduvina Kodi,613631,Maduvinakodi,12.643512825074643,76.91609513769883,Traffic Junction,100,Active,Keragodu PS
CCTV00307_3,Keragodu PS - Traffic Junction CCTV,544,Mandya,5547,Nagamangala,219364.0,Anchechittanahalli,613855,Byranahalli,12.642532385685152,76.9179357132971,Traffic Junction,200,Active,Keragodu PS
CCTV00307_4,Keragodu PS - College CCTV,544,Mandya,5552,Malavalli,219281.0,B.G.Pura,614811,Nanjanayanapura,12.641548813459863,76.9179149544137,College,150,Active,Keragodu PS
CCTV00307_5,Keragodu PS - College CCTV,544,Mandya,5546,Krishnarajpet,219213.0,Beeruvalli,613597,Nandipura,12.642898060658307,76.91824745080744,College,150,Maintenance,Keragodu PS
CCTV00308_1,Kesthur PS - Market CCTV,544,Mandya,5548,Pandavapura,219412.0,Narayanapura,614044,G. Singapura,12.691977922162728,77.0619436492271,Market,200,Active,Kesthur PS
CCTV00308_2,Kesthur PS - Market CCTV,544,Mandya,5547,Nagamangala,219382.0,Kalinganahalli,613757,Shivanahalli,12.692498795926033,77.06121651496835,Market,100,Active,Kesthur PS
CCTV00308_3,Kesthur PS - Traffic Junction CCTV,544,Mandya,5550,Mandya,219343.0,Induvalu,614421,Kiragandur,12.69245165835128,77.06169015616715,Traffic Junction,150,Active,Kesthur PS
CCTV00308_4,Kesthur PS - Bus Stand CCTV,544,Mandya,5547,Nagamangala,272691.0,Hulikere,613853,Honnudikehalli,12.691874810819971,77.0608597157159,Bus Stand,200,Maintenance,Kesthur PS
CCTV00309_1,Kikkeri PS - Bank CCTV,544,Mandya,5549,Shrirangapattana,219426.0,Kirangur,614221,Kirangur,12.769510678221373,76.42353783329717,Bank,100,Active,Kikkeri PS
CCTV00309_2,Kikkeri PS - Government Office CCTV,544,Mandya,5551,Maddur,219246.0,Bidharakote,614520,Gulooru,12.768561961320987,76.42191151451468,Government Office,150,Maintenance,Kikkeri PS
CCTV00309_3,Kikkeri PS - School CCTV,544,Mandya,5546,Krishnarajpet,219214.0,Bharathipuracross,613469,Ballekere,12.768593817709199,76.42275143016272,School,200,Maintenance,Kikkeri PS
CCTV00309_4,Kikkeri PS - College CCTV,544,Mandya,5551,Maddur,219273.0,S I Honnalagere,614651,S.Honnalagere,12.768028648793944,76.42166954099933,College,100,Active,Kikkeri PS
CCTV00310_1,Kirugavalu PS - Railway Station CCTV,544,Mandya,5550,Mandya,219349.0,Mandya Rural,614443,M.G.Badavane,12.357806428497675,76.94490403679549,Railway Station,100,Maintenance,Kirugavalu PS
CCTV00310_2,Kirugavalu PS - ATM CCTV,544,Mandya,5547,Nagamangala,219370.0,Bogadhi,613975,Tiruganahalli,12.35725332976409,76.94560739572158,ATM,200,Maintenance,Kirugavalu PS
CCTV00310_3,Kirugavalu PS - Bank CCTV,544,Mandya,5547,Nagamangala,219378.0,Honakere,614036,Vaddarahali,12.358499979496933,76.94541620277752,Bank,150,Active,Kirugavalu PS
CCTV00310_4,Kirugavalu PS - Traffic Junction CCTV,544,Mandya,5548,Pandavapura,219411.0,Melukote,614053,Melukote,12.358888672901232,76.94651457701764,Traffic Junction,150,Active,Kirugavalu PS
CCTV00311_1,Koppa PS - Government Office CCTV,544,Mandya,5550,Mandya,219363.0,Yaliyur,614464,Yeliyur,12.707626854212918,76.95575878686161,Government Office,100,Maintenance,Koppa PS
CCTV00311_2,Koppa PS - Railway Station CCTV,544,Mandya,5552,Malavalli,219304.0,Lingapatna,614754,Lingapatna,12.708644387954966,76.95831885454444,Railway Station,150,Active,Koppa PS
CCTV00311_3,Koppa PS - Government Office CCTV,544,Mandya,5547,Nagamangala,219374.0,Devaramallanayakanahalli,613914,Kagehosur (B),12.708032535573109,76.9586954502107,Government Office,150,Active,Koppa PS
CCTV00311_4,Koppa PS - Market CCTV,544,Mandya,5551,Maddur,219272.0,Niluvagilu,614523,N.Kodihalli,12.707976631746249,76.95835014018513,Market,100,Active,Koppa PS
CCTV00312_1,Maddur PS - ATM CCTV,544,Mandya,5549,Shrirangapattana,219415.0,Arakere,614270,Arakere,12.588606611190553,77.04279715213538,ATM,100,Active,Maddur PS
CCTV00312_2,Maddur PS - Bus Stand CCTV,544,Mandya,5547,Nagamangala,219386.0,Mannahalli,614019,Chagatahalli,12.58854203217861,77.04282591393479,Bus Stand,100,Active,Maddur PS
CCTV00312_3,Maddur PS - Bank CCTV,544,Mandya,5550,Mandya,219356.0,Shivalli,614428,Maradipura,12.587090447775683,77.04207441147362,Bank,100,Active,Maddur PS
CCTV00312_4,Maddur PS - Government Hospital CCTV,544,Mandya,5546,Krishnarajpet,219215.0,Bookanakere,613648,B.Bachahalli,12.589142893216046,77.04063559288758,Government Hospital,150,Active,Maddur PS
CCTV00312_5,Maddur PS - School CCTV,544,Mandya,5548,Pandavapura,219404.0,K Bettahalli,614198,Purusanakoppalu,12.588581796719236,77.04113479048029,School,100,Active,Maddur PS
CCTV00313_1,Maddur Traffic PS - Market CCTV,544,Mandya,5548,Pandavapura,219412.0,Narayanapura,614097,Valagere Devarahalli,12.588788605936186,77.04240305069122,Market,150,Active,Maddur Traffic PS
CCTV00313_2,Maddur Traffic PS - School CCTV,544,Mandya,5546,Krishnarajpet,219228.0,Mandagere,613583,Bevinahalli,12.589457394111795,77.04160449667108,School,150,Active,Maddur Traffic PS
CCTV00313_3,Maddur Traffic PS - Market CCTV,544,Mandya,5552,Malavalli,219311.0,Purigali,614830,Poorigali,12.588625202556042,77.03963837533898,Market,100,Active,Maddur Traffic PS
CCTV00313_4,Maddur Traffic PS - Traffic Junction CCTV,544,Mandya,5546,Krishnarajpet,219234.0,Sindhagatta,613490,Chikkanayakanahalli,12.588096943018265,77.04204843610412,Traffic Junction,100,Maintenance,Maddur Traffic PS
CCTV00314_1,Malavalli Rural PS - School CCTV,544,Mandya,5546,Krishnarajpet,219220.0,Hariharapura,613568,Kurnenahalli,12.382292535923751,77.05914704110363,School,150,Active,Malavalli Rural PS
CCTV00314_2,Malavalli Rural PS - Bank CCTV,544,Mandya,5547,Nagamangala,219373.0,Devalapura,613950,Kudagabalu,12.382329075156724,77.06021185950152,Bank,100,Maintenance,Malavalli Rural PS
CCTV00314_3,Malavalli Rural PS - School CCTV,544,Mandya,5552,Malavalli,219291.0,Dugganahalli,614673,Hullegala,12.382402194262202,77.05997369281629,School,100,Maintenance,Malavalli Rural PS
CCTV00315_1,Malavalli Town PS - Government Office CCTV,544,Mandya,5546,Krishnarajpet,219227.0,Makavalli,613413,Lingapura,12.383728311565244,77.05934471986285,Government Office,150,Active,Malavalli Town PS
CCTV00315_2,Malavalli Town PS - ATM CCTV,544,Mandya,5550,Mandya,219336.0,Hallegere,614339,Thangalagere,12.382598697894581,77.0610498591665,ATM,200,Active,Malavalli Town PS
CCTV00315_3,Malavalli Town PS - Market CCTV,544,Mandya,5548,Pandavapura,219406.0,Katteri,614144,Narthbank,12.38391624685864,77.060322702768,Market,200,Maintenance,Malavalli Town PS
CCTV00315_4,Malavalli Town PS - Traffic Junction CCTV,544,Mandya,5551,Maddur,219238.0,Abalavadi,614517,Nambinayakana Halli,12.382910740902739,77.05895295524924,Traffic Junction,100,Maintenance,Malavalli Town PS
CCTV00315_5,Malavalli Town PS - Bus Stand CCTV,544,Mandya,5547,Nagamangala,219378.0,Honakere,614011,Alpahalli,12.384300310590076,77.06112086931,Bus Stand,100,Active,Malavalli Town PS
CCTV00316_1,Mandya CEN Crime PS - Government Hospital CCTV,544,Mandya,5551,Maddur,219254.0,Hosakere,614533,Hosakere,12.527427997969037,76.89145125915148,Government Hospital,100,Active,Mandya CEN Crime PS
CCTV00316_2,Mandya CEN Crime PS - Railway Station CCTV,544,Mandya,5550,Mandya,219339.0,Hodaghatta,614381,Chikkabanasavadi,12.526667646532012,76.88948021982695,Railway Station,100,Active,Mandya CEN Crime PS
CCTV00316_3,Mandya CEN Crime PS - ATM CCTV,544,Mandya,5547,Nagamangala,219377.0,Haradanahalli,613907,Dodda Jakkana Halli,12.525913091409803,76.89140601472471,ATM,200,Maintenance,Mandya CEN Crime PS
CCTV00316_4,Mandya CEN Crime PS - Government Hospital CCTV,544,Mandya,5549,Shrirangapattana,219420.0,Darasaguppe,614218,Doddegowdanakoppalu,12.525862107639199,76.89180222456066,Government Hospital,100,Maintenance,Mandya CEN Crime PS
CCTV00316_5,Mandya CEN Crime PS - Government Hospital CCTV,544,Mandya,5550,Mandya,219322.0,Baby,614344,Bidarkatte,12.526603616203479,76.89068157416483,Government Hospital,150,Active,Mandya CEN Crime PS
CCTV00317_1,Mandya Central PS - College CCTV,544,Mandya,5546,Krishnarajpet,219219.0,Haralahalli,613484,Vasanthapura,12.524538351448257,76.88599069669507,College,150,Active,Mandya Central PS
CCTV00317_2,Mandya Central PS - College CCTV,544,Mandya,5552,Malavalli,219285.0,Bydarahalli,614785,Bydarahalli,12.521605530815675,76.88600816079665,College,100,Active,Mandya Central PS
CCTV00317_3,Mandya Central PS - School CCTV,544,Mandya,5549,Shrirangapattana,219416.0,Ballekere,614263,Bettahalli,12.522455516238837,76.88537151131045,School,150,Active,Mandya Central PS
CCTV00317_4,Mandya Central PS - Government Office CCTV,544,Mandya,5549,Shrirangapattana,219416.0,Ballekere,614262,Ballekere,12.522469114040684,76.88388923938032,Government Office,150,Maintenance,Mandya Central PS
CCTV00317_5,Mandya Central PS - College CCTV,544,Mandya,5547,Nagamangala,219382.0,Kalinganahalli,613732,Kalinganahalli,12.522558411305829,76.88626695698687,College,200,Maintenance,Mandya Central PS
CCTV00317_6,Mandya Central PS - ATM CCTV,544,Mandya,5546,Krishnarajpet,219204.0,Aghalaya,613425,Nagaragatta,12.521919355380936,76.88596584321142,ATM,150,Active,Mandya Central PS
CCTV00318_1,Mandya East PS - Government Hospital CCTV,544,Mandya,5552,Malavalli,219311.0,Purigali,614830,Poorigali,12.529333721618867,76.90115088138234,Government Hospital,150,Active,Mandya East PS
CCTV00318_2,Mandya East PS - College CCTV,544,Mandya,5552,Malavalli,219318.0,Yathambadi,614724,Yethambadi,12.528892341037439,76.90130512101948,College,200,Active,Mandya East PS
CCTV00318_3,Mandya East PS - Railway Station CCTV,544,Mandya,5546,Krishnarajpet,219216.0,Chowdenahalli,613398,Dorenahalli,12.529617244737935,76.89964813657198,Railway Station,200,Active,Mandya East PS
CCTV00318_4,Mandya East PS - Government Hospital CCTV,544,Mandya,5551,Maddur,219268.0,Maraliga,614528,Konasale,12.526982838540212,76.90192178379544,Government Hospital,150,Active,Mandya East PS
CCTV00318_5,Mandya East PS - Government Hospital CCTV,544,Mandya,5551,Maddur,219259.0,Kadhalur,614562,Kadalur,12.528849117131877,76.90025418858,Government Hospital,200,Active,Mandya East PS
CCTV00318_6,Mandya East PS - Bus Stand CCTV,544,Mandya,5548,Pandavapura,219391.0,Aralakuppe,614155,Aralakuppenala,12.528090028212011,76.90017376480908,Bus Stand,200,Maintenance,Mandya East PS
CCTV00319_1,Mandya Rural PS - College CCTV,544,Mandya,5549,Shrirangapattana,219435.0,Thadagavadi,614268,Paramandahalli,12.518784304948843,76.8853559475263,College,200,Maintenance,Mandya Rural PS
CCTV00319_2,Mandya Rural PS - Government Hospital CCTV,544,Mandya,5546,Krishnarajpet,219216.0,Chowdenahalli,613637,Jakkanahalli,12.51920788891698,76.88465157219727,Government Hospital,150,Active,Mandya Rural PS
CCTV00319_3,Mandya Rural PS - College CCTV,544,Mandya,5548,Pandavapura,219408.0,Kyathanahalli,614212,Ukkada,12.520211986939266,76.88302024537934,College,100,Active,Mandya Rural PS
CCTV00319_4,Mandya Rural PS - Government Office CCTV,544,Mandya,5547,Nagamangala,219377.0,Haradanahalli,613967,Mallasandra,12.518407814955623,76.88499964337167,Government Office,200,Maintenance,Mandya Rural PS
CCTV00319_5,Mandya Rural PS - Traffic Junction CCTV,544,Mandya,5547,Nagamangala,219376.0,Gondenahalli,613781,Kuchahallikaval,12.520103603554789,76.88528383333495,Traffic Junction,150,Active,Mandya Rural PS
CCTV00320_1,Mandya Traffic PS - Government Office CCTV,544,Mandya,5551,Maddur,219253.0,Hosagavi,614502,D. Malligere,12.528649561176135,76.90169443168173,Government Office,200,Active,Mandya Traffic PS
CCTV00320_2,Mandya Traffic PS - Government Office CCTV,544,Mandya,5546,Krishnarajpet,219219.0,Haralahalli,613495,Hemmadahalli,12.528861466846827,76.90104155570036,Government Office,150,Active,Mandya Traffic PS
CCTV00320_3,Mandya Traffic PS - Bus Stand CCTV,544,Mandya,5546,Krishnarajpet,219233.0,Shilanere,613510,Navilumaranahalli,12.529050833271157,76.90019931258387,Bus Stand,150,Active,Mandya Traffic PS
CCTV00320_4,Mandya Traffic PS - Traffic Junction CCTV,544,Mandya,5548,Pandavapura,219404.0,K Bettahalli,614208,Damadahalli,12.52862096468075,76.8994512615829,Traffic Junction,100,Active,Mandya Traffic PS
CCTV00320_5,Mandya Traffic PS - Government Office CCTV,544,Mandya,5546,Krishnarajpet,219206.0,Aikanahalli,613389,Ankanahalli,12.529331498081024,76.89969404821139,Government Office,200,Maintenance,Mandya Traffic PS
CCTV00321_1,Mandya West PS - Government Hospital CCTV,544,Mandya,5549,Shrirangapattana,219419.0,Chikkaankanahalli,614308,Sugganahalli,12.525585225843079,76.8915218193355,Government Hospital,150,Active,Mandya West PS
CCTV00321_2,Mandya West PS - Bus Stand CCTV,544,Mandya,5546,Krishnarajpet,219236.0,Tendekere,613524,Anchemuddanahalli,12.526362062182637,76.89142111983476,Bus Stand,200,Active,Mandya West PS
CCTV00321_3,Mandya West PS - School CCTV,544,Mandya,5547,Nagamangala,219389.0,Palagrahara,613863,Veerasandra,12.52784080196775,76.89202744507939,School,100,Maintenance,Mandya West PS
CCTV00321_4,Mandya West PS - Bank CCTV,544,Mandya,5547,Nagamangala,219364.0,Anchechittanahalli,613865,Anche Chittanahalli,12.52661285965597,76.89107572622459,Bank,150,Active,Mandya West PS
CCTV00321_5,Mandya West PS - ATM CCTV,544,Mandya,5552,Malavalli,219298.0,Kaggalipura,614809,Vasuvalli,12.526688689437911,76.88993545375494,ATM,200,Maintenance,Mandya West PS
CCTV00322_1,Mandya Women PS - Market CCTV,544,Mandya,5550,Mandya,219323.0,Basaralu,614313,Kodagahalli,12.52991531225984,76.90099429654245,Market,150,Active,Mandya Women PS
CCTV00322_2,Mandya Women PS - Railway Station CCTV,544,Mandya,5547,Nagamangala,219368.0,Bhramhadevarahalli,613990,Honnabettadahosur,12.529956415311398,76.90189295406974,Railway Station,150,Active,Mandya Women PS
CCTV00322_3,Mandya Women PS - Bus Stand CCTV,544,Mandya,5552,Malavalli,219302.0,Kundur,614819,Thenkahalli,12.52734467633447,76.90205767308771,Bus Stand,150,Active,Mandya Women PS
CCTV00322_4,Mandya Women PS - Traffic Junction CCTV,544,Mandya,5547,Nagamangala,219370.0,Bogadhi,613965,Bommanayakanahalli,12.528688622701289,76.89982473962355,Traffic Junction,100,Active,Mandya Women PS
CCTV00322_5,Mandya Women PS - Government Office CCTV,544,Mandya,5547,Nagamangala,219373.0,Devalapura,613950,Kudagabalu,12.527776090659808,76.90160352072334,Government Office,100,Active,Mandya Women PS
CCTV00322_6,Mandya Women PS - Government Office CCTV,544,Mandya,5548,Pandavapura,219401.0,Hiremarali,614169,Ganadahosur,12.52831123357511,76.90081068434336,Government Office,150,Active,Mandya Women PS
CCTV00323_1,Melukote PS - Government Office CCTV,544,Mandya,5549,Shrirangapattana,219420.0,Darasaguppe,614218,Doddegowdanakoppalu,12.661237073083045,76.64878637923184,Government Office,150,Active,Melukote PS
CCTV00323_2,Melukote PS - Traffic Junction CCTV,544,Mandya,5548,Pandavapura,219394.0,Chikkade,614187,Kachenahalli,12.661731879625366,76.64685872824674,Traffic Junction,200,Maintenance,Melukote PS
CCTV00323_3,Melukote PS - College CCTV,544,Mandya,5547,Nagamangala,219369.0,Bindiganavile,613807,B.Mallenahalli,12.660982657705981,76.64890862074257,College,100,Maintenance,Melukote PS
CCTV00323_4,Melukote PS - Bank CCTV,544,Mandya,5550,Mandya,219352.0,Mudagandur,614406,Mudagandur,12.661853034012097,76.64790509832343,Bank,200,Active,Melukote PS
CCTV00323_5,Melukote PS - Market CCTV,544,Mandya,5550,Mandya,219357.0,Shivapura,614328,Shivapura,12.661220450820576,76.64852986552648,Market,100,Active,Melukote PS
CCTV00323_6,Melukote PS - College CCTV,544,Mandya,5546,Krishnarajpet,219215.0,Bookanakere,613639,Modur,12.662135446922086,76.6466861671993,College,100,Active,Melukote PS
CCTV00324_1,Nagamangala Rural PS - Market CCTV,544,Mandya,5551,Maddur,219268.0,Maraliga,614515,Kuntanahalli,12.832134948713868,76.7592860298089,Market,100,Active,Nagamangala Rural PS
CCTV00324_2,Nagamangala Rural PS - Bus Stand CCTV,544,Mandya,5551,Maddur,219276.0,Thaggahalli,614505,Haralakere,12.830989699713209,76.7587842383496,Bus Stand,200,Active,Nagamangala Rural PS
CCTV00324_3,Nagamangala Rural PS - Market CCTV,544,Mandya,5547,Nagamangala,219375.0,Doddabala,613824,Masgonahalli,12.832351686269892,76.75819586719547,Market,100,Active,Nagamangala Rural PS
CCTV00324_4,Nagamangala Rural PS - Bus Stand CCTV,544,Mandya,5551,Maddur,219264.0,Koudle,614494,Bolare,12.830510613947295,76.75801715959705,Bus Stand,100,Maintenance,Nagamangala Rural PS
CCTV00324_5,Nagamangala Rural PS - Bus Stand CCTV,544,Mandya,5552,Malavalli,219314.0,Settihalli,614666,Koregala,12.829749072242791,76.75765406100193,Bus Stand,100,Maintenance,Nagamangala Rural PS
CCTV00324_6,Nagamangala Rural PS - Market CCTV,544,Mandya,5551,Maddur,219259.0,Kadhalur,614560,Maradevanahalli,12.830261648338883,76.75921609437587,Market,200,Active,Nagamangala Rural PS
CCTV00325_1,Nagamangala Town PS - Traffic Junction CCTV,544,Mandya,5549,Shrirangapattana,219433.0,Sabbanakuppe,614226,Siddapura,12.819235550241697,76.75767823874483,Traffic Junction,200,Active,Nagamangala Town PS
CCTV00325_2,Nagamangala Town PS - Government Office CCTV,544,Mandya,5552,Malavalli,219288.0,D.Halasahalli,614734,Halasahalli,12.8198230513463,76.75519990400612,Government Office,200,Active,Nagamangala Town PS
CCTV00325_3,Nagamangala Town PS - Government Hospital CCTV,544,Mandya,5546,Krishnarajpet,219225.0,Madapura,613363,Madapura,12.820104792718064,76.75608544299658,Government Hospital,100,Maintenance,Nagamangala Town PS
CCTV00325_4,Nagamangala Town PS - Government Office CCTV,544,Mandya,5551,Maddur,219257.0,K. Bellur,614598,Bheemanakere,12.821247610758574,76.75706558236183,Government Office,200,Active,Nagamangala Town PS
CCTV00325_5,Nagamangala Town PS - ATM CCTV,544,Mandya,5546,Krishnarajpet,219216.0,Chowdenahalli,613414,Hodakahalli,12.818784117608914,76.7555788034385,ATM,150,Active,Nagamangala Town PS
CCTV00326_1,Pandavapura PS - Traffic Junction CCTV,544,Mandya,5552,Malavalli,219317.0,Thorekadanahalli,614758,Nitthur Kodihalli,12.5023181593167,76.674134609334,Traffic Junction,150,Active,Pandavapura PS
CCTV00326_2,Pandavapura PS - Railway Station CCTV,544,Mandya,5547,Nagamangala,219364.0,Anchechittanahalli,613841,Begamangala,12.503445777979481,76.67401195758812,Railway Station,100,Maintenance,Pandavapura PS
CCTV00326_3,Pandavapura PS - Bank CCTV,544,Mandya,5550,Mandya,219337.0,Haluvadi,614478,Cheeranahalli,12.502215610119126,76.67435754432385,Bank,150,Active,Pandavapura PS
CCTV00327_1,Shivalli PS - Traffic Junction CCTV,544,Mandya,5547,Nagamangala,,,613701,Ambaljeeranahalli,12.58496966643135,76.82337666503858,Traffic Junction,150,Active,Shivalli PS
CCTV00327_2,Shivalli PS - College CCTV,544,Mandya,5548,Pandavapura,219395.0,Chinakurali,614118,Kurubaramallenahalli,12.586481672747048,76.8243806996965,College,200,Active,Shivalli PS
CCTV00327_3,Shivalli PS - Government Hospital CCTV,544,Mandya,5547,Nagamangala,219385.0,Lalanakere,613786,Chattenahalli,12.58684982166944,76.82465193489884,Government Hospital,100,Maintenance,Shivalli PS
CCTV00327_4,Shivalli PS - Bank CCTV,544,Mandya,5546,Krishnarajpet,219233.0,Shilanere,613507,Bommanaykanahalli,12.586415082453616,76.82321046749907,Bank,100,Active,Shivalli PS
CCTV00328_1,Srirangapatna PS - School CCTV,544,Mandya,5546,Krishnarajpet,219228.0,Mandagere,613589,Mudanahally,12.423652704131547,76.683722458765,School,200,Active,Srirangapatna PS
CCTV00328_2,Srirangapatna PS - Market CCTV,544,Mandya,5552,Malavalli,219298.0,Kaggalipura,614838,Haladasanahalli,12.423506454030372,76.68425227604831,Market,200,Maintenance,Srirangapatna PS
CCTV00328_3,Srirangapatna PS - Bank CCTV,544,Mandya,5548,Pandavapura,219404.0,K Bettahalli,614205,Kurubarabettahalli,12.424011476644068,76.6844409597559,Bank,200,Active,Srirangapatna PS
CCTV00328_4,Srirangapatna PS - Bank CCTV,544,Mandya,5546,Krishnarajpet,219219.0,Haralahalli,613495,Hemmadahalli,12.422902851251633,76.68280008367832,Bank,200,Active,Srirangapatna PS
CCTV00328_5,Srirangapatna PS - Bank CCTV,544,Mandya,5547,Nagamangala,219364.0,Anchechittanahalli,613864,Kachenahalli,12.422555466347985,76.68212589355615,Bank,200,Maintenance,Srirangapatna PS
CCTV00328_6,Srirangapatna PS - Bank CCTV,544,Mandya,5546,Krishnarajpet,219224.0,Lakshmi Pura,613382,Uddinamallanahosur,12.423332144107327,76.68452865941086,Bank,100,Active,Srirangapatna PS
CCTV00329_1,Srirangapatna Rural PS - Government Hospital CCTV,544,Mandya,5546,Krishnarajpet,219225.0,Madapura,613474,Kotagahalli,12.416038072175303,76.69168325899685,Government Hospital,150,Active,Srirangapatna Rural PS
CCTV00329_2,Srirangapatna Rural PS - Bank CCTV,544,Mandya,5548,Pandavapura,219414.0,T.S. Chatra,614162,Thonnur,12.414068418096988,76.69036248666269,Bank,200,Active,Srirangapatna Rural PS
CCTV00329_3,Srirangapatna Rural PS - School CCTV,544,Mandya,5550,Mandya,219344.0,Kambadahalli,614324,Kambadahalli,12.41359313046511,76.69147051085568,School,150,Maintenance,Srirangapatna Rural PS
CCTV00330_1,APMC Yard PS - Traffic Junction CCTV,527,Belagavi,5439,Khanapur,215974.0,Kodacawad,597903,Deminkop,15.130971455460832,76.9213480850784,Traffic Junction,100,Active,APMC Yard PS
CCTV00330_2,APMC Yard PS - Bank CCTV,527,Belagavi,5441,Savadatti,216030.0,Tadasalur,598203,Jangamabudagatti,15.130954537457644,76.92231424892552,Bank,100,Active,APMC Yard PS
CCTV00330_3,APMC Yard PS - ATM CCTV,527,Belagavi,5441,Savadatti,216022.0,Murgod,598205,Murgod,15.132628664406823,76.92235904256854,ATM,100,Active,APMC Yard PS
CCTV00330_4,APMC Yard PS - Traffic Junction CCTV,527,Belagavi,5441,Savadatti,216030.0,Tadasalur,598201,Halaki,15.133263416282421,76.92031583480711,Traffic Junction,100,Active,APMC Yard PS
CCTV00330_5,APMC Yard PS - College CCTV,527,Belagavi,5440,Bailahongala,215751.0,Kenganur,598135,Kenganoor,15.132402956186151,76.92155966842931,College,200,Active,APMC Yard PS
CCTV00330_6,APMC Yard PS - Traffic Junction CCTV,527,Belagavi,5436,Gokak,215866.0,Kundaragi,597471,Kundargi,15.13176209839838,76.92222224185646,Traffic Junction,150,Active,APMC Yard PS
CCTV00331_1,Bagewadi PS - Traffic Junction CCTV,527,Belagavi,5441,Savadatti,216002.0,Goravanakolla,598246,Saundatti (Rural),15.775525043920323,74.63705488069785,Traffic Junction,150,Active,Bagewadi PS
CCTV00331_2,Bagewadi PS - Bus Stand CCTV,527,Belagavi,5440,Bailahongala,215743.0,H.Nagalapur,598132,Gudadur,15.776292901547182,74.63827464036426,Bus Stand,150,Active,Bagewadi PS
CCTV00331_3,Bagewadi PS - Traffic Junction CCTV,527,Belagavi,5439,Khanapur,215966.0,Jamboti,597825,Olamani,15.774987117193774,74.6389175315704,Traffic Junction,150,Active,Bagewadi PS
CCTV00331_4,Bagewadi PS - ATM CCTV,527,Belagavi,5440,Bailahongala,215751.0,Kenganur,598135,Kenganoor,15.774962054599563,74.63922388416302,ATM,150,Active,Bagewadi PS
CCTV00331_5,Bagewadi PS - Bus Stand CCTV,527,Belagavi,5437,Hukkeri,215930.0,Nerali,597572,Nerli,15.775417342797981,74.63803790980793,Bus Stand,200,Active,Bagewadi PS
CCTV00332_1,Belagavi City CEN Crime PS - Government Hospital CCTV,527,Belagavi,7043,Kittur,215763.0,Nichanaki,598113,Shivanur,15.872097187948551,74.52913365317482,Government Hospital,150,Active,Belagavi City CEN Crime PS
CCTV00332_2,Belagavi City CEN Crime PS - Government Office CCTV,527,Belagavi,5439,Khanapur,215952.0,Gandigawad,597908,Hire-Angrolli,15.87494239207109,74.53024970403277,Government Office,150,Active,Belagavi City CEN Crime PS
CCTV00332_3,Belagavi City CEN Crime PS - Traffic Junction CCTV,527,Belagavi,5441,Savadatti,215995.0,Aratagal,598259,Kitadal,15.874095152254249,74.52929710769618,Traffic Junction,100,Active,Belagavi City CEN Crime PS
CCTV00332_4,Belagavi City CEN Crime PS - School CCTV,527,Belagavi,5439,Khanapur,215947.0,Bekawad,597901,Khairwad,15.87226344650132,74.52866302953946,School,200,Active,Belagavi City CEN Crime PS
CCTV00332_5,Belagavi City CEN Crime PS - Government Hospital CCTV,527,Belagavi,5438,Belagavi,215696.0,K K Koppa,939170,Hulyanuru,15.873063363916993,74.5303967325768,Government Hospital,100,Active,Belagavi City CEN Crime PS
CCTV00333_1,Belagavi Rural PS - Government Office CCTV,527,Belagavi,5436,Gokak,215862.0,Kolavi,597458,Gokak (Rural),15.833830900782013,74.51508497104535,Government Office,100,Active,Belagavi Rural PS
CCTV00333_2,Belagavi Rural PS - School CCTV,527,Belagavi,5439,Khanapur,215959.0,Halakarni,597865,Halakarni,15.834426554580709,74.51349943174003,School,100,Active,Belagavi Rural PS
CCTV00333_3,Belagavi Rural PS - ATM CCTV,527,Belagavi,5436,Gokak,215866.0,Kundaragi,597471,Kundargi,15.83204467243503,74.51323467503912,ATM,150,Active,Belagavi Rural PS
CCTV00333_4,Belagavi Rural PS - School CCTV,527,Belagavi,5436,Gokak,215877.0,Nallanatti,597446,Basaligundi,15.833173501070686,74.51504633652749,School,150,Active,Belagavi Rural PS
CCTV00333_5,Belagavi Rural PS - Government Hospital CCTV,527,Belagavi,5439,Khanapur,215951.0,Devalatti,597856,Devalatti,15.833263247137477,74.51487269497349,Government Hospital,100,Active,Belagavi Rural PS
CCTV00333_6,Belagavi Rural PS - School CCTV,527,Belagavi,7195,Yaragatti,216020.0,Mugalihal,598158,Mugalihal,15.832077408040355,74.51434788144486,School,200,Active,Belagavi Rural PS
CCTV00334_1,Belgaum North Traffic PS - Railway Station CCTV,527,Belagavi,5436,Gokak,215845.0,Badigavad,597433,Badigwad,15.862576529309464,74.51249316988469,Railway Station,150,Maintenance,Belgaum North Traffic PS
CCTV00334_2,Belgaum North Traffic PS - Government Office CCTV,527,Belagavi,5438,Belagavi,215691.0,Handiganur,597677,Kurihal (B.K),15.86228411667434,74.51170912964906,Government Office,200,Active,Belgaum North Traffic PS
CCTV00334_3,Belgaum North Traffic PS - College CCTV,527,Belagavi,5441,Savadatti,216032.0,Teggihal,598257,Teggihal,15.862220966475544,74.51456511886747,College,100,Active,Belgaum North Traffic PS
CCTV00334_4,Belgaum North Traffic PS - School CCTV,527,Belagavi,5438,Belagavi,215683.0,Belawatti,597736,Baknur,15.863535255059926,74.51245765096354,School,200,Active,Belgaum North Traffic PS
CCTV00334_5,Belgaum North Traffic PS - Bank CCTV,527,Belagavi,5442,Ramdurg,216048.0,Hanamapur,598326,Aneguddi,15.863699861906682,74.51233482097261,Bank,150,Active,Belgaum North Traffic PS
CCTV00334_6,Belgaum North Traffic PS - Bank CCTV,527,Belagavi,5437,Hukkeri,215911.0,Hospet,597622,Hattialur,15.8645371839354,74.51278236624032,Bank,200,Active,Belgaum North Traffic PS
CCTV00335_1,Belgaum South Traffic PS - Government Hospital CCTV,527,Belagavi,7099,Mudalgi,215875.0,Munyal,597424,Rangapur,15.857475815548524,74.50612384125995,Government Hospital,150,Active,Belgaum South Traffic PS
CCTV00335_2,Belgaum South Traffic PS - Railway Station CCTV,527,Belagavi,7100,Kagwad,215648.0,Mole,597293,Katral,15.856059047231723,74.50445047557162,Railway Station,100,Active,Belgaum South Traffic PS
CCTV00335_3,Belgaum South Traffic PS - Traffic Junction CCTV,527,Belagavi,5437,Hukkeri,215921.0,Kot,597645,Khavanewadi,15.856095801885798,74.5056480556341,Traffic Junction,150,Active,Belgaum South Traffic PS
CCTV00335_4,Belgaum South Traffic PS - ATM CCTV,527,Belagavi,5442,Ramdurg,216066.0,Sunnahal,598358,Kankanwadi,15.857003353426323,74.50678694859664,ATM,150,Active,Belgaum South Traffic PS
CCTV00335_5,Belgaum South Traffic PS - Traffic Junction CCTV,527,Belagavi,5440,Bailahongala,215761.0,Neginhal,598070,Neginhal,15.85762105692887,74.50627291913227,Traffic Junction,100,Active,Belgaum South Traffic PS
CCTV00336_1,Camp PS - Government Office CCTV,527,Belagavi,5440,Bailahongala,215739.0,Deshanur,598024,Mohare,15.854061925648764,74.50305892653155,Government Office,100,Active,Camp PS
CCTV00336_2,Camp PS - Government Office CCTV,527,Belagavi,5434,Athni,215649.0,Muragundi,597297,Muragundi,15.855805262429861,74.50477867898137,Government Office,100,Maintenance,Camp PS
CCTV00336_3,Camp PS - Bus Stand CCTV,527,Belagavi,5440,Bailahongala,215730.0,Bailwad,598069,Yaradal,15.853678933650457,74.50365536951462,Bus Stand,150,Maintenance,Camp PS
CCTV00336_4,Camp PS - Bank CCTV,527,Belagavi,7100,Kagwad,215668.0,Ugar B K,597283,Ugar Budruk,15.854795627914818,74.5037253970006,Bank,200,Active,Camp PS
CCTV00337_1,Kakati PS - Government Office CCTV,527,Belagavi,5435,Raybag,216088.0,Khemlapur,597387,Khemalapur,15.930717702953046,74.52682241046043,Government Office,150,Active,Kakati PS
CCTV00337_2,Kakati PS - Traffic Junction CCTV,527,Belagavi,5437,Hukkeri,215935.0,Shabandar,597651,Shahabandar,15.930814757852659,74.52603315280425,Traffic Junction,100,Active,Kakati PS
CCTV00337_3,Kakati PS - Market CCTV,527,Belagavi,7099,Mudalgi,,,597416,Naganur,15.928791740392759,74.52680789112385,Market,150,Active,Kakati PS
CCTV00337_4,Kakati PS - College CCTV,527,Belagavi,5440,Bailahongala,215758.0,Mekalamardi,598036,Kalkuppi,15.929286634778824,74.52764258589144,College,100,Active,Kakati PS
CCTV00337_5,Kakati PS - College CCTV,527,Belagavi,5439,Khanapur,215949.0,Bijagarni,597953,Padalwadi,15.931147971029294,74.52857621939042,College,100,Active,Kakati PS
CCTV00338_1,Khadebazar PS - Traffic Junction CCTV,527,Belagavi,5441,Savadatti,216023.0,Rudrapur,598208,Karimani,15.862834028991987,74.51160896464367,Traffic Junction,150,Active,Khadebazar PS
CCTV00338_2,Khadebazar PS - Traffic Junction CCTV,527,Belagavi,5440,Bailahongala,215764.0,Pattihal K.B,598143,Pattihal K.B.,15.86266385314458,74.50926659543543,Traffic Junction,100,Active,Khadebazar PS
CCTV00338_3,Khadebazar PS - Traffic Junction CCTV,527,Belagavi,5437,Hukkeri,215918.0,Kesthi,597562,Akkiwat,15.863634605279254,74.51096037624079,Traffic Junction,150,Active,Khadebazar PS
CCTV00338_4,Khadebazar PS - Market CCTV,527,Belagavi,5436,Gokak,273239.0,Midakanatti,597500,Kesappanatti,15.86306871895774,74.51116606628823,Market,100,Active,Khadebazar PS
CCTV00338_5,Khadebazar PS - Market CCTV,527,Belagavi,5439,Khanapur,215968.0,Kakkeri,598016,Kakkeri,15.861654579894589,74.51032384894428,Market,100,Active,Khadebazar PS
CCTV00339_1,Malamaruthi PS - Traffic Junction CCTV,527,Belagavi,5435,Raybag,216077.0,Byakud,597374,Biranal,15.88235128942667,74.52779810998894,Traffic Junction,150,Maintenance,Malamaruthi PS
CCTV00339_2,Malamaruthi PS - Bus Stand CCTV,527,Belagavi,5441,Savadatti,216022.0,Murgod,598205,Murgod,15.880560806005693,74.52895249477045,Bus Stand,150,Active,Malamaruthi PS
CCTV00339_3,Malamaruthi PS - Bus Stand CCTV,527,Belagavi,5441,Savadatti,216022.0,Murgod,598204,Shivanagar,15.882257973468368,74.52927325832862,Bus Stand,100,Maintenance,Malamaruthi PS
CCTV00339_4,Malamaruthi PS - Government Office CCTV,527,Belagavi,5433,Chikodi,215820.0,Mugali,597232,Kamatyanahatti,15.880536155863268,74.5289539486104,Government Office,200,Maintenance,Malamaruthi PS
CCTV00339_5,Malamaruthi PS - School CCTV,527,Belagavi,5440,Bailahongala,215757.0,Marikatti,598057,Navalgatti,15.88041592684359,74.52845557896227,School,200,Active,Malamaruthi PS
CCTV00340_1,Marihal PS - Government Office CCTV,527,Belagavi,7105,Nippani,215791.0,Galataga,597165,Bhimapurwadi,15.880213867709362,74.6648052613785,Government Office,150,Active,Marihal PS
CCTV00340_2,Marihal PS - Bus Stand CCTV,527,Belagavi,5433,Chikodi,215820.0,Mugali,597232,Kamatyanahatti,15.879988255558747,74.66376193090771,Bus Stand,200,Maintenance,Marihal PS
CCTV00340_3,Marihal PS - Bus Stand CCTV,527,Belagavi,7043,Kittur,215763.0,Nichanaki,598112,Nichanaki,15.880428337777673,74.66519434997387,Bus Stand,150,Active,Marihal PS
CCTV00341_1,Market PS - Government Office CCTV,527,Belagavi,5436,Gokak,215852.0,Duradundi,597431,Duradundi,15.863378606935829,74.51864868706882,Government Office,100,Maintenance,Market PS
CCTV00341_2,Market PS - Railway Station CCTV,527,Belagavi,5436,Gokak,215853.0,Gosabal,597540,Bagarnal,15.861872846506646,74.52001742589164,Railway Station,150,Maintenance,Market PS
CCTV00341_3,Market PS - Bank CCTV,527,Belagavi,5441,Savadatti,216006.0,Hirekumbi,598254,Dhaderkoppa,15.863659892288888,74.51900135839641,Bank,200,Active,Market PS
CCTV00341_4,Market PS - Market CCTV,527,Belagavi,5437,Hukkeri,215898.0,Basapur,597656,Shirur,15.862201559298638,74.5193374426132,Market,150,Active,Market PS
CCTV00341_5,Market PS - School CCTV,527,Belagavi,5433,Chikodi,215798.0,Janwad,597153,Janwad,15.863591963091151,74.51914567839167,School,100,Active,Market PS
CCTV00341_6,Market PS - Government Hospital CCTV,527,Belagavi,5438,Belagavi,215680.0,Bambarga,948373,Dharanahatti,15.862110278112029,74.52040028303404,Government Hospital,150,Maintenance,Market PS
CCTV00342_1,Shahapura PS - Government Office CCTV,527,Belagavi,5435,Raybag,216076.0,Bhirdi,597358,Bhiradi,15.837450463959758,74.5178062348864,Government Office,200,Active,Shahapura PS
CCTV00342_2,Shahapura PS - Government Office CCTV,527,Belagavi,5440,Bailahongala,215743.0,H.Nagalapur,598131,Holinagalapur,15.83928029983019,74.51806676171323,Government Office,100,Active,Shahapura PS
CCTV00342_3,Shahapura PS - College CCTV,527,Belagavi,5437,Hukkeri,215942.0,Yelimunalli,597600,Jabapur (R),15.839335032526883,74.51894661120608,College,150,Active,Shahapura PS
CCTV00342_4,Shahapura PS - Bank CCTV,527,Belagavi,5442,Ramdurg,216066.0,Sunnahal,598357,Aribenchi,15.839465432329316,74.51935218417677,Bank,100,Active,Shahapura PS
CCTV00342_5,Shahapura PS - ATM CCTV,527,Belagavi,5436,Gokak,215856.0,Hirenandi,597486,Herenandi,15.837572435999911,74.51663044607213,ATM,150,Active,Shahapura PS
CCTV00343_1,Tilakwadi PS - Railway Station CCTV,527,Belagavi,5438,Belagavi,215681.0,Bastawada,597775,Kondaskoppa,15.836487795403023,74.50271573521036,Railway Station,150,Maintenance,Tilakwadi PS
CCTV00343_2,Tilakwadi PS - ATM CCTV,527,Belagavi,5436,Gokak,273235.0,Dandapura,597432,Ganeshwadi,15.834817311404835,74.50286387583255,ATM,200,Maintenance,Tilakwadi PS
CCTV00343_3,Tilakwadi PS - Traffic Junction CCTV,527,Belagavi,7099,Mudalgi,215890.0,Vaderahatti,597453,Waderatti,15.834945368327606,74.50109150928924,Traffic Junction,200,Active,Tilakwadi PS
CCTV00343_4,Tilakwadi PS - Bank CCTV,527,Belagavi,7105,Nippani,215813.0,Kurli,597118,Kurli,15.834612116765602,74.50029559138198,Bank,200,Active,Tilakwadi PS
CCTV00343_5,Tilakwadi PS - Traffic Junction CCTV,527,Belagavi,5435,Raybag,216077.0,Byakud,597374,Biranal,15.836664702159412,74.5030285134831,Traffic Junction,200,Active,Tilakwadi PS
CCTV00343_6,Tilakwadi PS - Bank CCTV,527,Belagavi,5436,Gokak,215866.0,Kundaragi,597472,Dhasanatti,15.834858012455527,74.50190738263251,Bank,100,Active,Tilakwadi PS
CCTV00344_1,Udyambag PS - Government Office CCTV,527,Belagavi,5436,Gokak,215887.0,Tawaga,597480,Kaitanal,15.82004603955378,74.49168115291207,Government Office,200,Active,Udyambag PS
CCTV00344_2,Udyambag PS - College CCTV,527,Belagavi,5438,Belagavi,215680.0,Bambarga,597671,Godihal,15.821331017345617,74.49114912807501,College,100,Active,Udyambag PS
CCTV00344_3,Udyambag PS - Traffic Junction CCTV,527,Belagavi,5440,Bailahongala,215743.0,H.Nagalapur,598131,Holinagalapur,15.81985752439588,74.49005110318475,Traffic Junction,200,Active,Udyambag PS
CCTV00344_4,Udyambag PS - Traffic Junction CCTV,527,Belagavi,5436,Gokak,215883.0,Sidhikurabet,597443,Shindikurbet,15.82177277958304,74.48998506654274,Traffic Junction,200,Active,Udyambag PS
CCTV00344_5,Udyambag PS - College CCTV,527,Belagavi,7105,Nippani,215791.0,Galataga,597167,Dilalapurwadi,15.821002724909844,74.49029138695994,College,100,Active,Udyambag PS
CCTV00344_6,Udyambag PS - Bank CCTV,527,Belagavi,5436,Gokak,215877.0,Nallanatti,597446,Basaligundi,15.820000128841682,74.49063718659204,Bank,100,Active,Udyambag PS
CCTV00345_1,Women PS - Market CCTV,527,Belagavi,5439,Khanapur,215978.0,Mangenkopp,597999,Kasamalagi,15.857371585305492,74.50612238888522,Market,200,Maintenance,Women PS
CCTV00345_2,Women PS - School CCTV,527,Belagavi,5435,Raybag,216103.0,Savsuddi,597405,Savasuddi,15.859131442042905,74.50648965599522,School,100,Active,Women PS
CCTV00345_3,Women PS - Bank CCTV,527,Belagavi,5440,Bailahongala,215731.0,Belavadi,598142,Belawadi,15.85770221379666,74.50564250548089,Bank,100,Maintenance,Women PS
CCTV00345_4,Women PS - Market CCTV,527,Belagavi,5441,Savadatti,216009.0,Hosur,598213,Hosur,15.858904781711635,74.50475472442214,Market,100,Active,Women PS
CCTV00345_5,Women PS - Government Hospital CCTV,527,Belagavi,5434,Athni,215662.0,Shegunashi,597315,Shegunshi,15.858068683466767,74.50522874053284,Government Hospital,100,Active,Women PS
CCTV00346_1,Bajpe PS - Bank CCTV,534,Dakshina Kannada,5564,Puttur,273298.0,Kudippadi,617687,Kudippadi,12.979955121719863,74.89277741618722,Bank,100,Maintenance,Bajpe PS
CCTV00346_2,Bajpe PS - Market CCTV,534,Dakshina Kannada,5561,Mangaluru,217318.0,Muchuru,617482,Kompadavu,12.979404050636639,74.89391050916595,Market,100,Maintenance,Bajpe PS
CCTV00346_3,Bajpe PS - Government Hospital CCTV,534,Dakshina Kannada,7104,Kadaba,217366.0,Noojibalthila,617711,Noojibalthila,12.980911353204288,74.89358328264467,Government Hospital,100,Active,Bajpe PS
CCTV00346_4,Bajpe PS - Traffic Junction CCTV,534,Dakshina Kannada,7104,Kadaba,217338.0,Aithuru,617730,Aithoor,12.980493186487871,74.8913040977532,Traffic Junction,150,Maintenance,Bajpe PS
CCTV00347_1,Barke PS - Market CCTV,534,Dakshina Kannada,7198,Mulki,217307.0,Kemral,617444,Koikude,12.886451639326147,74.83173656974037,Market,100,Active,Barke PS
CCTV00347_2,Barke PS - ATM CCTV,534,Dakshina Kannada,5563,Beltangadi,217274.0,Nada,617643,Nada,12.887480810028693,74.8311076435286,ATM,150,Active,Barke PS
CCTV00347_3,Barke PS - Government Hospital CCTV,534,Dakshina Kannada,7198,Mulki,,,617449,Kondemula,12.88551163759078,74.83219380919293,Government Hospital,200,Active,Barke PS
CCTV00347_4,Barke PS - Government Hospital CCTV,534,Dakshina Kannada,5561,Mangaluru,,,938786,Kannuru,12.886609474031282,74.83235460601821,Government Hospital,150,Active,Barke PS
CCTV00347_5,Barke PS - School CCTV,534,Dakshina Kannada,5563,Beltangadi,217271.0,Melanthabettu,617646,Melanthabettu,12.887828426513767,74.83339200774239,School,100,Active,Barke PS
CCTV00348_1,Cyber Crime PS Mangaluru City - Railway Station CCTV,534,Dakshina Kannada,5565,Sulya,217378.0,Aranthodu,617769,Thodikana,12.864863383454672,74.83374796453819,Railway Station,100,Maintenance,Cyber Crime PS Mangaluru City
CCTV00348_2,Cyber Crime PS Mangaluru City - Bus Stand CCTV,534,Dakshina Kannada,7104,Kadaba,217370.0,Savanuru,617722,Palthadi,12.865408308289503,74.83445014433038,Bus Stand,150,Active,Cyber Crime PS Mangaluru City
CCTV00348_3,Cyber Crime PS Mangaluru City - ATM CCTV,534,Dakshina Kannada,5561,Mangaluru,217297.0,Chelairu,617473,Madya,12.865105892727586,74.83445074755686,ATM,150,Maintenance,Cyber Crime PS Mangaluru City
CCTV00348_4,Cyber Crime PS Mangaluru City - Railway Station CCTV,534,Dakshina Kannada,5563,Beltangadi,217258.0,Kaliaya,617661,Kaliya,12.864078020760255,74.83254688021441,Railway Station,100,Maintenance,Cyber Crime PS Mangaluru City
CCTV00348_5,Cyber Crime PS Mangaluru City - Bank CCTV,534,Dakshina Kannada,7198,Mulki,217293.0,Balkunje,617427,Balkunje,12.864274570421701,74.83497699762856,Bank,100,Active,Cyber Crime PS Mangaluru City
CCTV00349_1,E and N Crime PS Mangaluru City - Traffic Junction CCTV,534,Dakshina Kannada,7104,Kadaba,217370.0,Savanuru,617721,Punachpady,12.855887797897202,74.84126053195459,Traffic Junction,150,Active,E and N Crime PS Mangaluru City
CCTV00349_2,E and N Crime PS Mangaluru City - ATM CCTV,534,Dakshina Kannada,5562,Bantval,217235.0,Sajipamunnuru,617601,Munnuru (Ct),12.855838433240779,74.8385075870226,ATM,200,Active,E and N Crime PS Mangaluru City
CCTV00349_3,E and N Crime PS Mangaluru City - Railway Station CCTV,534,Dakshina Kannada,7197,Ullala,217315.0,Manjanady,617520,Manjanady (Ct),12.855340883188184,74.84117282463167,Railway Station,200,Active,E and N Crime PS Mangaluru City
CCTV00350_1,Kankanady Town PS - Traffic Junction CCTV,534,Dakshina Kannada,5562,Bantval,217238.0,Sarapadi,617548,Sarapady,12.869662958608371,74.87285647054964,Traffic Junction,150,Active,Kankanady Town PS
CCTV00350_2,Kankanady Town PS - ATM CCTV,534,Dakshina Kannada,5562,Bantval,217206.0,Golthamajalu,617571,Golthamajal,12.87058514995429,74.87237450506876,ATM,200,Active,Kankanady Town PS
CCTV00350_3,Kankanady Town PS - Government Office CCTV,534,Dakshina Kannada,7198,Mulki,217323.0,Padupanambur,617438,Thokur-(10),12.870784510998208,74.87233868551776,Government Office,150,Active,Kankanady Town PS
CCTV00351_1,Kavoor PS - Railway Station CCTV,534,Dakshina Kannada,5561,Mangaluru,,,938785,Kankanadi B,12.92469388440643,74.84902868933248,Railway Station,150,Active,Kavoor PS
CCTV00351_2,Kavoor PS - Government Office CCTV,534,Dakshina Kannada,5564,Puttur,217350.0,Hirebandady,617694,Hirebandadi,12.925616727819436,74.84876910108979,Government Office,150,Active,Kavoor PS
CCTV00351_3,Kavoor PS - College CCTV,534,Dakshina Kannada,5564,Puttur,217358.0,Kolthige,617751,Kolthige,12.92481693114211,74.85050589031631,College,100,Active,Kavoor PS
CCTV00351_4,Kavoor PS - ATM CCTV,534,Dakshina Kannada,5564,Puttur,217356.0,Kodimbady,617690,Kodimbady,12.923054432115121,74.85059401526581,ATM,100,Active,Kavoor PS
CCTV00352_1,Konaje PS - Market CCTV,534,Dakshina Kannada,7104,Kadaba,217354.0,Kaukrady,617701,Ichlampady,12.81093893924222,74.91639827869038,Market,150,Active,Konaje PS
CCTV00352_2,Konaje PS - School CCTV,534,Dakshina Kannada,7198,Mulki,,,617439,Elathur,12.810618705473239,74.91551770854332,School,150,Active,Konaje PS
CCTV00352_3,Konaje PS - Traffic Junction CCTV,534,Dakshina Kannada,5562,Bantval,217210.0,Kanyana,617588,Kanyana,12.809392301915926,74.91683954077361,Traffic Junction,150,Active,Konaje PS
CCTV00353_1,Mangalore East PS - Traffic Junction CCTV,534,Dakshina Kannada,5563,Beltangadi,217253.0,Charmadi,617639,Charmadi,12.891760177593751,74.85381115412913,Traffic Junction,150,Maintenance,Mangalore East PS
CCTV00353_2,Mangalore East PS - Railway Station CCTV,534,Dakshina Kannada,5565,Sulya,217378.0,Aranthodu,617770,Aranthodu,12.889471260760093,74.8539106602625,Railway Station,150,Active,Mangalore East PS
CCTV00353_3,Mangalore East PS - School CCTV,534,Dakshina Kannada,7198,Mulki,217289.0,Aikala,617440,Elinje,12.889062946443968,74.85269362699519,School,150,Active,Mangalore East PS
CCTV00354_1,Mangalore East Traffic PS - Bank CCTV,534,Dakshina Kannada,5562,Bantval,217233.0,Rayee,617534,Koila,12.890673358250815,74.85200242536312,Bank,100,Active,Mangalore East Traffic PS
CCTV00354_2,Mangalore East Traffic PS - Government Office CCTV,534,Dakshina Kannada,5563,Beltangadi,217255.0,Hosangady,617614,Badakodi,12.891799045659193,74.85158347226223,Government Office,150,Active,Mangalore East Traffic PS
CCTV00354_3,Mangalore East Traffic PS - Bank CCTV,534,Dakshina Kannada,5562,Bantval,217211.0,Kariangala,617597,Kariyangala (Ct),12.889464268399497,74.85227946827796,Bank,100,Active,Mangalore East Traffic PS
CCTV00354_4,Mangalore East Traffic PS - Government Hospital CCTV,534,Dakshina Kannada,5561,Mangaluru,,,938785,Kankanadi B,12.889261974360567,74.85406130422587,Government Hospital,200,Active,Mangalore East Traffic PS
CCTV00354_5,Mangalore East Traffic PS - Traffic Junction CCTV,534,Dakshina Kannada,5561,Mangaluru,217336.0,Yekkaru,617476,Badagayekkaru,12.888829403595869,74.85245029501661,Traffic Junction,150,Active,Mangalore East Traffic PS
CCTV00354_6,Mangalore East Traffic PS - Government Office CCTV,534,Dakshina Kannada,5561,Mangaluru,217297.0,Chelairu,617473,Madya,12.891576292138353,74.85278931681886,Government Office,200,Active,Mangalore East Traffic PS
CCTV00355_1,Mangalore North PS - Bus Stand CCTV,534,Dakshina Kannada,5562,Bantval,217201.0,Badagabelluru,617555,Tenkabellur,12.864600664442309,74.83248759207672,Bus Stand,200,Maintenance,Mangalore North PS
CCTV00355_2,Mangalore North PS - Government Hospital CCTV,534,Dakshina Kannada,7198,Mulki,,,938795,3 Karnadu,12.863838304388729,74.83293045317222,Government Hospital,150,Maintenance,Mangalore North PS
CCTV00355_3,Mangalore North PS - Traffic Junction CCTV,534,Dakshina Kannada,5564,Puttur,217362.0,Munduru,617738,Mundoor,12.864137455324853,74.83240913725969,Traffic Junction,100,Active,Mangalore North PS
CCTV00355_4,Mangalore North PS - Government Office CCTV,534,Dakshina Kannada,5564,Puttur,217342.0,Badagannuru,617747,Badagannur,12.865099254721136,74.83396614424812,Government Office,100,Active,Mangalore North PS
CCTV00355_5,Mangalore North PS - Bank CCTV,534,Dakshina Kannada,5561,Mangaluru,,,938810,Katipalla,12.86412038360538,74.83357092443839,Bank,150,Active,Mangalore North PS
CCTV00356_1,Mangalore Rural PS - Government Hospital CCTV,534,Dakshina Kannada,5561,Mangaluru,217327.0,Permude,617522,Kuthethur (Og),12.882511259955734,74.87892995850503,Government Hospital,200,Active,Mangalore Rural PS
CCTV00356_2,Mangalore Rural PS - Government Hospital CCTV,534,Dakshina Kannada,7198,Mulki,,,617442,Menna Bettu,12.882571071579768,74.87817995324826,Government Hospital,200,Active,Mangalore Rural PS
CCTV00356_3,Mangalore Rural PS - Railway Station CCTV,534,Dakshina Kannada,5565,Sulya,217374.0,Aivarnadu,617759,Aivarnadu,12.883439321933238,74.87725994241393,Railway Station,100,Active,Mangalore Rural PS
CCTV00357_1,Mangalore South PS - Railway Station CCTV,534,Dakshina Kannada,5563,Beltangadi,217264.0,Kuvettu,617651,Odilnala,12.856323478353108,74.83984625571557,Railway Station,100,Maintenance,Mangalore South PS
CCTV00357_2,Mangalore South PS - Bus Stand CCTV,534,Dakshina Kannada,5562,Bantval,217238.0,Sarapadi,617549,Devasyamudur,12.855618993537773,74.84088014177404,Bus Stand,200,Active,Mangalore South PS
CCTV00357_3,Mangalore South PS - Bank CCTV,534,Dakshina Kannada,5563,Beltangadi,217264.0,Kuvettu,617651,Odilnala,12.85467568483571,74.84077880705719,Bank,200,Active,Mangalore South PS
CCTV00358_1,Mangalore West Traffic PS - Government Office CCTV,534,Dakshina Kannada,5563,Beltangadi,217287.0,Venur,617630,Bajire,12.85594559051015,74.8396062638207,Government Office,150,Active,Mangalore West Traffic PS
CCTV00358_2,Mangalore West Traffic PS - Bank CCTV,534,Dakshina Kannada,5561,Mangaluru,,,938764,85 Jappina Mogaru A,12.855596429327655,74.84102686187116,Bank,200,Active,Mangalore West Traffic PS
CCTV00358_3,Mangalore West Traffic PS - Traffic Junction CCTV,534,Dakshina Kannada,5561,Mangaluru,217299.0,Ganjimata,617505,Badagaulipady (Ct),12.85582285233755,74.84126641759109,Traffic Junction,100,Active,Mangalore West Traffic PS
CCTV00358_4,Mangalore West Traffic PS - Railway Station CCTV,534,Dakshina Kannada,5561,Mangaluru,,,938799,50 Marakada,12.85396382750797,74.84140460645018,Railway Station,100,Active,Mangalore West Traffic PS
CCTV00358_5,Mangalore West Traffic PS - ATM CCTV,534,Dakshina Kannada,5563,Beltangadi,217274.0,Nada,617643,Nada,12.856174185447436,74.84112966106336,ATM,150,Active,Mangalore West Traffic PS
CCTV00358_6,Mangalore West Traffic PS - Bank CCTV,534,Dakshina Kannada,5563,Beltangadi,217276.0,Neriya,617657,Neriya,12.853789830959576,74.84070793508428,Bank,150,Maintenance,Mangalore West Traffic PS
CCTV00359_1,Mangalore Women PS - Traffic Junction CCTV,534,Dakshina Kannada,5565,Sulya,217395.0,Panja,617777,Aivathoklu,12.857641956522485,74.83803888917696,Traffic Junction,100,Active,Mangalore Women PS
CCTV00359_2,Mangalore Women PS - Bus Stand CCTV,534,Dakshina Kannada,5562,Bantval,217210.0,Kanyana,617588,Kanyana,12.855700721645619,74.83863203877705,Bus Stand,200,Active,Mangalore Women PS
CCTV00359_3,Mangalore Women PS - Traffic Junction CCTV,534,Dakshina Kannada,7197,Ullala,273287.0,Sajipapadu,617560,Sajipapadu,12.857994730122188,74.83730556657684,Traffic Junction,100,Active,Mangalore Women PS
CCTV00360_1,Moodabidre PS - Market CCTV,534,Dakshina Kannada,7104,Kadaba,217370.0,Savanuru,617720,Savanur,13.066197277807696,75.00008116083393,Market,150,Active,Moodabidre PS
CCTV00360_2,Moodabidre PS - Bank CCTV,534,Dakshina Kannada,5565,Sulya,217389.0,Kodiyala,617754,Kodiyala,13.066005077328317,75.00024418954312,Bank,150,Active,Moodabidre PS
CCTV00360_3,Moodabidre PS - Traffic Junction CCTV,534,Dakshina Kannada,7104,Kadaba,217368.0,Perabe,617709,Kunthoor,13.067893575085082,74.99856079333789,Traffic Junction,150,Maintenance,Moodabidre PS
CCTV00360_4,Moodabidre PS - Bus Stand CCTV,534,Dakshina Kannada,7198,Mulki,,,938792,18 Manampadi,13.065919383473766,74.99867006786897,Bus Stand,100,Maintenance,Moodabidre PS
CCTV00360_5,Moodabidre PS - Traffic Junction CCTV,534,Dakshina Kannada,5563,Beltangadi,217267.0,Madanthyaru,617659,Parenky,13.067248845732715,75.00029191182861,Traffic Junction,100,Active,Moodabidre PS
CCTV00360_6,Moodabidre PS - ATM CCTV,534,Dakshina Kannada,7198,Mulki,,,938794,2 Bappanadu,13.065112901720488,74.99935583205009,ATM,200,Active,Moodabidre PS
CCTV00361_1,Mulki PS - Government Office CCTV,534,Dakshina Kannada,5561,Mangaluru,217292.0,Bala,617479,Kalavar,13.093532029457787,74.79031939280902,Government Office,100,Active,Mulki PS
CCTV00361_2,Mulki PS - Traffic Junction CCTV,534,Dakshina Kannada,7102,Moodubidire,217333.0,Tenkamijar,617454,Badagumijaru,13.093540584585753,74.79032854256863,Traffic Junction,200,Active,Mulki PS
CCTV00361_3,Mulki PS - Market CCTV,534,Dakshina Kannada,5563,Beltangadi,217259.0,Kaniyooru,617670,Urvalu,13.094473242204963,74.79061087810011,Market,150,Active,Mulki PS
CCTV00361_4,Mulki PS - Government Hospital CCTV,534,Dakshina Kannada,5565,Sulya,217383.0,Guthigaru,617783,Guthigaru,13.094013298909868,74.79031555012686,Government Hospital,100,Maintenance,Mulki PS
CCTV00362_1,Panambur PS - College CCTV,534,Dakshina Kannada,5561,Mangaluru,217324.0,Paduperar,617481,Paduperar,12.953543385397722,74.81719936237432,College,150,Maintenance,Panambur PS
CCTV00362_2,Panambur PS - Traffic Junction CCTV,534,Dakshina Kannada,7198,Mulki,273289.0,Athikari Bettu,617431,Shimanthur,12.9511092229752,74.81750078787935,Traffic Junction,100,Maintenance,Panambur PS
CCTV00362_3,Panambur PS - ATM CCTV,534,Dakshina Kannada,7102,Moodubidire,,,938812,Karinje,12.952738878195337,74.81597297690716,ATM,100,Active,Panambur PS
CCTV00363_1,Surathkal PS - Bank CCTV,534,Dakshina Kannada,5563,Beltangadi,217259.0,Kaniyooru,617670,Urvalu,12.987890919561442,74.8009819155383,Bank,100,Active,Surathkal PS
CCTV00363_2,Surathkal PS - College CCTV,534,Dakshina Kannada,5561,Mangaluru,273290.0,Badagayedapadavu,617487,Badagayedapadavu,12.986902005290125,74.80042154273679,College,200,Active,Surathkal PS
CCTV00363_3,Surathkal PS - College CCTV,534,Dakshina Kannada,5563,Beltangadi,217250.0,Bandaru,617672,Bandaru,12.98814165863895,74.80062441859393,College,200,Active,Surathkal PS
CCTV00363_4,Surathkal PS - College CCTV,534,Dakshina Kannada,7197,Ullala,217224.0,Naringana,617564,Naringana,12.987354638358777,74.80246207205542,College,100,Active,Surathkal PS
CCTV00363_5,Surathkal PS - College CCTV,534,Dakshina Kannada,7104,Kadaba,217354.0,Kaukrady,617701,Ichlampady,12.987675278344351,74.80050750090551,College,100,Active,Surathkal PS
CCTV00364_1,Traffic North Police Station - Government Office CCTV,534,Dakshina Kannada,5565,Sulya,217376.0,Aletti,617768,Aletty,12.96855214351213,74.08056810673374,Government Office,150,Active,Traffic North Police Station
CCTV00364_2,Traffic North Police Station - Government Hospital CCTV,534,Dakshina Kannada,5561,Mangaluru,217297.0,Chelairu,617521,Chelliru (Og),12.97083533540791,74.08120375807087,Government Hospital,200,Maintenance,Traffic North Police Station
CCTV00364_3,Traffic North Police Station - Government Office CCTV,534,Dakshina Kannada,5562,Bantval,217199.0,Amtadi,617531,Kuriyala,12.970663064724734,74.08011734045553,Government Office,150,Active,Traffic North Police Station
CCTV00364_4,Traffic North Police Station - Bank CCTV,534,Dakshina Kannada,7102,Moodubidire,217305.0,Kallamundkur,617453,Niddodi,12.970508219857841,74.07999589516783,Bank,150,Active,Traffic North Police Station
CCTV00364_5,Traffic North Police Station - Bus Stand CCTV,534,Dakshina Kannada,5565,Sulya,217389.0,Kodiyala,617754,Kodiyala,12.96881856760387,74.08160006823145,Bus Stand,200,Active,Traffic North Police Station
CCTV00364_6,Traffic North Police Station - Railway Station CCTV,534,Dakshina Kannada,5561,Mangaluru,,,938785,Kankanadi B,12.971073692496542,74.08047866106465,Railway Station,200,Active,Traffic North Police Station
CCTV00365_1,Traffic South Police Station - School CCTV,534,Dakshina Kannada,5562,Bantval,217199.0,Amtadi,617531,Kuriyala,12.969242469347034,74.07896049503664,School,200,Maintenance,Traffic South Police Station
CCTV00365_2,Traffic South Police Station - Railway Station CCTV,534,Dakshina Kannada,7197,Ullala,217203.0,Balepuni,617565,Balepuni,12.971061690915658,74.07997193793932,Railway Station,200,Active,Traffic South Police Station
CCTV00365_3,Traffic South Police Station - College CCTV,534,Dakshina Kannada,5562,Bantval,217206.0,Golthamajalu,617571,Golthamajal,12.971303362039674,74.0810013231148,College,100,Active,Traffic South Police Station
CCTV00365_4,Traffic South Police Station - Bank CCTV,534,Dakshina Kannada,5562,Bantval,217228.0,Perne,617581,Biliyur,12.970896774492779,74.08083786457914,Bank,150,Active,Traffic South Police Station
CCTV00366_1,Ullal PS - Bank CCTV,534,Dakshina Kannada,5563,Beltangadi,217261.0,Kokkada,617681,Kokkada,12.820460459717856,74.84050242609845,Bank,100,Active,Ullal PS
CCTV00366_2,Ullal PS - ATM CCTV,534,Dakshina Kannada,5564,Puttur,217347.0,Bettampady,617743,Bettampady,12.81975850575612,74.8402739625069,ATM,100,Active,Ullal PS
CCTV00366_3,Ullal PS - ATM CCTV,534,Dakshina Kannada,7104,Kadaba,217359.0,Kombaru,617713,Kombaru,12.82028206254627,74.84102494240689,ATM,150,Active,Ullal PS
CCTV00366_4,Ullal PS - Government Hospital CCTV,534,Dakshina Kannada,7104,Kadaba,217364.0,Nelyady,617699,Nelyadi,12.819342070064332,74.84088722570802,Government Hospital,200,Maintenance,Ullal PS
CCTV00366_5,Ullal PS - Railway Station CCTV,534,Dakshina Kannada,5562,Bantval,217240.0,Uli,617552,Uli,12.819786609641827,74.84047577896165,Railway Station,200,Maintenance,Ullal PS
CCTV00366_6,Ullal PS - Railway Station CCTV,534,Dakshina Kannada,5563,Beltangadi,217251.0,Barya,617665,Puthila,12.819626494175544,74.84084681388566,Railway Station,100,Maintenance,Ullal PS
CCTV00367_1,Urva PS - College CCTV,534,Dakshina Kannada,7197,Ullala,217311.0,Konaje,617514,Konaje (Ct),12.900225721549036,74.82955076647511,College,150,Active,Urva PS
CCTV00367_2,Urva PS - School CCTV,534,Dakshina Kannada,5563,Beltangadi,217245.0,Aladangadi,617627,Badagakaranduru,12.899612783304368,74.83003402966033,School,150,Active,Urva PS
CCTV00367_3,Urva PS - Traffic Junction CCTV,534,Dakshina Kannada,5561,Mangaluru,217306.0,Kandavara,617485,Kandavara,12.899149416237945,74.82960882209665,Traffic Junction,150,Active,Urva PS
CCTV00367_4,Urva PS - Market CCTV,534,Dakshina Kannada,5563,Beltangadi,217279.0,Padangadi,617647,Padangady,12.897756141119016,74.82788149759494,Market,200,Maintenance,Urva PS
CCTV00367_5,Urva PS - Railway Station CCTV,534,Dakshina Kannada,5561,Mangaluru,,,938785,Kankanadi B,12.89776189874483,74.82994807133942,Railway Station,200,Active,Urva PS
CCTV00367_6,Urva PS - Government Hospital CCTV,534,Dakshina Kannada,7198,Mulki,,,938796,4 Chitrapu,12.90022790959926,74.8279990756936,Government Hospital,200,Active,Urva PS
CCTV00368_1,Alanahally PS - Bus Stand CCTV,545,Mysuru,5574,Nanjangud,,,938903,Chamalapura,12.305970980857417,76.70343405428713,Bus Stand,200,Maintenance,Alanahally PS
CCTV00368_2,Alanahally PS - Market CCTV,545,Mysuru,5572,Mysuru,,,939290,Eranagere,12.306908643980039,76.70283560760127,Market,200,Active,Alanahally PS
CCTV00368_3,Alanahally PS - Railway Station CCTV,545,Mysuru,5572,Mysuru,219530.0,Anandur,618766,Chikkanahalli,12.308530676716472,76.70471427647796,Railway Station,200,Active,Alanahally PS
CCTV00369_1,Ashokpuram PS - Bus Stand CCTV,545,Mysuru,5575,Tirumakudal - Narsipur,219667.0,Thumbala,619389,Agasthapura,12.289310432031405,76.63219651143265,Bus Stand,100,Active,Ashokpuram PS
CCTV00369_2,Ashokpuram PS - Traffic Junction CCTV,545,Mysuru,7098,Saraguru,273303.0,Hadanuru,619005,Hadanur,12.288642280001321,76.63244561700402,Traffic Junction,200,Maintenance,Ashokpuram PS
CCTV00369_3,Ashokpuram PS - Traffic Junction CCTV,545,Mysuru,5575,Tirumakudal - Narsipur,219657.0,Madapura,619420,Madapura,12.288892608551087,76.63052492706362,Traffic Junction,150,Active,Ashokpuram PS
CCTV00369_4,Ashokpuram PS - School CCTV,545,Mysuru,7098,Saraguru,219457.0,M.C.Thalalu,619012,Chikkakundur,12.288113521428755,76.63128695691373,School,200,Active,Ashokpuram PS
CCTV00369_5,Ashokpuram PS - Government Hospital CCTV,545,Mysuru,5570,Hunsur,273318.0,Hegganduru,618351,Hosakote,12.289466535914903,76.63257702038793,Government Hospital,200,Active,Ashokpuram PS
CCTV00369_6,Ashokpuram PS - School CCTV,545,Mysuru,5574,Nanjangud,219587.0,Hura,619153,Yedahalli,12.290366552602176,76.63049537801358,School,200,Active,Ashokpuram PS
CCTV00370_1,Devaraja PS - Government Hospital CCTV,545,Mysuru,5572,Mysuru,219538.0,Doora,618779,Chikkakaturu,12.31263188636176,76.64888896429213,Government Hospital,200,Maintenance,Devaraja PS
CCTV00370_2,Devaraja PS - Government Hospital CCTV,545,Mysuru,5572,Mysuru,,,618713,K.Hemmanahalli,12.313072119897324,76.64941708498168,Government Hospital,100,Active,Devaraja PS
CCTV00370_3,Devaraja PS - Railway Station CCTV,545,Mysuru,5573,Heggadadevankote,219444.0,Chikkereyuru,618936,Chamanahalli,12.311447286344011,76.64874445242745,Railway Station,200,Maintenance,Devaraja PS
CCTV00370_4,Devaraja PS - Bus Stand CCTV,545,Mysuru,7230,Saligrama,219525.0,Narachanahally,618553,Narachanahalli,12.31132160840998,76.64847937513721,Bus Stand,150,Active,Devaraja PS
CCTV00370_5,Devaraja PS - Bus Stand CCTV,545,Mysuru,5572,Mysuru,219535.0,Devalapura,618811,Marase,12.31257659123229,76.64878014389171,Bus Stand,150,Active,Devaraja PS
CCTV00370_6,Devaraja PS - Market CCTV,545,Mysuru,5570,Hunsur,219474.0,Chilkunda,618332,Chilkundakaval,12.312230380749321,76.65072860788464,Market,150,Active,Devaraja PS
CCTV00371_1,Deveraja Traffic PS - Traffic Junction CCTV,545,Mysuru,5574,Nanjangud,219567.0,Deburu,619239,Kathavadipura,12.309452799380672,76.645866019679,Traffic Junction,150,Active,Deveraja Traffic PS
CCTV00371_2,Deveraja Traffic PS - Government Hospital CCTV,545,Mysuru,5575,Tirumakudal - Narsipur,219658.0,Maliyuru,619332,Maliyuru,12.306771265438753,76.64784677638596,Government Hospital,150,Active,Deveraja Traffic PS
CCTV00371_3,Deveraja Traffic PS - Market CCTV,545,Mysuru,5569,Piriyapatna,219614.0,Chapparadahalli,618103,Hunasethoppalu,12.308517122571958,76.6459468028393,Market,100,Maintenance,Deveraja Traffic PS
CCTV00371_4,Deveraja Traffic PS - Bus Stand CCTV,545,Mysuru,5569,Piriyapatna,219629.0,Makodu,618204,M. Settihalli,12.307214219387726,76.64827189420997,Bus Stand,200,Maintenance,Deveraja Traffic PS
CCTV00372_1,Hebbal PS - Government Hospital CCTV,545,Mysuru,7098,Saraguru,219460.0,Mullur,619002,Nandinathapura,13.039658890685043,77.58832861918582,Government Hospital,200,Maintenance,Hebbal PS
CCTV00372_2,Hebbal PS - ATM CCTV,545,Mysuru,5569,Piriyapatna,219632.0,Panchavlli,618289,Uthenahalli,13.037665076260348,77.59059108029285,ATM,100,Active,Hebbal PS
CCTV00372_3,Hebbal PS - Railway Station CCTV,545,Mysuru,5575,Tirumakudal - Narsipur,219655.0,Kolathuru,619362,Nagalagere,13.039348952728782,77.58886127683081,Railway Station,100,Active,Hebbal PS
CCTV00372_4,Hebbal PS - Railway Station CCTV,545,Mysuru,5570,Hunsur,219492.0,Neralakuppe,618386,Negathur,13.037236854123758,77.59050464064578,Railway Station,100,Maintenance,Hebbal PS
CCTV00373_1,Jayalakshmipuram PS - Traffic Junction CCTV,545,Mysuru,5570,Hunsur,219491.0,Mulluru,618324,Undavadi,12.324483797477498,76.62185494935915,Traffic Junction,150,Active,Jayalakshmipuram PS
CCTV00373_2,Jayalakshmipuram PS - Market CCTV,545,Mysuru,7230,Saligrama,219499.0,Ankanahally,618528,Kallimuddanahalli,12.322787210929281,76.62301730792827,Market,200,Active,Jayalakshmipuram PS
CCTV00373_3,Jayalakshmipuram PS - Government Hospital CCTV,545,Mysuru,7098,Saraguru,219439.0,B.Matakere,619115,Kurnagala,12.323343218349178,76.62359210972666,Government Hospital,100,Active,Jayalakshmipuram PS
CCTV00373_4,Jayalakshmipuram PS - ATM CCTV,545,Mysuru,5570,Hunsur,219479.0,Govindanahalli,618418,Doddahunsur,12.325138382863473,76.6225413488787,ATM,150,Active,Jayalakshmipuram PS
CCTV00373_5,Jayalakshmipuram PS - Traffic Junction CCTV,545,Mysuru,5569,Piriyapatna,219627.0,Komalapura,618222,K. Haralahalli,12.322741348780003,76.62368143793444,Traffic Junction,100,Active,Jayalakshmipuram PS
CCTV00373_6,Jayalakshmipuram PS - Bus Stand CCTV,545,Mysuru,5572,Mysuru,219555.0,Siddalingapura,618727,Kesare,12.322454332489464,76.62190099803593,Bus Stand,150,Active,Jayalakshmipuram PS
CCTV00374_1,Krishnaraja PS - Bus Stand CCTV,545,Mysuru,5573,Heggadadevankote,219445.0,D.B.Kuppe,619064,Chikkabyranakuppe,12.296449031848857,76.64337069743523,Bus Stand,150,Maintenance,Krishnaraja PS
CCTV00374_2,Krishnaraja PS - Bus Stand CCTV,545,Mysuru,5574,Nanjangud,219602.0,Shiramalli,619257,Kanipura,12.298556187222303,76.6433593262958,Bus Stand,200,Maintenance,Krishnaraja PS
CCTV00374_3,Krishnaraja PS - School CCTV,545,Mysuru,5569,Piriyapatna,273336.0,Haranahalli,618107,Ambalare,12.296816056439756,76.64161575182365,School,150,Active,Krishnaraja PS
CCTV00374_4,Krishnaraja PS - Market CCTV,545,Mysuru,5570,Hunsur,273322.0,Kiranguru,618382,Dasanapura,12.29698506745935,76.64316601025298,Market,150,Active,Krishnaraja PS
CCTV00374_5,Krishnaraja PS - Railway Station CCTV,545,Mysuru,5570,Hunsur,219475.0,Dharmapura,618493,Halladakoppalu,12.29909038319957,76.6429388352333,Railway Station,100,Active,Krishnaraja PS
CCTV00375_1,Krishnaraja Traffic PS - Government Hospital CCTV,545,Mysuru,5573,Heggadadevankote,273313.0,Padukote Kaval,618857,Padukote,12.298915328238696,76.64176041578312,Government Hospital,150,Active,Krishnaraja Traffic PS
CCTV00375_2,Krishnaraja Traffic PS - School CCTV,545,Mysuru,7230,Saligrama,219513.0,Hosakote,618622,Benaganahalli,12.298298264705718,76.64354423744724,School,150,Active,Krishnaraja Traffic PS
CCTV00375_3,Krishnaraja Traffic PS - Bus Stand CCTV,545,Mysuru,7098,Saraguru,219454.0,Kallambalu,618984,Kundur,12.297605990727893,76.64143957623659,Bus Stand,150,Active,Krishnaraja Traffic PS
CCTV00375_4,Krishnaraja Traffic PS - School CCTV,545,Mysuru,5575,Tirumakudal - Narsipur,219642.0,Chidaravalli,619342,Chimili,12.297041670718318,76.64340915393007,School,200,Active,Krishnaraja Traffic PS
CCTV00375_5,Krishnaraja Traffic PS - Railway Station CCTV,545,Mysuru,5572,Mysuru,219557.0,Someshwarapura,618817,Someshwarapura,12.29625521176159,76.64375785475707,Railway Station,150,Active,Krishnaraja Traffic PS
CCTV00376_1,Kuvempunagar PS - Traffic Junction CCTV,545,Mysuru,5569,Piriyapatna,219613.0,Bylakuppe,618210,Manchedevanahalli,12.285658487624511,76.62757685741313,Traffic Junction,200,Active,Kuvempunagar PS
CCTV00376_2,Kuvempunagar PS - Railway Station CCTV,545,Mysuru,5570,Hunsur,219480.0,Halebeedu,618449,Mydanahalli,12.285010331323905,76.62829199533873,Railway Station,100,Active,Kuvempunagar PS
CCTV00376_3,Kuvempunagar PS - Bus Stand CCTV,545,Mysuru,5571,Krishnarajanagara,219524.0,Munjanahally,618680,Arakere,12.286550996369472,76.62712634065477,Bus Stand,100,Active,Kuvempunagar PS
CCTV00376_4,Kuvempunagar PS - Bank CCTV,545,Mysuru,7098,Saraguru,219448.0,Hanchipura,619087,Haleyuru,12.28497925239134,76.62658285407991,Bank,200,Active,Kuvempunagar PS
CCTV00376_5,Kuvempunagar PS - Market CCTV,545,Mysuru,5574,Nanjangud,219580.0,Hediyala,619178,Bankahalli,12.287157814426337,76.628563939549,Market,150,Active,Kuvempunagar PS
CCTV00376_6,Kuvempunagar PS - ATM CCTV,545,Mysuru,5571,Krishnarajanagara,219528.0,Thippur,618662,Goragundi,12.285096248029372,76.62868607365185,ATM,100,Active,Kuvempunagar PS
CCTV00377_1,Lashkar PS - Government Office CCTV,545,Mysuru,5571,Krishnarajanagara,219528.0,Thippur,618662,Goragundi,12.301745806674829,76.6557839166034,Government Office,100,Active,Lashkar PS
CCTV00377_2,Lashkar PS - School CCTV,545,Mysuru,5569,Piriyapatna,219625.0,Kanagalu,618097,Hegathur,12.300169099406341,76.65825350369057,School,150,Maintenance,Lashkar PS
CCTV00377_3,Lashkar PS - ATM CCTV,545,Mysuru,5575,Tirumakudal - Narsipur,219655.0,Kolathuru,619357,Seegodipura,12.301109260171208,76.65532276420504,ATM,100,Active,Lashkar PS
CCTV00377_4,Lashkar PS - Bank CCTV,545,Mysuru,5570,Hunsur,219478.0,Gavadagere,618323,Hulyala,12.302352623269215,76.65576508431121,Bank,150,Active,Lashkar PS
CCTV00377_5,Lashkar PS - Bus Stand CCTV,545,Mysuru,7230,Saligrama,219499.0,Ankanahally,618619,Ankanahalli,12.30186271334475,76.65561771686725,Bus Stand,150,Active,Lashkar PS
CCTV00378_1,Laxmipuram PS - Bank CCTV,545,Mysuru,7230,Saligrama,219511.0,Honnenahally,618532,Kedaga,12.2968610106727,76.6423554007662,Bank,100,Active,Laxmipuram PS
CCTV00378_2,Laxmipuram PS - School CCTV,545,Mysuru,5570,Hunsur,273314.0,Biligere,618462,Biligeree,12.299077710236473,76.64199025725831,School,200,Active,Laxmipuram PS
CCTV00378_3,Laxmipuram PS - Traffic Junction CCTV,545,Mysuru,7098,Saraguru,219452.0,Hyrige,618975,Manuganahalli,12.298782857702797,76.64181427007416,Traffic Junction,150,Active,Laxmipuram PS
CCTV00379_1,Mandi PS - Bank CCTV,545,Mysuru,7230,Saligrama,219525.0,Narachanahally,618553,Narachanahalli,12.316325115430955,76.65449543788483,Bank,100,Active,Mandi PS
CCTV00379_2,Mandi PS - Railway Station CCTV,545,Mysuru,5572,Mysuru,,,618746,Kergalli,12.317474835033652,76.65367053206025,Railway Station,100,Active,Mandi PS
CCTV00379_3,Mandi PS - Railway Station CCTV,545,Mysuru,5569,Piriyapatna,219633.0,Ramanathatunga,618229,Kaggundi,12.31733730202434,76.65368597776516,Railway Station,200,Active,Mandi PS
CCTV00379_4,Mandi PS - Bank CCTV,545,Mysuru,5574,Nanjangud,219597.0,Nagarle,619212,Nagarle,12.317236611999922,76.65564396099094,Bank,150,Active,Mandi PS
CCTV00380_1,Metagalli PS - Traffic Junction CCTV,545,Mysuru,5572,Mysuru,219562.0,Yadakola,618824,Yadakola,12.346590808713366,76.62926026155834,Traffic Junction,200,Maintenance,Metagalli PS
CCTV00380_2,Metagalli PS - Government Hospital CCTV,545,Mysuru,5573,Heggadadevankote,219455.0,Kanchamalli,618963,Kanchamalli,12.34660721375264,76.63063907450375,Government Hospital,150,Maintenance,Metagalli PS
CCTV00380_3,Metagalli PS - Market CCTV,545,Mysuru,5573,Heggadadevankote,219436.0,Alanahalli,618916,Gangadahosahalli,12.347589994626428,76.6294310202786,Market,200,Active,Metagalli PS
CCTV00381_1,Narasimharaja PS - Market CCTV,545,Mysuru,7230,Saligrama,219504.0,Doranahally(Doddakoppalu),618564,Arakere,12.33593376331627,76.66368801620577,Market,200,Active,Narasimharaja PS
CCTV00381_2,Narasimharaja PS - Market CCTV,545,Mysuru,5569,Piriyapatna,219616.0,Chikkanerale,618173,Depura,12.335408844067484,76.6625091362242,Market,100,Active,Narasimharaja PS
CCTV00381_3,Narasimharaja PS - Government Office CCTV,545,Mysuru,5570,Hunsur,273314.0,Biligere,618359,Honnenahalli,12.335923381180537,76.66253794769064,Government Office,200,Active,Narasimharaja PS
CCTV00381_4,Narasimharaja PS - Traffic Junction CCTV,545,Mysuru,5569,Piriyapatna,219617.0,Chittenahalli,618259,Magali,12.336252314462318,76.66411702270817,Traffic Junction,150,Active,Narasimharaja PS
CCTV00382_1,Narasimharaja Traffic PS - College CCTV,545,Mysuru,5573,Heggadadevankote,219443.0,Chakkodanahalli,618862,Konegowdanahundi,12.321339072676206,76.65834673983741,College,100,Active,Narasimharaja Traffic PS
CCTV00382_2,Narasimharaja Traffic PS - Bank CCTV,545,Mysuru,7230,Saligrama,219506.0,Haliyur,618563,Hosuru,12.319035973660192,76.65881836992811,Bank,100,Active,Narasimharaja Traffic PS
CCTV00382_3,Narasimharaja Traffic PS - Government Hospital CCTV,545,Mysuru,5575,Tirumakudal - Narsipur,219636.0,Ankanahalli,619317,Menasikyathanahalli,12.319805829763101,76.65717448580808,Government Hospital,150,Active,Narasimharaja Traffic PS
CCTV00382_4,Narasimharaja Traffic PS - Bus Stand CCTV,545,Mysuru,7098,Saraguru,273307.0,Kothegala,618993,Kothegala,12.318750104523334,76.65677239515949,Bus Stand,200,Active,Narasimharaja Traffic PS
CCTV00382_5,Narasimharaja Traffic PS - College CCTV,545,Mysuru,5573,Heggadadevankote,219456.0,Kyathanahalli,618927,Kalkodu,12.319628730109752,76.65870594797603,College,100,Active,Narasimharaja Traffic PS
CCTV00382_6,Narasimharaja Traffic PS - ATM CCTV,545,Mysuru,7098,Saraguru,273306.0,Itna,618905,Itna,12.318804003266335,76.65792690288431,ATM,150,Active,Narasimharaja Traffic PS
CCTV00383_1,Nazarbad PS - Railway Station CCTV,545,Mysuru,5572,Mysuru,219548.0,Keelanapura,618800,Duddagere,12.30923590802457,76.66601558603011,Railway Station,200,Active,Nazarbad PS
CCTV00383_2,Nazarbad PS - Government Hospital CCTV,545,Mysuru,5573,Heggadadevankote,219438.0,Antharasanthe,618870,Hunasekuppe,12.307594349234218,76.66683940936075,Government Hospital,150,Active,Nazarbad PS
CCTV00383_3,Nazarbad PS - Bank CCTV,545,Mysuru,5572,Mysuru,219551.0,Mosambayanahalli,618804,Kuntanahalli,12.309431508925686,76.6686744920347,Bank,150,Active,Nazarbad PS
CCTV00383_4,Nazarbad PS - Government Hospital CCTV,545,Mysuru,5575,Tirumakudal - Narsipur,219657.0,Madapura,619420,Madapura,12.308662291007481,76.66588455953044,Government Hospital,200,Maintenance,Nazarbad PS
CCTV00384_1,Saraswathipuram PS - Bus Stand CCTV,545,Mysuru,5570,Hunsur,219473.0,Challahalli,618485,Dhythyanakerekaval,12.301772445988398,76.6224850428737,Bus Stand,200,Active,Saraswathipuram PS
CCTV00384_2,Saraswathipuram PS - Market CCTV,545,Mysuru,5570,Hunsur,219496.0,Ummathur,618378,Penjahallikaval,12.30179240582352,76.62430856518672,Market,200,Maintenance,Saraswathipuram PS
CCTV00384_3,Saraswathipuram PS - Traffic Junction CCTV,545,Mysuru,5570,Hunsur,273324.0,Mukanhalli,618404,Kirijaji,12.302108009949281,76.6225303343255,Traffic Junction,150,Maintenance,Saraswathipuram PS
CCTV00385_1,Siddarthanagar Traffic PS - Bus Stand CCTV,545,Mysuru,5570,Hunsur,219489.0,Manuganahalli,618467,Doddakadanahalli,12.299243375788869,76.67809827254928,Bus Stand,100,Maintenance,Siddarthanagar Traffic PS
CCTV00385_2,Siddarthanagar Traffic PS - College CCTV,545,Mysuru,7098,Saraguru,219460.0,Mullur,619002,Nandinathapura,12.300633389971845,76.67873821442262,College,200,Maintenance,Siddarthanagar Traffic PS
CCTV00385_3,Siddarthanagar Traffic PS - ATM CCTV,545,Mysuru,7230,Saligrama,219524.0,Munjanahally,618566,Chikkabherya,12.30059894300356,76.68016647704468,ATM,100,Maintenance,Siddarthanagar Traffic PS
CCTV00385_4,Siddarthanagar Traffic PS - School CCTV,545,Mysuru,5574,Nanjangud,219571.0,Deviramanahalli,619201,Hosakote,12.299755388802994,76.67907658566796,School,200,Active,Siddarthanagar Traffic PS
CCTV00385_5,Siddarthanagar Traffic PS - College CCTV,545,Mysuru,5572,Mysuru,219552.0,Naganahalli,618724,Laxmipura,12.298167874369428,76.67875018213692,College,100,Active,Siddarthanagar Traffic PS
CCTV00385_6,Siddarthanagar Traffic PS - Government Office CCTV,545,Mysuru,5569,Piriyapatna,219618.0,Doddabylalu,618205,Kalkere,12.298967558222227,76.6805350980425,Government Office,100,Active,Siddarthanagar Traffic PS
CCTV00386_1,Udayagiri PS - Government Office CCTV,545,Mysuru,7098,Saraguru,219448.0,Hanchipura,618989,Saragur,12.32557135406237,76.68007769107436,Government Office,200,Active,Udayagiri PS
CCTV00386_2,Udayagiri PS - Bank CCTV,545,Mysuru,5570,Hunsur,219488.0,Kothegala,618333,Yamagumbha,12.327770786290351,76.68101525450433,Bank,200,Active,Udayagiri PS
CCTV00386_3,Udayagiri PS - Bank CCTV,545,Mysuru,5569,Piriyapatna,273340.0,Punadahalli,618139,Poonadahalli,12.326557920574038,76.68201685967573,Bank,100,Active,Udayagiri PS
CCTV00386_4,Udayagiri PS - Bus Stand CCTV,545,Mysuru,5572,Mysuru,219546.0,Jayapura,618693,Chikkanahalli,12.327428790777061,76.67968897302097,Bus Stand,100,Maintenance,Udayagiri PS
CCTV00386_5,Udayagiri PS - Market CCTV,545,Mysuru,5569,Piriyapatna,219609.0,Attigodu,618157,Sangarasettyhalli,12.325845951718504,76.67952415824848,Market,100,Maintenance,Udayagiri PS
CCTV00387_1,V V Puram Traffic PS - School CCTV,545,Mysuru,5570,Hunsur,219484.0,Kallahalli,618346,Adiganahalli,12.960414237656758,77.56482608692508,School,150,Active,V V Puram Traffic PS
CCTV00387_2,V V Puram Traffic PS - Traffic Junction CCTV,545,Mysuru,5574,Nanjangud,219581.0,Heggadahalli,619235,Heggadahalli,12.961649148501374,77.5641447683133,Traffic Junction,150,Active,V V Puram Traffic PS
CCTV00387_3,V V Puram Traffic PS - Bus Stand CCTV,545,Mysuru,5574,Nanjangud,219604.0,Suthur,619214,Suthur,12.961166590185769,77.5642374390624,Bus Stand,100,Active,V V Puram Traffic PS
CCTV00388_1,V.V. Puram PS - Traffic Junction CCTV,545,Mysuru,5575,Tirumakudal - Narsipur,219649.0,Hosakote,619391,Channanjaiahna Vadeyarapura,12.326865259608855,76.63387802914352,Traffic Junction,200,Active,V.V. Puram PS
CCTV00388_2,V.V. Puram PS - Bank CCTV,545,Mysuru,5575,Tirumakudal - Narsipur,219652.0,Kethupura,619337,Senapathihalli,12.32710613406006,76.6333250243224,Bank,150,Active,V.V. Puram PS
CCTV00388_3,V.V. Puram PS - Market CCTV,545,Mysuru,5574,Nanjangud,219604.0,Suthur,619216,Bilugali,12.326154014648376,76.63310312102111,Market,150,Active,V.V. Puram PS
CCTV00388_4,V.V. Puram PS - Railway Station CCTV,545,Mysuru,5570,Hunsur,219484.0,Kallahalli,618353,Hunasegala,12.325282934565449,76.63271959544235,Railway Station,100,Active,V.V. Puram PS
CCTV00388_5,V.V. Puram PS - School CCTV,545,Mysuru,5569,Piriyapatna,219623.0,Hunasavadi,618243,Kamanahalli,12.32636494668482,76.6331574535975,School,150,Maintenance,V.V. Puram PS
CCTV00388_6,V.V. Puram PS - Market CCTV,545,Mysuru,5575,Tirumakudal - Narsipur,219668.0,Thuraganuru,619327,Bannur (Rural),12.325704665849543,76.63335550896518,Market,200,Maintenance,V.V. Puram PS
CCTV00389_1,Vidyaranyarpuram PS - ATM CCTV,545,Mysuru,7098,Saraguru,219448.0,Hanchipura,618990,Nallur,12.29198512002531,76.64780055670683,ATM,150,Maintenance,Vidyaranyarpuram PS
CCTV00389_2,Vidyaranyarpuram PS - Government Hospital CCTV,545,Mysuru,5573,Heggadadevankote,219458.0,Madapura,618950,Chootnahalli,12.292042701453584,76.64725173736424,Government Hospital,100,Active,Vidyaranyarpuram PS
CCTV00389_3,Vidyaranyarpuram PS - Traffic Junction CCTV,545,Mysuru,7230,Saligrama,219507.0,Hanasoge,618595,Vallambudi,12.292275155333147,76.64738540275168,Traffic Junction,200,Active,Vidyaranyarpuram PS
CCTV00389_4,Vidyaranyarpuram PS - School CCTV,545,Mysuru,7230,Saligrama,219500.0,Bheriya,618571,Bherya,12.29280808808463,76.64826450304693,School,100,Active,Vidyaranyarpuram PS
CCTV00390_1,Vijayanagar PS - School CCTV,545,Mysuru,5571,Krishnarajanagara,219504.0,Doranahally(Doddakoppalu),618681,Dornahalli,12.971394918675843,77.53734836449156,School,150,Maintenance,Vijayanagar PS
CCTV00390_2,Vijayanagar PS - Government Office CCTV,545,Mysuru,5572,Mysuru,219540.0,Gungaralachathra,939287,Sagarakatte,12.970173954870397,77.53906673270836,Government Office,100,Active,Vijayanagar PS
CCTV00390_3,Vijayanagar PS - School CCTV,545,Mysuru,5570,Hunsur,273320.0,Jabagere,618301,Keriyuru,12.969681195578305,77.53701408240714,School,150,Active,Vijayanagar PS
CCTV00390_4,Vijayanagar PS - Market CCTV,545,Mysuru,5574,Nanjangud,219567.0,Deburu,619167,Kallahalli,12.971403703630967,77.53697906601236,Market,100,Maintenance,Vijayanagar PS
CCTV00390_5,Vijayanagar PS - College CCTV,545,Mysuru,5574,Nanjangud,219595.0,Mallupura,619227,Madahalli,12.970165152644226,77.53703081053943,College,100,Active,Vijayanagar PS
CCTV00390_6,Vijayanagar PS - Railway Station CCTV,545,Mysuru,5569,Piriyapatna,219628.0,Koppa,618128,Koppa,12.969290824028636,77.5373298002229,Railway Station,200,Active,Vijayanagar PS
CCTV00391_1,Women PS - Government Hospital CCTV,545,Mysuru,5570,Hunsur,219489.0,Manuganahalli,618468,Chikkadanahalli,15.85643001394854,74.50619296147123,Government Hospital,200,Active,Women PS
CCTV00391_2,Women PS - Railway Station CCTV,545,Mysuru,5569,Piriyapatna,219617.0,Chittenahalli,618253,Channenahalli,15.858565917103872,74.50432541068677,Railway Station,200,Active,Women PS
CCTV00391_3,Women PS - Railway Station CCTV,545,Mysuru,5569,Piriyapatna,219622.0,Hitnehebbagilu,618220,Avarekaiguddadakaval,15.857402461618097,74.50599340578299,Railway Station,150,Active,Women PS
CCTV00391_4,Women PS - Traffic Junction CCTV,545,Mysuru,5572,Mysuru,219552.0,Naganahalli,618722,Shyadanahalli,15.85768691054006,74.50641395218776,Traffic Junction,100,Active,Women PS
CCTV00391_5,Women PS - College CCTV,545,Mysuru,7230,Saligrama,219522.0,Melur,618548,Bachahalli,15.857567280154418,74.50620169477259,College,100,Maintenance,Women PS
CCTV00392_1,Bannur PS - Bus Stand CCTV,545,Mysuru,5575,Tirumakudal - Narsipur,219669.0,Ukkalagere,619363,Kannayakanahalli,12.19524972764407,76.51703176167118,Bus Stand,200,Active,Bannur PS
CCTV00392_2,Bannur PS - Bank CCTV,545,Mysuru,5572,Mysuru,219537.0,Doddamaragowdanahalli,938900,Maragowdanahalli,12.197008859112344,76.51697125608662,Bank,200,Maintenance,Bannur PS
CCTV00392_3,Bannur PS - Market CCTV,545,Mysuru,5572,Mysuru,219560.0,Vajamangala,618784,Bhugathagalli,12.197005165658899,76.51537204286501,Market,200,Active,Bannur PS
CCTV00392_4,Bannur PS - ATM CCTV,545,Mysuru,7230,Saligrama,219525.0,Narachanahally,618553,Narachanahalli,12.195722771109788,76.51536290266404,ATM,200,Active,Bannur PS
CCTV00392_5,Bannur PS - Railway Station CCTV,545,Mysuru,5573,Heggadadevankote,219456.0,Kyathanahalli,618917,Yennegerekaval,12.195556700059793,76.5172341350434,Railway Station,200,Maintenance,Bannur PS
CCTV00393_1,Beechanahalli PS - Government Hospital CCTV,545,Mysuru,5569,Piriyapatna,273334.0,Chowthi,618278,Laxmipura,11.591466002611284,76.20641480877855,Government Hospital,150,Active,Beechanahalli PS
CCTV00393_2,Beechanahalli PS - Market CCTV,545,Mysuru,5570,Hunsur,219480.0,Halebeedu,618454,Boochahalli,11.591432526311245,76.2063346591698,Market,100,Active,Beechanahalli PS
CCTV00393_3,Beechanahalli PS - Railway Station CCTV,545,Mysuru,5575,Tirumakudal - Narsipur,219638.0,B.Shettahalli,927307,Kurubalanahundi,11.593073396352233,76.20548170652799,Railway Station,100,Maintenance,Beechanahalli PS
CCTV00393_4,Beechanahalli PS - School CCTV,545,Mysuru,7098,Saraguru,219454.0,Kallambalu,618982,Kattehunsur,11.593512275479169,76.20627480507056,School,150,Active,Beechanahalli PS
CCTV00394_1,Bettadapura PS - Government Hospital CCTV,545,Mysuru,5570,Hunsur,273322.0,Kiranguru,618370,Kiranguru,12.275288742118677,76.64495965516065,Government Hospital,200,Active,Bettadapura PS
CCTV00394_2,Bettadapura PS - Government Hospital CCTV,545,Mysuru,5575,Tirumakudal - Narsipur,219668.0,Thuraganuru,619315,Goravanahalli,12.274704741050407,76.64503087056644,Government Hospital,200,Active,Bettadapura PS
CCTV00394_3,Bettadapura PS - Traffic Junction CCTV,545,Mysuru,5570,Hunsur,273324.0,Mukanhalli,618317,Belthur,12.274662343638035,76.64407743019132,Traffic Junction,150,Active,Bettadapura PS
CCTV00394_4,Bettadapura PS - Government Hospital CCTV,545,Mysuru,5573,Heggadadevankote,219466.0,Savve,618875,Heggadadevankote (Rural),12.275732893748684,76.64561082408798,Government Hospital,200,Active,Bettadapura PS
CCTV00395_1,Biligere PS I Badanavalu - Traffic Junction CCTV,545,Mysuru,5572,Mysuru,219563.0,Yelawala,618705,Karakanahalli,12.412782490806851,76.44529660009403,Traffic Junction,150,Active,Biligere PS I Badanavalu
CCTV00395_2,Biligere PS I Badanavalu - College CCTV,545,Mysuru,5575,Tirumakudal - Narsipur,219668.0,Thuraganuru,619333,Chamanahalli,12.410227365230941,76.44379203296727,College,150,Active,Biligere PS I Badanavalu
CCTV00395_3,Biligere PS I Badanavalu - Traffic Junction CCTV,545,Mysuru,5570,Hunsur,219472.0,Bolanahalli,618459,Rangaiahnakoppalu,12.410526265057575,76.44589161236334,Traffic Junction,200,Active,Biligere PS I Badanavalu
CCTV00395_4,Biligere PS I Badanavalu - Government Hospital CCTV,545,Mysuru,5570,Hunsur,219492.0,Neralakuppe,618366,Uduvepura,12.411833447610842,76.44571318111227,Government Hospital,150,Active,Biligere PS I Badanavalu
CCTV00395_5,Biligere PS I Badanavalu - Railway Station CCTV,545,Mysuru,5574,Nanjangud,219606.0,Thandavapura,619191,Chikkaiahnachatra,12.413031786912947,76.44337067231108,Railway Station,100,Active,Biligere PS I Badanavalu
CCTV00395_6,Biligere PS I Badanavalu - Bus Stand CCTV,545,Mysuru,5571,Krishnarajanagara,219514.0,Kaggere,618665,Mudalakoppalu,12.4109680045162,76.44341264233232,Bus Stand,100,Active,Biligere PS I Badanavalu
CCTV00396_1,Bilikere PS - Bus Stand CCTV,545,Mysuru,7230,Saligrama,219527.0,Thandre,618539,Kuppahalli,12.208527657767533,76.26559840358331,Bus Stand,150,Active,Bilikere PS
CCTV00396_2,Bilikere PS - Bus Stand CCTV,545,Mysuru,5569,Piriyapatna,273338.0,N. Shettihalli,618206,Dorekere,12.210333438019141,76.2647514882121,Bus Stand,100,Active,Bilikere PS
CCTV00396_3,Bilikere PS - Government Hospital CCTV,545,Mysuru,5569,Piriyapatna,219634.0,Ravandoor,618196,Haralahalli,12.21043077883765,76.26430056796066,Government Hospital,200,Active,Bilikere PS
CCTV00396_4,Bilikere PS - School CCTV,545,Mysuru,5570,Hunsur,219486.0,Karimuddanahalli,618495,Tharikalnala,12.20935042457361,76.26521747587624,School,150,Active,Bilikere PS
CCTV00396_5,Bilikere PS - Government Hospital CCTV,545,Mysuru,5571,Krishnarajanagara,219504.0,Doranahally(Doddakoppalu),618684,Mallahalli,12.208634431971289,76.26506444655485,Government Hospital,150,Active,Bilikere PS
CCTV00396_6,Bilikere PS - Bank CCTV,545,Mysuru,5575,Tirumakudal - Narsipur,219661.0,Rangasamudra,619379,Madegowdanahundi,12.209336683753303,76.26639472174648,Bank,200,Active,Bilikere PS
CCTV00397_1,Bylakuppe PS - Government Office CCTV,545,Mysuru,5572,Mysuru,219553.0,Nagawala,618710,Bommenahalli,12.254899179179992,75.59464636078329,Government Office,200,Active,Bylakuppe PS
CCTV00397_2,Bylakuppe PS - Traffic Junction CCTV,545,Mysuru,5573,Heggadadevankote,219463.0,Naganahalli,618893,Krishnapurakaval,12.25323244859327,75.59498386182732,Traffic Junction,200,Active,Bylakuppe PS
CCTV00397_3,Bylakuppe PS - Railway Station CCTV,545,Mysuru,5569,Piriyapatna,219611.0,Bettadatunga,618169,Bettada Thunga,12.254820048806646,75.59556799384208,Railway Station,150,Active,Bylakuppe PS
CCTV00397_4,Bylakuppe PS - Traffic Junction CCTV,545,Mysuru,5571,Krishnarajanagara,219519.0,Lalandevanahally,618668,Sathigrama,12.252958545371444,75.59503333206541,Traffic Junction,200,Maintenance,Bylakuppe PS
CCTV00397_5,Bylakuppe PS - Government Hospital CCTV,545,Mysuru,7098,Saraguru,219450.0,Hegganur,619082,Mallarajapura,12.252866897891442,75.59653696674388,Government Hospital,100,Active,Bylakuppe PS
CCTV00397_6,Bylakuppe PS - Railway Station CCTV,545,Mysuru,5572,Mysuru,,,618738,Gurur,12.255128257645271,75.59651134903322,Railway Station,100,Maintenance,Bylakuppe PS
CCTV00398_1,H.D. Kote PS - College CCTV,545,Mysuru,5573,Heggadadevankote,219452.0,Hyrige,618849,Sollapura,12.524755412584662,76.19440088885356,College,200,Maintenance,H.D. Kote PS
CCTV00398_2,H.D. Kote PS - Market CCTV,545,Mysuru,5573,Heggadadevankote,219456.0,Kyathanahalli,618917,Yennegerekaval,12.524326518091977,76.1953012465481,Market,200,Active,H.D. Kote PS
CCTV00398_3,H.D. Kote PS - School CCTV,545,Mysuru,5571,Krishnarajanagara,219504.0,Doranahally(Doddakoppalu),618679,Kalenahalli,12.525810824802768,76.19420422864629,School,150,Active,H.D. Kote PS
CCTV00398_4,H.D. Kote PS - Traffic Junction CCTV,545,Mysuru,5569,Piriyapatna,219630.0,Malangi,618281,Malangi,12.524971109336157,76.19510210798224,Traffic Junction,200,Maintenance,H.D. Kote PS
CCTV00399_1,Hullahalli PS - College CCTV,545,Mysuru,7098,Saraguru,219457.0,M.C.Thalalu,619113,Hirehalli,12.551548319365361,76.33097985433807,College,150,Active,Hullahalli PS
CCTV00399_2,Hullahalli PS - ATM CCTV,545,Mysuru,7098,Saraguru,219459.0,Manuganahalli,618979,Hunsahalli,12.5516532998239,76.33182748774938,ATM,150,Maintenance,Hullahalli PS
CCTV00399_3,Hullahalli PS - Bank CCTV,545,Mysuru,5573,Heggadadevankote,219437.0,Annur,618853,Hosahalli,12.54996223648578,76.3330656508235,Bank,100,Active,Hullahalli PS
CCTV00399_4,Hullahalli PS - Government Hospital CCTV,545,Mysuru,7230,Saligrama,219504.0,Doranahally(Doddakoppalu),618564,Arakere,12.549452036847082,76.3311896560064,Government Hospital,100,Active,Hullahalli PS
CCTV00400_1,Hunusur Rural PS - Bus Stand CCTV,545,Mysuru,5570,Hunsur,219484.0,Kallahalli,618354,Muthurayana Hosahalli Kaval,12.182157645583745,76.175325174752,Bus Stand,200,Active,Hunusur Rural PS
CCTV00400_2,Hunusur Rural PS - Bank CCTV,545,Mysuru,5573,Heggadadevankote,219452.0,Hyrige,618878,Malara,12.181213944795003,76.17479160602016,Bank,150,Active,Hunusur Rural PS
CCTV00400_3,Hunusur Rural PS - Traffic Junction CCTV,545,Mysuru,5574,Nanjangud,219569.0,Devarasanahalli,619242,Devarasanahalli,12.182884579864776,76.17255049619435,Traffic Junction,200,Active,Hunusur Rural PS
CCTV00400_4,Hunusur Rural PS - School CCTV,545,Mysuru,5569,Piriyapatna,219616.0,Chikkanerale,618111,Byadarabilaguli,12.183409662076476,76.17327186944799,School,100,Active,Hunusur Rural PS
CCTV00400_5,Hunusur Rural PS - School CCTV,545,Mysuru,7230,Saligrama,219515.0,Karpoorvally,618515,Sanabinakuppe,12.18347020943818,76.17460828156753,School,100,Active,Hunusur Rural PS
CCTV00400_6,Hunusur Rural PS - Railway Station CCTV,545,Mysuru,5572,Mysuru,219534.0,Chamundibetta,618837,Chamundibetta (Og),12.181183854710092,76.17280702516675,Railway Station,100,Active,Hunusur Rural PS
CCTV00401_1,Hunusur Town PS - Government Hospital CCTV,545,Mysuru,5570,Hunsur,219477.0,Gagenahalli,618478,Gudashettyhalli,12.181645107921199,76.17178101038431,Government Hospital,150,Active,Hunusur Town PS
CCTV00401_2,Hunusur Town PS - Bus Stand CCTV,545,Mysuru,5574,Nanjangud,219583.0,Horalavadi,619245,Geekahalli,12.182140879385322,76.17163661544002,Bus Stand,150,Active,Hunusur Town PS
CCTV00401_3,Hunusur Town PS - Bus Stand CCTV,545,Mysuru,7098,Saraguru,219442.0,Bidarahalli,619078,Singapatna,12.182401131709735,76.17189524176132,Bus Stand,100,Active,Hunusur Town PS
CCTV00401_4,Hunusur Town PS - College CCTV,545,Mysuru,5569,Piriyapatna,219621.0,Handithavalli,618199,Kodihalli,12.182281439368193,76.17246913946188,College,150,Active,Hunusur Town PS
CCTV00402_1,Jayapura PS - Market CCTV,545,Mysuru,5573,Heggadadevankote,219437.0,Annur,618855,Yedathore,12.121804908059183,76.33304195345112,Market,150,Active,Jayapura PS
CCTV00402_2,Jayapura PS - Traffic Junction CCTV,545,Mysuru,5572,Mysuru,219556.0,Sindhuvalli,618761,Sindhuvalli,12.120825882034048,76.33046328460173,Traffic Junction,200,Maintenance,Jayapura PS
CCTV00402_3,Jayapura PS - School CCTV,545,Mysuru,5572,Mysuru,,,618830,Bhogadi (Ct),12.121163127423424,76.33198375993933,School,150,Maintenance,Jayapura PS
CCTV00403_1,K.R. Nagar PS - College CCTV,545,Mysuru,5574,Nanjangud,219607.0,Thayuru,619220,Haropura,12.26664607128654,76.22532685723037,College,150,Active,K.R. Nagar PS
CCTV00403_2,K.R. Nagar PS - College CCTV,545,Mysuru,7098,Saraguru,219439.0,B.Matakere,619106,Kebbepura,12.267933726966525,76.22519973669567,College,100,Active,K.R. Nagar PS
CCTV00403_3,K.R. Nagar PS - Government Office CCTV,545,Mysuru,5574,Nanjangud,219607.0,Thayuru,619221,Gejjiganahalli,12.268824282196189,76.22498062136684,Government Office,150,Active,K.R. Nagar PS
CCTV00403_4,K.R. Nagar PS - College CCTV,545,Mysuru,5571,Krishnarajanagara,273328.0,Siddapura,618627,Kanchagarakoppalu,12.267564933390242,76.22619821646984,College,150,Active,K.R. Nagar PS
CCTV00403_5,K.R. Nagar PS - ATM CCTV,545,Mysuru,5569,Piriyapatna,219621.0,Handithavalli,618193,Handitavalli,12.268039876225282,76.2250150710828,ATM,200,Maintenance,K.R. Nagar PS
CCTV00403_6,K.R. Nagar PS - Railway Station CCTV,545,Mysuru,5573,Heggadadevankote,219437.0,Annur,618854,Nanjanayakanahalli,12.269329319974444,76.22597669176135,Railway Station,150,Active,K.R. Nagar PS
CCTV00404_1,Kowlande PS - Government Office CCTV,545,Mysuru,5573,Heggadadevankote,219457.0,M.C.Thalalu,618897,Chowdahalli,12.032466045114711,76.7988200753706,Government Office,100,Active,Kowlande PS
CCTV00404_2,Kowlande PS - ATM CCTV,545,Mysuru,7230,Saligrama,219511.0,Honnenahally,618522,Pashupathi,12.033992719686061,76.79934828464073,ATM,100,Active,Kowlande PS
CCTV00404_3,Kowlande PS - ATM CCTV,545,Mysuru,5569,Piriyapatna,219625.0,Kanagalu,618093,Kanagal,12.033770856532154,76.7987004785491,ATM,100,Active,Kowlande PS
CCTV00404_4,Kowlande PS - Traffic Junction CCTV,545,Mysuru,5570,Hunsur,219482.0,Harave,618294,Harave,12.03271499122558,76.79940201623631,Traffic Junction,200,Active,Kowlande PS
CCTV00404_5,Kowlande PS - Market CCTV,545,Mysuru,5572,Mysuru,,,939295,Nachanahalli,12.031961725285205,76.79895172918205,Market,150,Active,Kowlande PS
CCTV00404_6,Kowlande PS - Government Hospital CCTV,545,Mysuru,5572,Mysuru,219553.0,Nagawala,618709,Nagawala,12.032392140960194,76.79908498599481,Government Hospital,100,Active,Kowlande PS
CCTV00405_1,Mysore South PS - Government Hospital CCTV,545,Mysuru,5574,Nanjangud,219587.0,Hura,619255,Karlapura,12.184735599603945,76.39476899012156,Government Hospital,200,Active,Mysore South PS
CCTV00405_2,Mysore South PS - ATM CCTV,545,Mysuru,5573,Heggadadevankote,219437.0,Annur,618847,Annur,12.184891551273324,76.39452268463356,ATM,200,Active,Mysore South PS
CCTV00405_3,Mysore South PS - Traffic Junction CCTV,545,Mysuru,5570,Hunsur,273322.0,Kiranguru,618379,Haralahalli,12.183761290983021,76.39634355795175,Traffic Junction,100,Active,Mysore South PS
CCTV00405_4,Mysore South PS - ATM CCTV,545,Mysuru,5570,Hunsur,219471.0,Bilikere,618456,Bommalapura,12.183236313536828,76.39375981150077,ATM,150,Maintenance,Mysore South PS
CCTV00405_5,Mysore South PS - ATM CCTV,545,Mysuru,5573,Heggadadevankote,273302.0,Bachegowdanahalli,618934,Jompanahalli,12.184974640383844,76.39570248247266,ATM,100,Active,Mysore South PS
CCTV00406_1,Mysuru CEN Crime PS - Traffic Junction CCTV,545,Mysuru,5575,Tirumakudal - Narsipur,219668.0,Thuraganuru,619321,Thuruganuru,12.313833570035507,76.66761936355948,Traffic Junction,150,Maintenance,Mysuru CEN Crime PS
CCTV00406_2,Mysuru CEN Crime PS - Bank CCTV,545,Mysuru,5569,Piriyapatna,219630.0,Malangi,618281,Malangi,12.31450768162324,76.66876225873611,Bank,150,Active,Mysuru CEN Crime PS
CCTV00406_3,Mysuru CEN Crime PS - Railway Station CCTV,545,Mysuru,5574,Nanjangud,219570.0,Devarayashettypura,619172,Hosaveedu,12.314643076240817,76.66738120906828,Railway Station,150,Active,Mysuru CEN Crime PS
CCTV00406_4,Mysuru CEN Crime PS - Traffic Junction CCTV,545,Mysuru,5573,Heggadadevankote,219443.0,Chakkodanahalli,618861,Shanthipura,12.315675823855694,76.66814832350047,Traffic Junction,100,Maintenance,Mysuru CEN Crime PS
CCTV00407_1,Mysuru Women PS - Government Hospital CCTV,545,Mysuru,5570,Hunsur,219492.0,Neralakuppe,618368,Settahalli,12.183361206560184,76.39459204674353,Government Hospital,200,Active,Mysuru Women PS
CCTV00407_2,Mysuru Women PS - Market CCTV,545,Mysuru,5570,Hunsur,219485.0,Karanakuppe,618340,Harinahalli,12.18415953607554,76.39558376516365,Market,100,Maintenance,Mysuru Women PS
CCTV00407_3,Mysuru Women PS - ATM CCTV,545,Mysuru,5569,Piriyapatna,219628.0,Koppa,618128,Koppa,12.183956359075012,76.39467041075487,ATM,100,Active,Mysuru Women PS
CCTV00408_1,Nanjanagudu Rural PS - Government Hospital CCTV,545,Mysuru,5569,Piriyapatna,219619.0,Doddakamaravalli,618095,Sulekote,12.65286230957795,76.40199249543946,Government Hospital,150,Active,Nanjanagudu Rural PS
CCTV00408_2,Nanjanagudu Rural PS - Bus Stand CCTV,545,Mysuru,5569,Piriyapatna,219619.0,Doddakamaravalli,618120,Doddakamaravalli,12.65121769762074,76.40254163256432,Bus Stand,200,Active,Nanjanagudu Rural PS
CCTV00408_3,Nanjanagudu Rural PS - Traffic Junction CCTV,545,Mysuru,5570,Hunsur,219473.0,Challahalli,618483,Gohalli,12.652235883093105,76.40303719722978,Traffic Junction,200,Active,Nanjanagudu Rural PS
CCTV00408_4,Nanjanagudu Rural PS - College CCTV,545,Mysuru,5571,Krishnarajanagara,219501.0,Byadarahally,618636,Buvanahalli,12.651822268772912,76.40360654084033,College,150,Active,Nanjanagudu Rural PS
CCTV00408_5,Nanjanagudu Rural PS - Government Office CCTV,545,Mysuru,5569,Piriyapatna,219631.0,Muttur,618265,Kalethimmanahalli,12.653503211153724,76.40402298235347,Government Office,100,Maintenance,Nanjanagudu Rural PS
CCTV00409_1,Nanjanagudu Town PS - Railway Station CCTV,545,Mysuru,5574,Nanjangud,219575.0,Hadya,619151,Kadajetti,12.7509085092401,76.41124834641458,Railway Station,200,Active,Nanjanagudu Town PS
CCTV00409_2,Nanjanagudu Town PS - Bank CCTV,545,Mysuru,5572,Mysuru,219556.0,Sindhuvalli,618781,Doddakanya,12.751398020335683,76.41199868944351,Bank,200,Active,Nanjanagudu Town PS
CCTV00409_3,Nanjanagudu Town PS - Market CCTV,545,Mysuru,5569,Piriyapatna,219630.0,Malangi,618281,Malangi,12.752258074609918,76.4104959215519,Market,100,Active,Nanjanagudu Town PS
CCTV00409_4,Nanjanagudu Town PS - Traffic Junction CCTV,545,Mysuru,7230,Saligrama,219524.0,Munjanahally,618568,Gerudada,12.751693217353733,76.4122911462426,Traffic Junction,200,Active,Nanjanagudu Town PS
CCTV00410_1,Nanjangudu Traffic PS - Bank CCTV,545,Mysuru,5572,Mysuru,219535.0,Devalapura,618811,Marase,12.721374200632363,76.40080771943757,Bank,150,Maintenance,Nanjangudu Traffic PS
CCTV00410_2,Nanjangudu Traffic PS - School CCTV,545,Mysuru,5572,Mysuru,,,618734,Kuppaluru,12.719985562091166,76.40138442573786,School,100,Active,Nanjangudu Traffic PS
CCTV00410_3,Nanjangudu Traffic PS - School CCTV,545,Mysuru,5569,Piriyapatna,273335.0,Haraduru,618156,Harinahalli,12.718763002762469,76.40216224490605,School,200,Maintenance,Nanjangudu Traffic PS
CCTV00410_4,Nanjangudu Traffic PS - Traffic Junction CCTV,545,Mysuru,5572,Mysuru,219561.0,Varuna,618788,Chikkahalli,12.720640878801174,76.40157599704241,Traffic Junction,100,Active,Nanjangudu Traffic PS
CCTV00410_5,Nanjangudu Traffic PS - Government Hospital CCTV,545,Mysuru,5575,Tirumakudal - Narsipur,219638.0,B.Shettahalli,927307,Kurubalanahundi,12.720782501116835,76.40202720384427,Government Hospital,200,Active,Nanjangudu Traffic PS
CCTV00410_6,Nanjangudu Traffic PS - ATM CCTV,545,Mysuru,5572,Mysuru,219561.0,Varuna,618801,Pillahalli,12.721283465934967,76.40007704038653,ATM,200,Active,Nanjangudu Traffic PS
CCTV00411_1,Periyapatna PS - Market CCTV,545,Mysuru,7230,Saligrama,219524.0,Munjanahally,618568,Gerudada,12.200174173144115,76.51765634757298,Market,200,Maintenance,Periyapatna PS
CCTV00411_2,Periyapatna PS - ATM CCTV,545,Mysuru,5573,Heggadadevankote,219452.0,Hyrige,618849,Sollapura,12.201475668097665,76.51880837590119,ATM,150,Maintenance,Periyapatna PS
CCTV00411_3,Periyapatna PS - Traffic Junction CCTV,545,Mysuru,5570,Hunsur,273319.0,Husenpura,618439,Harohalli,12.201261033714163,76.52052771414544,Traffic Junction,100,Maintenance,Periyapatna PS
CCTV00411_4,Periyapatna PS - Traffic Junction CCTV,545,Mysuru,5574,Nanjangud,219584.0,Hosakote,619202,Kurahattikaval,12.201433716271133,76.52011054668158,Traffic Junction,150,Active,Periyapatna PS
CCTV00411_5,Periyapatna PS - ATM CCTV,545,Mysuru,5571,Krishnarajanagara,219516.0,Kesthur,618626,Kestur,12.201162412359103,76.51813350949867,ATM,200,Maintenance,Periyapatna PS
CCTV00411_6,Periyapatna PS - Railway Station CCTV,545,Mysuru,5571,Krishnarajanagara,219509.0,Hebbalu,618638,Hebbal,12.200624638249169,76.51863946726995,Railway Station,150,Active,Periyapatna PS
CCTV00412_1,Saligrama PS - Government Office CCTV,545,Mysuru,5573,Heggadadevankote,219455.0,Kanchamalli,618962,Hirenandi,12.334320543049301,76.15574706455244,Government Office,150,Active,Saligrama PS
CCTV00412_2,Saligrama PS - Bus Stand CCTV,545,Mysuru,5573,Heggadadevankote,219443.0,Chakkodanahalli,618848,Gowdimachanayakana Halli,12.335826581862703,76.15535534018203,Bus Stand,200,Active,Saligrama PS
CCTV00412_3,Saligrama PS - Government Hospital CCTV,545,Mysuru,5569,Piriyapatna,273338.0,N. Shettihalli,618188,N. Settihalli,12.335395619635067,76.15524627623549,Government Hospital,200,Active,Saligrama PS
CCTV00412_4,Saligrama PS - College CCTV,545,Mysuru,5570,Hunsur,219471.0,Bilikere,618456,Bommalapura,12.334624924708198,76.15452099491543,College,150,Active,Saligrama PS
CCTV00413_1,Saragur PS - ATM CCTV,545,Mysuru,5573,Heggadadevankote,219451.0,Hirehalli,618872,Hirehalli,12.011647292423572,76.23496804392622,ATM,150,Active,Saragur PS
CCTV00413_2,Saragur PS - Market CCTV,545,Mysuru,7230,Saligrama,219499.0,Ankanahally,618528,Kallimuddanahalli,12.009490729137353,76.2343426111484,Market,150,Maintenance,Saragur PS
CCTV00413_3,Saragur PS - Bus Stand CCTV,545,Mysuru,5574,Nanjangud,219595.0,Mallupura,619227,Madahalli,12.011561743714468,76.23377509016619,Bus Stand,200,Active,Saragur PS
CCTV00413_4,Saragur PS - Market CCTV,545,Mysuru,5574,Nanjangud,219595.0,Mallupura,619226,Kirugunda,12.010848139578144,76.23519643406517,Market,100,Active,Saragur PS
CCTV00414_1,T. Narasipura PS - Government Office CCTV,545,Mysuru,5572,Mysuru,219542.0,Harohalli,618771,Mandanahalli,12.12149704756636,76.53437422372645,Government Office,100,Active,T. Narasipura PS
CCTV00414_2,T. Narasipura PS - Bank CCTV,545,Mysuru,5573,Heggadadevankote,219462.0,N.Belthur,619040,Nisna,12.122734308664644,76.53452720553746,Bank,100,Active,T. Narasipura PS
CCTV00414_3,T. Narasipura PS - Bank CCTV,545,Mysuru,5569,Piriyapatna,273339.0,Naviluru,618248,Bemmathi,12.122409727096276,76.53449862762854,Bank,100,Active,T. Narasipura PS
CCTV00415_1,Talakadu PS - Government Office CCTV,545,Mysuru,5569,Piriyapatna,219625.0,Kanagalu,618093,Kanagal,12.113043202910546,77.14762327558603,Government Office,200,Maintenance,Talakadu PS
CCTV00415_2,Talakadu PS - Railway Station CCTV,545,Mysuru,5573,Heggadadevankote,219449.0,Hebbalaguppe,618883,Boppanahalli,12.11313067045551,77.14640449356709,Railway Station,100,Active,Talakadu PS
CCTV00415_3,Talakadu PS - College CCTV,545,Mysuru,5575,Tirumakudal - Narsipur,219643.0,Doddebagilu,619367,Horalahalli,12.11162120333241,77.14564708122315,College,200,Active,Talakadu PS
CCTV00416_1,Varuna PS - Bank CCTV,545,Mysuru,5570,Hunsur,219488.0,Kothegala,618343,Tammadahalli,12.150864000644884,76.48413404765103,Bank,100,Maintenance,Varuna PS
CCTV00416_2,Varuna PS - Government Office CCTV,545,Mysuru,5570,Hunsur,219480.0,Halebeedu,618455,Halebeedukaval,12.151574073232394,76.48376424274022,Government Office,150,Maintenance,Varuna PS
CCTV00416_3,Varuna PS - Government Office CCTV,545,Mysuru,7098,Saraguru,219457.0,M.C.Thalalu,619011,Shiddapura,12.152114962698235,76.48378073705494,Government Office,100,Active,Varuna PS
CCTV00416_4,Varuna PS - Market CCTV,545,Mysuru,5569,Piriyapatna,,,618272,Abbur,12.151416635476714,76.48299532963037,Market,200,Maintenance,Varuna PS
CCTV00416_5,Varuna PS - Traffic Junction CCTV,545,Mysuru,5573,Heggadadevankote,219449.0,Hebbalaguppe,618901,Hulikura,12.152111295484149,76.48179278374828,Traffic Junction,200,Active,Varuna PS
CCTV00417_1,Yelawala PS - Government Office CCTV,545,Mysuru,5573,Heggadadevankote,273305.0,Hosaholalu,619031,Ragalakuppe,12.21289234464133,76.3226431200105,Government Office,200,Active,Yelawala PS
CCTV00417_2,Yelawala PS - Government Hospital CCTV,545,Mysuru,5569,Piriyapatna,219622.0,Hitnehebbagilu,618182,Bellahalli,12.213590721721344,76.32308430639628,Government Hospital,150,Active,Yelawala PS
CCTV00417_3,Yelawala PS - Traffic Junction CCTV,545,Mysuru,5572,Mysuru,,,618790,Sarakariuthanahalli,12.212347967607375,76.32154401088845,Traffic Junction,150,Maintenance,Yelawala PS
CCTV00417_4,Yelawala PS - Railway Station CCTV,545,Mysuru,5572,Mysuru,219539.0,Gopalapura,618748,Nagarthahalli,12.212005379891435,76.32341933140033,Railway Station,200,Maintenance,Yelawala PS
CCTV00417_5,Yelawala PS - Railway Station CCTV,545,Mysuru,5572,Mysuru,219539.0,Gopalapura,618748,Nagarthahalli,12.21267643695674,76.32397108059433,Railway Station,100,Active,Yelawala PS
CCTV00418_1,Balaganoor PS - ATM CCTV,546,Raichur,5463,Sindhnur,219823.0,Pagadadinni,601128,Tippanhatti,15.953919417758236,76.74987652740711,ATM,200,Active,Balaganoor PS
CCTV00418_2,Balaganoor PS - ATM CCTV,546,Raichur,5460,Devadurga,219697.0,Palakanamardi,600627,Devergud,15.956255685557588,76.74917120261239,ATM,100,Active,Balaganoor PS
CCTV00418_3,Balaganoor PS - Railway Station CCTV,546,Raichur,5460,Devadurga,219679.0,Gugal,600634,Matpalli,15.955408185420893,76.7511990096249,Railway Station,200,Active,Balaganoor PS
CCTV00418_4,Balaganoor PS - Traffic Junction CCTV,546,Raichur,7097,Sirwar,219756.0,Madagiri,600979,Sannahosur,15.956301219968434,76.74938984267666,Traffic Junction,150,Maintenance,Balaganoor PS
CCTV00419_1,Devadurga PS - Market CCTV,546,Raichur,5462,Manvi,219763.0,Pothnal,601045,Potanhal,16.41502526102578,76.92962980148549,Market,200,Active,Devadurga PS
CCTV00419_2,Devadurga PS - College CCTV,546,Raichur,5462,Manvi,219757.0,Madlapur,601025,Rangdhal,16.414639374881695,76.9288913384579,College,100,Maintenance,Devadurga PS
CCTV00419_3,Devadurga PS - Market CCTV,546,Raichur,5462,Manvi,219763.0,Pothnal,601045,Potanhal,16.414876424142655,76.92936780520856,Market,200,Active,Devadurga PS
CCTV00419_4,Devadurga PS - Bank CCTV,546,Raichur,7097,Sirwar,219743.0,Ganadinni,600971,Singaddinni,16.414571846330645,76.9275972800362,Bank,150,Active,Devadurga PS
CCTV00420_1,Gabbur PS - ATM CCTV,546,Raichur,5462,Manvi,219765.0,Sangapur,600991,Mallige Madugu,16.29668059207801,77.15988873715602,ATM,200,Active,Gabbur PS
CCTV00420_2,Gabbur PS - Railway Station CCTV,546,Raichur,5459,Lingasugur,219711.0,Gurugunta,600347,Mallapur,16.296605707559866,77.1609569758759,Railway Station,200,Active,Gabbur PS
CCTV00420_3,Gabbur PS - Market CCTV,546,Raichur,5463,Sindhnur,219806.0,Bhootaladinni,601130,Kallur,16.295693451738593,77.1612168120735,Market,150,Active,Gabbur PS
CCTV00420_4,Gabbur PS - Railway Station CCTV,546,Raichur,7101,Maski,219719.0,Maraladinni,600519,Venkatapur,16.296255197062038,77.15992678242203,Railway Station,150,Active,Gabbur PS
CCTV00420_5,Gabbur PS - Traffic Junction CCTV,546,Raichur,5460,Devadurga,219684.0,Jalahalli,600548,Hampergundi,16.295711119063675,77.16123170563448,Traffic Junction,100,Maintenance,Gabbur PS
CCTV00420_6,Gabbur PS - Market CCTV,546,Raichur,5459,Lingasugur,219705.0,Devarabhupur,600452,Ramalooti,16.29504226617568,77.16219613439402,Market,100,Active,Gabbur PS
CCTV00421_1,Hutti PS - College CCTV,546,Raichur,5459,Lingasugur,219707.0,Gejjalagatta,600488,Hire Hesarur,16.195463003776243,76.65601711677498,College,100,Maintenance,Hutti PS
CCTV00421_2,Hutti PS - Market CCTV,546,Raichur,7101,Maski,219832.0,Udbal (U),601097,Kyathanahatti,16.194659386082787,76.6552124454979,Market,150,Active,Hutti PS
CCTV00421_3,Hutti PS - Bus Stand CCTV,546,Raichur,5461,Raichur,219789.0,Manchlapur,600810,Hospet,16.195465656832162,76.65664687924463,Bus Stand,200,Active,Hutti PS
CCTV00421_4,Hutti PS - School CCTV,546,Raichur,5459,Lingasugur,219718.0,Kota,600472,Kotha,16.19568700842885,76.65471568320721,School,150,Active,Hutti PS
CCTV00421_5,Hutti PS - Traffic Junction CCTV,546,Raichur,5460,Devadurga,219685.0,Jeerabandi,600623,Gundgurthi,16.19329462380962,76.65470931474437,Traffic Junction,200,Active,Hutti PS
CCTV00421_6,Hutti PS - Bank CCTV,546,Raichur,5459,Lingasugur,219715.0,Kachapur,600427,Gundasagar,16.19325689564073,76.65629850675417,Bank,150,Active,Hutti PS
CCTV00422_1,Idapanur PS - College CCTV,546,Raichur,7101,Maski,219820.0,Kolbal,601117,Putkanhal (D),16.00329306447701,77.46337327685777,College,200,Maintenance,Idapanur PS
CCTV00422_2,Idapanur PS - Traffic Junction CCTV,546,Raichur,7403,Arakera,219685.0,Jeerabandi,600666,Khardigud,16.0030835293655,77.46185253651797,Traffic Junction,150,Maintenance,Idapanur PS
CCTV00422_3,Idapanur PS - Traffic Junction CCTV,546,Raichur,5460,Devadurga,219697.0,Palakanamardi,600627,Devergud,16.003284319073703,77.4633735319195,Traffic Junction,150,Active,Idapanur PS
CCTV00422_4,Idapanur PS - Bank CCTV,546,Raichur,7403,Arakera,219694.0,Mundaragi,600564,Mundargi,16.0042866112879,77.46358988268847,Bank,100,Active,Idapanur PS
CCTV00422_5,Idapanur PS - School CCTV,546,Raichur,7097,Sirwar,219743.0,Ganadinni,600971,Singaddinni,16.003520660547466,77.46253630086983,School,150,Active,Idapanur PS
CCTV00423_1,Jalhalli PS - Bank CCTV,546,Raichur,5461,Raichur,219786.0,Kamlapur,600834,Gonwar,16.00485213891331,77.46121814011023,Bank,100,Maintenance,Jalhalli PS
CCTV00423_2,Jalhalli PS - School CCTV,546,Raichur,5459,Lingasugur,219702.0,Anwari,600480,Hosur,16.003982883028485,77.46131990503628,School,100,Active,Jalhalli PS
CCTV00423_3,Jalhalli PS - Bank CCTV,546,Raichur,5461,Raichur,219774.0,Chandrabanda,600771,Katlatkur,16.003539605489006,77.46114949598734,Bank,150,Maintenance,Jalhalli PS
CCTV00423_4,Jalhalli PS - Bus Stand CCTV,546,Raichur,5462,Manvi,219742.0,Chickkotnekal,601055,Devipur,16.00412820569723,77.4618724636508,Bus Stand,100,Maintenance,Jalhalli PS
CCTV00423_5,Jalhalli PS - Traffic Junction CCTV,546,Raichur,7101,Maski,219820.0,Kolbal,601111,Kanoor,16.00530616753633,77.46252848130294,Traffic Junction,200,Maintenance,Jalhalli PS
CCTV00424_1,Kowthal PS - Market CCTV,546,Raichur,5461,Raichur,219774.0,Chandrabanda,600766,Palwaldoddi,16.08657516798061,76.81581986222918,Market,150,Maintenance,Kowthal PS
CCTV00424_2,Kowthal PS - College CCTV,546,Raichur,5461,Raichur,273079.0,Heerapura,600863,Hanmapur,16.086575393778062,76.8152509141349,College,200,Active,Kowthal PS
CCTV00424_3,Kowthal PS - Bank CCTV,546,Raichur,5461,Raichur,219787.0,Linganakhanadodi,600854,Kannedoddi,16.086727597828393,76.81551989251228,Bank,150,Maintenance,Kowthal PS
CCTV00424_4,Kowthal PS - Government Hospital CCTV,546,Raichur,5463,Sindhnur,219823.0,Pagadadinni,601129,Mullur,16.088625714217034,76.81446545148312,Government Hospital,150,Active,Kowthal PS
CCTV00425_1,Lingasugur PS - Bank CCTV,546,Raichur,5463,Sindhnur,219801.0,Alabanur,601196,Konganhatti,16.157783531582716,76.52320843453175,Bank,150,Active,Lingasugur PS
CCTV00425_2,Lingasugur PS - Bank CCTV,546,Raichur,7097,Sirwar,219741.0,Chagabhavi,600976,Chagbhavi,16.15774302058858,76.52341832361786,Bank,150,Active,Lingasugur PS
CCTV00425_3,Lingasugur PS - Bus Stand CCTV,546,Raichur,5460,Devadurga,219675.0,Dondambli,600598,Kurkihalli,16.157824688600762,76.5219805894339,Bus Stand,150,Maintenance,Lingasugur PS
CCTV00425_4,Lingasugur PS - College CCTV,546,Raichur,5461,Raichur,219784.0,Kadloor,600750,Kadlur,16.15925312565729,76.5212027264302,College,150,Active,Lingasugur PS
CCTV00426_1,Manvi PS - Government Office CCTV,546,Raichur,5463,Sindhnur,219801.0,Alabanur,601183,Kannari,15.993763299056761,77.04724821972837,Government Office,100,Maintenance,Manvi PS
CCTV00426_2,Manvi PS - Bank CCTV,546,Raichur,5463,Sindhnur,219818.0,Javalgera,601157,Turakatti - (D),15.994367191275446,77.04811000092907,Bank,150,Active,Manvi PS
CCTV00426_3,Manvi PS - Government Office CCTV,546,Raichur,5461,Raichur,219781.0,Jagir Venkatapur,600817,J. Venktapur,15.99332344605687,77.0479162230008,Government Office,100,Maintenance,Manvi PS
CCTV00426_4,Manvi PS - Government Office CCTV,546,Raichur,5459,Lingasugur,219702.0,Anwari,600486,Chukanahatti,15.993952465598342,77.04743452237805,Government Office,150,Maintenance,Manvi PS
CCTV00426_5,Manvi PS - Market CCTV,546,Raichur,5461,Raichur,219782.0,Jambaladinni,600853,Puchaldinni,15.992617990669975,77.04872315635546,Market,200,Active,Manvi PS
CCTV00427_1,Market Yard PS - Government Hospital CCTV,546,Raichur,5461,Raichur,219790.0,Marchathal,600823,Pesaldinni,16.215455628283184,77.36050628089406,Government Hospital,150,Maintenance,Market Yard PS
CCTV00427_2,Market Yard PS - Government Hospital CCTV,546,Raichur,7403,Arakera,219695.0,Mustur,600682,Chintalkunta,16.21658616772617,77.36172554836051,Government Hospital,150,Active,Market Yard PS
CCTV00427_3,Market Yard PS - Government Office CCTV,546,Raichur,5460,Devadurga,219680.0,Hemanal,600654,Khanapur,16.217177997579824,77.36099404481457,Government Office,100,Active,Market Yard PS
CCTV00428_1,Maski PS - Government Hospital CCTV,546,Raichur,5461,Raichur,219783.0,Jegarkal,600842,Mallapur,15.95334988687332,76.65546073463143,Government Hospital,150,Maintenance,Maski PS
CCTV00428_2,Maski PS - ATM CCTV,546,Raichur,5462,Manvi,219764.0,Sadapur,601020,Daddal,15.952643909983069,76.65291220980693,ATM,100,Active,Maski PS
CCTV00428_3,Maski PS - Bus Stand CCTV,546,Raichur,5463,Sindhnur,219828.0,Salagunda,601208,Salgunda,15.954867142907053,76.6552911253321,Bus Stand,200,Active,Maski PS
CCTV00428_4,Maski PS - Traffic Junction CCTV,546,Raichur,7101,Maski,219814.0,Gunda,601056,Mahampur,15.952668296831877,76.6534119029338,Traffic Junction,200,Maintenance,Maski PS
CCTV00429_1,Mudgal PS - Government Hospital CCTV,546,Raichur,7101,Maski,219734.0,Ameenagada,600885,Yatgal,16.01173974312012,76.44238848563181,Government Hospital,200,Active,Mudgal PS
CCTV00429_2,Mudgal PS - Railway Station CCTV,546,Raichur,5460,Devadurga,219679.0,Gugal,600599,Yatgal,16.01340388054417,76.44250558265222,Railway Station,100,Active,Mudgal PS
CCTV00429_3,Mudgal PS - Railway Station CCTV,546,Raichur,5460,Devadurga,219680.0,Hemanal,600654,Khanapur,16.01215976828839,76.44123467099126,Railway Station,100,Maintenance,Mudgal PS
CCTV00429_4,Mudgal PS - ATM CCTV,546,Raichur,7101,Maski,219814.0,Gunda,601083,Hokarani,16.013220665073383,76.44195972072339,ATM,100,Active,Mudgal PS
CCTV00430_1,Raichur CEN Crime PS - College CCTV,546,Raichur,7101,Maski,219723.0,Medakinal,600525,Medikinhal,16.221889951340852,77.35386532927598,College,200,Maintenance,Raichur CEN Crime PS
CCTV00430_2,Raichur CEN Crime PS - Bank CCTV,546,Raichur,5462,Manvi,219767.0,Sunkeshwar,601012,Arnalli,16.2203236547024,77.35483928382205,Bank,200,Active,Raichur CEN Crime PS
CCTV00430_3,Raichur CEN Crime PS - Government Office CCTV,546,Raichur,5462,Manvi,219751.0,Janekal,601048,Amarawati,16.220861878517233,77.35562311437748,Government Office,200,Active,Raichur CEN Crime PS
CCTV00430_4,Raichur CEN Crime PS - Railway Station CCTV,546,Raichur,7097,Sirwar,219736.0,Athanur,600969,Atnur,16.22180854944056,77.3561196145809,Railway Station,200,Active,Raichur CEN Crime PS
CCTV00430_5,Raichur CEN Crime PS - College CCTV,546,Raichur,5463,Sindhnur,219807.0,Chennalli,601220,Siddrampur,16.221314070288738,77.35648230920614,College,100,Active,Raichur CEN Crime PS
CCTV00431_1,Raichur Rural PS - Traffic Junction CCTV,546,Raichur,7101,Maski,219730.0,Santhekallur,600497,Sante-Kellur,16.219062525923448,77.35556126213605,Traffic Junction,100,Active,Raichur Rural PS
CCTV00431_2,Raichur Rural PS - Government Hospital CCTV,546,Raichur,7403,Arakera,219677.0,Galaga,600585,Chadkalgudda,16.218697911669356,77.35390136094135,Government Hospital,150,Maintenance,Raichur Rural PS
CCTV00431_3,Raichur Rural PS - College CCTV,546,Raichur,5463,Sindhnur,219834.0,Virupapur,601228,Arlihalli(Simth Mukunda),16.220787980267737,77.3562542485529,College,200,Active,Raichur Rural PS
CCTV00431_4,Raichur Rural PS - Bank CCTV,546,Raichur,5463,Sindhnur,219830.0,Tidigol,601090,Nedigol,16.220855850742282,77.35453075606007,Bank,100,Active,Raichur Rural PS
CCTV00431_5,Raichur Rural PS - Bank CCTV,546,Raichur,7101,Maski,219732.0,Telekhan,600531,Baggalgudda,16.219755508771467,77.35573975380964,Bank,100,Active,Raichur Rural PS
CCTV00431_6,Raichur Rural PS - Bank CCTV,546,Raichur,7101,Maski,219762.0,Pamanakallur,600899,Gudihal,16.220423244014345,77.35492276116116,Bank,200,Active,Raichur Rural PS
CCTV00432_1,Raichur Traffic PS - Bus Stand CCTV,546,Raichur,7101,Maski,219746.0,Halapur,600894,Togalgal,16.202946902092894,77.34464182380441,Bus Stand,100,Active,Raichur Traffic PS
CCTV00432_2,Raichur Traffic PS - Bank CCTV,546,Raichur,5463,Sindhnur,273083.0,Vala Ballary,601176,Yeddaldoddi,16.200696284411215,77.34436154190776,Bank,100,Active,Raichur Traffic PS
CCTV00432_3,Raichur Traffic PS - Government Office CCTV,546,Raichur,5459,Lingasugur,219711.0,Gurugunta,600347,Mallapur,16.203203887324747,77.34413005244762,Government Office,100,Active,Raichur Traffic PS
CCTV00432_4,Raichur Traffic PS - College CCTV,546,Raichur,5461,Raichur,219796.0,Singanodi,600776,Mandalgera,16.202942863300574,77.34571525691854,College,100,Active,Raichur Traffic PS
CCTV00432_5,Raichur Traffic PS - Bus Stand CCTV,546,Raichur,5460,Devadurga,219674.0,Chinchodi,600536,Veergot,16.202434586795324,77.34284642257438,Bus Stand,150,Maintenance,Raichur Traffic PS
CCTV00432_6,Raichur Traffic PS - Market CCTV,546,Raichur,5461,Raichur,219798.0,Yadlapur,600799,Harkandoddi (D),16.203230298796715,77.34340007383669,Market,100,Active,Raichur Traffic PS
CCTV00433_1,Raichur West PS - ATM CCTV,546,Raichur,5459,Lingasugur,219707.0,Gejjalagatta,600487,Gejjelagatta,16.1955640839627,77.34417026733819,ATM,150,Active,Raichur West PS
CCTV00433_2,Raichur West PS - ATM CCTV,546,Raichur,5460,Devadurga,219693.0,Masarkal,600631,Miyapur,16.195697707414784,77.34347705884169,ATM,150,Active,Raichur West PS
CCTV00433_3,Raichur West PS - Government Hospital CCTV,546,Raichur,5460,Devadurga,219687.0,Karadigudda,600622,Kardigudda,16.196404413072397,77.34238666298707,Government Hospital,100,Active,Raichur West PS
CCTV00433_4,Raichur West PS - School CCTV,546,Raichur,5459,Lingasugur,219725.0,Naglapur,600393,Kumarkhed,16.19630467915771,77.34372473176032,School,200,Active,Raichur West PS
CCTV00433_5,Raichur West PS - Government Office CCTV,546,Raichur,7101,Maski,273075.0,Chincharaki,600900,Chilkaragi,16.196095453666796,77.34222588716987,Government Office,100,Active,Raichur West PS
CCTV00433_6,Raichur West PS - ATM CCTV,546,Raichur,5463,Sindhnur,219823.0,Pagadadinni,601126,Kunnatgi,16.19633656400335,77.34267955059781,ATM,150,Active,Raichur West PS
CCTV00434_1,Sadar Bazar PS - School CCTV,546,Raichur,5459,Lingasugur,219731.0,Sarjapur,600438,Amarawati,16.203559438641076,77.35694000848778,School,200,Maintenance,Sadar Bazar PS
CCTV00434_2,Sadar Bazar PS - Traffic Junction CCTV,546,Raichur,7097,Sirwar,219736.0,Athanur,600969,Atnur,16.20389933931966,77.35638525615224,Traffic Junction,100,Maintenance,Sadar Bazar PS
CCTV00434_3,Sadar Bazar PS - Bus Stand CCTV,546,Raichur,7101,Maski,273077.0,Malladagudda,600923,Markamdinni,16.202309806756595,77.35549421947955,Bus Stand,200,Active,Sadar Bazar PS
CCTV00435_1,Shakti Nagar PS - Government Office CCTV,546,Raichur,5461,Raichur,219773.0,Bijangera,600801,Ayazpur,16.36992059970742,77.35341063093122,Government Office,100,Active,Shakti Nagar PS
CCTV00435_2,Shakti Nagar PS - Bank CCTV,546,Raichur,5459,Lingasugur,219725.0,Naglapur,600388,Vyakarnhal,16.370497916804865,77.35248516175604,Bank,100,Active,Shakti Nagar PS
CCTV00435_3,Shakti Nagar PS - Traffic Junction CCTV,546,Raichur,5459,Lingasugur,219710.0,Guntagol,600445,Yalgundi,16.3711277211274,77.35258703760907,Traffic Junction,100,Active,Shakti Nagar PS
CCTV00436_1,Sindanur Traffic PS - Government Hospital CCTV,546,Raichur,5461,Raichur,219794.0,Sagamakunta,600744,Korvihal,15.767290288700295,76.74351292598607,Government Hospital,100,Maintenance,Sindanur Traffic PS
CCTV00436_2,Sindanur Traffic PS - Government Office CCTV,546,Raichur,7101,Maski,219701.0,Ankushadoddi,600501,Mudwal,15.766010217857659,76.74600921891702,Government Office,150,Active,Sindanur Traffic PS
CCTV00436_3,Sindanur Traffic PS - Traffic Junction CCTV,546,Raichur,5461,Raichur,219781.0,Jagir Venkatapur,600813,Sultanpur,15.768251189422065,76.74602082489075,Traffic Junction,150,Active,Sindanur Traffic PS
CCTV00437_1,Sirwar PS - ATM CCTV,546,Raichur,5461,Raichur,219785.0,Kalmala,600816,Kalmala,16.176516178415763,77.0166114528982,ATM,100,Maintenance,Sirwar PS
CCTV00437_2,Sirwar PS - Government Office CCTV,546,Raichur,7403,Arakera,219694.0,Mundaragi,600564,Mundargi,16.174477975326692,77.01570244405511,Government Office,200,Maintenance,Sirwar PS
CCTV00437_3,Sirwar PS - Traffic Junction CCTV,546,Raichur,5459,Lingasugur,219731.0,Sarjapur,600489,Chick-Hesarur,16.17478537105877,77.01568867280952,Traffic Junction,100,Maintenance,Sirwar PS
CCTV00438_1,Turvihal PS - Traffic Junction CCTV,546,Raichur,5461,Raichur,219787.0,Linganakhanadodi,600836,Murkidoddi,15.758253991328976,76.59773904628871,Traffic Junction,200,Active,Turvihal PS
CCTV00438_2,Turvihal PS - Traffic Junction CCTV,546,Raichur,5459,Lingasugur,219716.0,Kalapur,600418,Kalapur,15.758529458274534,76.59530996335909,Traffic Junction,200,Active,Turvihal PS
CCTV00438_3,Turvihal PS - Government Office CCTV,546,Raichur,7097,Sirwar,219758.0,Mallat,600953,Malat,15.757702678422007,76.59798834280352,Government Office,100,Maintenance,Turvihal PS
CCTV00438_4,Turvihal PS - Government Office CCTV,546,Raichur,5463,Sindhnur,219828.0,Salagunda,601208,Salgunda,15.758122987414305,76.59774137781089,Government Office,200,Active,Turvihal PS
CCTV00438_5,Turvihal PS - Market CCTV,546,Raichur,5463,Sindhnur,219817.0,Jalihal,601080,Hanumapur,15.758428451447353,76.59740693928741,Market,200,Active,Turvihal PS
CCTV00439_1,Women PS - ATM CCTV,546,Raichur,7403,Arakera,219673.0,B.Ganekal,600699,Mailapur,15.856664337450944,74.50706319848629,ATM,150,Active,Women PS
CCTV00439_2,Women PS - ATM CCTV,546,Raichur,5460,Devadurga,219686.0,K.Irabgera,600621,Sasvigera,15.85877353307481,74.50553360504188,ATM,200,Maintenance,Women PS
CCTV00439_3,Women PS - Market CCTV,546,Raichur,5463,Sindhnur,219822.0,Mukkunda,601225,Huda,15.858101340697656,74.50609415942237,Market,200,Active,Women PS
CCTV00439_4,Women PS - ATM CCTV,546,Raichur,5463,Sindhnur,219830.0,Tidigol,601091,Kurukunda,15.858529249590081,74.50542935869714,ATM,150,Active,Women PS
CCTV00439_5,Women PS - Traffic Junction CCTV,546,Raichur,7101,Maski,219732.0,Telekhan,600527,Sompur,15.858898110267814,74.5047586832203,Traffic Junction,150,Active,Women PS
CCTV00440_1,Yapaladinni PS - Government Office CCTV,546,Raichur,5459,Lingasugur,219699.0,Amadihal,600372,Bellihal,16.295910124260914,77.5249640071973,Government Office,100,Active,Yapaladinni PS
CCTV00440_2,Yapaladinni PS - Government Office CCTV,546,Raichur,5463,Sindhnur,219819.0,Kalmangi,601075,Kalmangi,16.297240069921447,77.52540205585368,Government Office,150,Active,Yapaladinni PS
CCTV00440_3,Yapaladinni PS - Bus Stand CCTV,546,Raichur,5463,Sindhnur,219830.0,Tidigol,601090,Nedigol,16.2968226422594,77.52523666574476,Bus Stand,200,Active,Yapaladinni PS
CCTV00441_1,Yeregera PS - Railway Station CCTV,546,Raichur,5463,Sindhnur,219818.0,Javalgera,601157,Turakatti - (D),16.073012948658686,77.41374268477684,Railway Station,100,Active,Yeregera PS
CCTV00441_2,Yeregera PS - School CCTV,546,Raichur,5460,Devadurga,219681.0,Hirebudur,600647,Masihal,16.073421638828012,77.41348635941854,School,200,Active,Yeregera PS
CCTV00441_3,Yeregera PS - Traffic Junction CCTV,546,Raichur,5459,Lingasugur,219729.0,Rodalabanda (U.K.P.),600402,Sunkal,16.072647404267993,77.41560711870478,Traffic Junction,150,Active,Yeregera PS
CCTV00441_4,Yeregera PS - ATM CCTV,546,Raichur,5461,Raichur,219784.0,Kadloor,600734,Karekal,16.07442061592083,77.4133326177184,ATM,100,Active,Yeregera PS
CCTV00441_5,Yeregera PS - Bank CCTV,546,Raichur,5459,Lingasugur,273070.0,Chittapura,600408,Nandihal,16.072112244232915,77.41508593709328,Bank,200,Active,Yeregera PS
CCTV00442_1,Akkur PS - ATM CCTV,631,Bengaluru South,5608,Kanakapura,,,626450,Anmanahalli,12.713927217996313,77.28992614679176,ATM,200,Active,Akkur PS
CCTV00442_2,Akkur PS - Government Hospital CCTV,631,Bengaluru South,5607,Channapatna,215409.0,Mandya Bommanayakanahally,626199,Aralapura,12.71396967575049,77.29012986741124,Government Hospital,100,Maintenance,Akkur PS
CCTV00442_3,Akkur PS - Market CCTV,631,Bengaluru South,5607,Channapatna,215397.0,Chekkere,626219,Hottiganahosahalli,12.711452968198156,77.28951014984085,Market,200,Active,Akkur PS
CCTV00442_4,Akkur PS - Railway Station CCTV,631,Bengaluru South,5607,Channapatna,215400.0,Harokoppa,626300,Harokoppa,12.713376900035549,77.2902109645202,Railway Station,200,Active,Akkur PS
CCTV00442_5,Akkur PS - Traffic Junction CCTV,631,Bengaluru South,5607,Channapatna,215408.0,Malurpatna,626232,Thubinakere,12.71288791553745,77.29085407388449,Traffic Junction,100,Maintenance,Akkur PS
CCTV00442_6,Akkur PS - Bank CCTV,631,Bengaluru South,5608,Kanakapura,215527.0,Kolagondanahalli,626598,Gattigunda,12.713482696096232,77.28872367148081,Bank,100,Active,Akkur PS
CCTV00443_1,Bidadi PS - ATM CCTV,631,Bengaluru South,5607,Channapatna,215409.0,Mandya Bommanayakanahally,626200,Honnayakanahalli,12.799807376244495,77.3833743685455,ATM,100,Maintenance,Bidadi PS
CCTV00443_2,Bidadi PS - Railway Station CCTV,631,Bengaluru South,5606,Ramanagara,215615.0,Manchanayakanahalli,626130,Yerepalya,12.799016857175387,77.38480166450945,Railway Station,100,Active,Bidadi PS
CCTV00443_3,Bidadi PS - Government Hospital CCTV,631,Bengaluru South,5605,Magadi,215564.0,Mathikere,626004,Mathikere,12.79940359273203,77.38377403539143,Government Hospital,100,Active,Bidadi PS
CCTV00443_4,Bidadi PS - Government Hospital CCTV,631,Bengaluru South,5605,Magadi,215572.0,Srigiripura,625813,Hosahalli,12.798992647545921,77.38506707309871,Government Hospital,100,Active,Bidadi PS
CCTV00443_5,Bidadi PS - College CCTV,631,Bengaluru South,7196,Harohalli,215531.0,Mullahalli,626509,Medanahalli,12.799924120961814,77.38458087288414,College,200,Active,Bidadi PS
CCTV00444_1,Channapatna East PS - Railway Station CCTV,631,Bengaluru South,5605,Magadi,215571.0,Solur,625887,Thubarapalya,12.664768874075232,77.2168343562097,Railway Station,100,Active,Channapatna East PS
CCTV00444_2,Channapatna East PS - Bank CCTV,631,Bengaluru South,5605,Magadi,215543.0,Adarangi,625824,Ajjahalli,12.663394066848268,77.21784506794411,Bank,100,Active,Channapatna East PS
CCTV00444_3,Channapatna East PS - College CCTV,631,Bengaluru South,5607,Channapatna,215399.0,H.Byadarahalli,626209,Huluvady,12.66358939147003,77.21792214364444,College,200,Active,Channapatna East PS
CCTV00444_4,Channapatna East PS - Railway Station CCTV,631,Bengaluru South,5606,Ramanagara,215609.0,Jalamagal,626051,Jalamangala,12.663865600994638,77.21638408706357,Railway Station,100,Active,Channapatna East PS
CCTV00445_1,Channapatna Rural PS - Bus Stand CCTV,631,Bengaluru South,5605,Magadi,215564.0,Mathikere,626022,Nerlawadi,12.662951901580335,77.21590540926188,Bus Stand,200,Active,Channapatna Rural PS
CCTV00445_2,Channapatna Rural PS - Railway Station CCTV,631,Bengaluru South,7196,Harohalli,215529.0,Kottagalu,626333,Pichanakere,12.664306593248734,77.21741496227057,Railway Station,200,Active,Channapatna Rural PS
CCTV00445_3,Channapatna Rural PS - Railway Station CCTV,631,Bengaluru South,5605,Magadi,215568.0,Sankighatta,625774,Hebbalalu,12.663302008281649,77.21581994868043,Railway Station,100,Maintenance,Channapatna Rural PS
CCTV00445_4,Channapatna Rural PS - Government Office CCTV,631,Bengaluru South,5605,Magadi,215549.0,Biskur,625831,Gollahalli,12.663548256205159,77.21564464520303,Government Office,150,Active,Channapatna Rural PS
CCTV00445_5,Channapatna Rural PS - Bank CCTV,631,Bengaluru South,5608,Kanakapura,215517.0,Honniganahalli,626522,Sasalapura,12.662285672617772,77.21668663984947,Bank,150,Active,Channapatna Rural PS
CCTV00445_6,Channapatna Rural PS - Railway Station CCTV,631,Bengaluru South,5607,Channapatna,215422.0,Virupakshipura,626282,Virupakshipura,12.66249806407998,77.21777757193766,Railway Station,100,Active,Channapatna Rural PS
CCTV00446_1,Channapatna Town PS - College CCTV,631,Bengaluru South,5607,Channapatna,215402.0,Iggalur,626308,Saraguru,12.652790573107762,77.20078277751631,College,100,Active,Channapatna Town PS
CCTV00446_2,Channapatna Town PS - Government Office CCTV,631,Bengaluru South,7196,Harohalli,,,626355,Harohalli,12.653322629286048,77.20181432546485,Government Office,100,Maintenance,Channapatna Town PS
CCTV00446_3,Channapatna Town PS - College CCTV,631,Bengaluru South,5605,Magadi,215548.0,Belagumba,625954,Singripalya,12.652885619317756,77.20052839236217,College,100,Active,Channapatna Town PS
CCTV00446_4,Channapatna Town PS - School CCTV,631,Bengaluru South,5605,Magadi,215561.0,Lakkenahalli,625895,Beeravara,12.655151231051473,77.19917834382987,School,150,Maintenance,Channapatna Town PS
CCTV00447_1,CHANNAPATNA TRAFFIC PS - ATM CCTV,631,Bengaluru South,5605,Magadi,215567.0,Nethenahalli,625976,Somakkanamutta,12.653014983809145,77.20080179646732,ATM,150,Active,CHANNAPATNA TRAFFIC PS
CCTV00447_2,CHANNAPATNA TRAFFIC PS - Government Office CCTV,631,Bengaluru South,5607,Channapatna,215422.0,Virupakshipura,626282,Virupakshipura,12.653578002358875,77.2012321545209,Government Office,200,Active,CHANNAPATNA TRAFFIC PS
CCTV00447_3,CHANNAPATNA TRAFFIC PS - Bus Stand CCTV,631,Bengaluru South,5605,Magadi,215558.0,Kalya,625938,Kalya,12.652418010344386,77.20179813065444,Bus Stand,100,Active,CHANNAPATNA TRAFFIC PS
CCTV00447_4,CHANNAPATNA TRAFFIC PS - Bank CCTV,631,Bengaluru South,5605,Magadi,215556.0,Hullenahalli,625773,Hullenahalli,12.652937859028036,77.19930382587074,Bank,200,Active,CHANNAPATNA TRAFFIC PS
CCTV00447_5,CHANNAPATNA TRAFFIC PS - Bus Stand CCTV,631,Bengaluru South,5605,Magadi,215548.0,Belagumba,625918,Bhantrakuppe,12.65510886479524,77.20095312258819,Bus Stand,100,Maintenance,CHANNAPATNA TRAFFIC PS
CCTV00447_6,CHANNAPATNA TRAFFIC PS - Bus Stand CCTV,631,Bengaluru South,5607,Channapatna,215421.0,Vandaraguppe,626250,Honniganahalli,12.652976690303966,77.20026277137795,Bus Stand,150,Active,CHANNAPATNA TRAFFIC PS
CCTV00448_1,Harohalli PS - Bus Stand CCTV,631,Bengaluru South,5607,Channapatna,215414.0,Neelasandra,626261,Neelakantanahalli,12.6811883994084,77.46928236805327,Bus Stand,150,Active,Harohalli PS
CCTV00448_2,Harohalli PS - College CCTV,631,Bengaluru South,5605,Magadi,215558.0,Kalya,625925,Halasinganahalli,12.680690737184957,77.46943549770658,College,150,Active,Harohalli PS
CCTV00448_3,Harohalli PS - Bank CCTV,631,Bengaluru South,5608,Kanakapura,215517.0,Honniganahalli,626521,Halasinamaradahalli,12.682725472745645,77.46946589344842,Bank,150,Active,Harohalli PS
CCTV00448_4,Harohalli PS - Bank CCTV,631,Bengaluru South,5607,Channapatna,215394.0,Banagahally,626301,Madapura,12.680691104386437,77.4689670157034,Bank,150,Active,Harohalli PS
CCTV00448_5,Harohalli PS - School CCTV,631,Bengaluru South,5605,Magadi,,,625959,Thirumale,12.681091436310126,77.4707034735778,School,150,Active,Harohalli PS
CCTV00448_6,Harohalli PS - Traffic Junction CCTV,631,Bengaluru South,5608,Kanakapura,215524.0,Kadahalli,626584,Halasuru,12.682403675068473,77.46872691014924,Traffic Junction,150,Active,Harohalli PS
CCTV00449_1,Ijoor PS - College CCTV,631,Bengaluru South,5605,Magadi,215561.0,Lakkenahalli,625889,Lingenahalli,12.730359995605193,77.28379117660262,College,200,Active,Ijoor PS
CCTV00449_2,Ijoor PS - School CCTV,631,Bengaluru South,5608,Kanakapura,215502.0,Arakere,626586,Kebre,12.730998439222974,77.2850533951303,School,200,Active,Ijoor PS
CCTV00449_3,Ijoor PS - Bus Stand CCTV,631,Bengaluru South,5606,Ramanagara,215597.0,Akkur,626048,Virupasandra,12.729943773825948,77.28589417517225,Bus Stand,100,Active,Ijoor PS
CCTV00449_4,Ijoor PS - College CCTV,631,Bengaluru South,5607,Channapatna,215408.0,Malurpatna,626234,Malurpatna,12.728668476879381,77.28496211651381,College,150,Active,Ijoor PS
CCTV00450_1,Kaggalipura PS - Traffic Junction CCTV,631,Bengaluru South,5606,Ramanagara,215612.0,Kootagal,626064,Kutagal,12.798504181690616,77.5113707150453,Traffic Junction,100,Active,Kaggalipura PS
CCTV00450_2,Kaggalipura PS - Bus Stand CCTV,631,Bengaluru South,5605,Magadi,215565.0,Motagondanahallli,625907,Basavenahalli,12.798076140351304,77.5099740320144,Bus Stand,200,Active,Kaggalipura PS
CCTV00450_3,Kaggalipura PS - Government Office CCTV,631,Bengaluru South,5605,Magadi,215552.0,Chikkahalli,625761,Chikkahalli,12.798180364160977,77.50865070412358,Government Office,150,Active,Kaggalipura PS
CCTV00450_4,Kaggalipura PS - Railway Station CCTV,631,Bengaluru South,5605,Magadi,215553.0,Gudemaranahalli,625903,Gudemaranahalli,12.799994677136105,77.51144759421419,Railway Station,150,Active,Kaggalipura PS
CCTV00450_5,Kaggalipura PS - Government Hospital CCTV,631,Bengaluru South,5607,Channapatna,215408.0,Malurpatna,626234,Malurpatna,12.80080688967136,77.50898502748214,Government Hospital,100,Maintenance,Kaggalipura PS
CCTV00451_1,Kanakapura Rural PS - Government Hospital CCTV,631,Bengaluru South,5605,Magadi,215568.0,Sankighatta,625779,Shankighatta,12.555278821260567,77.42297996136601,Government Hospital,100,Active,Kanakapura Rural PS
CCTV00451_2,Kanakapura Rural PS - School CCTV,631,Bengaluru South,7196,Harohalli,215504.0,Banavasi,626411,Billiganakuppe,12.55546457735906,77.42316559270682,School,200,Maintenance,Kanakapura Rural PS
CCTV00451_3,Kanakapura Rural PS - College CCTV,631,Bengaluru South,5608,Kanakapura,215518.0,Hosadurga,626620,Guddaveerana Hosahalli,12.553491979504077,77.42482148775073,College,100,Active,Kanakapura Rural PS
CCTV00452_1,Kanakapura Town PS - Bus Stand CCTV,631,Bengaluru South,5605,Magadi,215548.0,Belagumba,625932,Kanchugaranahalli,12.548156848728464,77.42255273303672,Bus Stand,200,Active,Kanakapura Town PS
CCTV00452_2,Kanakapura Town PS - School CCTV,631,Bengaluru South,5605,Magadi,215572.0,Srigiripura,626042,Chikkamaskal,12.545787104081054,77.42145815815637,School,200,Maintenance,Kanakapura Town PS
CCTV00452_3,Kanakapura Town PS - Bank CCTV,631,Bengaluru South,5605,Magadi,215544.0,Agalakote,626008,Mallenahalli,12.547477149228127,77.42328381833042,Bank,150,Active,Kanakapura Town PS
CCTV00452_4,Kanakapura Town PS - ATM CCTV,631,Bengaluru South,5605,Magadi,215544.0,Agalakote,626002,Huluvenahalli,12.547880153751606,77.42136816784019,ATM,100,Active,Kanakapura Town PS
CCTV00452_5,Kanakapura Town PS - School CCTV,631,Bengaluru South,5605,Magadi,215571.0,Solur,625880,Ramanahalli,12.54650109891735,77.42205082317726,School,200,Maintenance,Kanakapura Town PS
CCTV00453_1,Kanakapura Traffic PS - Traffic Junction CCTV,631,Bengaluru South,7196,Harohalli,215531.0,Mullahalli,626509,Medanahalli,12.554318979150922,77.42311600927027,Traffic Junction,200,Active,Kanakapura Traffic PS
CCTV00453_2,Kanakapura Traffic PS - Bus Stand CCTV,631,Bengaluru South,5606,Ramanagara,,,626059,Ibbalakahalli,12.55582397198879,77.42528622246827,Bus Stand,200,Active,Kanakapura Traffic PS
CCTV00453_3,Kanakapura Traffic PS - Railway Station CCTV,631,Bengaluru South,5605,Magadi,215547.0,Banavadi,625854,Mylanahalli,12.555808542047515,77.42520883240942,Railway Station,150,Maintenance,Kanakapura Traffic PS
CCTV00453_4,Kanakapura Traffic PS - Government Office CCTV,631,Bengaluru South,5605,Magadi,215559.0,Kannur,625807,Kenkere,12.553902573963263,77.42354080915472,Government Office,200,Active,Kanakapura Traffic PS
CCTV00453_5,Kanakapura Traffic PS - Government Office CCTV,631,Bengaluru South,5606,Ramanagara,215604.0,Gopahalli,626158,Annahalli,12.554347702668254,77.42335348707937,Government Office,100,Active,Kanakapura Traffic PS
CCTV00454_1,Kodihalli PS - Bus Stand CCTV,631,Bengaluru South,5605,Magadi,215565.0,Motagondanahallli,625912,Kothagondanahalli,12.434723324592676,77.4949295523397,Bus Stand,150,Active,Kodihalli PS
CCTV00454_2,Kodihalli PS - Government Office CCTV,631,Bengaluru South,5607,Channapatna,215417.0,Sogala,626296,Sogala,12.43511307167801,77.49435962844933,Government Office,200,Maintenance,Kodihalli PS
CCTV00454_3,Kodihalli PS - School CCTV,631,Bengaluru South,5608,Kanakapura,215535.0,Shivanahalli,626475,Anjanapura,12.43700092285759,77.49648092910891,School,150,Active,Kodihalli PS
CCTV00455_1,Kudur PS - ATM CCTV,631,Bengaluru South,5605,Magadi,215546.0,Bachenahatti,625984,Varadenahalli,13.106325595360957,77.16607112007355,ATM,200,Active,Kudur PS
CCTV00455_2,Kudur PS - Traffic Junction CCTV,631,Bengaluru South,5605,Magadi,215559.0,Kannur,625806,Sugganahalli,13.106359094132241,77.16432973350169,Traffic Junction,150,Active,Kudur PS
CCTV00455_3,Kudur PS - Government Office CCTV,631,Bengaluru South,5608,Kanakapura,215516.0,Herandyapanahalli,626596,Tattiguppe,13.108484374586817,77.16600655510781,Government Office,100,Active,Kudur PS
CCTV00455_4,Kudur PS - College CCTV,631,Bengaluru South,5605,Magadi,215552.0,Chikkahalli,625762,Honnapura,13.108494406540245,77.16574952683045,College,100,Maintenance,Kudur PS
CCTV00455_5,Kudur PS - Railway Station CCTV,631,Bengaluru South,5605,Magadi,215563.0,Madigondanahalli,625849,Kempohalli,13.107122016076625,77.16524870923642,Railway Station,200,Active,Kudur PS
CCTV00456_1,M.K. Doddi PS - ATM CCTV,631,Bengaluru South,5608,Kanakapura,215519.0,Hukunda,626553,Hukundha,12.595227235360408,77.11709333423833,ATM,150,Active,M.K. Doddi PS
CCTV00456_2,M.K. Doddi PS - Bank CCTV,631,Bengaluru South,7196,Harohalli,215528.0,Kolliganahalli,626337,Kadasikoppa,12.596938010949678,77.11781722663169,Bank,200,Maintenance,M.K. Doddi PS
CCTV00456_3,M.K. Doddi PS - Bank CCTV,631,Bengaluru South,5605,Magadi,215546.0,Bachenahatti,625987,Singadasanahalli,12.59575521649111,77.11822714183849,Bank,200,Active,M.K. Doddi PS
CCTV00456_4,M.K. Doddi PS - Government Office CCTV,631,Bengaluru South,5605,Magadi,215548.0,Belagumba,625933,Gudepalya,12.595974020020062,77.11751020984039,Government Office,100,Active,M.K. Doddi PS
CCTV00456_5,M.K. Doddi PS - College CCTV,631,Bengaluru South,5605,Magadi,215561.0,Lakkenahalli,625890,Parvathapalya,12.596006695206881,77.11950465183244,College,150,Maintenance,M.K. Doddi PS
CCTV00457_1,Magadi PS - Railway Station CCTV,631,Bengaluru South,5606,Ramanagara,215598.0,Bannikuppe,626099,Bethimgere,12.954739377997276,77.22708317716317,Railway Station,100,Maintenance,Magadi PS
CCTV00457_2,Magadi PS - Railway Station CCTV,631,Bengaluru South,5605,Magadi,,,625960,Magadi (Rural),12.954425431983914,77.2265518246648,Railway Station,100,Maintenance,Magadi PS
CCTV00457_3,Magadi PS - Market CCTV,631,Bengaluru South,5607,Channapatna,215404.0,Kodamballi,626294,Kondapura,12.955747575805177,77.2266444107761,Market,200,Maintenance,Magadi PS
CCTV00458_1,Ramanagar CEN Crime PS - College CCTV,631,Bengaluru South,5605,Magadi,215547.0,Banavadi,625861,Udakunte,12.731023732384205,77.28502586431877,College,100,Maintenance,Ramanagar CEN Crime PS
CCTV00458_2,Ramanagar CEN Crime PS - College CCTV,631,Bengaluru South,7196,Harohalli,215518.0,Hosadurga,626339,Yerehalli,12.730477765372553,77.28689494321459,College,100,Active,Ramanagar CEN Crime PS
CCTV00458_3,Ramanagar CEN Crime PS - School CCTV,631,Bengaluru South,5605,Magadi,215571.0,Solur,625882,Thattekere,12.729576533031345,77.2855127172636,School,100,Active,Ramanagar CEN Crime PS
CCTV00458_4,Ramanagar CEN Crime PS - College CCTV,631,Bengaluru South,5606,Ramanagara,215614.0,Lakshmipura,626055,Kempavaderahalli,12.730541721450932,77.28417358315613,College,200,Maintenance,Ramanagar CEN Crime PS
CCTV00459_1,Ramanagara Rural PS - School CCTV,631,Bengaluru South,5605,Magadi,215572.0,Srigiripura,625812,Dollenahalli,12.730646949540617,77.28646209709876,School,150,Active,Ramanagara Rural PS
CCTV00459_2,Ramanagara Rural PS - School CCTV,631,Bengaluru South,5607,Channapatna,215619.0,Vibuthi Kere,626251,Chikkamannugudde State Forest,12.730148001893602,77.2854923856224,School,150,Maintenance,Ramanagara Rural PS
CCTV00459_3,Ramanagara Rural PS - Government Office CCTV,631,Bengaluru South,5607,Channapatna,215406.0,Makali,626189,Makali,12.730739404980538,77.28428200191169,Government Office,200,Active,Ramanagara Rural PS
CCTV00459_4,Ramanagara Rural PS - Government Office CCTV,631,Bengaluru South,5605,Magadi,215572.0,Srigiripura,625812,Dollenahalli,12.729348091679796,77.2852814932111,Government Office,100,Maintenance,Ramanagara Rural PS
CCTV00459_5,Ramanagara Rural PS - College CCTV,631,Bengaluru South,5605,Magadi,215573.0,Thaggikuppe,625934,Dubbagottige,12.729318038866252,77.28553487213615,College,200,Active,Ramanagara Rural PS
CCTV00459_6,Ramanagara Rural PS - Traffic Junction CCTV,631,Bengaluru South,7196,Harohalli,215504.0,Banavasi,626415,Banavasi,12.729409345602555,77.28554520354709,Traffic Junction,150,Active,Ramanagara Rural PS
CCTV00460_1,Ramanagara Town PS - Bus Stand CCTV,631,Bengaluru South,5605,Magadi,215572.0,Srigiripura,626042,Chikkamaskal,12.71864230136893,77.27939457087405,Bus Stand,100,Active,Ramanagara Town PS
CCTV00460_2,Ramanagara Town PS - School CCTV,631,Bengaluru South,5605,Magadi,215565.0,Motagondanahallli,625917,Bommanahalli,12.719398490324867,77.27922129293925,School,200,Active,Ramanagara Town PS
CCTV00460_3,Ramanagara Town PS - Government Hospital CCTV,631,Bengaluru South,5606,Ramanagara,215615.0,Manchanayakanahalli,626130,Yerepalya,12.719104460698318,77.28070500184658,Government Hospital,100,Active,Ramanagara Town PS
CCTV00460_4,Ramanagara Town PS - Government Hospital CCTV,631,Bengaluru South,5606,Ramanagara,215619.0,Vibuthi Kere,626086,Archikarahalli,12.719283884442111,77.27900703611692,Government Hospital,100,Maintenance,Ramanagara Town PS
CCTV00460_5,Ramanagara Town PS - ATM CCTV,631,Bengaluru South,5605,Magadi,215545.0,Ajjanahalli,626026,Ajjanahalli,12.71827206935124,77.28014537798708,ATM,200,Maintenance,Ramanagara Town PS
CCTV00460_6,Ramanagara Town PS - School CCTV,631,Bengaluru South,5605,Magadi,215549.0,Biskur,625830,Kodihalli,12.718552470427204,77.2814539403704,School,200,Active,Ramanagara Town PS
CCTV00461_1,Ramanagara Traffic PS - College CCTV,631,Bengaluru South,5607,Channapatna,215420.0,Thittamaranahally,626259,Chikka Maluru,12.729848658024075,77.28592757779958,College,100,Maintenance,Ramanagara Traffic PS
CCTV00461_2,Ramanagara Traffic PS - Government Hospital CCTV,631,Bengaluru South,5607,Channapatna,215403.0,J.Byadarahally,626322,Karekoppa,12.729101985272907,77.28698290115227,Government Hospital,150,Maintenance,Ramanagara Traffic PS
CCTV00461_3,Ramanagara Traffic PS - College CCTV,631,Bengaluru South,7196,Harohalli,215508.0,Cheelur,626358,Kurubarhalli,12.728566085015345,77.28621232617603,College,100,Active,Ramanagara Traffic PS
CCTV00461_4,Ramanagara Traffic PS - Bus Stand CCTV,631,Bengaluru South,5608,Kanakapura,215512.0,Doddaalahalli,626558,Alahalli,12.727469337782138,77.28593822679366,Bus Stand,100,Maintenance,Ramanagara Traffic PS
CCTV00461_5,Ramanagara Traffic PS - College CCTV,631,Bengaluru South,5605,Magadi,215563.0,Madigondanahalli,625886,Ombathanakunte,12.728412720152233,77.28634003959979,College,100,Maintenance,Ramanagara Traffic PS
CCTV00461_6,Ramanagara Traffic PS - Bus Stand CCTV,631,Bengaluru South,5606,Ramanagara,215604.0,Gopahalli,626156,Bennahalli,12.729756623561245,77.28765428986831,Bus Stand,150,Maintenance,Ramanagara Traffic PS
CCTV00462_1,Ramanagara Women PS - Bank CCTV,631,Bengaluru South,5608,Kanakapura,215512.0,Doddaalahalli,626545,Chikkamudude,12.73002066733839,77.2856327814756,Bank,100,Active,Ramanagara Women PS
CCTV00462_2,Ramanagara Women PS - Government Office CCTV,631,Bengaluru South,5605,Magadi,215574.0,Thjppasandra,625787,Baganigerekaval,12.730760123492047,77.2853351856668,Government Office,200,Active,Ramanagara Women PS
CCTV00462_3,Ramanagara Women PS - Market CCTV,631,Bengaluru South,5608,Kanakapura,215534.0,Sathanur,626531,Nagarasanakote,12.728538803214503,77.28506565716214,Market,100,Active,Ramanagara Women PS
CCTV00462_4,Ramanagara Women PS - Government Office CCTV,631,Bengaluru South,7196,Harohalli,215529.0,Kottagalu,626332,Kanivekatte,12.728421012358844,77.28372716218301,Government Office,200,Active,Ramanagara Women PS
CCTV00463_1,Sathnoor PS - College CCTV,631,Bengaluru South,5607,Channapatna,215405.0,Kudlur,626263,Santhemogenahalli,12.45189404815961,77.32087138293608,College,100,Active,Sathnoor PS
CCTV00463_2,Sathnoor PS - Bus Stand CCTV,631,Bengaluru South,5605,Magadi,215551.0,Chikka Mudigere,625795,Doddamudigere,12.452299635564822,77.3216750411941,Bus Stand,200,Maintenance,Sathnoor PS
CCTV00463_3,Sathnoor PS - Bus Stand CCTV,631,Bengaluru South,5605,Magadi,215568.0,Sankighatta,625779,Shankighatta,12.451296358434698,77.32145605621896,Bus Stand,150,Active,Sathnoor PS
CCTV00463_4,Sathnoor PS - Government Hospital CCTV,631,Bengaluru South,5605,Magadi,215552.0,Chikkahalli,625769,Sannenahalli,12.452750122955791,77.31939318738407,Government Hospital,150,Active,Sathnoor PS
CCTV00463_5,Sathnoor PS - Railway Station CCTV,631,Bengaluru South,5605,Magadi,215573.0,Thaggikuppe,625900,Hyaganahalli,12.453563015059038,77.32112704102767,Railway Station,150,Active,Sathnoor PS
CCTV00464_1,Tavarekere PS - Bank CCTV,631,Bengaluru South,5608,Kanakapura,215516.0,Herandyapanahalli,626597,Bijjahalli,12.967708313648515,77.4002125256664,Bank,200,Maintenance,Tavarekere PS
CCTV00464_2,Tavarekere PS - Government Office CCTV,631,Bengaluru South,5605,Magadi,215550.0,Bittasandra,625867,Narasapura,12.966226057154971,77.40037805169676,Government Office,100,Active,Tavarekere PS
CCTV00464_3,Tavarekere PS - Government Office CCTV,631,Bengaluru South,5608,Kanakapura,215521.0,I. Golla Halli,626587,K.Gollahalli,12.96595454237769,77.40125682004037,Government Office,100,Active,Tavarekere PS
CCTV00465_1,Agumbe PS - Market CCTV,547,Shivamogga,5515,Sagar,219905.0,Aralagodu,607141,Muppane,13.509654180487809,75.0968038422086,Market,150,Active,Agumbe PS
CCTV00465_2,Agumbe PS - Traffic Junction CCTV,547,Shivamogga,5515,Sagar,219905.0,Aralagodu,607151,Banumane,13.511839607746913,75.09785664536145,Traffic Junction,150,Active,Agumbe PS
CCTV00465_3,Agumbe PS - College CCTV,547,Shivamogga,5518,Hosanagara,219902.0,Yaduru,608045,Yadur,13.510460876251281,75.09880264293457,College,200,Active,Agumbe PS
CCTV00465_4,Agumbe PS - ATM CCTV,547,Shivamogga,5517,Shikarpur,219965.0,Koratigere,607697,Koratigere,13.510037397089583,75.09745709613104,ATM,200,Maintenance,Agumbe PS
CCTV00466_1,Anavatti PS - ATM CCTV,547,Shivamogga,5520,Shivamogga,220002.0,Kumsi,608312,Kumsi,14.562414898403395,75.1498263324023,ATM,100,Maintenance,Anavatti PS
CCTV00466_2,Anavatti PS - Government Office CCTV,547,Shivamogga,5520,Shivamogga,219988.0,Gajanuru,608477,Gajanuru,14.562307357203421,75.15181168804736,Government Office,150,Active,Anavatti PS
CCTV00466_3,Anavatti PS - Government Hospital CCTV,547,Shivamogga,5520,Shivamogga,220014.0,Sirigere,608390,Bilvadera Koppa,14.562672218907219,75.150986756356,Government Hospital,150,Active,Anavatti PS
CCTV00466_4,Anavatti PS - Bus Stand CCTV,547,Shivamogga,5516,Sorab,220053.0,Tavanandi,607556,Chitrahattihalli,14.561615994121071,75.14954888273465,Bus Stand,200,Active,Anavatti PS
CCTV00466_5,Anavatti PS - School CCTV,547,Shivamogga,5515,Sagar,219912.0,Gowthamapura,607284,Gowja Sarkari,14.56275234744865,75.14977244080022,School,100,Maintenance,Anavatti PS
CCTV00467_1,Bhadravathi New Town PS - Bus Stand CCTV,547,Shivamogga,5516,Sorab,220049.0,Talagaddi,607384,Arethelagadde,13.839017271947608,75.69093366529904,Bus Stand,100,Active,Bhadravathi New Town PS
CCTV00467_2,Bhadravathi New Town PS - Government Hospital CCTV,547,Shivamogga,5516,Sorab,272954.0,Andige,607572,Uraganahalli,13.83865267532183,75.69023503972475,Government Hospital,200,Active,Bhadravathi New Town PS
CCTV00467_3,Bhadravathi New Town PS - Government Office CCTV,547,Shivamogga,5517,Shikarpur,219940.0,Ambaragoppa,607753,Ambaragoppa,13.838917293386222,75.69050942687342,Government Office,150,Active,Bhadravathi New Town PS
CCTV00467_4,Bhadravathi New Town PS - Bus Stand CCTV,547,Shivamogga,5519,Tirthahalli,220069.0,Hanagere,608114,Hanagere,13.836988339156202,75.6918286533264,Bus Stand,100,Active,Bhadravathi New Town PS
CCTV00467_5,Bhadravathi New Town PS - Railway Station CCTV,547,Shivamogga,5519,Tirthahalli,220077.0,Kannangi,608155,Yadavathi,13.837669285933728,75.69195726842845,Railway Station,150,Active,Bhadravathi New Town PS
CCTV00468_1,Bhadravathi Old Town PS - College CCTV,547,Shivamogga,5516,Sorab,220043.0,Mutuguppe,607538,Goggehalli,13.845836229949018,75.70238968023224,College,200,Active,Bhadravathi Old Town PS
CCTV00468_2,Bhadravathi Old Town PS - College CCTV,547,Shivamogga,5516,Sorab,220036.0,Jade,607396,Kaliggeri,13.846739644912821,75.70299323577126,College,200,Active,Bhadravathi Old Town PS
CCTV00468_3,Bhadravathi Old Town PS - Bank CCTV,547,Shivamogga,5521,Bhadravati,219858.0,Kudligere,608601,Kottadalu,13.846207087477172,75.70150816503266,Bank,100,Maintenance,Bhadravathi Old Town PS
CCTV00469_1,Bhadravathi Rural PS - Market CCTV,547,Shivamogga,5520,Shivamogga,220016.0,Thammadihalli,608388,Thammadi Halli,13.85238424580965,75.70419479511561,Market,150,Maintenance,Bhadravathi Rural PS
CCTV00469_2,Bhadravathi Rural PS - Traffic Junction CCTV,547,Shivamogga,5520,Shivamogga,272949.0,Kohalli,608366,Dagali Mane,13.851457891235771,75.70422907758285,Traffic Junction,100,Active,Bhadravathi Rural PS
CCTV00469_3,Bhadravathi Rural PS - Market CCTV,547,Shivamogga,5516,Sorab,,,607423,Hosahalli,13.850640631474784,75.7046060775652,Market,100,Maintenance,Bhadravathi Rural PS
CCTV00469_4,Bhadravathi Rural PS - ATM CCTV,547,Shivamogga,5520,Shivamogga,,,938623,Gadikoppa,13.853100209335844,75.70497839686112,ATM,100,Active,Bhadravathi Rural PS
CCTV00470_1,Bhadravathi Traffic PS - Government Office CCTV,547,Shivamogga,5521,Bhadravati,,,938572,Jedikatte,13.83682170866333,75.69094956484672,Government Office,100,Maintenance,Bhadravathi Traffic PS
CCTV00470_2,Bhadravathi Traffic PS - Government Office CCTV,547,Shivamogga,5518,Hosanagara,219886.0,Jeni,607861,Hosakoppa,13.838970772856031,75.69002228857276,Government Office,200,Active,Bhadravathi Traffic PS
CCTV00470_3,Bhadravathi Traffic PS - ATM CCTV,547,Shivamogga,5519,Tirthahalli,220064.0,Bidaragodu,608287,Balehalli,13.836805141215594,75.69087781023477,ATM,100,Maintenance,Bhadravathi Traffic PS
CCTV00470_4,Bhadravathi Traffic PS - Bank CCTV,547,Shivamogga,5521,Bhadravati,219840.0,Aralahalli,608586,Aralihalli,13.837999572717301,75.6921539209015,Bank,150,Active,Bhadravathi Traffic PS
CCTV00470_5,Bhadravathi Traffic PS - Government Hospital CCTV,547,Shivamogga,5516,Sorab,220044.0,Nisarani,607615,Banadakoppa,13.836410005592242,75.69194052289781,Government Hospital,100,Active,Bhadravathi Traffic PS
CCTV00470_6,Bhadravathi Traffic PS - ATM CCTV,547,Shivamogga,5520,Shivamogga,220017.0,Umblebilu,608508,Kydotlu,13.83677700374442,75.69145075170849,ATM,100,Active,Bhadravathi Traffic PS
CCTV00471_1,Doddapete PS - Bus Stand CCTV,547,Shivamogga,5520,Shivamogga,,,938628,Mandli,13.92996465610333,75.56800783263985,Bus Stand,100,Maintenance,Doddapete PS
CCTV00471_2,Doddapete PS - Railway Station CCTV,547,Shivamogga,5516,Sorab,220022.0,Bilavalni,607584,Kumsi,13.929280759612425,75.56779081506232,Railway Station,100,Active,Doddapete PS
CCTV00471_3,Doddapete PS - Railway Station CCTV,547,Shivamogga,5519,Tirthahalli,220068.0,Hadigallu,608075,Sannikoppa,13.929621756538497,75.56568469040694,Railway Station,150,Active,Doddapete PS
CCTV00471_4,Doddapete PS - Government Hospital CCTV,547,Shivamogga,5515,Sagar,219918.0,Kandika,607174,Hulegaru,13.929305508247925,75.565434012166,Government Hospital,200,Maintenance,Doddapete PS
CCTV00472_1,Holehonnur PS - Traffic Junction CCTV,547,Shivamogga,5516,Sorab,220049.0,Talagaddi,607369,Bankavalli,13.98759874693737,75.68709549504642,Traffic Junction,100,Active,Holehonnur PS
CCTV00472_2,Holehonnur PS - College CCTV,547,Shivamogga,5516,Sorab,220043.0,Mutuguppe,607560,Gunda Setti Koppa,13.988163192404807,75.6847043869619,College,100,Maintenance,Holehonnur PS
CCTV00472_3,Holehonnur PS - Government Office CCTV,547,Shivamogga,5515,Sagar,219905.0,Aralagodu,938608,Suligalale,13.988788823140377,75.6847773727228,Government Office,150,Active,Holehonnur PS
CCTV00472_4,Holehonnur PS - Bus Stand CCTV,547,Shivamogga,5520,Shivamogga,220011.0,Ramanagara,608336,Kesavina Katte,13.989206329177978,75.68453042509475,Bus Stand,150,Maintenance,Holehonnur PS
CCTV00473_1,Hosamane PS - ATM CCTV,547,Shivamogga,5515,Sagar,219909.0,Bhimanakone,607335,Thirtha,13.852041638262227,75.70377765382725,ATM,100,Active,Hosamane PS
CCTV00473_2,Hosamane PS - Market CCTV,547,Shivamogga,5518,Hosanagara,219902.0,Yaduru,608053,Kattekoppa,13.85256488240631,75.70523703148248,Market,100,Active,Hosamane PS
CCTV00473_3,Hosamane PS - College CCTV,547,Shivamogga,5516,Sorab,220050.0,Thelagunda,607374,Kamaruru,13.852501354647982,75.7039626980067,College,100,Maintenance,Hosamane PS
CCTV00474_1,Hosanagara PS - School CCTV,547,Shivamogga,5516,Sorab,220026.0,Gendla,607486,Bettadakurli State Forest,13.916145430468676,75.06697766379587,School,200,Active,Hosanagara PS
CCTV00474_2,Hosanagara PS - Railway Station CCTV,547,Shivamogga,5515,Sagar,219936.0,Yadajigalemane,938601,Yalava,13.914585941772783,75.06646616221175,Railway Station,200,Active,Hosanagara PS
CCTV00474_3,Hosanagara PS - Bank CCTV,547,Shivamogga,5517,Shikarpur,219957.0,Hittala,607829,Hunsekoppa,13.917102626585935,75.0646905267085,Bank,150,Active,Hosanagara PS
CCTV00475_1,Jayanagara PS - Railway Station CCTV,547,Shivamogga,5520,Shivamogga,220014.0,Sirigere,608391,Shirigere,13.939744508767104,75.57506102123953,Railway Station,100,Active,Jayanagara PS
CCTV00475_2,Jayanagara PS - Government Office CCTV,547,Shivamogga,5519,Tirthahalli,220078.0,Konanduru,608081,Kolige,13.93803234011438,75.57485727512359,Government Office,200,Maintenance,Jayanagara PS
CCTV00475_3,Jayanagara PS - College CCTV,547,Shivamogga,5516,Sorab,220030.0,Harishi,607507,Kuntagalale,13.939318385982025,75.57507134540009,College,100,Active,Jayanagara PS
CCTV00475_4,Jayanagara PS - College CCTV,547,Shivamogga,5519,Tirthahalli,220059.0,Aralasurali,608088,Aralasurali,13.93709482920572,75.5748822914318,College,100,Active,Jayanagara PS
CCTV00475_5,Jayanagara PS - Traffic Junction CCTV,547,Shivamogga,5521,Bhadravati,219847.0,Dodderi,608612,Siddarahalli,13.939649338266737,75.57720485696176,Traffic Junction,100,Maintenance,Jayanagara PS
CCTV00475_6,Jayanagara PS - School CCTV,547,Shivamogga,5516,Sorab,220054.0,Udri,607575,Udri,13.938324761044491,75.57720947022621,School,200,Active,Jayanagara PS
CCTV00476_1,Jog PS - Government Hospital CCTV,547,Shivamogga,5517,Shikarpur,219959.0,Jakkanahalli,607757,Jakkanahalli,14.209780006783696,74.81428329564935,Government Hospital,100,Maintenance,Jog PS
CCTV00476_2,Jog PS - Bus Stand CCTV,547,Shivamogga,5518,Hosanagara,219899.0,Sonale,607980,Iragodu,14.208261680377952,74.81596843983397,Bus Stand,200,Active,Jog PS
CCTV00476_3,Jog PS - College CCTV,547,Shivamogga,5515,Sagar,219916.0,Hosuru,607256,Jambekoppa,14.21071981843889,74.81526421892643,College,150,Active,Jog PS
CCTV00477_1,Kargal PS - School CCTV,547,Shivamogga,5520,Shivamogga,219995.0,Hosahalli,608478,Veera Pura,14.191045605679452,74.8157651107873,School,200,Maintenance,Kargal PS
CCTV00477_2,Kargal PS - Traffic Junction CCTV,547,Shivamogga,5516,Sorab,220054.0,Udri,607480,Bilagi,14.191513376090743,74.8147762016159,Traffic Junction,100,Maintenance,Kargal PS
CCTV00477_3,Kargal PS - School CCTV,547,Shivamogga,5520,Shivamogga,272950.0,Tuppuru,917445,Halkuni,14.191320595956164,74.8151422216179,School,200,Maintenance,Kargal PS
CCTV00477_4,Kargal PS - Railway Station CCTV,547,Shivamogga,5520,Shivamogga,220017.0,Umblebilu,608512,Linga Pura,14.190419092971544,74.81398197288787,Railway Station,150,Active,Kargal PS
CCTV00478_1,Kote PS - Government Hospital CCTV,547,Shivamogga,5519,Tirthahalli,220076.0,Hunchadakatte,608059,Alur,13.929085024562987,75.58302405261526,Government Hospital,100,Active,Kote PS
CCTV00478_2,Kote PS - Market CCTV,547,Shivamogga,5520,Shivamogga,220014.0,Sirigere,608391,Shirigere,13.93030263562949,75.58332660001119,Market,150,Active,Kote PS
CCTV00478_3,Kote PS - Bank CCTV,547,Shivamogga,5517,Shikarpur,,,938619,Gabburu,13.929327154911531,75.5815268761007,Bank,150,Maintenance,Kote PS
CCTV00478_4,Kote PS - School CCTV,547,Shivamogga,5518,Hosanagara,219877.0,Arasalu,607953,Thammadikoppa,13.930297941142083,75.58314176619453,School,200,Active,Kote PS
CCTV00479_1,Kumsi PS - Bus Stand CCTV,547,Shivamogga,5517,Shikarpur,219979.0,Thogarsi,607710,Idukinahosakoppa,14.059836690127918,75.39202880249064,Bus Stand,150,Active,Kumsi PS
CCTV00479_2,Kumsi PS - ATM CCTV,547,Shivamogga,5518,Hosanagara,219891.0,Maruthipura,607891,Melina Sampalli,14.060694958970524,75.39180490053367,ATM,100,Maintenance,Kumsi PS
CCTV00479_3,Kumsi PS - Government Office CCTV,547,Shivamogga,5516,Sorab,220029.0,Hanchi,607445,Hanchi,14.061349090498206,75.39268805476176,Government Office,150,Active,Kumsi PS
CCTV00480_1,Malur PS - Bus Stand CCTV,547,Shivamogga,5519,Tirthahalli,220079.0,Kudumallige,608207,Odalamane,13.003056311144217,77.93940753513088,Bus Stand,100,Maintenance,Malur PS
CCTV00480_2,Malur PS - Government Office CCTV,547,Shivamogga,5520,Shivamogga,220017.0,Umblebilu,608514,Umble Bylu,13.001874821758314,77.93738573396618,Government Office,100,Active,Malur PS
CCTV00480_3,Malur PS - Traffic Junction CCTV,547,Shivamogga,5515,Sagar,219928.0,Sannashanubhog,607360,Marati,13.001333358180764,77.93978154850733,Traffic Junction,200,Active,Malur PS
CCTV00480_4,Malur PS - Traffic Junction CCTV,547,Shivamogga,5520,Shivamogga,220010.0,Puradalu,608407,Puradalu,13.002723042119444,77.9391110210748,Traffic Junction,150,Active,Malur PS
CCTV00480_5,Malur PS - Bank CCTV,547,Shivamogga,5521,Bhadravati,219851.0,Hiriyuru,608644,Hiriyur,13.001831809578237,77.93931351962291,Bank,200,Active,Malur PS
CCTV00480_6,Malur PS - Government Hospital CCTV,547,Shivamogga,5516,Sorab,220033.0,Hosabale,607604,Hosabale,13.003345306422142,77.93828545849878,Government Hospital,200,Maintenance,Malur PS
CCTV00481_1,Nagara PS - Government Office CCTV,547,Shivamogga,5516,Sorab,220032.0,Heggodu,607649,Kulavalli,13.819606590478893,75.0294853944376,Government Office,150,Active,Nagara PS
CCTV00481_2,Nagara PS - Bus Stand CCTV,547,Shivamogga,5516,Sorab,,,607565,Chikkashakuna,13.819792934500573,75.02855538299924,Bus Stand,100,Active,Nagara PS
CCTV00481_3,Nagara PS - ATM CCTV,547,Shivamogga,5518,Hosanagara,219902.0,Yaduru,608052,Begadali,13.819433852010656,75.02865326775154,ATM,150,Active,Nagara PS
CCTV00481_4,Nagara PS - Market CCTV,547,Shivamogga,5519,Tirthahalli,220083.0,Melinakuruvalli,608227,Melinakuruvalli,13.818065371451334,75.02932206020873,Market,200,Active,Nagara PS
CCTV00482_1,Paper Town PS - Market CCTV,547,Shivamogga,5516,Sorab,220052.0,Tatturu,607497,Guduginakoppa,13.821988908295358,75.70107707105541,Market,150,Maintenance,Paper Town PS
CCTV00482_2,Paper Town PS - College CCTV,547,Shivamogga,5517,Shikarpur,219978.0,Tharalagatta,607804,Thimlapura,13.819601443704572,75.7024962115163,College,100,Active,Paper Town PS
CCTV00482_3,Paper Town PS - Railway Station CCTV,547,Shivamogga,5519,Tirthahalli,220067.0,Guddekoppa,608101,Malali,13.820048622334967,75.70249698418583,Railway Station,100,Active,Paper Town PS
CCTV00482_4,Paper Town PS - Bank CCTV,547,Shivamogga,5515,Sagar,219921.0,Koluru,607309,Kippadi,13.820978500386461,75.70095110052162,Bank,150,Maintenance,Paper Town PS
CCTV00482_5,Paper Town PS - Traffic Junction CCTV,547,Shivamogga,5516,Sorab,220041.0,Mavali,607582,Yalavalli,13.821390061520475,75.7027570282282,Traffic Junction,150,Active,Paper Town PS
CCTV00483_1,Ripponpet PS - Government Office CCTV,547,Shivamogga,5520,Shivamogga,220017.0,Umblebilu,608514,Umble Bylu,13.994507059309724,75.25892836835821,Government Office,150,Maintenance,Ripponpet PS
CCTV00483_2,Ripponpet PS - Government Office CCTV,547,Shivamogga,5519,Tirthahalli,220071.0,Hedduru,608234,Munduvalli,13.992183842318989,75.2590696270848,Government Office,150,Maintenance,Ripponpet PS
CCTV00483_3,Ripponpet PS - College CCTV,547,Shivamogga,5516,Sorab,220055.0,Ulavi,607644,Karjikoppa,13.99378983182591,75.25873834442409,College,200,Active,Ripponpet PS
CCTV00483_4,Ripponpet PS - Government Hospital CCTV,547,Shivamogga,5516,Sorab,220056.0,Ennekoppa,607431,Hireidagodu,13.993339563566462,75.26069199531385,Government Hospital,100,Active,Ripponpet PS
CCTV00483_5,Ripponpet PS - Railway Station CCTV,547,Shivamogga,5517,Shikarpur,219963.0,Kappanahalli,607765,Kotta,13.994109779772996,75.25933596588277,Railway Station,100,Active,Ripponpet PS
CCTV00484_1,Sagar Rural PS - Market CCTV,547,Shivamogga,5521,Bhadravati,219847.0,Dodderi,608605,Nettakallahatti,14.168152771720974,75.03129490028184,Market,150,Active,Sagar Rural PS
CCTV00484_2,Sagar Rural PS - School CCTV,547,Shivamogga,5518,Hosanagara,219894.0,Mumbaru,607969,Devarasalike,14.166934783386454,75.03253914469583,School,100,Maintenance,Sagar Rural PS
CCTV00484_3,Sagar Rural PS - Bus Stand CCTV,547,Shivamogga,5516,Sorab,220036.0,Jade,607376,Jade,14.16621815871857,75.03188031120304,Bus Stand,100,Active,Sagar Rural PS
CCTV00485_1,Sagar Town PS - ATM CCTV,547,Shivamogga,5520,Shivamogga,219995.0,Hosahalli,608478,Veera Pura,14.166366746190016,75.0235276750669,ATM,150,Active,Sagar Town PS
CCTV00485_2,Sagar Town PS - Traffic Junction CCTV,547,Shivamogga,5517,Shikarpur,219977.0,Thalagunda,607699,Bisalahalli,14.166744861689816,75.02196894436977,Traffic Junction,150,Active,Sagar Town PS
CCTV00485_3,Sagar Town PS - Government Hospital CCTV,547,Shivamogga,5520,Shivamogga,219983.0,Ayanuru-I,608377,Hosuru,14.167055182165628,75.02355238995915,Government Hospital,100,Maintenance,Sagar Town PS
CCTV00485_4,Sagar Town PS - Government Office CCTV,547,Shivamogga,5521,Bhadravati,219865.0,Nimbegondi,608515,Nimbegondi,14.166302964783688,75.02332871623473,Government Office,200,Maintenance,Sagar Town PS
CCTV00485_5,Sagar Town PS - Bus Stand CCTV,547,Shivamogga,5519,Tirthahalli,220059.0,Aralasurali,608093,Bandya,14.167679245893124,75.0241174887096,Bus Stand,150,Maintenance,Sagar Town PS
CCTV00486_1,Shikaripura Rural PS - Bus Stand CCTV,547,Shivamogga,5521,Bhadravati,219865.0,Nimbegondi,608520,Arisinaghatta,14.274368897688753,75.3494385760447,Bus Stand,150,Active,Shikaripura Rural PS
CCTV00486_2,Shikaripura Rural PS - Railway Station CCTV,547,Shivamogga,5517,Shikarpur,219957.0,Hittala,607829,Hunsekoppa,14.272094535384875,75.35032434258115,Railway Station,150,Active,Shikaripura Rural PS
CCTV00486_3,Shikaripura Rural PS - Traffic Junction CCTV,547,Shivamogga,5519,Tirthahalli,220088.0,Salgadi,608269,Herambapura,14.272536766867372,75.35012214200869,Traffic Junction,200,Maintenance,Shikaripura Rural PS
CCTV00486_4,Shikaripura Rural PS - Government Hospital CCTV,547,Shivamogga,5515,Sagar,219912.0,Gowthamapura,607290,Kannur Inam,14.274023712259655,75.3483013835282,Government Hospital,150,Active,Shikaripura Rural PS
CCTV00487_1,Shikaripura Town PS - School CCTV,547,Shivamogga,5519,Tirthahalli,220061.0,Basavani,608263,Haluvani,14.259506482531068,75.35978093536015,School,200,Maintenance,Shikaripura Town PS
CCTV00487_2,Shikaripura Town PS - College CCTV,547,Shivamogga,5515,Sagar,219905.0,Aralagodu,607143,Mandavalli,14.261606690853688,75.35960112105681,College,200,Active,Shikaripura Town PS
CCTV00487_3,Shikaripura Town PS - College CCTV,547,Shivamogga,5516,Sorab,220022.0,Bilavalni,607589,Chatradahalli,14.258826730485252,75.36201226279937,College,200,Active,Shikaripura Town PS
CCTV00487_4,Shikaripura Town PS - Traffic Junction CCTV,547,Shivamogga,5520,Shivamogga,272952.0,Bedara Hosahalli,608448,Bullapura,14.259276760339876,75.35996170761281,Traffic Junction,100,Active,Shikaripura Town PS
CCTV00487_5,Shikaripura Town PS - School CCTV,547,Shivamogga,5515,Sagar,219910.0,Bhimaneri,607190,Analekoppa,14.259649330225889,75.36118027442359,School,150,Maintenance,Shikaripura Town PS
CCTV00487_6,Shikaripura Town PS - Bus Stand CCTV,547,Shivamogga,5517,Shikarpur,219978.0,Tharalagatta,607803,Doopadahalli,14.261688373716902,75.36175348448016,Bus Stand,200,Active,Shikaripura Town PS
CCTV00488_1,Shimoga East Traffic PS - Government Office CCTV,547,Shivamogga,5518,Hosanagara,219885.0,Humcha,607990,Kadasoor,13.921674829439754,75.59524689685755,Government Office,150,Active,Shimoga East Traffic PS
CCTV00488_2,Shimoga East Traffic PS - Market CCTV,547,Shivamogga,5515,Sagar,219933.0,Tumari,938609,Harakere,13.920689824476044,75.59438358330735,Market,200,Active,Shimoga East Traffic PS
CCTV00488_3,Shimoga East Traffic PS - Government Hospital CCTV,547,Shivamogga,5516,Sorab,220040.0,Kuppagadde,607483,Korakodu,13.920601892005632,75.59341184015544,Government Hospital,150,Active,Shimoga East Traffic PS
CCTV00489_1,Shimoga Rural PS - Market CCTV,547,Shivamogga,5517,Shikarpur,219946.0,Chikkajamburu,607731,Adaganti,13.9323655694033,75.56538186689107,Market,200,Active,Shimoga Rural PS
CCTV00489_2,Shimoga Rural PS - Government Hospital CCTV,547,Shivamogga,5516,Sorab,,,607565,Chikkashakuna,13.933041030958757,75.56459036407207,Government Hospital,150,Active,Shimoga Rural PS
CCTV00489_3,Shimoga Rural PS - Government Office CCTV,547,Shivamogga,5519,Tirthahalli,220071.0,Hedduru,608233,Hedduru,13.931667252491211,75.56492508319037,Government Office,200,Active,Shimoga Rural PS
CCTV00490_1,Shimoga Traffic PS - Traffic Junction CCTV,547,Shivamogga,5520,Shivamogga,219998.0,Konagavalli,608352,Valakeshava Pura,13.92953202125202,75.56590161311175,Traffic Junction,150,Active,Shimoga Traffic PS
CCTV00490_2,Shimoga Traffic PS - School CCTV,547,Shivamogga,5515,Sagar,219911.0,Channagonda,607349,Karani,13.929655418435493,75.56624390782277,School,150,Maintenance,Shimoga Traffic PS
CCTV00490_3,Shimoga Traffic PS - Bank CCTV,547,Shivamogga,5515,Sagar,219914.0,Herenelluru,607170,Shuntikoppa,13.929576426171012,75.56766911876531,Bank,100,Active,Shimoga Traffic PS
CCTV00490_4,Shimoga Traffic PS - ATM CCTV,547,Shivamogga,5519,Tirthahalli,220062.0,Bejjavalli,608163,Kasagaru,13.929579298764319,75.56677054933095,ATM,100,Active,Shimoga Traffic PS
CCTV00491_1,Shiralakuppa PS - Market CCTV,547,Shivamogga,5520,Shivamogga,,,938642,Sulebailu,14.382701380322954,75.25125185185013,Market,150,Active,Shiralakuppa PS
CCTV00491_2,Shiralakuppa PS - Bus Stand CCTV,547,Shivamogga,5519,Tirthahalli,220057.0,Agumbe,608285,Hosuru,14.381819168159698,75.24846818792969,Bus Stand,150,Maintenance,Shiralakuppa PS
CCTV00491_3,Shiralakuppa PS - Market CCTV,547,Shivamogga,5516,Sorab,220041.0,Mavali,607578,Mavali,14.380444742299494,75.2498991954867,Market,200,Active,Shiralakuppa PS
CCTV00491_4,Shiralakuppa PS - Government Hospital CCTV,547,Shivamogga,5517,Shikarpur,219967.0,Manchikoppa,607718,Basavanandihalli,14.380663011249133,75.24918238245067,Government Hospital,200,Active,Shiralakuppa PS
CCTV00491_5,Shiralakuppa PS - Government Office CCTV,547,Shivamogga,5515,Sagar,219934.0,Tyagarthi,607268,Belandur,14.380606678440044,75.24990917877145,Government Office,200,Active,Shiralakuppa PS
CCTV00491_6,Shiralakuppa PS - College CCTV,547,Shivamogga,5518,Hosanagara,219878.0,Baluru,607936,Nevatoor,14.381533398606862,75.2501364342393,College,200,Maintenance,Shiralakuppa PS
CCTV00492_1,Shivamogga CEN Crime PS - ATM CCTV,547,Shivamogga,5515,Sagar,219917.0,Kalmane,607334,Chipli Lingadahalli,13.931119191508287,75.56526723387296,ATM,100,Active,Shivamogga CEN Crime PS
CCTV00492_2,Shivamogga CEN Crime PS - Traffic Junction CCTV,547,Shivamogga,5519,Tirthahalli,220089.0,Saluru,608184,Saluru,13.932522640515337,75.56357355964698,Traffic Junction,200,Maintenance,Shivamogga CEN Crime PS
CCTV00492_3,Shivamogga CEN Crime PS - Government Office CCTV,547,Shivamogga,5517,Shikarpur,219969.0,Mattikote,607782,Nimbegondi,13.932668654941146,75.56546647418874,Government Office,150,Active,Shivamogga CEN Crime PS
CCTV00492_4,Shivamogga CEN Crime PS - Traffic Junction CCTV,547,Shivamogga,5518,Hosanagara,219887.0,Karimane,608031,Kadiggere,13.93212372167441,75.56403490848669,Traffic Junction,150,Active,Shivamogga CEN Crime PS
CCTV00493_1,Soraba PS - College CCTV,547,Shivamogga,5520,Shivamogga,219998.0,Konagavalli,608356,Ambli Katte,14.38105334947245,75.09870614920477,College,100,Maintenance,Soraba PS
CCTV00493_2,Soraba PS - School CCTV,547,Shivamogga,5519,Tirthahalli,220071.0,Hedduru,608236,Holekoppa,14.380327195041067,75.09847097947406,School,150,Active,Soraba PS
CCTV00493_3,Soraba PS - Bank CCTV,547,Shivamogga,5516,Sorab,220048.0,Shigga,607646,Brahmanavadasagadde,14.380996053666378,75.09971683065616,Bank,200,Active,Soraba PS
CCTV00493_4,Soraba PS - Government Office CCTV,547,Shivamogga,5515,Sagar,219928.0,Sannashanubhog,938612,Herasalige,14.381681559270758,75.10070978650883,Government Office,150,Maintenance,Soraba PS
CCTV00493_5,Soraba PS - ATM CCTV,547,Shivamogga,5519,Tirthahalli,220077.0,Kannangi,608120,Jogikoppa,14.381028534669994,75.09923745902297,ATM,100,Active,Soraba PS
CCTV00494_1,Thirthahalli PS - Traffic Junction CCTV,547,Shivamogga,5517,Shikarpur,219956.0,Herejamburu,607750,Bhogi,13.697987326730033,75.24727909970933,Traffic Junction,100,Active,Thirthahalli PS
CCTV00494_2,Thirthahalli PS - School CCTV,547,Shivamogga,5520,Shivamogga,,,938630,Shivamogga,13.699311065494443,75.24647015974924,School,150,Active,Thirthahalli PS
CCTV00494_3,Thirthahalli PS - Bank CCTV,547,Shivamogga,5516,Sorab,,,607558,Halesoraba,13.697830464849968,75.24617796936437,Bank,200,Maintenance,Thirthahalli PS
CCTV00495_1,Tunga Nagar PS - Bus Stand CCTV,547,Shivamogga,5516,Sorab,220050.0,Thelagunda,607374,Kamaruru,13.92384431366088,75.55474439632344,Bus Stand,200,Active,Tunga Nagar PS
CCTV00495_2,Tunga Nagar PS - Government Office CCTV,547,Shivamogga,5519,Tirthahalli,220066.0,Devangi,608246,Ingladi,13.923081709608498,75.55362067169402,Government Office,100,Maintenance,Tunga Nagar PS
CCTV00495_3,Tunga Nagar PS - Market CCTV,547,Shivamogga,5517,Shikarpur,,,607740,Jamburuhosakoppa,13.923443441295932,75.55403957940678,Market,150,Active,Tunga Nagar PS
CCTV00495_4,Tunga Nagar PS - School CCTV,547,Shivamogga,5517,Shikarpur,219969.0,Mattikote,607784,Mattikote,13.92236196145724,75.5551021060194,School,150,Active,Tunga Nagar PS
CCTV00495_5,Tunga Nagar PS - College CCTV,547,Shivamogga,5518,Hosanagara,219886.0,Jeni,607884,Holagodu,13.922395373813982,75.55359505839267,College,200,Active,Tunga Nagar PS
CCTV00496_1,Vinobanagara PS - Traffic Junction CCTV,547,Shivamogga,5517,Shikarpur,219958.0,Hosuru,607818,Gungarakatte,13.949441339298048,75.56143512696731,Traffic Junction,100,Active,Vinobanagara PS
CCTV00496_2,Vinobanagara PS - Traffic Junction CCTV,547,Shivamogga,5516,Sorab,220049.0,Talagaddi,607372,Alahalli,13.950583218084944,75.56129779571458,Traffic Junction,100,Active,Vinobanagara PS
CCTV00496_3,Vinobanagara PS - Bus Stand CCTV,547,Shivamogga,5518,Hosanagara,272947.0,Ramachandrapura,607962,Haniya,13.951004813993414,75.56082521882121,Bus Stand,200,Active,Vinobanagara PS
CCTV00497_1,Women PS - ATM CCTV,547,Shivamogga,5516,Sorab,220056.0,Ennekoppa,607432,Hunsavalli,15.858243275943552,74.50702564125308,ATM,150,Active,Women PS
CCTV00497_2,Women PS - Railway Station CCTV,547,Shivamogga,5521,Bhadravati,219854.0,Kallahal,608561,Kallihal,15.857546637272188,74.50569942043211,Railway Station,150,Active,Women PS
CCTV00497_3,Women PS - School CCTV,547,Shivamogga,5517,Shikarpur,219971.0,Mudubasiddapura,607773,A. Annapura,15.8583643972376,74.50652000136631,School,200,Active,Women PS
CCTV00497_4,Women PS - Railway Station CCTV,547,Shivamogga,5517,Shikarpur,219956.0,Herejamburu,607746,Hirejamburu,15.858410088568581,74.5070951282343,Railway Station,150,Active,Women PS
CCTV00497_5,Women PS - College CCTV,547,Shivamogga,5515,Sagar,219933.0,Tumari,938609,Harakere,15.856508749777108,74.50613677387581,College,200,Maintenance,Women PS
CCTV00498_1,Amruthur PS - Market CCTV,548,Tumakuru,5538,Gubbi,220147.0,Marashettyhalli,611806,Parasanahalli,12.914552183401582,76.93531886918007,Market,200,Active,Amruthur PS
CCTV00498_2,Amruthur PS - Market CCTV,548,Tumakuru,5538,Gubbi,,,611621,Chitanahalli,12.913402388395175,76.93325825352663,Market,200,Active,Amruthur PS
CCTV00498_3,Amruthur PS - Government Office CCTV,548,Tumakuru,5539,Tiptur,220334.0,Halukurike,612004,Byrapura,12.913298158625777,76.93327242061267,Government Office,200,Active,Amruthur PS
CCTV00498_4,Amruthur PS - ATM CCTV,548,Tumakuru,5541,Kunigal,220192.0,Joddihossahalli,612574,Yelagalavadi,12.914043958281908,76.9347726987449,ATM,100,Active,Amruthur PS
CCTV00498_5,Amruthur PS - College CCTV,548,Tumakuru,5532,Chiknayakanhalli,220110.0,J.C.Pura,610248,Panajanahalli,12.91585237717534,76.93545176333062,College,150,Active,Amruthur PS
CCTV00498_6,Amruthur PS - School CCTV,548,Tumakuru,5532,Chiknayakanhalli,220098.0,Bellagulla,610070,Tarikatte,12.914249450939087,76.93575129618218,School,200,Active,Amruthur PS
CCTV00499_1,Arasikere PS - Bank CCTV,548,Tumakuru,5541,Kunigal,220209.0,Taredkuppa,612507,Sulekuppe,14.669755376116866,76.07363716719094,Bank,200,Active,Arasikere PS
CCTV00499_2,Arasikere PS - Government Office CCTV,548,Tumakuru,5539,Tiptur,220346.0,Nonavinakere,612144,Nonavinakere,14.669351586296116,76.07517908322785,Government Office,100,Active,Arasikere PS
CCTV00499_3,Arasikere PS - College CCTV,548,Tumakuru,5534,Pavagada,220263.0,Gujjanadu,610618,Davadabetta,14.670683229276086,76.07396799762634,College,150,Active,Arasikere PS
CCTV00499_4,Arasikere PS - Bank CCTV,548,Tumakuru,5536,Koratagere,220173.0,Nilagondanahalli,611175,Manur Thimmanahalli,14.67075276616383,76.07321672308372,Bank,150,Active,Arasikere PS
CCTV00499_5,Arasikere PS - Government Hospital CCTV,548,Tumakuru,5540,Turuvekere,220395.0,Bitarahossalli,612429,Koppa,14.66995295445787,76.07462033933477,Government Hospital,100,Active,Arasikere PS
CCTV00500_1,Badavanahalli PS - School CCTV,548,Tumakuru,5540,Turuvekere,220399.0,Hullekere,612277,Ballekatte,13.674592168340437,77.06356466907806,School,150,Active,Badavanahalli PS
CCTV00500_2,Badavanahalli PS - School CCTV,548,Tumakuru,5539,Tiptur,220344.0,Nagaraghatta,612133,Hedagarahalli,13.67508407389791,77.06563043030188,School,150,Active,Badavanahalli PS
CCTV00500_3,Badavanahalli PS - Government Hospital CCTV,548,Tumakuru,5541,Kunigal,220181.0,Baagenahalli,612510,Shettikere,13.67437752597289,77.06419293390998,Government Hospital,150,Active,Badavanahalli PS
CCTV00500_4,Badavanahalli PS - Traffic Junction CCTV,548,Tumakuru,5538,Gubbi,220135.0,Hagalavadi,611617,Shivarampura,13.676347106522163,77.06490929390334,Traffic Junction,200,Maintenance,Badavanahalli PS
CCTV00500_5,Badavanahalli PS - School CCTV,548,Tumakuru,5535,Madhugiri,220220.0,Byalya,610979,Shiganagondanahalli,13.674769781350372,77.06427523642712,School,200,Active,Badavanahalli PS
CCTV00500_6,Badavanahalli PS - Bus Stand CCTV,548,Tumakuru,5540,Turuvekere,220397.0,Dandinashivara,612200,Lingapura,13.674685520457988,77.0642379553452,Bus Stand,100,Active,Badavanahalli PS
CCTV00501_1,Bellavi PS - School CCTV,548,Tumakuru,5541,Kunigal,220207.0,Santemavathur,612624,Kadarapura,13.590871166075937,77.00315302838743,School,100,Maintenance,Bellavi PS
CCTV00501_2,Bellavi PS - Railway Station CCTV,548,Tumakuru,5540,Turuvekere,220412.0,Settigondanahalli,612407,Settigondanahalli,13.592218894253715,77.00314113972007,Railway Station,200,Active,Bellavi PS
CCTV00501_3,Bellavi PS - ATM CCTV,548,Tumakuru,5541,Kunigal,,,612639,Sunnadapura,13.593152652571531,77.0019143752754,ATM,200,Active,Bellavi PS
CCTV00501_4,Bellavi PS - Government Office CCTV,548,Tumakuru,5539,Tiptur,220324.0,Araluguppe,612062,Ayarahalli,13.593087182848853,77.00204214920797,Government Office,150,Active,Bellavi PS
CCTV00501_5,Bellavi PS - ATM CCTV,548,Tumakuru,5533,Sira,220288.0,Baragur,610300,Harogere,13.592982871693977,77.00283665685197,ATM,100,Active,Bellavi PS
CCTV00502_1,Chandrashekarpura PS - Traffic Junction CCTV,548,Tumakuru,5532,Chiknayakanhalli,220117.0,Muddenahalli,610194,Savashettihalli,13.26277961266175,76.54270992506143,Traffic Junction,100,Active,Chandrashekarpura PS
CCTV00502_2,Chandrashekarpura PS - Bus Stand CCTV,548,Tumakuru,5537,Tumakuru,220382.0,Nidavallalu,611543,Thondagere,13.26246990748015,76.5415098089713,Bus Stand,150,Active,Chandrashekarpura PS
CCTV00502_3,Chandrashekarpura PS - Railway Station CCTV,548,Tumakuru,5539,Tiptur,220325.0,Bajaguru,612179,Hullenahalli Kaval,13.263890598652823,76.54384642855211,Railway Station,150,Active,Chandrashekarpura PS
CCTV00502_4,Chandrashekarpura PS - ATM CCTV,548,Tumakuru,5537,Tumakuru,220378.0,Malasandra,611449,Hebbathanahalli,13.264053078228974,76.54381554827646,ATM,150,Active,Chandrashekarpura PS
CCTV00502_5,Chandrashekarpura PS - Railway Station CCTV,548,Tumakuru,5537,Tumakuru,220369.0,Holakal,611577,Holakallu,13.264450407236707,76.5410884340603,Railway Station,150,Active,Chandrashekarpura PS
CCTV00502_6,Chandrashekarpura PS - College CCTV,548,Tumakuru,5537,Tumakuru,220356.0,Bellavi,611272,Bellavi,13.262255405779841,76.54125301230894,College,100,Maintenance,Chandrashekarpura PS
CCTV00503_1,Chelur PS - Railway Station CCTV,548,Tumakuru,5538,Gubbi,220152.0,Nittur,611803,Benchagere,13.26345163095792,76.54165558414931,Railway Station,150,Maintenance,Chelur PS
CCTV00503_2,Chelur PS - Government Office CCTV,548,Tumakuru,5532,Chiknayakanhalli,220111.0,Kandikere,610143,Kopparigehalu,13.261804723814272,76.54243000969322,Government Office,150,Active,Chelur PS
CCTV00503_3,Chelur PS - School CCTV,548,Tumakuru,5537,Tumakuru,220389.0,Thimmarajanahalli,611254,Bommanahalli,13.263638906505651,76.5415401029811,School,200,Active,Chelur PS
CCTV00503_4,Chelur PS - Market CCTV,548,Tumakuru,5537,Tumakuru,220388.0,Swandenahalli,611460,Mutsandra,13.262303429235518,76.54134213792388,Market,200,Active,Chelur PS
CCTV00504_1,Chikkanayakanahalli PS - School CCTV,548,Tumakuru,5534,Pavagada,220271.0,Naligaanahalli,610617,Devarabetta,13.244686221585722,76.37088187986075,School,150,Active,Chikkanayakanahalli PS
CCTV00504_2,Chikkanayakanahalli PS - Traffic Junction CCTV,548,Tumakuru,5534,Pavagada,220260.0,C.K.Pura,610630,Kothur,13.244268178383837,76.37036877966774,Traffic Junction,200,Active,Chikkanayakanahalli PS
CCTV00504_3,Chikkanayakanahalli PS - ATM CCTV,548,Tumakuru,5540,Turuvekere,220416.0,Vadavanaghata,612378,Angadigere,13.246986368629688,76.37254135573176,ATM,100,Active,Chikkanayakanahalli PS
CCTV00504_4,Chikkanayakanahalli PS - Bank CCTV,548,Tumakuru,5537,Tumakuru,220381.0,Nelahal,611246,Somasagara,13.24604691553693,76.3713155313394,Bank,100,Active,Chikkanayakanahalli PS
CCTV00504_5,Chikkanayakanahalli PS - Government Office CCTV,548,Tumakuru,5539,Tiptur,220325.0,Bajaguru,612169,Bajaguru,13.244472138112227,76.37063755718222,Government Office,200,Active,Chikkanayakanahalli PS
CCTV00504_6,Chikkanayakanahalli PS - Government Office CCTV,548,Tumakuru,5535,Madhugiri,220227.0,Dabbeghatta,610746,Vajradahalli,13.245885221092163,76.37002370155281,Government Office,200,Active,Chikkanayakanahalli PS
CCTV00505_1,Dandina Shivara PS - Railway Station CCTV,548,Tumakuru,5535,Madhugiri,220216.0,Badavanahalli,610758,Kanapanaikanahalli,13.254423816690561,76.71100391461971,Railway Station,200,Active,Dandina Shivara PS
CCTV00505_2,Dandina Shivara PS - Bank CCTV,548,Tumakuru,5535,Madhugiri,220249.0,Rangapura,610757,Rangapura,13.252739418062806,76.71285336695661,Bank,150,Maintenance,Dandina Shivara PS
CCTV00505_3,Dandina Shivara PS - School CCTV,548,Tumakuru,5536,Koratagere,220169.0,Kollala,611239,Challalu,13.253359381436118,76.7126873564611,School,200,Active,Dandina Shivara PS
CCTV00506_1,Gubbi PS - School CCTV,548,Tumakuru,5538,Gubbi,220130.0,Chandrashekarapura,611948,Horakere,13.182104534737531,76.56526395232234,School,200,Maintenance,Gubbi PS
CCTV00506_2,Gubbi PS - School CCTV,548,Tumakuru,5537,Tumakuru,220382.0,Nidavallalu,611543,Thondagere,13.182329376408624,76.56431337825683,School,200,Maintenance,Gubbi PS
CCTV00506_3,Gubbi PS - Government Office CCTV,548,Tumakuru,5533,Sira,220297.0,Dvaranakunte,610278,Karehalli,13.184251572916171,76.56627638227333,Government Office,100,Active,Gubbi PS
CCTV00506_4,Gubbi PS - Traffic Junction CCTV,548,Tumakuru,5533,Sira,220314.0,Ramalingapura,610443,Thuppadakona,13.183510612820093,76.56484772961025,Traffic Junction,200,Active,Gubbi PS
CCTV00506_5,Gubbi PS - Market CCTV,548,Tumakuru,5541,Kunigal,220212.0,Utharidurga,612569,Muganapura,13.183836656654472,76.56548301946464,Market,200,Active,Gubbi PS
CCTV00506_6,Gubbi PS - ATM CCTV,548,Tumakuru,5538,Gubbi,220143.0,Kondli,611755,Kondli,13.183471439278623,76.56573470436386,ATM,200,Active,Gubbi PS
CCTV00507_1,Handanakere PS - Bank CCTV,548,Tumakuru,5537,Tumakuru,220351.0,Aregujjanahalli,611377,Aregujjanahalli,13.50405378088322,76.44616362747811,Bank,200,Maintenance,Handanakere PS
CCTV00507_2,Handanakere PS - Government Hospital CCTV,548,Tumakuru,5535,Madhugiri,220240.0,Kodigenahalli,610919,Reddihalli,13.502559724666689,76.4476218711537,Government Hospital,100,Active,Handanakere PS
CCTV00507_3,Handanakere PS - School CCTV,548,Tumakuru,5541,Kunigal,220204.0,Nagasandra,612447,Yellapura,13.502160095399063,76.4462103950639,School,200,Active,Handanakere PS
CCTV00507_4,Handanakere PS - ATM CCTV,548,Tumakuru,5537,Tumakuru,220367.0,Hethanahalli,611555,Kaidala,13.503006120346726,76.44648190191647,ATM,150,Active,Handanakere PS
CCTV00507_5,Handanakere PS - Traffic Junction CCTV,548,Tumakuru,5535,Madhugiri,220220.0,Byalya,610978,Ejihalli,13.50271780621927,76.44698919269977,Traffic Junction,200,Maintenance,Handanakere PS
CCTV00508_1,Hebbur PS - Government Hospital CCTV,548,Tumakuru,5541,Kunigal,,,612444,Alalapura,13.108313547551955,77.16481339527417,Government Hospital,150,Active,Hebbur PS
CCTV00508_2,Hebbur PS - Railway Station CCTV,548,Tumakuru,5536,Koratagere,220160.0,Bichapura,611095,Reddihalli,13.107313755239153,77.16496212339909,Railway Station,200,Active,Hebbur PS
CCTV00508_3,Hebbur PS - ATM CCTV,548,Tumakuru,5538,Gubbi,220143.0,Kondli,611759,Honnenahalli,13.106609065402244,77.1644218952781,ATM,100,Maintenance,Hebbur PS
CCTV00508_4,Hebbur PS - Bank CCTV,548,Tumakuru,5535,Madhugiri,220222.0,Channenahalli,610687,Bramhadevarahalli Kaval,13.108419026482963,77.16585271818103,Bank,100,Maintenance,Hebbur PS
CCTV00508_5,Hebbur PS - Government Office CCTV,548,Tumakuru,5533,Sira,220323.0,Yendore,610332,Hemdore,13.105620337236706,77.16551985790923,Government Office,150,Active,Hebbur PS
CCTV00509_1,Honnavalli PS - School CCTV,548,Tumakuru,5538,Gubbi,220147.0,Marashettyhalli,611780,Kundaranahalli,13.331854570003497,76.38708460539034,School,100,Active,Honnavalli PS
CCTV00509_2,Honnavalli PS - School CCTV,548,Tumakuru,5538,Gubbi,220149.0,Muganayanakote,611741,M.Hosahalli,13.334074534847282,76.38698563029935,School,100,Maintenance,Honnavalli PS
CCTV00509_3,Honnavalli PS - ATM CCTV,548,Tumakuru,5540,Turuvekere,220399.0,Hullekere,612292,Beechanahalli,13.33376362914809,76.3892965405767,ATM,200,Active,Honnavalli PS
CCTV00509_4,Honnavalli PS - Bus Stand CCTV,548,Tumakuru,5533,Sira,220319.0,Tarur,610491,Karejavanahalli,13.333688689601836,76.38756427475074,Bus Stand,200,Active,Honnavalli PS
CCTV00509_5,Honnavalli PS - Railway Station CCTV,548,Tumakuru,5538,Gubbi,220150.0,Mukanahalli Patana,611822,Chikkanetagunte,13.33152780023328,76.38915567574627,Railway Station,200,Active,Honnavalli PS
CCTV00510_1,Huliyar PS - ATM CCTV,548,Tumakuru,5539,Tiptur,220334.0,Halukurike,612004,Byrapura,13.582217005359109,76.53971082594913,ATM,200,Active,Huliyar PS
CCTV00510_2,Huliyar PS - Government Hospital CCTV,548,Tumakuru,5532,Chiknayakanhalli,220099.0,Chowlakatte,610226,Benakanakatte,13.581889716862097,76.53976791490969,Government Hospital,100,Maintenance,Huliyar PS
CCTV00510_3,Huliyar PS - Railway Station CCTV,548,Tumakuru,5538,Gubbi,220134.0,G.Hosahalli,611900,Byadagere,13.581599675979044,76.53875559651134,Railway Station,200,Active,Huliyar PS
CCTV00510_4,Huliyar PS - Market CCTV,548,Tumakuru,5540,Turuvekere,220399.0,Hullekere,612290,Jakkanahalli,13.581846051470388,76.53842182825399,Market,200,Active,Huliyar PS
CCTV00511_1,Huliyurdurga PS - Government Hospital CCTV,548,Tumakuru,5533,Sira,220305.0,Huyildore,610361,Chikkasandra Kaval,12.825461057931875,77.0359425745844,Government Hospital,200,Active,Huliyurdurga PS
CCTV00511_2,Huliyurdurga PS - Bank CCTV,548,Tumakuru,5532,Chiknayakanhalli,220103.0,Dugudihalli,610218,Chunganahalli,12.82325973952596,77.03459807201504,Bank,100,Active,Huliyurdurga PS
CCTV00511_3,Huliyurdurga PS - Government Office CCTV,548,Tumakuru,5535,Madhugiri,220223.0,Chikkadaalavatta,610875,Chikkadalavatta,12.8236286383861,77.03552361020458,Government Office,200,Active,Huliyurdurga PS
CCTV00512_1,Jayanagara PS - Bank CCTV,548,Tumakuru,5537,Tumakuru,220388.0,Swandenahalli,611458,Beeranakal,13.939285510584844,75.57641984893277,Bank,200,Active,Jayanagara PS
CCTV00512_2,Jayanagara PS - ATM CCTV,548,Tumakuru,5539,Tiptur,220344.0,Nagaraghatta,612154,Honnenahalli,13.939620003584126,75.57602533812337,ATM,100,Active,Jayanagara PS
CCTV00512_3,Jayanagara PS - Bus Stand CCTV,548,Tumakuru,5540,Turuvekere,220403.0,Lokammanahalli,612217,Chowdenahalli,13.937988591331614,75.57468706799169,Bus Stand,100,Active,Jayanagara PS
CCTV00513_1,Kallambella PS - Government Hospital CCTV,548,Tumakuru,5536,Koratagere,,,611217,Gollachinnahalli,13.641126294897054,76.9369954484754,Government Hospital,100,Active,Kallambella PS
CCTV00513_2,Kallambella PS - Traffic Junction CCTV,548,Tumakuru,5533,Sira,220319.0,Tarur,610486,Hosaburju,13.640609617017692,76.93594582181217,Traffic Junction,150,Active,Kallambella PS
CCTV00513_3,Kallambella PS - Government Hospital CCTV,548,Tumakuru,5535,Madhugiri,220252.0,Sajjehossahalli,610720,Basmangi Kaval,13.639072730289561,76.93760251789111,Government Hospital,150,Active,Kallambella PS
CCTV00513_4,Kallambella PS - ATM CCTV,548,Tumakuru,5537,Tumakuru,220354.0,Beladara,611366,Ahobala Agrahara,13.638452425753519,76.93661733818807,ATM,150,Active,Kallambella PS
CCTV00513_5,Kallambella PS - Bus Stand CCTV,548,Tumakuru,5541,Kunigal,220201.0,Madikehalli,612515,Rayagonahalli,13.640071854578476,76.93767168837411,Bus Stand,150,Active,Kallambella PS
CCTV00514_1,Kibbanhalli PS - Market CCTV,548,Tumakuru,5537,Tumakuru,220375.0,Kestur,611321,Kestur Amanikere,13.308826951230518,76.6399339455357,Market,200,Active,Kibbanhalli PS
CCTV00514_2,Kibbanhalli PS - Railway Station CCTV,548,Tumakuru,5538,Gubbi,,,611789,Bonehallada Kaval,13.308944330512539,76.64086977442334,Railway Station,150,Maintenance,Kibbanhalli PS
CCTV00514_3,Kibbanhalli PS - Market CCTV,548,Tumakuru,5533,Sira,220320.0,Tavarekere,610324,Tavarekere,13.310268019321828,76.64107769822343,Market,150,Active,Kibbanhalli PS
CCTV00515_1,Kodigenahalli PS - College CCTV,548,Tumakuru,5539,Tiptur,220330.0,Gudigondanahalli (B.G. Kaval),612010,Thimmalapura,13.717519926478591,77.38553521184637,College,150,Active,Kodigenahalli PS
CCTV00515_2,Kodigenahalli PS - Traffic Junction CCTV,548,Tumakuru,5535,Madhugiri,220238.0,Kavanadala,610789,Ranganapalya,13.716126370603977,77.3857981039767,Traffic Junction,150,Maintenance,Kodigenahalli PS
CCTV00515_3,Kodigenahalli PS - Government Office CCTV,548,Tumakuru,5533,Sira,220303.0,Hullikunte,610282,Kotti,13.718013255142433,77.3857968048616,Government Office,150,Maintenance,Kodigenahalli PS
CCTV00516_1,Kolala PS - College CCTV,548,Tumakuru,5536,Koratagere,220176.0,Tumbadi,611048,Pemmedevarahalli,13.21564982668007,77.18501292686601,College,200,Active,Kolala PS
CCTV00516_2,Kolala PS - Bank CCTV,548,Tumakuru,5532,Chiknayakanhalli,,,610180,Hombalagatta,13.214662965530957,77.18348901992816,Bank,200,Active,Kolala PS
CCTV00516_3,Kolala PS - School CCTV,548,Tumakuru,5537,Tumakuru,220357.0,Bugudanahalli,611279,Ballapura,13.214936390366555,77.18330440570776,School,200,Active,Kolala PS
CCTV00516_4,Kolala PS - Government Office CCTV,548,Tumakuru,5536,Koratagere,220161.0,Bommaladevipura,611142,Avadharanahalli,13.216250143895486,77.18407385947415,Government Office,150,Active,Kolala PS
CCTV00516_5,Kolala PS - ATM CCTV,548,Tumakuru,5537,Tumakuru,220354.0,Beladara,611356,Chindagiripalya,13.213858715201617,77.18458161954015,ATM,200,Active,Kolala PS
CCTV00516_6,Kolala PS - School CCTV,548,Tumakuru,5532,Chiknayakanhalli,220107.0,Honnebagi,610263,Bullenahalli,13.215348098549727,77.1835163381505,School,150,Active,Kolala PS
CCTV00517_1,Kora PS - Government Hospital CCTV,548,Tumakuru,5540,Turuvekere,220408.0,Muniyur,612220,M.Bevinahalli,13.261471185211951,77.03471949125367,Government Hospital,100,Active,Kora PS
CCTV00517_2,Kora PS - Government Office CCTV,548,Tumakuru,5533,Sira,220294.0,Chinnenahalli,610500,Kalenahalli,13.26241028191818,77.03357277268239,Government Office,150,Active,Kora PS
CCTV00517_3,Kora PS - Railway Station CCTV,548,Tumakuru,5536,Koratagere,220166.0,Hanchihalli,611090,Kereyagalahalli,13.261023615902788,77.03394223303866,Railway Station,100,Active,Kora PS
CCTV00518_1,Koratagere PS - Government Hospital CCTV,548,Tumakuru,5541,Kunigal,220196.0,Kithanamangala,612591,Channapura,13.528019292991232,77.24209212509652,Government Hospital,100,Active,Koratagere PS
CCTV00518_2,Koratagere PS - School CCTV,548,Tumakuru,5536,Koratagere,272807.0,Pathaganahalli,611198,Veerasagara,13.526346931802232,77.24135662736816,School,100,Active,Koratagere PS
CCTV00518_3,Koratagere PS - Government Hospital CCTV,548,Tumakuru,5541,Kunigal,220204.0,Nagasandra,612439,Shettibeedu,13.526628968046545,77.24117248660745,Government Hospital,150,Active,Koratagere PS
CCTV00518_4,Koratagere PS - ATM CCTV,548,Tumakuru,5537,Tumakuru,220378.0,Malasandra,611450,Mallasandra Amanikere,13.528347542379183,77.2411445080791,ATM,100,Active,Koratagere PS
CCTV00519_1,Kunigal PS - Traffic Junction CCTV,548,Tumakuru,5536,Koratagere,220166.0,Hanchihalli,611085,Malleshapura,13.126951849161596,77.113955150551,Traffic Junction,100,Active,Kunigal PS
CCTV00519_2,Kunigal PS - Bank CCTV,548,Tumakuru,5539,Tiptur,220334.0,Halukurike,611980,Mayagondanahalli,13.126533391012964,77.11475886389037,Bank,150,Active,Kunigal PS
CCTV00519_3,Kunigal PS - Government Office CCTV,548,Tumakuru,5541,Kunigal,220195.0,Kempanahalli,612551,Sondalagere,13.12689879641491,77.11474906404555,Government Office,200,Active,Kunigal PS
CCTV00520_1,Kyathasandra PS - Government Office CCTV,548,Tumakuru,5537,Tumakuru,220352.0,Ariyuru,611471,Siddappanapalya,13.30861470250727,77.1499336506919,Government Office,200,Maintenance,Kyathasandra PS
CCTV00520_2,Kyathasandra PS - ATM CCTV,548,Tumakuru,5534,Pavagada,220268.0,Mangasavada,610627,Mangalavada,13.309690012713533,77.14835402818055,ATM,100,Active,Kyathasandra PS
CCTV00520_3,Kyathasandra PS - Market CCTV,548,Tumakuru,5541,Kunigal,220190.0,Hosahalli,612615,T. Hosahalli,13.307624762686535,77.14946344418448,Market,200,Maintenance,Kyathasandra PS
CCTV00521_1,Madhugiri PS - Market CCTV,548,Tumakuru,5537,Tumakuru,220387.0,Sorekunte,611264,Appinayakanahalli,13.659340075426291,77.20798888646574,Market,200,Maintenance,Madhugiri PS
CCTV00521_2,Madhugiri PS - School CCTV,548,Tumakuru,5540,Turuvekere,220395.0,Bitarahossalli,612420,Ramasagara,13.659801023845514,77.20744131333097,School,200,Active,Madhugiri PS
CCTV00521_3,Madhugiri PS - Bank CCTV,548,Tumakuru,5538,Gubbi,220146.0,Manchaladore,611644,Chittappanahalli,13.65889704707994,77.2077092401935,Bank,100,Maintenance,Madhugiri PS
CCTV00522_1,Medigeshi PS - Bus Stand CCTV,548,Tumakuru,5537,Tumakuru,220383.0,Oblapura,611364,Chikkakodathakal,13.495736002817193,77.12226182415615,Bus Stand,150,Active,Medigeshi PS
CCTV00522_2,Medigeshi PS - Bank CCTV,548,Tumakuru,5537,Tumakuru,220385.0,Siravara,611496,Ragimuddanahalli,13.496800465875525,77.12221516446341,Bank,150,Active,Medigeshi PS
CCTV00522_3,Medigeshi PS - Traffic Junction CCTV,548,Tumakuru,5536,Koratagere,220171.0,Kyamenahalli,611122,Chikkovalli,13.497226434414955,77.12044654585273,Traffic Junction,150,Active,Medigeshi PS
CCTV00523_1,New Extention PS - Bus Stand CCTV,548,Tumakuru,5536,Koratagere,220160.0,Bichapura,611103,Hanumenahalli,13.340038641539579,77.10911174378514,Bus Stand,100,Maintenance,New Extention PS
CCTV00523_2,New Extention PS - Bus Stand CCTV,548,Tumakuru,5540,Turuvekere,220394.0,Banasandra,612195,Bommenahalli,13.339113527074897,77.10949568126759,Bus Stand,100,Maintenance,New Extention PS
CCTV00523_3,New Extention PS - Railway Station CCTV,548,Tumakuru,5538,Gubbi,220128.0,Belavatha,611874,Karigondanahalli,13.33913701398628,77.11062591245503,Railway Station,100,Active,New Extention PS
CCTV00524_1,Nonavinakere PS - Market CCTV,548,Tumakuru,5538,Gubbi,220127.0,Ankasandra,611678,Sirivallehalli,13.165641803900742,76.55678123347289,Market,150,Active,Nonavinakere PS
CCTV00524_2,Nonavinakere PS - Government Hospital CCTV,548,Tumakuru,5535,Madhugiri,220230.0,Dodderi,610772,Girigondanahalli,13.164525792524703,76.5552557862637,Government Hospital,150,Active,Nonavinakere PS
CCTV00524_3,Nonavinakere PS - Bus Stand CCTV,548,Tumakuru,5538,Gubbi,220146.0,Manchaladore,611624,Kuntaramanahalli,13.165225335085951,76.55561954205668,Bus Stand,100,Maintenance,Nonavinakere PS
CCTV00524_4,Nonavinakere PS - Railway Station CCTV,548,Tumakuru,5540,Turuvekere,220404.0,Madihalli,612227,Anemale,13.16472571278552,76.55525833085021,Railway Station,100,Maintenance,Nonavinakere PS
CCTV00524_5,Nonavinakere PS - School CCTV,548,Tumakuru,5537,Tumakuru,220390.0,Urdigere,611408,Kodagihalli,13.166288479590245,76.55588658260751,School,150,Active,Nonavinakere PS
CCTV00525_1,Patanayakanahalli PS - Traffic Junction CCTV,548,Tumakuru,5533,Sira,220319.0,Tarur,610486,Hosaburju,13.88761558798933,76.91999004849117,Traffic Junction,200,Active,Patanayakanahalli PS
CCTV00525_2,Patanayakanahalli PS - Government Office CCTV,548,Tumakuru,5540,Turuvekere,220401.0,Kodigehalli,612245,Turuvekere (Rural),13.887409714019116,76.92018270355437,Government Office,200,Active,Patanayakanahalli PS
CCTV00525_3,Patanayakanahalli PS - Railway Station CCTV,548,Tumakuru,5532,Chiknayakanhalli,220114.0,Kuppur,610227,Kuppuru,13.88682148074941,76.92101663559278,Railway Station,200,Active,Patanayakanahalli PS
CCTV00525_4,Patanayakanahalli PS - College CCTV,548,Tumakuru,5533,Sira,220313.0,Neralagudda,610420,Lingasettihalli,13.887817922491177,76.92231302612373,College,150,Active,Patanayakanahalli PS
CCTV00526_1,Pavagada PS - Railway Station CCTV,548,Tumakuru,5533,Sira,220321.0,Yadalakuku (Hosahalli),610284,Yadaladaku,14.061691948147407,77.17099143405382,Railway Station,100,Active,Pavagada PS
CCTV00526_2,Pavagada PS - ATM CCTV,548,Tumakuru,5535,Madhugiri,220254.0,Singanahalli,610915,Adavinagenahalli,14.060777687516717,77.17031251621148,ATM,100,Active,Pavagada PS
CCTV00526_3,Pavagada PS - Bus Stand CCTV,548,Tumakuru,5537,Tumakuru,220386.0,Sitakallu,611422,Harohalli,14.06290182598637,77.17001400809188,Bus Stand,100,Active,Pavagada PS
CCTV00526_4,Pavagada PS - Government Hospital CCTV,548,Tumakuru,5533,Sira,220288.0,Baragur,610290,Dasarahalli,14.063504062332832,77.16892828558848,Government Hospital,100,Active,Pavagada PS
CCTV00526_5,Pavagada PS - Bus Stand CCTV,548,Tumakuru,5540,Turuvekere,220396.0,Dabbeghatta,612368,Beechanahalli,14.061284192390813,77.17131135036774,Bus Stand,100,Active,Pavagada PS
CCTV00526_6,Pavagada PS - Government Office CCTV,548,Tumakuru,5537,Tumakuru,220350.0,Arakere,611433,Mallenahalli,14.06162721872045,77.17059991248115,Government Office,150,Active,Pavagada PS
CCTV00527_1,Sira PS - Market CCTV,548,Tumakuru,5538,Gubbi,220133.0,Doddagunni,611761,N.Hosahalli,13.444372079277544,76.5403152931028,Market,200,Active,Sira PS
CCTV00527_2,Sira PS - Bus Stand CCTV,548,Tumakuru,5540,Turuvekere,220400.0,Kanathur,612354,Habakanahalli,13.444709526466971,76.5402982618355,Bus Stand,150,Active,Sira PS
CCTV00527_3,Sira PS - Bus Stand CCTV,548,Tumakuru,5532,Chiknayakanhalli,220118.0,Ramanahalli,610178,Madanamadu,13.445259361541943,76.5417907112639,Bus Stand,150,Active,Sira PS
CCTV00528_1,Tavarekere PS - Bank CCTV,548,Tumakuru,5539,Tiptur,220329.0,Echanuru,612091,Eachanur,12.96504671503787,77.40063800897474,Bank,150,Active,Tavarekere PS
CCTV00528_2,Tavarekere PS - Bank CCTV,548,Tumakuru,5539,Tiptur,220330.0,Gudigondanahalli (B.G. Kaval),611997,Bagavala,12.967490920644932,77.40035387245007,Bank,200,Active,Tavarekere PS
CCTV00528_3,Tavarekere PS - ATM CCTV,548,Tumakuru,5534,Pavagada,220255.0,Achamanahalli,610531,Thippaganahalli,12.96643070535049,77.40075734540235,ATM,100,Active,Tavarekere PS
CCTV00528_4,Tavarekere PS - Railway Station CCTV,548,Tumakuru,5536,Koratagere,220177.0,Vaddagere,611068,Malapanahalli,12.966393107300838,77.4006275389222,Railway Station,100,Active,Tavarekere PS
CCTV00528_5,Tavarekere PS - Railway Station CCTV,548,Tumakuru,5540,Turuvekere,220404.0,Madihalli,612253,Sangalapura,12.967052283802467,77.40045774816494,Railway Station,200,Active,Tavarekere PS
CCTV00529_1,Thilak Park PS - College CCTV,548,Tumakuru,5538,Gubbi,220144.0,Koppa,611844,Ingalda Kaval,13.341304133041776,77.09176292013765,College,100,Active,Thilak Park PS
CCTV00529_2,Thilak Park PS - Government Office CCTV,548,Tumakuru,5532,Chiknayakanhalli,220118.0,Ramanahalli,610173,Harogondanahalli,13.341549666410122,77.09106313030333,Government Office,100,Maintenance,Thilak Park PS
CCTV00529_3,Thilak Park PS - ATM CCTV,548,Tumakuru,5538,Gubbi,220125.0,Allilughatta,611664,Mudlahalli,13.34267371014163,77.09067011438447,ATM,150,Active,Thilak Park PS
CCTV00529_4,Thilak Park PS - ATM CCTV,548,Tumakuru,5532,Chiknayakanhalli,220107.0,Honnebagi,610205,Dasihalli,13.343363970154407,77.09000191428389,ATM,200,Active,Thilak Park PS
CCTV00529_5,Thilak Park PS - Bank CCTV,548,Tumakuru,5533,Sira,272821.0,Kurubarahalli,610411,Kurubarahalli,13.341811545703894,77.08907957109109,Bank,150,Maintenance,Thilak Park PS
CCTV00529_6,Thilak Park PS - College CCTV,548,Tumakuru,5533,Sira,220301.0,Honnagondanahalli,610372,Koratakere,13.342071156134512,77.09109952291185,College,150,Maintenance,Thilak Park PS
CCTV00530_1,Thirumani PS - Bank CCTV,548,Tumakuru,5533,Sira,220320.0,Tavarekere,610322,Ujjanakunte,14.238809821442297,77.04465183707087,Bank,150,Maintenance,Thirumani PS
CCTV00530_2,Thirumani PS - ATM CCTV,548,Tumakuru,5539,Tiptur,220327.0,Biligere,612022,Chowdlapura,14.238420519160611,77.04532699286382,ATM,100,Active,Thirumani PS
CCTV00530_3,Thirumani PS - Bank CCTV,548,Tumakuru,5538,Gubbi,220137.0,Hindsagere,611917,Kamba Sandra,14.237039102076402,77.04264834947708,Bank,200,Active,Thirumani PS
CCTV00530_4,Thirumani PS - Government Hospital CCTV,548,Tumakuru,5541,Kunigal,220185.0,Chowdanakuppe,612732,Hulikatte,14.237836859258135,77.04349101174267,Government Hospital,150,Maintenance,Thirumani PS
CCTV00530_5,Thirumani PS - ATM CCTV,548,Tumakuru,5532,Chiknayakanhalli,220117.0,Muddenahalli,610194,Savashettihalli,14.239568523316004,77.04503617671904,ATM,150,Active,Thirumani PS
CCTV00530_6,Thirumani PS - Railway Station CCTV,548,Tumakuru,5538,Gubbi,220131.0,Chellur,611703,Yenne Kattee,14.23826822898174,77.04247446939567,Railway Station,100,Maintenance,Thirumani PS
CCTV00531_1,Tiptur Rural PS - ATM CCTV,548,Tumakuru,5532,Chiknayakanhalli,220107.0,Honnebagi,610206,Bagayathu,13.157578197327217,76.27555962712692,ATM,100,Active,Tiptur Rural PS
CCTV00531_2,Tiptur Rural PS - Bus Stand CCTV,548,Tumakuru,5541,Kunigal,220189.0,Herur,612595,Begur Amanikere,13.15665685134023,76.27729083678416,Bus Stand,200,Active,Tiptur Rural PS
CCTV00531_3,Tiptur Rural PS - Traffic Junction CCTV,548,Tumakuru,5534,Pavagada,220286.0,Virupasamudra,610664,Kanakapura,13.15541875283884,76.27604517545433,Traffic Junction,100,Maintenance,Tiptur Rural PS
CCTV00531_4,Tiptur Rural PS - School CCTV,548,Tumakuru,5539,Tiptur,220341.0,Mathihalli,612100,Mathihalli,13.155859958286731,76.27712707395766,School,100,Maintenance,Tiptur Rural PS
CCTV00532_1,Tiptur Town PS - School CCTV,548,Tumakuru,5539,Tiptur,220344.0,Nagaraghatta,612133,Hedagarahalli,13.152712043251931,76.28550535062044,School,150,Active,Tiptur Town PS
CCTV00532_2,Tiptur Town PS - Government Office CCTV,548,Tumakuru,5537,Tumakuru,220359.0,Devalaapura,611317,Ganganala,13.152349756522236,76.28360171442415,Government Office,150,Maintenance,Tiptur Town PS
CCTV00532_3,Tiptur Town PS - Government Hospital CCTV,548,Tumakuru,5541,Kunigal,220210.0,Tavarekere,612734,Gangapura,13.154560573965492,76.28576890037722,Government Hospital,150,Active,Tiptur Town PS
CCTV00533_1,Tumkur CEN Crime PS - Bank CCTV,548,Tumakuru,5536,Koratagere,220179.0,Yelerampura,611205,D.Nagenahalli,13.346465726285539,77.1044901193337,Bank,200,Active,Tumkur CEN Crime PS
CCTV00533_2,Tumkur CEN Crime PS - Traffic Junction CCTV,548,Tumakuru,5538,Gubbi,220146.0,Manchaladore,611622,Jogihalli,13.343822073859515,77.10381408699193,Traffic Junction,200,Maintenance,Tumkur CEN Crime PS
CCTV00533_3,Tumkur CEN Crime PS - Railway Station CCTV,548,Tumakuru,5534,Pavagada,220258.0,Budibetta,610535,Yerrammanahalli,13.345417585628532,77.10403531570523,Railway Station,100,Active,Tumkur CEN Crime PS
CCTV00533_4,Tumkur CEN Crime PS - School CCTV,548,Tumakuru,5539,Tiptur,220347.0,Rangapura,612113,Keragodi,13.346628354887,77.10176588264558,School,100,Maintenance,Tumkur CEN Crime PS
CCTV00533_5,Tumkur CEN Crime PS - Bank CCTV,548,Tumakuru,5534,Pavagada,220285.0,Venkatapura,610659,Venkatapura,13.344338026964577,77.10193372081598,Bank,150,Active,Tumkur CEN Crime PS
CCTV00533_6,Tumkur CEN Crime PS - Bus Stand CCTV,548,Tumakuru,5538,Gubbi,220147.0,Marashettyhalli,611863,Kodimallenahalli,13.34494132487657,77.10242862563862,Bus Stand,100,Active,Tumkur CEN Crime PS
CCTV00534_1,Tumkur Rural PS - ATM CCTV,548,Tumakuru,5535,Madhugiri,220243.0,Kotagarlahalli,610737,Kotagaralahalli,13.341526350376355,77.10469601855883,ATM,100,Maintenance,Tumkur Rural PS
CCTV00534_2,Tumkur Rural PS - School CCTV,548,Tumakuru,5532,Chiknayakanhalli,220107.0,Honnebagi,610211,Bavanahalli,13.34255776859531,77.10455313109954,School,200,Active,Tumkur Rural PS
CCTV00534_3,Tumkur Rural PS - Government Hospital CCTV,548,Tumakuru,5534,Pavagada,220270.0,Nagalamadike,610582,Pendlijeevi,13.341505356709504,77.10729944839846,Government Hospital,200,Active,Tumkur Rural PS
CCTV00534_4,Tumkur Rural PS - Traffic Junction CCTV,548,Tumakuru,5537,Tumakuru,220389.0,Thimmarajanahalli,611329,Buradaghatta,13.341690496275081,77.10575642829,Traffic Junction,100,Active,Tumkur Rural PS
CCTV00534_5,Tumkur Rural PS - Bus Stand CCTV,548,Tumakuru,5539,Tiptur,220336.0,Honnavalli,611996,Krishnapura,13.3435737172415,77.10451729121178,Bus Stand,150,Maintenance,Tumkur Rural PS
CCTV00534_6,Tumkur Rural PS - Bus Stand CCTV,548,Tumakuru,5541,Kunigal,220191.0,Jinnagara,612677,Sanaba,13.342031027838267,77.10740895345894,Bus Stand,100,Active,Tumkur Rural PS
CCTV00535_1,Tumkur Town PS - Government Hospital CCTV,548,Tumakuru,5532,Chiknayakanhalli,220111.0,Kandikere,610153,Ganganaikanahalli,13.344218690011672,77.10380206298352,Government Hospital,200,Active,Tumkur Town PS
CCTV00535_2,Tumkur Town PS - Traffic Junction CCTV,548,Tumakuru,5541,Kunigal,220204.0,Nagasandra,612437,Jiddigere,13.34584267606457,77.1026792399655,Traffic Junction,100,Active,Tumkur Town PS
CCTV00535_3,Tumkur Town PS - Government Hospital CCTV,548,Tumakuru,5538,Gubbi,220133.0,Doddagunni,611782,Rajanapanche,13.343748025986716,77.10323683814707,Government Hospital,200,Active,Tumkur Town PS
CCTV00535_4,Tumkur Town PS - School CCTV,548,Tumakuru,5538,Gubbi,220127.0,Ankasandra,611685,Sanabanahalli,13.345625840972454,77.10351429697663,School,200,Active,Tumkur Town PS
CCTV00535_5,Tumkur Town PS - Government Hospital CCTV,548,Tumakuru,5535,Madhugiri,220216.0,Badavanahalli,610774,Krishnapura,13.343820600080885,77.10470386023974,Government Hospital,150,Active,Tumkur Town PS
CCTV00535_6,Tumkur Town PS - School CCTV,548,Tumakuru,5540,Turuvekere,220402.0,Kondajji,612306,D.Settihalli,13.344753046159815,77.1024215390415,School,100,Maintenance,Tumkur Town PS
CCTV00536_1,Tumkur Traffic PS - Bank CCTV,548,Tumakuru,5541,Kunigal,220189.0,Herur,612595,Begur Amanikere,13.341974006885472,77.10446454478246,Bank,150,Active,Tumkur Traffic PS
CCTV00536_2,Tumkur Traffic PS - Government Office CCTV,548,Tumakuru,5540,Turuvekere,220402.0,Kondajji,612293,Kondajji,13.342434385900795,77.10575101835673,Government Office,100,Maintenance,Tumkur Traffic PS
CCTV00536_3,Tumkur Traffic PS - Bus Stand CCTV,548,Tumakuru,5535,Madhugiri,220250.0,Rantavalalu,610732,Mandathimmanahalli,13.343200167859708,77.10729267933628,Bus Stand,100,Active,Tumkur Traffic PS
CCTV00536_4,Tumkur Traffic PS - Bus Stand CCTV,548,Tumakuru,5537,Tumakuru,220371.0,Honnudike,611583,Veeranaikanahalli,13.343309262415135,77.10449337427372,Bus Stand,100,Maintenance,Tumkur Traffic PS
CCTV00536_5,Tumkur Traffic PS - Government Office CCTV,548,Tumakuru,5538,Gubbi,220134.0,G.Hosahalli,611845,Kattigenahalli,13.34272814749325,77.10504817589603,Government Office,150,Active,Tumkur Traffic PS
CCTV00536_6,Tumkur Traffic PS - ATM CCTV,548,Tumakuru,5537,Tumakuru,220357.0,Bugudanahalli,611279,Ballapura,13.342293840466978,77.10511111576417,ATM,200,Active,Tumkur Traffic PS
CCTV00537_1,Turuvekere PS - Government Office CCTV,548,Tumakuru,5537,Tumakuru,220375.0,Kestur,611304,Kenchenahalli,13.164821780500999,76.669610124547,Government Office,100,Active,Turuvekere PS
CCTV00537_2,Turuvekere PS - ATM CCTV,548,Tumakuru,5537,Tumakuru,220353.0,Ballagere,611522,Balagere Kaval,13.164634800426336,76.66891079028899,ATM,100,Active,Turuvekere PS
CCTV00537_3,Turuvekere PS - Traffic Junction CCTV,548,Tumakuru,5536,Koratagere,220176.0,Tumbadi,611064,Kambadahalli,13.164196917678597,76.6676708818968,Traffic Junction,200,Active,Turuvekere PS
CCTV00537_4,Turuvekere PS - Traffic Junction CCTV,548,Tumakuru,5535,Madhugiri,220252.0,Sajjehossahalli,610720,Basmangi Kaval,13.162831726801015,76.66750085807988,Traffic Junction,100,Active,Turuvekere PS
CCTV00537_5,Turuvekere PS - College CCTV,548,Tumakuru,5540,Turuvekere,220398.0,Goni Tumkur,612359,Kadehalli Kaval,13.163893429648283,76.6694559517523,College,100,Active,Turuvekere PS
CCTV00537_6,Turuvekere PS - Railway Station CCTV,548,Tumakuru,5536,Koratagere,220174.0,Teeta,611138,Kambadahalli,13.164304988738419,76.66997567905544,Railway Station,100,Maintenance,Turuvekere PS
CCTV00538_1,Women PS - Railway Station CCTV,548,Tumakuru,5541,Kunigal,220196.0,Kithanamangala,612614,Kithanamangala,15.858117163428277,74.50507442213846,Railway Station,150,Active,Women PS
CCTV00538_2,Women PS - Bank CCTV,548,Tumakuru,5538,Gubbi,220136.0,Herur,611840,Hodalur,15.85697698302754,74.50529346893674,Bank,100,Active,Women PS
CCTV00538_3,Women PS - Bus Stand CCTV,548,Tumakuru,5540,Turuvekere,272837.0,Hadavanahalli,612261,Appasandra,15.857664929697949,74.50625175452733,Bus Stand,100,Active,Women PS
CCTV00538_4,Women PS - Bus Stand CCTV,548,Tumakuru,5536,Koratagere,220171.0,Kyamenahalli,611136,Malenahalli,15.858393410601,74.50541268442487,Bus Stand,200,Maintenance,Women PS
CCTV00539_1,Y.N. Hosakote PS - Bus Stand CCTV,548,Tumakuru,5538,Gubbi,220149.0,Muganayanakote,611769,Muganayakanakote Amanikere,14.278187830140192,77.17296651743628,Bus Stand,150,Active,Y.N. Hosakote PS
CCTV00539_2,Y.N. Hosakote PS - Government Hospital CCTV,548,Tumakuru,5536,Koratagere,220164.0,Chinnahalli,611215,Lakkaiahnapalya,14.278796282431205,77.17503538583813,Government Hospital,200,Active,Y.N. Hosakote PS
CCTV00539_3,Y.N. Hosakote PS - Government Hospital CCTV,548,Tumakuru,5536,Koratagere,220165.0,Doddasaagere,611141,Alapanahalli,14.278889640127538,77.1753615629616,Government Hospital,150,Active,Y.N. Hosakote PS
CCTV00539_4,Y.N. Hosakote PS - Traffic Junction CCTV,548,Tumakuru,5538,Gubbi,220129.0,Bidire,611710,Kasimata,14.280067786852124,77.17399242363561,Traffic Junction,150,Maintenance,Y.N. Hosakote PS
CCTV00539_5,Y.N. Hosakote PS - Market CCTV,548,Tumakuru,5541,Kunigal,220199.0,Koppa,612455,Hulivana,14.280532740701945,77.17487718540602,Market,150,Maintenance,Y.N. Hosakote PS
CCTV00540_1,Ajekar PS - Bank CCTV,549,Udupi,7068,Brahmavara,220525.0,Irodi,608765,Balkudru,13.320255064074573,74.998728383787,Bank,100,Active,Ajekar PS
CCTV00540_2,Ajekar PS - ATM CCTV,549,Udupi,7068,Brahmavara,220521.0,Havanje,608794,Havanje,13.32005540320504,74.99865399723818,ATM,150,Active,Ajekar PS
CCTV00540_3,Ajekar PS - Bank CCTV,549,Udupi,7068,Brahmavara,220547.0,Nalkur,608803,Nanchar,13.317872905055683,74.99871494714128,Bank,200,Active,Ajekar PS
CCTV00540_4,Ajekar PS - Market CCTV,549,Udupi,5522,Kundapura,220446.0,Ajri,608712,Kodladi,13.318619010006655,74.99945142485562,Market,100,Active,Ajekar PS
CCTV00540_5,Ajekar PS - Bus Stand CCTV,549,Udupi,7068,Brahmavara,220550.0,Pandeshwara,608768,Moodahadu,13.320320015033683,74.99959907453969,Bus Stand,150,Active,Ajekar PS
CCTV00540_6,Ajekar PS - Government Office CCTV,549,Udupi,7066,Bainduru,220490.0,Nada,608674,Nada,13.319469343989708,74.99859699494253,Government Office,150,Active,Ajekar PS
CCTV00541_1,Amasebailu PS - Traffic Junction CCTV,549,Udupi,7067,Kapu,220508.0,Bada,608857,Bada (Ct),13.601670855678107,74.94750955263804,Traffic Junction,150,Maintenance,Amasebailu PS
CCTV00541_2,Amasebailu PS - Bus Stand CCTV,549,Udupi,7066,Bainduru,220471.0,Herooru,608669,Ulloor [11],13.603541838794095,74.94974718901896,Bus Stand,200,Active,Amasebailu PS
CCTV00541_3,Amasebailu PS - Bank CCTV,549,Udupi,7067,Kapu,220546.0,Mudarangadi,608837,Pilar,13.602347063436637,74.9487238372506,Bank,200,Maintenance,Amasebailu PS
CCTV00541_4,Amasebailu PS - School CCTV,549,Udupi,7066,Bainduru,220499.0,Uppunda,608663,Uppunda,13.602787929456584,74.94890614124435,School,100,Active,Amasebailu PS
CCTV00541_5,Amasebailu PS - Government Office CCTV,549,Udupi,7065,Hebri,220422.0,Hebri,608868,Hebri,13.602809116211361,74.94885021740397,Government Office,150,Active,Amasebailu PS
CCTV00542_1,Brahmavar PS - College CCTV,549,Udupi,5524,Karkal,220425.0,Inna,608900,Inna,13.438960904743794,74.74528066836842,College,150,Active,Brahmavar PS
CCTV00542_2,Brahmavar PS - Traffic Junction CCTV,549,Udupi,5524,Karkal,220420.0,Durga,608907,Durga,13.437462374930098,74.74543173819602,Traffic Junction,100,Active,Brahmavar PS
CCTV00542_3,Brahmavar PS - ATM CCTV,549,Udupi,5524,Karkal,220427.0,Kanthavara,608905,Kanthavara,13.437425183189854,74.74338581929231,ATM,100,Active,Brahmavar PS
CCTV00542_4,Brahmavar PS - Bus Stand CCTV,549,Udupi,7068,Brahmavara,220518.0,Handadi,608790,Matpady,13.438235182854106,74.7429830423758,Bus Stand,200,Maintenance,Brahmavar PS
CCTV00543_1,Byndoor PS - College CCTV,549,Udupi,7065,Hebri,220445.0,Varanga,608875,Padukudoor,13.866410221659878,74.62574171062377,College,150,Active,Byndoor PS
CCTV00543_2,Byndoor PS - Government Hospital CCTV,549,Udupi,7068,Brahmavara,220559.0,Vaddarse,608762,Bannady,13.86574496448538,74.62568733568597,Government Hospital,200,Active,Byndoor PS
CCTV00543_3,Byndoor PS - Railway Station CCTV,549,Udupi,5523,Udupi,220505.0,Ambalapadi,608862,Kidiyoor (Og),13.865921472050042,74.6277933549005,Railway Station,200,Maintenance,Byndoor PS
CCTV00543_4,Byndoor PS - College CCTV,549,Udupi,5522,Kundapura,220459.0,Gangolli,608689,Gangolli,13.868042865378143,74.62765179038144,College,200,Maintenance,Byndoor PS
CCTV00543_5,Byndoor PS - ATM CCTV,549,Udupi,7068,Brahmavara,220552.0,Shiriyara,608772,Shiriyara,13.866862237458049,74.62525422161688,ATM,100,Active,Byndoor PS
CCTV00544_1,Gangolli PS - Government Hospital CCTV,549,Udupi,5524,Karkal,273010.0,Kalya,608894,Kallya,13.686984426361464,74.65962300537801,Government Hospital,100,Active,Gangolli PS
CCTV00544_2,Gangolli PS - School CCTV,549,Udupi,7066,Bainduru,220481.0,Kergal,608666,Kergal,13.686561789206705,74.65968352688245,School,200,Maintenance,Gangolli PS
CCTV00544_3,Gangolli PS - Bank CCTV,549,Udupi,5524,Karkal,273012.0,Nandalike,608897,Nandalike,13.687758689248783,74.66145421363584,Bank,200,Active,Gangolli PS
CCTV00544_4,Gangolli PS - Market CCTV,549,Udupi,5522,Kundapura,220465.0,Hambadi-Mandadi,608741,Japthi,13.687108103804245,74.66098717573792,Market,100,Maintenance,Gangolli PS
CCTV00545_1,Hebri PS - School CCTV,549,Udupi,5523,Udupi,220545.0,Manipura,608818,Marne,13.458186916454887,74.99098880885035,School,150,Active,Hebri PS
CCTV00545_2,Hebri PS - Government Office CCTV,549,Udupi,5522,Kundapura,220446.0,Ajri,608719,Kamalashile,13.458678792684243,74.98848847541682,Government Office,150,Active,Hebri PS
CCTV00545_3,Hebri PS - Traffic Junction CCTV,549,Udupi,5522,Kundapura,220474.0,Kalavara,608735,Asodu,13.457758276392548,74.99047272003175,Traffic Junction,100,Maintenance,Hebri PS
CCTV00545_4,Hebri PS - Government Hospital CCTV,549,Udupi,5522,Kundapura,220462.0,Hakladi,608700,Noojadi,13.459756693228329,74.98944789113762,Government Hospital,200,Maintenance,Hebri PS
CCTV00545_5,Hebri PS - Bus Stand CCTV,549,Udupi,7066,Bainduru,220460.0,Golihole,608680,Yeljith,13.459732017356904,74.98852364354892,Bus Stand,200,Maintenance,Hebri PS
CCTV00545_6,Hebri PS - College CCTV,549,Udupi,7068,Brahmavara,220535.0,Kokkarne,608802,34 Kudi,13.458980459664073,74.98847414095579,College,200,Active,Hebri PS
CCTV00546_1,Hiriadka PS - Bank CCTV,549,Udupi,7068,Brahmavara,220559.0,Vaddarse,608763,Vaddarse,13.348766250117965,74.85357807105795,Bank,100,Active,Hiriadka PS
CCTV00546_2,Hiriadka PS - School CCTV,549,Udupi,5524,Karkal,220431.0,Marne,608879,Marne,13.347005554322498,74.85264830431919,School,100,Active,Hiriadka PS
CCTV00546_3,Hiriadka PS - Market CCTV,549,Udupi,7068,Brahmavara,220559.0,Vaddarse,608763,Vaddarse,13.34889691656098,74.85268832707037,Market,200,Maintenance,Hiriadka PS
CCTV00547_1,Kapu PS - Government Hospital CCTV,549,Udupi,5522,Kundapura,273039.0,Kandavara,608737,Kandavara,13.227786808858426,74.74721325836929,Government Hospital,100,Active,Kapu PS
CCTV00547_2,Kapu PS - Government Office CCTV,549,Udupi,7066,Bainduru,220456.0,Bijooru,608664,Bijoor,13.228576375561154,74.74714799974664,Government Office,150,Active,Kapu PS
CCTV00547_3,Kapu PS - Government Office CCTV,549,Udupi,7068,Brahmavara,220514.0,Billadi,608781,Vandar,13.228573624643174,74.74892043124083,Government Office,100,Active,Kapu PS
CCTV00547_4,Kapu PS - School CCTV,549,Udupi,5524,Karkal,220417.0,Bailoor,608890,Bailoor,13.227681316116222,74.74950165673214,School,150,Maintenance,Kapu PS
CCTV00547_5,Kapu PS - Railway Station CCTV,549,Udupi,5523,Udupi,220526.0,Kadekaru,608863,Kadekar (Og),13.227390511760568,74.74955519712542,Railway Station,100,Maintenance,Kapu PS
CCTV00548_1,Karkala Rural PS - Bus Stand CCTV,549,Udupi,7066,Bainduru,220476.0,Kambadakone,608668,Kambadakone,13.221335404544105,74.98191854646103,Bus Stand,100,Active,Karkala Rural PS
CCTV00548_2,Karkala Rural PS - Bank CCTV,549,Udupi,5522,Kundapura,220498.0,Trasi,608686,Trashi,13.221489149946137,74.9823143448195,Bank,200,Maintenance,Karkala Rural PS
CCTV00548_3,Karkala Rural PS - College CCTV,549,Udupi,5524,Karkal,220437.0,Nalloor,608911,Nallur,13.224156068753599,74.98149083444423,College,100,Active,Karkala Rural PS
CCTV00549_1,Karkala Town PS - College CCTV,549,Udupi,7068,Brahmavara,220511.0,Barkur,608777,Kachur,13.22207129869182,74.98096319051035,College,100,Maintenance,Karkala Town PS
CCTV00549_2,Karkala Town PS - Bus Stand CCTV,549,Udupi,5523,Udupi,220510.0,Bairampalli,608811,41 Shiroor,13.223331307445418,74.9820972228872,Bus Stand,150,Maintenance,Karkala Town PS
CCTV00549_3,Karkala Town PS - Government Office CCTV,549,Udupi,5522,Kundapura,220462.0,Hakladi,608699,Kundabarandadi,13.222887285649367,74.98095185257532,Government Office,100,Active,Karkala Town PS
CCTV00550_1,Kollur PS - Government Office CCTV,549,Udupi,7068,Brahmavara,220559.0,Vaddarse,608762,Bannady,13.864408610165217,74.8139196420317,Government Office,100,Maintenance,Kollur PS
CCTV00550_2,Kollur PS - Bus Stand CCTV,549,Udupi,7066,Bainduru,220475.0,Kalthodu,608676,Kalthodu,13.864142853878601,74.81501103771778,Bus Stand,100,Active,Kollur PS
CCTV00550_3,Kollur PS - Railway Station CCTV,549,Udupi,7067,Kapu,220524.0,Innanje,608830,Pangala,13.863738547408781,74.81271388889513,Railway Station,150,Active,Kollur PS
CCTV00550_4,Kollur PS - Bus Stand CCTV,549,Udupi,7066,Bainduru,220490.0,Nada,608674,Nada,13.862599281938408,74.81388121497758,Bus Stand,150,Active,Kollur PS
CCTV00550_5,Kollur PS - ATM CCTV,549,Udupi,5522,Kundapura,220478.0,Kavradi,608714,Halnad,13.863605301853527,74.81462325405009,ATM,150,Maintenance,Kollur PS
CCTV00550_6,Kollur PS - Traffic Junction CCTV,549,Udupi,7067,Kapu,220546.0,Mudarangadi,608837,Pilar,13.86298362400327,74.81363487971616,Traffic Junction,200,Maintenance,Kollur PS
CCTV00551_1,Kota PS - Bank CCTV,549,Udupi,5522,Kundapura,220480.0,Keradi,608711,Bellal,13.528098575374262,74.70291329609319,Bank,100,Active,Kota PS
CCTV00551_2,Kota PS - School CCTV,549,Udupi,7068,Brahmavara,220502.0,38 Kalathur,608805,Kenjoor,13.52677541605741,74.70518327051022,School,100,Maintenance,Kota PS
CCTV00551_3,Kota PS - School CCTV,549,Udupi,7068,Brahmavara,220518.0,Handadi,608789,Handady,13.528708831832708,74.70343727720555,School,200,Active,Kota PS
CCTV00552_1,Kundapura PS - Bus Stand CCTV,549,Udupi,5524,Karkal,220417.0,Bailoor,608890,Bailoor,13.637685364613331,74.6704617896629,Bus Stand,200,Active,Kundapura PS
CCTV00552_2,Kundapura PS - College CCTV,549,Udupi,7068,Brahmavara,220561.0,Yadthadi,608776,Herady,13.63816050190045,74.66985124251096,College,200,Active,Kundapura PS
CCTV00552_3,Kundapura PS - ATM CCTV,549,Udupi,7065,Hebri,220445.0,Varanga,608875,Padukudoor,13.64002170416978,74.66901744445684,ATM,200,Active,Kundapura PS
CCTV00553_1,Kundapura Rural PS - Traffic Junction CCTV,549,Udupi,5524,Karkal,273012.0,Nandalike,608904,Kedinje,13.636267885429055,74.77153454241646,Traffic Junction,100,Active,Kundapura Rural PS
CCTV00553_2,Kundapura Rural PS - School CCTV,549,Udupi,5524,Karkal,220419.0,Bola,608903,Bola,13.637797632415966,74.77219435936874,School,100,Active,Kundapura Rural PS
CCTV00553_3,Kundapura Rural PS - School CCTV,549,Udupi,7068,Brahmavara,220511.0,Barkur,608769,Hosala,13.636863397313654,74.77291520944884,School,100,Active,Kundapura Rural PS
CCTV00553_4,Kundapura Rural PS - Government Hospital CCTV,549,Udupi,5522,Kundapura,273042.0,Ullur 74,608723,Ulloor 74,13.637797113951473,74.77369938374709,Government Hospital,150,Maintenance,Kundapura Rural PS
CCTV00554_1,Kundapura Traffic PS - Traffic Junction CCTV,549,Udupi,7067,Kapu,220562.0,Yellur,608838,Yellur,13.636827610493988,74.68841115615464,Traffic Junction,200,Active,Kundapura Traffic PS
CCTV00554_2,Kundapura Traffic PS - Government Hospital CCTV,549,Udupi,5523,Udupi,,,938676,Herga,13.637240424254655,74.6884167308227,Government Hospital,100,Active,Kundapura Traffic PS
CCTV00554_3,Kundapura Traffic PS - Traffic Junction CCTV,549,Udupi,7068,Brahmavara,273018.0,Neelavara,608796,Neelavar,13.63698209778364,74.68995101937293,Traffic Junction,150,Active,Kundapura Traffic PS
CCTV00554_4,Kundapura Traffic PS - Government Hospital CCTV,549,Udupi,5523,Udupi,220505.0,Ambalapadi,608861,Ambalpady (Og),13.636884096056756,74.68778760333073,Government Hospital,100,Active,Kundapura Traffic PS
CCTV00555_1,Malpe PS - Traffic Junction CCTV,549,Udupi,7065,Hebri,220422.0,Hebri,608868,Hebri,13.35914663966093,74.70326071037958,Traffic Junction,150,Active,Malpe PS
CCTV00555_2,Malpe PS - School CCTV,549,Udupi,7068,Brahmavara,220547.0,Nalkur,608803,Nanchar,13.35922271561306,74.70472012031043,School,100,Active,Malpe PS
CCTV00555_3,Malpe PS - School CCTV,549,Udupi,7068,Brahmavara,220525.0,Irodi,608765,Balkudru,13.360593166122882,74.70315410481257,School,100,Active,Malpe PS
CCTV00556_1,Manipal PS - Bank CCTV,549,Udupi,5522,Kundapura,273039.0,Kandavara,608737,Kandavara,13.348226478193046,74.78528302313686,Bank,200,Maintenance,Manipal PS
CCTV00556_2,Manipal PS - Government Office CCTV,549,Udupi,7065,Hebri,220428.0,Kuchchuru,608866,Kuchchur,13.350362079557026,74.78733018209942,Government Office,150,Active,Manipal PS
CCTV00556_3,Manipal PS - ATM CCTV,549,Udupi,7068,Brahmavara,220537.0,Kotathattu,608760,Kotathattu,13.350602596495623,74.78593531556399,ATM,150,Active,Manipal PS
CCTV00556_4,Manipal PS - Bus Stand CCTV,549,Udupi,5523,Udupi,220505.0,Ambalapadi,608861,Ambalpady (Og),13.347741805061219,74.78509975123735,Bus Stand,150,Active,Manipal PS
CCTV00556_5,Manipal PS - Traffic Junction CCTV,549,Udupi,5522,Kundapura,273042.0,Ullur 74,608723,Ulloor 74,13.34786532084124,74.78545372637872,Traffic Junction,100,Active,Manipal PS
CCTV00556_6,Manipal PS - Railway Station CCTV,549,Udupi,5522,Kundapura,220461.0,Gujjadi,608688,Gujjadi,13.349387909922529,74.78555195207329,Railway Station,150,Active,Manipal PS
CCTV00557_1,Padubidri PS - Market CCTV,549,Udupi,7066,Bainduru,220488.0,Maravanthe,608672,Maravanthe,13.140140191499727,74.76915381369957,Market,100,Active,Padubidri PS
CCTV00557_2,Padubidri PS - Traffic Junction CCTV,549,Udupi,7068,Brahmavara,220559.0,Vaddarse,608771,Achalady,13.141609981187623,74.77021438987089,Traffic Junction,100,Active,Padubidri PS
CCTV00557_3,Padubidri PS - ATM CCTV,549,Udupi,7066,Bainduru,220460.0,Golihole,608682,Golihole,13.14215116813058,74.76969254593769,ATM,200,Maintenance,Padubidri PS
CCTV00557_4,Padubidri PS - College CCTV,549,Udupi,5523,Udupi,220515.0,Bommarabettu,608815,Bommarabettu,13.141319447790407,74.77054887426368,College,100,Maintenance,Padubidri PS
CCTV00558_1,Shankaranarayana PS - Market CCTV,549,Udupi,5522,Kundapura,220498.0,Trasi,608686,Trashi,13.603437950788962,74.86231722125974,Market,150,Active,Shankaranarayana PS
CCTV00558_2,Shankaranarayana PS - Traffic Junction CCTV,549,Udupi,5522,Kundapura,220474.0,Kalavara,608736,Kalavara,13.603714336091183,74.86125307527959,Traffic Junction,200,Active,Shankaranarayana PS
CCTV00558_3,Shankaranarayana PS - Bus Stand CCTV,549,Udupi,5522,Kundapura,220467.0,Hardalli-Mandalli,608745,Hallady-Harkadi,13.605963918945093,74.8628851274571,Bus Stand,150,Maintenance,Shankaranarayana PS
CCTV00558_4,Shankaranarayana PS - Railway Station CCTV,549,Udupi,5524,Karkal,220420.0,Durga,608907,Durga,13.604582349739907,74.86104790903713,Railway Station,200,Active,Shankaranarayana PS
CCTV00558_5,Shankaranarayana PS - College CCTV,549,Udupi,5522,Kundapura,273040.0,Kattabelthuru,608694,Kattabelthoor,13.603039075245533,74.86313823437904,College,150,Active,Shankaranarayana PS
CCTV00559_1,Shirva PS - School CCTV,549,Udupi,5524,Karkal,220431.0,Marne,608882,Hermunde,13.21069917697266,74.83334020369912,School,150,Active,Shirva PS
CCTV00559_2,Shirva PS - Bank CCTV,549,Udupi,5524,Karkal,220430.0,Mala,608887,Mala,13.209914032248207,74.83249010155201,Bank,150,Active,Shirva PS
CCTV00559_3,Shirva PS - Traffic Junction CCTV,549,Udupi,7066,Bainduru,220482.0,Kirimanjeshwara,608667,Kirimanjeshwar,13.210744633917896,74.83149177686701,Traffic Junction,150,Active,Shirva PS
CCTV00559_4,Shirva PS - Bank CCTV,549,Udupi,5524,Karkal,273012.0,Nandalike,608904,Kedinje,13.209850280296667,74.83134506253062,Bank,150,Active,Shirva PS
CCTV00559_5,Shirva PS - Railway Station CCTV,549,Udupi,7068,Brahmavara,220520.0,Haradi,608787,Haradi,13.212223583494216,74.83276396266507,Railway Station,150,Active,Shirva PS
CCTV00560_1,Udupi CEN Crime PS - Market CCTV,549,Udupi,7065,Hebri,220445.0,Varanga,608875,Padukudoor,13.332866493801436,74.74783010547073,Market,150,Active,Udupi CEN Crime PS
CCTV00560_2,Udupi CEN Crime PS - Government Office CCTV,549,Udupi,7065,Hebri,220487.0,Madamakki,608757,Madammakki,13.33389709305786,74.74691948125103,Government Office,200,Active,Udupi CEN Crime PS
CCTV00560_3,Udupi CEN Crime PS - Bank CCTV,549,Udupi,7065,Hebri,220487.0,Madamakki,608754,Shedimane,13.331635804372098,74.74927175337145,Bank,150,Active,Udupi CEN Crime PS
CCTV00560_4,Udupi CEN Crime PS - ATM CCTV,549,Udupi,5524,Karkal,220420.0,Durga,608907,Durga,13.331377786577399,74.74686317557622,ATM,200,Maintenance,Udupi CEN Crime PS
CCTV00561_1,Udupi Town PS - Bank CCTV,549,Udupi,5524,Karkal,220423.0,Hirgana,608881,Hirgana,13.33104319527897,74.74713066608822,Bank,150,Active,Udupi Town PS
CCTV00561_2,Udupi Town PS - Bus Stand CCTV,549,Udupi,5522,Kundapura,273015.0,Hosaadu,608687,Hosadu,13.330732584939483,74.74816815289172,Bus Stand,200,Active,Udupi Town PS
CCTV00561_3,Udupi Town PS - Market CCTV,549,Udupi,5524,Karkal,220440.0,Palli,608893,Palli,13.329821965819251,74.74702987939125,Market,150,Maintenance,Udupi Town PS
CCTV00561_4,Udupi Town PS - Market CCTV,549,Udupi,7068,Brahmavara,220552.0,Shiriyara,608772,Shiriyara,13.32927867171198,74.74796919332232,Market,200,Active,Udupi Town PS
CCTV00562_1,Udupi Traffic PS - Market CCTV,549,Udupi,7067,Kapu,220524.0,Innanje,608829,Innanje,13.333893195381107,74.74938064317472,Market,150,Active,Udupi Traffic PS
CCTV00562_2,Udupi Traffic PS - Government Hospital CCTV,549,Udupi,7067,Kapu,,,608831,Uliargoli,13.333729053540475,74.74923021851772,Government Hospital,100,Active,Udupi Traffic PS
CCTV00562_3,Udupi Traffic PS - Bus Stand CCTV,549,Udupi,5524,Karkal,220442.0,Sanoor,608914,Sanoor (Ct),13.333893926795437,74.74898185807677,Bus Stand,200,Active,Udupi Traffic PS
CCTV00562_4,Udupi Traffic PS - Traffic Junction CCTV,549,Udupi,7067,Kapu,220543.0,Majur,608826,92 Heroor,13.332940871251374,74.74862335907861,Traffic Junction,100,Maintenance,Udupi Traffic PS
CCTV00563_1,Women PS - Government Office CCTV,549,Udupi,5524,Karkal,220418.0,Belman,608898,Sooda,15.856354100605719,74.5063880964652,Government Office,150,Active,Women PS
CCTV00563_2,Women PS - Government Hospital CCTV,549,Udupi,5522,Kundapura,220474.0,Kalavara,608735,Asodu,15.858982346969523,74.50428226612506,Government Hospital,100,Maintenance,Women PS
CCTV00563_3,Women PS - Railway Station CCTV,549,Udupi,5522,Kundapura,220452.0,Basruru,608739,Basrur,15.857652267781976,74.50662984708764,Railway Station,200,Active,Women PS
CCTV00563_4,Women PS - Traffic Junction CCTV,549,Udupi,7068,Brahmavara,220536.0,Kota,608761,Giliyar,15.856903915418485,74.50554626937594,Traffic Junction,200,Active,Women PS
CCTV00563_5,Women PS - Traffic Junction CCTV,549,Udupi,7065,Hebri,220422.0,Hebri,608868,Hebri,15.858676597302463,74.50426656765194,Traffic Junction,100,Active,Women PS
CCTV00563_6,Women PS - ATM CCTV,549,Udupi,7068,Brahmavara,220558.0,Uppoor,608793,Uppoor,15.85663764480813,74.50701208369063,ATM,150,Active,Women PS
CCTV00564_1,Ambikanagar PS - Bank CCTV,550,Uttara Kannada,5484,Ankola,220575.0,Hattikeri,603335,Heggarnikotebavi,15.12327445418838,74.66036433614505,Bank,150,Active,Ambikanagar PS
CCTV00564_2,Ambikanagar PS - Government Hospital CCTV,550,Uttara Kannada,5484,Ankola,220564.0,Agragone,603376,Agragon,15.123355138235274,74.65881608408522,Government Hospital,100,Active,Ambikanagar PS
CCTV00564_3,Ambikanagar PS - Traffic Junction CCTV,550,Uttara Kannada,5482,Mundgod,220682.0,Chawdalli,603020,Tamyankoppa,15.124378101439088,74.65916182950599,Traffic Junction,200,Active,Ambikanagar PS
CCTV00564_4,Ambikanagar PS - Government Office CCTV,550,Uttara Kannada,5484,Ankola,220580.0,Sunkasal,603348,Kavalalli,15.124631100434213,74.6585100074494,Government Office,100,Active,Ambikanagar PS
CCTV00564_5,Ambikanagar PS - School CCTV,550,Uttara Kannada,5484,Ankola,220577.0,Mogta,603395,Moralli,15.124243999019916,74.66052940200116,School,150,Active,Ambikanagar PS
CCTV00564_6,Ambikanagar PS - Government Hospital CCTV,550,Uttara Kannada,5481,Yellapur,220758.0,Hasangi,602953,Gadijogadmane,15.123028377906909,74.66020225828564,Government Hospital,200,Maintenance,Ambikanagar PS
CCTV00565_1,Ankola PS - Traffic Junction CCTV,550,Uttara Kannada,5482,Mundgod,273208.0,Naganuru,603048,Chitgeri,14.65852566669191,74.30454847492544,Traffic Junction,100,Active,Ankola PS
CCTV00565_2,Ankola PS - Government Hospital CCTV,550,Uttara Kannada,5483,Sirsi,220723.0,Dodnalli,603216,Byagadde,14.660314798768857,74.30637462217246,Government Hospital,150,Active,Ankola PS
CCTV00565_3,Ankola PS - Government Hospital CCTV,550,Uttara Kannada,5478,Karwar,220658.0,Shirwad,602612,Makheri,14.659867650960676,74.30442518611764,Government Hospital,100,Active,Ankola PS
CCTV00565_4,Ankola PS - Railway Station CCTV,550,Uttara Kannada,5479,Supa,220741.0,Akheti,602635,Vatala,14.659507546327664,74.30459151669086,Railway Station,150,Active,Ankola PS
CCTV00566_1,Banavasi PS - College CCTV,550,Uttara Kannada,5486,Siddapur,220693.0,Analebail,603558,Analebail,14.623057079492767,74.82377849537599,College,100,Active,Banavasi PS
CCTV00566_2,Banavasi PS - School CCTV,550,Uttara Kannada,5488,Bhatkal,,,603825,Taggorgod,14.625014156255782,74.82433398982674,School,150,Active,Banavasi PS
CCTV00566_3,Banavasi PS - ATM CCTV,550,Uttara Kannada,5481,Yellapur,220766.0,Mavinmane,602901,Kanur,14.624664160810015,74.82390218143566,ATM,100,Active,Banavasi PS
CCTV00566_4,Banavasi PS - Bank CCTV,550,Uttara Kannada,5482,Mundgod,220683.0,Chigalli,603041,Chigalli,14.624107583785515,74.82641965507906,Bank,150,Maintenance,Banavasi PS
CCTV00566_5,Banavasi PS - Railway Station CCTV,550,Uttara Kannada,5486,Siddapur,220711.0,Tarehalli - Kansur,603574,Mutmurd,14.624125176255584,74.82528129286212,Railway Station,200,Active,Banavasi PS
CCTV00567_1,Bhatkal Rural PS - Traffic Junction CCTV,550,Uttara Kannada,5481,Yellapur,220764.0,Kundargi,603002,Bellambi,13.989505386823504,74.55182196824386,Traffic Junction,150,Active,Bhatkal Rural PS
CCTV00567_2,Bhatkal Rural PS - Government Office CCTV,550,Uttara Kannada,5480,Haliyal,220613.0,Nagashettikoppa,602860,Nagshetikop,13.990873933027775,74.55261821602912,Government Office,150,Active,Bhatkal Rural PS
CCTV00567_3,Bhatkal Rural PS - College CCTV,550,Uttara Kannada,5486,Siddapur,220697.0,Dodmane,603615,Uppingadde,13.99095692449109,74.55293081419617,College,200,Active,Bhatkal Rural PS
CCTV00568_1,Bhatkal Town PS - ATM CCTV,550,Uttara Kannada,5483,Sirsi,220732.0,Kodnagadde,603098,Sonaginmane,13.999848870721074,74.5385151828167,ATM,200,Active,Bhatkal Town PS
CCTV00568_2,Bhatkal Town PS - Government Hospital CCTV,550,Uttara Kannada,5486,Siddapur,220693.0,Analebail,603562,Attimurd,13.998074525129079,74.53920132298552,Government Hospital,200,Active,Bhatkal Town PS
CCTV00568_3,Bhatkal Town PS - Bank CCTV,550,Uttara Kannada,5486,Siddapur,220695.0,Bidrakan,603686,Kodgibail,13.999448938216545,74.53906724273493,Bank,100,Active,Bhatkal Town PS
CCTV00569_1,Chittakula PS - Government Hospital CCTV,550,Uttara Kannada,5488,Bhatkal,220597.0,Yelavadikavoor,603854,Yelavadikavoor,14.854553917791137,74.13181256552805,Government Hospital,100,Active,Chittakula PS
CCTV00569_2,Chittakula PS - Market CCTV,550,Uttara Kannada,5483,Sirsi,220736.0,Shivalli,603250,Shivalli,14.853257738602597,74.13378925191446,Market,100,Active,Chittakula PS
CCTV00569_3,Chittakula PS - College CCTV,550,Uttara Kannada,5484,Ankola,220573.0,Dongri,603352,Dongri,14.854555018641776,74.13376166773952,College,100,Active,Chittakula PS
CCTV00569_4,Chittakula PS - Government Office CCTV,550,Uttara Kannada,5484,Ankola,220563.0,Achve,603399,Kuntgani,14.853786881169407,74.13181600623034,Government Office,200,Active,Chittakula PS
CCTV00569_5,Chittakula PS - Bank CCTV,550,Uttara Kannada,5486,Siddapur,220710.0,Sovinkoppa,603645,Nirgar,14.853254366057135,74.13364520897551,Bank,100,Active,Chittakula PS
CCTV00569_6,Chittakula PS - Market CCTV,550,Uttara Kannada,5484,Ankola,220579.0,Shetgeri,603365,Kogre,14.855453663562502,74.13316253757316,Market,200,Active,Chittakula PS
CCTV00570_1,Dandeli Rural PS - College CCTV,550,Uttara Kannada,5478,Karwar,,,938833,Kodibaga,15.256025639061058,74.62256934603693,College,200,Active,Dandeli Rural PS
CCTV00570_2,Dandeli Rural PS - ATM CCTV,550,Uttara Kannada,5486,Siddapur,220705.0,Kolsirsi,603699,Balguli,15.257819830985866,74.62135764313062,ATM,100,Active,Dandeli Rural PS
CCTV00570_3,Dandeli Rural PS - College CCTV,550,Uttara Kannada,5486,Siddapur,220697.0,Dodmane,603620,Kibale,15.256981746761838,74.62061676768081,College,150,Active,Dandeli Rural PS
CCTV00570_4,Dandeli Rural PS - Traffic Junction CCTV,550,Uttara Kannada,5481,Yellapur,220768.0,Ummachagi,602984,Kanagod-Balehadda,15.257702780993155,74.62226636377308,Traffic Junction,200,Maintenance,Dandeli Rural PS
CCTV00570_5,Dandeli Rural PS - Government Hospital CCTV,550,Uttara Kannada,5479,Supa,274155.0,Gangoda,602729,Kumbeli,15.25633007984571,74.6204553046085,Government Hospital,100,Active,Dandeli Rural PS
CCTV00570_6,Dandeli Rural PS - College CCTV,550,Uttara Kannada,5483,Sirsi,220729.0,Itguli,603143,Itaguli,15.257144020645866,74.62084491788444,College,100,Active,Dandeli Rural PS
CCTV00571_1,Dandeli Town PS - School CCTV,550,Uttara Kannada,5481,Yellapur,220769.0,Vajralli,602909,Baginkatta,15.257337141255059,74.62255182263988,School,100,Active,Dandeli Town PS
CCTV00571_2,Dandeli Town PS - School CCTV,550,Uttara Kannada,5481,Yellapur,220758.0,Hasangi,602973,Halagod,15.25696839676184,74.62145652630792,School,150,Active,Dandeli Town PS
CCTV00571_3,Dandeli Town PS - Bus Stand CCTV,550,Uttara Kannada,5488,Bhatkal,220597.0,Yelavadikavoor,603832,Hadin,15.257750927470818,74.62022171982665,Bus Stand,200,Maintenance,Dandeli Town PS
CCTV00571_4,Dandeli Town PS - Bank CCTV,550,Uttara Kannada,5481,Yellapur,220761.0,Kampli,602957,Kampli,15.256630501336364,74.62192342128122,Bank,150,Maintenance,Dandeli Town PS
CCTV00571_5,Dandeli Town PS - Traffic Junction CCTV,550,Uttara Kannada,5484,Ankola,220565.0,Agsur,603343,Adlur,15.258527453367876,74.62155633790823,Traffic Junction,150,Active,Dandeli Town PS
CCTV00572_1,Gokarna PS - ATM CCTV,550,Uttara Kannada,5486,Siddapur,220706.0,Kyadagi,603625,Gubbagod,14.538728322348138,74.32215302448513,ATM,100,Active,Gokarna PS
CCTV00572_2,Gokarna PS - Railway Station CCTV,550,Uttara Kannada,7064,Dandeli,220605.0,Gundolli,602756,Kumbarkop,14.538644969512092,74.32186935696546,Railway Station,100,Active,Gokarna PS
CCTV00572_3,Gokarna PS - School CCTV,550,Uttara Kannada,5483,Sirsi,220717.0,Bandal,603164,Devimane,14.538873952145059,74.32218366251955,School,150,Active,Gokarna PS
CCTV00572_4,Gokarna PS - Government Office CCTV,550,Uttara Kannada,7064,Dandeli,273197.0,Ambewadi,602755,Vitnal,14.53992659224941,74.32092028238067,Government Office,100,Active,Gokarna PS
CCTV00572_5,Gokarna PS - College CCTV,550,Uttara Kannada,7064,Dandeli,220599.0,Ambikanagar,602794,Bommanalli,14.540258793233255,74.32078078633926,College,100,Active,Gokarna PS
CCTV00572_6,Gokarna PS - School CCTV,550,Uttara Kannada,5487,Honavar,220627.0,Kadle,603735,Kadle,14.540136905013012,74.32106246110956,School,200,Active,Gokarna PS
CCTV00573_1,Haliyal PS - Traffic Junction CCTV,550,Uttara Kannada,5480,Haliyal,220602.0,Bhagvati,602782,Rayapattan,15.32825528505619,74.76708390785684,Traffic Junction,100,Active,Haliyal PS
CCTV00573_2,Haliyal PS - Bank CCTV,550,Uttara Kannada,5479,Supa,220743.0,Asu,602657,Boregali,15.330200019829322,74.76745246882841,Bank,200,Maintenance,Haliyal PS
CCTV00573_3,Haliyal PS - School CCTV,550,Uttara Kannada,5484,Ankola,220575.0,Hattikeri,603339,Shikliturli,15.329611222612476,74.76843283678565,School,100,Active,Haliyal PS
CCTV00573_4,Haliyal PS - Bank CCTV,550,Uttara Kannada,5482,Mundgod,220682.0,Chawdalli,603019,Kargolli,15.33049547945104,74.76664389474365,Bank,200,Active,Haliyal PS
CCTV00574_1,Honnavara PS - Traffic Junction CCTV,550,Uttara Kannada,5482,Mundgod,220689.0,Malagi,603084,Malgi,14.282078573594065,74.45019865021432,Traffic Junction,200,Active,Honnavara PS
CCTV00574_2,Honnavara PS - Railway Station CCTV,550,Uttara Kannada,5480,Haliyal,220598.0,Alur,602813,Kumbarkop,14.282632223836035,74.451674409982,Railway Station,100,Active,Honnavara PS
CCTV00574_3,Honnavara PS - ATM CCTV,550,Uttara Kannada,5479,Supa,220747.0,Joida,602728,Hudasa,14.282488472021784,74.45057149833556,ATM,150,Active,Honnavara PS
CCTV00575_1,Joida PS - Government Hospital CCTV,550,Uttara Kannada,5486,Siddapur,220705.0,Kolsirsi,603711,Kastur,15.161804887909874,74.48931292086718,Government Hospital,150,Maintenance,Joida PS
CCTV00575_2,Joida PS - School CCTV,550,Uttara Kannada,5480,Haliyal,220617.0,Yadoga,602763,Yedoga,15.162697972570777,74.48927721565647,School,100,Active,Joida PS
CCTV00575_3,Joida PS - Traffic Junction CCTV,550,Uttara Kannada,5483,Sirsi,220726.0,Hunasekoppa,603190,Hunsekoppa,15.161826977030806,74.48950835541702,Traffic Junction,100,Active,Joida PS
CCTV00576_1,Kadra PS - ATM CCTV,550,Uttara Kannada,5486,Siddapur,220713.0,Wajgod,603659,Alavalli,14.904209208804787,74.34463060421027,ATM,150,Active,Kadra PS
CCTV00576_2,Kadra PS - ATM CCTV,550,Uttara Kannada,5486,Siddapur,220706.0,Kyadagi,603633,Mavinkod,14.904881717208731,74.34694010865427,ATM,100,Active,Kadra PS
CCTV00576_3,Kadra PS - Bank CCTV,550,Uttara Kannada,5481,Yellapur,220768.0,Ummachagi,602985,Sankadagundi,14.9059434556187,74.3444734560276,Bank,200,Active,Kadra PS
CCTV00577_1,Karwar Rural PS - Market CCTV,550,Uttara Kannada,5484,Ankola,220579.0,Shetgeri,603364,Bhasgod,14.808071227258836,74.13023622222504,Market,200,Maintenance,Karwar Rural PS
CCTV00577_2,Karwar Rural PS - ATM CCTV,550,Uttara Kannada,5486,Siddapur,220711.0,Tarehalli - Kansur,603596,Devisar,14.807216606352421,74.12866442200618,ATM,200,Active,Karwar Rural PS
CCTV00577_3,Karwar Rural PS - Bank CCTV,550,Uttara Kannada,5486,Siddapur,220700.0,Hasaragod,603560,Halegouri,14.807757530072214,74.12992252706168,Bank,100,Active,Karwar Rural PS
CCTV00577_4,Karwar Rural PS - Railway Station CCTV,550,Uttara Kannada,5487,Honavar,220636.0,Melin Idgunji,603783,Molkod,14.809956464838603,74.1296040515969,Railway Station,100,Active,Karwar Rural PS
CCTV00577_5,Karwar Rural PS - Market CCTV,550,Uttara Kannada,5486,Siddapur,220704.0,Kavanchoor,603676,Kallur,14.808050491045467,74.12941618782081,Market,200,Active,Karwar Rural PS
CCTV00578_1,Karwar Town PS - Market CCTV,550,Uttara Kannada,7064,Dandeli,273197.0,Ambewadi,602755,Vitnal,14.809108680799966,74.12923446177584,Market,200,Active,Karwar Town PS
CCTV00578_2,Karwar Town PS - College CCTV,550,Uttara Kannada,5482,Mundgod,220682.0,Chawdalli,603036,Rayanalli,14.808252036430776,74.12715638079317,College,100,Active,Karwar Town PS
CCTV00578_3,Karwar Town PS - College CCTV,550,Uttara Kannada,5485,Kumta,220678.0,Torke,603423,Torke,14.807439569009182,74.12802654779104,College,150,Active,Karwar Town PS
CCTV00578_4,Karwar Town PS - College CCTV,550,Uttara Kannada,5478,Karwar,220647.0,Devalmakki,602622,Nagekove,14.807721754159589,74.12764623770659,College,150,Active,Karwar Town PS
CCTV00578_5,Karwar Town PS - Bus Stand CCTV,550,Uttara Kannada,5479,Supa,220750.0,Nagoda,602691,Panjeli,14.808202373063441,74.12905113703448,Bus Stand,150,Active,Karwar Town PS
CCTV00579_1,Karwar Traffic PS - Government Hospital CCTV,550,Uttara Kannada,5485,Kumta,220677.0,Santeguli,603505,Kavalodi,14.807430135954009,74.12994517188535,Government Hospital,100,Active,Karwar Traffic PS
CCTV00579_2,Karwar Traffic PS - Government Hospital CCTV,550,Uttara Kannada,5486,Siddapur,220702.0,Itgi,603703,Gunjagod,14.806677658594706,74.1278465491432,Government Hospital,100,Maintenance,Karwar Traffic PS
CCTV00579_3,Karwar Traffic PS - Government Hospital CCTV,550,Uttara Kannada,5486,Siddapur,220694.0,Bedkani,603701,Bhankuli,14.80719234882518,74.12889949578128,Government Hospital,100,Active,Karwar Traffic PS
CCTV00579_4,Karwar Traffic PS - Traffic Junction CCTV,550,Uttara Kannada,5486,Siddapur,220695.0,Bidrakan,603687,Bidarkan,14.809285804450852,74.12923296348,Traffic Junction,100,Maintenance,Karwar Traffic PS
CCTV00579_5,Karwar Traffic PS - Bus Stand CCTV,550,Uttara Kannada,5486,Siddapur,220712.0,Tyagali,603588,Hangarkhanda,14.808189336017065,74.12958247406287,Bus Stand,200,Active,Karwar Traffic PS
CCTV00580_1,Kumta PS - Market CCTV,550,Uttara Kannada,5478,Karwar,220654.0,Kinner,602611,Kinnar,14.428348668895692,74.41998101413323,Market,150,Active,Kumta PS
CCTV00580_2,Kumta PS - Government Hospital CCTV,550,Uttara Kannada,5478,Karwar,220655.0,Majali,602577,Majali,14.428252501095912,74.4187493305539,Government Hospital,100,Maintenance,Kumta PS
CCTV00580_3,Kumta PS - ATM CCTV,550,Uttara Kannada,5488,Bhatkal,220583.0,Belake,603876,Nuz,14.428853554479469,74.4195454624184,ATM,100,Active,Kumta PS
CCTV00581_1,Mallapura PS - College CCTV,550,Uttara Kannada,5486,Siddapur,220700.0,Hasaragod,603561,Hasargod,14.901493266544875,74.33289508803124,College,100,Active,Mallapura PS
CCTV00581_2,Mallapura PS - Market CCTV,550,Uttara Kannada,5479,Supa,220752.0,Pradhani,602708,Amagaon,14.900804227541732,74.33118363996493,Market,100,Active,Mallapura PS
CCTV00581_3,Mallapura PS - ATM CCTV,550,Uttara Kannada,5486,Siddapur,220712.0,Tyagali,603605,Hirekai (Tyagali),14.901449011642473,74.33355394359211,ATM,150,Active,Mallapura PS
CCTV00582_1,Manki PS - Government Hospital CCTV,550,Uttara Kannada,5479,Supa,274155.0,Gangoda,602724,Devulli (Joida),14.185065035293768,74.48772875527513,Government Hospital,100,Active,Manki PS
CCTV00582_2,Manki PS - Government Hospital CCTV,550,Uttara Kannada,5483,Sirsi,220733.0,Kulave,603247,Baroor,14.186140599447274,74.48724943425978,Government Hospital,150,Active,Manki PS
CCTV00582_3,Manki PS - College CCTV,550,Uttara Kannada,5479,Supa,220750.0,Nagoda,602692,Karanjoida,14.184818156257503,74.48565010348521,College,150,Active,Manki PS
CCTV00582_4,Manki PS - Traffic Junction CCTV,550,Uttara Kannada,7064,Dandeli,220598.0,Alur,602778,Kariyampali,14.185178735389552,74.48701283855455,Traffic Junction,150,Maintenance,Manki PS
CCTV00583_1,Mundgod PS - Government Hospital CCTV,550,Uttara Kannada,5487,Honavar,220618.0,Balkoor,603756,Kelgin-Mannige,14.620629774707263,74.82609687468509,Government Hospital,100,Maintenance,Mundgod PS
CCTV00583_2,Mundgod PS - Market CCTV,550,Uttara Kannada,5486,Siddapur,220701.0,Heggarani,603552,Hostot,14.622905646015937,74.82704539563501,Market,100,Active,Mundgod PS
CCTV00583_3,Mundgod PS - College CCTV,550,Uttara Kannada,5482,Mundgod,220685.0,Hungund,603015,Hungunda,14.622000405045977,74.82584525647587,College,200,Maintenance,Mundgod PS
CCTV00583_4,Mundgod PS - Railway Station CCTV,550,Uttara Kannada,5486,Siddapur,220699.0,Halgeri,603667,Padavanbail,14.621690761234104,74.82587371367927,Railway Station,200,Active,Mundgod PS
CCTV00583_5,Mundgod PS - ATM CCTV,550,Uttara Kannada,5487,Honavar,220635.0,Mavinkurve,603784,Hosad,14.622033217879284,74.8270672816227,ATM,100,Active,Mundgod PS
CCTV00584_1,Murudeshwar PS - School CCTV,550,Uttara Kannada,5479,Supa,220751.0,Nandigadde,602742,Shevali,14.08923076967008,74.49120173917966,School,100,Active,Murudeshwar PS
CCTV00584_2,Murudeshwar PS - Government Hospital CCTV,550,Uttara Kannada,5479,Supa,220742.0,Anshi,602717,Nujji,14.091067257895814,74.4920242032667,Government Hospital,200,Maintenance,Murudeshwar PS
CCTV00584_3,Murudeshwar PS - Government Hospital CCTV,550,Uttara Kannada,5485,Kumta,,,938839,Chikkoli,14.091237697309317,74.49245121399547,Government Hospital,200,Maintenance,Murudeshwar PS
CCTV00584_4,Murudeshwar PS - Bus Stand CCTV,550,Uttara Kannada,5486,Siddapur,220696.0,Bilgi,603649,Bilgi,14.089504684073814,74.49326058729336,Bus Stand,200,Active,Murudeshwar PS
CCTV00584_5,Murudeshwar PS - Government Hospital CCTV,550,Uttara Kannada,5488,Bhatkal,220591.0,Marukeri,603841,Antravalli,14.091865660993156,74.49219473029775,Government Hospital,200,Active,Murudeshwar PS
CCTV00584_6,Murudeshwar PS - Railway Station CCTV,550,Uttara Kannada,5483,Sirsi,220736.0,Shivalli,603170,Hakkigadde,14.091625458474287,74.49200996341914,Railway Station,200,Maintenance,Murudeshwar PS
CCTV00585_1,New Market PS - Bus Stand CCTV,550,Uttara Kannada,5481,Yellapur,220761.0,Kampli,602957,Kampli,14.539990880440264,75.0198815353738,Bus Stand,200,Active,New Market PS
CCTV00585_2,New Market PS - Bank CCTV,550,Uttara Kannada,5484,Ankola,220573.0,Dongri,603356,Kalleshwar,14.541617202019768,75.01976170518098,Bank,150,Active,New Market PS
CCTV00585_3,New Market PS - College CCTV,550,Uttara Kannada,5484,Ankola,220564.0,Agragone,603377,Hegre,14.541818820333635,75.02007844002506,College,200,Active,New Market PS
CCTV00585_4,New Market PS - Traffic Junction CCTV,550,Uttara Kannada,5483,Sirsi,220718.0,Bankanaal,603270,Ummadi,14.539875737166245,75.02182492986564,Traffic Junction,100,Active,New Market PS
CCTV00585_5,New Market PS - ATM CCTV,550,Uttara Kannada,5486,Siddapur,220699.0,Halgeri,603669,Husur,14.540089693348532,75.01930010763054,ATM,100,Active,New Market PS
CCTV00586_1,Ramnagar PS - Railway Station CCTV,550,Uttara Kannada,5483,Sirsi,220717.0,Bandal,603166,Hosur,15.422661852752034,74.48981799879998,Railway Station,100,Active,Ramnagar PS
CCTV00586_2,Ramnagar PS - ATM CCTV,550,Uttara Kannada,5487,Honavar,220621.0,Hadinbal,603788,Hadinbal,15.423481812478398,74.4868886160529,ATM,200,Maintenance,Ramnagar PS
CCTV00586_3,Ramnagar PS - Bank CCTV,550,Uttara Kannada,5480,Haliyal,220609.0,Kesarolli,602812,Siddapur,15.424566760805662,74.48924690599493,Bank,100,Active,Ramnagar PS
CCTV00586_4,Ramnagar PS - Bank CCTV,550,Uttara Kannada,5485,Kumta,220664.0,Devagiri,603488,Horbhag,15.422305774321222,74.48853700112466,Bank,200,Active,Ramnagar PS
CCTV00587_1,Siddapura PS - Government Office CCTV,550,Uttara Kannada,5480,Haliyal,220614.0,Sambrani,602819,Sambrani,12.94013868143015,77.59271382375887,Government Office,200,Active,Siddapura PS
CCTV00587_2,Siddapura PS - Bus Stand CCTV,550,Uttara Kannada,5481,Yellapur,220767.0,Nandolli,938859,Hitlakaragadde,12.939586408530241,77.59338640620736,Bus Stand,200,Active,Siddapura PS
CCTV00587_3,Siddapura PS - Bank CCTV,550,Uttara Kannada,5479,Supa,220743.0,Asu,602657,Boregali,12.9383031264261,77.5935401263036,Bank,150,Active,Siddapura PS
CCTV00587_4,Siddapura PS - Market CCTV,550,Uttara Kannada,5485,Kumta,,,938841,Hale Heravatta,12.93912141465743,77.59368933847915,Market,150,Active,Siddapura PS
CCTV00588_1,Sirsi Rural PS - Market CCTV,550,Uttara Kannada,5483,Sirsi,220721.0,Bisalkoppa,603253,Wadgeri,14.61866875356569,74.84193779580598,Market,100,Maintenance,Sirsi Rural PS
CCTV00588_2,Sirsi Rural PS - Market CCTV,550,Uttara Kannada,5483,Sirsi,220732.0,Kodnagadde,603097,Kalgadde Kanchigadde,14.61810151637936,74.84029323715086,Market,150,Active,Sirsi Rural PS
CCTV00588_3,Sirsi Rural PS - Railway Station CCTV,550,Uttara Kannada,5488,Bhatkal,220583.0,Belake,603856,Belke,14.617286318827185,74.84046956576277,Railway Station,200,Active,Sirsi Rural PS
CCTV00588_4,Sirsi Rural PS - Bus Stand CCTV,550,Uttara Kannada,5478,Karwar,,,938832,Katinakona,14.61780080919987,74.8405343416085,Bus Stand,100,Active,Sirsi Rural PS
CCTV00589_1,Sirsi Town PS - School CCTV,550,Uttara Kannada,5483,Sirsi,220734.0,Neggu,603202,Bappanalli,14.622030545957783,74.84116364458245,School,100,Maintenance,Sirsi Town PS
CCTV00589_2,Sirsi Town PS - Railway Station CCTV,550,Uttara Kannada,5487,Honavar,220623.0,Hereangadi,603804,Kelgina-Mudkani,14.620358129718188,74.84061719346582,Railway Station,150,Active,Sirsi Town PS
CCTV00589_3,Sirsi Town PS - Bank CCTV,550,Uttara Kannada,5480,Haliyal,220605.0,Gundolli,602816,Arshingeri,14.621051321567618,74.84053723249555,Bank,200,Active,Sirsi Town PS
CCTV00589_4,Sirsi Town PS - Bus Stand CCTV,550,Uttara Kannada,5479,Supa,220748.0,Castle Rock (Kalamboli),602639,Kalambuli,14.619912574859805,74.84014691641227,Bus Stand,150,Maintenance,Sirsi Town PS
CCTV00590_1,UK CEN Crime PS - School CCTV,550,Uttara Kannada,5485,Kumta,220669.0,Holangadde,603436,Holanagadde(Part),14.809436989512852,74.12838639875774,School,200,Active,UK CEN Crime PS
CCTV00590_2,UK CEN Crime PS - Government Office CCTV,550,Uttara Kannada,5481,Yellapur,220758.0,Hasangi,602964,Devarakallalli,14.807683938229987,74.12570928624953,Government Office,150,Active,UK CEN Crime PS
CCTV00590_3,UK CEN Crime PS - School CCTV,550,Uttara Kannada,5483,Sirsi,220734.0,Neggu,603200,Neggu,14.806894785461678,74.12760728551129,School,150,Active,UK CEN Crime PS
CCTV00590_4,UK CEN Crime PS - Bank CCTV,550,Uttara Kannada,7064,Dandeli,220598.0,Alur,602773,Alur,14.807803226582259,74.12800156771527,Bank,150,Active,UK CEN Crime PS
CCTV00591_1,UK Women PS - Traffic Junction CCTV,550,Uttara Kannada,5481,Yellapur,220756.0,Angod,602892,Baragadde,14.807795332050654,74.12976647066792,Traffic Junction,150,Active,UK Women PS
CCTV00591_2,UK Women PS - Bus Stand CCTV,550,Uttara Kannada,5482,Mundgod,220689.0,Malagi,603088,Haraganalli,14.808608336628408,74.12833812318686,Bus Stand,100,Active,UK Women PS
CCTV00591_3,UK Women PS - Bus Stand CCTV,550,Uttara Kannada,5481,Yellapur,273217.0,Chandhaguli,938862,Sahasralli,14.806973424735304,74.12882589707277,Bus Stand,150,Active,UK Women PS
CCTV00591_4,UK Women PS - Bank CCTV,550,Uttara Kannada,5480,Haliyal,220604.0,Chibbalgeri`,602855,Tegnalli,14.808180033280445,74.12994267361762,Bank,150,Active,UK Women PS
CCTV00591_5,UK Women PS - College CCTV,550,Uttara Kannada,5481,Yellapur,220758.0,Hasangi,602954,Bhomnalli,14.80631547137381,74.12838437629141,College,200,Active,UK Women PS
CCTV00592_1,Yellapura PS - School CCTV,550,Uttara Kannada,5480,Haliyal,220602.0,Bhagvati,602798,Bhagawati,14.96578711609122,74.7117978636915,School,150,Maintenance,Yellapura PS
CCTV00592_2,Yellapura PS - Railway Station CCTV,550,Uttara Kannada,5485,Kumta,220676.0,Nadumaskeri,603412,Bhavikodla,14.965697444554769,74.71288399175229,Railway Station,150,Active,Yellapura PS
CCTV00592_3,Yellapura PS - Railway Station CCTV,550,Uttara Kannada,5479,Supa,220748.0,Castle Rock (Kalamboli),602639,Kalambuli,14.963876521606057,74.71088834767414,Railway Station,150,Active,Yellapura PS
CCTV00592_4,Yellapura PS - Bus Stand CCTV,550,Uttara Kannada,5483,Sirsi,220738.0,Unchalli,603308,Uplekoppa,14.964468902163198,74.71307222708636,Bus Stand,100,Active,Yellapura PS
CCTV00593_1,Adarsh Nagar PS - Government Office CCTV,530,Vijayapura,7069,Babaleshwar,,,599118,Babaleshwar,16.849501572973498,75.71038429824195,Government Office,150,Active,Adarsh Nagar PS
CCTV00593_2,Adarsh Nagar PS - ATM CCTV,530,Vijayapura,7123,Almel,273062.0,Kakkalameli,599331,Basavanagar,16.8509130442204,75.70950414101071,ATM,150,Active,Adarsh Nagar PS
CCTV00593_3,Adarsh Nagar PS - School CCTV,530,Vijayapura,5450,Indi,216579.0,Lalasangi,599276,Rodagi,16.84888119259601,75.71079510556964,School,200,Active,Adarsh Nagar PS
CCTV00593_4,Adarsh Nagar PS - Bus Stand CCTV,530,Vijayapura,7073,Talikoti,216652.0,Kalakeri,599434,Rampur(P.T),16.850349388678705,75.71095016598366,Bus Stand,100,Active,Adarsh Nagar PS
CCTV00594_1,Alamatti PS - Bus Stand CCTV,530,Vijayapura,5453,Muddebihal,216614.0,Kolur,599626,Nebageri,16.342570429158204,75.89806944717431,Bus Stand,200,Active,Alamatti PS
CCTV00594_2,Alamatti PS - Traffic Junction CCTV,530,Vijayapura,5450,Indi,216577.0,Koluragi,599223,Savalsang,16.34412578153809,75.89799140064785,Traffic Junction,100,Active,Alamatti PS
CCTV00594_3,Alamatti PS - Traffic Junction CCTV,530,Vijayapura,7069,Babaleshwar,216544.0,Nidoni,599110,Dasyal,16.34333663196896,75.89701429109222,Traffic Junction,200,Maintenance,Alamatti PS
CCTV00595_1,Almel PS - Government Hospital CCTV,530,Vijayapura,7069,Babaleshwar,216544.0,Nidoni,599124,Tiganibidare,17.089191808058143,76.21962767064679,Government Hospital,150,Active,Almel PS
CCTV00595_2,Almel PS - Railway Station CCTV,530,Vijayapura,5453,Muddebihal,273059.0,Nagarabetta,599664,Nagarabetta,17.090127172113974,76.21765892682114,Railway Station,150,Active,Almel PS
CCTV00595_3,Almel PS - Government Office CCTV,530,Vijayapura,7071,Devara Hipparagi,216499.0,Sathihal,599526,Satihal,17.09064033912195,76.21839360762735,Government Office,100,Active,Almel PS
CCTV00595_4,Almel PS - ATM CCTV,530,Vijayapura,5449,Vijayapura,216546.0,Shivanagi,599093,Indiranagar,17.089816766250877,76.21913382093697,ATM,150,Active,Almel PS
CCTV00596_1,APMC PS - ATM CCTV,530,Vijayapura,7073,Talikoti,216615.0,Konnur,599589,Konnur,16.835599963434394,75.72223273121226,ATM,100,Active,APMC PS
CCTV00596_2,APMC PS - Bus Stand CCTV,530,Vijayapura,7072,Kolhar,216470.0,Arashanagi,599475,Arasangi,16.836677006617773,75.72197738664084,Bus Stand,200,Active,APMC PS
CCTV00596_3,APMC PS - College CCTV,530,Vijayapura,7075,Nidagundi,216476.0,Golasangi,599470,Golasangi,16.83499754740913,75.72240339611662,College,150,Active,APMC PS
CCTV00596_4,APMC PS - Bus Stand CCTV,530,Vijayapura,7123,Almel,216630.0,Bagalur,599321,Kulekumatgi,16.836552218592875,75.7206465637258,Bus Stand,150,Active,APMC PS
CCTV00596_5,APMC PS - School CCTV,530,Vijayapura,7069,Babaleshwar,216516.0,Bolachikkalaki,599128,Katral,16.83566855975454,75.7213822297139,School,100,Active,APMC PS
CCTV00596_6,APMC PS - Bus Stand CCTV,530,Vijayapura,7069,Babaleshwar,216516.0,Bolachikkalaki,599128,Katral,16.83679931583527,75.7205459120535,Bus Stand,200,Active,APMC PS
CCTV00597_1,Babaleshwar PS - Government Hospital CCTV,530,Vijayapura,7073,Talikoti,216615.0,Konnur,599589,Konnur,16.66623179297074,75.58031772557507,Government Hospital,100,Active,Babaleshwar PS
CCTV00597_2,Babaleshwar PS - College CCTV,530,Vijayapura,5453,Muddebihal,216627.0,Yarazari,599611,Mudur,16.66453474475563,75.5799412207541,College,150,Active,Babaleshwar PS
CCTV00597_3,Babaleshwar PS - Government Hospital CCTV,530,Vijayapura,7070,Chadchan,216569.0,Halasangi,599184,Anachi,16.66631567149397,75.5797629255431,Government Hospital,150,Maintenance,Babaleshwar PS
CCTV00597_4,Babaleshwar PS - Market CCTV,530,Vijayapura,7072,Kolhar,216501.0,Telagi,599469,Telgi,16.665596229458885,75.57893004260343,Market,200,Active,Babaleshwar PS
CCTV00597_5,Babaleshwar PS - Government Hospital CCTV,530,Vijayapura,5450,Indi,216579.0,Lalasangi,599264,Lalasangi,16.66479758712938,75.58067215315471,Government Hospital,200,Maintenance,Babaleshwar PS
CCTV00597_6,Babaleshwar PS - Bank CCTV,530,Vijayapura,7073,Talikoti,216629.0,Aski,599442,Neeralgi,16.665221378836023,75.57984842612059,Bank,200,Active,Babaleshwar PS
CCTV00598_1,Basavan Bagewadi PS - Railway Station CCTV,530,Vijayapura,7075,Nidagundi,216471.0,Beeraladinni,599516,Mukartihal,16.485973618434553,75.68678871012713,Railway Station,100,Active,Basavan Bagewadi PS
CCTV00598_2,Basavan Bagewadi PS - Railway Station CCTV,530,Vijayapura,7123,Almel,216651.0,Kadani,599294,Tavarkhed (Old),16.48572554801239,75.68464715301404,Railway Station,150,Active,Basavan Bagewadi PS
CCTV00598_3,Basavan Bagewadi PS - School CCTV,530,Vijayapura,7123,Almel,216657.0,Korahalli,599312,Korhalli,16.48565657663548,75.68506026862366,School,200,Active,Basavan Bagewadi PS
CCTV00599_1,Bijapur rural PS - ATM CCTV,530,Vijayapura,5452,Basavana Bagevadi,216489.0,Mannur,599520,Sevalalnagar,16.826664633947058,75.73874077444134,ATM,200,Active,Bijapur rural PS
CCTV00599_2,Bijapur rural PS - Bank CCTV,530,Vijayapura,7075,Nidagundi,216482.0,Itagi,599567,Muddapur,16.82587633840261,75.73900251732333,Bank,150,Active,Bijapur rural PS
CCTV00599_3,Bijapur rural PS - Market CCTV,530,Vijayapura,7071,Devara Hipparagi,216658.0,Korawar,599410,Korwar,16.827211967590404,75.74003863676073,Market,200,Active,Bijapur rural PS
CCTV00599_4,Bijapur rural PS - School CCTV,530,Vijayapura,5450,Indi,,,939209,Udayanagar,16.82611121129834,75.73925389414727,School,200,Maintenance,Bijapur rural PS
CCTV00600_1,Bijapur Traffic PS - Bank CCTV,530,Vijayapura,5450,Indi,216583.0,Nada. Kd,599272,Naad[B.K.],16.82858860533015,75.71524724118666,Bank,150,Maintenance,Bijapur Traffic PS
CCTV00600_2,Bijapur Traffic PS - Government Office CCTV,530,Vijayapura,7073,Talikoti,273058.0,Bommanahalli,599714,Maskanal,16.827136801619393,75.71455393232422,Government Office,200,Active,Bijapur Traffic PS
CCTV00600_3,Bijapur Traffic PS - School CCTV,530,Vijayapura,7071,Devara Hipparagi,216650.0,Jalawad,599406,Ibrahimpur,16.828505080150773,75.71593072489122,School,200,Active,Bijapur Traffic PS
CCTV00600_4,Bijapur Traffic PS - Market CCTV,530,Vijayapura,7070,Chadchan,216595.0,Kerur,599178,Taddewadi,16.829183625600873,75.71379821007993,Market,100,Active,Bijapur Traffic PS
CCTV00600_5,Bijapur Traffic PS - Traffic Junction CCTV,530,Vijayapura,7073,Talikoti,216652.0,Kalakeri,599433,Kalkeri,16.827944486834188,75.71604565459046,Traffic Junction,200,Active,Bijapur Traffic PS
CCTV00601_1,Chadachan PS - Bank CCTV,530,Vijayapura,7069,Babaleshwar,216525.0,Honaganhalli,599116,Savanalli,17.31016048572688,75.66885299497086,Bank,150,Maintenance,Chadachan PS
CCTV00601_2,Chadachan PS - Bus Stand CCTV,530,Vijayapura,5451,Sindgi,216648.0,Honnalli,599389,Honnalli,17.312476039219174,75.66748624883645,Bus Stand,150,Active,Chadachan PS
CCTV00601_3,Chadachan PS - Government Hospital CCTV,530,Vijayapura,7123,Almel,216642.0,Gabbasavalagi,599327,Aheri,17.3106100479996,75.66705853224366,Government Hospital,100,Active,Chadachan PS
CCTV00601_4,Chadachan PS - Market CCTV,530,Vijayapura,5451,Sindgi,216667.0,Yaragal .Bk,599358,Byalihal,17.312564097011705,75.66805354673134,Market,150,Active,Chadachan PS
CCTV00601_5,Chadachan PS - Market CCTV,530,Vijayapura,5452,Basavana Bagevadi,216484.0,Kanakal,599556,Kannal,17.31114317714052,75.66900170754555,Market,200,Active,Chadachan PS
CCTV00601_6,Chadachan PS - College CCTV,530,Vijayapura,7075,Nidagundi,216504.0,Vandal,599487,Wandal,17.31167695262953,75.66785170499,College,200,Active,Chadachan PS
CCTV00602_1,Devara Hipparagi PS - School CCTV,530,Vijayapura,7071,Devara Hipparagi,216656.0,Kondaguli,599428,Nagaral Don,16.816406173272174,76.06303744193805,School,200,Active,Devara Hipparagi PS
CCTV00602_2,Devara Hipparagi PS - College CCTV,530,Vijayapura,7070,Chadchan,216569.0,Halasangi,599184,Anachi,16.816856632031808,76.06393558535179,College,200,Active,Devara Hipparagi PS
CCTV00602_3,Devara Hipparagi PS - Government Office CCTV,530,Vijayapura,7074,Tikota,216552.0,Torvi,599060,Navarasapur (Part),16.818883857761495,76.06398915088444,Government Office,200,Active,Devara Hipparagi PS
CCTV00602_4,Devara Hipparagi PS - Railway Station CCTV,530,Vijayapura,7072,Kolhar,216493.0,Mulawad,599443,Mulawad,16.817877196426124,76.06185030021255,Railway Station,200,Maintenance,Devara Hipparagi PS
CCTV00602_5,Devara Hipparagi PS - Railway Station CCTV,530,Vijayapura,5450,Indi,216581.0,Masali.Bk,599285,Masali[B.K.],16.81750531874239,76.06181915000093,Railway Station,200,Active,Devara Hipparagi PS
CCTV00602_6,Devara Hipparagi PS - Bus Stand CCTV,530,Vijayapura,5452,Basavana Bagevadi,216474.0,Dindawar,599530,Utnal,16.819236165662502,76.0632311725569,Bus Stand,150,Active,Devara Hipparagi PS
CCTV00603_1,Gandhi Chowk PS - Government Hospital CCTV,530,Vijayapura,5450,Indi,216562.0,Benakanhalli,599289,Kenginal,16.828085873561683,75.71482152380274,Government Hospital,100,Active,Gandhi Chowk PS
CCTV00603_2,Gandhi Chowk PS - School CCTV,530,Vijayapura,7075,Nidagundi,216479.0,Hebbal,599519,Hebbal,16.828216004425403,75.71444429136724,School,100,Active,Gandhi Chowk PS
CCTV00603_3,Gandhi Chowk PS - Bus Stand CCTV,530,Vijayapura,5453,Muddebihal,216622.0,Rakkasagi,599641,Hunakunti,16.82773678253381,75.7150967728848,Bus Stand,150,Maintenance,Gandhi Chowk PS
CCTV00603_4,Gandhi Chowk PS - College CCTV,530,Vijayapura,5450,Indi,216583.0,Nada. Kd,599272,Naad[B.K.],16.827498883333902,75.71481579721626,College,200,Active,Gandhi Chowk PS
CCTV00603_5,Gandhi Chowk PS - Bus Stand CCTV,530,Vijayapura,7073,Talikoti,216498.0,Sasanur,599540,Somnal,16.829366684227995,75.71373436753808,Bus Stand,150,Active,Gandhi Chowk PS
CCTV00604_1,Golgumbaz PS - School CCTV,530,Vijayapura,7123,Almel,216659.0,Malaghan,599325,Malaghan,16.825537828926226,75.73832391005276,School,150,Active,Golgumbaz PS
CCTV00604_2,Golgumbaz PS - Bus Stand CCTV,530,Vijayapura,7073,Talikoti,216652.0,Kalakeri,599433,Kalkeri,16.825225552658036,75.73813790110864,Bus Stand,200,Active,Golgumbaz PS
CCTV00604_3,Golgumbaz PS - Railway Station CCTV,530,Vijayapura,5449,Vijayapura,216540.0,Madabhavi,599087,Madhabhavi,16.82625563812046,75.73806114979273,Railway Station,100,Active,Golgumbaz PS
CCTV00605_1,Hortti PS - Railway Station CCTV,530,Vijayapura,7069,Babaleshwar,216538.0,Kumathe,599108,Kumathe,17.1169021269037,75.78569543427926,Railway Station,100,Active,Hortti PS
CCTV00605_2,Hortti PS - Bus Stand CCTV,530,Vijayapura,7074,Tikota,216537.0,Kotyal,599052,Kotyal,17.119202133152935,75.78352777766621,Bus Stand,200,Active,Hortti PS
CCTV00605_3,Hortti PS - Railway Station CCTV,530,Vijayapura,5449,Vijayapura,216540.0,Madabhavi,599098,Kaulagi,17.11732877304146,75.78370214296808,Railway Station,200,Maintenance,Hortti PS
CCTV00605_4,Hortti PS - Government Office CCTV,530,Vijayapura,5451,Sindgi,273061.0,Hikkanagutti,599344,Bableshwar,17.119008736578536,75.78380733863166,Government Office,100,Active,Hortti PS
CCTV00605_5,Hortti PS - Government Office CCTV,530,Vijayapura,7074,Tikota,216530.0,Jalageri,599036,Yatnal,17.118355754139507,75.7855934825467,Government Office,200,Maintenance,Hortti PS
CCTV00606_1,Indi PS - College CCTV,530,Vijayapura,5453,Muddebihal,216604.0,Bijjur,599682,Sultanpur,17.17662157686169,75.95481020379215,College,200,Active,Indi PS
CCTV00606_2,Indi PS - College CCTV,530,Vijayapura,7069,Babaleshwar,216538.0,Kumathe,599109,Nagaral,17.17676917916738,75.95385174120935,College,150,Active,Indi PS
CCTV00606_3,Indi PS - Railway Station CCTV,530,Vijayapura,7075,Nidagundi,216504.0,Vandal,599484,Hunashyal (P.C.),17.176613588010586,75.9553627037953,Railway Station,150,Active,Indi PS
CCTV00607_1,Indi Rural PS - Government Office CCTV,530,Vijayapura,5452,Basavana Bagevadi,216503.0,Vadavadagi,599538,Nandihal (P.H.),17.17708552893827,75.9527619891141,Government Office,150,Active,Indi Rural PS
CCTV00607_2,Indi Rural PS - Railway Station CCTV,530,Vijayapura,5453,Muddebihal,273059.0,Nagarabetta,599663,Mavinbhavi,17.176931661364105,75.95557552656197,Railway Station,200,Active,Indi Rural PS
CCTV00607_3,Indi Rural PS - Railway Station CCTV,530,Vijayapura,5450,Indi,216596.0,Zalaki,599207,Arajanal,17.17759240033679,75.95560669935158,Railway Station,100,Maintenance,Indi Rural PS
CCTV00608_1,Jalanagar PS - College CCTV,530,Vijayapura,7069,Babaleshwar,216519.0,Gunadal,599140,Kengalagutti,16.805403776763143,75.72625976832524,College,200,Active,Jalanagar PS
CCTV00608_2,Jalanagar PS - School CCTV,530,Vijayapura,7075,Nidagundi,273044.0,Benala R.C,599490,Marimatti R.C,16.805612033561918,75.72733087695914,School,100,Active,Jalanagar PS
CCTV00608_3,Jalanagar PS - Market CCTV,530,Vijayapura,5453,Muddebihal,216605.0,Dhavalagi,599585,Dhavalagi,16.807614053638396,75.72659762566383,Market,200,Maintenance,Jalanagar PS
CCTV00608_4,Jalanagar PS - Railway Station CCTV,530,Vijayapura,5450,Indi,216568.0,Hadalasang,599220,Sonakanahalli,16.807687624215053,75.7262398034137,Railway Station,100,Active,Jalanagar PS
CCTV00608_5,Jalanagar PS - Bus Stand CCTV,530,Vijayapura,5450,Indi,216568.0,Hadalasang,599222,Vijayanagar,16.807251874846756,75.72782654728807,Bus Stand,100,Active,Jalanagar PS
CCTV00608_6,Jalanagar PS - Bus Stand CCTV,530,Vijayapura,5449,Vijayapura,216531.0,Jambagi (A),599079,Honnalli,16.807922917955803,75.72526317410448,Bus Stand,150,Active,Jalanagar PS
CCTV00609_1,Kalkeri PS - Bus Stand CCTV,530,Vijayapura,7075,Nidagundi,273045.0,Gani R.C,599479,Majarekoppa (R.C),16.67133811251528,76.30952256230366,Bus Stand,100,Active,Kalkeri PS
CCTV00609_2,Kalkeri PS - Government Office CCTV,530,Vijayapura,5453,Muddebihal,216598.0,Alur,599637,Bailkur,16.67023795277605,76.3083093744204,Government Office,100,Maintenance,Kalkeri PS
CCTV00609_3,Kalkeri PS - Market CCTV,530,Vijayapura,5453,Muddebihal,216617.0,Madikeshwar,599596,Handral,16.670734710743574,76.30761461102213,Market,150,Active,Kalkeri PS
CCTV00609_4,Kalkeri PS - Government Hospital CCTV,530,Vijayapura,7070,Chadchan,216574.0,Inchageri,599196,Mahaveernagar,16.672078703404814,76.30781624839722,Government Hospital,100,Active,Kalkeri PS
CCTV00610_1,Kolhar PS - Government Hospital CCTV,530,Vijayapura,7075,Nidagundi,273045.0,Gani R.C,599481,Akalwadi,16.48543177116233,75.68714180000418,Government Hospital,150,Active,Kolhar PS
CCTV00610_2,Kolhar PS - Railway Station CCTV,530,Vijayapura,7073,Talikoti,216625.0,Tumbagi,599699,Fatepur P.Talikoti,16.48588013781919,75.68748357941601,Railway Station,150,Maintenance,Kolhar PS
CCTV00610_3,Kolhar PS - Bank CCTV,530,Vijayapura,7072,Kolhar,216478.0,Hanamapur,599464,Hanamapur,16.484917262350937,75.68690541068774,Bank,100,Active,Kolhar PS
CCTV00610_4,Kolhar PS - Government Office CCTV,530,Vijayapura,7069,Babaleshwar,216511.0,Arjungi,599123,Hokkundi,16.486693605082266,75.68501107124635,Government Office,200,Active,Kolhar PS
CCTV00611_1,Managoli PS - Bus Stand CCTV,530,Vijayapura,7073,Talikoti,216601.0,Bavur,599597,Vanahalli,16.64930421441166,75.81568489647289,Bus Stand,100,Active,Managoli PS
CCTV00611_2,Managoli PS - College CCTV,530,Vijayapura,5451,Sindgi,216643.0,Golageri,599384,Chikka-Allapur,16.647194596322898,75.8180149576293,College,200,Active,Managoli PS
CCTV00611_3,Managoli PS - Government Office CCTV,530,Vijayapura,7073,Talikoti,216601.0,Bavur,599599,Kuchabal,16.64953708045727,75.81641196185276,Government Office,100,Active,Managoli PS
CCTV00611_4,Managoli PS - Bus Stand CCTV,530,Vijayapura,7123,Almel,216657.0,Korahalli,599314,Uchitnavadgi,16.648078373222717,75.81826061979227,Bus Stand,100,Active,Managoli PS
CCTV00611_5,Managoli PS - Market CCTV,530,Vijayapura,5449,Vijayapura,273048.0,Kumatagi,599096,Kumatagi,16.64956194512097,75.81796088895783,Market,150,Active,Managoli PS
CCTV00612_1,Muddebihal PS - ATM CCTV,530,Vijayapura,7075,Nidagundi,216473.0,Chimmalagi,599482,Seekalwadi,16.3482514921667,76.12850430245965,ATM,150,Maintenance,Muddebihal PS
CCTV00612_2,Muddebihal PS - Railway Station CCTV,530,Vijayapura,5449,Vijayapura,216535.0,Kannur,599061,Madasanal,16.349789377221295,76.12778886176135,Railway Station,150,Maintenance,Muddebihal PS
CCTV00612_3,Muddebihal PS - School CCTV,530,Vijayapura,5450,Indi,216577.0,Koluragi,599224,Koluragi,16.35011651462134,76.12860299000732,School,200,Active,Muddebihal PS
CCTV00613_1,Nidagundi PS - ATM CCTV,530,Vijayapura,5449,Vijayapura,216550.0,Tidagundi,599066,Domanal,16.365336943530078,75.92855260204217,ATM,150,Active,Nidagundi PS
CCTV00613_2,Nidagundi PS - Railway Station CCTV,530,Vijayapura,5450,Indi,216579.0,Lalasangi,599276,Rodagi,16.364927406831388,75.92768365962264,Railway Station,100,Active,Nidagundi PS
CCTV00613_3,Nidagundi PS - Bus Stand CCTV,530,Vijayapura,5452,Basavana Bagevadi,216475.0,Donur,599497,Yambatnal,16.363186169091303,75.9274177393965,Bus Stand,150,Active,Nidagundi PS
CCTV00613_4,Nidagundi PS - Bank CCTV,530,Vijayapura,5453,Muddebihal,216607.0,Hiremural,599655,Aremural,16.364605954641032,75.92835046595061,Bank,200,Active,Nidagundi PS
CCTV00614_1,Sindagi PS - Market CCTV,530,Vijayapura,5449,Vijayapura,216546.0,Shivanagi,599093,Indiranagar,16.922420462299797,76.2313079742193,Market,100,Active,Sindagi PS
CCTV00614_2,Sindagi PS - College CCTV,530,Vijayapura,5451,Sindgi,273061.0,Hikkanagutti,599341,Hikkangutti,16.92036420152341,76.23310329863367,College,100,Active,Sindagi PS
CCTV00614_3,Sindagi PS - Market CCTV,530,Vijayapura,5453,Muddebihal,216612.0,Kavadimatti,599656,Sarur,16.92169656563138,76.23171766392004,Market,150,Active,Sindagi PS
CCTV00614_4,Sindagi PS - Railway Station CCTV,530,Vijayapura,7070,Chadchan,216571.0,Hattalli,599169,Hatta Halli,16.921523501390986,76.23040686985506,Railway Station,150,Active,Sindagi PS
CCTV00614_5,Sindagi PS - Traffic Junction CCTV,530,Vijayapura,7075,Nidagundi,216470.0,Arashanagi,599474,Sulakhod,16.922719618102146,76.23022906015022,Traffic Junction,100,Active,Sindagi PS
CCTV00615_1,Talikot PS - Market CCTV,530,Vijayapura,5452,Basavana Bagevadi,216494.0,Muttagi,599512,Takkalki,16.481059285749627,76.31111144104706,Market,150,Maintenance,Talikot PS
CCTV00615_2,Talikot PS - School CCTV,530,Vijayapura,7072,Kolhar,216487.0,Malaghan,599458,Asangi (K.D.),16.478546002595525,76.31089454154163,School,100,Active,Talikot PS
CCTV00615_3,Talikot PS - Railway Station CCTV,530,Vijayapura,7075,Nidagundi,216504.0,Vandal,599487,Wandal,16.481169733939826,76.310231473892,Railway Station,200,Active,Talikot PS
CCTV00616_1,Tikota PS - College CCTV,530,Vijayapura,5450,Indi,216557.0,Atharga,599242,Atharga,16.84584574288375,75.51774146875914,College,100,Active,Tikota PS
CCTV00616_2,Tikota PS - Government Office CCTV,530,Vijayapura,7069,Babaleshwar,216525.0,Honaganhalli,599115,Honaganahalli,16.844254732322415,75.51693607136143,Government Office,100,Active,Tikota PS
CCTV00616_3,Tikota PS - School CCTV,530,Vijayapura,7123,Almel,216657.0,Korahalli,599313,Madari,16.84596197702512,75.51735880921221,School,150,Active,Tikota PS
CCTV00616_4,Tikota PS - Market CCTV,530,Vijayapura,5452,Basavana Bagevadi,216491.0,Masabinal,599505,Masabinal,16.8432365271057,75.51700262739165,Market,200,Active,Tikota PS
CCTV00616_5,Tikota PS - Market CCTV,530,Vijayapura,5449,Vijayapura,216535.0,Kannur,599061,Madasanal,16.844486217874014,75.51710843876091,Market,150,Active,Tikota PS
CCTV00617_1,Vijayapur CEN Crime PS - Bus Stand CCTV,530,Vijayapura,7073,Talikoti,216601.0,Bavur,599599,Kuchabal,16.834033510219133,75.70701740685148,Bus Stand,200,Active,Vijayapur CEN Crime PS
CCTV00617_2,Vijayapur CEN Crime PS - Bank CCTV,530,Vijayapura,5452,Basavana Bagevadi,216503.0,Vadavadagi,599538,Nandihal (P.H.),16.833235259136348,75.7078154093174,Bank,100,Active,Vijayapur CEN Crime PS
CCTV00617_3,Vijayapur CEN Crime PS - Railway Station CCTV,530,Vijayapura,5449,Vijayapura,216524.0,Hittanahalli,599106,Chintamaninagar,16.833676323981873,75.70710031223804,Railway Station,200,Maintenance,Vijayapur CEN Crime PS
CCTV00617_4,Vijayapur CEN Crime PS - Traffic Junction CCTV,530,Vijayapura,7123,Almel,216641.0,Devar Navadagi,599301,Kumashigi,16.83309693078025,75.70879177510167,Traffic Junction,100,Active,Vijayapur CEN Crime PS
CCTV00617_5,Vijayapur CEN Crime PS - ATM CCTV,530,Vijayapura,5452,Basavana Bagevadi,216477.0,H.Hipparagi,599549,Huvinahippargi,16.83376958033681,75.70659797891207,ATM,200,Maintenance,Vijayapur CEN Crime PS
CCTV00618_1,Vijayapura Women PS - Government Hospital CCTV,530,Vijayapura,5452,Basavana Bagevadi,216495.0,Narasalagi,599523,Ivanagi,16.82855822918159,75.71411874265357,Government Hospital,100,Active,Vijayapura Women PS
CCTV00618_2,Vijayapura Women PS - College CCTV,530,Vijayapura,5449,Vijayapura,216550.0,Tidagundi,599067,Bommanalli,16.82827876298369,75.71454149721013,College,100,Active,Vijayapura Women PS
CCTV00618_3,Vijayapura Women PS - Market CCTV,530,Vijayapura,7070,Chadchan,216574.0,Inchageri,599197,Inchageri,16.82965144570564,75.71399511079164,Market,200,Active,Vijayapura Women PS
CCTV00618_4,Vijayapura Women PS - ATM CCTV,530,Vijayapura,5451,Sindgi,216645.0,Handiganur,599379,Bastihal,16.82838530227353,75.71369553974473,ATM,100,Active,Vijayapura Women PS
CCTV00618_5,Vijayapura Women PS - Government Hospital CCTV,530,Vijayapura,5451,Sindgi,216635.0,Byakod,599375,Banahatti(P.A),16.82762151819777,75.71609302536935,Government Hospital,150,Active,Vijayapura Women PS
CCTV00619_1,Zalaki PS - College CCTV,530,Vijayapura,7073,Talikoti,216633.0,Bekinal,599440,Jalpur,17.25007702495103,75.8021701265885,College,100,Active,Zalaki PS
CCTV00619_2,Zalaki PS - Bus Stand CCTV,530,Vijayapura,7072,Kolhar,216501.0,Telagi,599468,Cheeraldinni,17.25298297527144,75.80271954238842,Bus Stand,200,Maintenance,Zalaki PS
CCTV00619_3,Zalaki PS - Bank CCTV,530,Vijayapura,5451,Sindgi,216637.0,Chattaraki,599366,Somapur,17.25158829302998,75.80190023750326,Bank,150,Active,Zalaki PS
CCTV00620_1,Agali PS - College CCTV,527,Belagavi,5435,Raybag,216089.0,Koligudda,597390,Koligudda,16.777997008704705,75.25009814674861,College,200,Active,Agali PS
CCTV00620_2,Agali PS - Government Office CCTV,527,Belagavi,5433,Chikodi,215796.0,Jagnur,597244,Jaganur,16.77987365718131,75.24999027324468,Government Office,100,Active,Agali PS
CCTV00620_3,Agali PS - College CCTV,527,Belagavi,5439,Khanapur,215958.0,Halaga,597988,Hattarwad,16.78088276261696,75.24921485538228,College,150,Maintenance,Agali PS
CCTV00620_4,Agali PS - School CCTV,527,Belagavi,7043,Kittur,215771.0,Turmari,598080,Turamari,16.780779136218293,75.24917627493096,School,150,Active,Agali PS
CCTV00621_1,Ankalgi PS - College CCTV,527,Belagavi,7043,Kittur,215746.0,Hirenandihalli,598095,Chikkanadihalli,16.052498771293077,74.51617352720302,College,150,Maintenance,Ankalgi PS
CCTV00621_2,Ankalgi PS - Market CCTV,527,Belagavi,5440,Bailahongala,215764.0,Pattihal K.B,598143,Pattihal K.B.,16.05142424270186,74.51635157829878,Market,200,Maintenance,Ankalgi PS
CCTV00621_3,Ankalgi PS - Bank CCTV,527,Belagavi,5439,Khanapur,215991.0,Shindolli,597938,Gangawali,16.05102692982008,74.51799217760633,Bank,100,Maintenance,Ankalgi PS
CCTV00621_4,Ankalgi PS - Bus Stand CCTV,527,Belagavi,5435,Raybag,216103.0,Savsuddi,597405,Savasuddi,16.051629391827397,74.51638311543235,Bus Stand,200,Active,Ankalgi PS
CCTV00621_5,Ankalgi PS - Traffic Junction CCTV,527,Belagavi,5434,Athni,215649.0,Muragundi,597298,Masarguppi,16.051412471256114,74.51818676974507,Traffic Junction,100,Active,Ankalgi PS
CCTV00622_1,Ankali PS - Market CCTV,527,Belagavi,5440,Bailahongala,215774.0,Vakkund,598126,Korvikoppa,16.54049465590275,74.67129908162747,Market,100,Active,Ankali PS
CCTV00622_2,Ankali PS - Bank CCTV,527,Belagavi,5440,Bailahongala,215732.0,Bhavihal,598048,Bhavihal,16.541693217875284,74.66933402964398,Bank,150,Active,Ankali PS
CCTV00622_3,Ankali PS - Market CCTV,527,Belagavi,5435,Raybag,216080.0,Handigund,597412,Handigund,16.54045304090385,74.67067716512271,Market,100,Active,Ankali PS
CCTV00622_4,Ankali PS - Railway Station CCTV,527,Belagavi,5442,Ramdurg,216063.0,Nandhihal,598323,Shirasapur,16.539530080285125,74.66966375477509,Railway Station,150,Maintenance,Ankali PS
CCTV00622_5,Ankali PS - Government Hospital CCTV,527,Belagavi,5438,Belagavi,215705.0,Mandoli,597727,Mandoli,16.541697764491378,74.67034602568492,Government Hospital,100,Active,Ankali PS
CCTV00623_1,Athani PS - Government Office CCTV,527,Belagavi,5437,Hukkeri,215923.0,Kurani,597581,Kurniwadi,16.77814987427636,75.25015989161643,Government Office,150,Active,Athani PS
CCTV00623_2,Athani PS - School CCTV,527,Belagavi,5438,Belagavi,215710.0,Muthnal,597791,Mutnal,16.778073560096875,75.24853444981812,School,100,Active,Athani PS
CCTV00623_3,Athani PS - Government Hospital CCTV,527,Belagavi,7043,Kittur,215750.0,Kalabhavi,598086,Kotabagi,16.780382166213457,75.2500292063021,Government Hospital,150,Active,Athani PS
CCTV00623_4,Athani PS - Bus Stand CCTV,527,Belagavi,5441,Savadatti,216018.0,Mallur,598216,Mallur,16.7793240731856,75.2487860980978,Bus Stand,100,Active,Athani PS
CCTV00623_5,Athani PS - Traffic Junction CCTV,527,Belagavi,5437,Hukkeri,215902.0,Borgal,597565,Amminbhavi,16.779639450473933,75.25097046443508,Traffic Junction,150,Active,Athani PS
CCTV00624_1,Bailahongal PS - ATM CCTV,527,Belagavi,5441,Savadatti,216024.0,Sangreshkop,598241,Yadahalli,15.819711636617576,74.8634319610423,ATM,150,Maintenance,Bailahongal PS
CCTV00624_2,Bailahongal PS - ATM CCTV,527,Belagavi,7195,Yaragatti,216028.0,Soppadla,598164,Korakoppa,15.81853341564131,74.86220975779256,ATM,200,Active,Bailahongal PS
CCTV00624_3,Bailahongal PS - Government Office CCTV,527,Belagavi,5440,Bailahongala,215751.0,Kenganur,598138,Lingadahalli,15.81903646689444,74.8622557134082,Government Office,100,Active,Bailahongal PS
CCTV00624_4,Bailahongal PS - Government Office CCTV,527,Belagavi,7099,Mudalgi,215844.0,Avaradi,597512,Venkatapur,15.818705793844028,74.86151752544382,Government Office,150,Active,Bailahongal PS
CCTV00624_5,Bailahongal PS - Government Hospital CCTV,527,Belagavi,5437,Hukkeri,215910.0,Hittani,597545,Shippur,15.817504829326298,74.8629962131002,Government Hospital,150,Maintenance,Bailahongal PS
CCTV00625_1,Basaweshwar Chowk PS - Government Hospital CCTV,527,Belagavi,5442,Ramdurg,216047.0,Haletorgal,598371,Maganur,16.410444735256167,74.37766127409922,Government Hospital,200,Active,Basaweshwar Chowk PS
CCTV00625_2,Basaweshwar Chowk PS - Bus Stand CCTV,527,Belagavi,5438,Belagavi,215710.0,Muthnal,597791,Mutnal,16.41111939691819,74.37891448849066,Bus Stand,100,Active,Basaweshwar Chowk PS
CCTV00625_3,Basaweshwar Chowk PS - Government Hospital CCTV,527,Belagavi,5437,Hukkeri,215924.0,Madhihalli,597602,Madihalli,16.412022485388714,74.37902067290237,Government Hospital,150,Active,Basaweshwar Chowk PS
CCTV00625_4,Basaweshwar Chowk PS - Government Office CCTV,527,Belagavi,7099,Mudalgi,215849.0,Dharmatti,597425,Dharmatti,16.411517986410296,74.37838382863552,Government Office,150,Active,Basaweshwar Chowk PS
CCTV00625_5,Basaweshwar Chowk PS - ATM CCTV,527,Belagavi,5441,Savadatti,215997.0,Badli,598231,Katral,16.41098169992463,74.37636861544043,ATM,150,Active,Basaweshwar Chowk PS
CCTV00626_1,Belagavi CEN Crime PS - Bus Stand CCTV,527,Belagavi,5434,Athni,215654.0,Parthanahalli,597273,Mavinahatti,15.874568565804845,74.52921236494355,Bus Stand,150,Active,Belagavi CEN Crime PS
CCTV00626_2,Belagavi CEN Crime PS - Bus Stand CCTV,527,Belagavi,5437,Hukkeri,215931.0,Pachapur,597665,Pachapur,15.87359121288358,74.53071755116453,Bus Stand,150,Active,Belagavi CEN Crime PS
CCTV00626_3,Belagavi CEN Crime PS - School CCTV,527,Belagavi,7099,Mudalgi,215880.0,Rajapur,597430,Rajapur,15.874438535686988,74.52950737056061,School,200,Active,Belagavi CEN Crime PS
CCTV00626_4,Belagavi CEN Crime PS - Bank CCTV,527,Belagavi,5441,Savadatti,216007.0,Hooli,598282,Hooli,15.873193723053195,74.52977513775043,Bank,150,Active,Belagavi CEN Crime PS
CCTV00626_5,Belagavi CEN Crime PS - Traffic Junction CCTV,527,Belagavi,5442,Ramdurg,275456.0,Turanur,598378,Rankalkoppa,15.872192987737078,74.53022850849393,Traffic Junction,100,Maintenance,Belagavi CEN Crime PS
CCTV00626_6,Belagavi CEN Crime PS - Bank CCTV,527,Belagavi,5438,Belagavi,215681.0,Bastawada,597775,Kondaskoppa,15.874652280033839,74.52994395474929,Bank,100,Active,Belagavi CEN Crime PS
CCTV00627_1,Belagavi Women PS - Bank CCTV,527,Belagavi,5438,Belagavi,215697.0,Kadoli,948371,Bendi,15.856715620976024,74.50529219881257,Bank,150,Maintenance,Belagavi Women PS
CCTV00627_2,Belagavi Women PS - School CCTV,527,Belagavi,5442,Ramdurg,216050.0,Hosakeri,598345,Hiretadashi,15.856631966990397,74.50636233299778,School,150,Active,Belagavi Women PS
CCTV00627_3,Belagavi Women PS - ATM CCTV,527,Belagavi,5440,Bailahongala,215731.0,Belavadi,598144,Siddasamudra,15.8575393414834,74.50598516760215,ATM,100,Active,Belagavi Women PS
CCTV00627_4,Belagavi Women PS - Government Hospital CCTV,527,Belagavi,5442,Ramdurg,216058.0,Kithur,598395,Kittur,15.858986333721461,74.50479779193242,Government Hospital,100,Active,Belagavi Women PS
CCTV00628_1,Chikkodi PS - Government Hospital CCTV,527,Belagavi,5434,Athni,215624.0,Aralihatti,597256,Aralihatti,16.423723913463405,74.57822216861507,Government Hospital,150,Active,Chikkodi PS
CCTV00628_2,Chikkodi PS - Traffic Junction CCTV,527,Belagavi,5437,Hukkeri,215903.0,Daddi,597647,Daddi,16.423572678402735,74.57808119274996,Traffic Junction,200,Maintenance,Chikkodi PS
CCTV00628_3,Chikkodi PS - Government Hospital CCTV,527,Belagavi,5434,Athni,215668.0,Ugar B K,939186,Ramawadi,16.422591727069097,74.57664780076199,Government Hospital,100,Active,Chikkodi PS
CCTV00628_4,Chikkodi PS - Bus Stand CCTV,527,Belagavi,5435,Raybag,276042.0,Sutatti,597396,Suttatti,16.42465864371613,74.57817706353461,Bus Stand,150,Maintenance,Chikkodi PS
CCTV00628_5,Chikkodi PS - Government Hospital CCTV,527,Belagavi,5437,Hukkeri,215894.0,B Alur,597549,Rashing,16.423044377713293,74.57540514904787,Government Hospital,150,Active,Chikkodi PS
CCTV00628_6,Chikkodi PS - College CCTV,527,Belagavi,5438,Belagavi,,,939165,Devagoudanhatti,16.425424988356674,74.57558746574936,College,200,Active,Chikkodi PS
CCTV00629_1,Chikkodi Town Traffic PS - Traffic Junction CCTV,527,Belagavi,5442,Ramdurg,275456.0,Turanur,598377,Kilabanur (Og) (Part),16.42625090999495,74.57688694862932,Traffic Junction,100,Active,Chikkodi Town Traffic PS
CCTV00629_2,Chikkodi Town Traffic PS - Bus Stand CCTV,527,Belagavi,5439,Khanapur,215959.0,Halakarni,597865,Halakarni,16.42337766285446,74.5747373715074,Bus Stand,200,Active,Chikkodi Town Traffic PS
CCTV00629_3,Chikkodi Town Traffic PS - Government Hospital CCTV,527,Belagavi,7099,Mudalgi,215891.0,Yadawad,597517,Yadwad,16.423917814165268,74.57643195893957,Government Hospital,100,Active,Chikkodi Town Traffic PS
CCTV00629_4,Chikkodi Town Traffic PS - School CCTV,527,Belagavi,5440,Bailahongala,215769.0,Tigadi,598049,Yaragoppa,16.424523921569964,74.57491358757625,School,150,Maintenance,Chikkodi Town Traffic PS
CCTV00629_5,Chikkodi Town Traffic PS - Market CCTV,527,Belagavi,5439,Khanapur,215947.0,Bekawad,597906,Bekwad,16.42603682017247,74.57622472972885,Market,100,Active,Chikkodi Town Traffic PS
CCTV00630_1,Doddawad PS - Government Hospital CCTV,527,Belagavi,5438,Belagavi,,,939161,Bamanawadi,15.680421100043747,74.95872918211265,Government Hospital,200,Active,Doddawad PS
CCTV00630_2,Doddawad PS - Bank CCTV,527,Belagavi,7105,Nippani,215839.0,Yamagarani,597132,Yamagarni,15.679726857945637,74.96096374533153,Bank,100,Maintenance,Doddawad PS
CCTV00630_3,Doddawad PS - Government Hospital CCTV,527,Belagavi,7195,Yaragatti,216025.0,Sattigeri,598166,Gudamakeri,15.679036451830349,74.95998574009,Government Hospital,200,Active,Doddawad PS
CCTV00631_1,Ghataprabha PS - Bank CCTV,527,Belagavi,5433,Chikodi,215808.0,Khadaklat,597203,Manuchiwadi,16.237006873819468,74.7650812778988,Bank,100,Maintenance,Ghataprabha PS
CCTV00631_2,Ghataprabha PS - Traffic Junction CCTV,527,Belagavi,5436,Gokak,215853.0,Gosabal,597539,Gosabal,16.23601995888628,74.76475429719092,Traffic Junction,200,Active,Ghataprabha PS
CCTV00631_3,Ghataprabha PS - College CCTV,527,Belagavi,5433,Chikodi,215798.0,Janwad,597153,Janwad,16.23688542334904,74.76749788550816,College,150,Active,Ghataprabha PS
CCTV00632_1,Gokak Rural PS - Bank CCTV,527,Belagavi,5437,Hukkeri,215939.0,U Khanapur,597579,U Khanapur,16.16144820104051,74.8096316606315,Bank,200,Active,Gokak Rural PS
CCTV00632_2,Gokak Rural PS - Bank CCTV,527,Belagavi,5437,Hukkeri,215926.0,Mathiwade,597552,Bhairapur,16.163462618312128,74.81012840178718,Bank,150,Active,Gokak Rural PS
CCTV00632_3,Gokak Rural PS - Railway Station CCTV,527,Belagavi,7105,Nippani,215839.0,Yamagarani,597134,Budihal,16.16299816686867,74.81088927510898,Railway Station,200,Active,Gokak Rural PS
CCTV00632_4,Gokak Rural PS - Government Hospital CCTV,527,Belagavi,5436,Gokak,215847.0,Benachinamardi,597470,Gaddiholi,16.16164767104552,74.80952461799143,Government Hospital,100,Active,Gokak Rural PS
CCTV00632_5,Gokak Rural PS - ATM CCTV,527,Belagavi,5441,Savadatti,273248.0,Bhandarahalli,598262,Taredakoppa,16.163228382947285,74.81075319446542,ATM,200,Active,Gokak Rural PS
CCTV00633_1,Gokak Town PS - Government Hospital CCTV,527,Belagavi,5441,Savadatti,216010.0,Inamahongal,598243,Chikkulligeri,16.102310541860973,74.68638501554447,Government Hospital,200,Active,Gokak Town PS
CCTV00633_2,Gokak Town PS - Government Office CCTV,527,Belagavi,5442,Ramdurg,216054.0,K Chandargi,598346,Kesaragoppa,16.103207874242532,74.68553721509463,Government Office,150,Active,Gokak Town PS
CCTV00633_3,Gokak Town PS - Traffic Junction CCTV,527,Belagavi,5439,Khanapur,215950.0,Chapagaon,597893,Shivoli,16.10381111195068,74.68692797243513,Traffic Junction,150,Active,Gokak Town PS
CCTV00633_4,Gokak Town PS - Government Hospital CCTV,527,Belagavi,5441,Savadatti,216002.0,Goravanakolla,598272,Katamalli,16.103535119596547,74.68582299070309,Government Hospital,200,Active,Gokak Town PS
CCTV00633_5,Gokak Town PS - Government Office CCTV,527,Belagavi,5442,Ramdurg,216054.0,K Chandargi,598299,K.Chandargi,16.103078126845038,74.68613595639138,Government Office,200,Active,Gokak Town PS
CCTV00634_1,Harugeri PS - Bank CCTV,527,Belagavi,5436,Gokak,215885.0,Sunadholi,597494,Lagameshwar,16.51559662278198,74.95034643314855,Bank,200,Active,Harugeri PS
CCTV00634_2,Harugeri PS - ATM CCTV,527,Belagavi,5437,Hukkeri,215903.0,Daddi,597639,Attihal,16.515172497015882,74.95042254548684,ATM,150,Active,Harugeri PS
CCTV00634_3,Harugeri PS - Bus Stand CCTV,527,Belagavi,5439,Khanapur,215949.0,Bijagarni,597954,Halasal,16.515842857073707,74.94796798733769,Bus Stand,150,Active,Harugeri PS
CCTV00634_4,Harugeri PS - College CCTV,527,Belagavi,5436,Gokak,215877.0,Nallanatti,597447,Nallanatti,16.515515713347195,74.94981858700363,College,150,Maintenance,Harugeri PS
CCTV00634_5,Harugeri PS - Railway Station CCTV,527,Belagavi,5438,Belagavi,215708.0,Muchhandi,597707,Muchandi,16.515984202521494,74.95011703613424,Railway Station,200,Active,Harugeri PS
CCTV00634_6,Harugeri PS - ATM CCTV,527,Belagavi,5438,Belagavi,,,938229,Vadagaon,16.51509417947006,74.94893534592376,ATM,200,Active,Harugeri PS
CCTV00635_1,Hukkeri PS - Government Office CCTV,527,Belagavi,5433,Chikodi,215825.0,Navalihal,597212,Kuthali,16.236048204476226,74.60566902568902,Government Office,200,Maintenance,Hukkeri PS
CCTV00635_2,Hukkeri PS - Bus Stand CCTV,527,Belagavi,5438,Belagavi,215691.0,Handiganur,597681,Handiganur,16.236166579983287,74.60424689064655,Bus Stand,150,Active,Hukkeri PS
CCTV00635_3,Hukkeri PS - Government Hospital CCTV,527,Belagavi,5442,Ramdurg,216048.0,Hanamapur,598327,Hanamapur S.U.,16.237849487103638,74.6049816179519,Government Hospital,100,Maintenance,Hukkeri PS
CCTV00635_4,Hukkeri PS - School CCTV,527,Belagavi,5440,Bailahongala,215775.0,Vannur,598032,Mastamaradi,16.238304688500214,74.6044653505973,School,100,Maintenance,Hukkeri PS
CCTV00636_1,Kagwad PS - Government Office CCTV,527,Belagavi,5438,Belagavi,215707.0,Mastmardi,597767,Basarikatti,16.695546385045404,74.71777690313746,Government Office,100,Active,Kagwad PS
CCTV00636_2,Kagwad PS - Market CCTV,527,Belagavi,5441,Savadatti,216009.0,Hosur,598213,Hosur,16.69701990043056,74.71702901348344,Market,100,Maintenance,Kagwad PS
CCTV00636_3,Kagwad PS - Government Hospital CCTV,527,Belagavi,5442,Ramdurg,216060.0,Mudhakavi,598330,M.Timmapur,16.695039742281306,74.7155305887711,Government Hospital,100,Active,Kagwad PS
CCTV00636_4,Kagwad PS - Railway Station CCTV,527,Belagavi,5438,Belagavi,,,938233,Yamanapura,16.69719628567989,74.71748051628273,Railway Station,150,Maintenance,Kagwad PS
CCTV00636_5,Kagwad PS - Government Office CCTV,527,Belagavi,5439,Khanapur,215990.0,Ramagurwadi,597866,Manasapur,16.695579225313722,74.71568689881862,Government Office,150,Active,Kagwad PS
CCTV00636_6,Kagwad PS - Government Hospital CCTV,527,Belagavi,5442,Ramdurg,216068.0,Thondikatti,598303,Bijaguppi,16.697054964216488,74.71657191647483,Government Hospital,150,Active,Kagwad PS
CCTV00637_1,Katkol PS - Traffic Junction CCTV,527,Belagavi,5436,Gokak,215856.0,Hirenandi,597484,Panchanaikanatti,15.984016217235812,75.13591154456003,Traffic Junction,150,Active,Katkol PS
CCTV00637_2,Katkol PS - Bank CCTV,527,Belagavi,5434,Athni,215651.0,Naganur P K,597311,Avarkhod,15.98666344831844,75.13580124336201,Bank,100,Active,Katkol PS
CCTV00637_3,Katkol PS - School CCTV,527,Belagavi,5438,Belagavi,,,939169,Nagerahal,15.986017738619394,75.13642080178089,School,100,Active,Katkol PS
CCTV00637_4,Katkol PS - Bus Stand CCTV,527,Belagavi,5433,Chikodi,215835.0,Umarani,597216,Umrani,15.985198607613984,75.13611692001143,Bus Stand,100,Maintenance,Katkol PS
CCTV00638_1,Khadakalat PS - Bank CCTV,527,Belagavi,7099,Mudalgi,,,597429,Kallolli,16.447329019644144,74.46979919936665,Bank,150,Active,Khadakalat PS
CCTV00638_2,Khadakalat PS - ATM CCTV,527,Belagavi,5439,Khanapur,215978.0,Mangenkopp,597999,Kasamalagi,16.44698100437013,74.47233298445441,ATM,150,Active,Khadakalat PS
CCTV00638_3,Khadakalat PS - Railway Station CCTV,527,Belagavi,7195,Yaragatti,216031.0,Tallur,598184,Jeevapur,16.44724722804188,74.47195265159172,Railway Station,150,Active,Khadakalat PS
CCTV00639_1,Khanapur PS - ATM CCTV,527,Belagavi,7099,Mudalgi,215849.0,Dharmatti,597425,Dharmatti,15.623403448832185,74.56268932760483,ATM,100,Active,Khanapur PS
CCTV00639_2,Khanapur PS - Bus Stand CCTV,527,Belagavi,5442,Ramdurg,216062.0,Mullur,598392,Mullur,15.624994661967184,74.56147238842834,Bus Stand,150,Active,Khanapur PS
CCTV00639_3,Khanapur PS - Railway Station CCTV,527,Belagavi,7043,Kittur,215749.0,Kadrolli,598078,Kadrolli,15.622909958160944,74.56312399985751,Railway Station,200,Active,Khanapur PS
CCTV00639_4,Khanapur PS - Railway Station CCTV,527,Belagavi,7105,Nippani,215810.0,Koganolli,597121,Hanabarawadi,15.62264790583021,74.5631496220774,Railway Station,100,Active,Khanapur PS
CCTV00639_5,Khanapur PS - School CCTV,527,Belagavi,5441,Savadatti,216029.0,Sutagatti,598224,Chakrageri,15.623171052112417,74.56365583870841,School,150,Active,Khanapur PS
CCTV00639_6,Khanapur PS - School CCTV,527,Belagavi,7099,Mudalgi,215844.0,Avaradi,597512,Venkatapur,15.622665829744765,74.56213258871675,School,200,Maintenance,Khanapur PS
CCTV00640_1,Kittur PS - Government Office CCTV,527,Belagavi,7105,Nippani,215809.0,Kodani,597135,Kodni,15.601268729062975,74.78853423043755,Government Office,100,Active,Kittur PS
CCTV00640_2,Kittur PS - Traffic Junction CCTV,527,Belagavi,5441,Savadatti,216002.0,Goravanakolla,939193,Gunjalarakoppa,15.599299591893574,74.78922509626908,Traffic Junction,100,Active,Kittur PS
CCTV00640_3,Kittur PS - Traffic Junction CCTV,527,Belagavi,5435,Raybag,216102.0,Savadatti,597355,Soundatti,15.60009754106897,74.78961611884438,Traffic Junction,100,Active,Kittur PS
CCTV00640_4,Kittur PS - Market CCTV,527,Belagavi,5438,Belagavi,215671.0,Agasage,597682,Mahalenahatti,15.60034531787504,74.78904746217641,Market,200,Maintenance,Kittur PS
CCTV00640_5,Kittur PS - Government Office CCTV,527,Belagavi,5436,Gokak,215859.0,Kalliguddi,597541,Mannikeri,15.600800797937334,74.78963191313838,Government Office,150,Active,Kittur PS
CCTV00641_1,Kudachi PS - ATM CCTV,527,Belagavi,5440,Bailahongala,215767.0,Sutagatti,598040,Hogarti,16.62355658862843,74.85566826135523,ATM,150,Active,Kudachi PS
CCTV00641_2,Kudachi PS - Government Hospital CCTV,527,Belagavi,5440,Bailahongala,215751.0,Kenganur,598137,Arawalli,16.624274644839858,74.85581821650348,Government Hospital,200,Active,Kudachi PS
CCTV00641_3,Kudachi PS - Government Hospital CCTV,527,Belagavi,5434,Athni,215655.0,Sambaragi,597252,Tawashi,16.623175237257662,74.85476648249637,Government Hospital,100,Maintenance,Kudachi PS
CCTV00641_4,Kudachi PS - School CCTV,527,Belagavi,5439,Khanapur,215955.0,Gotagali,597968,Shindholli (B.K.),16.624955991546937,74.85393067699204,School,150,Maintenance,Kudachi PS
CCTV00641_5,Kudachi PS - Market CCTV,527,Belagavi,5436,Gokak,215884.0,Suladhala,597497,Budihal,16.623136557503937,74.85310522766119,Market,200,Maintenance,Kudachi PS
CCTV00641_6,Kudachi PS - College CCTV,527,Belagavi,5435,Raybag,216092.0,Morab,597397,Morab,16.623823559533694,74.85492487727241,College,200,Active,Kudachi PS
CCTV00642_1,Kulgod PS - Railway Station CCTV,527,Belagavi,5442,Ramdurg,216048.0,Hanamapur,598327,Hanamapur S.U.,16.244120950412736,75.04570644828236,Railway Station,200,Active,Kulgod PS
CCTV00642_2,Kulgod PS - College CCTV,527,Belagavi,7105,Nippani,215805.0,Kardaga,597155,Karadaga,16.24415257339834,75.04721534360588,College,150,Active,Kulgod PS
CCTV00642_3,Kulgod PS - College CCTV,527,Belagavi,5441,Savadatti,216032.0,Teggihal,598257,Teggihal,16.245798035355946,75.04565426709286,College,100,Active,Kulgod PS
CCTV00642_4,Kulgod PS - Bank CCTV,527,Belagavi,5438,Belagavi,215708.0,Muchhandi,597707,Muchandi,16.244156422432592,75.04520513316416,Bank,150,Maintenance,Kulgod PS
CCTV00642_5,Kulgod PS - Bus Stand CCTV,527,Belagavi,5438,Belagavi,215698.0,Kakti,597694,Sonatti,16.244253843489613,75.04652096556423,Bus Stand,150,Maintenance,Kulgod PS
CCTV00643_1,Mudalgi PS - Traffic Junction CCTV,527,Belagavi,5442,Ramdurg,216048.0,Hanamapur,598333,Krishnanagar,16.337715720956442,74.96276240734119,Traffic Junction,150,Active,Mudalgi PS
CCTV00643_2,Mudalgi PS - Bus Stand CCTV,527,Belagavi,5439,Khanapur,215991.0,Shindolli,597938,Gangawali,16.338476655467915,74.96290053451686,Bus Stand,150,Active,Mudalgi PS
CCTV00643_3,Mudalgi PS - Railway Station CCTV,527,Belagavi,5433,Chikodi,215823.0,Nainglaj,597210,Nainglaj,16.33888519502927,74.96467076100267,Railway Station,100,Maintenance,Mudalgi PS
CCTV00643_4,Mudalgi PS - ATM CCTV,527,Belagavi,5438,Belagavi,273230.0,Kukadolli,597789,Kukadoli,16.336712225923304,74.96343938618581,ATM,150,Maintenance,Mudalgi PS
CCTV00643_5,Mudalgi PS - Traffic Junction CCTV,527,Belagavi,5441,Savadatti,215996.0,Asundi,598238,Asundi,16.336087834729614,74.96533950483408,Traffic Junction,100,Maintenance,Mudalgi PS
CCTV00643_6,Mudalgi PS - ATM CCTV,527,Belagavi,5438,Belagavi,215721.0,Thumergudi,597757,Tumarguddi,16.337847726455994,74.96430504936319,ATM,200,Maintenance,Mudalgi PS
CCTV00644_1,Murgod PS - Railway Station CCTV,527,Belagavi,5439,Khanapur,215944.0,Bailur,597820,Devachihatti,15.887539511470502,74.92649189347982,Railway Station,100,Active,Murgod PS
CCTV00644_2,Murgod PS - ATM CCTV,527,Belagavi,5433,Chikodi,215789.0,Chinchani,597214,Chinchani,15.887229864997973,74.92700362052625,ATM,200,Active,Murgod PS
CCTV00644_3,Murgod PS - ATM CCTV,527,Belagavi,5437,Hukkeri,215941.0,Yamakanmardi,597629,Gudaganahatti,15.887329855546817,74.92739290684234,ATM,100,Active,Murgod PS
CCTV00645_1,Nandagad PS - Bus Stand CCTV,527,Belagavi,5433,Chikodi,215831.0,Shiragoan,597195,Girgaon,15.580816377079179,74.5775485763939,Bus Stand,100,Maintenance,Nandagad PS
CCTV00645_2,Nandagad PS - Bank CCTV,527,Belagavi,5437,Hukkeri,215912.0,Hosur,939177,Honnur,15.579175534509009,74.57564563260776,Bank,200,Active,Nandagad PS
CCTV00645_3,Nandagad PS - Bank CCTV,527,Belagavi,5439,Khanapur,215955.0,Gotagali,597965,Kodagai,15.57932674374264,74.57569509541158,Bank,100,Active,Nandagad PS
CCTV00645_4,Nandagad PS - Government Office CCTV,527,Belagavi,5439,Khanapur,215959.0,Halakarni,597864,Hattar Gunji,15.581278995243007,74.57755857947609,Government Office,200,Active,Nandagad PS
CCTV00646_1,Nesargi PS - Traffic Junction CCTV,527,Belagavi,5442,Ramdurg,216044.0,Godachi,598348,Sidnal,15.907741914662182,74.78829179584959,Traffic Junction,150,Maintenance,Nesargi PS
CCTV00646_2,Nesargi PS - Traffic Junction CCTV,527,Belagavi,5440,Bailahongala,215745.0,Hannnikeri,598043,Bairanatti,15.90833256656428,74.78815548570783,Traffic Junction,100,Maintenance,Nesargi PS
CCTV00646_3,Nesargi PS - Government Hospital CCTV,527,Belagavi,7105,Nippani,215785.0,Bhoj,597161,Bhoj,15.906360876202859,74.78895965712947,Government Hospital,100,Active,Nesargi PS
CCTV00646_4,Nesargi PS - ATM CCTV,527,Belagavi,5441,Savadatti,216010.0,Inamahongal,598244,Inamhongal,15.90611738155286,74.78871881261401,ATM,150,Active,Nesargi PS
CCTV00647_1,Nippani Rural PS - Bus Stand CCTV,527,Belagavi,5442,Ramdurg,216062.0,Mullur,598391,Kallur,16.39462345306006,74.38492589215936,Bus Stand,100,Active,Nippani Rural PS
CCTV00647_2,Nippani Rural PS - Government Hospital CCTV,527,Belagavi,5438,Belagavi,215714.0,Rangadolhi,948372,Devagiri,16.395625685791604,74.38409837461528,Government Hospital,150,Maintenance,Nippani Rural PS
CCTV00647_3,Nippani Rural PS - School CCTV,527,Belagavi,5439,Khanapur,215954.0,Golalli,597813,Torali,16.393414035019774,74.38499599051892,School,150,Active,Nippani Rural PS
CCTV00647_4,Nippani Rural PS - Traffic Junction CCTV,527,Belagavi,5441,Savadatti,216004.0,Harogoppa,598199,Harugoppa,16.393670168244757,74.38300351284104,Traffic Junction,150,Maintenance,Nippani Rural PS
CCTV00647_5,Nippani Rural PS - ATM CCTV,527,Belagavi,5437,Hukkeri,,,939183,Shidlahala,16.39364070111347,74.38516475072873,ATM,150,Active,Nippani Rural PS
CCTV00648_1,Nippani Town PS - College CCTV,527,Belagavi,7195,Yaragatti,216020.0,Mugalihal,598156,Dasanal,16.393276887869547,74.38446268329952,College,100,Active,Nippani Town PS
CCTV00648_2,Nippani Town PS - College CCTV,527,Belagavi,7043,Kittur,215752.0,Khodanpur,598082,Kulamanatti,16.394512785476966,74.38255606936045,College,150,Active,Nippani Town PS
CCTV00648_3,Nippani Town PS - ATM CCTV,527,Belagavi,5434,Athni,,,939189,Laxmiwadi,16.393159105101173,74.38435320287552,ATM,100,Active,Nippani Town PS
CCTV00648_4,Nippani Town PS - Government Hospital CCTV,527,Belagavi,5435,Raybag,216096.0,Nidgundi,597399,Nidagundi,16.393380210541494,74.38360500163401,Government Hospital,100,Active,Nippani Town PS
CCTV00649_1,Raibag PS - Government Office CCTV,527,Belagavi,5438,Belagavi,215683.0,Belawatti,597736,Baknur,16.49437917324021,74.76864553816529,Government Office,100,Active,Raibag PS
CCTV00649_2,Raibag PS - Railway Station CCTV,527,Belagavi,5433,Chikodi,215821.0,Nagaral,597171,Nagaral,16.49363358698639,74.76984885062436,Railway Station,150,Active,Raibag PS
CCTV00649_3,Raibag PS - Bank CCTV,527,Belagavi,5438,Belagavi,,,938231,Kanabargi,16.491942615998852,74.76893606131657,Bank,200,Active,Raibag PS
CCTV00649_4,Raibag PS - Government Office CCTV,527,Belagavi,5441,Savadatti,215996.0,Asundi,598237,Mugali,16.493161508294587,74.7705306721118,Government Office,150,Active,Raibag PS
CCTV00650_1,Ramadurga PS - Market CCTV,527,Belagavi,5442,Ramdurg,216039.0,Batakurki,598318,Somapur,15.950217348380116,75.29363482442272,Market,200,Active,Ramadurga PS
CCTV00650_2,Ramadurga PS - School CCTV,527,Belagavi,7043,Kittur,215752.0,Khodanpur,598083,Savatagi,15.950577175766705,75.29531769154401,School,100,Active,Ramadurga PS
CCTV00650_3,Ramadurga PS - Market CCTV,527,Belagavi,5441,Savadatti,216030.0,Tadasalur,598194,Gundlur,15.949407851222341,75.2954562040624,Market,100,Maintenance,Ramadurga PS
CCTV00650_4,Ramadurga PS - Bank CCTV,527,Belagavi,5439,Khanapur,215955.0,Gotagali,597973,Tarawad,15.94827472828184,75.29558755879215,Bank,100,Active,Ramadurga PS
CCTV00650_5,Ramadurga PS - Market CCTV,527,Belagavi,5438,Belagavi,215720.0,Tarihal,597777,Kolikopp,15.949760540315383,75.29504059993283,Market,200,Active,Ramadurga PS
CCTV00650_6,Ramadurga PS - Traffic Junction CCTV,527,Belagavi,5442,Ramdurg,216037.0,Awardhi,598387,Hampiholi,15.948910899208904,75.29353435911317,Traffic Junction,200,Active,Ramadurga PS
CCTV00651_1,Sadalaga PS - Traffic Junction CCTV,527,Belagavi,5439,Khanapur,215981.0,Nagargali,597975,Kumbarda,16.550376854900595,74.53132554128706,Traffic Junction,200,Active,Sadalaga PS
CCTV00651_2,Sadalaga PS - Government Office CCTV,527,Belagavi,5441,Savadatti,216027.0,Sirasangi,598222,Govanakoppa K.Y.,16.550081688990243,74.53181481199158,Government Office,100,Active,Sadalaga PS
CCTV00651_3,Sadalaga PS - Government Hospital CCTV,527,Belagavi,5437,Hukkeri,215896.0,Bad,597557,Karajage,16.550166708554066,74.53102270478007,Government Hospital,200,Active,Sadalaga PS
CCTV00652_1,Sankeshwar PS - ATM CCTV,527,Belagavi,5441,Savadatti,216034.0,Yakkundi,598225,Karlakatti,16.25380421371758,74.48706852463772,ATM,100,Active,Sankeshwar PS
CCTV00652_2,Sankeshwar PS - ATM CCTV,527,Belagavi,5439,Khanapur,215958.0,Halaga,597988,Hattarwad,16.25349768401928,74.48777038129899,ATM,200,Active,Sankeshwar PS
CCTV00652_3,Sankeshwar PS - Bank CCTV,527,Belagavi,5437,Hukkeri,215920.0,Konankeri,597554,Konankeri,16.255263362045877,74.48685675284518,Bank,100,Active,Sankeshwar PS
CCTV00652_4,Sankeshwar PS - Railway Station CCTV,527,Belagavi,7043,Kittur,215746.0,Hirenandihalli,598096,Hirenandihalli,16.2554313661422,74.48705900669997,Railway Station,150,Active,Sankeshwar PS
CCTV00653_1,Soundatti PS - ATM CCTV,527,Belagavi,5438,Belagavi,215724.0,Yallur,597802,Yellur (Ct),15.764646021269693,75.1092936388602,ATM,200,Active,Soundatti PS
CCTV00653_2,Soundatti PS - School CCTV,527,Belagavi,5441,Savadatti,215996.0,Asundi,598237,Mugali,15.762148949413877,75.10776272356554,School,150,Active,Soundatti PS
CCTV00653_3,Soundatti PS - Government Office CCTV,527,Belagavi,5434,Athni,215645.0,Maheshwadi,597321,Janawad,15.76442173071475,75.1074386160707,Government Office,200,Active,Soundatti PS
CCTV00653_4,Soundatti PS - ATM CCTV,527,Belagavi,5436,Gokak,215874.0,Melawanki,597531,Melavanki,15.76421864657359,75.10946880652124,ATM,150,Active,Soundatti PS
CCTV00654_1,Yamakanmardi PS - Government Office CCTV,527,Belagavi,5441,Savadatti,215998.0,Betasur,598247,Yadravi,16.126267281176684,74.51597123455032,Government Office,100,Active,Yamakanmardi PS
CCTV00654_2,Yamakanmardi PS - Traffic Junction CCTV,527,Belagavi,5436,Gokak,215887.0,Tawaga,597480,Kaitanal,16.126478079117124,74.51673019298019,Traffic Junction,100,Active,Yamakanmardi PS
CCTV00654_3,Yamakanmardi PS - Railway Station CCTV,527,Belagavi,5440,Bailahongala,215735.0,Chivatgundi,598119,Sanikoppa,16.128330779367758,74.51686799021918,Railway Station,100,Active,Yamakanmardi PS
CCTV00654_4,Yamakanmardi PS - ATM CCTV,527,Belagavi,5435,Raybag,216097.0,Niliji,597395,Nilaji,16.126599260219756,74.51626415774865,ATM,100,Active,Yamakanmardi PS
CCTV00654_5,Yamakanmardi PS - ATM CCTV,527,Belagavi,5439,Khanapur,215974.0,Kodacawad,597903,Deminkop,16.1265527124604,74.51753792780458,ATM,200,Maintenance,Yamakanmardi PS
CCTV00655_1,Bheemarayanagudi PS - School CCTV,635,Yadgir,7095,Wadagera,218110.0,Naikal,621150,Naikal,16.720970259017708,76.80417189803234,School,100,Maintenance,Bheemarayanagudi PS
CCTV00655_2,Bheemarayanagudi PS - Bank CCTV,635,Yadgir,7094,Gurmitakal,218162.0,Ajlapur,621361,Azalapur,16.71983103688696,76.80450330334082,Bank,200,Maintenance,Bheemarayanagudi PS
CCTV00655_3,Bheemarayanagudi PS - Bus Stand CCTV,635,Yadgir,5587,Shorapur,218159.0,Yaktapur,620896,Ainapur,16.72171605989148,76.80301007228869,Bus Stand,200,Active,Bheemarayanagudi PS
CCTV00655_4,Bheemarayanagudi PS - College CCTV,635,Yadgir,7094,Gurmitakal,218162.0,Ajlapur,621360,Turkandoddi,16.721582485413617,76.80310495923729,College,200,Active,Bheemarayanagudi PS
CCTV00655_5,Bheemarayanagudi PS - Market CCTV,635,Yadgir,7096,Hunasagi,218136.0,Jogandabhavi,620984,Ammapur (S.K),16.719853944437578,76.80290307354831,Market,200,Maintenance,Bheemarayanagudi PS
CCTV00655_6,Bheemarayanagudi PS - Bus Stand CCTV,635,Yadgir,5589,Yadgir,218163.0,Allipur,621247,Kanchgarhalli,16.72206979941706,76.80345434472767,Bus Stand,150,Active,Bheemarayanagudi PS
CCTV00656_1,Gogi PS - Bus Stand CCTV,635,Yadgir,5588,Shahpur,218101.0,Kakkasgera,621096,Kakkesgera,16.73190527538045,76.74611890395805,Bus Stand,100,Active,Gogi PS
CCTV00656_2,Gogi PS - Bus Stand CCTV,635,Yadgir,5588,Shahpur,218096.0,Hattigudur,621134,Konganda,16.73446870655574,76.74490559585394,Bus Stand,150,Active,Gogi PS
CCTV00656_3,Gogi PS - Market CCTV,635,Yadgir,7096,Hunasagi,218146.0,Malanoor,620954,Malnoor,16.733015991649822,76.74600878912932,Market,150,Active,Gogi PS
CCTV00657_1,Gurumitkal PS - College CCTV,635,Yadgir,7095,Wadagera,272743.0,Tumakura,621206,Itga Simt Wadgera,16.866065983004376,77.3895030988267,College,200,Active,Gurumitkal PS
CCTV00657_2,Gurumitkal PS - Government Office CCTV,635,Yadgir,7096,Hunasagi,218122.0,Arakera J.,620927,Sadab,16.865738365449577,77.388662895615,Government Office,200,Maintenance,Gurumitkal PS
CCTV00657_3,Gurumitkal PS - Bank CCTV,635,Yadgir,7094,Gurmitakal,218178.0,Jaigram,621357,Jaigram,16.86562067583356,77.39008546395867,Bank,100,Active,Gurumitkal PS
CCTV00657_4,Gurumitkal PS - Bank CCTV,635,Yadgir,5587,Shorapur,218159.0,Yaktapur,620892,Chincholi,16.865800365709486,77.38861940339818,Bank,100,Maintenance,Gurumitkal PS
CCTV00657_5,Gurumitkal PS - Market CCTV,635,Yadgir,7094,Gurmitakal,218172.0,Chapatla,621267,Kamalanagar,16.86436897684373,77.38935145945827,Market,100,Active,Gurumitkal PS
CCTV00657_6,Gurumitkal PS - Railway Station CCTV,635,Yadgir,5587,Shorapur,218129.0,Devatkal,621012,Halbhavi,16.86648189681032,77.38954687627884,Railway Station,100,Active,Gurumitkal PS
CCTV00658_1,Hunasagi PS - College CCTV,635,Yadgir,5589,Yadgir,218176.0,Hattikuni,621232,Bagalmadu,16.457226624134503,76.527207331144,College,150,Maintenance,Hunasagi PS
CCTV00658_2,Hunasagi PS - ATM CCTV,635,Yadgir,5588,Shahpur,218097.0,Hoskera,621100,Shettikera,16.456231623755205,76.52549417338493,ATM,200,Active,Hunasagi PS
CCTV00658_3,Hunasagi PS - School CCTV,635,Yadgir,5588,Shahpur,,,938914,Rakhangera,16.4552656474648,76.52517898476597,School,150,Maintenance,Hunasagi PS
CCTV00658_4,Hunasagi PS - Government Hospital CCTV,635,Yadgir,7094,Gurmitakal,218198.0,Yalsatti,621348,Yelsathi,16.45720938603601,76.52618107650063,Government Hospital,100,Maintenance,Hunasagi PS
CCTV00659_1,Kembhavi PS - Government Hospital CCTV,635,Yadgir,5589,Yadgir,218195.0,Saidapur,621368,Balched,16.646485217308733,76.53232150659493,Government Hospital,200,Maintenance,Kembhavi PS
CCTV00659_2,Kembhavi PS - ATM CCTV,635,Yadgir,7094,Gurmitakal,218186.0,Madwar,621334,Wanksambar,16.649156131434502,76.53166847557786,ATM,150,Active,Kembhavi PS
CCTV00659_3,Kembhavi PS - Bank CCTV,635,Yadgir,5587,Shorapur,,,620888,Parsanhalli,16.647282724647518,76.53106300048647,Bank,200,Active,Kembhavi PS
CCTV00659_4,Kembhavi PS - College CCTV,635,Yadgir,5587,Shorapur,218161.0,Yevoor,620882,Sevanagar,16.648955295383814,76.53382816351265,College,100,Active,Kembhavi PS
CCTV00659_5,Kembhavi PS - Government Hospital CCTV,635,Yadgir,5588,Shahpur,218111.0,Rastapur,621131,Rastapur,16.64846128309614,76.53181806084974,Government Hospital,150,Maintenance,Kembhavi PS
CCTV00659_6,Kembhavi PS - Government Hospital CCTV,635,Yadgir,5587,Shorapur,218142.0,Khanapur.S.H.,621060,Godihal Jagir,16.647332292651992,76.53286375061101,Government Hospital,150,Maintenance,Kembhavi PS
CCTV00660_1,Kodekal PS - School CCTV,635,Yadgir,5587,Shorapur,218157.0,Waganagera,621045,Bomanhalli,16.35382953800362,76.40682570683647,School,100,Active,Kodekal PS
CCTV00660_2,Kodekal PS - Government Office CCTV,635,Yadgir,7096,Hunasagi,218146.0,Malanoor,620954,Malnoor,16.354193312449727,76.40734202044331,Government Office,200,Active,Kodekal PS
CCTV00660_3,Kodekal PS - Railway Station CCTV,635,Yadgir,5587,Shorapur,218121.0,Aldal,621004,Gonal,16.353883805274062,76.40512614427473,Railway Station,150,Active,Kodekal PS
CCTV00660_4,Kodekal PS - Bus Stand CCTV,635,Yadgir,7096,Hunasagi,218144.0,Kolihal,620934,Ramnagar,16.352805177778055,76.40674206629627,Bus Stand,200,Active,Kodekal PS
CCTV00661_1,Narayanapura PS - Market CCTV,635,Yadgir,5588,Shahpur,218108.0,Mudriki,621081,Ingnal,16.256891584203277,76.3675980215328,Market,100,Active,Narayanapura PS
CCTV00661_2,Narayanapura PS - College CCTV,635,Yadgir,7096,Hunasagi,218146.0,Malanoor,620943,Banhatti,16.25494815716515,76.36754907655416,College,200,Active,Narayanapura PS
CCTV00661_3,Narayanapura PS - Bank CCTV,635,Yadgir,7095,Wadagera,218115.0,Tadabidi,621163,Tadibidi,16.255230680651003,76.36940476659878,Bank,100,Active,Narayanapura PS
CCTV00661_4,Narayanapura PS - Bank CCTV,635,Yadgir,5589,Yadgir,218170.0,Belagundi,621377,Bhimenhalli,16.254710061945637,76.36781930904111,Bank,200,Active,Narayanapura PS
CCTV00662_1,Saidapur PS - College CCTV,635,Yadgir,5589,Yadgir,218190.0,Mudnal,621294,Tumkur,16.574368335291062,77.25107020887812,College,150,Active,Saidapur PS
CCTV00662_2,Saidapur PS - Bus Stand CCTV,635,Yadgir,7096,Hunasagi,218158.0,Wajjal,620950,Manjlapur,16.574153541101683,77.25231376668583,Bus Stand,150,Maintenance,Saidapur PS
CCTV00662_3,Saidapur PS - Traffic Junction CCTV,635,Yadgir,7094,Gurmitakal,218182.0,Kandkuru,621274,Chintenpalli,16.574349356687915,77.25225320048956,Traffic Junction,100,Active,Saidapur PS
CCTV00662_4,Saidapur PS - Bank CCTV,635,Yadgir,7096,Hunasagi,218120.0,Agni .,620924,Badlapur - Becharak,16.57595316786002,77.25104397670776,Bank,100,Active,Saidapur PS
CCTV00662_5,Saidapur PS - Railway Station CCTV,635,Yadgir,5588,Shahpur,218103.0,Khanapur,621148,Khanapur,16.575976217059914,77.2527799547457,Railway Station,150,Active,Saidapur PS
CCTV00662_6,Saidapur PS - College CCTV,635,Yadgir,7094,Gurmitakal,218188.0,Minaspur,621280,Nazrapur,16.576260718570985,77.25150674719008,College,200,Active,Saidapur PS
CCTV00663_1,Shahapur PS - ATM CCTV,635,Yadgir,7095,Wadagera,218110.0,Naikal,621150,Naikal,16.700839778760493,76.84220345736858,ATM,100,Maintenance,Shahapur PS
CCTV00663_2,Shahapur PS - Bank CCTV,635,Yadgir,7096,Hunasagi,218146.0,Malanoor,620956,Kuppi,16.698813596722026,76.84204465083232,Bank,100,Maintenance,Shahapur PS
CCTV00663_3,Shahapur PS - School CCTV,635,Yadgir,5587,Shorapur,218155.0,Sugooru,621062,Chandlapur,16.700662357374917,76.84222190681653,School,200,Active,Shahapur PS
CCTV00663_4,Shahapur PS - Railway Station CCTV,635,Yadgir,7094,Gurmitakal,218188.0,Minaspur,621280,Nazrapur,16.700590879737724,76.84275959457602,Railway Station,200,Maintenance,Shahapur PS
CCTV00664_1,Shorapur PS - Government Office CCTV,635,Yadgir,5588,Shahpur,218096.0,Hattigudur,621133,Mandgalli,16.527270953478755,76.76095197277706,Government Office,200,Active,Shorapur PS
CCTV00664_2,Shorapur PS - Government Office CCTV,635,Yadgir,5587,Shorapur,218128.0,Devar Gonal,621044,Siddapur (G),16.52579108998617,76.75900792455323,Government Office,100,Active,Shorapur PS
CCTV00664_3,Shorapur PS - Government Office CCTV,635,Yadgir,5587,Shorapur,218139.0,Kamanatagi,621030,Jairamnagar,16.525296556104006,76.75953749958677,Government Office,200,Maintenance,Shorapur PS
CCTV00665_1,Wadigere PS - Bus Stand CCTV,635,Yadgir,5588,Shahpur,218101.0,Kakkasgera,621096,Kakkesgera,16.592486404515377,77.10189260215147,Bus Stand,100,Active,Wadigere PS
CCTV00665_2,Wadigere PS - Traffic Junction CCTV,635,Yadgir,5589,Yadgir,218195.0,Saidapur,621367,Rampur,16.592078644470615,77.10180096696776,Traffic Junction,150,Active,Wadigere PS
CCTV00665_3,Wadigere PS - School CCTV,635,Yadgir,5587,Shorapur,218140.0,Karadkall,620906,Nadkoor,16.59309539992559,77.09939376404702,School,200,Active,Wadigere PS
CCTV00665_4,Wadigere PS - Market CCTV,635,Yadgir,5588,Shahpur,218087.0,Chamnal,621075,Gundapur,16.59317215356824,77.09939475022657,Market,100,Active,Wadigere PS
CCTV00665_5,Wadigere PS - Government Office CCTV,635,Yadgir,7095,Wadagera,218093.0,Gulsaram,621152,Birnal,16.594283134928666,77.09935671664049,Government Office,100,Active,Wadigere PS
CCTV00666_1,Yadgir CEN Crime PS - School CCTV,635,Yadgir,7094,Gurmitakal,218181.0,Kalebelgunda,621323,Kale-Belgunda,16.750959990748118,77.1388208383864,School,100,Maintenance,Yadgir CEN Crime PS
CCTV00666_2,Yadgir CEN Crime PS - Market CCTV,635,Yadgir,7096,Hunasagi,218122.0,Arakera J.,620922,Teggihalli,16.752468691306756,77.13712210715642,Market,200,Maintenance,Yadgir CEN Crime PS
CCTV00666_3,Yadgir CEN Crime PS - Bank CCTV,635,Yadgir,7096,Hunasagi,,,620942,Devapur Jagir,16.75291783058818,77.13885955952401,Bank,150,Active,Yadgir CEN Crime PS
CCTV00666_4,Yadgir CEN Crime PS - Traffic Junction CCTV,635,Yadgir,5587,Shorapur,218129.0,Devatkal,621001,Devatkal,16.750945472455975,77.13848206813498,Traffic Junction,100,Active,Yadgir CEN Crime PS
CCTV00667_1,Yadgir Traffic PS - Traffic Junction CCTV,635,Yadgir,5587,Shorapur,218140.0,Karadkall,620907,Kardakal,16.76315866028483,77.13149827964148,Traffic Junction,100,Active,Yadgir Traffic PS
CCTV00667_2,Yadgir Traffic PS - Government Office CCTV,635,Yadgir,5587,Shorapur,218155.0,Sugooru,621071,Bevinhal,16.763199919395984,77.13106461827785,Government Office,200,Active,Yadgir Traffic PS
CCTV00667_3,Yadgir Traffic PS - School CCTV,635,Yadgir,5589,Yadgir,218176.0,Hattikuni,621230,Bachwar,16.761644671537898,77.13144073049901,School,200,Active,Yadgir Traffic PS
CCTV00667_4,Yadgir Traffic PS - ATM CCTV,635,Yadgir,5587,Shorapur,218142.0,Khanapur.S.H.,621060,Godihal Jagir,16.761298776472472,77.13149792306842,ATM,200,Maintenance,Yadgir Traffic PS
CCTV00668_1,Yadgir Women PS - College CCTV,635,Yadgir,7094,Gurmitakal,218174.0,Gajarkot,621257,Rampur(G),16.763562763579664,77.13225236757424,College,150,Active,Yadgir Women PS
CCTV00668_2,Yadgir Women PS - Market CCTV,635,Yadgir,7096,Hunasagi,218125.0,Bailakunti,620974,Bamangud,16.76148150822417,77.13109557418615,Market,150,Active,Yadgir Women PS
CCTV00668_3,Yadgir Women PS - Government Hospital CCTV,635,Yadgir,5587,Shorapur,218152.0,Kiradalli,620905,Malhalli,16.763290693514666,77.131137623454,Government Hospital,150,Active,Yadgir Women PS
CCTV00668_4,Yadgir Women PS - Government Hospital CCTV,635,Yadgir,5587,Shorapur,218130.0,Devikera,621042,Devikera,16.762524348125037,77.13125469733671,Government Hospital,100,Active,Yadgir Women PS
CCTV00668_5,Yadgir Women PS - Traffic Junction CCTV,635,Yadgir,7096,Hunasagi,218143.0,Kodekall,620971,Kodekal,16.761925509662948,77.13171992469395,Traffic Junction,200,Active,Yadgir Women PS
CCTV00669_1,Yadgiri Rural PS - ATM CCTV,635,Yadgir,7094,Gurmitakal,218200.0,Yleri,621336,Nawaburz,16.761671190952384,77.13203247365357,ATM,200,Active,Yadgiri Rural PS
CCTV00669_2,Yadgiri Rural PS - School CCTV,635,Yadgir,7096,Hunasagi,218120.0,Agni .,620925,Agthirth,16.762538958799777,77.13208660949215,School,200,Active,Yadgiri Rural PS
CCTV00669_3,Yadgiri Rural PS - Traffic Junction CCTV,635,Yadgir,7096,Hunasagi,218126.0,Baradevanal,620951,Bapparga,16.762778714848668,77.13135117120457,Traffic Junction,100,Active,Yadgiri Rural PS
CCTV00670_1,Yadgiri Town PS - Government Office CCTV,635,Yadgir,7096,Hunasagi,218136.0,Jogandabhavi,620987,Jogandabhavi,16.77082068969758,77.13767507593755,Government Office,200,Active,Yadgiri Town PS
CCTV00670_2,Yadgiri Town PS - Government Hospital CCTV,635,Yadgir,5589,Yadgir,218177.0,Honageri,621238,Sutarhosalli,16.772868136171784,77.13771051585653,Government Hospital,150,Active,Yadgiri Town PS
CCTV00670_3,Yadgiri Town PS - School CCTV,635,Yadgir,7094,Gurmitakal,218182.0,Kandkuru,621273,Kandkur,16.770983866454845,77.13715435450366,School,200,Active,Yadgiri Town PS
CCTV00671_1,Adugodi PS - School CCTV,525,Bengaluru Urban,5545,Anekal,215329.0,Shanthipura,613184,Choodasandra,12.942418602102943,77.61077353918739,School,150,Active,Adugodi PS
CCTV00671_2,Adugodi PS - Government Office CCTV,525,Bengaluru Urban,5545,Anekal,215328.0,Karpur,613350,Bidaragere,12.942257090194703,77.61139783870729,Government Office,200,Active,Adugodi PS
CCTV00671_3,Adugodi PS - School CCTV,525,Bengaluru Urban,7103,Yelahanka,215352.0,Vaderahalli,612946,Veerasagara,12.940746334211365,77.61201719372703,School,200,Active,Adugodi PS
CCTV00671_4,Adugodi PS - ATM CCTV,525,Bengaluru Urban,5542,Bengaluru North,,,939475,Ullalu K.G,12.941977314914523,77.6118211921592,ATM,150,Maintenance,Adugodi PS
CCTV00671_5,Adugodi PS - Traffic Junction CCTV,525,Bengaluru Urban,7103,Yelahanka,272979.0,Meenukunte,612896,Chokkanahalli,12.94256412274059,77.61273974331084,Traffic Junction,200,Active,Adugodi PS
CCTV00671_6,Adugodi PS - Traffic Junction CCTV,525,Bengaluru Urban,5543,Bengaluru South,215385.0,Kumbalagodu,613062,Kumbalagodu (Ct),12.94118632349401,77.61197189854305,Traffic Junction,100,Active,Adugodi PS
CCTV00672_1,Adugodi Traffic PS - Market CCTV,525,Bengaluru Urban,5545,Anekal,215333.0,Mugaluru,613247,Kuthaganahalli,12.56272808160381,77.36409773090432,Market,100,Active,Adugodi Traffic PS
CCTV00672_2,Adugodi Traffic PS - Market CCTV,525,Bengaluru Urban,5542,Bengaluru North,215344.0,Alur,612775,Thammenahalli,12.563936886580345,77.36182628114359,Market,100,Active,Adugodi Traffic PS
CCTV00672_3,Adugodi Traffic PS - College CCTV,525,Bengaluru Urban,5543,Bengaluru South,,,938443,Sonnenahalli,12.563890019409504,77.36426665116991,College,150,Active,Adugodi Traffic PS
CCTV00672_4,Adugodi Traffic PS - School CCTV,525,Bengaluru Urban,5544,Bengaluru East,,,938252,Sonnenahalli,12.564191432836786,77.36440909924158,School,100,Maintenance,Adugodi Traffic PS
CCTV00673_1,Airport Traffic PS - ATM CCTV,525,Bengaluru Urban,5544,Bengaluru East,,,938265,Kempapura,12.959093146928256,77.66861820489736,ATM,100,Active,Airport Traffic PS
CCTV00673_2,Airport Traffic PS - Market CCTV,525,Bengaluru Urban,5542,Bengaluru North,,,939473,Sunkenahalli,12.958859471808182,77.66882970148895,Market,150,Active,Airport Traffic PS
CCTV00673_3,Airport Traffic PS - Government Hospital CCTV,525,Bengaluru Urban,5544,Bengaluru East,,,938244,Hagaduru,12.95985710628155,77.66795542593285,Government Hospital,150,Active,Airport Traffic PS
CCTV00673_4,Airport Traffic PS - Bank CCTV,525,Bengaluru Urban,5543,Bengaluru South,215378.0,Chunchanakuppe,613006,Chikkellur,12.960484685243935,77.66704185188085,Bank,150,Active,Airport Traffic PS
CCTV00673_5,Airport Traffic PS - Traffic Junction CCTV,525,Bengaluru Urban,5543,Bengaluru South,215389.0,Sulikere,613018,Kommaghatta - Krishnasagara,12.959205457285535,77.66815260903338,Traffic Junction,100,Active,Airport Traffic PS
CCTV00674_1,Amruthahally PS - Government Hospital CCTV,525,Bengaluru Urban,5544,Bengaluru East,,,938259,Vijanapura,13.05634581559586,77.59835825911249,Government Hospital,100,Active,Amruthahally PS
CCTV00674_2,Amruthahally PS - Traffic Junction CCTV,525,Bengaluru Urban,5542,Bengaluru North,215370.0,Sondekoppa,612784,Venkatapura,13.05678402874679,77.59756760527456,Traffic Junction,150,Active,Amruthahally PS
CCTV00674_3,Amruthahally PS - Government Office CCTV,525,Bengaluru Urban,5544,Bengaluru East,245241.0,Kannuru,613068,Yerappanahalli,13.05792215342766,77.59785867408469,Government Office,150,Maintenance,Amruthahally PS
CCTV00674_4,Amruthahally PS - Bus Stand CCTV,525,Bengaluru Urban,5543,Bengaluru South,,,938411,Madivala,13.055953824569126,77.59874804275067,Bus Stand,150,Maintenance,Amruthahally PS
CCTV00675_1,Annapoorneshwari Nagar PS - Government Office CCTV,525,Bengaluru Urban,5543,Bengaluru South,215382.0,K.Gollahalli,613033,Gangasandra,12.969568358893508,77.51267753214867,Government Office,200,Active,Annapoorneshwari Nagar PS
CCTV00675_2,Annapoorneshwari Nagar PS - Railway Station CCTV,525,Bengaluru Urban,5543,Bengaluru South,,,938421,Haralukunte,12.970092675633307,77.51147749889901,Railway Station,200,Active,Annapoorneshwari Nagar PS
CCTV00675_3,Annapoorneshwari Nagar PS - School CCTV,525,Bengaluru Urban,7103,Yelahanka,215360.0,Kasagattapura,612880,Kumbarahalli,12.968621831906226,77.51174254816286,School,150,Maintenance,Annapoorneshwari Nagar PS
CCTV00675_4,Annapoorneshwari Nagar PS - Government Hospital CCTV,525,Bengaluru Urban,5542,Bengaluru North,,,938322,Kadugondanahalli,12.968450629549837,77.5136588942869,Government Hospital,100,Active,Annapoorneshwari Nagar PS
CCTV00676_1,Ashoknagar PS - Bus Stand CCTV,525,Bengaluru Urban,7103,Yelahanka,,,938531,Allalasandra,12.58110901834368,77.36462030219083,Bus Stand,200,Active,Ashoknagar PS
CCTV00676_2,Ashoknagar PS - Government Hospital CCTV,525,Bengaluru Urban,5544,Bengaluru East,215386.0,Manduru,613096,Lagumenahalli,12.580356712637757,77.36333091994909,Government Hospital,200,Active,Ashoknagar PS
CCTV00676_3,Ashoknagar PS - Traffic Junction CCTV,525,Bengaluru Urban,5542,Bengaluru North,,,938497,Shettihalli,12.582726276497878,77.36267722973635,Traffic Junction,150,Active,Ashoknagar PS
CCTV00677_1,Ashoknagar Traffic PS - Government Hospital CCTV,525,Bengaluru Urban,5544,Bengaluru East,,,938306,Kasavanahalli,12.582236879926956,77.36502623092885,Government Hospital,200,Active,Ashoknagar Traffic PS
CCTV00677_2,Ashoknagar Traffic PS - Traffic Junction CCTV,525,Bengaluru Urban,5545,Anekal,215338.0,Samandur,613352,Channena Agrahara,12.582414941904256,77.36338714142293,Traffic Junction,100,Active,Ashoknagar Traffic PS
CCTV00677_3,Ashoknagar Traffic PS - Traffic Junction CCTV,525,Bengaluru Urban,5545,Anekal,215336.0,Neriga,613211,Halasahalli Thippasandra,12.581047314363165,77.36260832895316,Traffic Junction,100,Active,Ashoknagar Traffic PS
CCTV00677_4,Ashoknagar Traffic PS - Bank CCTV,525,Bengaluru Urban,7103,Yelahanka,215358.0,Hurulichikkanahalli,612869,Thammarasanahalli,12.581880155796675,77.36261865755489,Bank,100,Active,Ashoknagar Traffic PS
CCTV00678_1,Avalahally PS - Railway Station CCTV,525,Bengaluru Urban,5543,Bengaluru South,272983.0,Ajjanahalli,612984,Ajjanahalli,13.629102495867041,77.34132935396337,Railway Station,100,Maintenance,Avalahally PS
CCTV00678_2,Avalahally PS - Market CCTV,525,Bengaluru Urban,5545,Anekal,215313.0,Bannerugatta,613132,Bannerughatta,13.627636773720448,77.34182721445879,Market,150,Active,Avalahally PS
CCTV00678_3,Avalahally PS - Market CCTV,525,Bengaluru Urban,5542,Bengaluru North,215362.0,Kodigehalli,612823,Seegehalli,13.629309770853814,77.34083871182708,Market,200,Active,Avalahally PS
CCTV00678_4,Avalahally PS - Government Hospital CCTV,525,Bengaluru Urban,5543,Bengaluru South,,,938420,Ellukunte,13.62684964925136,77.34103888410422,Government Hospital,100,Maintenance,Avalahally PS
CCTV00678_5,Avalahally PS - Government Hospital CCTV,525,Bengaluru Urban,5545,Anekal,215319.0,Handenahalli,613227,S.Medihalli,13.62830258365962,77.34007427000394,Government Hospital,100,Active,Avalahally PS
CCTV00679_1,Bagalagunte PS - Market CCTV,525,Bengaluru Urban,5545,Anekal,215324.0,Huskur,613194,Chokkasandra,13.059227587289556,77.50463802715404,Market,150,Maintenance,Bagalagunte PS
CCTV00679_2,Bagalagunte PS - Government Office CCTV,525,Bengaluru Urban,7103,Yelahanka,215353.0,Doddajala,612888,Navarathna Agrahara,13.059951786455281,77.50330260395981,Government Office,150,Active,Bagalagunte PS
CCTV00679_3,Bagalagunte PS - ATM CCTV,525,Bengaluru Urban,5545,Anekal,,,613261,Chandapura,13.060881897270413,77.50239826326019,ATM,150,Maintenance,Bagalagunte PS
CCTV00679_4,Bagalagunte PS - Market CCTV,525,Bengaluru Urban,5542,Bengaluru North,,,938340,Nagashetti Halli,13.059481284155785,77.50280913416219,Market,200,Active,Bagalagunte PS
CCTV00679_5,Bagalagunte PS - Railway Station CCTV,525,Bengaluru Urban,5545,Anekal,272972.0,Billapura,613232,Buragunte,13.059831475616734,77.5027738922055,Railway Station,100,Active,Bagalagunte PS
CCTV00680_1,Bagalur PS - Government Hospital CCTV,525,Bengaluru Urban,5542,Bengaluru North,,,939428,Doddakunte Rudra Bhoomi,12.835732312673338,77.8677073897381,Government Hospital,150,Maintenance,Bagalur PS
CCTV00680_2,Bagalur PS - Bank CCTV,525,Bengaluru Urban,5543,Bengaluru South,,,938448,Sompura,12.834699854411642,77.86748323696959,Bank,200,Maintenance,Bagalur PS
CCTV00680_3,Bagalur PS - Bus Stand CCTV,525,Bengaluru Urban,5544,Bengaluru East,,,938248,Nallurahalli,12.8341688761831,77.86772502002373,Bus Stand,150,Maintenance,Bagalur PS
CCTV00680_4,Bagalur PS - Government Hospital CCTV,525,Bengaluru Urban,7103,Yelahanka,215367.0,Rajanukunte,612834,Adde Vishwanathapura,12.835177318572143,77.86933281187214,Government Hospital,200,Active,Bagalur PS
CCTV00681_1,Banasawadi Traffic PS - School CCTV,525,Bengaluru Urban,5545,Anekal,215338.0,Samandur,613343,Kurubarahatti,13.019748595962943,77.6406798799951,School,150,Active,Banasawadi Traffic PS
CCTV00681_2,Banasawadi Traffic PS - Market CCTV,525,Bengaluru Urban,5545,Anekal,,,613355,Hebbagodi (Ct),13.018878836118413,77.64130179494937,Market,100,Maintenance,Banasawadi Traffic PS
CCTV00681_3,Banasawadi Traffic PS - Market CCTV,525,Bengaluru Urban,7103,Yelahanka,215358.0,Hurulichikkanahalli,612864,Ivar Kandapura,13.018549681771079,77.64121832610535,Market,200,Active,Banasawadi Traffic PS
CCTV00681_4,Banasawadi Traffic PS - College CCTV,525,Bengaluru Urban,5545,Anekal,215334.0,Muttanalluru,613205,Chikkathimmasandra,13.018387090595935,77.64123046420168,College,150,Maintenance,Banasawadi Traffic PS
CCTV00681_5,Banasawadi Traffic PS - Bank CCTV,525,Bengaluru Urban,5544,Bengaluru East,,,938284,Bellanduru,13.020174412557823,77.64149749401055,Bank,200,Maintenance,Banasawadi Traffic PS
CCTV00682_1,Banashankari PS - Market CCTV,525,Bengaluru Urban,7103,Yelahanka,215366.0,Marenahalli,612928,Dasanayakanahalli,13.109163120222947,77.3814539646239,Market,150,Active,Banashankari PS
CCTV00682_2,Banashankari PS - ATM CCTV,525,Bengaluru Urban,5543,Bengaluru South,215377.0,Choolanayakanahalli,612964,Varthur,13.109167419467227,77.38179843353171,ATM,100,Active,Banashankari PS
CCTV00682_3,Banashankari PS - Bus Stand CCTV,525,Bengaluru Urban,5544,Bengaluru East,,,938236,K Narayanapura,13.109919586742777,77.38348979874553,Bus Stand,150,Active,Banashankari PS
CCTV00683_1,Banaswadi PS - Traffic Junction CCTV,525,Bengaluru Urban,5542,Bengaluru North,215361.0,Kittanahalli,612788,Gowdahalli,12.93070254283382,77.56762841614132,Traffic Junction,150,Active,Banaswadi PS
CCTV00683_2,Banaswadi PS - College CCTV,525,Bengaluru Urban,5545,Anekal,215331.0,Marasur,613319,Bandapura,12.929629241272234,77.56883792364962,College,200,Active,Banaswadi PS
CCTV00683_3,Banaswadi PS - ATM CCTV,525,Bengaluru Urban,5545,Anekal,215336.0,Neriga,613239,Nekkundi Dommasandra,12.930025453901617,77.5690466037418,ATM,200,Maintenance,Banaswadi PS
CCTV00683_4,Banaswadi PS - Railway Station CCTV,525,Bengaluru Urban,5545,Anekal,215325.0,Indlavadi,613300,Thimmasandra,12.929287456134656,77.5670656053803,Railway Station,150,Active,Banaswadi PS
CCTV00684_1,Bandepalya PS - Market CCTV,525,Bengaluru Urban,5542,Bengaluru North,215361.0,Kittanahalli,612811,Gattisiddanahalli,12.543143873037856,77.38234010006228,Market,200,Active,Bandepalya PS
CCTV00684_2,Bandepalya PS - ATM CCTV,525,Bengaluru Urban,5543,Bengaluru South,,,938408,Jakkasandra,12.541059692896441,77.3820888587644,ATM,150,Active,Bandepalya PS
CCTV00684_3,Bandepalya PS - Market CCTV,525,Bengaluru Urban,5543,Bengaluru South,215377.0,Choolanayakanahalli,612960,Naganahalli,12.541335979042602,77.38214337570395,Market,200,Active,Bandepalya PS
CCTV00685_1,Basavanagudi PS - College CCTV,525,Bengaluru Urban,5542,Bengaluru North,,,939463,Rajamahal,12.943490981005116,77.5757125010666,College,100,Maintenance,Basavanagudi PS
CCTV00685_2,Basavanagudi PS - Bus Stand CCTV,525,Bengaluru Urban,5545,Anekal,215340.0,Suragajakkanahalli,613297,Suragajakkanahalli,12.941179702353525,77.57435696961522,Bus Stand,150,Maintenance,Basavanagudi PS
CCTV00685_3,Basavanagudi PS - Government Hospital CCTV,525,Bengaluru Urban,5544,Bengaluru East,245241.0,Kannuru,613072,Bandebommasandra,12.941189245667436,77.57493729602234,Government Hospital,150,Active,Basavanagudi PS
CCTV00685_4,Basavanagudi PS - Traffic Junction CCTV,525,Bengaluru Urban,5542,Bengaluru North,,,939407,Akkithimmanahalli,12.943401281801647,77.57303017537619,Traffic Junction,150,Active,Basavanagudi PS
CCTV00685_5,Basavanagudi PS - Bus Stand CCTV,525,Bengaluru Urban,5542,Bengaluru North,,,938403,Peenya,12.941435081284956,77.57556944685253,Bus Stand,150,Maintenance,Basavanagudi PS
CCTV00686_1,Basavanagudi Traffic PS - Government Office CCTV,525,Bengaluru Urban,5543,Bengaluru South,,,938487,Vasantapura,77.57312961016163,12.94183431658451,Government Office,150,Active,Basavanagudi Traffic PS
CCTV00686_2,Basavanagudi Traffic PS - School CCTV,525,Bengaluru Urban,7103,Yelahanka,272979.0,Meenukunte,612890,Channahalli,77.57421528672185,12.940988180820256,School,200,Active,Basavanagudi Traffic PS
CCTV00686_3,Basavanagudi Traffic PS - ATM CCTV,525,Bengaluru Urban,7103,Yelahanka,,,938494,Kattigenahalli,77.57485010126418,12.940942511316422,ATM,100,Active,Basavanagudi Traffic PS
CCTV00686_4,Basavanagudi Traffic PS - Market CCTV,525,Bengaluru Urban,5543,Bengaluru South,215378.0,Chunchanakuppe,613008,Chikkellur Ramapura,77.57578310782796,12.940691828722892,Market,150,Active,Basavanagudi Traffic PS
CCTV00687_1,Basavanagudi Women PS - Government Hospital CCTV,525,Bengaluru Urban,5544,Bengaluru East,,,938297,Kariyammana Agrahara,12.928944317299402,77.56838310812489,Government Hospital,150,Active,Basavanagudi Women PS
CCTV00687_2,Basavanagudi Women PS - Market CCTV,525,Bengaluru Urban,5544,Bengaluru East,,,938216,Kowdenahalli,12.92797293510742,77.56897455583982,Market,100,Active,Basavanagudi Women PS
CCTV00687_3,Basavanagudi Women PS - Railway Station CCTV,525,Bengaluru Urban,5545,Anekal,215332.0,Mayasandra,613276,Muthasandra,12.928887041079532,77.56809951940767,Railway Station,150,Maintenance,Basavanagudi Women PS
CCTV00688_1,Beguru PS - Railway Station CCTV,525,Bengaluru Urban,5542,Bengaluru North,215361.0,Kittanahalli,612810,Kittana Halli,12.87684187191899,77.6237476788123,Railway Station,100,Maintenance,Beguru PS
CCTV00688_2,Beguru PS - ATM CCTV,525,Bengaluru Urban,5544,Bengaluru East,,,938288,Doddakannalli,12.876634004549489,77.62316406420244,ATM,150,Active,Beguru PS
CCTV00688_3,Beguru PS - Railway Station CCTV,525,Bengaluru Urban,5545,Anekal,215333.0,Mugaluru,613250,Mahal Chowdadenahalli,12.876921014723326,77.6249863249213,Railway Station,200,Maintenance,Beguru PS
CCTV00688_4,Beguru PS - ATM CCTV,525,Bengaluru Urban,5543,Bengaluru South,,,938435,Kalena Agrahara,12.879369405150618,77.62298547359228,ATM,150,Active,Beguru PS
CCTV00688_5,Beguru PS - Railway Station CCTV,525,Bengaluru Urban,5545,Anekal,215338.0,Samandur,613342,Muthagatti,12.879159003835095,77.62451430429164,Railway Station,200,Active,Beguru PS
CCTV00688_6,Beguru PS - ATM CCTV,525,Bengaluru Urban,7103,Yelahanka,215372.0,Sonnenahalli,612827,Challahalli,12.87881944720884,77.62537346553614,ATM,200,Active,Beguru PS
CCTV00689_1,Bellanduru PS - Railway Station CCTV,525,Bengaluru Urban,5544,Bengaluru East,,,938275,Munnekolalu,12.919310033364482,77.66918439760066,Railway Station,200,Maintenance,Bellanduru PS
CCTV00689_2,Bellanduru PS - Government Office CCTV,525,Bengaluru Urban,5542,Bengaluru North,,,939448,Kasaba Yeshawanthapura,12.918479708474544,77.66769577800035,Government Office,150,Active,Bellanduru PS
CCTV00689_3,Bellanduru PS - Bus Stand CCTV,525,Bengaluru Urban,5544,Bengaluru East,215374.0,Avalahalli,613100,Cheemasandra,12.919125227644344,77.66756484249686,Bus Stand,200,Maintenance,Bellanduru PS
CCTV00690_1,Bharathi Nagar PS - Bank CCTV,525,Bengaluru Urban,5544,Bengaluru East,,,938293,Kadubeesanahalli,12.992390629734468,77.61097172276185,Bank,150,Active,Bharathi Nagar PS
CCTV00690_2,Bharathi Nagar PS - Railway Station CCTV,525,Bengaluru Urban,5545,Anekal,215335.0,Neraluru,613268,Neralur,12.992664124002367,77.61206746434657,Railway Station,100,Active,Bharathi Nagar PS
CCTV00690_3,Bharathi Nagar PS - Bank CCTV,525,Bengaluru Urban,5543,Bengaluru South,215382.0,K.Gollahalli,613025,Kengeri Gollahalli,12.99264719221057,77.61184313910972,Bank,100,Active,Bharathi Nagar PS
CCTV00691_1,BIAL PS - College CCTV,525,Bengaluru Urban,5544,Bengaluru East,,,939503,Byyappanahalli Manavarthe Kaval,13.200210533244233,77.7060089128305,College,150,Active,BIAL PS
CCTV00691_2,BIAL PS - ATM CCTV,525,Bengaluru Urban,5543,Bengaluru South,272983.0,Ajjanahalli,612984,Ajjanahalli,13.199032653690216,77.70659397729011,ATM,200,Maintenance,BIAL PS
CCTV00691_3,BIAL PS - Traffic Junction CCTV,525,Bengaluru Urban,5545,Anekal,215335.0,Neraluru,613266,Thirumagondanahalli,13.198731684134543,77.704981225428,Traffic Junction,150,Active,BIAL PS
CCTV00691_4,BIAL PS - School CCTV,525,Bengaluru Urban,7103,Yelahanka,215360.0,Kasagattapura,612883,Guniagrahara,13.198282534070735,77.70466254584076,School,100,Active,BIAL PS
CCTV00692_1,BIAL Traffic PS - ATM CCTV,525,Bengaluru Urban,5545,Anekal,215327.0,Kallubalu,613170,Konasandra,13.201017709422599,77.70936866249151,ATM,100,Active,BIAL Traffic PS
CCTV00692_2,BIAL Traffic PS - ATM CCTV,525,Bengaluru Urban,5542,Bengaluru North,,,939450,Kaval Byrasandra,13.201237414543549,77.70822545608016,ATM,150,Active,BIAL Traffic PS
CCTV00692_3,BIAL Traffic PS - Bank CCTV,525,Bengaluru Urban,5543,Bengaluru South,272983.0,Ajjanahalli,612975,Madapatna,13.20031704735861,77.71017036569691,Bank,100,Active,BIAL Traffic PS
CCTV00692_4,BIAL Traffic PS - Market CCTV,525,Bengaluru Urban,5543,Bengaluru South,,,939494,Tavarekere ( Begur Hobli),13.2016275944452,77.71053984035838,Market,150,Maintenance,BIAL Traffic PS
CCTV00693_1,Bommanahalli PS - Market CCTV,525,Bengaluru Urban,5545,Anekal,215340.0,Suragajakkanahalli,613326,Anekal (Rural),77.62405867967578,12.909542739251924,Market,200,Active,Bommanahalli PS
CCTV00693_2,Bommanahalli PS - Traffic Junction CCTV,525,Bengaluru Urban,5545,Anekal,215336.0,Neriga,613236,Gonighattapura,77.62508801774858,12.910148378801795,Traffic Junction,100,Active,Bommanahalli PS
CCTV00693_3,Bommanahalli PS - Government Hospital CCTV,525,Bengaluru Urban,5542,Bengaluru North,215370.0,Sondekoppa,612784,Venkatapura,77.62499669732489,12.910425114454139,Government Hospital,100,Active,Bommanahalli PS
CCTV00693_4,Bommanahalli PS - Railway Station CCTV,525,Bengaluru Urban,7103,Yelahanka,215354.0,Gantiganahalli,612942,Jarakbandekaval,77.62536234954693,12.91015768410631,Railway Station,200,Maintenance,Bommanahalli PS
CCTV00694_1,Byadarahalli PS - Traffic Junction CCTV,525,Bengaluru Urban,5545,Anekal,215328.0,Karpur,613344,Haldenahalli,12.986955465137395,77.48841396361335,Traffic Junction,150,Maintenance,Byadarahalli PS
CCTV00694_2,Byadarahalli PS - School CCTV,525,Bengaluru Urban,5544,Bengaluru East,,,938262,Challaghatta,12.98536163186534,77.48885845271035,School,100,Active,Byadarahalli PS
CCTV00694_3,Byadarahalli PS - ATM CCTV,525,Bengaluru Urban,5542,Bengaluru North,215363.0,Machohalli,612816,Machohalli,12.985540345340167,77.48970491989068,ATM,100,Maintenance,Byadarahalli PS
CCTV00694_4,Byadarahalli PS - ATM CCTV,525,Bengaluru Urban,7103,Yelahanka,215350.0,Chikkajala,612897,Chikkajala,12.986970467604795,77.48872213505723,ATM,100,Active,Byadarahalli PS
CCTV00694_5,Byadarahalli PS - Government Hospital CCTV,525,Bengaluru Urban,5545,Anekal,215316.0,Byagadadenahalli,613322,Avadadenahalli,12.986050513698208,77.48938363285399,Government Hospital,100,Active,Byadarahalli PS
CCTV00695_1,Byappanahalli PS - Government Office CCTV,525,Bengaluru Urban,7103,Yelahanka,215353.0,Doddajala,612904,Chikkanahalli,12.99251234192205,77.65665367263927,Government Office,150,Active,Byappanahalli PS
CCTV00695_2,Byappanahalli PS - Bus Stand CCTV,525,Bengaluru Urban,7103,Yelahanka,,,939514,Kempapura ( Yelahanka Hobli),12.991823446107771,77.65713494727486,Bus Stand,150,Maintenance,Byappanahalli PS
CCTV00695_3,Byappanahalli PS - ATM CCTV,525,Bengaluru Urban,5542,Bengaluru North,,,938508,Lingadheeranahalli,12.991021248308083,77.6568722798343,ATM,100,Active,Byappanahalli PS
CCTV00695_4,Byappanahalli PS - Government Office CCTV,525,Bengaluru Urban,5544,Bengaluru East,,,938278,Sorahunase,12.99325834776383,77.6553760705852,Government Office,100,Active,Byappanahalli PS
CCTV00695_5,Byappanahalli PS - Bank CCTV,525,Bengaluru Urban,5542,Bengaluru North,,,612807,K.G. Lakkenahalli,12.991134105483884,77.65600928809165,Bank,200,Active,Byappanahalli PS
CCTV00696_1,Byatarayanapura PS - Traffic Junction CCTV,525,Bengaluru Urban,5545,Anekal,215334.0,Muttanalluru,613207,Kommasandra,12.95260365130386,77.54068285486773,Traffic Junction,150,Active,Byatarayanapura PS
CCTV00696_2,Byatarayanapura PS - Government Hospital CCTV,525,Bengaluru Urban,5544,Bengaluru East,,,939511,Srinivasapura K.G,12.951406834221812,77.54030078299039,Government Hospital,150,Maintenance,Byatarayanapura PS
CCTV00696_3,Byatarayanapura PS - College CCTV,525,Bengaluru Urban,7103,Yelahanka,215353.0,Doddajala,612907,Meesaganahalli,12.951660367786806,77.53871395552181,College,100,Active,Byatarayanapura PS
CCTV00697_1,Byatrarayanapura Traffic PS - Market CCTV,525,Bengaluru Urban,5543,Bengaluru South,215377.0,Choolanayakanahalli,612963,Varthur Narasimhapura K.G,12.952365059249045,77.53991148326537,Market,200,Active,Byatrarayanapura Traffic PS
CCTV00697_2,Byatrarayanapura Traffic PS - School CCTV,525,Bengaluru Urban,5544,Bengaluru East,,,938254,B Narayanapura,12.949910406006946,77.54074891257909,School,100,Active,Byatrarayanapura Traffic PS
CCTV00697_3,Byatrarayanapura Traffic PS - ATM CCTV,525,Bengaluru Urban,5545,Anekal,215330.0,Mantapa,613144,Hullahalli,12.952312830044113,77.54068898894609,ATM,100,Active,Byatrarayanapura Traffic PS
CCTV00697_4,Byatrarayanapura Traffic PS - Government Office CCTV,525,Bengaluru Urban,7103,Yelahanka,272979.0,Meenukunte,612896,Chokkanahalli,12.951451694173329,77.541557243792,Government Office,150,Active,Byatrarayanapura Traffic PS
CCTV00697_5,Byatrarayanapura Traffic PS - ATM CCTV,525,Bengaluru Urban,5544,Bengaluru East,,,938232,Horamavu,12.952111052226861,77.53906009672373,ATM,100,Active,Byatrarayanapura Traffic PS
CCTV00697_6,Byatrarayanapura Traffic PS - Bank CCTV,525,Bengaluru Urban,5542,Bengaluru North,215355.0,Gopalapura,612750,Kukkanahalli,12.952108031862556,77.54092730783564,Bank,150,Active,Byatrarayanapura Traffic PS
CCTV00698_1,Chamarajpet PS - College CCTV,525,Bengaluru Urban,5543,Bengaluru South,,,938471,Hosahalli,12.960769141794735,77.56472247160679,College,150,Active,Chamarajpet PS
CCTV00698_2,Chamarajpet PS - Market CCTV,525,Bengaluru Urban,5543,Bengaluru South,,,938476,Arehalli,12.960723072901686,77.56324080798048,Market,200,Active,Chamarajpet PS
CCTV00698_3,Chamarajpet PS - College CCTV,525,Bengaluru Urban,5544,Bengaluru East,,,939511,Srinivasapura K.G,12.959569243400464,77.56507932249379,College,100,Active,Chamarajpet PS
CCTV00698_4,Chamarajpet PS - Traffic Junction CCTV,525,Bengaluru Urban,5545,Anekal,215340.0,Suragajakkanahalli,613309,Gowrenahalli,12.96090020251431,77.56402276631114,Traffic Junction,200,Maintenance,Chamarajpet PS
CCTV00698_5,Chamarajpet PS - Bank CCTV,525,Bengaluru Urban,5542,Bengaluru North,215370.0,Sondekoppa,612799,Nagasandra,12.960615896880011,77.5657414308506,Bank,100,Active,Chamarajpet PS
CCTV00698_6,Chamarajpet PS - Market CCTV,525,Bengaluru Urban,5542,Bengaluru North,,,938338,Kaval Bairasandra,12.95942858631143,77.56366338809605,Market,100,Active,Chamarajpet PS
CCTV00699_1,Chamarajpet Traffic PS - Market CCTV,525,Bengaluru Urban,5544,Bengaluru East,,,938273,Gunjuru,12.959696748682376,77.56452408237533,Market,200,Maintenance,Chamarajpet Traffic PS
CCTV00699_2,Chamarajpet Traffic PS - Market CCTV,525,Bengaluru Urban,5543,Bengaluru South,,,938408,Jakkasandra,12.959293985550001,77.56350398878385,Market,150,Active,Chamarajpet Traffic PS
CCTV00699_3,Chamarajpet Traffic PS - School CCTV,525,Bengaluru Urban,5545,Anekal,215334.0,Muttanalluru,613203,Muthanallur Amanikere,12.961685861140621,77.56562520428285,School,200,Maintenance,Chamarajpet Traffic PS
CCTV00699_4,Chamarajpet Traffic PS - School CCTV,525,Bengaluru Urban,5544,Bengaluru East,215386.0,Manduru,613096,Lagumenahalli,12.961565765411274,77.56521037622909,School,200,Maintenance,Chamarajpet Traffic PS
CCTV00700_1,Chandra Layout PS - College CCTV,525,Bengaluru Urban,5543,Bengaluru South,,,938466,Puttenahalli,12.95876560585305,77.52887949128421,College,200,Active,Chandra Layout PS
CCTV00700_2,Chandra Layout PS - Bus Stand CCTV,525,Bengaluru Urban,5544,Bengaluru East,,,938258,Mahadevapura,12.95830300439219,77.52838137800343,Bus Stand,150,Active,Chandra Layout PS
CCTV00700_3,Chandra Layout PS - Market CCTV,525,Bengaluru Urban,5543,Bengaluru South,215378.0,Chunchanakuppe,613003,Kolur Nanjundapura,12.957980390762314,77.52879462723307,Market,100,Active,Chandra Layout PS
CCTV00700_4,Chandra Layout PS - Bus Stand CCTV,525,Bengaluru Urban,5543,Bengaluru South,,,938441,Kengeri,12.957972840499488,77.52770655377131,Bus Stand,200,Active,Chandra Layout PS
CCTV00700_5,Chandra Layout PS - Bank CCTV,525,Bengaluru Urban,7103,Yelahanka,215348.0,Bettahalasooru,612885,Kuduragere,12.958761671496735,77.52877505348552,Bank,100,Maintenance,Chandra Layout PS
CCTV00701_1,Channammanakere Achu Kattu PS - School CCTV,525,Bengaluru Urban,7103,Yelahanka,215345.0,Arekere,612832,Marasandra Amanikere,12.930488820903074,77.55954494923448,School,200,Maintenance,Channammanakere Achu Kattu PS
CCTV00701_2,Channammanakere Achu Kattu PS - Railway Station CCTV,525,Bengaluru Urban,5542,Bengaluru North,215361.0,Kittanahalli,612788,Gowdahalli,12.928840300165461,77.5618631448553,Railway Station,100,Active,Channammanakere Achu Kattu PS
CCTV00701_3,Channammanakere Achu Kattu PS - Traffic Junction CCTV,525,Bengaluru Urban,5543,Bengaluru South,,,939481,Ganakallu K.G,12.929074531931372,77.56147462065815,Traffic Junction,150,Active,Channammanakere Achu Kattu PS
CCTV00701_4,Channammanakere Achu Kattu PS - Bus Stand CCTV,525,Bengaluru Urban,5545,Anekal,215333.0,Mugaluru,613245,Kugur,12.92961047613624,77.56097847081968,Bus Stand,150,Active,Channammanakere Achu Kattu PS
CCTV00702_1,Chikkajala PS - Government Office CCTV,525,Bengaluru Urban,5545,Anekal,215330.0,Mantapa,613134,Kalkere,13.17219557941871,77.63390260754545,Government Office,150,Maintenance,Chikkajala PS
CCTV00702_2,Chikkajala PS - Traffic Junction CCTV,525,Bengaluru Urban,5545,Anekal,215341.0,Vanakanahalli,613328,Sunavara,13.174042115430582,77.6318980601814,Traffic Junction,100,Active,Chikkajala PS
CCTV00702_3,Chikkajala PS - School CCTV,525,Bengaluru Urban,5542,Bengaluru North,,,939444,Jedihalli J.I,13.173108034045026,77.63244377115451,School,100,Active,Chikkajala PS
CCTV00702_4,Chikkajala PS - School CCTV,525,Bengaluru Urban,5545,Anekal,215327.0,Kallubalu,613150,Kalbalu,13.172852956465722,77.63357055822135,School,100,Maintenance,Chikkajala PS
CCTV00702_5,Chikkajala PS - Traffic Junction CCTV,525,Bengaluru Urban,5545,Anekal,215340.0,Suragajakkanahalli,613326,Anekal (Rural),13.173380459305616,77.63442200081211,Traffic Junction,200,Maintenance,Chikkajala PS
CCTV00702_6,Chikkajala PS - Market CCTV,525,Bengaluru Urban,5544,Bengaluru East,,,938306,Kasavanahalli,13.17270232966587,77.63452188024688,Market,200,Active,Chikkajala PS
CCTV00703_1,Chikkajala Traffic PS - Railway Station CCTV,525,Bengaluru Urban,7103,Yelahanka,215369.0,Singanayakanahalli,612859,Madappanahalli,13.172456252834658,77.6329045234737,Railway Station,100,Active,Chikkajala Traffic PS
CCTV00703_2,Chikkajala Traffic PS - ATM CCTV,525,Bengaluru Urban,5544,Bengaluru East,,,938245,Hudi,13.172761777840213,77.63449379849531,ATM,100,Active,Chikkajala Traffic PS
CCTV00703_3,Chikkajala Traffic PS - Bank CCTV,525,Bengaluru Urban,5544,Bengaluru East,215386.0,Manduru,613090,Thirumenahalli,13.172840641121532,77.63264262069286,Bank,150,Maintenance,Chikkajala Traffic PS
CCTV00703_4,Chikkajala Traffic PS - Market CCTV,525,Bengaluru Urban,5545,Anekal,215340.0,Suragajakkanahalli,613310,Honnakalasapura,13.173070793348108,77.6324811533773,Market,150,Active,Chikkajala Traffic PS
CCTV00703_5,Chikkajala Traffic PS - Bank CCTV,525,Bengaluru Urban,5542,Bengaluru North,,,939407,Akkithimmanahalli,13.172455655629587,77.63308191374303,Bank,200,Maintenance,Chikkajala Traffic PS
CCTV00704_1,City Market Traffic PS - Bank CCTV,525,Bengaluru Urban,5544,Bengaluru East,215375.0,Bidarahalli,613083,Bidarahalli,12.949356778707983,77.57402683694885,Bank,150,Maintenance,City Market Traffic PS
CCTV00704_2,City Market Traffic PS - College CCTV,525,Bengaluru Urban,5543,Bengaluru South,,,938412,Rupena Agrahara,12.949974087230645,77.5753044575238,College,200,Active,City Market Traffic PS
CCTV00704_3,City Market Traffic PS - Bus Stand CCTV,525,Bengaluru Urban,5544,Bengaluru East,245242.0,Halanayakanahalli,613116,Chikkakannalli,12.951862446769926,77.57327226800915,Bus Stand,150,Active,City Market Traffic PS
CCTV00705_1,Commercial Street PS - Traffic Junction CCTV,525,Bengaluru Urban,7103,Yelahanka,215345.0,Arekere,612835,Arakere,12.98128963929071,77.60614574779048,Traffic Junction,100,Active,Commercial Street PS
CCTV00705_2,Commercial Street PS - Bank CCTV,525,Bengaluru Urban,7103,Yelahanka,215345.0,Arekere,612833,Suradenpura,12.981898679737617,77.60709547107162,Bank,100,Maintenance,Commercial Street PS
CCTV00705_3,Commercial Street PS - Government Hospital CCTV,525,Bengaluru Urban,5544,Bengaluru East,,,938228,Dasarahalli,12.981939678477303,77.60589428272957,Government Hospital,100,Active,Commercial Street PS
CCTV00705_4,Commercial Street PS - Traffic Junction CCTV,525,Bengaluru Urban,5544,Bengaluru East,,,938236,K Narayanapura,12.98267008686801,77.6050564384603,Traffic Junction,200,Active,Commercial Street PS
CCTV00705_5,Commercial Street PS - School CCTV,525,Bengaluru Urban,7103,Yelahanka,215345.0,Arekere,612836,Byrapura,12.982795909249342,77.60739295483708,School,100,Active,Commercial Street PS
CCTV00705_6,Commercial Street PS - College CCTV,525,Bengaluru Urban,5542,Bengaluru North,215355.0,Gopalapura,612760,Govindapura,12.980773420005036,77.60691380059747,College,200,Active,Commercial Street PS
CCTV00706_1,Cottonpet PS - ATM CCTV,525,Bengaluru Urban,5544,Bengaluru East,215386.0,Manduru,613090,Thirumenahalli,12.967766357025594,77.57099595537426,ATM,200,Maintenance,Cottonpet PS
CCTV00706_2,Cottonpet PS - ATM CCTV,525,Bengaluru Urban,5542,Bengaluru North,,,939464,Ranganathapura K.G,12.968640033149098,77.5711618826411,ATM,150,Active,Cottonpet PS
CCTV00706_3,Cottonpet PS - ATM CCTV,525,Bengaluru Urban,5542,Bengaluru North,272973.0,Adakamaarana Halli,612779,Adakamaranahalli,12.967760235866255,77.56912081534475,ATM,150,Active,Cottonpet PS
CCTV00707_1,Cubbon Park PS - College CCTV,525,Bengaluru Urban,5542,Bengaluru North,,,612776,Hanumantha Sagara,12.981198801684231,77.59816268909132,College,200,Active,Cubbon Park PS
CCTV00707_2,Cubbon Park PS - ATM CCTV,525,Bengaluru Urban,5544,Bengaluru East,245245.0,Kodathi,613117,Valepura,12.979156926948434,77.5980545099864,ATM,200,Active,Cubbon Park PS
CCTV00707_3,Cubbon Park PS - Market CCTV,525,Bengaluru Urban,5545,Anekal,215314.0,Bidaraguppe,613287,Jigala,12.97943282902569,77.59887798762139,Market,100,Active,Cubbon Park PS
CCTV00707_4,Cubbon Park PS - Bus Stand CCTV,525,Bengaluru Urban,5544,Bengaluru East,245241.0,Kannuru,613124,Kannur (Og),12.979772002438866,77.59737361295309,Bus Stand,200,Active,Cubbon Park PS
CCTV00708_1,Cubbonpark Traffic PS - Government Office CCTV,525,Bengaluru Urban,7103,Yelahanka,215369.0,Singanayakanahalli,612859,Madappanahalli,12.584061367329154,77.35590941115507,Government Office,100,Active,Cubbonpark Traffic PS
CCTV00708_2,Cubbonpark Traffic PS - Government Office CCTV,525,Bengaluru Urban,5542,Bengaluru North,,,938315,Devara Jeevanahalli,12.584168315895662,77.35480441228505,Government Office,100,Active,Cubbonpark Traffic PS
CCTV00708_3,Cubbonpark Traffic PS - Bus Stand CCTV,525,Bengaluru Urban,7103,Yelahanka,,,938544,Doddabettadahalli,12.583364063650876,77.35548824325126,Bus Stand,150,Active,Cubbonpark Traffic PS
CCTV00708_4,Cubbonpark Traffic PS - Government Office CCTV,525,Bengaluru Urban,5543,Bengaluru South,,,938424,Naganathapura,12.582882531512666,77.35536717070072,Government Office,200,Active,Cubbonpark Traffic PS
CCTV00708_5,Cubbonpark Traffic PS - Market CCTV,525,Bengaluru Urban,5542,Bengaluru North,,,612952,Chikkabidarakallu (Ct),12.582718904754476,77.35507892686162,Market,200,Active,Cubbonpark Traffic PS
CCTV00708_6,Cubbonpark Traffic PS - Market CCTV,525,Bengaluru Urban,5543,Bengaluru South,,,938490,Chikkakallasandra,12.58279339655248,77.35502397048003,Market,100,Active,Cubbonpark Traffic PS
CCTV00709_1,Cyber Crime Police Station - Market CCTV,525,Bengaluru Urban,5544,Bengaluru East,,,938236,K Narayanapura,12.981238585442599,77.58584249212217,Market,200,Active,Cyber Crime Police Station
CCTV00709_2,Cyber Crime Police Station - Bus Stand CCTV,525,Bengaluru Urban,7103,Yelahanka,215367.0,Rajanukunte,612834,Adde Vishwanathapura,12.981188483113982,77.58547917803804,Bus Stand,100,Active,Cyber Crime Police Station
CCTV00709_3,Cyber Crime Police Station - Government Office CCTV,525,Bengaluru Urban,5545,Anekal,215327.0,Kallubalu,613286,Giddenahalli,12.980180305557907,77.58616938356906,Government Office,200,Active,Cyber Crime Police Station
CCTV00709_4,Cyber Crime Police Station - ATM CCTV,525,Bengaluru Urban,5542,Bengaluru North,,,938497,Shettihalli,12.980955375434183,77.58654377747301,ATM,200,Active,Cyber Crime Police Station
CCTV00710_1,Devanahalli PS - Bus Stand CCTV,525,Bengaluru Urban,5542,Bengaluru North,,,939467,Nagasandra (Yeshwanthapur Hobli),13.246634768625047,77.71195686968127,Bus Stand,200,Active,Devanahalli PS
CCTV00710_2,Devanahalli PS - College CCTV,525,Bengaluru Urban,5545,Anekal,,,613261,Chandapura,13.244851320600489,77.71114842843085,College,200,Maintenance,Devanahalli PS
CCTV00710_3,Devanahalli PS - Bus Stand CCTV,525,Bengaluru Urban,7103,Yelahanka,215348.0,Bettahalasooru,612886,Gadenahalli,13.245111891315847,77.71287708492044,Bus Stand,200,Maintenance,Devanahalli PS
CCTV00710_4,Devanahalli PS - Market CCTV,525,Bengaluru Urban,5545,Anekal,,,613265,Iggalur,13.24691497164379,77.71214807475678,Market,200,Active,Devanahalli PS
CCTV00711_1,Devarajeevanahalli PS - Market CCTV,525,Bengaluru Urban,5542,Bengaluru North,272980.0,Sathanooru,925872,Hosahally,13.010263347664095,77.60884199884025,Market,200,Active,Devarajeevanahalli PS
CCTV00711_2,Devarajeevanahalli PS - School CCTV,525,Bengaluru Urban,5545,Anekal,,,613359,Attibele (Ct),13.008673430586635,77.60898179776382,School,150,Active,Devarajeevanahalli PS
CCTV00711_3,Devarajeevanahalli PS - School CCTV,525,Bengaluru Urban,5544,Bengaluru East,245242.0,Halanayakanahalli,613115,Halanayakanahalli,13.00913666953426,77.60939922131136,School,100,Active,Devarajeevanahalli PS
CCTV00711_4,Devarajeevanahalli PS - Government Office CCTV,525,Bengaluru Urban,5543,Bengaluru South,,,938445,Hammigepura,13.008872500923408,77.61101121264524,Government Office,100,Maintenance,Devarajeevanahalli PS
CCTV00711_5,Devarajeevanahalli PS - Traffic Junction CCTV,525,Bengaluru Urban,5542,Bengaluru North,,,938347,Doddabidarakallu,13.009578628188386,77.60991171783614,Traffic Junction,150,Active,Devarajeevanahalli PS
CCTV00712_1,East Zone Women PS - College CCTV,525,Bengaluru Urban,7103,Yelahanka,215360.0,Kasagattapura,612875,Kasagattapura,12.573684886427676,77.34685680719573,College,200,Maintenance,East Zone Women PS
CCTV00712_2,East Zone Women PS - Government Hospital CCTV,525,Bengaluru Urban,7103,Yelahanka,215346.0,Bagalur,612915,Bagalur,12.573972267165942,77.34572853247462,Government Hospital,150,Active,East Zone Women PS
CCTV00712_3,East Zone Women PS - Government Hospital CCTV,525,Bengaluru Urban,5542,Bengaluru North,,,939414,Baragi Muddenahalli,12.574449947338367,77.34498837192801,Government Hospital,200,Maintenance,East Zone Women PS
CCTV00712_4,East Zone Women PS - ATM CCTV,525,Bengaluru Urban,5545,Anekal,,,613162,Thirupalya,12.572710866373468,77.34688948970893,ATM,100,Active,East Zone Women PS
CCTV00712_5,East Zone Women PS - Market CCTV,525,Bengaluru Urban,7103,Yelahanka,,,938516,Govindapura,12.573445784120608,77.34505334680364,Market,100,Active,East Zone Women PS
CCTV00712_6,East Zone Women PS - Government Office CCTV,525,Bengaluru Urban,7103,Yelahanka,215347.0,Bandikodagehalli,612925,Mahadevakodigehalli,12.573253314156041,77.3461070040257,Government Office,200,Maintenance,East Zone Women PS
CCTV00713_1,Electronic City PS - Government Hospital CCTV,525,Bengaluru Urban,5544,Bengaluru East,,,938271,Yamaluru,12.502850917152072,77.39389046050879,Government Hospital,150,Active,Electronic City PS
CCTV00713_2,Electronic City PS - Railway Station CCTV,525,Bengaluru Urban,5544,Bengaluru East,245242.0,Halanayakanahalli,613121,Chikkanayakanahalli,12.502504738187525,77.39481544725855,Railway Station,100,Active,Electronic City PS
CCTV00713_3,Electronic City PS - Government Hospital CCTV,525,Bengaluru Urban,5543,Bengaluru South,,,938453,Nayandahalli,12.503335004238073,77.39596837780142,Government Hospital,150,Active,Electronic City PS
CCTV00713_4,Electronic City PS - School CCTV,525,Bengaluru Urban,5545,Anekal,215323.0,Hulimangala,613164,Vabasandra,12.502491658792263,77.39530974485587,School,150,Active,Electronic City PS
CCTV00714_1,Electronic City Traffic PS - School CCTV,525,Bengaluru Urban,5543,Bengaluru South,,,938474,Tippasandra,12.50095379944339,77.39351597073062,School,150,Maintenance,Electronic City Traffic PS
CCTV00714_2,Electronic City Traffic PS - Government Hospital CCTV,525,Bengaluru Urban,5543,Bengaluru South,215377.0,Choolanayakanahalli,612973,Thippagondanahalli,12.501759772872118,77.3930950458532,Government Hospital,150,Active,Electronic City Traffic PS
CCTV00714_3,Electronic City Traffic PS - Market CCTV,525,Bengaluru Urban,7103,Yelahanka,215347.0,Bandikodagehalli,612925,Mahadevakodigehalli,12.501274746982624,77.39280212439014,Market,100,Active,Electronic City Traffic PS
CCTV00714_4,Electronic City Traffic PS - Traffic Junction CCTV,525,Bengaluru Urban,7103,Yelahanka,215347.0,Bandikodagehalli,612921,Dummanur,12.502439905380653,77.39468982795684,Traffic Junction,150,Active,Electronic City Traffic PS
CCTV00714_5,Electronic City Traffic PS - Government Office CCTV,525,Bengaluru Urban,5545,Anekal,215322.0,Hennagara,613183,Ramakrishnapura,12.500849896750541,77.39573136946335,Government Office,100,Maintenance,Electronic City Traffic PS
CCTV00714_6,Electronic City Traffic PS - ATM CCTV,525,Bengaluru Urban,5544,Bengaluru East,,,938254,B Narayanapura,12.502559985105757,77.39303793745084,ATM,150,Active,Electronic City Traffic PS
CCTV00715_1,Gangammana Gudi PS - School CCTV,525,Bengaluru Urban,7103,Yelahanka,215366.0,Marenahalli,612931,Chokkana Hally,13.071764265430915,77.52860363235277,School,100,Maintenance,Gangammana Gudi PS
CCTV00715_2,Gangammana Gudi PS - Bus Stand CCTV,525,Bengaluru Urban,5542,Bengaluru North,,,938347,Doddabidarakallu,13.072180891739285,77.5286829549639,Bus Stand,200,Maintenance,Gangammana Gudi PS
CCTV00715_3,Gangammana Gudi PS - ATM CCTV,525,Bengaluru Urban,5545,Anekal,,,613257,Vaddara Palya,13.072942231636423,77.53113460168815,ATM,200,Maintenance,Gangammana Gudi PS
CCTV00715_4,Gangammana Gudi PS - School CCTV,525,Bengaluru Urban,5544,Bengaluru East,245243.0,Doddagubbi,613073,Anagalapura,13.072564067285155,77.53111902155794,School,100,Active,Gangammana Gudi PS
CCTV00715_5,Gangammana Gudi PS - Traffic Junction CCTV,525,Bengaluru Urban,5545,Anekal,272972.0,Billapura,613231,Billapura,13.073251080149701,77.5313059338283,Traffic Junction,200,Maintenance,Gangammana Gudi PS
CCTV00716_1,Girinagar PS - College CCTV,525,Bengaluru Urban,5543,Bengaluru South,215389.0,Sulikere,613064,Ramasandra (Og),12.937332145006321,77.54472528802381,College,200,Maintenance,Girinagar PS
CCTV00716_2,Girinagar PS - School CCTV,525,Bengaluru Urban,5544,Bengaluru East,,,938311,Panaturu,12.935323625095624,77.54320062749831,School,100,Active,Girinagar PS
CCTV00716_3,Girinagar PS - Market CCTV,525,Bengaluru Urban,5544,Bengaluru East,,,938201,Bhattarahalli,12.936500919805356,77.54339198291127,Market,200,Active,Girinagar PS
CCTV00717_1,Govindaraja Nagar PS - Government Office CCTV,525,Bengaluru Urban,7103,Yelahanka,215360.0,Kasagattapura,612874,Lingarajasagara,13.636047420152522,76.51234439511403,Government Office,100,Maintenance,Govindaraja Nagar PS
CCTV00717_2,Govindaraja Nagar PS - School CCTV,525,Bengaluru Urban,5545,Anekal,215319.0,Handenahalli,613225,Koothaganahalli,13.635861230846663,76.51181957641688,School,200,Active,Govindaraja Nagar PS
CCTV00717_3,Govindaraja Nagar PS - Government Hospital CCTV,525,Bengaluru Urban,5544,Bengaluru East,245241.0,Kannuru,613074,Nadagowdagollahalli,13.635505114163953,76.5131489059991,Government Hospital,100,Active,Govindaraja Nagar PS
CCTV00717_4,Govindaraja Nagar PS - Market CCTV,525,Bengaluru Urban,7103,Yelahanka,215366.0,Marenahalli,612926,Manchappanahosahalli,13.634493955940549,76.51192372438383,Market,200,Maintenance,Govindaraja Nagar PS
CCTV00717_5,Govindaraja Nagar PS - College CCTV,525,Bengaluru Urban,5544,Bengaluru East,,,938249,Pattanduru Agrahara,13.636337585398218,76.51401018923812,College,150,Active,Govindaraja Nagar PS
CCTV00717_6,Govindaraja Nagar PS - School CCTV,525,Bengaluru Urban,5545,Anekal,215316.0,Byagadadenahalli,613315,Byagadadenahalli,13.635889315698389,76.51230183888816,School,100,Active,Govindaraja Nagar PS
CCTV00718_1,H.A.L. PS - College CCTV,525,Bengaluru Urban,5543,Bengaluru South,215377.0,Choolanayakanahalli,612976,Cholanaikanahalli,12.955196962993684,77.68411624094283,College,150,Active,H.A.L. PS
CCTV00718_2,H.A.L. PS - College CCTV,525,Bengaluru Urban,5543,Bengaluru South,215377.0,Choolanayakanahalli,612959,Tavakadhahalli,12.954199658355837,77.68292009771143,College,200,Active,H.A.L. PS
CCTV00718_3,H.A.L. PS - College CCTV,525,Bengaluru Urban,7103,Yelahanka,,,938527,Venkatala,12.955442491670727,77.68262987314172,College,150,Active,H.A.L. PS
CCTV00718_4,H.A.L. PS - Government Hospital CCTV,525,Bengaluru Urban,5542,Bengaluru North,,,938506,Karivabanahalli,12.953709839175913,77.68353118370807,Government Hospital,150,Active,H.A.L. PS
CCTV00718_5,H.A.L. PS - Bank CCTV,525,Bengaluru Urban,7103,Yelahanka,,,939518,Thindlu Plantation K G,12.955660226495652,77.68303725572434,Bank,100,Active,H.A.L. PS
CCTV00718_6,H.A.L. PS - Bank CCTV,525,Bengaluru Urban,5545,Anekal,215314.0,Bidaraguppe,613287,Jigala,12.955523281176717,77.6832271011977,Bank,100,Active,H.A.L. PS
CCTV00719_1,Halasur Gate Traffic PS - Bank CCTV,525,Bengaluru Urban,5545,Anekal,215334.0,Muttanalluru,613206,Gopasandra,12.574968919246581,77.35274177291329,Bank,200,Active,Halasur Gate Traffic PS
CCTV00719_2,Halasur Gate Traffic PS - Railway Station CCTV,525,Bengaluru Urban,5544,Bengaluru East,,,939503,Byyappanahalli Manavarthe Kaval,12.57550364305697,77.35084515100773,Railway Station,100,Active,Halasur Gate Traffic PS
CCTV00719_3,Halasur Gate Traffic PS - College CCTV,525,Bengaluru Urban,7103,Yelahanka,215347.0,Bandikodagehalli,612918,Bandikodegehalli Amanikere,12.575385997967215,77.35223383788363,College,200,Active,Halasur Gate Traffic PS
CCTV00719_4,Halasur Gate Traffic PS - Government Office CCTV,525,Bengaluru Urban,5542,Bengaluru North,,,938331,Cholanayakana Halli,12.575644338130246,77.35136027696613,Government Office,200,Maintenance,Halasur Gate Traffic PS
CCTV00719_5,Halasur Gate Traffic PS - Market CCTV,525,Bengaluru Urban,5544,Bengaluru East,,,938259,Vijanapura,12.574753875176853,77.35015582809854,Market,150,Active,Halasur Gate Traffic PS
CCTV00719_6,Halasur Gate Traffic PS - College CCTV,525,Bengaluru Urban,5542,Bengaluru North,215363.0,Machohalli,612814,Byandahalli,12.575154525632106,77.3500192039401,College,200,Active,Halasur Gate Traffic PS
CCTV00720_1,Halasur PS - Government Office CCTV,525,Bengaluru Urban,5544,Bengaluru East,215375.0,Bidarahalli,613077,Adur,12.975632209442962,77.625311432035,Government Office,150,Active,Halasur PS
CCTV00720_2,Halasur PS - School CCTV,525,Bengaluru Urban,5543,Bengaluru South,,,939479,Agara (Begur Hobli),12.975281471136357,77.62434454994275,School,200,Active,Halasur PS
CCTV00720_3,Halasur PS - School CCTV,525,Bengaluru Urban,5544,Bengaluru East,,,938247,Nagondanahalli,12.973563791527651,77.62644979846243,School,200,Active,Halasur PS
CCTV00721_1,Halasur Traffic PS - School CCTV,525,Bengaluru Urban,5545,Anekal,,,938194,Kudlu,12.583319511010835,77.372063153495,School,150,Active,Halasur Traffic PS
CCTV00721_2,Halasur Traffic PS - Government Hospital CCTV,525,Bengaluru Urban,7103,Yelahanka,215356.0,Hesarughatta,612854,Dasenahalli,12.582590806038443,77.37337644363947,Government Hospital,200,Active,Halasur Traffic PS
CCTV00721_3,Halasur Traffic PS - Government Hospital CCTV,525,Bengaluru Urban,5543,Bengaluru South,,,613061,Uttarahalli -Manavarthekaval,12.582416929062832,77.37191326993626,Government Hospital,100,Active,Halasur Traffic PS
CCTV00721_4,Halasur Traffic PS - School CCTV,525,Bengaluru Urban,5545,Anekal,215328.0,Karpur,613349,Karpur,12.581710816420426,77.37171805928227,School,200,Maintenance,Halasur Traffic PS
CCTV00721_5,Halasur Traffic PS - Bus Stand CCTV,525,Bengaluru Urban,5543,Bengaluru South,215382.0,K.Gollahalli,613032,Vasanthanahalli,12.583135304185715,77.37279434031679,Bus Stand,100,Maintenance,Halasur Traffic PS
CCTV00721_6,Halasur Traffic PS - Government Office CCTV,525,Bengaluru Urban,5542,Bengaluru North,,,939442,Hosahalli Gollarapalya,12.582253128825677,77.37369057239137,Government Office,100,Maintenance,Halasur Traffic PS
CCTV00722_1,Hanumanthanagar PS - Bus Stand CCTV,525,Bengaluru Urban,5542,Bengaluru North,,,939415,Bilakahalli,12.561001093414838,77.33532922274033,Bus Stand,200,Active,Hanumanthanagar PS
CCTV00722_2,Hanumanthanagar PS - Bank CCTV,525,Bengaluru Urban,5544,Bengaluru East,245243.0,Doddagubbi,613073,Anagalapura,12.56129763737233,77.3345290632685,Bank,150,Maintenance,Hanumanthanagar PS
CCTV00722_3,Hanumanthanagar PS - Bank CCTV,525,Bengaluru Urban,7103,Yelahanka,215360.0,Kasagattapura,612875,Kasagattapura,12.56054587921225,77.33505303086103,Bank,150,Active,Hanumanthanagar PS
CCTV00722_4,Hanumanthanagar PS - Government Office CCTV,525,Bengaluru Urban,5543,Bengaluru South,,,939490,Nyanappanashetty Palya K.G,12.562191495501091,77.33333524074303,Government Office,200,Active,Hanumanthanagar PS
CCTV00722_5,Hanumanthanagar PS - ATM CCTV,525,Bengaluru Urban,5542,Bengaluru North,,,938315,Devara Jeevanahalli,12.561271073642484,77.33510998912256,ATM,150,Active,Hanumanthanagar PS
CCTV00723_1,Hebbagodi PS - Market CCTV,525,Bengaluru Urban,5543,Bengaluru South,,,939480,Dasarahalli,12.825687257090964,77.68154627849827,Market,200,Maintenance,Hebbagodi PS
CCTV00723_2,Hebbagodi PS - ATM CCTV,525,Bengaluru Urban,5545,Anekal,215325.0,Indlavadi,613154,Kadajakkanahalli,12.827796825612257,77.68094884236767,ATM,200,Active,Hebbagodi PS
CCTV00723_3,Hebbagodi PS - ATM CCTV,525,Bengaluru Urban,5542,Bengaluru North,,,939458,Matadhahalli,12.827695875147343,77.68139442839309,ATM,150,Active,Hebbagodi PS
CCTV00724_1,Hebbal PS - Bus Stand CCTV,525,Bengaluru Urban,5543,Bengaluru South,,,938479,Gubbilala,13.038605969463257,77.58820431330383,Bus Stand,200,Active,Hebbal PS
CCTV00724_2,Hebbal PS - Bus Stand CCTV,525,Bengaluru Urban,5545,Anekal,215314.0,Bidaraguppe,613288,Arenur,13.039644155024469,77.58839613598785,Bus Stand,100,Active,Hebbal PS
CCTV00724_3,Hebbal PS - School CCTV,525,Bengaluru Urban,7103,Yelahanka,215369.0,Singanayakanahalli,612939,Avalahalli,13.037744469309466,77.58878553457149,School,100,Active,Hebbal PS
CCTV00724_4,Hebbal PS - Railway Station CCTV,525,Bengaluru Urban,5545,Anekal,215340.0,Suragajakkanahalli,613299,Adur,13.036890800870886,77.58862256547064,Railway Station,200,Active,Hebbal PS
CCTV00724_5,Hebbal PS - College CCTV,525,Bengaluru Urban,5545,Anekal,215331.0,Marasur,613319,Bandapura,13.037546220983996,77.58959560040827,College,100,Maintenance,Hebbal PS
CCTV00725_1,Hennur PS - Bus Stand CCTV,525,Bengaluru Urban,5542,Bengaluru North,,,938316,Hennuru,13.022829772485888,77.64561738594388,Bus Stand,200,Maintenance,Hennur PS
CCTV00725_2,Hennur PS - Railway Station CCTV,525,Bengaluru Urban,5543,Bengaluru South,,,938478,Channasandra,13.024401729981165,77.64573266114847,Railway Station,150,Maintenance,Hennur PS
CCTV00725_3,Hennur PS - School CCTV,525,Bengaluru Urban,5545,Anekal,215319.0,Handenahalli,613224,Handenahalli,13.023327823545134,77.64649569155658,School,150,Active,Hennur PS
CCTV00725_4,Hennur PS - School CCTV,525,Bengaluru Urban,5543,Bengaluru South,215388.0,Somanahalli,613053,Sunkadakatte,13.022567199099504,77.64368740950246,School,100,Active,Hennur PS
CCTV00726_1,High Grounds PS - College CCTV,525,Bengaluru Urban,5545,Anekal,,,613259,Ramasagara,12.989043815868706,77.5912894381095,College,150,Maintenance,High Grounds PS
CCTV00726_2,High Grounds PS - School CCTV,525,Bengaluru Urban,7103,Yelahanka,215352.0,Vaderahalli,612943,Shamarajpura,12.991319961672398,77.59225027167547,School,150,Active,High Grounds PS
CCTV00726_3,High Grounds PS - School CCTV,525,Bengaluru Urban,5545,Anekal,215320.0,Haragadde,613174,Dyavasandra,12.989353405068702,77.59352608708244,School,100,Active,High Grounds PS
CCTV00726_4,High Grounds PS - School CCTV,525,Bengaluru Urban,5544,Bengaluru East,215386.0,Manduru,613088,Shringaripura,12.98952033255125,77.59168285301139,School,150,Maintenance,High Grounds PS
CCTV00726_5,High Grounds PS - Railway Station CCTV,525,Bengaluru Urban,5542,Bengaluru North,,,612776,Hanumantha Sagara,12.99061240511955,77.59406328415542,Railway Station,200,Active,High Grounds PS
CCTV00727_1,High Grounds Traffic PS - Bank CCTV,525,Bengaluru Urban,7103,Yelahanka,,,939513,Choyalahalli J.I,12.594653507378146,77.34671435240872,Bank,100,Active,High Grounds Traffic PS
CCTV00727_2,High Grounds Traffic PS - Railway Station CCTV,525,Bengaluru Urban,5543,Bengaluru South,,,938466,Puttenahalli,12.594746742265892,77.34662413610343,Railway Station,150,Maintenance,High Grounds Traffic PS
CCTV00727_3,High Grounds Traffic PS - Bus Stand CCTV,525,Bengaluru Urban,5544,Bengaluru East,,,938239,Kyalasanahalli,12.596085610155486,77.34562690024741,Bus Stand,200,Maintenance,High Grounds Traffic PS
CCTV00727_4,High Grounds Traffic PS - Traffic Junction CCTV,525,Bengaluru Urban,5545,Anekal,,,613133,Gollahalli,12.593981660785133,77.34546837525386,Traffic Junction,150,Active,High Grounds Traffic PS
CCTV00727_5,High Grounds Traffic PS - Traffic Junction CCTV,525,Bengaluru Urban,5543,Bengaluru South,215378.0,Chunchanakuppe,612994,Ganapathihalli,12.595933080913198,77.34621787712616,Traffic Junction,150,Maintenance,High Grounds Traffic PS
CCTV00728_1,HSR Lay Out Traffic PS - Bus Stand CCTV,525,Bengaluru Urban,7103,Yelahanka,215347.0,Bandikodagehalli,612920,Hunachur,12.55173304880463,77.39415827581612,Bus Stand,150,Active,HSR Lay Out Traffic PS
CCTV00728_2,HSR Lay Out Traffic PS - Bus Stand CCTV,525,Bengaluru Urban,7103,Yelahanka,215347.0,Bandikodagehalli,939516,Palya,12.550679661177288,77.39440733239867,Bus Stand,100,Maintenance,HSR Lay Out Traffic PS
CCTV00728_3,HSR Lay Out Traffic PS - Traffic Junction CCTV,525,Bengaluru Urban,5545,Anekal,215327.0,Kallubalu,613151,Mahanthalingapura,12.55311691639774,77.39446778591193,Traffic Junction,150,Active,HSR Lay Out Traffic PS
CCTV00729_1,HSR Layout PS - Government Hospital CCTV,525,Bengaluru Urban,5543,Bengaluru South,215382.0,K.Gollahalli,613033,Gangasandra,12.921585097929725,77.65202526117255,Government Hospital,100,Active,HSR Layout PS
CCTV00729_2,HSR Layout PS - Traffic Junction CCTV,525,Bengaluru Urban,5544,Bengaluru East,,,939502,Byyappanahalli K.G,12.920275475907575,77.65004735862362,Traffic Junction,100,Maintenance,HSR Layout PS
CCTV00729_3,HSR Layout PS - Government Office CCTV,525,Bengaluru Urban,5544,Bengaluru East,,,938288,Doddakannalli,12.919732425687474,77.65231085962245,Government Office,200,Active,HSR Layout PS
CCTV00730_1,Hulimavu PS - Government Office CCTV,525,Bengaluru Urban,5545,Anekal,215331.0,Marasur,613316,Marasur,12.522335535363265,77.35880883595574,Government Office,150,Maintenance,Hulimavu PS
CCTV00730_2,Hulimavu PS - School CCTV,525,Bengaluru Urban,5543,Bengaluru South,215378.0,Chunchanakuppe,612997,Punagumaranahalli,12.524954884771086,77.36144657697449,School,100,Active,Hulimavu PS
CCTV00730_3,Hulimavu PS - College CCTV,525,Bengaluru Urban,7103,Yelahanka,215372.0,Sonnenahalli,612827,Challahalli,12.524948393782921,77.35876735489843,College,100,Active,Hulimavu PS
CCTV00730_4,Hulimavu PS - ATM CCTV,525,Bengaluru Urban,5545,Anekal,215327.0,Kallubalu,613170,Konasandra,12.52318430679083,77.36002675204001,ATM,150,Active,Hulimavu PS
CCTV00730_5,Hulimavu PS - Market CCTV,525,Bengaluru Urban,5543,Bengaluru South,,,938460,Gottigere,12.522747819713437,77.36012424553591,Market,150,Active,Hulimavu PS
CCTV00731_1,Hulimavu Traffic PS - College CCTV,525,Bengaluru Urban,5543,Bengaluru South,272983.0,Ajjanahalli,612985,Huluvenahalli,12.51176123309624,77.35160337179182,College,200,Active,Hulimavu Traffic PS
CCTV00731_2,Hulimavu Traffic PS - Bank CCTV,525,Bengaluru Urban,5543,Bengaluru South,215378.0,Chunchanakuppe,612997,Punagumaranahalli,12.511588898646838,77.35311799698479,Bank,200,Active,Hulimavu Traffic PS
CCTV00731_3,Hulimavu Traffic PS - Traffic Junction CCTV,525,Bengaluru Urban,5545,Anekal,215336.0,Neriga,613213,Nekkundi Dommasandra,12.512896507852734,77.35294428759806,Traffic Junction,200,Active,Hulimavu Traffic PS
CCTV00731_4,Hulimavu Traffic PS - Bus Stand CCTV,525,Bengaluru Urban,5545,Anekal,215316.0,Byagadadenahalli,613345,Kaval Hosahalli,12.511410735702356,77.35112853119948,Bus Stand,150,Maintenance,Hulimavu Traffic PS
CCTV00731_5,Hulimavu Traffic PS - Traffic Junction CCTV,525,Bengaluru Urban,5542,Bengaluru North,,,938349,Kammagondanahalli,12.513296450235412,77.35282511743391,Traffic Junction,200,Maintenance,Hulimavu Traffic PS
CCTV00731_6,Hulimavu Traffic PS - College CCTV,525,Bengaluru Urban,5543,Bengaluru South,215378.0,Chunchanakuppe,612995,Karigiripura,12.513600020387662,77.35299377251778,College,100,Active,Hulimavu Traffic PS
CCTV00732_1,Indiranagar PS - Railway Station CCTV,525,Bengaluru Urban,5542,Bengaluru North,,,938515,Shreegandhakaval,12.984406995454384,77.6370101652968,Railway Station,100,Active,Indiranagar PS
CCTV00732_2,Indiranagar PS - Bank CCTV,525,Bengaluru Urban,5542,Bengaluru North,215370.0,Sondekoppa,612799,Nagasandra,12.982841180681731,77.6389046491683,Bank,150,Active,Indiranagar PS
CCTV00732_3,Indiranagar PS - College CCTV,525,Bengaluru Urban,5545,Anekal,215335.0,Neraluru,613270,Bendiganahalli,12.98240656204336,77.63961588241455,College,150,Active,Indiranagar PS
CCTV00732_4,Indiranagar PS - Traffic Junction CCTV,525,Bengaluru Urban,5542,Bengaluru North,215361.0,Kittanahalli,612802,Ravuthanahalli,12.982567243472989,77.63879210565821,Traffic Junction,200,Active,Indiranagar PS
CCTV00732_5,Indiranagar PS - Government Hospital CCTV,525,Bengaluru Urban,5545,Anekal,215320.0,Haragadde,613168,Haragadde,12.983651949190332,77.63739525104876,Government Hospital,200,Active,Indiranagar PS
CCTV00733_1,J.C. Nagar PS - College CCTV,525,Bengaluru Urban,5545,Anekal,215320.0,Haragadde,613294,Lingapura,13.006263208624787,77.59460543216973,College,150,Active,J.C. Nagar PS
CCTV00733_2,J.C. Nagar PS - Bank CCTV,525,Bengaluru Urban,7103,Yelahanka,215347.0,Bandikodagehalli,612922,Singahalli,13.006746825628374,77.59299978754736,Bank,200,Active,J.C. Nagar PS
CCTV00733_3,J.C. Nagar PS - ATM CCTV,525,Bengaluru Urban,5544,Bengaluru East,,,938215,Devasandra,13.006939875644532,77.5932566302873,ATM,150,Active,J.C. Nagar PS
CCTV00733_4,J.C. Nagar PS - College CCTV,525,Bengaluru Urban,7103,Yelahanka,,,939514,Kempapura ( Yelahanka Hobli),13.006157976906952,77.59368313561589,College,100,Maintenance,J.C. Nagar PS
CCTV00734_1,Jagajeevanram Nagar PS - School CCTV,525,Bengaluru Urban,5543,Bengaluru South,215383.0,Kagglipura,613042,Kaggalipura,12.96540405517713,77.55637549460435,School,100,Maintenance,Jagajeevanram Nagar PS
CCTV00734_2,Jagajeevanram Nagar PS - Government Office CCTV,525,Bengaluru Urban,5543,Bengaluru South,215376.0,Chikkanahalli,613002,Dodderi,12.963006111818025,77.55521990794449,Government Office,200,Active,Jagajeevanram Nagar PS
CCTV00734_3,Jagajeevanram Nagar PS - ATM CCTV,525,Bengaluru Urban,5543,Bengaluru South,215378.0,Chunchanakuppe,612999,Kethohalli Narasimhapura,12.963343181188941,77.55413045540955,ATM,200,Active,Jagajeevanram Nagar PS
CCTV00734_4,Jagajeevanram Nagar PS - School CCTV,525,Bengaluru Urban,5542,Bengaluru North,,,938340,Nagashetti Halli,12.965304358095521,77.55560292656223,School,100,Active,Jagajeevanram Nagar PS
CCTV00734_5,Jagajeevanram Nagar PS - College CCTV,525,Bengaluru Urban,5544,Bengaluru East,215379.0,Doddabanahalli,613107,Bandapura,12.965027069547878,77.55566740356504,College,200,Active,Jagajeevanram Nagar PS
CCTV00734_6,Jagajeevanram Nagar PS - Government Office CCTV,525,Bengaluru Urban,5544,Bengaluru East,,,938236,K Narayanapura,12.964668311737718,77.55447623943401,Government Office,100,Active,Jagajeevanram Nagar PS
CCTV00735_1,Jalahalli PS - ATM CCTV,525,Bengaluru Urban,5542,Bengaluru North,215359.0,Huskuru,612765,Kodipalya,13.048589492304295,77.54826515623206,ATM,100,Active,Jalahalli PS
CCTV00735_2,Jalahalli PS - Railway Station CCTV,525,Bengaluru Urban,5542,Bengaluru North,215344.0,Alur,612773,Alur,13.04958723214273,77.5507404467916,Railway Station,100,Maintenance,Jalahalli PS
CCTV00735_3,Jalahalli PS - Market CCTV,525,Bengaluru Urban,5545,Anekal,215333.0,Mugaluru,613242,Deshapande Guttahalli,13.047266896505581,77.55036459013705,Market,150,Active,Jalahalli PS
CCTV00735_4,Jalahalli PS - Bank CCTV,525,Bengaluru Urban,5544,Bengaluru East,215379.0,Doddabanahalli,613105,Doddabanahalli,13.047664980297682,77.54839502980091,Bank,200,Active,Jalahalli PS
CCTV00735_5,Jalahalli PS - College CCTV,525,Bengaluru Urban,5542,Bengaluru North,,,612957,Srikantapura (Anchepalya) K.G,13.047930652705395,77.54928797011628,College,200,Active,Jalahalli PS
CCTV00736_1,Jalahalli Traffic PS - Bank CCTV,525,Bengaluru Urban,5543,Bengaluru South,215376.0,Chikkanahalli,612989,Uddandanahalli,13.024857129571119,77.32573461732689,Bank,200,Active,Jalahalli Traffic PS
CCTV00736_2,Jalahalli Traffic PS - Bus Stand CCTV,525,Bengaluru Urban,5545,Anekal,215327.0,Kallubalu,613156,J.Bingipura,13.024255507201648,77.32647170676593,Bus Stand,100,Active,Jalahalli Traffic PS
CCTV00736_3,Jalahalli Traffic PS - Government Hospital CCTV,525,Bengaluru Urban,5545,Anekal,215333.0,Mugaluru,613249,Thindlu,13.026695279853632,77.32704132783334,Government Hospital,150,Active,Jalahalli Traffic PS
CCTV00736_4,Jalahalli Traffic PS - Bus Stand CCTV,525,Bengaluru Urban,5542,Bengaluru North,215370.0,Sondekoppa,612785,Lakkenahalli,13.02666324026837,77.3270258000972,Bus Stand,150,Active,Jalahalli Traffic PS
CCTV00736_5,Jalahalli Traffic PS - Traffic Junction CCTV,525,Bengaluru Urban,7103,Yelahanka,215368.0,Shivakotte,612901,Muthugada Halli,13.02543509461777,77.32506906891452,Traffic Junction,100,Active,Jalahalli Traffic PS
CCTV00736_6,Jalahalli Traffic PS - Market CCTV,525,Bengaluru Urban,5545,Anekal,215336.0,Neriga,613214,Kathriguppe,13.026568515800053,77.32458782688471,Market,100,Active,Jalahalli Traffic PS
CCTV00737_1,Jayanagar PS - Government Office CCTV,525,Bengaluru Urban,5545,Anekal,215324.0,Huskur,613191,Gulimangala,12.929447792998836,77.58025976780982,Government Office,100,Active,Jayanagar PS
CCTV00737_2,Jayanagar PS - Government Office CCTV,525,Bengaluru Urban,5545,Anekal,215327.0,Kallubalu,613151,Mahanthalingapura,12.928130790274352,77.5808026286364,Government Office,100,Active,Jayanagar PS
CCTV00737_3,Jayanagar PS - College CCTV,525,Bengaluru Urban,5544,Bengaluru East,,,938285,Bhoganahalli,12.929214178444255,77.58069819432947,College,150,Active,Jayanagar PS
CCTV00738_1,Jayanagar Traffic PS - Bus Stand CCTV,525,Bengaluru Urban,5543,Bengaluru South,,,938462,Kembattahalli,12.97272690929017,77.5408515883713,Bus Stand,100,Maintenance,Jayanagar Traffic PS
CCTV00738_2,Jayanagar Traffic PS - Bus Stand CCTV,525,Bengaluru Urban,5543,Bengaluru South,,,613061,Uttarahalli -Manavarthekaval,12.973570834886859,77.54014125572873,Bus Stand,100,Active,Jayanagar Traffic PS
CCTV00738_3,Jayanagar Traffic PS - Market CCTV,525,Bengaluru Urban,5545,Anekal,215338.0,Samandur,613341,Submangala,12.972068192080517,77.54056478768229,Market,200,Active,Jayanagar Traffic PS
CCTV00738_4,Jayanagar Traffic PS - Traffic Junction CCTV,525,Bengaluru Urban,5545,Anekal,215314.0,Bidaraguppe,613290,Chikkanahalli,12.972663643921893,77.54151512654067,Traffic Junction,150,Active,Jayanagar Traffic PS
CCTV00739_1,Jayaprakash Nagar PS - ATM CCTV,525,Bengaluru Urban,5545,Anekal,215312.0,Ballur,613282,Dasanapura,12.912304239584994,77.58744288311618,ATM,150,Maintenance,Jayaprakash Nagar PS
CCTV00739_2,Jayaprakash Nagar PS - Government Office CCTV,525,Bengaluru Urban,5543,Bengaluru South,272983.0,Ajjanahalli,612985,Huluvenahalli,12.913211466156875,77.5866613850835,Government Office,100,Active,Jayaprakash Nagar PS
CCTV00739_3,Jayaprakash Nagar PS - Traffic Junction CCTV,525,Bengaluru Urban,5545,Anekal,215319.0,Handenahalli,613222,Bikkanahalli,12.913047341014932,77.58769546217398,Traffic Junction,200,Active,Jayaprakash Nagar PS
CCTV00740_1,Jeevan Bheemanagar PS - Market CCTV,525,Bengaluru Urban,7103,Yelahanka,215345.0,Arekere,612842,Budumanahalli,12.96693755349037,77.65627761728885,Market,100,Active,Jeevan Bheemanagar PS
CCTV00740_2,Jeevan Bheemanagar PS - Railway Station CCTV,525,Bengaluru Urban,5542,Bengaluru North,,,612952,Chikkabidarakallu (Ct),12.96907668699357,77.6563726147704,Railway Station,150,Maintenance,Jeevan Bheemanagar PS
CCTV00740_3,Jeevan Bheemanagar PS - Market CCTV,525,Bengaluru Urban,5545,Anekal,215323.0,Hulimangala,613164,Vabasandra,12.967424200886091,77.65447761758651,Market,100,Active,Jeevan Bheemanagar PS
CCTV00740_4,Jeevan Bheemanagar PS - Railway Station CCTV,525,Bengaluru Urban,5543,Bengaluru South,,,938487,Vasantapura,12.967036472336746,77.65648561557646,Railway Station,200,Active,Jeevan Bheemanagar PS
CCTV00740_5,Jeevan Bheemanagar PS - Market CCTV,525,Bengaluru Urban,5543,Bengaluru South,,,939484,Kenchanahalli,12.967554305552195,77.65549403801106,Market,200,Active,Jeevan Bheemanagar PS
CCTV00741_1,Jnanabharathi PS - College CCTV,525,Bengaluru Urban,5542,Bengaluru North,,,938331,Cholanayakana Halli,12.950288705635026,77.49983979350829,College,100,Maintenance,Jnanabharathi PS
CCTV00741_2,Jnanabharathi PS - Government Office CCTV,525,Bengaluru Urban,5543,Bengaluru South,,,939481,Ganakallu K.G,12.951351456626398,77.49995208903219,Government Office,100,Active,Jnanabharathi PS
CCTV00741_3,Jnanabharathi PS - School CCTV,525,Bengaluru Urban,5545,Anekal,215316.0,Byagadadenahalli,613322,Avadadenahalli,12.951163198685656,77.50052128376181,School,150,Maintenance,Jnanabharathi PS
CCTV00741_4,Jnanabharathi PS - Bank CCTV,525,Bengaluru Urban,7103,Yelahanka,215372.0,Sonnenahalli,612841,Kakolu,12.949369143978792,77.49963186429093,Bank,200,Active,Jnanabharathi PS
CCTV00741_5,Jnanabharathi PS - School CCTV,525,Bengaluru Urban,5545,Anekal,215323.0,Hulimangala,613356,Maragondahalli (Ct),12.951982044166934,77.50168512224838,School,150,Maintenance,Jnanabharathi PS
CCTV00741_6,Jnanabharathi PS - Railway Station CCTV,525,Bengaluru Urban,5542,Bengaluru North,,,612952,Chikkabidarakallu (Ct),12.94992149328034,77.50075277550013,Railway Station,150,Active,Jnanabharathi PS
CCTV00742_1,Jnanabharathi Traffic PS - Railway Station CCTV,525,Bengaluru Urban,5542,Bengaluru North,215361.0,Kittanahalli,612801,Gollarapalya,12.968770693234283,77.50309247852165,Railway Station,200,Maintenance,Jnanabharathi Traffic PS
CCTV00742_2,Jnanabharathi Traffic PS - Bus Stand CCTV,525,Bengaluru Urban,5544,Bengaluru East,,,938281,Ambaleepura,12.969286289095855,77.50438191570893,Bus Stand,200,Active,Jnanabharathi Traffic PS
CCTV00742_3,Jnanabharathi Traffic PS - Government Office CCTV,525,Bengaluru Urban,5545,Anekal,,,613167,Bande Nalla Sandra,12.968578549500403,77.5025389866506,Government Office,150,Active,Jnanabharathi Traffic PS
CCTV00742_4,Jnanabharathi Traffic PS - College CCTV,525,Bengaluru Urban,5545,Anekal,215340.0,Suragajakkanahalli,613324,Amani Doddakere,12.968157822426564,77.50441341528817,College,200,Active,Jnanabharathi Traffic PS
CCTV00742_5,Jnanabharathi Traffic PS - Market CCTV,525,Bengaluru Urban,7103,Yelahanka,215362.0,Kodigehalli,612822,Kodigehalli(Part),12.969973638257018,77.50450357660901,Market,150,Active,Jnanabharathi Traffic PS
CCTV00742_6,Jnanabharathi Traffic PS - Market CCTV,525,Bengaluru Urban,5542,Bengaluru North,215359.0,Huskuru,612767,Mariyanapalya,12.968234812182368,77.50441129605532,Market,100,Active,Jnanabharathi Traffic PS
CCTV00743_1,K G Halli Traffic PS - Bank CCTV,525,Bengaluru Urban,5545,Anekal,,,613166,Kyalasanahalli,13.025359002936016,77.62714041542345,Bank,100,Active,K G Halli Traffic PS
CCTV00743_2,K G Halli Traffic PS - Railway Station CCTV,525,Bengaluru Urban,5544,Bengaluru East,,,938271,Yamaluru,13.025593318535151,77.62845195709104,Railway Station,200,Active,K G Halli Traffic PS
CCTV00743_3,K G Halli Traffic PS - School CCTV,525,Bengaluru Urban,5545,Anekal,215324.0,Huskur,613194,Chokkasandra,13.023925297668585,77.6273946715041,School,150,Maintenance,K G Halli Traffic PS
CCTV00743_4,K G Halli Traffic PS - Market CCTV,525,Bengaluru Urban,7103,Yelahanka,215358.0,Hurulichikkanahalli,612868,Kodagi Thirumalapura,13.025065113698128,77.62720786939977,Market,150,Active,K G Halli Traffic PS
CCTV00743_5,K G Halli Traffic PS - Bank CCTV,525,Bengaluru Urban,5544,Bengaluru East,215379.0,Doddabanahalli,613107,Bandapura,13.02502333511105,77.6275252104086,Bank,150,Active,K G Halli Traffic PS
CCTV00744_1,K.R. Puram PS - Bank CCTV,525,Bengaluru Urban,5545,Anekal,215338.0,Samandur,613353,Samandur,13.007737196777661,77.69260694865824,Bank,150,Active,K.R. Puram PS
CCTV00744_2,K.R. Puram PS - College CCTV,525,Bengaluru Urban,5545,Anekal,215316.0,Byagadadenahalli,613321,Thattanahalli,13.00761045270005,77.69448242197103,College,200,Active,K.R. Puram PS
CCTV00744_3,K.R. Puram PS - Bus Stand CCTV,525,Bengaluru Urban,7103,Yelahanka,215345.0,Arekere,612843,Shanubhoganahalli,13.008019435490274,77.69420572190782,Bus Stand,200,Active,K.R. Puram PS
CCTV00744_4,K.R. Puram PS - Market CCTV,525,Bengaluru Urban,5543,Bengaluru South,215377.0,Choolanayakanahalli,612962,Gangenahalli,13.007875096310254,77.69285950082909,Market,100,Active,K.R. Puram PS
CCTV00744_5,K.R. Puram PS - Government Hospital CCTV,525,Bengaluru Urban,7103,Yelahanka,215360.0,Kasagattapura,612881,Kempapura,13.007525320615205,77.6944923487878,Government Hospital,200,Active,K.R. Puram PS
CCTV00745_1,K.R.Puram Traffic PS - College CCTV,525,Bengaluru Urban,5542,Bengaluru North,,,612819,Somashetti Halli,13.028249208934545,77.41271027090333,College,200,Maintenance,K.R.Puram Traffic PS
CCTV00745_2,K.R.Puram Traffic PS - Government Hospital CCTV,525,Bengaluru Urban,5543,Bengaluru South,272986.0,Nelaguli,613046,K. Chudahalli,13.02844180445064,77.41244481584704,Government Hospital,200,Maintenance,K.R.Puram Traffic PS
CCTV00745_3,K.R.Puram Traffic PS - Market CCTV,525,Bengaluru Urban,5542,Bengaluru North,272976.0,Kadabagere,612808,Vaddarahalli,13.027563030300717,77.4135090990682,Market,200,Active,K.R.Puram Traffic PS
CCTV00746_1,Kadugodi PS - School CCTV,525,Bengaluru Urban,5542,Bengaluru North,215361.0,Kittanahalli,612811,Gattisiddanahalli,12.996558337876376,77.75809113836264,School,200,Active,Kadugodi PS
CCTV00746_2,Kadugodi PS - ATM CCTV,525,Bengaluru Urban,5543,Bengaluru South,,,938418,Bommanahalli,12.994182051542657,77.7585803312593,ATM,150,Active,Kadugodi PS
CCTV00746_3,Kadugodi PS - Traffic Junction CCTV,525,Bengaluru Urban,5543,Bengaluru South,,,938442,Nagadevanahalli,12.995925787103094,77.75701944783992,Traffic Junction,200,Maintenance,Kadugodi PS
CCTV00746_4,Kadugodi PS - College CCTV,525,Bengaluru Urban,5544,Bengaluru East,272988.0,Kittaganuru,613081,Kithiganur,12.994934759277314,77.75698461935339,College,100,Active,Kadugodi PS
CCTV00747_1,Kadugondana Halli PS - Market CCTV,525,Bengaluru Urban,5544,Bengaluru East,215386.0,Manduru,613096,Lagumenahalli,13.025878400033545,77.6276280726916,Market,150,Maintenance,Kadugondana Halli PS
CCTV00747_2,Kadugondana Halli PS - School CCTV,525,Bengaluru Urban,5543,Bengaluru South,215382.0,K.Gollahalli,613027,Kumbalagodu Gollahalli,13.025996216505334,77.6272124262805,School,150,Active,Kadugondana Halli PS
CCTV00747_3,Kadugondana Halli PS - Railway Station CCTV,525,Bengaluru Urban,5544,Bengaluru East,,,938550,Medahalli,13.02400271327063,77.62849110278522,Railway Station,200,Maintenance,Kadugondana Halli PS
CCTV00747_4,Kadugondana Halli PS - Traffic Junction CCTV,525,Bengaluru Urban,5543,Bengaluru South,215377.0,Choolanayakanahalli,612963,Varthur Narasimhapura K.G,13.02599307159124,77.62774233611614,Traffic Junction,100,Active,Kadugondana Halli PS
CCTV00748_1,Kamakshipalya PS - School CCTV,525,Bengaluru Urban,5545,Anekal,215328.0,Karpur,613347,Aravantigepura,12.982440821287279,77.53264769861897,School,200,Maintenance,Kamakshipalya PS
CCTV00748_2,Kamakshipalya PS - Railway Station CCTV,525,Bengaluru Urban,5542,Bengaluru North,,,939462,Neelasandra S.I,12.980890085072696,77.53341535963578,Railway Station,150,Active,Kamakshipalya PS
CCTV00748_3,Kamakshipalya PS - Government Hospital CCTV,525,Bengaluru Urban,5542,Bengaluru North,,,939410,Arekempanahalli,12.98370899095842,77.53257369259832,Government Hospital,150,Active,Kamakshipalya PS
CCTV00748_4,Kamakshipalya PS - School CCTV,525,Bengaluru Urban,5543,Bengaluru South,215377.0,Choolanayakanahalli,612973,Thippagondanahalli,12.982056387835307,77.53107227508099,School,100,Active,Kamakshipalya PS
CCTV00749_1,Kamakshipalya Traffic PS - Bank CCTV,525,Bengaluru Urban,5544,Bengaluru East,272988.0,Kittaganuru,613103,Kurudusonnenahalli,12.9822191864244,77.53217869624955,Bank,100,Active,Kamakshipalya Traffic PS
CCTV00749_2,Kamakshipalya Traffic PS - School CCTV,525,Bengaluru Urban,5545,Anekal,215319.0,Handenahalli,613226,Bilchikkanahalli,12.982584393242377,77.53309926612057,School,200,Maintenance,Kamakshipalya Traffic PS
CCTV00749_3,Kamakshipalya Traffic PS - Bus Stand CCTV,525,Bengaluru Urban,7103,Yelahanka,215372.0,Sonnenahalli,612839,Seeresandra,12.982130194564196,77.5323649994922,Bus Stand,100,Active,Kamakshipalya Traffic PS
CCTV00749_4,Kamakshipalya Traffic PS - School CCTV,525,Bengaluru Urban,5544,Bengaluru East,,,938232,Horamavu,12.980990362756451,77.53190945041321,School,200,Maintenance,Kamakshipalya Traffic PS
CCTV00749_5,Kamakshipalya Traffic PS - Market CCTV,525,Bengaluru Urban,5543,Bengaluru South,215382.0,K.Gollahalli,613032,Vasanthanahalli,12.981843874541795,77.53343607455948,Market,150,Active,Kamakshipalya Traffic PS
CCTV00749_6,Kamakshipalya Traffic PS - Government Office CCTV,525,Bengaluru Urban,5542,Bengaluru North,,,939440,Halasuru Kavalu,12.98286536380968,77.53293841368661,Government Office,100,Active,Kamakshipalya Traffic PS
CCTV00750_1,Kempapura Agrahara PS - Traffic Junction CCTV,525,Bengaluru Urban,5545,Anekal,215322.0,Hennagara,613182,Kachanaikanahalli,12.972270888155506,77.56126507463476,Traffic Junction,100,Active,Kempapura Agrahara PS
CCTV00750_2,Kempapura Agrahara PS - Railway Station CCTV,525,Bengaluru Urban,5542,Bengaluru North,,,939465,Sampigehalli,12.971247524823466,77.56157756725791,Railway Station,150,Maintenance,Kempapura Agrahara PS
CCTV00750_3,Kempapura Agrahara PS - Bank CCTV,525,Bengaluru Urban,5542,Bengaluru North,,,612818,Ganigarahalli,12.971391789360249,77.56196232982113,Bank,100,Active,Kempapura Agrahara PS
CCTV00751_1,Kempegowda Nagar PS - Government Hospital CCTV,525,Bengaluru Urban,5545,Anekal,215323.0,Hulimangala,613356,Maragondahalli (Ct),12.949434008706666,77.56345828372707,Government Hospital,150,Active,Kempegowda Nagar PS
CCTV00751_2,Kempegowda Nagar PS - Bus Stand CCTV,525,Bengaluru Urban,7103,Yelahanka,,,938494,Kattigenahalli,12.948284490488616,77.56259105077005,Bus Stand,150,Active,Kempegowda Nagar PS
CCTV00751_3,Kempegowda Nagar PS - Railway Station CCTV,525,Bengaluru Urban,5542,Bengaluru North,,,612804,Lakshmipura,12.94784735729252,77.56217415040622,Railway Station,150,Active,Kempegowda Nagar PS
CCTV00751_4,Kempegowda Nagar PS - ATM CCTV,525,Bengaluru Urban,5545,Anekal,,,613264,Banahalli,12.949651397442857,77.56234072861155,ATM,150,Active,Kempegowda Nagar PS
CCTV00751_5,Kempegowda Nagar PS - School CCTV,525,Bengaluru Urban,7103,Yelahanka,215354.0,Gantiganahalli,612940,Gantiganahalli,12.948820970747912,77.56432970760339,School,150,Active,Kempegowda Nagar PS
CCTV00751_6,Kempegowda Nagar PS - Government Hospital CCTV,525,Bengaluru Urban,5543,Bengaluru South,,,938459,Doddakallasandra,12.948195166138582,77.56418048117507,Government Hospital,150,Active,Kempegowda Nagar PS
CCTV00752_1,Kengeri PS - Government Office CCTV,525,Bengaluru Urban,5544,Bengaluru East,,,938254,B Narayanapura,12.909187181594552,77.48012334741689,Government Office,100,Maintenance,Kengeri PS
CCTV00752_2,Kengeri PS - College CCTV,525,Bengaluru Urban,5545,Anekal,215312.0,Ballur,613284,Arehalli,12.908990955181219,77.4812292977132,College,150,Active,Kengeri PS
CCTV00752_3,Kengeri PS - Market CCTV,525,Bengaluru Urban,7103,Yelahanka,215356.0,Hesarughatta,612854,Dasenahalli,12.909038724672152,77.48267365134282,Market,200,Active,Kengeri PS
CCTV00752_4,Kengeri PS - ATM CCTV,525,Bengaluru Urban,5544,Bengaluru East,215375.0,Bidarahalli,613067,Doddenahalli,12.911177439782248,77.48298358226432,ATM,100,Active,Kengeri PS
CCTV00752_5,Kengeri PS - Bank CCTV,525,Bengaluru Urban,5542,Bengaluru North,272973.0,Adakamaarana Halli,612779,Adakamaranahalli,12.909092411204787,77.48054357404479,Bank,150,Active,Kengeri PS
CCTV00753_1,Kengeri Traffic PS - Market CCTV,525,Bengaluru Urban,5543,Bengaluru South,215387.0,Ramohalli,613013,Maragondanahalli,12.554262211691881,77.28431244555836,Market,150,Active,Kengeri Traffic PS
CCTV00753_2,Kengeri Traffic PS - Government Hospital CCTV,525,Bengaluru Urban,5544,Bengaluru East,,,939511,Srinivasapura K.G,12.553089672879182,77.2850500490878,Government Hospital,100,Active,Kengeri Traffic PS
CCTV00753_3,Kengeri Traffic PS - School CCTV,525,Bengaluru Urban,5542,Bengaluru North,272975.0,Kachohalli,612817,Kachohalli,12.553005433360761,77.28389548467585,School,100,Active,Kengeri Traffic PS
CCTV00753_4,Kengeri Traffic PS - Market CCTV,525,Bengaluru Urban,5545,Anekal,215338.0,Samandur,613338,Gudnahalli,12.554148450670736,77.28532859948677,Market,100,Active,Kengeri Traffic PS
CCTV00753_5,Kengeri Traffic PS - Traffic Junction CCTV,525,Bengaluru Urban,7103,Yelahanka,215354.0,Gantiganahalli,612934,Nagadasanahalli,12.552685896077291,77.28538840161546,Traffic Junction,150,Active,Kengeri Traffic PS
CCTV00753_6,Kengeri Traffic PS - Bank CCTV,525,Bengaluru Urban,5544,Bengaluru East,272987.0,Kannamangala,613111,Khaji Sonnenahalli,12.555069518568729,77.2863874947585,Bank,150,Active,Kengeri Traffic PS
CCTV00754_1,Kodigehalli PS - Bus Stand CCTV,525,Bengaluru Urban,5542,Bengaluru North,,,939413,Bangalore Contonment,13.062665650581113,77.57347989085862,Bus Stand,150,Maintenance,Kodigehalli PS
CCTV00754_2,Kodigehalli PS - Bus Stand CCTV,525,Bengaluru Urban,5542,Bengaluru North,215351.0,Dasanapura,612790,Narayanappana Palya,13.062239883688886,77.57415349198907,Bus Stand,150,Active,Kodigehalli PS
CCTV00754_3,Kodigehalli PS - Market CCTV,525,Bengaluru Urban,5542,Bengaluru North,,,939460,Matthikere,13.061435836031599,77.57488735435084,Market,200,Active,Kodigehalli PS
CCTV00754_4,Kodigehalli PS - Market CCTV,525,Bengaluru Urban,7103,Yelahanka,215358.0,Hurulichikkanahalli,612867,Bilijaji,13.061953268477609,77.57306613112483,Market,150,Active,Kodigehalli PS
CCTV00754_5,Kodigehalli PS - School CCTV,525,Bengaluru Urban,5543,Bengaluru South,215378.0,Chunchanakuppe,613008,Chikkellur Ramapura,13.061783264893764,77.57328373306696,School,100,Maintenance,Kodigehalli PS
CCTV00755_1,Konanakunte PS - School CCTV,525,Bengaluru Urban,5544,Bengaluru East,,,938243,Chinnappanahalli,12.883846089868358,77.56655525157193,School,200,Maintenance,Konanakunte PS
CCTV00755_2,Konanakunte PS - Bus Stand CCTV,525,Bengaluru Urban,5545,Anekal,215312.0,Ballur,613280,Halehalli,12.884276573342834,77.56529382038899,Bus Stand,100,Active,Konanakunte PS
CCTV00755_3,Konanakunte PS - Government Office CCTV,525,Bengaluru Urban,5545,Anekal,215318.0,Dommasandra,613354,Dommasandra (Ct),12.884073486946106,77.56647531862164,Government Office,200,Active,Konanakunte PS
CCTV00755_4,Konanakunte PS - Traffic Junction CCTV,525,Bengaluru Urban,7103,Yelahanka,215354.0,Gantiganahalli,612941,Ramagondanahalli,12.88456756907541,77.56589934972155,Traffic Junction,200,Maintenance,Konanakunte PS
CCTV00755_5,Konanakunte PS - Bank CCTV,525,Bengaluru Urban,7103,Yelahanka,215369.0,Singanayakanahalli,612938,Krishnasagara,12.883023439633453,77.5667599700788,Bank,100,Active,Konanakunte PS
CCTV00755_6,Konanakunte PS - Bank CCTV,525,Bengaluru Urban,5544,Bengaluru East,,,939511,Srinivasapura K.G,12.88377690860986,77.56569478185963,Bank,200,Active,Konanakunte PS
CCTV00756_1,Koramangala PS - Traffic Junction CCTV,525,Bengaluru Urban,5545,Anekal,215322.0,Hennagara,613163,Yarandahalli,12.561498148571125,77.37159174764922,Traffic Junction,150,Active,Koramangala PS
CCTV00756_2,Koramangala PS - Government Office CCTV,525,Bengaluru Urban,7103,Yelahanka,215367.0,Rajanukunte,612849,Ittagallpura,12.563792905648862,77.37105887433296,Government Office,200,Active,Koramangala PS
CCTV00756_3,Koramangala PS - College CCTV,525,Bengaluru Urban,5543,Bengaluru South,,,938455,Pattanagere,12.562659688023265,77.3714645745888,College,200,Active,Koramangala PS
CCTV00756_4,Koramangala PS - Bus Stand CCTV,525,Bengaluru Urban,5543,Bengaluru South,,,613061,Uttarahalli -Manavarthekaval,12.561847723384723,77.37094587419963,Bus Stand,150,Maintenance,Koramangala PS
CCTV00756_5,Koramangala PS - Market CCTV,525,Bengaluru Urban,5542,Bengaluru North,,,939463,Rajamahal,12.56287861545342,77.37123657811242,Market,200,Active,Koramangala PS
CCTV00756_6,Koramangala PS - ATM CCTV,525,Bengaluru Urban,5542,Bengaluru North,215363.0,Machohalli,612815,Bylakonenahalli,12.562076475833805,77.3709528511794,ATM,100,Active,Koramangala PS
CCTV00757_1,Kothanur PS - Government Hospital CCTV,525,Bengaluru Urban,7103,Yelahanka,,,938538,Shreeramapura,13.059782292705535,77.65124616089695,Government Hospital,200,Active,Kothanur PS
CCTV00757_2,Kothanur PS - Bus Stand CCTV,525,Bengaluru Urban,5542,Bengaluru North,215355.0,Gopalapura,612758,Agrahara Palya,13.061231751211773,77.65215164463451,Bus Stand,150,Active,Kothanur PS
CCTV00757_3,Kothanur PS - Bank CCTV,525,Bengaluru Urban,5544,Bengaluru East,,,938262,Challaghatta,13.059780622160517,77.6502155228235,Bank,100,Maintenance,Kothanur PS
CCTV00758_1,Kumaraswamy Layout PS - School CCTV,525,Bengaluru Urban,5545,Anekal,215322.0,Hennagara,613181,Hosahalli,12.905636345168872,77.56181654104358,School,150,Active,Kumaraswamy Layout PS
CCTV00758_2,Kumaraswamy Layout PS - College CCTV,525,Bengaluru Urban,5543,Bengaluru South,215383.0,Kagglipura,613042,Kaggalipura,12.904033137487268,77.5631221386019,College,200,Active,Kumaraswamy Layout PS
CCTV00758_3,Kumaraswamy Layout PS - College CCTV,525,Bengaluru Urban,5545,Anekal,215316.0,Byagadadenahalli,613321,Thattanahalli,12.904498881811335,77.5632197089146,College,150,Active,Kumaraswamy Layout PS
CCTV00758_4,Kumaraswamy Layout PS - Government Office CCTV,525,Bengaluru Urban,5543,Bengaluru South,215387.0,Ramohalli,613016,Ramohalli,12.90596307062366,77.56200647093937,Government Office,200,Active,Kumaraswamy Layout PS
CCTV00759_1,Kumaraswamy Layout Traffic PS - Market CCTV,525,Bengaluru Urban,7103,Yelahanka,272980.0,Sathanooru,612913,Byappanahalli,12.901981423156327,77.54365403798616,Market,200,Active,Kumaraswamy Layout Traffic PS
CCTV00759_2,Kumaraswamy Layout Traffic PS - College CCTV,525,Bengaluru Urban,5544,Bengaluru East,,,938213,Chelakere,12.900845148382908,77.54356106106736,College,100,Active,Kumaraswamy Layout Traffic PS
CCTV00759_3,Kumaraswamy Layout Traffic PS - Traffic Junction CCTV,525,Bengaluru Urban,5543,Bengaluru South,,,938491,Govinagovinayakanahalli,12.90169619901895,77.54512333153835,Traffic Junction,150,Active,Kumaraswamy Layout Traffic PS
CCTV00760_1,Kumbalagudu PS - College CCTV,525,Bengaluru Urban,5543,Bengaluru South,,,938483,Kattariguppe,12.875105465834235,77.44328758065261,College,100,Maintenance,Kumbalagudu PS
CCTV00760_2,Kumbalagudu PS - Traffic Junction CCTV,525,Bengaluru Urban,5545,Anekal,,,613355,Hebbagodi (Ct),12.8752453047071,77.44348247848242,Traffic Junction,150,Active,Kumbalagudu PS
CCTV00760_3,Kumbalagudu PS - Government Office CCTV,525,Bengaluru Urban,5543,Bengaluru South,272984.0,Channena Halli,612966,Channenahalli,12.876531700357955,77.44522974941452,Government Office,150,Active,Kumbalagudu PS
CCTV00760_4,Kumbalagudu PS - ATM CCTV,525,Bengaluru Urban,7103,Yelahanka,215354.0,Gantiganahalli,612935,Lakshmisagara,12.873809336590561,77.44551891279451,ATM,100,Maintenance,Kumbalagudu PS
CCTV00760_5,Kumbalagudu PS - Bus Stand CCTV,525,Bengaluru Urban,7103,Yelahanka,272979.0,Meenukunte,612890,Channahalli,12.874169089508896,77.44412250993568,Bus Stand,150,Active,Kumbalagudu PS
CCTV00761_1,Madanayakanahally PS - School CCTV,525,Bengaluru Urban,5542,Bengaluru North,,,938403,Peenya,13.063274763632105,77.46260830659399,School,100,Active,Madanayakanahally PS
CCTV00761_2,Madanayakanahally PS - Government Hospital CCTV,525,Bengaluru Urban,5544,Bengaluru East,245241.0,Kannuru,613124,Kannur (Og),13.060763205943273,77.46194911090883,Government Hospital,100,Active,Madanayakanahally PS
CCTV00761_3,Madanayakanahally PS - School CCTV,525,Bengaluru Urban,5542,Bengaluru North,,,939468,Sawar Line,13.062617470939067,77.46099856892516,School,200,Active,Madanayakanahally PS
CCTV00761_4,Madanayakanahally PS - ATM CCTV,525,Bengaluru Urban,5543,Bengaluru South,215390.0,Taralu,613049,Alakabelalu,13.061220862893382,77.46252737953785,ATM,100,Maintenance,Madanayakanahally PS
CCTV00762_1,Madivala PS - Government Hospital CCTV,525,Bengaluru Urban,5542,Bengaluru North,,,939459,Mallasandra J.I,12.92215375468484,77.6219462526921,Government Hospital,200,Active,Madivala PS
CCTV00762_2,Madivala PS - ATM CCTV,525,Bengaluru Urban,5544,Bengaluru East,215386.0,Manduru,613098,Huskur,12.921575493822933,77.62017246539016,ATM,150,Active,Madivala PS
CCTV00762_3,Madivala PS - ATM CCTV,525,Bengaluru Urban,5543,Bengaluru South,215387.0,Ramohalli,613019,Chalaghatta,12.920659352637555,77.62204523699955,ATM,150,Active,Madivala PS
CCTV00762_4,Madivala PS - Market CCTV,525,Bengaluru Urban,7103,Yelahanka,215368.0,Shivakotte,612870,Madhugirihalli,12.921995627571292,77.61920634797455,Market,100,Active,Madivala PS
CCTV00762_5,Madivala PS - School CCTV,525,Bengaluru Urban,5542,Bengaluru North,272973.0,Adakamaarana Halli,612778,Makali,12.921128437339563,77.6201906396867,School,200,Maintenance,Madivala PS
CCTV00762_6,Madivala PS - Government Hospital CCTV,525,Bengaluru Urban,5543,Bengaluru South,272983.0,Ajjanahalli,612975,Madapatna,12.922255491290043,77.62088011575052,Government Hospital,100,Maintenance,Madivala PS
CCTV00763_1,Madivala Traffic PS - School CCTV,525,Bengaluru Urban,5542,Bengaluru North,,,939427,Doddakunte K.G.,12.551819673631295,77.37079034307733,School,200,Active,Madivala Traffic PS
CCTV00763_2,Madivala Traffic PS - College CCTV,525,Bengaluru Urban,5543,Bengaluru South,,,938463,Konanakunte,12.550986373550362,77.3708800476277,College,200,Maintenance,Madivala Traffic PS
CCTV00763_3,Madivala Traffic PS - Bank CCTV,525,Bengaluru Urban,5544,Bengaluru East,245244.0,Sheegehalli,613114,Seegehalli,12.553014442112714,77.3701930956671,Bank,150,Maintenance,Madivala Traffic PS
CCTV00764_1,Magadi Road PS - Railway Station CCTV,525,Bengaluru Urban,5545,Anekal,215319.0,Handenahalli,613226,Bilchikkanahalli,12.975262286509286,77.55099506782518,Railway Station,150,Maintenance,Magadi Road PS
CCTV00764_2,Magadi Road PS - Bank CCTV,525,Bengaluru Urban,7103,Yelahanka,215367.0,Rajanukunte,612849,Ittagallpura,12.974286415169429,77.55162386932909,Bank,150,Active,Magadi Road PS
CCTV00764_3,Magadi Road PS - Railway Station CCTV,525,Bengaluru Urban,5544,Bengaluru East,245245.0,Kodathi,613117,Valepura,12.973380074131672,77.55136771060302,Railway Station,100,Maintenance,Magadi Road PS
CCTV00765_1,Magadi Road Traffic PS - Railway Station CCTV,525,Bengaluru Urban,5542,Bengaluru North,215363.0,Machohalli,612814,Byandahalli,12.974836471880442,77.54968548874996,Railway Station,200,Maintenance,Magadi Road Traffic PS
CCTV00765_2,Magadi Road Traffic PS - Market CCTV,525,Bengaluru Urban,5543,Bengaluru South,,,938443,Sonnenahalli,12.973850779607517,77.55047097572131,Market,100,Active,Magadi Road Traffic PS
CCTV00765_3,Magadi Road Traffic PS - Government Office CCTV,525,Bengaluru Urban,7103,Yelahanka,215356.0,Hesarughatta,612866,Guddadahalli,12.97447554617073,77.54984536721625,Government Office,100,Active,Magadi Road Traffic PS
CCTV00765_4,Magadi Road Traffic PS - Railway Station CCTV,525,Bengaluru Urban,5545,Anekal,215342.0,Yamare,613216,Chambenahalli,12.973304982119076,77.54978413024983,Railway Station,150,Active,Magadi Road Traffic PS
CCTV00765_5,Magadi Road Traffic PS - School CCTV,525,Bengaluru Urban,5544,Bengaluru East,,,938257,Binnamangala Manavarthe Kaval,12.973182737430198,77.55062725261072,School,150,Maintenance,Magadi Road Traffic PS
CCTV00766_1,Mahadevapura PS - Government Office CCTV,525,Bengaluru Urban,7103,Yelahanka,215360.0,Kasagattapura,612874,Lingarajasagara,12.99735327111628,77.69265242592402,Government Office,150,Maintenance,Mahadevapura PS
CCTV00766_2,Mahadevapura PS - Traffic Junction CCTV,525,Bengaluru Urban,5545,Anekal,215341.0,Vanakanahalli,613329,Patnagere Gollahalli,12.997007235171823,77.69193689071864,Traffic Junction,100,Active,Mahadevapura PS
CCTV00766_3,Mahadevapura PS - Government Office CCTV,525,Bengaluru Urban,5542,Bengaluru North,,,938346,Bagalagunte,12.996636689821646,77.69363325316193,Government Office,150,Active,Mahadevapura PS
CCTV00766_4,Mahadevapura PS - Traffic Junction CCTV,525,Bengaluru Urban,5543,Bengaluru South,215376.0,Chikkanahalli,612991,Donnenahalli,12.997619276867262,77.69135082094905,Traffic Junction,200,Active,Mahadevapura PS
CCTV00766_5,Mahadevapura PS - Government Hospital CCTV,525,Bengaluru Urban,7103,Yelahanka,,,938532,Byatarayapura,12.99576245926797,77.6931653778687,Government Hospital,100,Maintenance,Mahadevapura PS
CCTV00767_1,Mahalakshmipuram PS - ATM CCTV,525,Bengaluru Urban,5542,Bengaluru North,215359.0,Huskuru,612755,Bethanagere,13.00126365567252,77.54805625674247,ATM,200,Active,Mahalakshmipuram PS
CCTV00767_2,Mahalakshmipuram PS - Market CCTV,525,Bengaluru Urban,5542,Bengaluru North,215361.0,Kittanahalli,612800,Mallasandra,13.00133039900664,77.5463216602646,Market,200,Active,Mahalakshmipuram PS
CCTV00767_3,Mahalakshmipuram PS - Traffic Junction CCTV,525,Bengaluru Urban,5542,Bengaluru North,,,939417,Bogenahalli,13.002392540607513,77.54583920601901,Traffic Junction,200,Active,Mahalakshmipuram PS
CCTV00767_4,Mahalakshmipuram PS - Market CCTV,525,Bengaluru Urban,5543,Bengaluru South,,,938489,Bikashipura,13.001614345021277,77.54871699011382,Market,100,Maintenance,Mahalakshmipuram PS
CCTV00767_5,Mahalakshmipuram PS - Bus Stand CCTV,525,Bengaluru Urban,5542,Bengaluru North,,,939448,Kasaba Yeshawanthapura,13.00253099434884,77.54683511107805,Bus Stand,150,Active,Mahalakshmipuram PS
CCTV00767_6,Mahalakshmipuram PS - Railway Station CCTV,525,Bengaluru Urban,5543,Bengaluru South,,,939479,Agara (Begur Hobli),13.002698797996965,77.54874286909221,Railway Station,150,Active,Mahalakshmipuram PS
CCTV00768_1,Malleshwaram PS - Bank CCTV,525,Bengaluru Urban,7103,Yelahanka,,,938527,Venkatala,12.996778018322269,77.56960146059846,Bank,150,Active,Malleshwaram PS
CCTV00768_2,Malleshwaram PS - ATM CCTV,525,Bengaluru Urban,7103,Yelahanka,,,612910,Bilmaranahalli,12.995280205709262,77.56826874984414,ATM,150,Maintenance,Malleshwaram PS
CCTV00768_3,Malleshwaram PS - Bus Stand CCTV,525,Bengaluru Urban,5545,Anekal,215320.0,Haragadde,613168,Haragadde,12.995668787020247,77.57045244711288,Bus Stand,100,Maintenance,Malleshwaram PS
CCTV00768_4,Malleshwaram PS - Traffic Junction CCTV,525,Bengaluru Urban,5542,Bengaluru North,,,939408,Alasuru,12.996009736469498,77.56995628506493,Traffic Junction,100,Active,Malleshwaram PS
CCTV00768_5,Malleshwaram PS - Railway Station CCTV,525,Bengaluru Urban,5542,Bengaluru North,,,939454,Kuppasandra,12.997283710510768,77.56809257590888,Railway Station,150,Active,Malleshwaram PS
CCTV00769_1,Marathahalli PS - Government Hospital CCTV,525,Bengaluru Urban,7103,Yelahanka,215367.0,Rajanukunte,612849,Ittagallpura,12.946813288715093,77.69882925380972,Government Hospital,150,Active,Marathahalli PS
CCTV00769_2,Marathahalli PS - Market CCTV,525,Bengaluru Urban,7103,Yelahanka,,,938540,Venkateshapura,12.946335726498688,77.69857069062681,Market,100,Active,Marathahalli PS
CCTV00769_3,Marathahalli PS - Railway Station CCTV,525,Bengaluru Urban,5543,Bengaluru South,215377.0,Choolanayakanahalli,612970,Devamachohalli,12.945289564353759,77.69749859813011,Railway Station,150,Maintenance,Marathahalli PS
CCTV00770_1,Mico Layout PS - Bus Stand CCTV,525,Bengaluru Urban,5545,Anekal,215334.0,Muttanalluru,613220,Chikkadunnasandra,12.542198202154262,77.36257070935518,Bus Stand,200,Active,Mico Layout PS
CCTV00770_2,Mico Layout PS - College CCTV,525,Bengaluru Urban,5545,Anekal,215336.0,Neriga,613215,Ramnaikanahalli,12.543437158523936,77.364626338827,College,150,Maintenance,Mico Layout PS
CCTV00770_3,Mico Layout PS - School CCTV,525,Bengaluru Urban,5545,Anekal,215342.0,Yamare,613218,Sompura,12.543198354040628,77.36250549770438,School,100,Active,Mico Layout PS
CCTV00771_1,Mico Layout Traffic PS - Bank CCTV,525,Bengaluru Urban,5544,Bengaluru East,215375.0,Bidarahalli,613083,Bidarahalli,12.545047404729885,77.3608650358481,Bank,150,Active,Mico Layout Traffic PS
CCTV00771_2,Mico Layout Traffic PS - Railway Station CCTV,525,Bengaluru Urban,5544,Bengaluru East,215379.0,Doddabanahalli,613110,Goravigere,12.545914648755634,77.36108511340568,Railway Station,200,Active,Mico Layout Traffic PS
CCTV00771_3,Mico Layout Traffic PS - School CCTV,525,Bengaluru Urban,7103,Yelahanka,272980.0,Sathanooru,612912,Sathnur,12.545216593537901,77.36152938123143,School,200,Maintenance,Mico Layout Traffic PS
CCTV00771_4,Mico Layout Traffic PS - Railway Station CCTV,525,Bengaluru Urban,5545,Anekal,215328.0,Karpur,613350,Bidaragere,12.54366093396767,77.35915067216503,Railway Station,200,Active,Mico Layout Traffic PS
CCTV00772_1,Nandini Layout PS - Bank CCTV,525,Bengaluru Urban,5545,Anekal,215323.0,Hulimangala,613164,Vabasandra,13.01341520850662,77.53739470160771,Bank,150,Active,Nandini Layout PS
CCTV00772_2,Nandini Layout PS - Bus Stand CCTV,525,Bengaluru Urban,5542,Bengaluru North,,,939465,Sampigehalli,13.013536943792765,77.53777656360857,Bus Stand,200,Active,Nandini Layout PS
CCTV00772_3,Nandini Layout PS - College CCTV,525,Bengaluru Urban,5544,Bengaluru East,215386.0,Manduru,613090,Thirumenahalli,13.011859933820176,77.537765825442,College,200,Active,Nandini Layout PS
CCTV00772_4,Nandini Layout PS - Market CCTV,525,Bengaluru Urban,7103,Yelahanka,215368.0,Shivakotte,612871,Mavallipura,13.01263983575232,77.53548150463381,Market,150,Active,Nandini Layout PS
CCTV00772_5,Nandini Layout PS - Traffic Junction CCTV,525,Bengaluru Urban,7103,Yelahanka,215372.0,Sonnenahalli,612828,Haniyur,13.012528641841945,77.53576737688745,Traffic Junction,150,Active,Nandini Layout PS
CCTV00772_6,Nandini Layout PS - Government Hospital CCTV,525,Bengaluru Urban,5543,Bengaluru South,,,938410,Lakkasandra,13.011074378347836,77.53772647486886,Government Hospital,100,Maintenance,Nandini Layout PS
CCTV00773_1,North East Women PS - Government Office CCTV,525,Bengaluru Urban,5542,Bengaluru North,,,612950,Chikkabanavara (Ct),13.003777778158627,77.51861326009771,Government Office,100,Active,North East Women PS
CCTV00773_2,North East Women PS - School CCTV,525,Bengaluru Urban,7103,Yelahanka,215358.0,Hurulichikkanahalli,612887,Tharabanahalli,13.003404796854241,77.51728653879832,School,150,Active,North East Women PS
CCTV00773_3,North East Women PS - Market CCTV,525,Bengaluru Urban,5544,Bengaluru East,215375.0,Bidarahalli,613077,Adur,13.00572131345265,77.51724107039237,Market,100,Active,North East Women PS
CCTV00773_4,North East Women PS - Government Hospital CCTV,525,Bengaluru Urban,5542,Bengaluru North,,,939460,Matthikere,13.003421249024937,77.51828286119583,Government Hospital,100,Active,North East Women PS
CCTV00773_5,North East Women PS - Government Hospital CCTV,525,Bengaluru Urban,5542,Bengaluru North,,,938501,Dasarahalli,13.003264751756848,77.51901586354808,Government Hospital,100,Active,North East Women PS
CCTV00774_1,Parappana Agrahara - Government Hospital CCTV,525,Bengaluru Urban,5544,Bengaluru East,215386.0,Manduru,613091,Hancharahalli,12.522384310968292,77.40357459954922,Government Hospital,100,Active,Parappana Agrahara
CCTV00774_2,Parappana Agrahara - ATM CCTV,525,Bengaluru Urban,5545,Anekal,215338.0,Samandur,613343,Kurubarahatti,12.523262002955292,77.40267687599578,ATM,150,Active,Parappana Agrahara
CCTV00774_3,Parappana Agrahara - Government Office CCTV,525,Bengaluru Urban,5545,Anekal,215330.0,Mantapa,613140,Begihalli,12.524793290345494,77.40183406270641,Government Office,150,Active,Parappana Agrahara
CCTV00774_4,Parappana Agrahara - Government Office CCTV,525,Bengaluru Urban,5545,Anekal,215341.0,Vanakanahalli,613335,Singasandra,12.522581054679724,77.40274148339245,Government Office,150,Maintenance,Parappana Agrahara
CCTV00774_5,Parappana Agrahara - School CCTV,525,Bengaluru Urban,5544,Bengaluru East,,,938208,Banasavadi,12.524555868249259,77.40329886208966,School,100,Active,Parappana Agrahara
CCTV00774_6,Parappana Agrahara - Railway Station CCTV,525,Bengaluru Urban,5545,Anekal,215336.0,Neriga,613209,Chikkavaderapura,12.524943161781685,77.40159776874748,Railway Station,200,Active,Parappana Agrahara
CCTV00775_1,Peenya PS - ATM CCTV,525,Bengaluru Urban,5543,Bengaluru South,,,939490,Nyanappanashetty Palya K.G,13.035851685498443,77.5207367075718,ATM,100,Active,Peenya PS
CCTV00775_2,Peenya PS - College CCTV,525,Bengaluru Urban,5542,Bengaluru North,215362.0,Kodigehalli,612823,Seegehalli,13.036145843159971,77.52121650272177,College,150,Active,Peenya PS
CCTV00775_3,Peenya PS - Railway Station CCTV,525,Bengaluru Urban,5545,Anekal,215340.0,Suragajakkanahalli,613308,A Medihalli,13.03487505174306,77.52260659552408,Railway Station,200,Active,Peenya PS
CCTV00776_1,Pulakeshinagar PS - Railway Station CCTV,525,Bengaluru Urban,5543,Bengaluru South,,,938476,Arehalli,12.999188052644108,77.61951813445646,Railway Station,100,Maintenance,Pulakeshinagar PS
CCTV00776_2,Pulakeshinagar PS - College CCTV,525,Bengaluru Urban,5545,Anekal,215335.0,Neraluru,613273,Yadavanahalli,12.999113492723076,77.61896397461321,College,200,Maintenance,Pulakeshinagar PS
CCTV00776_3,Pulakeshinagar PS - Railway Station CCTV,525,Bengaluru Urban,5545,Anekal,215316.0,Byagadadenahalli,613346,Chikka Hagade,12.999474683200749,77.61830538939884,Railway Station,100,Active,Pulakeshinagar PS
CCTV00776_4,Pulakeshinagar PS - Railway Station CCTV,525,Bengaluru Urban,7103,Yelahanka,215347.0,Bandikodagehalli,612924,Arebinnamangala,12.998037383951134,77.62030665271611,Railway Station,200,Active,Pulakeshinagar PS
CCTV00776_5,Pulakeshinagar PS - Traffic Junction CCTV,525,Bengaluru Urban,5545,Anekal,,,613162,Thirupalya,12.998046186646414,77.62060037487583,Traffic Junction,100,Active,Pulakeshinagar PS
CCTV00777_1,Pulakeshinagar Traffic PS - Railway Station CCTV,525,Bengaluru Urban,5542,Bengaluru North,,,612792,Siddanahosahalli,12.595389043983404,77.37121336980154,Railway Station,150,Maintenance,Pulakeshinagar Traffic PS
CCTV00777_2,Pulakeshinagar Traffic PS - Bank CCTV,525,Bengaluru Urban,5545,Anekal,215328.0,Karpur,613350,Bidaragere,12.5947924897716,77.37225764935529,Bank,100,Active,Pulakeshinagar Traffic PS
CCTV00777_3,Pulakeshinagar Traffic PS - Market CCTV,525,Bengaluru Urban,5542,Bengaluru North,215361.0,Kittanahalli,612796,Avverahalli,12.595941844907207,77.37201361318931,Market,150,Active,Pulakeshinagar Traffic PS
CCTV00777_4,Pulakeshinagar Traffic PS - ATM CCTV,525,Bengaluru Urban,5544,Bengaluru East,,,938201,Bhattarahalli,12.59700316258247,77.36981643187995,ATM,100,Active,Pulakeshinagar Traffic PS
CCTV00777_5,Pulakeshinagar Traffic PS - Traffic Junction CCTV,525,Bengaluru Urban,5544,Bengaluru East,,,938224,Sannatammanahalli,12.596467723390553,77.37219822409237,Traffic Junction,100,Maintenance,Pulakeshinagar Traffic PS
CCTV00777_6,Pulakeshinagar Traffic PS - Market CCTV,525,Bengaluru Urban,5544,Bengaluru East,,,938259,Vijanapura,12.594351963002817,77.37125280146523,Market,200,Active,Pulakeshinagar Traffic PS
CCTV00778_1,Puttenahalli PS - Government Hospital CCTV,525,Bengaluru Urban,5542,Bengaluru North,215359.0,Huskuru,612771,Muniyanapalya,12.549206527501482,77.34506614729274,Government Hospital,200,Active,Puttenahalli PS
CCTV00778_2,Puttenahalli PS - School CCTV,525,Bengaluru Urban,5544,Bengaluru East,,,938273,Gunjuru,12.547307249217427,77.34654320465707,School,200,Active,Puttenahalli PS
CCTV00778_3,Puttenahalli PS - Bus Stand CCTV,525,Bengaluru Urban,7103,Yelahanka,272979.0,Meenukunte,612889,Meenakunte,12.54893180720484,77.34681599612176,Bus Stand,200,Active,Puttenahalli PS
CCTV00778_4,Puttenahalli PS - Railway Station CCTV,525,Bengaluru Urban,5542,Bengaluru North,,,939459,Mallasandra J.I,12.54842435582288,77.34644702479024,Railway Station,150,Maintenance,Puttenahalli PS
CCTV00778_5,Puttenahalli PS - School CCTV,525,Bengaluru Urban,5545,Anekal,215323.0,Hulimangala,613159,Koppa Gate,12.549822163847416,77.34463210381973,School,100,Active,Puttenahalli PS
CCTV00779_1,R.M.C. Yard PS - Traffic Junction CCTV,525,Bengaluru Urban,5543,Bengaluru South,,,938456,Alahalli,13.028308317805438,77.54014531538004,Traffic Junction,200,Active,R.M.C. Yard PS
CCTV00779_2,R.M.C. Yard PS - Government Office CCTV,525,Bengaluru Urban,7103,Yelahanka,215358.0,Hurulichikkanahalli,612869,Thammarasanahalli,13.028602002886588,77.5395351864263,Government Office,150,Maintenance,R.M.C. Yard PS
CCTV00779_3,R.M.C. Yard PS - Bus Stand CCTV,525,Bengaluru Urban,5544,Bengaluru East,,,938215,Devasandra,13.029368777672023,77.54035227928692,Bus Stand,150,Active,R.M.C. Yard PS
CCTV00779_4,R.M.C. Yard PS - Traffic Junction CCTV,525,Bengaluru Urban,7103,Yelahanka,,,938528,Yelahanka,13.029532338310913,77.53994642090858,Traffic Junction,150,Active,R.M.C. Yard PS
CCTV00780_1,R.T. Nagar PS - Railway Station CCTV,525,Bengaluru Urban,5544,Bengaluru East,,,938244,Hagaduru,13.02542182313542,77.5945443197279,Railway Station,150,Active,R.T. Nagar PS
CCTV00780_2,R.T. Nagar PS - Bus Stand CCTV,525,Bengaluru Urban,5542,Bengaluru North,215361.0,Kittanahalli,612800,Mallasandra,13.023593350775622,77.5921780029734,Bus Stand,100,Active,R.T. Nagar PS
CCTV00780_3,R.T. Nagar PS - Bank CCTV,525,Bengaluru Urban,7103,Yelahanka,215358.0,Hurulichikkanahalli,612867,Bilijaji,13.023868875222743,77.59463503001363,Bank,200,Active,R.T. Nagar PS
CCTV00780_4,R.T. Nagar PS - ATM CCTV,525,Bengaluru Urban,5545,Anekal,215333.0,Mugaluru,613244,Mugalur,13.02404978303291,77.59452921821365,ATM,200,Maintenance,R.T. Nagar PS
CCTV00781_1,R.T.Nagar Traffic PS - Bank CCTV,525,Bengaluru Urban,5545,Anekal,215322.0,Hennagara,613178,Hinnakki,13.032204520667387,77.88211609211363,Bank,100,Active,R.T.Nagar Traffic PS
CCTV00781_2,R.T.Nagar Traffic PS - Bus Stand CCTV,525,Bengaluru Urban,5543,Bengaluru South,215382.0,K.Gollahalli,613031,Gonipura,13.033740959785062,77.88280925780319,Bus Stand,200,Active,R.T.Nagar Traffic PS
CCTV00781_3,R.T.Nagar Traffic PS - Bank CCTV,525,Bengaluru Urban,5542,Bengaluru North,,,612821,Thirumalapura,13.032708940208417,77.88125214511457,Bank,100,Active,R.T.Nagar Traffic PS
CCTV00781_4,R.T.Nagar Traffic PS - Government Office CCTV,525,Bengaluru Urban,5544,Bengaluru East,,,938262,Challaghatta,13.03178782019044,77.88159634764135,Government Office,100,Active,R.T.Nagar Traffic PS
CCTV00781_5,R.T.Nagar Traffic PS - Government Hospital CCTV,525,Bengaluru Urban,7103,Yelahanka,,,938543,Chikkabettadahalli,13.033030160650195,77.8807992839589,Government Hospital,150,Active,R.T.Nagar Traffic PS
CCTV00782_1,Rajagopal Nagar PS - Bus Stand CCTV,525,Bengaluru Urban,5542,Bengaluru North,,,938500,Chokkasandra,13.01626624857665,77.5123001719872,Bus Stand,100,Active,Rajagopal Nagar PS
CCTV00782_2,Rajagopal Nagar PS - School CCTV,525,Bengaluru Urban,5543,Bengaluru South,215382.0,K.Gollahalli,613038,Seegehalli,13.016823031622156,77.51477260153203,School,150,Active,Rajagopal Nagar PS
CCTV00782_3,Rajagopal Nagar PS - Government Office CCTV,525,Bengaluru Urban,5544,Bengaluru East,,,938246,Kundalahalli,13.018269212758367,77.51304004746312,Government Office,100,Maintenance,Rajagopal Nagar PS
CCTV00782_4,Rajagopal Nagar PS - College CCTV,525,Bengaluru Urban,5543,Bengaluru South,,,938413,Shreenivagilu,13.018282029271736,77.51371478597923,College,200,Active,Rajagopal Nagar PS
CCTV00782_5,Rajagopal Nagar PS - Market CCTV,525,Bengaluru Urban,5545,Anekal,215327.0,Kallubalu,613156,J.Bingipura,13.01760788541021,77.51333168839963,Market,150,Active,Rajagopal Nagar PS
CCTV00783_1,Rajajinagar PS - ATM CCTV,525,Bengaluru Urban,5545,Anekal,215318.0,Dommasandra,613354,Dommasandra (Ct),12.995107694508192,77.55354774638826,ATM,150,Active,Rajajinagar PS
CCTV00783_2,Rajajinagar PS - Government Hospital CCTV,525,Bengaluru Urban,5542,Bengaluru North,,,939417,Bogenahalli,12.995841016922732,77.55437316713338,Government Hospital,200,Maintenance,Rajajinagar PS
CCTV00783_3,Rajajinagar PS - Bus Stand CCTV,525,Bengaluru Urban,5544,Bengaluru East,215375.0,Bidarahalli,613084,Byappanahalli,12.994166433797593,77.55441537198544,Bus Stand,100,Active,Rajajinagar PS
CCTV00783_4,Rajajinagar PS - ATM CCTV,525,Bengaluru Urban,5542,Bengaluru North,,,939415,Bilakahalli,12.994661289507755,77.55529983966008,ATM,150,Active,Rajajinagar PS
CCTV00783_5,Rajajinagar PS - ATM CCTV,525,Bengaluru Urban,5545,Anekal,215335.0,Neraluru,613155,Giddenahalli,12.994151925324877,77.55567045395608,ATM,100,Active,Rajajinagar PS
CCTV00783_6,Rajajinagar PS - School CCTV,525,Bengaluru Urban,5542,Bengaluru North,215359.0,Huskuru,612754,Syadamipalya,12.994195507386562,77.5534670885756,School,100,Active,Rajajinagar PS
CCTV00784_1,Rajanukunte PS - ATM CCTV,525,Bengaluru Urban,5542,Bengaluru North,,,938499,Andrahalli,13.415458033078336,76.62119257943392,ATM,200,Active,Rajanukunte PS
CCTV00784_2,Rajanukunte PS - College CCTV,525,Bengaluru Urban,7103,Yelahanka,215367.0,Rajanukunte,612845,Sreeramanahalli,13.41639068840029,76.61981417989954,College,100,Active,Rajanukunte PS
CCTV00784_3,Rajanukunte PS - ATM CCTV,525,Bengaluru Urban,5545,Anekal,215341.0,Vanakanahalli,613331,Kalanaikanahalli,13.416077567757661,76.62164636940113,ATM,100,Active,Rajanukunte PS
CCTV00784_4,Rajanukunte PS - Bus Stand CCTV,525,Bengaluru Urban,5543,Bengaluru South,,,938445,Hammigepura,13.414512278531639,76.62055153012845,Bus Stand,200,Maintenance,Rajanukunte PS
CCTV00784_5,Rajanukunte PS - Railway Station CCTV,525,Bengaluru Urban,5545,Anekal,215319.0,Handenahalli,613227,S.Medihalli,13.414879371732253,76.62255145764217,Railway Station,100,Active,Rajanukunte PS
CCTV00785_1,Rajarajeshwari Nagar PS - Bus Stand CCTV,525,Bengaluru Urban,5543,Bengaluru South,,,938441,Kengeri,12.912836958013283,77.5203577469862,Bus Stand,200,Maintenance,Rajarajeshwari Nagar PS
CCTV00785_2,Rajarajeshwari Nagar PS - College CCTV,525,Bengaluru Urban,5543,Bengaluru South,215378.0,Chunchanakuppe,613001,Kolur Gururayanapura,12.91172295189073,77.52184620638943,College,150,Active,Rajarajeshwari Nagar PS
CCTV00785_3,Rajarajeshwari Nagar PS - Bus Stand CCTV,525,Bengaluru Urban,5544,Bengaluru East,215374.0,Avalahalli,613102,Veerenahalli,12.914089502426545,77.52210306751037,Bus Stand,200,Active,Rajarajeshwari Nagar PS
CCTV00786_1,Ramamurthy Nagar PS - Government Hospital CCTV,525,Bengaluru Urban,5543,Bengaluru South,,,938427,Arakere,13.001624756343348,77.66343050828172,Government Hospital,100,Maintenance,Ramamurthy Nagar PS
CCTV00786_2,Ramamurthy Nagar PS - ATM CCTV,525,Bengaluru Urban,5543,Bengaluru South,215389.0,Sulikere,613012,Sulikere,13.001523901615078,77.6628833138808,ATM,200,Active,Ramamurthy Nagar PS
CCTV00786_3,Ramamurthy Nagar PS - School CCTV,525,Bengaluru Urban,5545,Anekal,215329.0,Shanthipura,613189,Chikkanagamangala,13.00267674410408,77.66154942157324,School,150,Active,Ramamurthy Nagar PS
CCTV00786_4,Ramamurthy Nagar PS - Market CCTV,525,Bengaluru Urban,5543,Bengaluru South,,,938442,Nagadevanahalli,13.00225535678557,77.66281607996845,Market,200,Active,Ramamurthy Nagar PS
CCTV00786_5,Ramamurthy Nagar PS - Traffic Junction CCTV,525,Bengaluru Urban,7103,Yelahanka,,,938544,Doddabettadahalli,13.003590046288497,77.66300838825684,Traffic Junction,200,Active,Ramamurthy Nagar PS
CCTV00786_6,Ramamurthy Nagar PS - Bank CCTV,525,Bengaluru Urban,7103,Yelahanka,,,938523,Shivanahalli,13.002534905515969,77.6640284240953,Bank,200,Active,Ramamurthy Nagar PS
CCTV00787_1,S.J. Park PS - School CCTV,525,Bengaluru Urban,5543,Bengaluru South,215387.0,Ramohalli,613014,Bheemanakuppe- Ramasagara,12.573526368870134,77.34592501680521,School,150,Active,S.J. Park PS
CCTV00787_2,S.J. Park PS - Bank CCTV,525,Bengaluru Urban,5543,Bengaluru South,,,939497,Yadiyuru Nagasandra,12.572979980131871,77.3450190239188,Bank,200,Maintenance,S.J. Park PS
CCTV00787_3,S.J. Park PS - ATM CCTV,525,Bengaluru Urban,5544,Bengaluru East,215386.0,Manduru,613087,Kattugollahalli,12.573994173192798,77.3458020055179,ATM,100,Active,S.J. Park PS
CCTV00787_4,S.J. Park PS - Bus Stand CCTV,525,Bengaluru Urban,5545,Anekal,215322.0,Hennagara,613178,Hinnakki,12.574460187600057,77.34582355242527,Bus Stand,100,Active,S.J. Park PS
CCTV00787_5,S.J. Park PS - Government Hospital CCTV,525,Bengaluru Urban,5545,Anekal,215342.0,Yamare,613218,Sompura,12.574303324265435,77.3453528333293,Government Hospital,150,Maintenance,S.J. Park PS
CCTV00788_1,Sadashivanagar PS - College CCTV,525,Bengaluru Urban,5543,Bengaluru South,215377.0,Choolanayakanahalli,612978,Peddanapalya,13.01513778046941,77.57271506839587,College,150,Active,Sadashivanagar PS
CCTV00788_2,Sadashivanagar PS - ATM CCTV,525,Bengaluru Urban,5545,Anekal,215323.0,Hulimangala,613161,Hulimangala,13.013558179653483,77.57299421220048,ATM,100,Active,Sadashivanagar PS
CCTV00788_3,Sadashivanagar PS - School CCTV,525,Bengaluru Urban,5542,Bengaluru North,,,612819,Somashetti Halli,13.014662568496675,77.57124889448893,School,200,Active,Sadashivanagar PS
CCTV00788_4,Sadashivanagar PS - Government Hospital CCTV,525,Bengaluru Urban,7103,Yelahanka,,,938542,Atturu,13.01464461448903,77.57228909900476,Government Hospital,200,Active,Sadashivanagar PS
CCTV00788_5,Sadashivanagar PS - College CCTV,525,Bengaluru Urban,5542,Bengaluru North,,,939438,Gurihodeyuva Mydana,13.014882682202456,77.57353817319712,College,100,Active,Sadashivanagar PS
CCTV00789_1,Sadashivanagar Traffic PS - Bus Stand CCTV,525,Bengaluru Urban,5544,Bengaluru East,245245.0,Kodathi,613119,Mulluru,13.014244749454337,77.57301384104318,Bus Stand,200,Active,Sadashivanagar Traffic PS
CCTV00789_2,Sadashivanagar Traffic PS - Market CCTV,525,Bengaluru Urban,5544,Bengaluru East,215375.0,Bidarahalli,613083,Bidarahalli,13.013414023546668,77.57348618055633,Market,200,Active,Sadashivanagar Traffic PS
CCTV00789_3,Sadashivanagar Traffic PS - Bank CCTV,525,Bengaluru Urban,5542,Bengaluru North,,,939415,Bilakahalli,13.014192477436584,77.57281331526232,Bank,200,Active,Sadashivanagar Traffic PS
CCTV00789_4,Sadashivanagar Traffic PS - ATM CCTV,525,Bengaluru Urban,7103,Yelahanka,215366.0,Marenahalli,612931,Chokkana Hally,13.016171093553334,77.57181521872299,ATM,200,Active,Sadashivanagar Traffic PS
CCTV00790_1,Sampangiramanagar PS - Government Office CCTV,525,Bengaluru Urban,5543,Bengaluru South,,,938489,Bikashipura,12.963523284003612,77.59216806392058,Government Office,150,Active,Sampangiramanagar PS
CCTV00790_2,Sampangiramanagar PS - ATM CCTV,525,Bengaluru Urban,5542,Bengaluru North,,,612793,Dombarahalli,12.964019225496193,77.59202815210226,ATM,200,Active,Sampangiramanagar PS
CCTV00790_3,Sampangiramanagar PS - Market CCTV,525,Bengaluru Urban,7103,Yelahanka,215372.0,Sonnenahalli,612826,Sonnenahalli,12.963086422704466,77.59197855422865,Market,100,Active,Sampangiramanagar PS
CCTV00790_4,Sampangiramanagar PS - Bank CCTV,525,Bengaluru Urban,5543,Bengaluru South,215383.0,Kagglipura,613040,Mallasandra,12.963739063153534,77.59264857581093,Bank,100,Active,Sampangiramanagar PS
CCTV00790_5,Sampangiramanagar PS - Traffic Junction CCTV,525,Bengaluru Urban,5542,Bengaluru North,,,938508,Lingadheeranahalli,12.962581163180246,77.5934927140673,Traffic Junction,200,Maintenance,Sampangiramanagar PS
CCTV00790_6,Sampangiramanagar PS - Railway Station CCTV,525,Bengaluru Urban,7103,Yelahanka,215368.0,Shivakotte,612852,Seethakempanahalli,12.961705664544438,77.59140694308844,Railway Station,200,Maintenance,Sampangiramanagar PS
CCTV00791_1,Sampigehalli PS - Market CCTV,525,Bengaluru Urban,5544,Bengaluru East,245243.0,Doddagubbi,613126,Doddagubbi (Og),13.076262574421515,77.63305221626365,Market,150,Active,Sampigehalli PS
CCTV00791_2,Sampigehalli PS - Railway Station CCTV,525,Bengaluru Urban,5545,Anekal,215334.0,Muttanalluru,613200,Narayanaghatta,13.074957268534451,77.63333748410675,Railway Station,100,Active,Sampigehalli PS
CCTV00791_3,Sampigehalli PS - ATM CCTV,525,Bengaluru Urban,5543,Bengaluru South,,,938459,Doddakallasandra,13.076040318335448,77.6326995211662,ATM,150,Maintenance,Sampigehalli PS
CCTV00791_4,Sampigehalli PS - ATM CCTV,525,Bengaluru Urban,5545,Anekal,215330.0,Mantapa,613147,Amani Bidarakere,13.076046570585788,77.634788765607,ATM,200,Active,Sampigehalli PS
CCTV00792_1,Sanjay Nagar PS - ATM CCTV,525,Bengaluru Urban,5545,Anekal,215334.0,Muttanalluru,613200,Narayanaghatta,13.031857547472772,77.57530838165945,ATM,150,Active,Sanjay Nagar PS
CCTV00792_2,Sanjay Nagar PS - School CCTV,525,Bengaluru Urban,5544,Bengaluru East,,,938296,Kaikondrahalli,13.034687264045532,77.57714639783916,School,100,Maintenance,Sanjay Nagar PS
CCTV00792_3,Sanjay Nagar PS - ATM CCTV,525,Bengaluru Urban,7103,Yelahanka,,,938531,Allalasandra,13.034097840700502,77.5772427377335,ATM,200,Active,Sanjay Nagar PS
CCTV00792_4,Sanjay Nagar PS - Railway Station CCTV,525,Bengaluru Urban,5544,Bengaluru East,,,938199,Kadugodi Planteshan,13.033058868320419,77.57554070688369,Railway Station,200,Active,Sanjay Nagar PS
CCTV00792_5,Sanjay Nagar PS - Government Hospital CCTV,525,Bengaluru Urban,7103,Yelahanka,215372.0,Sonnenahalli,612838,Kamakshipura,13.032633024612375,77.57563750087228,Government Hospital,100,Maintenance,Sanjay Nagar PS
CCTV00792_6,Sanjay Nagar PS - Government Office CCTV,525,Bengaluru Urban,5543,Bengaluru South,272984.0,Channena Halli,612981,Yelachaguppe,13.033103069102822,77.5747604105925,Government Office,200,Active,Sanjay Nagar PS
CCTV00793_1,Seshadripuram PS - College CCTV,525,Bengaluru Urban,5544,Bengaluru East,,,938258,Mahadevapura,12.986862888640376,77.57396036937234,College,100,Active,Seshadripuram PS
CCTV00793_2,Seshadripuram PS - Railway Station CCTV,525,Bengaluru Urban,5545,Anekal,215314.0,Bidaraguppe,613290,Chikkanahalli,12.987470044775089,77.57407257956524,Railway Station,100,Maintenance,Seshadripuram PS
CCTV00793_3,Seshadripuram PS - School CCTV,525,Bengaluru Urban,5542,Bengaluru North,,,612792,Siddanahosahalli,12.988207025293997,77.57225446264287,School,100,Active,Seshadripuram PS
CCTV00793_4,Seshadripuram PS - Railway Station CCTV,525,Bengaluru Urban,5543,Bengaluru South,,,938426,Singasandra,12.988825981754967,77.57351611638873,Railway Station,200,Active,Seshadripuram PS
CCTV00794_1,Shankarpura PS - Government Hospital CCTV,525,Bengaluru Urban,5545,Anekal,215336.0,Neriga,613235,Chikkadasarahalli,12.952364153307425,77.56952624627563,Government Hospital,100,Maintenance,Shankarpura PS
CCTV00794_2,Shankarpura PS - ATM CCTV,525,Bengaluru Urban,5542,Bengaluru North,,,938510,Mallattahalli,12.954950343887349,77.56984143150315,ATM,100,Active,Shankarpura PS
CCTV00794_3,Shankarpura PS - Market CCTV,525,Bengaluru Urban,7103,Yelahanka,,,938548,Ramachandrapura,12.952289148061348,77.5697746892135,Market,150,Active,Shankarpura PS
CCTV00795_1,Shivajinagar PS - Railway Station CCTV,525,Bengaluru Urban,5543,Bengaluru South,215385.0,Kumbalagodu,613022,Kambipura,12.986679132859658,77.60583382818055,Railway Station,100,Active,Shivajinagar PS
CCTV00795_2,Shivajinagar PS - School CCTV,525,Bengaluru Urban,7103,Yelahanka,215354.0,Gantiganahalli,612935,Lakshmisagara,12.986517504890081,77.60667684532395,School,100,Maintenance,Shivajinagar PS
CCTV00795_3,Shivajinagar PS - College CCTV,525,Bengaluru Urban,5543,Bengaluru South,,,938462,Kembattahalli,12.984357713967535,77.60626959749435,College,150,Maintenance,Shivajinagar PS
CCTV00795_4,Shivajinagar PS - Railway Station CCTV,525,Bengaluru Urban,5545,Anekal,215341.0,Vanakanahalli,613334,Vanakanahalli,12.984255644912286,77.60517914397731,Railway Station,100,Active,Shivajinagar PS
CCTV00795_5,Shivajinagar PS - ATM CCTV,525,Bengaluru Urban,5544,Bengaluru East,,,938250,R Narayanapura,12.98450521666124,77.60569946200127,ATM,150,Maintenance,Shivajinagar PS
CCTV00795_6,Shivajinagar PS - Government Hospital CCTV,525,Bengaluru Urban,5545,Anekal,215327.0,Kallubalu,613170,Konasandra,12.986245959118177,77.60535407326624,Government Hospital,200,Maintenance,Shivajinagar PS
CCTV00796_1,Shivajinagar Traffic PS - Traffic Junction CCTV,525,Bengaluru Urban,5545,Anekal,272972.0,Billapura,613230,Adigarakallahalli,12.591026835067836,77.36116734758234,Traffic Junction,150,Active,Shivajinagar Traffic PS
CCTV00796_2,Shivajinagar Traffic PS - Government Office CCTV,525,Bengaluru Urban,5545,Anekal,215334.0,Muttanalluru,613220,Chikkadunnasandra,12.591532853710985,77.36188172177293,Government Office,100,Active,Shivajinagar Traffic PS
CCTV00796_3,Shivajinagar Traffic PS - Government Office CCTV,525,Bengaluru Urban,5542,Bengaluru North,,,939414,Baragi Muddenahalli,12.592574188135723,77.3621044035919,Government Office,150,Active,Shivajinagar Traffic PS
CCTV00796_4,Shivajinagar Traffic PS - ATM CCTV,525,Bengaluru Urban,5542,Bengaluru North,215363.0,Machohalli,612815,Bylakonenahalli,12.592910077481333,77.3619964936127,ATM,200,Active,Shivajinagar Traffic PS
CCTV00796_5,Shivajinagar Traffic PS - Market CCTV,525,Bengaluru Urban,5545,Anekal,215327.0,Kallubalu,613150,Kalbalu,12.592560260054572,77.36223731676606,Market,150,Active,Shivajinagar Traffic PS
CCTV00797_1,Siddapura PS - Government Office CCTV,525,Bengaluru Urban,5542,Bengaluru North,,,939434,Gangenahalli,12.940526305801084,77.59462150643549,Government Office,150,Maintenance,Siddapura PS
CCTV00797_2,Siddapura PS - Bus Stand CCTV,525,Bengaluru Urban,5543,Bengaluru South,,,938456,Alahalli,12.940000226761363,77.59431522376397,Bus Stand,100,Active,Siddapura PS
CCTV00797_3,Siddapura PS - College CCTV,525,Bengaluru Urban,5543,Bengaluru South,,,938429,Beguru,12.938443687489407,77.59491108103012,College,150,Maintenance,Siddapura PS
CCTV00797_4,Siddapura PS - Government Hospital CCTV,525,Bengaluru Urban,5542,Bengaluru North,,,939441,Hanumanthapura,12.939171781459589,77.59351083630274,Government Hospital,200,Maintenance,Siddapura PS
CCTV00798_1,Soladevanahalli PS - College CCTV,525,Bengaluru Urban,5542,Bengaluru North,,,939458,Matadhahalli,13.09241736813027,77.49037338551861,College,100,Active,Soladevanahalli PS
CCTV00798_2,Soladevanahalli PS - Bus Stand CCTV,525,Bengaluru Urban,5545,Anekal,215320.0,Haragadde,613174,Dyavasandra,13.092195112568762,77.48999481447717,Bus Stand,100,Active,Soladevanahalli PS
CCTV00798_3,Soladevanahalli PS - Railway Station CCTV,525,Bengaluru Urban,7103,Yelahanka,215347.0,Bandikodagehalli,612903,Mylanahalli,13.092668033298699,77.4897626815933,Railway Station,150,Maintenance,Soladevanahalli PS
CCTV00798_4,Soladevanahalli PS - Bus Stand CCTV,525,Bengaluru Urban,5542,Bengaluru North,215355.0,Gopalapura,612760,Govindapura,13.094393591647098,77.48872365346288,Bus Stand,100,Active,Soladevanahalli PS
CCTV00798_5,Soladevanahalli PS - School CCTV,525,Bengaluru Urban,5542,Bengaluru North,,,939465,Sampigehalli,13.094498729818206,77.48948356349642,School,150,Active,Soladevanahalli PS
CCTV00798_6,Soladevanahalli PS - Government Office CCTV,525,Bengaluru Urban,5544,Bengaluru East,215386.0,Manduru,613098,Huskur,13.09253983151692,77.48982621648558,Government Office,200,Active,Soladevanahalli PS
CCTV00799_1,Srirampura PS - College CCTV,525,Bengaluru Urban,5543,Bengaluru South,215377.0,Choolanayakanahalli,612959,Tavakadhahalli,12.989020123609631,77.56526562233903,College,200,Active,Srirampura PS
CCTV00799_2,Srirampura PS - Bank CCTV,525,Bengaluru Urban,5542,Bengaluru North,215359.0,Huskuru,612766,Seshagiri Rao Palya,12.989355503545928,77.56470575783572,Bank,100,Active,Srirampura PS
CCTV00799_3,Srirampura PS - ATM CCTV,525,Bengaluru Urban,5545,Anekal,215341.0,Vanakanahalli,613332,Solur,12.990196957177368,77.56535923668628,ATM,150,Active,Srirampura PS
CCTV00799_4,Srirampura PS - Railway Station CCTV,525,Bengaluru Urban,5544,Bengaluru East,245245.0,Kodathi,613118,Kachamaranahalli,12.98922942931982,77.5637334111317,Railway Station,200,Active,Srirampura PS
CCTV00800_1,Subramanyanagar PS - Market CCTV,525,Bengaluru Urban,5545,Anekal,,,613255,Veerasandra,13.001979024707836,77.55370103841318,Market,150,Active,Subramanyanagar PS
CCTV00800_2,Subramanyanagar PS - Railway Station CCTV,525,Bengaluru Urban,7103,Yelahanka,,,938544,Doddabettadahalli,13.004097036121015,77.55242939023883,Railway Station,200,Active,Subramanyanagar PS
CCTV00800_3,Subramanyanagar PS - Traffic Junction CCTV,525,Bengaluru Urban,5542,Bengaluru North,,,612807,K.G. Lakkenahalli,13.004591250047433,77.55428251641018,Traffic Junction,100,Active,Subramanyanagar PS
CCTV00800_4,Subramanyanagar PS - ATM CCTV,525,Bengaluru Urban,7103,Yelahanka,215358.0,Hurulichikkanahalli,612864,Ivar Kandapura,13.002145946969227,77.55320548477442,ATM,200,Active,Subramanyanagar PS
CCTV00800_5,Subramanyanagar PS - Railway Station CCTV,525,Bengaluru Urban,7103,Yelahanka,215345.0,Arekere,612832,Marasandra Amanikere,13.004159036110114,77.5542704188261,Railway Station,100,Active,Subramanyanagar PS
CCTV00800_6,Subramanyanagar PS - ATM CCTV,525,Bengaluru Urban,7103,Yelahanka,215369.0,Singanayakanahalli,612861,Mylappanahalli,13.002613883947738,77.55260412465738,ATM,100,Active,Subramanyanagar PS
CCTV00801_1,Subramanyapura PS - ATM CCTV,525,Bengaluru Urban,5542,Bengaluru North,,,938499,Andrahalli,12.900282732174203,77.54529863894493,ATM,150,Active,Subramanyapura PS
CCTV00801_2,Subramanyapura PS - Bank CCTV,525,Bengaluru Urban,5544,Bengaluru East,,,938245,Hudi,12.90184427077678,77.54366698747555,Bank,150,Active,Subramanyapura PS
CCTV00801_3,Subramanyapura PS - School CCTV,525,Bengaluru Urban,7103,Yelahanka,,,612910,Bilmaranahalli,12.901939185299668,77.54383357794465,School,100,Active,Subramanyapura PS
CCTV00801_4,Subramanyapura PS - Bank CCTV,525,Bengaluru Urban,5545,Anekal,,,613167,Bande Nalla Sandra,12.901627041811404,77.54537894838515,Bank,100,Active,Subramanyapura PS
CCTV00802_1,Suddaguntepalya PS - Bus Stand CCTV,525,Bengaluru Urban,5542,Bengaluru North,,,939468,Sawar Line,12.924550270040784,77.60654970779642,Bus Stand,150,Maintenance,Suddaguntepalya PS
CCTV00802_2,Suddaguntepalya PS - Bus Stand CCTV,525,Bengaluru Urban,7103,Yelahanka,,,938525,Tirumenahalli,12.924657033042243,77.60854023610648,Bus Stand,100,Maintenance,Suddaguntepalya PS
CCTV00802_3,Suddaguntepalya PS - Bus Stand CCTV,525,Bengaluru Urban,5545,Anekal,,,613261,Chandapura,12.92609483733701,77.60843018686008,Bus Stand,200,Maintenance,Suddaguntepalya PS
CCTV00802_4,Suddaguntepalya PS - Government Office CCTV,525,Bengaluru Urban,5544,Bengaluru East,245245.0,Kodathi,613122,Kodathi,12.925419058853796,77.6068632458381,Government Office,150,Active,Suddaguntepalya PS
CCTV00802_5,Suddaguntepalya PS - ATM CCTV,525,Bengaluru Urban,5542,Bengaluru North,215355.0,Gopalapura,612758,Agrahara Palya,12.926415640677387,77.60834934298036,ATM,200,Active,Suddaguntepalya PS
CCTV00803_1,Thalaghattapura PS - Bus Stand CCTV,525,Bengaluru Urban,5545,Anekal,215322.0,Hennagara,613176,Rajapura,12.86926128272994,77.5356676094971,Bus Stand,200,Active,Thalaghattapura PS
CCTV00803_2,Thalaghattapura PS - Bus Stand CCTV,525,Bengaluru Urban,5545,Anekal,215341.0,Vanakanahalli,613333,Menasiganahalli,12.8696093592351,77.53660350219971,Bus Stand,150,Maintenance,Thalaghattapura PS
CCTV00803_3,Thalaghattapura PS - Bank CCTV,525,Bengaluru Urban,5543,Bengaluru South,215377.0,Choolanayakanahalli,612968,Bychaguppe,12.867557927706764,77.53487747751764,Bank,200,Active,Thalaghattapura PS
CCTV00804_1,Thilaknagar PS - Bus Stand CCTV,525,Bengaluru Urban,5544,Bengaluru East,,,938243,Chinnappanahalli,19.066450994084622,72.89464167848165,Bus Stand,100,Active,Thilaknagar PS
CCTV00804_2,Thilaknagar PS - Railway Station CCTV,525,Bengaluru Urban,5545,Anekal,,,613259,Ramasagara,19.065291571300314,72.8950551762582,Railway Station,150,Active,Thilaknagar PS
CCTV00804_3,Thilaknagar PS - Government Office CCTV,525,Bengaluru Urban,5542,Bengaluru North,,,612793,Dombarahalli,19.064754378673005,72.89639083497181,Government Office,200,Active,Thilaknagar PS
CCTV00804_4,Thilaknagar PS - College CCTV,525,Bengaluru Urban,5544,Bengaluru East,,,938234,Horamavuagara,19.065473994973704,72.89726510189644,College,100,Active,Thilaknagar PS
CCTV00804_5,Thilaknagar PS - Bus Stand CCTV,525,Bengaluru Urban,7103,Yelahanka,215366.0,Marenahalli,612931,Chokkana Hally,19.06417488204904,72.89483798604569,Bus Stand,200,Maintenance,Thilaknagar PS
CCTV00805_1,Upparpet PS - School CCTV,525,Bengaluru Urban,5545,Anekal,215334.0,Muttanalluru,613204,Samanahalli,12.974193543972252,77.5737920696951,School,150,Active,Upparpet PS
CCTV00805_2,Upparpet PS - Bus Stand CCTV,525,Bengaluru Urban,5543,Bengaluru South,,,938405,Adugodi,12.973034944144219,77.57414902498245,Bus Stand,100,Active,Upparpet PS
CCTV00805_3,Upparpet PS - Government Hospital CCTV,525,Bengaluru Urban,5545,Anekal,,,613265,Iggalur,12.974094726893908,77.5762521625049,Government Hospital,150,Active,Upparpet PS
CCTV00805_4,Upparpet PS - Market CCTV,525,Bengaluru Urban,5542,Bengaluru North,215355.0,Gopalapura,612751,Shamabhattara Palya,12.973262548477583,77.57427603007427,Market,200,Active,Upparpet PS
CCTV00805_5,Upparpet PS - Railway Station CCTV,525,Bengaluru Urban,5544,Bengaluru East,,,938297,Kariyammana Agrahara,12.974536444196524,77.57469089792565,Railway Station,150,Active,Upparpet PS
CCTV00806_1,Upparpet Traffic PS - Traffic Junction CCTV,525,Bengaluru Urban,5544,Bengaluru East,,,938252,Sonnenahalli,12.973484815060141,77.57466908663609,Traffic Junction,150,Maintenance,Upparpet Traffic PS
CCTV00806_2,Upparpet Traffic PS - Market CCTV,525,Bengaluru Urban,7103,Yelahanka,,,939515,Lingarajapura J.I,12.97440929165713,77.57483278952178,Market,200,Maintenance,Upparpet Traffic PS
CCTV00806_3,Upparpet Traffic PS - Railway Station CCTV,525,Bengaluru Urban,5542,Bengaluru North,,,939475,Ullalu K.G,12.974599576267886,77.57602745072975,Railway Station,200,Active,Upparpet Traffic PS
CCTV00806_4,Upparpet Traffic PS - Government Hospital CCTV,525,Bengaluru Urban,5543,Bengaluru South,,,938467,Raghavanapalya,12.974202590920848,77.57432207771409,Government Hospital,200,Active,Upparpet Traffic PS
CCTV00806_5,Upparpet Traffic PS - College CCTV,525,Bengaluru Urban,5544,Bengaluru East,245245.0,Kodathi,613118,Kachamaranahalli,12.974623745754926,77.5761481575128,College,200,Active,Upparpet Traffic PS
CCTV00806_6,Upparpet Traffic PS - Government Office CCTV,525,Bengaluru Urban,5542,Bengaluru North,215355.0,Gopalapura,612758,Agrahara Palya,12.975846468156623,77.57485341591006,Government Office,200,Active,Upparpet Traffic PS
CCTV00807_1,V V Puram Traffic PS - Government Office CCTV,525,Bengaluru Urban,5545,Anekal,215327.0,Kallubalu,613150,Kalbalu,12.961156851671522,77.56286604209254,Government Office,200,Active,V V Puram Traffic PS
CCTV00807_2,V V Puram Traffic PS - Bank CCTV,525,Bengaluru Urban,5545,Anekal,215316.0,Byagadadenahalli,613345,Kaval Hosahalli,12.96002227473359,77.56262129355784,Bank,200,Maintenance,V V Puram Traffic PS
CCTV00807_3,V V Puram Traffic PS - Railway Station CCTV,525,Bengaluru Urban,5543,Bengaluru South,,,938490,Chikkakallasandra,12.960324270013656,77.56512513459371,Railway Station,150,Active,V V Puram Traffic PS
CCTV00807_4,V V Puram Traffic PS - Railway Station CCTV,525,Bengaluru Urban,5543,Bengaluru South,,,938486,Uttarahalli,12.961387778074112,77.56425878155478,Railway Station,150,Active,V V Puram Traffic PS
CCTV00808_1,Varthur PS - Market CCTV,525,Bengaluru Urban,5543,Bengaluru South,215377.0,Choolanayakanahalli,612968,Bychaguppe,12.937911491831679,77.7457870875929,Market,100,Active,Varthur PS
CCTV00808_2,Varthur PS - Market CCTV,525,Bengaluru Urban,5545,Anekal,215316.0,Byagadadenahalli,613312,Kempavaderahalli,12.937466336900872,77.74756696572184,Market,200,Active,Varthur PS
CCTV00808_3,Varthur PS - Government Hospital CCTV,525,Bengaluru Urban,7103,Yelahanka,,,938539,Tindlu,12.939529031932768,77.74650949301763,Government Hospital,100,Active,Varthur PS
CCTV00808_4,Varthur PS - Traffic Junction CCTV,525,Bengaluru Urban,5543,Bengaluru South,272986.0,Nelaguli,613051,Nettigere,12.937353554605664,77.7463794483918,Traffic Junction,100,Active,Varthur PS
CCTV00808_5,Varthur PS - ATM CCTV,525,Bengaluru Urban,5545,Anekal,215335.0,Neraluru,613272,Guddahatti,12.936881675519492,77.74736059512351,ATM,150,Active,Varthur PS
CCTV00809_1,Vidhana Soudha PS - Traffic Junction CCTV,525,Bengaluru Urban,5545,Anekal,215316.0,Byagadadenahalli,613312,Kempavaderahalli,12.977154644377803,77.58805807654879,Traffic Junction,200,Active,Vidhana Soudha PS
CCTV00809_2,Vidhana Soudha PS - Market CCTV,525,Bengaluru Urban,5543,Bengaluru South,,,938492,Kadirenahalli,12.978199999155466,77.5879920786642,Market,150,Maintenance,Vidhana Soudha PS
CCTV00809_3,Vidhana Soudha PS - College CCTV,525,Bengaluru Urban,5545,Anekal,215328.0,Karpur,613349,Karpur,12.976580631591556,77.59006021486273,College,150,Active,Vidhana Soudha PS
CCTV00809_4,Vidhana Soudha PS - Market CCTV,525,Bengaluru Urban,5545,Anekal,215322.0,Hennagara,613163,Yarandahalli,12.976348715900482,77.58806256399713,Market,100,Active,Vidhana Soudha PS
CCTV00809_5,Vidhana Soudha PS - Government Office CCTV,525,Bengaluru Urban,5542,Bengaluru North,272976.0,Kadabagere,612813,Kadabagere,12.976678827738477,77.58753592194252,Government Office,200,Active,Vidhana Soudha PS
CCTV00810_1,Vidyaranyapura PS - Bus Stand CCTV,525,Bengaluru Urban,5545,Anekal,215313.0,Bannerugatta,613130,Bannerughatta Shankarikavalu,12.96941350563899,77.51198230520723,Bus Stand,150,Active,Vidyaranyapura PS
CCTV00810_2,Vidyaranyapura PS - Government Office CCTV,525,Bengaluru Urban,5543,Bengaluru South,,,938449,Varahasandra,12.969488242079429,77.51158278742854,Government Office,100,Maintenance,Vidyaranyapura PS
CCTV00810_3,Vidyaranyapura PS - School CCTV,525,Bengaluru Urban,7103,Yelahanka,215345.0,Arekere,612832,Marasandra Amanikere,12.969810400091,77.51289391797863,School,100,Active,Vidyaranyapura PS
CCTV00810_4,Vidyaranyapura PS - Railway Station CCTV,525,Bengaluru Urban,5545,Anekal,215314.0,Bidaraguppe,613289,Bidaraguppe,12.96896587589616,77.51299752109979,Railway Station,100,Active,Vidyaranyapura PS
CCTV00810_5,Vidyaranyapura PS - Traffic Junction CCTV,525,Bengaluru Urban,5545,Anekal,215336.0,Neriga,613215,Ramnaikanahalli,12.969589529759233,77.5121418313771,Traffic Junction,150,Active,Vidyaranyapura PS
CCTV00811_1,Vijayanagar Traffic PS - Bus Stand CCTV,525,Bengaluru Urban,5543,Bengaluru South,,,938430,Bilekahalli,12.974525223957052,77.54069343025678,Bus Stand,150,Active,Vijayanagar Traffic PS
CCTV00811_2,Vijayanagar Traffic PS - Market CCTV,525,Bengaluru Urban,7103,Yelahanka,215352.0,Vaderahalli,612946,Veerasagara,12.973419057436631,77.54176272723477,Market,100,Active,Vijayanagar Traffic PS
CCTV00811_3,Vijayanagar Traffic PS - Bus Stand CCTV,525,Bengaluru Urban,5543,Bengaluru South,,,938489,Bikashipura,12.97468942540014,77.5417440430923,Bus Stand,100,Maintenance,Vijayanagar Traffic PS
CCTV00811_4,Vijayanagar Traffic PS - Government Office CCTV,525,Bengaluru Urban,5545,Anekal,215324.0,Huskur,613197,Chintalmadivala,12.973975617999193,77.54290019070929,Government Office,150,Active,Vijayanagar Traffic PS
CCTV00811_5,Vijayanagar Traffic PS - College CCTV,525,Bengaluru Urban,5543,Bengaluru South,215382.0,K.Gollahalli,613025,Kengeri Gollahalli,12.973888160732253,77.54266870514796,College,100,Active,Vijayanagar Traffic PS
CCTV00811_6,Vijayanagar Traffic PS - Bus Stand CCTV,525,Bengaluru Urban,5544,Bengaluru East,,,938275,Munnekolalu,12.974588833062167,77.54032657639799,Bus Stand,100,Active,Vijayanagar Traffic PS
CCTV00812_1,Vishveshwarapuram PS - Market CCTV,525,Bengaluru Urban,5543,Bengaluru South,,,938470,Yalachenahalli,12.960972607958555,77.57086558979996,Market,100,Active,Vishveshwarapuram PS
CCTV00812_2,Vishveshwarapuram PS - Market CCTV,525,Bengaluru Urban,5545,Anekal,215316.0,Byagadadenahalli,613314,Kunmadivala,12.959592072427505,77.57302959982744,Market,100,Maintenance,Vishveshwarapuram PS
CCTV00812_3,Vishveshwarapuram PS - School CCTV,525,Bengaluru Urban,5542,Bengaluru North,272973.0,Adakamaarana Halli,612778,Makali,12.96119570146006,77.57191813292852,School,150,Active,Vishveshwarapuram PS
CCTV00813_1,Viveknagar PS - Market CCTV,525,Bengaluru Urban,5543,Bengaluru South,,,938460,Gottigere,12.950186939029802,77.62189470929037,Market,200,Active,Viveknagar PS
CCTV00813_2,Viveknagar PS - Railway Station CCTV,525,Bengaluru Urban,5544,Bengaluru East,,,938266,Kodihalli,12.952565957515047,77.62340138097665,Railway Station,100,Maintenance,Viveknagar PS
CCTV00813_3,Viveknagar PS - Railway Station CCTV,525,Bengaluru Urban,5545,Anekal,215335.0,Neraluru,613270,Bendiganahalli,12.951461006407108,77.62313747006738,Railway Station,100,Active,Viveknagar PS
CCTV00813_4,Viveknagar PS - Traffic Junction CCTV,525,Bengaluru Urban,5542,Bengaluru North,215355.0,Gopalapura,612752,Totagere,12.951674684107994,77.6220413411043,Traffic Junction,150,Active,Viveknagar PS
CCTV00813_5,Viveknagar PS - Market CCTV,525,Bengaluru Urban,5545,Anekal,215330.0,Mantapa,613146,Ramasandra,12.950545414634949,77.62289117481237,Market,100,Active,Viveknagar PS
CCTV00813_6,Viveknagar PS - Bus Stand CCTV,525,Bengaluru Urban,7103,Yelahanka,215345.0,Arekere,612831,Kadathanamale,12.952568306247308,77.62327707451098,Bus Stand,150,Active,Viveknagar PS
CCTV00814_1,Vyalikaval PS - Bank CCTV,525,Bengaluru Urban,7103,Yelahanka,215372.0,Sonnenahalli,612838,Kamakshipura,13.001137448422533,77.57942791123182,Bank,200,Maintenance,Vyalikaval PS
CCTV00814_2,Vyalikaval PS - Market CCTV,525,Bengaluru Urban,5545,Anekal,215333.0,Mugaluru,613249,Thindlu,13.002739121341985,77.58008179355723,Market,200,Active,Vyalikaval PS
CCTV00814_3,Vyalikaval PS - Bank CCTV,525,Bengaluru Urban,5545,Anekal,215328.0,Karpur,613350,Bidaragere,13.001754003866596,77.5800012028105,Bank,100,Active,Vyalikaval PS
CCTV00814_4,Vyalikaval PS - Bus Stand CCTV,525,Bengaluru Urban,5543,Bengaluru South,,,938448,Sompura,13.002268076911946,77.58012917799867,Bus Stand,100,Active,Vyalikaval PS
CCTV00815_1,Whitefield PS - ATM CCTV,525,Bengaluru Urban,7103,Yelahanka,,,938542,Atturu,12.976081635886892,77.75093993188263,ATM,200,Maintenance,Whitefield PS
CCTV00815_2,Whitefield PS - ATM CCTV,525,Bengaluru Urban,7103,Yelahanka,272980.0,Sathanooru,612913,Byappanahalli,12.974166859888763,77.75150940668813,ATM,150,Maintenance,Whitefield PS
CCTV00815_3,Whitefield PS - Government Office CCTV,525,Bengaluru Urban,5545,Anekal,,,613256,Kammasandra,12.974153045564238,77.75141756337779,Government Office,150,Active,Whitefield PS
CCTV00815_4,Whitefield PS - Traffic Junction CCTV,525,Bengaluru Urban,7103,Yelahanka,215348.0,Bettahalasooru,612886,Gadenahalli,12.975305446731793,77.75184602196813,Traffic Junction,100,Active,Whitefield PS
CCTV00815_5,Whitefield PS - Government Hospital CCTV,525,Bengaluru Urban,5544,Bengaluru East,215375.0,Bidarahalli,613084,Byappanahalli,12.976431657646481,77.7516677051875,Government Hospital,100,Active,Whitefield PS
CCTV00815_6,Whitefield PS - Government Hospital CCTV,525,Bengaluru Urban,5542,Bengaluru North,215361.0,Kittanahalli,612788,Gowdahalli,12.974225157360381,77.75242570758675,Government Hospital,200,Active,Whitefield PS
CCTV00816_1,Whitefield Traffic PS - Market CCTV,525,Bengaluru Urban,5544,Bengaluru East,,,938276,Ramagondanahalli,12.59480902636507,77.451425266048,Market,200,Maintenance,Whitefield Traffic PS
CCTV00816_2,Whitefield Traffic PS - Government Hospital CCTV,525,Bengaluru Urban,5542,Bengaluru North,215359.0,Huskuru,612771,Muniyanapalya,12.592484054845414,77.45286059738298,Government Hospital,100,Active,Whitefield Traffic PS
CCTV00816_3,Whitefield Traffic PS - Traffic Junction CCTV,525,Bengaluru Urban,5543,Bengaluru South,,,938444,Valagerahalli,12.593122516863948,77.45271834393205,Traffic Junction,200,Active,Whitefield Traffic PS
CCTV00816_4,Whitefield Traffic PS - Railway Station CCTV,525,Bengaluru Urban,7103,Yelahanka,215358.0,Hurulichikkanahalli,612869,Thammarasanahalli,12.594433325080907,77.45405683777993,Railway Station,100,Active,Whitefield Traffic PS
CCTV00816_5,Whitefield Traffic PS - Railway Station CCTV,525,Bengaluru Urban,5545,Anekal,215341.0,Vanakanahalli,613333,Menasiganahalli,12.595300657427538,77.45328098859177,Railway Station,100,Active,Whitefield Traffic PS
CCTV00817_1,Wilsongarden PS - Market CCTV,525,Bengaluru Urban,5545,Anekal,215325.0,Indlavadi,613306,Chikka Hosahalli,12.949860232488454,77.59532065539908,Market,200,Maintenance,Wilsongarden PS
CCTV00817_2,Wilsongarden PS - School CCTV,525,Bengaluru Urban,5545,Anekal,215333.0,Mugaluru,613247,Kuthaganahalli,12.951197383299188,77.59568024187544,School,200,Maintenance,Wilsongarden PS
CCTV00817_3,Wilsongarden PS - School CCTV,525,Bengaluru Urban,5545,Anekal,215319.0,Handenahalli,613225,Koothaganahalli,12.950418266253624,77.59653996756852,School,100,Maintenance,Wilsongarden PS
CCTV00817_4,Wilsongarden PS - School CCTV,525,Bengaluru Urban,5545,Anekal,,,613263,Kittaganahalli,12.950892339610867,77.59709558712574,School,100,Active,Wilsongarden PS
CCTV00818_1,Wilsongarden Traffic PS - ATM CCTV,525,Bengaluru Urban,5542,Bengaluru North,272976.0,Kadabagere,612812,Giddenahalli,12.562950316302466,77.35289036644231,ATM,100,Active,Wilsongarden Traffic PS
CCTV00818_2,Wilsongarden Traffic PS - Railway Station CCTV,525,Bengaluru Urban,5542,Bengaluru North,,,939412,Bangalore City Railway Station,12.562079346935057,77.35344654623563,Railway Station,200,Active,Wilsongarden Traffic PS
CCTV00818_3,Wilsongarden Traffic PS - Market CCTV,525,Bengaluru Urban,7103,Yelahanka,215353.0,Doddajala,612899,Doddajala,12.56157470936445,77.35437931884735,Market,150,Active,Wilsongarden Traffic PS
CCTV00818_4,Wilsongarden Traffic PS - Government Hospital CCTV,525,Bengaluru Urban,7103,Yelahanka,215354.0,Gantiganahalli,612935,Lakshmisagara,12.561190322066144,77.35454380621638,Government Hospital,200,Active,Wilsongarden Traffic PS
CCTV00818_5,Wilsongarden Traffic PS - College CCTV,525,Bengaluru Urban,5542,Bengaluru North,215370.0,Sondekoppa,612784,Venkatapura,12.563204270072637,77.35283769431044,College,200,Active,Wilsongarden Traffic PS
CCTV00818_6,Wilsongarden Traffic PS - Government Hospital CCTV,525,Bengaluru Urban,5542,Bengaluru North,,,612951,Madanaiyakanahalli (Ct),12.561296339394605,77.35320032064016,Government Hospital,100,Active,Wilsongarden Traffic PS
CCTV00819_1,Yelahanka New Town PS - Railway Station CCTV,525,Bengaluru Urban,5545,Anekal,215316.0,Byagadadenahalli,613321,Thattanahalli,13.098753385415709,77.58337275080267,Railway Station,200,Active,Yelahanka New Town PS
CCTV00819_2,Yelahanka New Town PS - School CCTV,525,Bengaluru Urban,5545,Anekal,215312.0,Ballur,613282,Dasanapura,13.100445128010998,77.5853576966598,School,200,Active,Yelahanka New Town PS
CCTV00819_3,Yelahanka New Town PS - Government Hospital CCTV,525,Bengaluru Urban,7103,Yelahanka,215360.0,Kasagattapura,612874,Lingarajasagara,13.100794077675339,77.58276027529888,Government Hospital,200,Active,Yelahanka New Town PS
CCTV00819_4,Yelahanka New Town PS - College CCTV,525,Bengaluru Urban,7103,Yelahanka,,,939517,Peenya Plantation,13.100888305538339,77.58389470931166,College,100,Active,Yelahanka New Town PS
CCTV00820_1,Yelahanka PS - Government Hospital CCTV,525,Bengaluru Urban,5544,Bengaluru East,,,939512,Thippasandra Manavarthe Kaval,13.095360498816461,77.59559970218686,Government Hospital,100,Active,Yelahanka PS
CCTV00820_2,Yelahanka PS - Railway Station CCTV,525,Bengaluru Urban,7103,Yelahanka,215348.0,Bettahalasooru,612894,Nellukunte,13.09358760849852,77.59373572961645,Railway Station,200,Active,Yelahanka PS
CCTV00820_3,Yelahanka PS - Government Office CCTV,525,Bengaluru Urban,5542,Bengaluru North,272976.0,Kadabagere,612813,Kadabagere,13.093582906665189,77.59359816263067,Government Office,100,Active,Yelahanka PS
CCTV00821_1,Yeshwanthapura PS - ATM CCTV,525,Bengaluru Urban,5543,Bengaluru South,,,938490,Chikkakallasandra,13.016756284541907,77.55807005219822,ATM,100,Active,Yeshwanthapura PS
CCTV00821_2,Yeshwanthapura PS - ATM CCTV,525,Bengaluru Urban,5545,Anekal,215319.0,Handenahalli,613223,Sollepura,13.016999260928975,77.55777075588968,ATM,100,Maintenance,Yeshwanthapura PS
CCTV00821_3,Yeshwanthapura PS - School CCTV,525,Bengaluru Urban,7103,Yelahanka,,,939514,Kempapura ( Yelahanka Hobli),13.01788569271339,77.55674040120027,School,200,Active,Yeshwanthapura PS
CCTV00821_4,Yeshwanthapura PS - Market CCTV,525,Bengaluru Urban,5544,Bengaluru East,215375.0,Bidarahalli,613070,Gundur,13.018963505322356,77.55716950845694,Market,150,Maintenance,Yeshwanthapura PS
CCTV00821_5,Yeshwanthapura PS - Bank CCTV,525,Bengaluru Urban,7103,Yelahanka,215358.0,Hurulichikkanahalli,612869,Thammarasanahalli,13.019398899034515,77.55860332121583,Bank,100,Maintenance,Yeshwanthapura PS
CCTV00821_6,Yeshwanthapura PS - Bank CCTV,525,Bengaluru Urban,5544,Bengaluru East,,,938199,Kadugodi Planteshan,13.019627955574473,77.55921093664804,Bank,200,Active,Yeshwanthapura PS
CCTV00822_1,Anekal PS - School CCTV,526,Bengaluru Rural,5602,Doddaballapura,215458.0,Hosahalli,624976,Kottige Machenahalli,12.71053523215525,77.69189034301698,School,150,Active,Anekal PS
CCTV00822_2,Anekal PS - School CCTV,526,Bengaluru Rural,5601,Nelamangala,,,624788,Jakkasandra,12.70919450680431,77.6913903494885,School,100,Maintenance,Anekal PS
CCTV00822_3,Anekal PS - Railway Station CCTV,526,Bengaluru Rural,5602,Doddaballapura,215445.0,Aralumallige,625117,Karenahalli,12.711786938622014,77.69234399342042,Railway Station,150,Maintenance,Anekal PS
CCTV00822_4,Anekal PS - Market CCTV,526,Bengaluru Rural,5604,Hosakote,215496.0,Shivanapura,910284,Ganjaralahalli (D),12.710536633822354,77.6909050786758,Market,200,Active,Anekal PS
CCTV00822_5,Anekal PS - School CCTV,526,Bengaluru Rural,5604,Hosakote,215480.0,Doddaralagere,625502,Pulimanchi,12.710189030376267,77.69112596290661,School,200,Active,Anekal PS
CCTV00822_6,Anekal PS - School CCTV,526,Bengaluru Rural,5601,Nelamangala,215588.0,Narasipura,624709,Makenahalli,12.710634258162358,77.69167224173225,School,100,Active,Anekal PS
CCTV00823_1,Anugondanahalli PS - ATM CCTV,526,Bengaluru Rural,5601,Nelamangala,215587.0,Maralakunte,624716,Hulleharve,12.960213962940225,77.81614447598922,ATM,200,Active,Anugondanahalli PS
CCTV00823_2,Anugondanahalli PS - Railway Station CCTV,526,Bengaluru Rural,5604,Hosakote,215499.0,Vagata,625497,Thammarayasandra Agrahara,12.960781916659228,77.81694792104614,Railway Station,100,Active,Anugondanahalli PS
CCTV00823_3,Anugondanahalli PS - ATM CCTV,526,Bengaluru Rural,5601,Nelamangala,215583.0,Kalalaghatta,624778,Gundenahalli,12.959836958805178,77.81628841220264,ATM,150,Active,Anugondanahalli PS
CCTV00823_4,Anugondanahalli PS - Railway Station CCTV,526,Bengaluru Rural,5602,Doddaballapura,215456.0,Heggadihalli,625060,Machagondahalli,12.960792080049076,77.8171352413439,Railway Station,200,Maintenance,Anugondanahalli PS
CCTV00824_1,Attibele PS - Market CCTV,526,Bengaluru Rural,5604,Hosakote,215476.0,Devanagundi,625722,Doddadunnasandra,12.777513123996137,77.77250912869347,Market,200,Active,Attibele PS
CCTV00824_2,Attibele PS - Government Hospital CCTV,526,Bengaluru Rural,5602,Doddaballapura,215455.0,Hanabe,625175,Jodi Karapura,12.77991574560961,77.77210458769557,Government Hospital,200,Active,Attibele PS
CCTV00824_3,Attibele PS - ATM CCTV,526,Bengaluru Rural,5603,Devanahalli,215441.0,Nalluru,625452,Mallenahalli,12.778650219509617,77.77133569675694,ATM,100,Active,Attibele PS
CCTV00824_4,Attibele PS - Government Office CCTV,526,Bengaluru Rural,5604,Hosakote,215487.0,Khajihosahalli,625676,Khajihosahalli,12.777870660203607,77.77155704797526,Government Office,200,Active,Attibele PS
CCTV00825_1,Bengaluru CEN Crime PS - Bus Stand CCTV,526,Bengaluru Rural,5601,Nelamangala,215584.0,Kodigehalli,924490,Hattugunte Palya,12.990175079288882,77.59281717131871,Bus Stand,100,Active,Bengaluru CEN Crime PS
CCTV00825_2,Bengaluru CEN Crime PS - School CCTV,526,Bengaluru Rural,5601,Nelamangala,215579.0,Bhodihal,624861,Bardi,12.990260473316381,77.59272348497008,School,200,Active,Bengaluru CEN Crime PS
CCTV00825_3,Bengaluru CEN Crime PS - Bus Stand CCTV,526,Bengaluru Rural,5604,Hosakote,215484.0,Jadigenahalli,625643,Thiratahalli,12.990983088397705,77.59273517472693,Bus Stand,100,Active,Bengaluru CEN Crime PS
CCTV00826_1,Bengaluru Dist Women PS - Bank CCTV,526,Bengaluru Rural,5603,Devanahalli,215438.0,Koira,625260,Mayasandra,12.989962534261775,77.59128983101672,Bank,200,Active,Bengaluru Dist Women PS
CCTV00826_2,Bengaluru Dist Women PS - Bus Stand CCTV,526,Bengaluru Rural,5604,Hosakote,215492.0,Nandagudi,625482,Kachipuradakambada Beedu,12.990492924876554,77.59250549230308,Bus Stand,200,Maintenance,Bengaluru Dist Women PS
CCTV00826_3,Bengaluru Dist Women PS - Government Hospital CCTV,526,Bengaluru Rural,5604,Hosakote,215490.0,Mugabala,625582,Siddapura,12.989617055248212,77.59331253774906,Government Hospital,200,Active,Bengaluru Dist Women PS
CCTV00826_4,Bengaluru Dist Women PS - School CCTV,526,Bengaluru Rural,5601,Nelamangala,215587.0,Maralakunte,624718,Madaga,12.991000315874906,77.5921020802925,School,200,Maintenance,Bengaluru Dist Women PS
CCTV00826_5,Bengaluru Dist Women PS - Government Hospital CCTV,526,Bengaluru Rural,5601,Nelamangala,215581.0,Hasuruvalli,624813,Vadakunte,12.990791063556918,77.59060527107626,Government Hospital,100,Active,Bengaluru Dist Women PS
CCTV00826_6,Bengaluru Dist Women PS - Bank CCTV,526,Bengaluru Rural,5603,Devanahalli,215428.0,Bijjawara,625319,Gonur,12.989781964275569,77.59229605555849,Bank,100,Active,Bengaluru Dist Women PS
CCTV00827_1,Chennarayapatana PS - ATM CCTV,526,Bengaluru Rural,5603,Devanahalli,272721.0,Alooru Duddanahalli,625273,Beerasandra,13.2893841830486,77.80105454946589,ATM,100,Maintenance,Chennarayapatana PS
CCTV00827_2,Chennarayapatana PS - Bank CCTV,526,Bengaluru Rural,5603,Devanahalli,215428.0,Bijjawara,625330,Holerahalli,13.290464216677046,77.79910409732824,Bank,100,Active,Chennarayapatana PS
CCTV00827_3,Chennarayapatana PS - Government Office CCTV,526,Bengaluru Rural,5601,Nelamangala,215579.0,Bhodihal,624877,Deganahalli,13.289186501008805,77.79901018998837,Government Office,150,Active,Chennarayapatana PS
CCTV00827_4,Chennarayapatana PS - Bank CCTV,526,Bengaluru Rural,5602,Doddaballapura,215463.0,Kesthuru,625201,Huskur,13.291264503115165,77.79941599267644,Bank,100,Active,Chennarayapatana PS
CCTV00827_5,Chennarayapatana PS - Railway Station CCTV,526,Bengaluru Rural,5603,Devanahalli,215430.0,Channarayapatna,910230,Dinnur,13.289841209113012,77.79983082891341,Railway Station,100,Active,Chennarayapatana PS
CCTV00828_1,Dobbespet PS - College CCTV,526,Bengaluru Rural,5602,Doddaballapura,,,625094,Thammasettihalli,13.229879119589427,77.24257720453325,College,100,Maintenance,Dobbespet PS
CCTV00828_2,Dobbespet PS - ATM CCTV,526,Bengaluru Rural,5602,Doddaballapura,215456.0,Heggadihalli,625220,Gulya,13.22869853996091,77.24312899840557,ATM,100,Maintenance,Dobbespet PS
CCTV00828_3,Dobbespet PS - Government Office CCTV,526,Bengaluru Rural,5601,Nelamangala,215585.0,Kuluvanahalli,624849,Dodderi,13.229383118087691,77.24078153458004,Government Office,200,Active,Dobbespet PS
CCTV00828_4,Dobbespet PS - Railway Station CCTV,526,Bengaluru Rural,5601,Nelamangala,215588.0,Narasipura,624726,Bettadahosahalli,13.229077289045057,77.24125962434533,Railway Station,150,Active,Dobbespet PS
CCTV00828_5,Dobbespet PS - College CCTV,526,Bengaluru Rural,5601,Nelamangala,215579.0,Bhodihal,624860,Mandigere,13.230248865874234,77.24128059288196,College,100,Active,Dobbespet PS
CCTV00828_6,Dobbespet PS - Bank CCTV,526,Bengaluru Rural,5602,Doddaballapura,,,625137,Arehalli Guddadahalli,13.22940148137319,77.24093995061374,Bank,100,Active,Dobbespet PS
CCTV00829_1,Doddaballapura Rural PS - Bus Stand CCTV,526,Bengaluru Rural,5602,Doddaballapura,215446.0,Arudi,624952,Kamakshihalli,13.299869644588656,77.51360866902944,Bus Stand,200,Maintenance,Doddaballapura Rural PS
CCTV00829_2,Doddaballapura Rural PS - Railway Station CCTV,526,Bengaluru Rural,5601,Nelamangala,215586.0,Manne,624731,Biragondanahalli,13.300511511086965,77.51161540589193,Railway Station,200,Active,Doddaballapura Rural PS
CCTV00829_3,Doddaballapura Rural PS - Government Office CCTV,526,Bengaluru Rural,5604,Hosakote,215479.0,Doddanallala,625611,Chikkanallala,13.299996886508383,77.51353186802056,Government Office,100,Active,Doddaballapura Rural PS
CCTV00829_4,Doddaballapura Rural PS - ATM CCTV,526,Bengaluru Rural,5604,Hosakote,215479.0,Doddanallala,625611,Chikkanallala,13.299736840809441,77.51399147175988,ATM,200,Maintenance,Doddaballapura Rural PS
CCTV00829_5,Doddaballapura Rural PS - ATM CCTV,526,Bengaluru Rural,5604,Hosakote,215495.0,Samethanahalli,625712,Mallasandra,13.300454645846482,77.51328756622135,ATM,100,Maintenance,Doddaballapura Rural PS
CCTV00830_1,Doddaballapura Town PS - School CCTV,526,Bengaluru Rural,5603,Devanahalli,215425.0,Avathi,625361,Byrappanahalli,13.298699334487482,77.51302779684924,School,150,Active,Doddaballapura Town PS
CCTV00830_2,Doddaballapura Town PS - College CCTV,526,Bengaluru Rural,5601,Nelamangala,,,624887,Visveswarapura,13.29800249748296,77.51292453731395,College,200,Active,Doddaballapura Town PS
CCTV00830_3,Doddaballapura Town PS - Bus Stand CCTV,526,Bengaluru Rural,5602,Doddaballapura,215456.0,Heggadihalli,625074,Udanahalli,13.300466601873923,77.51154626374918,Bus Stand,150,Active,Doddaballapura Town PS
CCTV00831_1,Doddabelavangala PS - Bank CCTV,526,Bengaluru Rural,5604,Hosakote,215480.0,Doddaralagere,625496,Aralagere Amanikere,13.288714810807102,77.4215773210297,Bank,100,Active,Doddabelavangala PS
CCTV00831_2,Doddabelavangala PS - College CCTV,526,Bengaluru Rural,5602,Doddaballapura,215465.0,Konaghatta,625088,Linganahalli,13.287079913977196,77.42222131484615,College,100,Active,Doddabelavangala PS
CCTV00831_3,Doddabelavangala PS - Bus Stand CCTV,526,Bengaluru Rural,5604,Hosakote,215497.0,Sulibele,625491,Sulibele,13.288921890792246,77.42243086766673,Bus Stand,200,Maintenance,Doddabelavangala PS
CCTV00831_4,Doddabelavangala PS - Government Hospital CCTV,526,Bengaluru Rural,5602,Doddaballapura,215448.0,Bhaktarahalli,624999,Mallegowdanahalli,13.288314700266099,77.42315393895107,Government Hospital,100,Maintenance,Doddabelavangala PS
CCTV00831_5,Doddabelavangala PS - Market CCTV,526,Bengaluru Rural,5602,Doddaballapura,215463.0,Kesthuru,625110,Mandibyadarahalli,13.28774531955946,77.4214643273201,Market,150,Active,Doddabelavangala PS
CCTV00831_6,Doddabelavangala PS - Government Office CCTV,526,Bengaluru Rural,5602,Doddaballapura,215455.0,Hanabe,625148,Bommanahalli,13.289232207956749,77.42235000043692,Government Office,150,Active,Doddabelavangala PS
CCTV00832_1,Hosahalli PS - Traffic Junction CCTV,526,Bengaluru Rural,5603,Devanahalli,215439.0,Koramangala,625348,Guduvanahalli,14.649585905779952,76.46789241235201,Traffic Junction,150,Active,Hosahalli PS
CCTV00832_2,Hosahalli PS - Government Hospital CCTV,526,Bengaluru Rural,5604,Hosakote,215496.0,Shivanapura,625584,Chinnathimmanagolla Halli,14.648555343885423,76.4664226914479,Government Hospital,100,Active,Hosahalli PS
CCTV00832_3,Hosahalli PS - School CCTV,526,Bengaluru Rural,5603,Devanahalli,215425.0,Avathi,625373,Abachikkanahalli,14.649204476168817,76.46773930632592,School,200,Active,Hosahalli PS
CCTV00832_4,Hosahalli PS - College CCTV,526,Bengaluru Rural,5603,Devanahalli,215432.0,Gangavara Chowdappanahalli,625456,Bhatramarenahalli,14.648170613197586,76.46598746375456,College,100,Active,Hosahalli PS
CCTV00833_1,Hosakote PS - Railway Station CCTV,526,Bengaluru Rural,5602,Doddaballapura,215450.0,Dargajogihalli,625030,Srinivasapura,13.070701904856625,77.78263023372376,Railway Station,100,Maintenance,Hosakote PS
CCTV00833_2,Hosakote PS - Bank CCTV,526,Bengaluru Rural,5603,Devanahalli,215435.0,Jalige,625290,Juttanahalli,13.069522132384877,77.78257755492403,Bank,150,Active,Hosakote PS
CCTV00833_3,Hosakote PS - School CCTV,526,Bengaluru Rural,5603,Devanahalli,215433.0,Godlumuddena Halli,625322,Narayanapura,13.069857920744608,77.78255031124763,School,150,Active,Hosakote PS
CCTV00833_4,Hosakote PS - College CCTV,526,Bengaluru Rural,5601,Nelamangala,215582.0,Honnenahalli,624757,Kengalkempohalli,13.069425705680903,77.783353070592,College,100,Maintenance,Hosakote PS
CCTV00833_5,Hosakote PS - Bus Stand CCTV,526,Bengaluru Rural,5603,Devanahalli,215428.0,Bijjawara,625318,Gollahalli,13.069388035049926,77.7814774076622,Bus Stand,150,Active,Hosakote PS
CCTV00833_6,Hosakote PS - Traffic Junction CCTV,526,Bengaluru Rural,5602,Doddaballapura,215467.0,Melekote,625051,Bhumenahalli,13.069983723704398,77.78196989290497,Traffic Junction,200,Active,Hosakote PS
CCTV00834_1,Jigani PS - College CCTV,526,Bengaluru Rural,5603,Devanahalli,215425.0,Avathi,625373,Abachikkanahalli,12.792266359355372,77.64364705724533,College,150,Active,Jigani PS
CCTV00834_2,Jigani PS - Bank CCTV,526,Bengaluru Rural,5603,Devanahalli,215443.0,Vishwanathpura,625264,Byadarahalli,12.791443318403362,77.64479805902239,Bank,100,Active,Jigani PS
CCTV00834_3,Jigani PS - Bank CCTV,526,Bengaluru Rural,5603,Devanahalli,272721.0,Alooru Duddanahalli,625289,Pandithapura,12.789553263102531,77.64383029430746,Bank,200,Active,Jigani PS
CCTV00834_4,Jigani PS - Traffic Junction CCTV,526,Bengaluru Rural,5601,Nelamangala,215590.0,Soladevanahalli,624934,Bidanapalya,12.79137278022206,77.64562354447939,Traffic Junction,150,Active,Jigani PS
CCTV00834_5,Jigani PS - Government Office CCTV,526,Bengaluru Rural,5602,Doddaballapura,215458.0,Hosahalli,624974,Kadakunte,12.791988874254171,77.64454976642233,Government Office,100,Maintenance,Jigani PS
CCTV00834_6,Jigani PS - School CCTV,526,Bengaluru Rural,5601,Nelamangala,215596.0,Yentaganahalli,624927,Koratagere,12.79065090295802,77.64612524878918,School,200,Active,Jigani PS
CCTV00835_1,Nandagudi PS - Traffic Junction CCTV,526,Bengaluru Rural,5603,Devanahalli,215432.0,Gangavara Chowdappanahalli,625457,Kaggalahalli,13.202201462776063,77.90448675154359,Traffic Junction,100,Maintenance,Nandagudi PS
CCTV00835_2,Nandagudi PS - Government Office CCTV,526,Bengaluru Rural,5603,Devanahalli,215438.0,Koira,625263,Chikkagollahalli,13.20218616612088,77.90297707751989,Government Office,150,Maintenance,Nandagudi PS
CCTV00835_3,Nandagudi PS - Bus Stand CCTV,526,Bengaluru Rural,5602,Doddaballapura,215449.0,Channadevi Agrahara,625241,Kodihalli,13.204449632473617,77.90440147420722,Bus Stand,150,Active,Nandagudi PS
CCTV00835_4,Nandagudi PS - School CCTV,526,Bengaluru Rural,5602,Doddaballapura,215458.0,Hosahalli,624974,Kadakunte,13.203569194753312,77.90278037910139,School,150,Active,Nandagudi PS
CCTV00836_1,Nelamangala Rural PS - Government Hospital CCTV,526,Bengaluru Rural,5601,Nelamangala,215585.0,Kuluvanahalli,624758,Hosahalli,13.09948248247076,77.39102477146264,Government Hospital,150,Active,Nelamangala Rural PS
CCTV00836_2,Nelamangala Rural PS - Bank CCTV,526,Bengaluru Rural,5601,Nelamangala,215586.0,Manne,624804,Tavarekere,13.100304851062846,77.3908495781821,Bank,150,Active,Nelamangala Rural PS
CCTV00836_3,Nelamangala Rural PS - Railway Station CCTV,526,Bengaluru Rural,5603,Devanahalli,215441.0,Nalluru,625450,Bidalapura Amanikere,13.100858981388901,77.39007394299001,Railway Station,200,Active,Nelamangala Rural PS
CCTV00836_4,Nelamangala Rural PS - ATM CCTV,526,Bengaluru Rural,5604,Hosakote,215484.0,Jadigenahalli,625655,Vijayapura,13.100409955097843,77.39227291738997,ATM,200,Active,Nelamangala Rural PS
CCTV00837_1,Nelamangala Town PS - Bank CCTV,526,Bengaluru Rural,5604,Hosakote,215498.0,Thavarekere,625600,Doddaramanahalli,13.100443227601847,77.39342090780612,Bank,150,Active,Nelamangala Town PS
CCTV00837_2,Nelamangala Town PS - Government Office CCTV,526,Bengaluru Rural,5601,Nelamangala,215589.0,Shivagange,624770,Machenahalli,13.098821391843654,77.39297534766025,Government Office,150,Active,Nelamangala Town PS
CCTV00837_3,Nelamangala Town PS - Market CCTV,526,Bengaluru Rural,5601,Nelamangala,215580.0,Doddabele,624810,Doddabele,13.100672546353092,77.39485029048254,Market,100,Active,Nelamangala Town PS
CCTV00838_1,Nelamangala Traffic PS - Bank CCTV,526,Bengaluru Rural,5601,Nelamangala,296908.0,Kannegowdanahalli,624879,Kanugondanahalli,13.097636978152384,77.38674358133662,Bank,150,Maintenance,Nelamangala Traffic PS
CCTV00838_2,Nelamangala Traffic PS - Railway Station CCTV,526,Bengaluru Rural,5601,Nelamangala,215575.0,Agalakuppe,624733,Agalakuppa,13.096284859043324,77.38591047000257,Railway Station,200,Active,Nelamangala Traffic PS
CCTV00838_3,Nelamangala Traffic PS - School CCTV,526,Bengaluru Rural,5604,Hosakote,215476.0,Devanagundi,625727,Medihalli,13.095249078744521,77.38629696304616,School,150,Active,Nelamangala Traffic PS
CCTV00838_4,Nelamangala Traffic PS - Railway Station CCTV,526,Bengaluru Rural,5604,Hosakote,215498.0,Thavarekere,625590,Manchappanahalli,13.0952033071537,77.38715697617035,Railway Station,100,Maintenance,Nelamangala Traffic PS
CCTV00838_5,Nelamangala Traffic PS - College CCTV,526,Bengaluru Rural,5601,Nelamangala,215587.0,Maralakunte,624718,Madaga,13.095508958263483,77.3869035463261,College,150,Active,Nelamangala Traffic PS
CCTV00838_6,Nelamangala Traffic PS - School CCTV,526,Bengaluru Rural,5602,Doddaballapura,215452.0,Doddabelavangala,625193,Venkateshpura,13.09588799014418,77.38768627595961,School,200,Active,Nelamangala Traffic PS
CCTV00839_1,Sarjapura PS - Government Hospital CCTV,526,Bengaluru Rural,5601,Nelamangala,272726.0,Gollahalli,624865,Byrasettihalli,12.861368187946523,77.78251842625471,Government Hospital,150,Maintenance,Sarjapura PS
CCTV00839_2,Sarjapura PS - Bus Stand CCTV,526,Bengaluru Rural,5603,Devanahalli,215432.0,Gangavara Chowdappanahalli,625464,Somathanahalli,12.860684397490603,77.78416779925372,Bus Stand,150,Active,Sarjapura PS
CCTV00839_3,Sarjapura PS - Government Office CCTV,526,Bengaluru Rural,5601,Nelamangala,215586.0,Manne,624742,Maddenahalli,12.859630768510526,77.78416622376075,Government Office,200,Maintenance,Sarjapura PS
CCTV00839_4,Sarjapura PS - Government Hospital CCTV,526,Bengaluru Rural,5601,Nelamangala,215582.0,Honnenahalli,624755,Honnenahalli,12.861370660260455,77.78274574444436,Government Hospital,100,Maintenance,Sarjapura PS
CCTV00839_5,Sarjapura PS - Bus Stand CCTV,526,Bengaluru Rural,5604,Hosakote,215492.0,Nandagudi,625580,Doddenahalli,12.859146911795007,77.78372616171006,Bus Stand,100,Active,Sarjapura PS
CCTV00840_1,Sulibele PS - Government Hospital CCTV,526,Bengaluru Rural,5601,Nelamangala,215575.0,Agalakuppe,624806,Biragundanahalli,13.185511623151537,77.798775870861,Government Hospital,150,Maintenance,Sulibele PS
CCTV00840_2,Sulibele PS - Government Hospital CCTV,526,Bengaluru Rural,5604,Hosakote,215495.0,Samethanahalli,625712,Mallasandra,13.185899395199701,77.79945096025575,Government Hospital,200,Active,Sulibele PS
CCTV00840_3,Sulibele PS - Bank CCTV,526,Bengaluru Rural,5601,Nelamangala,215586.0,Manne,624731,Biragondanahalli,13.185137057597423,77.79818526809231,Bank,200,Active,Sulibele PS
CCTV00840_4,Sulibele PS - College CCTV,526,Bengaluru Rural,5601,Nelamangala,215586.0,Manne,624808,Thippasettihalli,13.184581652093774,77.80014082682484,College,200,Active,Sulibele PS
CCTV00840_5,Sulibele PS - Bank CCTV,526,Bengaluru Rural,5603,Devanahalli,215435.0,Jalige,625298,Hegganahalli,13.184934379995921,77.80004725928218,Bank,150,Active,Sulibele PS
CCTV00841_1,Suryanagar PS - Traffic Junction CCTV,526,Bengaluru Rural,5604,Hosakote,215483.0,Ittasandra,625474,Esthur,13.096442459561805,77.38689412066998,Traffic Junction,200,Active,Suryanagar PS
CCTV00841_2,Suryanagar PS - Government Office CCTV,526,Bengaluru Rural,5603,Devanahalli,215438.0,Koira,625249,Ramanathapura,13.09524908225099,77.38735435362483,Government Office,100,Active,Suryanagar PS
CCTV00841_3,Suryanagar PS - School CCTV,526,Bengaluru Rural,5604,Hosakote,215496.0,Shivanapura,910284,Ganjaralahalli (D),13.09707888352529,77.3849870908621,School,200,Active,Suryanagar PS
CCTV00841_4,Suryanagar PS - Bus Stand CCTV,526,Bengaluru Rural,5603,Devanahalli,215438.0,Koira,948555,Koira Hosur,13.097381510382789,77.38616131585272,Bus Stand,200,Active,Suryanagar PS
CCTV00842_1,Thirumalashettahalli PS - School CCTV,526,Bengaluru Rural,5601,Nelamangala,215591.0,Sompura,624735,Nijagal Kempohalli,12.986364013394576,77.78065902246408,School,100,Maintenance,Thirumalashettahalli PS
CCTV00842_2,Thirumalashettahalli PS - Bus Stand CCTV,526,Bengaluru Rural,5603,Devanahalli,215441.0,Nalluru,625443,Nallur Amari,12.985765604898184,77.78281669785997,Bus Stand,100,Active,Thirumalashettahalli PS
CCTV00842_3,Thirumalashettahalli PS - Railway Station CCTV,526,Bengaluru Rural,5603,Devanahalli,215444.0,Yaliyuru,625377,Gokare,12.985992981936686,77.78169039992889,Railway Station,150,Maintenance,Thirumalashettahalli PS
CCTV00842_4,Thirumalashettahalli PS - Traffic Junction CCTV,526,Bengaluru Rural,5602,Doddaballapura,215456.0,Heggadihalli,625058,Acharlahalli,12.984454808119926,77.7803970127554,Traffic Junction,150,Maintenance,Thirumalashettahalli PS
CCTV00843_1,Thyamagondlu PS - Government Hospital CCTV,526,Bengaluru Rural,5604,Hosakote,215481.0,Ganagaluru,625752,Thathnur,13.152155213072211,77.35138417438651,Government Hospital,150,Active,Thyamagondlu PS
CCTV00843_2,Thyamagondlu PS - College CCTV,526,Bengaluru Rural,5603,Devanahalli,215432.0,Gangavara Chowdappanahalli,625463,Gangavara Chowdappana Halli,13.15032996394433,77.35051590704288,College,150,Active,Thyamagondlu PS
CCTV00843_3,Thyamagondlu PS - ATM CCTV,526,Bengaluru Rural,5604,Hosakote,215476.0,Devanagundi,625722,Doddadunnasandra,13.150581591658986,77.35032777076232,ATM,150,Active,Thyamagondlu PS
CCTV00843_4,Thyamagondlu PS - Government Office CCTV,526,Bengaluru Rural,5603,Devanahalli,272723.0,Mandibele,625349,Chikka Thattamangala,13.150491172942163,77.3497774803911,Government Office,150,Maintenance,Thyamagondlu PS
CCTV00844_1,Vijayapura PS - Bank CCTV,526,Bengaluru Rural,5602,Doddaballapura,215466.0,Majara Hosahalli,625125,Chikka Tumkur,13.295389056344597,77.79936554217666,Bank,200,Active,Vijayapura PS
CCTV00844_2,Vijayapura PS - ATM CCTV,526,Bengaluru Rural,5604,Hosakote,215489.0,Lakkondahalli,625681,Lakkondahalli,13.295065940318521,77.79905795923669,ATM,100,Maintenance,Vijayapura PS
CCTV00844_3,Vijayapura PS - Traffic Junction CCTV,526,Bengaluru Rural,5604,Hosakote,215477.0,Doddagattiganabbe,625710,Doddagattiganabbe,13.294214832678959,77.80039142518297,Traffic Junction,150,Maintenance,Vijayapura PS
CCTV00844_4,Vijayapura PS - School CCTV,526,Bengaluru Rural,5604,Hosakote,215484.0,Jadigenahalli,625643,Thiratahalli,13.294903270957237,77.80173023491226,School,100,Active,Vijayapura PS
CCTV00844_5,Vijayapura PS - Market CCTV,526,Bengaluru Rural,5602,Doddaballapura,215461.0,Kanasavadi,625233,Jodithimasandra,13.295264582597481,77.7998551425726,Market,200,Active,Vijayapura PS
CCTV00845_1,Vishwanathapura PS - Market CCTV,526,Bengaluru Rural,5603,Devanahalli,215433.0,Godlumuddena Halli,625345,Venkatenahalli,13.279318408261004,77.62210281270225,Market,100,Maintenance,Vishwanathapura PS
CCTV00845_2,Vishwanathapura PS - Bus Stand CCTV,526,Bengaluru Rural,5601,Nelamangala,215586.0,Manne,624742,Maddenahalli,13.28000478298376,77.62235566021593,Bus Stand,200,Active,Vishwanathapura PS
CCTV00845_3,Vishwanathapura PS - Railway Station CCTV,526,Bengaluru Rural,5602,Doddaballapura,215457.0,Honnavara,625221,Purusanahalli,13.280512746551402,77.62160309754373,Railway Station,150,Active,Vishwanathapura PS
CCTV00845_4,Vishwanathapura PS - Government Office CCTV,526,Bengaluru Rural,5602,Doddaballapura,215457.0,Honnavara,625225,Honnavara,13.27763795552405,77.6230677009127,Government Office,150,Active,Vishwanathapura PS
CCTV00846_1,Aurad PS - Government Office CCTV,529,Bidar,5455,Bhalki,216392.0,Methimelkunda,599874,Methimelkunda,18.24807937001619,77.41188531616058,Government Office,150,Maintenance,Aurad PS
CCTV00846_2,Aurad PS - Railway Station CCTV,529,Bidar,5457,Bidar,216407.0,Aurad (S),600221,Aurad (S),18.248263860545748,77.41290936853599,Railway Station,200,Active,Aurad PS
CCTV00846_3,Aurad PS - Traffic Junction CCTV,529,Bidar,5457,Bidar,,,938361,Haladakeri Jh,18.250068106586397,77.41338298402071,Traffic Junction,200,Maintenance,Aurad PS
CCTV00846_4,Aurad PS - Government Office CCTV,529,Bidar,5454,Basavakalyan,216346.0,Islampur,599770,Lingadhalli,18.249215509648224,77.41333331714462,Government Office,100,Maintenance,Aurad PS
CCTV00847_1,Bagdal PS - Government Hospital CCTV,529,Bidar,7084,Chitaguppa,216454.0,Manekheli,600335,Manna-E-Khelli,17.74899521040267,77.39919139545168,Government Hospital,100,Active,Bagdal PS
CCTV00847_2,Bagdal PS - Government Office CCTV,529,Bidar,5454,Basavakalyan,216343.0,Gundur,923683,Jaffarwadi,17.748061301797275,77.40034257739656,Government Office,200,Maintenance,Bagdal PS
CCTV00847_3,Bagdal PS - Market CCTV,529,Bidar,5458,Homnabad,216441.0,Dakulgi,600278,Atiwal,17.74995002679186,77.39910439222929,Market,150,Active,Bagdal PS
CCTV00847_4,Bagdal PS - Government Office CCTV,529,Bidar,5456,Aurad,216294.0,Badalgaon,600057,Mohmadapur,17.748711566352668,77.4013922621649,Government Office,200,Active,Bagdal PS
CCTV00847_5,Bagdal PS - Government Hospital CCTV,529,Bidar,5457,Bidar,216426.0,Markal,600145,Benakanalli,17.748156771525952,77.39863795961527,Government Hospital,200,Active,Bagdal PS
CCTV00847_6,Bagdal PS - ATM CCTV,529,Bidar,5456,Aurad,216310.0,Eklara,600062,Tuljapur,17.750184100391103,77.40013256184154,ATM,200,Maintenance,Bagdal PS
CCTV00848_1,Basava Kalyana Rural PS - Government Hospital CCTV,529,Bidar,5455,Bhalki,216394.0,Nittur(B),599886,Hajnal,17.818389971300338,76.85894819072234,Government Hospital,150,Active,Basava Kalyana Rural PS
CCTV00848_2,Basava Kalyana Rural PS - Bus Stand CCTV,529,Bidar,5457,Bidar,216417.0,Janwada,600142,Daddapur,17.819332615510323,76.85673814372936,Bus Stand,150,Active,Basava Kalyana Rural PS
CCTV00848_3,Basava Kalyana Rural PS - Government Hospital CCTV,529,Bidar,5456,Aurad,272849.0,Gudapalli,600089,Gudpalli,17.819828143196073,76.85905295873773,Government Hospital,150,Active,Basava Kalyana Rural PS
CCTV00848_4,Basava Kalyana Rural PS - College CCTV,529,Bidar,7086,Hulsoor,216353.0,Mirkal,599721,Kotmal,17.819955931024282,76.85961287652445,College,150,Active,Basava Kalyana Rural PS
CCTV00848_5,Basava Kalyana Rural PS - ATM CCTV,529,Bidar,5454,Basavakalyan,216354.0,Moorkhandi,599749,Morkhandi,17.820195630636572,76.8584078194981,ATM,100,Active,Basava Kalyana Rural PS
CCTV00848_6,Basava Kalyana Rural PS - ATM CCTV,529,Bidar,5455,Bhalki,216369.0,Ambesangvi,599891,Ambesangu,17.819750360681095,76.8584691344895,ATM,100,Maintenance,Basava Kalyana Rural PS
CCTV00849_1,Basava Kalyana Town PS - Bank CCTV,529,Bidar,5454,Basavakalyan,216362.0,Sastapur,599781,Sastapur,17.823966064058013,76.93083693354089,Bank,100,Active,Basava Kalyana Town PS
CCTV00849_2,Basava Kalyana Town PS - Traffic Junction CCTV,529,Bidar,5454,Basavakalyan,216337.0,Chndkapur,599750,Laheshwar,17.823636712518102,76.92940567368541,Traffic Junction,100,Active,Basava Kalyana Town PS
CCTV00849_3,Basava Kalyana Town PS - College CCTV,529,Bidar,5454,Basavakalyan,216361.0,Rajola,599760,Ghoga,17.822160987733156,76.9282191249774,College,100,Active,Basava Kalyana Town PS
CCTV00849_4,Basava Kalyana Town PS - Government Office CCTV,529,Bidar,7085,Kamalnagar,216329.0,Thana Kushnoor,600029,Kushnoor Thana,17.822110256414142,76.93048029973264,Government Office,100,Maintenance,Basava Kalyana Town PS
CCTV00849_5,Basava Kalyana Town PS - Government Hospital CCTV,529,Bidar,5458,Homnabad,216442.0,Dhumunsur,600294,Dhumansoor,17.82201828251871,76.92844630508174,Government Hospital,100,Active,Basava Kalyana Town PS
CCTV00849_6,Basava Kalyana Town PS - School CCTV,529,Bidar,5457,Bidar,216433.0,Sirsi (A),600222,Kasimpur (Chitgoppa),17.82437665617416,76.92868844936574,School,100,Active,Basava Kalyana Town PS
CCTV00850_1,Basava Kalyana Traffic PS - Bus Stand CCTV,529,Bidar,5456,Aurad,216312.0,Hokrana,599973,Hokrana,17.87514980870464,76.94878620879169,Bus Stand,200,Active,Basava Kalyana Traffic PS
CCTV00850_2,Basava Kalyana Traffic PS - Market CCTV,529,Bidar,5457,Bidar,216432.0,Sindhol,600231,Shekapur,17.87373347214978,76.94819618260884,Market,200,Active,Basava Kalyana Traffic PS
CCTV00850_3,Basava Kalyana Traffic PS - Bank CCTV,529,Bidar,5455,Bhalki,216402.0,Warwatti,599932,Warwatti,17.873187952506203,76.948699347061,Bank,150,Active,Basava Kalyana Traffic PS
CCTV00851_1,Bemalkhed PS - Bus Stand CCTV,529,Bidar,5457,Bidar,216420.0,Kaplapur (A),600195,Atwal,17.691297305162816,77.21071674933108,Bus Stand,100,Maintenance,Bemalkhed PS
CCTV00851_2,Bemalkhed PS - Bus Stand CCTV,529,Bidar,5457,Bidar,216414.0,Chimkod,600161,Khajapur,17.69173503404703,77.21088361549263,Bus Stand,150,Maintenance,Bemalkhed PS
CCTV00851_3,Bemalkhed PS - School CCTV,529,Bidar,5458,Homnabad,216450.0,Kallur,600304,Borampalli,17.692682542061423,77.21154243039555,School,150,Active,Bemalkhed PS
CCTV00851_4,Bemalkhed PS - College CCTV,529,Bidar,5456,Aurad,216315.0,Jojna,600101,Borgi (Janwada),17.69325983737585,77.21013581668997,College,100,Maintenance,Bemalkhed PS
CCTV00852_1,Bhalki Rural PS - Government Office CCTV,529,Bidar,5458,Homnabad,216464.0,Sitalgera,600281,Shakargunj,18.042584653664658,77.21142730113606,Government Office,150,Active,Bhalki Rural PS
CCTV00852_2,Bhalki Rural PS - School CCTV,529,Bidar,5457,Bidar,216406.0,Andur,600196,Andura,18.043968937355093,77.21013558696542,School,200,Maintenance,Bhalki Rural PS
CCTV00852_3,Bhalki Rural PS - Government Hospital CCTV,529,Bidar,5457,Bidar,216432.0,Sindhol,600231,Shekapur,18.042905402050604,77.21056617490034,Government Hospital,150,Active,Bhalki Rural PS
CCTV00852_4,Bhalki Rural PS - School CCTV,529,Bidar,5455,Bhalki,216385.0,Khatakchincholli,599940,Khatak Chincholi,18.042099848983455,77.21138560473105,School,100,Active,Bhalki Rural PS
CCTV00853_1,Bhalki Town PS - Bus Stand CCTV,529,Bidar,5455,Bhalki,216377.0,Dhanoora,599958,Sevanagar,18.046868945765063,77.21432428778043,Bus Stand,200,Active,Bhalki Town PS
CCTV00853_2,Bhalki Town PS - Government Office CCTV,529,Bidar,5455,Bhalki,216398.0,Talwad(K),599913,Kadlabad,18.045254671861994,77.21366725028567,Government Office,100,Active,Bhalki Town PS
CCTV00853_3,Bhalki Town PS - Government Hospital CCTV,529,Bidar,5457,Bidar,,,600184,Bage-E-Gornalli,18.04770047032646,77.21433881264686,Government Hospital,100,Maintenance,Bhalki Town PS
CCTV00853_4,Bhalki Town PS - Government Hospital CCTV,529,Bidar,5455,Bhalki,272854.0,Kosam,599951,Kosam,18.047065561305047,77.21627464678025,Government Hospital,150,Maintenance,Bhalki Town PS
CCTV00854_1,Bidar CEN Crime PS - Traffic Junction CCTV,529,Bidar,5455,Bhalki,216397.0,Siddeshwar,599926,Siddeshwar,18.04673537208782,77.21479629938622,Traffic Junction,200,Maintenance,Bidar CEN Crime PS
CCTV00854_2,Bidar CEN Crime PS - Bus Stand CCTV,529,Bidar,5456,Aurad,216297.0,Belkuni (Ch),600031,Belkuni Chaudhri,18.0464202486968,77.21474070105565,Bus Stand,100,Maintenance,Bidar CEN Crime PS
CCTV00854_3,Bidar CEN Crime PS - Bus Stand CCTV,529,Bidar,5457,Bidar,,,938366,Mailategairabi,18.047404417262968,77.21599745095206,Bus Stand,100,Active,Bidar CEN Crime PS
CCTV00854_4,Bidar CEN Crime PS - Traffic Junction CCTV,529,Bidar,5456,Aurad,216294.0,Badalgaon,600057,Mohmadapur,18.046235921267467,77.21430228398393,Traffic Junction,150,Maintenance,Bidar CEN Crime PS
CCTV00855_1,Bidar Rural PS - School CCTV,529,Bidar,5458,Homnabad,216437.0,Bemalkheda,925916,Vitalpur,17.933971978295563,77.4732457841522,School,100,Active,Bidar Rural PS
CCTV00855_2,Bidar Rural PS - College CCTV,529,Bidar,5455,Bhalki,272853.0,Beeri-K,599882,Beeri (K),17.933047992017485,77.4746458689698,College,100,Active,Bidar Rural PS
CCTV00855_3,Bidar Rural PS - Market CCTV,529,Bidar,5454,Basavakalyan,216351.0,Ladwanti,599802,Bhaknal,17.935873744773282,77.47411527175018,Market,100,Maintenance,Bidar Rural PS
CCTV00856_1,Bidar Town PS - Government Office CCTV,529,Bidar,7084,Chitaguppa,216459.0,Mutangi,600328,Muthangi,17.91268252353501,77.5301441486227,Government Office,150,Active,Bidar Town PS
CCTV00856_2,Bidar Town PS - Government Office CCTV,529,Bidar,5455,Bhalki,216401.0,Wanjerkhed,599848,Kongli,17.912857221280813,77.5317981439214,Government Office,200,Active,Bidar Town PS
CCTV00856_3,Bidar Town PS - Government Hospital CCTV,529,Bidar,5458,Homnabad,216465.0,Sultanabad,600262,Sultanabad,17.9121080946513,77.53062995662637,Government Hospital,100,Active,Bidar Town PS
CCTV00856_4,Bidar Town PS - School CCTV,529,Bidar,7086,Hulsoor,216340.0,Gadigundgaon,599728,Gadigondgaon,17.913237709409493,77.53015433897384,School,100,Active,Bidar Town PS
CCTV00856_5,Bidar Town PS - Railway Station CCTV,529,Bidar,5457,Bidar,216431.0,Sangolgi,600209,Sangolgi,17.91202181048536,77.53023270202635,Railway Station,100,Active,Bidar Town PS
CCTV00856_6,Bidar Town PS - Government Hospital CCTV,529,Bidar,7085,Kamalnagar,216313.0,Holasamudra,600011,Koryal,17.913709903103587,77.53218558508509,Government Hospital,150,Maintenance,Bidar Town PS
CCTV00857_1,Bidar Traffic PS - Bank CCTV,529,Bidar,5456,Aurad,216309.0,Ekamaba,600044,Hassikeri,17.908405017758522,75.32305987447836,Bank,200,Active,Bidar Traffic PS
CCTV00857_2,Bidar Traffic PS - College CCTV,529,Bidar,5454,Basavakalyan,216352.0,Mathala,599784,Mantala,17.90833188330933,75.32482702976033,College,200,Active,Bidar Traffic PS
CCTV00857_3,Bidar Traffic PS - Government Hospital CCTV,529,Bidar,5455,Bhalki,216379.0,Gorchincholli,599902,Nideban,17.90842453325034,75.32526466992745,Government Hospital,100,Active,Bidar Traffic PS
CCTV00857_4,Bidar Traffic PS - Market CCTV,529,Bidar,5456,Aurad,216314.0,Jambgi,600104,Jambgi(B),17.90604473349364,75.32295422867487,Market,200,Maintenance,Bidar Traffic PS
CCTV00857_5,Bidar Traffic PS - Traffic Junction CCTV,529,Bidar,5455,Bhalki,216370.0,Baloor,599900,Dongargi,17.90833473661821,75.32266572326174,Traffic Junction,200,Active,Bidar Traffic PS
CCTV00858_1,Bidar Women PS - Bus Stand CCTV,529,Bidar,7084,Chitaguppa,216468.0,Udbanalli,600341,Saidapur,17.906800258110785,77.5335403352152,Bus Stand,150,Active,Bidar Women PS
CCTV00858_2,Bidar Women PS - Market CCTV,529,Bidar,5458,Homnabad,216438.0,Benchincholi,600275,Namdapur Wadi,17.90826922680262,77.53319348490926,Market,100,Active,Bidar Women PS
CCTV00858_3,Bidar Women PS - Government Office CCTV,529,Bidar,5457,Bidar,,,600194,Kolhar (K),17.906951290296156,77.53173243587219,Government Office,150,Active,Bidar Women PS
CCTV00858_4,Bidar Women PS - Government Office CCTV,529,Bidar,5456,Aurad,216297.0,Belkuni (Ch),600064,Mungnal,17.90840235883027,77.53105209749125,Government Office,150,Active,Bidar Women PS
CCTV00858_5,Bidar Women PS - Traffic Junction CCTV,529,Bidar,5458,Homnabad,216465.0,Sultanabad,600260,Kumarchincholi,17.9062293577076,77.53269630242907,Traffic Junction,150,Active,Bidar Women PS
CCTV00858_6,Bidar Women PS - Railway Station CCTV,529,Bidar,5456,Aurad,216320.0,Ladha,600106,Mustapur,17.906014496616883,77.53130908953875,Railway Station,150,Active,Bidar Women PS
CCTV00859_1,Chintaki PS - Government Hospital CCTV,529,Bidar,5458,Homnabad,216439.0,Chandanhalli,600267,Sonkhera,18.268711122787256,77.54621137547691,Government Hospital,200,Maintenance,Chintaki PS
CCTV00859_2,Chintaki PS - Market CCTV,529,Bidar,5457,Bidar,216417.0,Janwada,600140,Janwada,18.26854033376718,77.54613436684805,Market,100,Active,Chintaki PS
CCTV00859_3,Chintaki PS - Railway Station CCTV,529,Bidar,5457,Bidar,,,938366,Mailategairabi,18.268068800375485,77.54805776540397,Railway Station,150,Active,Chintaki PS
CCTV00859_4,Chintaki PS - Traffic Junction CCTV,529,Bidar,7085,Kamalnagar,216302.0,Chikli U,599971,Nandi Bijalgaon,18.27020633998463,77.54562564202817,Traffic Junction,100,Maintenance,Chintaki PS
CCTV00859_5,Chintaki PS - Government Hospital CCTV,529,Bidar,5457,Bidar,216412.0,Chatnalli,600232,Budhera,18.269388418147013,77.54699801993422,Government Hospital,150,Active,Chintaki PS
CCTV00860_1,Chitaguppa PS - Government Hospital CCTV,529,Bidar,5455,Bhalki,216402.0,Warwatti,599931,Bylhalli,17.662725620027686,77.42458304666961,Government Hospital,200,Active,Chitaguppa PS
CCTV00860_2,Chitaguppa PS - Traffic Junction CCTV,529,Bidar,5454,Basavakalyan,216351.0,Ladwanti,599802,Bhaknal,17.66312851763152,77.42413814351215,Traffic Junction,150,Active,Chitaguppa PS
CCTV00860_3,Chitaguppa PS - College CCTV,529,Bidar,5456,Aurad,216324.0,Nagmarpalli,600073,Karanji (B),17.662107494953915,77.42512116153074,College,150,Active,Chitaguppa PS
CCTV00861_1,Dhannura PS - College CCTV,529,Bidar,5456,Aurad,216320.0,Ladha,600106,Mustapur,17.957847747348378,77.33789480216033,College,100,Active,Dhannura PS
CCTV00861_2,Dhannura PS - Government Office CCTV,529,Bidar,5454,Basavakalyan,216337.0,Chndkapur,599778,Ramteerth (K),17.958238432432765,77.33755584065722,Government Office,100,Active,Dhannura PS
CCTV00861_3,Dhannura PS - Railway Station CCTV,529,Bidar,5456,Aurad,216299.0,Bonti,599982,Bonthi,17.95933855837802,77.33852605952457,Railway Station,100,Active,Dhannura PS
CCTV00861_4,Dhannura PS - College CCTV,529,Bidar,5455,Bhalki,216373.0,Byalhalli(K),599965,Nirmanhalli,17.957334376556247,77.33797808052532,College,100,Maintenance,Dhannura PS
CCTV00861_5,Dhannura PS - Bus Stand CCTV,529,Bidar,5454,Basavakalyan,216337.0,Chndkapur,599780,Halli,17.959779208080185,77.33708120102501,Bus Stand,150,Maintenance,Dhannura PS
CCTV00862_1,Gandhi Gunj PS - School CCTV,529,Bidar,7086,Hulsoor,216345.0,Hulsoor,599725,Soldabka,17.90897664476278,77.51556857416502,School,100,Active,Gandhi Gunj PS
CCTV00862_2,Gandhi Gunj PS - Bus Stand CCTV,529,Bidar,5456,Aurad,216315.0,Jojna,600101,Borgi (Janwada),17.91072604294647,77.51319227252365,Bus Stand,150,Maintenance,Gandhi Gunj PS
CCTV00862_3,Gandhi Gunj PS - School CCTV,529,Bidar,5456,Aurad,216325.0,Santpur,600032,Maskal,17.910114663801867,77.51530054055648,School,150,Maintenance,Gandhi Gunj PS
CCTV00862_4,Gandhi Gunj PS - College CCTV,529,Bidar,5455,Bhalki,216398.0,Talwad(K),599914,Dharajwadi,17.911096434159408,77.51273227296086,College,200,Maintenance,Gandhi Gunj PS
CCTV00862_5,Gandhi Gunj PS - Traffic Junction CCTV,529,Bidar,5455,Bhalki,216389.0,Madkatti,599910,Madkatti,17.91102280774117,77.51354857719647,Traffic Junction,200,Active,Gandhi Gunj PS
CCTV00863_1,Hallikhed PS - Traffic Junction CCTV,529,Bidar,5457,Bidar,216418.0,Kadwad,600216,Kasimpur (Pan),17.851083867780464,77.26309927497907,Traffic Junction,150,Active,Hallikhed PS
CCTV00863_2,Hallikhed PS - ATM CCTV,529,Bidar,5455,Bhalki,216394.0,Nittur(B),599888,Kotgiyal,17.850597621286276,77.26565383812185,ATM,150,Maintenance,Hallikhed PS
CCTV00863_3,Hallikhed PS - Government Office CCTV,529,Bidar,5454,Basavakalyan,216335.0,Betgera,599810,Chitkota (K),17.852809370653517,77.26572502055049,Government Office,200,Active,Hallikhed PS
CCTV00863_4,Hallikhed PS - ATM CCTV,529,Bidar,7085,Kamalnagar,216327.0,Sonal,600012,Sonala,17.850182934958998,77.26494799717501,ATM,200,Active,Hallikhed PS
CCTV00864_1,Hokrana PS - School CCTV,529,Bidar,7085,Kamalnagar,216296.0,Belkhuni (Bh),600000,Bhavani Bijalgaon,18.384485373987285,77.33000425442033,School,150,Active,Hokrana PS
CCTV00864_2,Hokrana PS - Bus Stand CCTV,529,Bidar,7084,Chitaguppa,216455.0,Mangalgi,600324,Mangalgi,18.3844685496719,77.32855571575303,Bus Stand,200,Active,Hokrana PS
CCTV00864_3,Hokrana PS - Government Office CCTV,529,Bidar,5457,Bidar,216423.0,Malkapur,600180,Malkapur,18.385027481253964,77.32919339922397,Government Office,200,Active,Hokrana PS
CCTV00864_4,Hokrana PS - Government Office CCTV,529,Bidar,5455,Bhalki,216398.0,Talwad(K),599915,Kardhyal,18.38406419020244,77.32890350415637,Government Office,100,Active,Hokrana PS
CCTV00864_5,Hokrana PS - Bank CCTV,529,Bidar,5454,Basavakalyan,216341.0,Ghotala,599775,Manhalli,18.383487963220333,77.32768613820086,Bank,150,Active,Hokrana PS
CCTV00864_6,Hokrana PS - Bus Stand CCTV,529,Bidar,7084,Chitaguppa,216467.0,Udbal,600327,Udbal,18.385354834454358,77.32779689196624,Bus Stand,200,Active,Hokrana PS
CCTV00865_1,Hulsoor PS - Bank CCTV,529,Bidar,5455,Bhalki,216387.0,Kurubkhelgi,599935,Kaplapur,18.019149652699216,77.00444763147455,Bank,150,Active,Hulsoor PS
CCTV00865_2,Hulsoor PS - Traffic Junction CCTV,529,Bidar,5454,Basavakalyan,216350.0,Kohinoor,599813,Kohinoor,18.01859232993953,77.00549579613393,Traffic Junction,150,Active,Hulsoor PS
CCTV00865_3,Hulsoor PS - Railway Station CCTV,529,Bidar,5455,Bhalki,216387.0,Kurubkhelgi,599935,Kaplapur,18.01897765959334,77.00713682492832,Railway Station,200,Active,Hulsoor PS
CCTV00866_1,Humnabad PS - ATM CCTV,529,Bidar,5457,Bidar,,,600193,Chouli,17.772815211093366,77.1246377723058,ATM,150,Active,Humnabad PS
CCTV00866_2,Humnabad PS - Government Office CCTV,529,Bidar,5456,Aurad,272849.0,Gudapalli,600089,Gudpalli,17.771849737744656,77.1249127297365,Government Office,150,Maintenance,Humnabad PS
CCTV00866_3,Humnabad PS - Traffic Junction CCTV,529,Bidar,5455,Bhalki,216383.0,Joldapka,599964,Godihipperga,17.771857126927255,77.12428893132996,Traffic Junction,150,Active,Humnabad PS
CCTV00866_4,Humnabad PS - Government Hospital CCTV,529,Bidar,5454,Basavakalyan,216335.0,Betgera,599804,Sirgur,17.772658671558432,77.12450772724158,Government Hospital,150,Active,Humnabad PS
CCTV00866_5,Humnabad PS - Bank CCTV,529,Bidar,5455,Bhalki,216370.0,Baloor,599900,Dongargi,17.771645821249592,77.1245513065891,Bank,150,Active,Humnabad PS
CCTV00866_6,Humnabad PS - Market CCTV,529,Bidar,5455,Bhalki,216399.0,Telgaon,599879,Shamsheerpur,17.771264470769747,77.12291692937461,Market,150,Maintenance,Humnabad PS
CCTV00867_1,Humnabad Traffic PS - School CCTV,529,Bidar,5457,Bidar,,,938363,Jangalakoyi,17.77128964998948,77.12237353994483,School,100,Active,Humnabad Traffic PS
CCTV00867_2,Humnabad Traffic PS - Railway Station CCTV,529,Bidar,5457,Bidar,216422.0,Malegaon,600166,Malegaon,17.771313799444044,77.12450748743903,Railway Station,150,Maintenance,Humnabad Traffic PS
CCTV00867_3,Humnabad Traffic PS - Bank CCTV,529,Bidar,5455,Bhalki,216376.0,Dawargaon,599937,Dawargaon,17.773388345509304,77.12335007799636,Bank,200,Active,Humnabad Traffic PS
CCTV00867_4,Humnabad Traffic PS - Government Office CCTV,529,Bidar,5457,Bidar,,,600192,Chondi,17.773473374763817,77.12499878269455,Government Office,100,Active,Humnabad Traffic PS
CCTV00868_1,Janwada PS - Government Hospital CCTV,529,Bidar,7086,Hulsoor,216342.0,Gorta B,599738,Gorta (B),18.002427213982898,77.48039373704748,Government Hospital,200,Active,Janwada PS
CCTV00868_2,Janwada PS - Traffic Junction CCTV,529,Bidar,5456,Aurad,216309.0,Ekamaba,600053,Jamlapur,18.00286015558435,77.47953224780608,Traffic Junction,100,Maintenance,Janwada PS
CCTV00868_3,Janwada PS - Bus Stand CCTV,529,Bidar,5455,Bhalki,216381.0,Inchoor,599849,Jirgyal,18.00209799798912,77.48108357680668,Bus Stand,150,Active,Janwada PS
CCTV00868_4,Janwada PS - Traffic Junction CCTV,529,Bidar,5454,Basavakalyan,216337.0,Chndkapur,599750,Laheshwar,18.00388965990791,77.4814039185578,Traffic Junction,200,Active,Janwada PS
CCTV00868_5,Janwada PS - Traffic Junction CCTV,529,Bidar,5455,Bhalki,216392.0,Methimelkunda,599874,Methimelkunda,18.00410120903626,77.48066179312156,Traffic Junction,150,Active,Janwada PS
CCTV00868_6,Janwada PS - Government Office CCTV,529,Bidar,5456,Aurad,216319.0,Kouta B,600112,Kushnoor Gadi,18.00501501575528,77.48190782798586,Government Office,150,Maintenance,Janwada PS
CCTV00869_1,Kamalanagar PS - Government Hospital CCTV,529,Bidar,5454,Basavakalyan,216346.0,Islampur,599770,Lingadhalli,18.23713879810754,77.1780348157193,Government Hospital,200,Active,Kamalanagar PS
CCTV00869_2,Kamalanagar PS - Bus Stand CCTV,529,Bidar,5458,Homnabad,216453.0,Madargaon,600287,Malkapur,18.234464612754373,77.17811524638033,Bus Stand,150,Active,Kamalanagar PS
CCTV00869_3,Kamalanagar PS - School CCTV,529,Bidar,5455,Bhalki,216387.0,Kurubkhelgi,599936,Kurubkhelgi,18.236633705035494,77.17734364195162,School,150,Active,Kamalanagar PS
CCTV00869_4,Kamalanagar PS - Traffic Junction CCTV,529,Bidar,7086,Hulsoor,216355.0,Muchlam,599734,Kadepur,18.237052927546387,77.17721608904428,Traffic Junction,150,Active,Kamalanagar PS
CCTV00870_1,Khataka Chincholi PS - Bus Stand CCTV,529,Bidar,7084,Chitaguppa,216455.0,Mangalgi,600325,Nagankera,17.897517642247948,77.20393152321866,Bus Stand,100,Active,Khataka Chincholi PS
CCTV00870_2,Khataka Chincholi PS - Traffic Junction CCTV,529,Bidar,5455,Bhalki,216376.0,Dawargaon,599937,Dawargaon,17.895345281430735,77.20359306556242,Traffic Junction,200,Active,Khataka Chincholi PS
CCTV00870_3,Khataka Chincholi PS - Bank CCTV,529,Bidar,5457,Bidar,,,600155,Chikpet,17.897046478131298,77.20393421017262,Bank,100,Maintenance,Khataka Chincholi PS
CCTV00870_4,Khataka Chincholi PS - Bus Stand CCTV,529,Bidar,7085,Kamalnagar,216307.0,Digi,600003,Rampur,17.896453083505083,77.20284748280675,Bus Stand,100,Maintenance,Khataka Chincholi PS
CCTV00870_5,Khataka Chincholi PS - Government Office CCTV,529,Bidar,5455,Bhalki,216399.0,Telgaon,599892,Siddapur,17.895918718752938,77.20529896176298,Government Office,150,Maintenance,Khataka Chincholi PS
CCTV00871_1,Kushnoor PS - Market CCTV,529,Bidar,5454,Basavakalyan,216336.0,Bhosga,599801,Siruri,18.154293889866185,77.32738980868675,Market,150,Active,Kushnoor PS
CCTV00871_2,Kushnoor PS - School CCTV,529,Bidar,5454,Basavakalyan,216351.0,Ladwanti,599803,Gadlegaon (K),18.155194828543017,77.32848432900583,School,200,Active,Kushnoor PS
CCTV00871_3,Kushnoor PS - Railway Station CCTV,529,Bidar,5454,Basavakalyan,216339.0,Eklura,599824,Eklora,18.15571274671556,77.32831433810716,Railway Station,100,Maintenance,Kushnoor PS
CCTV00871_4,Kushnoor PS - Market CCTV,529,Bidar,5457,Bidar,216404.0,Aliamber,600138,Gumtapur,18.154200946092814,77.32874151328872,Market,200,Active,Kushnoor PS
CCTV00871_5,Kushnoor PS - Traffic Junction CCTV,529,Bidar,7084,Chitaguppa,216436.0,Belkera,600322,Belkera,18.156455836166526,77.32723918136236,Traffic Junction,100,Active,Kushnoor PS
CCTV00871_6,Kushnoor PS - ATM CCTV,529,Bidar,5457,Bidar,216404.0,Aliamber,600128,Aliamber,18.155913372652847,77.3289181090457,ATM,150,Active,Kushnoor PS
CCTV00872_1,Manna Ekhelli PS - Government Office CCTV,529,Bidar,7086,Hulsoor,216355.0,Muchlam,599735,Gadiraipalli,17.728410317198403,77.36743900880542,Government Office,200,Maintenance,Manna Ekhelli PS
CCTV00872_2,Manna Ekhelli PS - School CCTV,529,Bidar,5454,Basavakalyan,216359.0,Partapur,599751,Neelkanth,17.727190918902654,77.36855768140809,School,150,Active,Manna Ekhelli PS
CCTV00872_3,Manna Ekhelli PS - School CCTV,529,Bidar,5458,Homnabad,216448.0,Hudgi,600297,Hudgi,17.72746734076953,77.36710807035772,School,200,Active,Manna Ekhelli PS
CCTV00872_4,Manna Ekhelli PS - Bank CCTV,529,Bidar,5456,Aurad,216328.0,Sundal,600077,Yengunda,17.72706209584773,77.36813662601406,Bank,100,Active,Manna Ekhelli PS
CCTV00873_1,Mannalli PS - Market CCTV,529,Bidar,7086,Hulsoor,216364.0,Toglur,599737,Toglur,17.760391771267393,77.50613540930377,Market,150,Maintenance,Mannalli PS
CCTV00873_2,Mannalli PS - Bus Stand CCTV,529,Bidar,7085,Kamalnagar,216318.0,Korekal,600023,Bedkunda,17.76139466246855,77.5062115482517,Bus Stand,200,Maintenance,Mannalli PS
CCTV00873_3,Mannalli PS - Government Office CCTV,529,Bidar,5457,Bidar,216428.0,Nagur,600234,Ghodepalli,17.76003170248463,77.50494306449797,Government Office,200,Active,Mannalli PS
CCTV00873_4,Mannalli PS - Bus Stand CCTV,529,Bidar,5457,Bidar,216431.0,Sangolgi,600210,Nelwad,17.760379414811865,77.50352779384566,Bus Stand,150,Active,Mannalli PS
CCTV00873_5,Mannalli PS - Railway Station CCTV,529,Bidar,5456,Aurad,216320.0,Ladha,600043,Ladha,17.760883033305408,77.50614779165772,Railway Station,150,Maintenance,Mannalli PS
CCTV00873_6,Mannalli PS - Bus Stand CCTV,529,Bidar,5456,Aurad,216294.0,Badalgaon,600050,Narayanpur,17.76013005608012,77.5054441724366,Bus Stand,100,Active,Mannalli PS
CCTV00874_1,Market PS - Railway Station CCTV,529,Bidar,5455,Bhalki,216399.0,Telgaon,599892,Siddapur,15.86119077516272,74.51821225751902,Railway Station,100,Active,Market PS
CCTV00874_2,Market PS - Bank CCTV,529,Bidar,5455,Bhalki,216375.0,Dadgi,599922,Kuntesirsi,15.862511730993518,74.52005596921015,Bank,200,Maintenance,Market PS
CCTV00874_3,Market PS - Railway Station CCTV,529,Bidar,5455,Bhalki,216399.0,Telgaon,599892,Siddapur,15.861184884837487,74.51821746611432,Railway Station,100,Active,Market PS
CCTV00874_4,Market PS - School CCTV,529,Bidar,5455,Bhalki,216377.0,Dhanoora,599957,Dhanura,15.86167319986139,74.51948360874813,School,100,Maintenance,Market PS
CCTV00874_5,Market PS - College CCTV,529,Bidar,5456,Aurad,216297.0,Belkuni (Ch),600065,Mahadongaon,15.861328989210145,74.51950993814496,College,100,Maintenance,Market PS
CCTV00875_1,Matala PS - Traffic Junction CCTV,529,Bidar,7086,Hulsoor,216355.0,Muchlam,599735,Gadiraipalli,17.875884294415567,76.96390666195772,Traffic Junction,150,Active,Matala PS
CCTV00875_2,Matala PS - Traffic Junction CCTV,529,Bidar,5455,Bhalki,272858.0,Lanjawada,599869,Lanjwada,17.87447231146919,76.96375747859823,Traffic Junction,200,Maintenance,Matala PS
CCTV00875_3,Matala PS - College CCTV,529,Bidar,5457,Bidar,,,938357,Bage-Kharidi,17.876095659720534,76.96441819195228,College,200,Active,Matala PS
CCTV00876_1,Mehakar PS - ATM CCTV,529,Bidar,5456,Aurad,216294.0,Badalgaon,600050,Narayanpur,18.10091839810858,77.01896568931275,ATM,200,Maintenance,Mehakar PS
CCTV00876_2,Mehakar PS - Government Hospital CCTV,529,Bidar,5457,Bidar,216412.0,Chatnalli,600232,Budhera,18.099837805948578,77.0192157388428,Government Hospital,150,Maintenance,Mehakar PS
CCTV00876_3,Mehakar PS - Government Office CCTV,529,Bidar,7085,Kamalnagar,216327.0,Sonal,600012,Sonala,18.10213881498148,77.01913568702675,Government Office,200,Maintenance,Mehakar PS
CCTV00876_4,Mehakar PS - Traffic Junction CCTV,529,Bidar,5454,Basavakalyan,216335.0,Betgera,599808,Batgera,18.10156502888872,77.01809249016725,Traffic Junction,200,Active,Mehakar PS
CCTV00876_5,Mehakar PS - Traffic Junction CCTV,529,Bidar,5457,Bidar,216427.0,Markunda,600252,Markunda,18.09989244255434,77.0187191418065,Traffic Junction,200,Active,Mehakar PS
CCTV00876_6,Mehakar PS - Market CCTV,529,Bidar,5456,Aurad,216324.0,Nagmarpalli,600072,Nagmarpalli,18.10095313211555,77.01818038843167,Market,100,Maintenance,Mehakar PS
CCTV00877_1,Mudbi PS - School CCTV,529,Bidar,5454,Basavakalyan,216352.0,Mathala,599786,Kamlewadi,17.731660906413687,76.93947914104956,School,200,Active,Mudbi PS
CCTV00877_2,Mudbi PS - Traffic Junction CCTV,529,Bidar,5457,Bidar,216428.0,Nagur,600237,Yakatpur,17.729537887328902,76.93757843743093,Traffic Junction,100,Maintenance,Mudbi PS
CCTV00877_3,Mudbi PS - College CCTV,529,Bidar,5455,Bhalki,216393.0,Morambi,599930,Ucha,17.731308755418304,76.93992333471779,College,100,Active,Mudbi PS
CCTV00878_1,New Town PS - Government Hospital CCTV,529,Bidar,7085,Kamalnagar,216322.0,Mudhol (B),600021,Bembra,17.924317262963086,77.508952157328,Government Hospital,200,Active,New Town PS
CCTV00878_2,New Town PS - School CCTV,529,Bidar,5454,Basavakalyan,216343.0,Gundur,599795,Ilhal,17.92292242363978,77.5106036499764,School,100,Active,New Town PS
CCTV00878_3,New Town PS - College CCTV,529,Bidar,7084,Chitaguppa,216458.0,Mustari,600321,Mustari,17.922314744608215,77.50844294218281,College,150,Active,New Town PS
CCTV00878_4,New Town PS - College CCTV,529,Bidar,5454,Basavakalyan,216343.0,Gundur,599795,Ilhal,17.924559054461632,77.50891658415112,College,100,Active,New Town PS
CCTV00878_5,New Town PS - Government Hospital CCTV,529,Bidar,5455,Bhalki,216391.0,Mehkar,599844,Nardasangam,17.923117152470795,77.50931264653673,Government Hospital,150,Active,New Town PS
CCTV00879_1,Shanthapur PS - School CCTV,529,Bidar,5457,Bidar,216413.0,Chillargi,600150,Basanthpur,18.161617110382952,77.43614079172376,School,150,Active,Shanthapur PS
CCTV00879_2,Shanthapur PS - Market CCTV,529,Bidar,7085,Kamalnagar,216305.0,Dabka,599976,Ganganbeed,18.160740604390536,77.43491191183173,Market,150,Active,Shanthapur PS
CCTV00879_3,Shanthapur PS - ATM CCTV,529,Bidar,5457,Bidar,216420.0,Kaplapur (A),600190,Kapplapur (A),18.16028974129087,77.43527857489028,ATM,150,Active,Shanthapur PS
CCTV00879_4,Shanthapur PS - ATM CCTV,529,Bidar,5454,Basavakalyan,216363.0,Tadola,599763,Handriyal (Kalyan),18.160193422518294,77.43709367666901,ATM,200,Maintenance,Shanthapur PS
CCTV00879_5,Shanthapur PS - Railway Station CCTV,529,Bidar,5456,Aurad,216306.0,Dhupatmagaon,600040,Manganpur,18.160815756865563,77.43502349817707,Railway Station,150,Active,Shanthapur PS
CCTV00879_6,Shanthapur PS - Market CCTV,529,Bidar,5458,Homnabad,216450.0,Kallur,600301,Kallur,18.160549321184853,77.43568203627686,Market,150,Active,Shanthapur PS
CCTV00880_1,Chamarajanagar Traffic PS - ATM CCTV,531,Chamarajanagar,5576,Gundlupet,216718.0,Belachavadi,619525,Balachavady,11.925414545449726,76.93107057228329,ATM,200,Maintenance,Chamarajanagar Traffic PS
CCTV00880_2,Chamarajanagar Traffic PS - Bus Stand CCTV,531,Chamarajanagar,5578,Yelandur,216782.0,Honnuru,619799,Honnur,11.924967264506039,76.93044198119816,Bus Stand,200,Active,Chamarajanagar Traffic PS
CCTV00880_3,Chamarajanagar Traffic PS - ATM CCTV,531,Chamarajanagar,5577,Chamarajanagar,216702.0,Punajanuru,619781,Punajur State Forest,11.925969414193682,76.92976127173252,ATM,100,Maintenance,Chamarajanagar Traffic PS
CCTV00880_4,Chamarajanagar Traffic PS - Market CCTV,531,Chamarajanagar,5577,Chamarajanagar,216670.0,Arakalavadi,619737,Arakalavadi,11.926597900813087,76.9291642873113,Market,100,Active,Chamarajanagar Traffic PS
CCTV00880_5,Chamarajanagar Traffic PS - Bus Stand CCTV,531,Chamarajanagar,5577,Chamarajanagar,216668.0,Alur,924546,Saragoorumolye,11.92596341982848,76.92933907971093,Bus Stand,100,Active,Chamarajanagar Traffic PS
CCTV00880_6,Chamarajanagar Traffic PS - School CCTV,531,Chamarajanagar,5576,Gundlupet,,,619506,Hosur,11.925897706471394,76.93176586756307,School,150,Maintenance,Chamarajanagar Traffic PS
CCTV00881_1,Chelur PS - Railway Station CCTV,630,Chikkaballapura,5598,Bagepalli,218774.0,Mittemari,623893,Mittemari,13.262873865441987,76.54204582106036,Railway Station,200,Active,Chelur PS
CCTV00881_2,Chelur PS - Government Office CCTV,630,Chikkaballapura,5598,Bagepalli,218786.0,Yellampalli,623889,Achepalli,13.263990517485732,76.54265407432126,Government Office,150,Active,Chelur PS
CCTV00881_3,Chelur PS - College CCTV,630,Chikkaballapura,5600,Chintamani,218868.0,Muragamalla,624472,Pottepalli,13.263590409576375,76.54219635887235,College,200,Maintenance,Chelur PS
CCTV00882_1,Nandi Giridhama PS - Bus Stand CCTV,630,Chikkaballapura,5596,Chikkaballapura,218826.0,Angarekhanahalli,623587,Angarekanahalli,13.389228891144885,77.70010229988611,Bus Stand,200,Active,Nandi Giridhama PS
CCTV00882_2,Nandi Giridhama PS - Government Office CCTV,630,Chikkaballapura,5598,Bagepalli,218770.0,Joolapalya,623903,Sridharavaripalli,13.387390662449524,77.69940789830983,Government Office,150,Active,Nandi Giridhama PS
CCTV00882_3,Nandi Giridhama PS - Traffic Junction CCTV,630,Chikkaballapura,5599,Sidlaghatta,219037.0,Palicherlu,624126,Saddahalli,13.38761997131211,77.69867705569189,Traffic Junction,150,Active,Nandi Giridhama PS
CCTV00882_4,Nandi Giridhama PS - ATM CCTV,630,Chikkaballapura,5599,Sidlaghatta,219018.0,Ablodu,624141,Settihalli,13.387990135111567,77.69960409685412,ATM,200,Active,Nandi Giridhama PS
CCTV00883_1,Peresandra PS - Railway Station CCTV,630,Chikkaballapura,7407,Chelur,272728.0,Polinayakanapalli,623909,Achaganapalli,13.58961155235019,77.78389060780566,Railway Station,200,Active,Peresandra PS
CCTV00883_2,Peresandra PS - Railway Station CCTV,630,Chikkaballapura,5599,Sidlaghatta,219043.0,Venkatapura,624272,Byarasandra,13.588648361957407,77.78415419603502,Railway Station,100,Active,Peresandra PS
CCTV00883_3,Peresandra PS - Bank CCTV,630,Chikkaballapura,5596,Chikkaballapura,,,948566,Mudigondavabanadinne,13.588292511240448,77.78421725305397,Bank,200,Maintenance,Peresandra PS
CCTV00883_4,Peresandra PS - College CCTV,630,Chikkaballapura,5597,Gudibanda,218922.0,Varlakonda,623772,Polammanahalli,13.588635592330057,77.78499764211317,College,100,Active,Peresandra PS
CCTV00883_5,Peresandra PS - Government Hospital CCTV,630,Chikkaballapura,5600,Chintamani,218873.0,Raguttahalli,624394,Yesagalahalli,13.58877702335939,77.78563800829177,Government Hospital,200,Active,Peresandra PS
CCTV00883_6,Peresandra PS - ATM CCTV,630,Chikkaballapura,5599,Sidlaghatta,219035.0,Melur,624217,Bandappanahalli,13.587856713266149,77.78457074615471,ATM,100,Active,Peresandra PS
