district_id,ksp_district,lgd_district,police_station_name,address,email,phone,circle,latitude,longitude,geocode_status,geocode_query
524.0,Bagalkot,Bagalkote,Amengad PS,"HUNGUND ROAD, AMINAGAD",aminagadbgk@ksp.gov.in,8351-280133,Hungunda Circle,16.21905,75.707935,MANUAL,NOT_FOUND
524.0,Bagalkot,Bagalkote,Badami PS,NEAR BUS STAND BADAMI,badamibgk@ksp.gov.in,8357-220133,Badami Circle,16.172461,75.725946,MANUAL,NOT_FOUND
524.0,Bagalkot,Bagalkote,Bagalkot CEN Crime PS,BagalkotBagalkot,email@ksp.gov.in,8888-888888,Bagalkot District,16.14746,75.689448,MANUAL,NOT_FOUND
524.0,Bagalkot,Bagalkote,Bagalkot Rural PS,"NEAR LAXMI NAGAR, BAGALKOT",bgkruralbgk@ksp.gov.in,8354-220460,Bagalkot Rural Circle,16.224099,75.687698,MANUAL,NOT_FOUND
524.0,Bagalkot,Bagalkote,Bagalkot Town PS,NEAR LAXMI NAGAR BAGALKOT,bgktownbgk@ksp.gov.in,8354-220333,Bagalkot Town Circle,16.20433,75.714152,MANUAL,NOT_FOUND
524.0,Bagalkot,Bagalkote,Bagalkot Traffic PS,"TAHASHILDAR OFFICE, BAGALKOT",bgktrafficbgk@ksp.gov.in,8354-221333,Bagalkot Town Circle,16.208453,75.695682,MANUAL,NOT_FOUND
524.0,Bagalkot,Bagalkote,Bagalkot Women PS,"NEAR AMBEDKAR BHAVAN , NAVANAGARBAGALKOT DISTRICT",womanpsbgk@ksp.gov.in,8888-888888,Bagalkot Town Circle,16.193128,75.720549,MANUAL,NOT_FOUND
524.0,Bagalkot,Bagalkote,Banahatti PS,"NEAR SRA COLLEGE, BANAHATTI",banahattibgk@ksp.gov.in,8353-230292,Banahatti Circle,16.20789,75.717689,MANUAL,NOT_FOUND
524.0,Bagalkot,Bagalkote,Bilagi PS,NEAR GOVT. HOSPITAL  BILAGI,bilagibgk@ksp.gov.in,8425-275233,Jamakhandi Sub-Division,16.174432,75.675239,MANUAL,NOT_FOUND
524.0,Bagalkot,Bagalkote,Guledagudda PS,"NEAR KOTIKALL, GULEDAGUDD",guledgudbgk@ksp.gov.in,8357-250333,Badami Circle,16.187914,75.680687,MANUAL,NOT_FOUND
524.0,Bagalkot,Bagalkote,Hungunda PS,"OPP. GOVT. HOSPITAL, HUNGUND",hungundpsbgk@ksp.gov.in,8351-260333,Hungunda Circle,16.196765,75.717019,,
524.0,Bagalkot,Bagalkote,Ilakal PS,"OPP. BUS STAND, ILKAL",ilkalbgk@ksp.gov.in,8351-270333,Hungunda Circle,16.214382,75.719147,,
524.0,Bagalkot,Bagalkote,Ilakal Rural PS,Opp. KSRTC Bus standIlakal,email@ksp.gov.in,8888-888888,Hungunda Circle,16.192113,75.662588,,
524.0,Bagalkot,Bagalkote,Jamakhandi Rural PS,"NEAR APMC, JAMAKHANDI",jkruralbgk@ksp.gov.in,8353-220623,Jamakhandi Circle,16.20881,75.691641,,
524.0,Bagalkot,Bagalkote,Jamakhandi Town PS,"KUDACHI ROAD, JAMAKHANDI",jktownbgk@ksp.gov.in,8353-220033,Jamakhandi Circle,16.191113,75.724144,,
524.0,Bagalkot,Bagalkote,Kaladagi PS,"NEAR BUS STAND, KALADAGI",kaladagibgk@ksp.gov.in,8354-240133,Bagalkot Rural Circle,16.222303,75.723154,,
524.0,Bagalkot,Bagalkote,Kerur PS,"HUBLI ROAD, KERUR",kerurbgk@ksp.gov.in,8357-230033,Badami Circle,16.174303,75.693441,,
524.0,Bagalkot,Bagalkote,Lokapur PS,"NEAR BUS STAND, LOKAPUR",lokapurbgk@ksp.gov.in,8350-240033,Mudhol Circle,16.153576,75.69533,,
524.0,Bagalkot,Bagalkote,Mahalingapur PS,"NEAR IB, MAHALINGAPUR",mahalingpurbgk@ksp.gov.in,8350-270033,Mudhol Circle,16.167794,75.660925,,
524.0,Bagalkot,Bagalkote,Mudhol PS,"NEAR SBI BANK, MUDHOL",mudholbgk@ksp.gov.in,8350-280133,Mudhol Circle,16.17617,75.659799,,
524.0,Bagalkot,Bagalkote,Navanagara PS,address,navnagarbgk@ksp.gov.in,8354-235323,Bagalkot Town Circle,16.181458,75.696753,,
524.0,Bagalkot,Bagalkote,Savalgi PS,"INFRONT OF POST OFFICE, SAVALAGI",savalagibgk@ksp.gov.in,8353-250033,Jamakhandi Circle,16.224531,75.717115,,
524.0,Bagalkot,Bagalkote,Teradal PS,"DEVARAJ NAGAR, TERDAL",terdalbgk@ksp.gov.in,8353-255133,Banahatti Circle,16.150332,75.659952,,
532.0,Chikkamagaluru,Chikkamagaluru,Jayapura PS,address,jayapurackm@ksp.gov.in,08265-245245,Koppa Circle,13.277962,75.740459,,
532.0,Chikkamagaluru,Chikkamagaluru,Koppa PS,"KOPPA POLICE STATION, KOPPA TOWN, CHICKMAGALU",koppackm@ksp.gov.in,08265-221027,Koppa Circle,13.333578,75.802816,,
533.0,Chitradurga,Chitradurga,Chitradurga CEN Crime PS,Chitradurga,email@ksp.gov.in,88888-888888,Chitradurga District,14.194674,76.366597,,
533.0,Chitradurga,Chitradurga,Chitradurga Extension PS,NH-4 (OLD HIMABINDU HOTEL) NEAR SAROJABAI KALYANACHITRADURGA,extentioncta@ksp.gov.in,9480803149,Chitradurga Town Circle,14.229543,76.376399,,
533.0,Chitradurga,Chitradurga,Chitrahalli Gate PS,"ChitrahalliHolalkere Tq, Chitradurga District",email@ksp.gov.in,88888-888888,Holalkere Circle,14.259068,76.423029,,
533.0,Chitradurga,Chitradurga,Srirampura PS,"HULIYAR ROAD, SRIRAMPURA - 577542",srirampuracta@ksp.gov.in,08199 - 242633,Hosadurga Circle,14.207699,76.434578,,
534.0,Dakshina Kannada,Dakshina Kannada,Bantwala Traffic PS,BantwalaDK,email@ksp.gov.in,88888-888888,Bantwala Circle,12.920567,74.879031,,
534.0,Dakshina Kannada,Dakshina Kannada,Bellare PS,Bellare VillageSullia Tq,bellaremaq@ksp.gov.in,08257-271995,Sullia Circle,12.944164,74.87803,,
534.0,Dakshina Kannada,Dakshina Kannada,Belthangadi PS,BELTHANGADY,belthangdymaq@karapolice.in,8256232093,Belthangadi Circle,12.882511,74.89269,,
534.0,Dakshina Kannada,Dakshina Kannada,Belthangadi Traffic PS,Laila Village and PostBelthangady Taluk,belthangadytrafficmaq@ksp.gov.in,88888-888888,Belthangadi Circle,12.917951,74.867694,,
534.0,Dakshina Kannada,Dakshina Kannada,Buntwala Rural PS,BANTWALA,bantwalarmaq@karpolice.in,8255235000,Bantwala Circle,12.931592,74.879262,,
534.0,Dakshina Kannada,Dakshina Kannada,Buntwala Town PS,BANTWALA,bantwalatmaq@karpolice.in,8255232111,Bantwala Circle,12.949088,74.83823,,
534.0,Dakshina Kannada,Dakshina Kannada,Dakshina Kannada Women PS,Dakshina Kannada,womenmaq@ksp.gov.in,88888-888888,Puttur Sub-Division,12.924593,74.892652,,
534.0,Dakshina Kannada,Dakshina Kannada,Dharmasthala PS,Dakshina Kannada,email@ksp.gov.in,88888-888888,Belthangadi Circle,12.944816,74.891071,,
534.0,Dakshina Kannada,Dakshina Kannada,DK CEN Crime PS,Dakshina Kannada,email@ksp.gov.in,88888-888888,Dakshina Kannada  District,12.904805,74.870465,,
534.0,Dakshina Kannada,Dakshina Kannada,Kadaba PS,KADABA,kadamaq@karpolice.in,08251 260044,Puttur Rural Circle,12.879333,74.887141,,
534.0,Dakshina Kannada,Dakshina Kannada,Punjalkatte PS,address,pkattemaq@ksp.gov.in,8256279375,Belthangadi Circle,12.934765,74.86365,,
534.0,Dakshina Kannada,Dakshina Kannada,Puttur Rural PS,SAMPYA,putturrmaq@karpolice.in,08251 232102,Puttur Rural Circle,12.912883,74.894988,,
534.0,Dakshina Kannada,Dakshina Kannada,Puttur Town PS,PUTTUR,putturtownmaq@karpolice.in,8251230555,Puttur Sub-Division,12.921046,74.879856,,
534.0,Dakshina Kannada,Dakshina Kannada,Puttur Traffic PS,address,putturtrafficmaq@karpolice.in,8251238500,Puttur Sub-Division,12.889142,74.853759,,
534.0,Dakshina Kannada,Dakshina Kannada,Subramanya PS,SUBRAMANYA,subramanyamaq@karpolice.in,8257281250,Sullia Circle,12.898417,74.852096,,
534.0,Dakshina Kannada,Dakshina Kannada,Sullia PS,SULLIA,sulliamaq@karpolice.in,8257230337,Sullia Circle,12.891358,74.822583,,
534.0,Dakshina Kannada,Dakshina Kannada,Uppinangadi PS,UPPINANGADY,uppinangadymaq@karpolice.in,8251251055,Puttur Rural Circle,12.947944,74.844643,,
534.0,Dakshina Kannada,Dakshina Kannada,Venoor PS,VENUR,veenoormaq@karpolice.in,8256286232,Belthangadi Circle,12.905192,74.869551,,
534.0,Dakshina Kannada,Dakshina Kannada,Vitla PS,VITTLA,vittalmaq@karpolice.in,8255239233,Bantwala Circle,12.930313,74.854982,,
535.0,Davanagere,Davanagere,Azad Nagar PS,"Maganahalli Road, AzadNagara, Davangere-57700",azadnagardvg@ksp.gov.in,08192-272010,Davanagere North Circle,14.483951,75.892081,,
535.0,Davanagere,Davanagere,Basavanagara PS,"Vasantha theatre Road, Near subjail, Old Dava",basavanagardvg@ksp.gov.in,08192-272009,Davanagere City Sub-Division,14.457919,75.933443,,
535.0,Davanagere,Davanagere,Basavapatna PS,"Basavapatna PS, Sagarpete,  Channagiri Taluk,",basavapatnadvg@ksp.gov.in,08180-272463,Channagiri Circle,14.502272,75.951004,,
535.0,Davanagere,Davanagere,Bilichodu PS,"Bilichodu PS, Jagalur road, Bilichodu post,",bilichodudvg@ksp.gov.in,08196-248244,Jagalur Circle,14.48668,75.945087,,
535.0,Davanagere,Davanagere,Channagiri PS,"Behind Busstand, Channagiri, Davangere Dist-5",Channagiridvg@ksp.gov.in,08189-228133,Channagiri Circle,14.487735,75.956509,,
535.0,Davanagere,Davanagere,Davanagere CEN Crime PS,DSBDavanagere,email@ksp.gov.in,88888-888888,Davanagere District,14.465588,75.883298,,
535.0,Davanagere,Davanagere,Davanagere Extention PS,"PJ Extn. , Old court road, Near Govt. High sc",extndvg@ksp.gov.in,08192-272012,Davanagere City Sub-Division,14.488111,75.961369,,
535.0,Davanagere,Davanagere,Davanagere Rural PS,"Nittuvalli Circle, Hadadi road, Davangere-577",ruraldvg@ksp.gov.in,08192-262555,Davanagere Rural Sub-Division,14.448572,75.921507,,
535.0,Davanagere,Davanagere,Davangere Traffic North PS,"Vasantha theatre Road, Near subjail, Old Dava",trafficnorthdvg@ksp.gov.in,08192-234865,Davanagere Traffic Circle,14.452769,75.9478,,
535.0,Davanagere,Davanagere,Gandhi Nagar PS,"Gandhinagara, Davangere-577001",gandhinagardvg@ksp.gov.in,08192-272011,Davanagere North Circle,14.444179,75.931286,,
535.0,Davanagere,Davanagere,Hadadi PS,"Hadadi, Davangere taluk-577252",hadadidvg@ksp.gov.in,08192-218405,Davanagere Rural Circle,14.448659,75.881955,,
535.0,Davanagere,Davanagere,Harihara Rural PS,"Guttur Colony, Harihara Taluk, Davanagere Dis",hariharruraldvg@ksp.gov.in,08192-272017,Harihara Circle,14.434725,75.928478,,
535.0,Davanagere,Davanagere,Harihara Town PS,"Harihara PS, Harihara Taluk , Davanagere Dist",harihartowndvg@ksp.gov.in,08192-272016,Harihara Circle,14.438106,75.936898,,
535.0,Davanagere,Davanagere,Honnali PS,"Shivamogga Road, Honnali, Davangere DIST Pin-",honnalidvg@ksp.gov.in,08188-251100,Honnali Circle,14.489298,75.933199,,
535.0,Davanagere,Davanagere,Jagalur PS,"Jagalur PS, Near Bharath talkies, jaglur talu",jlrdvg@ksp.gov.in,08196-227329,Jagalur Circle,14.441046,75.946801,,
535.0,Davanagere,Davanagere,KTJ Nagar PS,"Nittuvalli Road, Koracharahatti, Davangere-57",ktjnagardvg@ksp.gov.in,08192-259285,Davanagere South Circle,14.466677,75.895229,,
535.0,Davanagere,Davanagere,Malebennur PS,"Malebennur, Harihara Taluk, Davangere Dist-57",malebennurdvg@ksp.gov.in,08192-268758,Harihara Circle,14.46854,75.953206,,
535.0,Davanagere,Davanagere,Mayakonda PS,"Mayakonda PS, Mayakonda post, Davangere Taluk",mayakondadvg@ksp.gov.in,08192-215922,Davanagere Rural Circle,14.43461,75.953064,,
535.0,Davanagere,Davanagere,Nyamathi PS,"Nyamathi post,  Honnali Taluk, Davangere Dist",nymathidvg@ksp.gov.in,08188-265349,Honnali Circle,14.43622,75.942691,,
535.0,Davanagere,Davanagere,RMC Yard PS,"APMC  Market, Davangere-577003",rmcyarddvg@ksp.gov.in,08192-272008,Davanagere North Circle,14.426155,75.912956,,
535.0,Davanagere,Davanagere,Santhebennur PS,"Near Busstand, SantheBennur, Channagiri Taluk",santhebennurdvg@ksp.gov.in,08180-256437,Channagiri Circle,14.426288,75.889725,,
535.0,Davanagere,Davanagere,Vidyanagar PS,"Vidyanagara, Davangere-577005",vidyanagardvg@ksp.gov.in,08192-262688,Davanagere South Circle,14.490029,75.922297,,
536.0,Dharwad,Dharwad,Alnavar PS,"Alanvar Police Station, Opp State Bank, Alanv",alnavardwd@ksp.gov.in,0836-2233216,Dharwad Rural Circle,15.449801,74.991892,,
536.0,Dharwad,Dharwad,Annigeri PS,"Annigeri P.S. Near Bus Stand,  Taluk-Navalgun",annigeridwd@ksp.gov.in,08380-222733,Navalgund Circle,15.480908,74.982839,,
536.0,Dharwad,Dharwad,Dharwad CEN Crime PS,Near Bus StandDharwad Town,email@ksp.gov.in,0836-2444969,Dharwad District,15.493722,74.995699,,
536.0,Dharwad,Dharwad,Dharwad Rural PS,"Dharwad Rural P.S, Behind M.G.Bank, P.B.Road",ruraldwd@ksp.gov.in,0836-2233215,Dharwad Sub-Division,15.460621,74.982825,,
536.0,Dharwad,Dharwad,Dharwad Women PS,"Near Karnataka Vikasa BankChikkamalligad Road, Dharwad",email@ksp.gov.in,88888-888888,Dharwad Sub-Division,15.442769,74.989233,,
536.0,Dharwad,Dharwad,Garag PS,"Garag Police Station, Dharwad District, Dharw",garagdwd@ksp.gov.in,0836-2233217,Dharwad Rural Circle,15.43794,74.983683,,
536.0,Dharwad,Dharwad,Gudageri PS,address,gudageridwd@ksp.gov.in,0830-4262100,Dharwad Rural Circle,15.463575,74.993467,,
536.0,Dharwad,Dharwad,Hubli Rural PS,"Hubli Rural P.S, Mini Vidhan Soudah 1st Floor",hubliruraldwd@ksp.gov.in,0836-2233214,Dharwad Sub-Division,15.496432,75.019426,,
536.0,Dharwad,Dharwad,Kalaghatagi PS,"Kalaghatagi P.S,  Taluk Kalaghtagi, Dharwad D",kalaghtagidwd@ksp.gov.in,08370-284511,Dharwad Sub-Division,15.471037,75.045022,,
536.0,Dharwad,Dharwad,Kundagol PS,"Kundagol P.S. Taluk Kundagol, Dharwad Distric",kundagoldwd@ksp.gov.in,08304-290343,Dharwad Sub-Division,15.435061,75.002163,,
536.0,Dharwad,Dharwad,Navalgund PS,"Navalgund P.S, Taluk-Navalgund ,  Dharwad Dis",navalgunddwd@ksp.gov.in,08380-229233,Navalgund Circle,15.463124,74.991344,,
537.0,Gadag,Gadag,Betageri Extention PS,"RAJEEVGANDHINAGAR, GADAG",betageriextngdg@ksp.gov.in,08372-237019,Betageri Circle,15.39412,75.596445,,
537.0,Gadag,Gadag,Betageri PS,"OLD PHQ, HEALTHCAMP, BETAGERI-GADAG",betagerigdg@ksp.gov.in,08372-246333,Betageri Circle,15.417209,75.610909,,
537.0,Gadag,Gadag,Gadag CEN Crime PS,Gadag townGadag,email@ksp.gov.in,88888-888888,Gadag District,15.467565,75.661958,,
537.0,Gadag,Gadag,Gadag Rural PS,"TAHASHILDAR OFFICE CAMPUS, GADAG",ruralgdggdg@ksp.gov.in,08372-278213,Gadag Rural Circle,15.453191,75.648871,,
537.0,Gadag,Gadag,Gadag Town PS,"OPP OLD BUSSTAND, GADAG",towngdg@ksp.gov.in,08372-238333,Gadag Town Circle,15.394231,75.644157,,
537.0,Gadag,Gadag,Gadag Traffic PS,"SAMBHAPUR ROAD, GADAG",trafficgdg@ksp.gov.in,08372-238425,Betageri Circle,15.414157,75.648499,,
537.0,Gadag,Gadag,Gadag Women PS,GadagGadag Town,email@ksp.gov.in,88888-888888,Gadag Sub-Division,15.395754,75.594134,,
537.0,Gadag,Gadag,Gajendragad PS,"NEAR POLICE QTRS, GAJENDRAGAD",gajendragadgdg@ksp.gov.in,08381-252133,Ron Circle,15.425809,75.669765,,
537.0,Gadag,Gadag,Lakshmeshwar PS,"NEAR POLICE QTRS, LAXMESHWAR",laxmeshwargdg@ksp.gov.in,08487-272333,Shirahatti Circle,15.393623,75.632611,,
537.0,Gadag,Gadag,Mulagund PS,"NEAR SANTE MARLET, MULAGUND",mulagundgdg@ksp.gov.in,08372-280133,Gadag Rural Circle,15.410862,75.609159,,
537.0,Gadag,Gadag,Mundargi PS,"GADAG ROAD, MUNDARAGI",mundaragigdg@ksp.gov.in,08371-262233,Nargund Sub Divison,15.454902,75.626743,,
537.0,Gadag,Gadag,Naregal PS,"GADAG ROAD, NAREGAL",naregalgdg@ksp.gov.in,08381-258233,Ron Circle,15.466073,75.671102,,
537.0,Gadag,Gadag,Nargund PS,"HUBLI-BIJAPUR ROA, NARAGUND",naragundgdg@ksp.gov.in,08377-265288,Nargund Sub Divison,15.421954,75.609022,,
537.0,Gadag,Gadag,Ron PS,"GADAG ROAD, RON",rongdg@ksp.gov.in,08381-267233,Ron Circle,15.394725,75.63398,,
537.0,Gadag,Gadag,Shirahatti PS,"NEAR LOD TAHASHILDAR OFFICE, SHIRAHATTI",shirahattigdg@ksp.gov.in,08487-242233,Shirahatti Circle,15.431473,75.625404,,
539.0,Hassan,Hassan,Alur PS,B. M. ROAD,alurhsn@ksp.gov.in,08170-218231,Sakaleshpura Sub-Division,12.972505,76.080753,,
539.0,Hassan,Hassan,Arakalagud PS,ARKALGUD,arkalgudhsn@ksp.gov.in,08175-220249,Arakalagud  Circle,13.029714,76.082313,,
539.0,Hassan,Hassan,Arasikere Rural PS,B.H. ROAD,arasikereruralhsn@Ksp.gov.in,08174-232237,Arasikere Rural Circle,13.016372,76.136651,,
539.0,Hassan,Hassan,Arasikere Town PS,B.H. ROAD,arasikeretownhsn@ksp.gov.in,08174-232233,Arasikere Sub-Division,13.046296,76.093538,,
539.0,Hassan,Hassan,Arehalli PS,MAIN ROAD,arehallyhsn@ksp.gov.in,08177-221342,Belur Circle,12.990684,76.135217,,
539.0,Hassan,Hassan,Banavara PS,BANAVARA,banavarahsn@ksp.gov.in,08174-235633,Arasikere Rural Circle,13.004851,76.120949,,
539.0,Hassan,Hassan,Belur PS,BELUR,belurhsn@ksp.gov.in,08177-222444,Arasikere Sub-Division,12.982765,76.114209,,
539.0,Hassan,Hassan,Channarayapatna Rural PS,B.M. ROAD,crpatnaruralhsn@ksp.gov.in,08176-254933,Holenarasipura Sub-Division,13.040103,76.134091,,
539.0,Hassan,Hassan,Channarayapatna Town PS,B.M. ROAD,crpatnatownhsn@ksp.gov.in,08176-252333,Holenarasipura Sub-Division,13.012836,76.0972,,
539.0,Hassan,Hassan,Channarayapatna Traffic PS,Channarayapatnahassan,email@ksp.gov.in,88888-888888,Channarayapatna Town PS,12.997795,76.097994,,
539.0,Hassan,Hassan,Dudda PS,DUDDA,duddahsn@ksp.gov.in,08172-223935,Hassan Rural Circle,13.010621,76.119032,,
539.0,Hassan,Hassan,Gandasi PS,GANDASI,gandasihsn@ksp.gov.in,08174-220630,Arasikere Rural Circle,13.042249,76.062823,,
539.0,Hassan,Hassan,Goruru PS,GORUR,gorurhsn@ksp.gov.in,08172-225475,Hassan Rural Circle,13.021781,76.123152,,
539.0,Hassan,Hassan,Halebeedu PS,Temple Road,halebeeduhsn@ksp.gov.in,08177-273201,Belur Circle,12.986065,76.114036,,
539.0,Hassan,Hassan,Hallymysore PS,Hallymysore HobliHolenarasipura Tq.,hallymysore@ksp.gov.in,88888-888888,Holenarasipura Circle,13.028749,76.10159,,
539.0,Hassan,Hassan,Hassan CEN Crime PS,Hassan TownHassan,dcbhsn@ksp.gov.in,88888-888888,Hassan District,13.035627,76.067207,,
539.0,Hassan,Hassan,Hassan City PS,N R CIRCLE,townhsn@ksp.gov.in,08172-268333,Hassan Sub-Division,13.027683,76.095832,,
539.0,Hassan,Hassan,Hassan Extn. PS,K.R. PURAM,extensionhsn@ksp.gov.in,08172-268967,Hassan Sub-Division,13.022436,76.129457,,
539.0,Hassan,Hassan,Hassan Rural PS,N R CIRCLE,ruralhsn@ksp.gov.in,08172-268630,Hassan Sub-Division,12.97654,76.110083,,
539.0,Hassan,Hassan,Hassan Traffic PS,HOSALINE ROAD,traffichsn@ksp.gov.in,08172-272846,Hassan City Circle,12.995,76.064267,,
539.0,Hassan,Hassan,Hassan Women PS,,email@ksp.gov.in,88888-888888,Hassan Sub-Division,13.013468,76.098276,,
539.0,Hassan,Hassan,Hirisave PS,B.M. ROAD,hirisavehsn@ksp.gov.in,08176-226888,Channarayapatna Circle,13.025235,76.139267,,
539.0,Hassan,Hassan,Holenarasipura Rural PS,MYSORE ROAD,hnpuraruralhsn@Ksp.gov.in,08175-273308,Holenarasipura Circle,13.035762,76.072736,,
539.0,Hassan,Hassan,Holenarasipura Town PS,Park Road,hnpuratownhsn@ksp.gov.in,08175-273333,Holenarasipura Circle,13.007355,76.088615,,
539.0,Hassan,Hassan,Javagal PS,address,javgalhsn@ksp.gov.in,08174-271221,Arasikere Rural Circle,12.996741,76.098587,,
539.0,Hassan,Hassan,Konanur PS,Konanur,konanurhsn@ksp.gov.in,08175-226227,Arakalagud  Circle,13.012586,76.117472,,
539.0,Hassan,Hassan,Nuggehalli PS,Nuggehally,nuggehallyhsn@Ksp.gov.in,08176-233033,Channarayapatna Circle,13.040972,76.122272,,
539.0,Hassan,Hassan,Pension Mohalla PS,HOSALINE ROAD,pmohallahsn@ksp.gov.in,08172-272260,Hassan City Circle,12.983753,76.126845,,
539.0,Hassan,Hassan,Sakaleshpura Rural PS,B.M. ROAD,sakaleshapuraruralhs@ksp.gov.in,08173-245183,Sakaleshpura Circle,13.005107,76.10521,,
539.0,Hassan,Hassan,Sakaleshpura Town PS,B.M. ROAD,sakaleshapuratownhsn@ksp.gov.in,08173-244100,Sakaleshpura Circle,13.035626,76.067463,,
539.0,Hassan,Hassan,Shanthigrama PS,address,email@ksp.gov.in pensionmohallahsn@ksp.gov.in,08172-258038,Hassan Rural Circle,13.035103,76.124295,,
539.0,Hassan,Hassan,Shravanabelagola PS,Shravanabelagola,shravanabelagolahsn@ksp.gov.in,08176-257229,Channarayapatna Circle,13.035647,76.070185,,
539.0,Hassan,Hassan,Yesalur PS,Yeslur,yeslurhsn@ksp.gov.in,08173-278212,Sakaleshpura Circle,12.988354,76.12359,,
540.0,Haveri,Haveri,Adur PS,"PSI, Adur PS, Haveri Road",adurhvr@ksp.gov.in,08379-265233,Hanagal Circle,14.784022,75.391449,,
540.0,Haveri,Haveri,Bankapura PS,address,bankapurahvr@ksp.gov.in,08378-254233,Shiggaon Circle,14.764702,75.393228,,
540.0,Haveri,Haveri,Byadagi PS,"PSI, Byadagi Police Station",byadgihvr@ksp.gov.in,08375-228333,Byadagi Circle,14.772128,75.401166,,
540.0,Haveri,Haveri,Guttal PS,PSI Guttal Police Station,guttalhvr@ksp.gov.in,08375-224223,Haveri Circle,14.777121,75.374265,,
540.0,Haveri,Haveri,Halageri PS,"PSI, Halageri PS, Hirekerur Road",halagerihvr@ksp.gov.in,08373-252333,Ranebennur Rural Circle,14.808403,75.417283,,
540.0,Haveri,Haveri,Hanagal PS,"PSI, Hanagal Police Station, Darga Road",hanagalhvr@ksp.gov.in,08379-262333,Hanagal Circle,14.824487,75.414117,,
540.0,Haveri,Haveri,Hansabhavi PS,"PSI, Hansabhavi PS, Haveri Road",hansabhavihvr@ksp.gov.in,08376-289033,Hirekerur Circle,14.790787,75.39186,,
540.0,Haveri,Haveri,Haveri CEN Crime PS,Haveri Town,email@ksp.gov.in,88888-888888,Haveri District,14.780745,75.377749,,
540.0,Haveri,Haveri,Haveri Rural PS,"PSI Haveri Rural PS, Hanagal Road",haveriruralhvr@ksp.gov.in,08375-233333,Haveri Circle,14.759042,75.394361,,
540.0,Haveri,Haveri,Haveri Town PS,"PI, Haveri Town PS",haveritownhvr@ksp.gov.in,08375-232333,Haveri Sub-Division,14.767306,75.39905,,
540.0,Haveri,Haveri,Haveri Traffic PS,"PI, Haveri Traffic PSNear Police Samudaya Bhavan, Rajendra Nagar, Haver",haveritraffichvr@ksp.gov.in,88888-888888,Haveri Sub-Division,14.778517,75.405123,,
540.0,Haveri,Haveri,Haveri Women PS,Hanagal RoadHaveri,email@ksp.gov.in,8375232333,Haveri Sub-Division,14.80303,75.421272,,
540.0,Haveri,Haveri,Hirekerur PS,"PSI, Hirekerur PS, Near Bus Stand",hirekerurhvr@ksp.gov.in,08373-282333,Hirekerur Circle,14.802403,75.40259,,
540.0,Haveri,Haveri,Kaginele PS,"PSI, Kaginele Police Station",kaginelehvr@ksp.gov.in,08375-289233,Byadagi Circle,14.78459,75.440616,,
540.0,Haveri,Haveri,Kumarapattanam PS,"PSI, Kumarapattanam PS, P.B Road",kpattanamhvr@ksp.gov.in,08373-242208,Ranebennur Rural Circle,14.794742,75.40099,,
540.0,Haveri,Haveri,Ranebennur Rural PS,"PSI, Ranebennur Rural PS, PB Road",rbruralhvr@ksp.gov.in,08373-266433,Ranebennur Sub-Division,14.816123,75.365094,,
540.0,Haveri,Haveri,Ranebennur Town PS,"PSI, Ranebennur Town PS, Ashok Circle",rbtownhvr@ksp.gov.in,08373-266333,Ranebennur Town Circle,14.78662,75.420827,,
540.0,Haveri,Haveri,Ranebennur Traffic PS,"PSI, Ranebennur Traffic PS, Near Taluk Office",rbtraffichvr@ksp.gov.in,08373-268333,Ranebennur Town Circle,14.811125,75.419945,,
540.0,Haveri,Haveri,Rattihalli PS,"PSI, Rattihalli PS, Chikkayadachi Road",rattihallihvr@ksp.gov.in,08376-286233,Hirekerur Circle,14.799909,75.375348,,
540.0,Haveri,Haveri,Savanoor PS,"PI, Savanur Police Station",savanurhvr@ksp.gov.in,08378-241633,Shiggaon Sub-Division,14.804687,75.389703,,
540.0,Haveri,Haveri,Shiggaon PS,"PSI, Shiggaon PS, Near Govt. Hospital",shiggaonhvr@ksp.gov.in,08378-255233,Shiggaon Circle,14.759189,75.400752,,
540.0,Haveri,Haveri,Tadas PS,"PSI, Tadas PS, Hubli Road",tadashvr@ksp.gov.in,08378-257433,Shiggaon Circle,14.790558,75.408615,,
528.0,Ballari,Ballari,APMC Yard PS,address,apmcblr@ksp.gov.in,0832-250033,Bellary City Sub-Division,15.139915,76.946044,,
528.0,Ballari,Ballari,Ballari CEN Crime PS,Ballari Town,email@ksp.gov.in,8888-888888,Ballari District,15.176801,76.881897,,
528.0,Ballari,Ballari,Ballari Women PS,BallariBallari,womenpsblr@ksp.gov.in,8392274100,Bellary City Sub-Division,15.154413,76.914517,,
528.0,Ballari,Ballari,Bellary Rural PS,Bellary,bellaryruralblr@ksp.gov.in,08392-276461,Bellary Rural Circle,15.157629,76.886061,,
528.0,Ballari,Ballari,Bellary Traffic PS,Bellary,bellarytrafficblr@ksp.gov.in,08392-275722,Bellary City Sub-Division,15.118837,76.950718,,
528.0,Ballari,Ballari,Brucepet PS,bellary,brucepetblr@ksp.gov.in,08392-276793,Bellary City Sub-Division,15.138428,76.916824,,
528.0,Ballari,Ballari,Cowlbazar PS,Bellary,cowlbazarblr@ksp.gov.in,08392-240110,Bellary City Sub-Division,15.161076,76.917049,,
528.0,Ballari,Ballari,Gadiganur PS,gadiganur,gadiganurblr@ksp.gov.in,08394-248033,Sandur Circle,15.177564,76.945142,,
528.0,Ballari,Ballari,Gandhinagar PS,Bellary,gandhinagarblr@ksp.gov.in,08392-272192,Bellary City Sub-Division,15.128902,76.908267,,
528.0,Ballari,Ballari,Hatcholli PS,Hatcholli,hatcholliblr@ksp.gov.in,08396-241613,Siruguppa Circle,15.107415,76.902525,,
528.0,Ballari,Ballari,Kampli PS,kampli,kampliblr@ksp.gov.in,08394-250333,Kampli Circle,15.169516,76.958352,,
528.0,Ballari,Ballari,Kuduthini PS,address,kuduthiniblr@ksp.gov.in,08392-248100,Kurugod Circle,15.153767,76.946487,,
528.0,Ballari,Ballari,Kurugod PS,Kurugodu,kurugodublr@ksp.gov.in,08393-263433,Kurugod Circle,15.176714,76.957934,,
528.0,Ballari,Ballari,Moka PS,moka,mokablr@ksp.gov.in,08392-293228,Bellary Rural Circle,15.169743,76.884978,,
528.0,Ballari,Ballari,P.D. Halli PS,PD halli,pdhalliblr@ksp.gov.in,08392-265010,Bellary Rural Circle,15.164005,76.924489,,
528.0,Ballari,Ballari,Sandur PS,Sandur,sandurblr@ksp.gov.in,08395-260249,Sandur Circle,15.115409,76.928396,,
528.0,Ballari,Ballari,Sirigeri PS,Sirigere,sirigereblr@ksp.gov.in,08396-244426,Tekkalkota Circle,15.141175,76.915596,,
528.0,Ballari,Ballari,Siruguppa PS,Siruguppa,siruguppablr@ksp.gov.in,08396-220333,Siruguppa Circle,15.114648,76.90378,,
528.0,Ballari,Ballari,Tekkalkota PS,tekkalakota,tekkalakotablr@ksp.gov.in,08396-248013,Tekkalkota Circle,15.118628,76.905423,,
528.0,Ballari,Ballari,Thoranagal PS,Toranagal,toranagalblr@ksp.gov.in,08395-250100,Sandur Circle,15.142964,76.884965,,
536.0,Hubballi Dharwad City,Dharwad,APMC Navanagar,"Bashweshawar Circle,",apmcnavanagarhdc@ksp.gov.in,0836-2233492,Hubli North Sub-Division,15.435857,74.975287,,
536.0,Hubballi Dharwad City,Dharwad,Ashoknagar PS,address,ashoknagarhdc@ksp.gov.in,0836-2233490,Hubli North Sub-Division,15.459617,74.990018,,
536.0,Hubballi Dharwad City,Dharwad,Bendigeri PS,Opposite Neharu College,bendigerihdc@ksp.gov.in,0836-2233526,Hubli South Sub-Division,15.479704,75.002431,,
536.0,Hubballi Dharwad City,Dharwad,Dharwad Sub-Urban PS,"Opposite Mental Hospital,",dwdsbanhdc@ksp.gov.in,0836-2233511,Dharwad Sub-Division,15.444775,74.973884,,
536.0,Hubballi Dharwad City,Dharwad,Dharwad Town PS,Behind Old bus Stand,dwdtownhdc@ksp.gov.in,0836-2233512,Dharwad Sub-Division,15.453938,75.038327,,
536.0,Hubballi Dharwad City,Dharwad,Dharwad Traffic PS,Tahasildhar Office Compound,dwdtraffichdc@ksp.gov.in,0836-2233542,Traffic Sub-Division,15.483248,74.975494,,
536.0,Hubballi Dharwad City,Dharwad,E and N Crime PS HD city,"2ST FLOOR, HUBLI SUB-URBAN PS BUILDINGNEAR KC CIRCLE, HUBBALLI",ccbdwdhdc@ksp.gov.in,0836-2233567,Hubballi Dharwad City,15.453777,75.002363,,
536.0,Hubballi Dharwad City,Dharwad,Ghantikeri PS,Javali Sal,ghantikerihdc@ksp.gov.in,0836-2233527,Hubli South Sub-Division,15.43137,75.001111,,
536.0,Hubballi Dharwad City,Dharwad,Gokul Road PS,Opposite New Bus Stand,gokulroadhdc@ksp.gov.in,0836-2233525,Hubli North Sub-Division,15.453967,75.045058,,
536.0,Hubballi Dharwad City,Dharwad,Hubli East Traffic PS,address,easttraffichdc@ksp.gov.in,0836-2233543,Traffic Sub-Division,15.443448,75.012814,,
536.0,Hubballi Dharwad City,Dharwad,Hubli North Traffic PS,Cotton Market,northtraffichdc@ksp.gov.in,0836-2233515,Traffic Sub-Division,15.486563,75.046391,,
536.0,Hubballi Dharwad City,Dharwad,Hubli South Traffic PS,Bammapur Oni,southtraffichdc@ksp.gov.in,0836-2233538,Traffic Sub-Division,15.497047,75.01112,,
536.0,Hubballi Dharwad City,Dharwad,Hubli Sub-Urban PS,"Near Mini Vidhan Soudha, Brundavan circle",suburbahdc@ksp.gov.in,0836-2233517,Hubli North Sub-Division,15.482929,75.003889,,
536.0,Hubballi Dharwad City,Dharwad,Hubli Town PS,Near Broadway,townhdc@ksp.gov.in,0836-2233540,Hubli South Sub-Division,15.480303,75.003449,,
536.0,Hubballi Dharwad City,Dharwad,Kamaripeth PS,P B Road,kamaripethhdc@ksp.gov.in,0836-2233519,Hubli North Sub-Division,15.439546,75.034835,,
536.0,Hubballi Dharwad City,Dharwad,Kasabapeth PS,"Kasabapeth Main Road,",kasabapethhdc@ksp.gov.in,0836-2233536,Hubli South Sub-Division,15.494664,75.00332,,
536.0,Hubballi Dharwad City,Dharwad,Keshavapur PS,"Naveen Park, Kusagul Road,",keshwapurhdc@ksp.gov.in,0836-2233518,Hubli North Sub-Division,15.494774,74.971765,,
536.0,Hubballi Dharwad City,Dharwad,Old Hubli PS,"Near Indipump Circle,",oldhublihdc@ksp.gov.in,0836-2233541,Hubli South Sub-Division,15.480034,75.017591,,
536.0,Hubballi Dharwad City,Dharwad,Vidyagiri PS,Saraswatpur,vidyagirihdc@ksp.gov.in,0836-2233513,Dharwad Sub-Division,15.420692,74.998607,,
536.0,Hubballi Dharwad City,Dharwad,Vidyanagar PS,"Opposite Probas Garden, Doddamani Building,",vidyanagarhdc@ksp.gov.in,0836-2233516,Hubli North Sub-Division,15.442409,74.972887,,
542.0,K.G.F,Kolar,Andersonpet PS,"NEAR ST MARYS HIGHER PRIMARY SCHOOL, ANDERSON",andersonpetkgf@ksp.gov.in,08153-274282,Robertsonpet Circle,13.161207,78.124827,,
542.0,K.G.F,Kolar,Bangarpet PS,"NEAR TALUK OFFICE, BANGARPET",bangarpetkgf@ksp.gov.in,08153-255228,Bangarpet  Circle,13.117302,78.114995,,
542.0,K.G.F,Kolar,BEML Nagar PS,"NEAR BEML NAGAR SPORT COMPLEX, BEML NAGAR, KGKGF District",bemlnagarkgf@ksp.gov.in,08153-263179,Oorgaum Circle,13.14691,78.144255,,
542.0,K.G.F,Kolar,Bethamangala PS,NEAR BETHAMANGALA BUS STAND,bethamnagalakgf@ksp.gov.in,08153-277623,Bangarpet  Circle,13.147248,78.117257,,
542.0,K.G.F,Kolar,Budikote Police Station,Budikote,budikotekgf@ksp.gov.in,9480802746,Budikote,13.16348,78.094958,,
542.0,K.G.F,Kolar,Champion Reefs PS,"NEAR SUPERINTENDENT OF POLICE OFFICE, KGF.",championreefskgf@ksp.gov.in,08153-274289,Champion Reefs  Circle,13.161985,78.157786,,
542.0,K.G.F,Kolar,Kamasamudram PS,NEAR KAMASAMUDRAM BUS STAND,kamasamudramkgf@ksp.gov.in,08153-259028,Bangarpet  Circle,13.108874,78.15757,,
542.0,K.G.F,Kolar,KGF CEN Crime PS,DCBKGF District,email@ksp.gov.in,88888-888888,K.G.F District,13.163363,78.14768,,
542.0,K.G.F,Kolar,Kyasamballi Police Station,Kyasamballi,kysamballikgf@ksp.gov.in,9480802745,Kyasamballi,13.112954,78.111905,,
542.0,K.G.F,Kolar,Marikuppam PS,"NEAR HONCOCKs SHAFT, KGF",marikuppamkgf@ksp.gov.in,08153-274296,Champion Reefs  Circle,13.124681,78.157621,,
542.0,K.G.F,Kolar,Oorgaum PS,"NEAR OORGAUM RAILWAY STATION, OORGAUM KGF",oorgaumkgf@ksp.gov.in,08153-260283,Oorgaum Circle,13.167425,78.09361,,
542.0,K.G.F,Kolar,Robertsonpet PS,"NEAR MUNICIPALITY BUS STAND, ROBERTSONPET, KG",robertsonpetkgf@ksp.gov.in,08153-260224,Robertsonpet Circle,13.119708,78.158489,,
538.0,Kalaburagi,Kalaburagi,Afzalpur PS,Near Bus Stand Afzalpur Tq : Afzalpur,afzalpurgba@ksp.gov.in,08477-283038,Afzalpur Circle,17.290883,76.851501,,
538.0,Kalaburagi,Kalaburagi,Alland PS,Aland Tq : Aland,alandgba@ksp.gov.in,08477-202222,Alland Circle,17.33129,76.827433,,
538.0,Kalaburagi,Kalaburagi,Chincholi PS,Near Bus Stand Chincholi Tq : Chincholi,chincholigba@ksp.gov.in,08475-273033,Chincholi Circle,17.325787,76.846695,,
538.0,Kalaburagi,Kalaburagi,Chittapura PS,Chittapur Tq :chittapur,chittapurgba@ksp.gov.in,08474-236123,Chittapura  Circle,17.364613,76.862009,,
538.0,Kalaburagi,Kalaburagi,Devalagangapur PS,Devalagangapur Tq: Afzalpur,dgpurgba@ksp.gov.in,08477-274360,Afzalpur Circle,17.310406,76.84381,,
538.0,Kalaburagi,Kalaburagi,Jewargi PS,opp. Bus stand Main Road Jewargi,jewargigba@ksp.gov.in,08442-236033,Jewargi  Circle,17.368848,76.813767,,
538.0,Kalaburagi,Kalaburagi,Kalaburagi CEN Crime PS,Kalaburgi Town,email@ksp.gov.in,88888-888888,Kalaburagi District,17.360498,76.85711,,
538.0,Kalaburagi,Kalaburagi,Kalagi PS,PWD Quarters Kalagi Tq: chittapur,kalagigba@ksp.gov.in,08474-227633,Kalagi  Circle,17.361805,76.812043,,
538.0,Kalaburagi,Kalaburagi,Kamalapur PS,Kamalapur Tq: Gulbarga,kamalapurgba@ksp.gov.in,08472-221306,Gulbarga Rural Circle,17.360842,76.821562,,
538.0,Kalaburagi,Kalaburagi,Kunchavaram PS,Kunchawaram Tq : chincholi,kunchawaramgba@ksp.gov.in,08475-204001,Chincholi Circle,17.316459,76.83625,,
538.0,Kalaburagi,Kalaburagi,Kurakunta PS,CCI cement Factory Quarters area Kurkunta Tq:,kurkuntagba@ksp.gov.in,08441-228543,Sedam Circle,17.349267,76.803268,,
538.0,Kalaburagi,Kalaburagi,Madanahipparga PS,Madanhipparga Tq: Aland,madanhippargagba@ksp.gov.in,08440-216266,Alland Circle,17.33184,76.800998,,
538.0,Kalaburagi,Kalaburagi,Madbool PS,Madbool Tq: Chittapur,madboolgba@ksp.gov.in,08474-290166,Kalagi  Circle,17.349199,76.818248,,
538.0,Kalaburagi,Kalaburagi,Mahagoan PS,Mahagoan Tq: Gulbarga,mahagaongba@ksp.gov.in,08478-220475,Gulbarga Rural Circle,17.363014,76.843441,,
538.0,Kalaburagi,Kalaburagi,Malkhed PS,Near Bas stand Malkhed Tq : sedam,malkhedgba@ksp.gov.in,08441-280366,Sedam Circle,17.365569,76.848917,,
538.0,Kalaburagi,Kalaburagi,Miryan PS,Miriyan Tq ; Chincholi,miriyangba@ksp.gov.in,08475-295444,Chincholi Circle,17.332542,76.840668,,
538.0,Kalaburagi,Kalaburagi,Mudhol PS,Mudhol Tq: Sedam,mudholgba@ksp.gov.in,08441-220811,Chincholi Sub-Division,17.355178,76.831305,,
538.0,Kalaburagi,Kalaburagi,Narona PS,Narona Tq:aland,naronagba@ksp.gov.in,08477-228233,Alland Circle,17.351238,76.860774,,
538.0,Kalaburagi,Kalaburagi,Nelogi PS,Nelogi Tq: Jewargi,nelogigba@ksp.gov.in,08442-225033,Jewargi  Circle,17.306254,76.850132,,
538.0,Kalaburagi,Kalaburagi,Nimbarga PS,Nimbarga Tq: Aland,nimbargagba@ksp.gov.in,08440-286733,Alland Circle,17.324313,76.857664,,
538.0,Kalaburagi,Kalaburagi,Ratkal PS,Ratkal Tq : Chincholi,ratkalgba@ksp.gov.in,08475-297833,Sulepet  Circle,17.321953,76.849482,,
538.0,Kalaburagi,Kalaburagi,Revoor PS,Revoor Tq: Afzalpur,revoorgba@ksp.gov.in,08477-269436,Afzalpur Circle,17.315692,76.860438,,
538.0,Kalaburagi,Kalaburagi,Sedam PS,Sedam Tq: Sedam,sedamgba@ksp.gov.in,08441-276166,Sedam Circle,17.33186,76.84971,,
538.0,Kalaburagi,Kalaburagi,Shahabad Town PS,Shahabad Tq: Chittapur,shahabadtowngba@ksp.gov.in,08474-204444,Shahabad Sub-Division,17.306949,76.819211,,
538.0,Kalaburagi,Kalaburagi,Sulepet PS,Sulepet Tq:  chincholi,sulepethgba@ksp.gov.in,08475-295024,Sulepet  Circle,17.366694,76.812445,,
538.0,Kalaburagi,Kalaburagi,Wadi PS,Near ACC Cement Factory Wadi Tq : Chittapur,wadigba@ksp.gov.in,08474-202300,Chittapura  Circle,17.366659,76.860366,,
538.0,Kalaburagi,Kalaburagi,Yedrami PS,Yedrami Tq: Jewargi,yedramigba@ksp.gov.in,08442-226033,Jewargi  Circle,17.290004,76.869088,,
538.0,Kalaburagi City,Kalaburagi,Ashoknagar PS,"Behind Central Bus stand GDA Lay Out, Gulbarg",ashoknagargba@ksp.gov.in,08472-263617,Kalaburagi A Sub Division,17.361395,76.808804,,
538.0,Kalaburagi City,Kalaburagi,Brahmapur PS,"Super Market Gulbarga, Near Tashil Office, Gu",brahmapurgba@ksp.gov.in,08472-263618,Kalaburagi A Sub Division,17.363185,76.825475,,
538.0,Kalaburagi City,Kalaburagi,Chowk PS,"Super Market , Opp Tashil Office, Gulbarga",chowkgba@ksp.gov.ion,08472-263622,Kalaburagi B Sub Division,17.330702,76.843168,,
538.0,Kalaburagi City,Kalaburagi,Ferhatabad PS,Farthabad Gulbarga,farthabadgba@ksp.gov.in,08472-213033,Kalaburagi C Sub Division,17.295679,76.807731,,
538.0,Kalaburagi City,Kalaburagi,MB Nagar PS,opp. Asha Jothi College GDA Lay Out Gulbarga,mbnagargba@ksp.gov.in,08472-263628,Kalaburagi B Sub Division,17.346811,76.802152,,
538.0,Kalaburagi City,Kalaburagi,Ragavendranagar PS,New Raghavendra Colony Gulbarga,rgnagargba@ksp.gov.in,08472-263619,Kalaburagi A Sub Division,17.360827,76.797169,,
538.0,Kalaburagi City,Kalaburagi,Roza PS,Near Khaja Bane Nawaz Durga Roza area Gulbarg,rozagba@ksp.gov.in,08472-263623,Kalaburagi B Sub Division,17.328557,76.871037,,
538.0,Kalaburagi City,Kalaburagi,Station Bazar PS,"I-Wan Shahi PWD Quarters, Near Mini Vidhana S",stationbazargba@ksp.gov.in,08472-263616,Kalaburagi A Sub Division,17.355842,76.810891,,
538.0,Kalaburagi City,Kalaburagi,University PS,University Campus Gulbarga,universitygba@ksp.gov.in,08472-263629,Kalaburagi C Sub Division,17.35623,76.843993,,
541.0,Kodagu,Kodagu,Bhagamandala PS,"Karike Road, Bhagamandala,",bhagamandalamcr@ksp.gov.in,08272-243270,Madikeri Rural Circle,12.3438,75.777919,,
541.0,Kodagu,Kodagu,Gonikoppa PS,"Juice Factory Road, Gonikoppa Town & Post,",gonicoppamcr@ksp.gov.in,08274-247333,Gonikoppa Circle,12.300576,75.831079,,
541.0,Kodagu,Kodagu,Kodagu CEN Crime PS,Madikere Town,email@ksp.gov.in,88888-888888,KODAGU(Madikeri) District,12.30635,75.789224,,
541.0,Kodagu,Kodagu,Kodagu Women PS,"Opp: Fort, Main Road,Near Madikeri Town PS, Madikeri",email@ksp.gov.in,88888-888888,Madikeri Sub-Division,12.30491,75.83399,,
541.0,Kodagu,Kodagu,Kushalanagar Rural PS,Kushal nagarKodagu,email@ksp.gov.in,88888-888888,Kushalnagar Circle,12.365645,75.787391,,
541.0,Kodagu,Kodagu,Kushalnagar PS,"Near Hospital, Kudige Road,",kushalnagarmcr@ksp.gov.in,08276-274333,Kushalnagar Circle,12.320486,75.830248,,
541.0,Kodagu,Kodagu,Kushalnagar Traffic PS,"Kudlur Industrial Area, Kudlur Road,Kushalnagar hobli, Sowmarpet Tq, Kodagu",email@ksp.gov.in,88888-888888,Kushalnagar Circle,12.365805,75.825801,,
541.0,Kodagu,Kodagu,Kutta PS,"Kutta Town, Kutta Post,",kuttamcr@ksp.gov.in,08274-244100,Kutta Circle,12.373145,75.769389,,
541.0,Kodagu,Kodagu,Madikeri Rural PS,"College Road,",madikeriruralmcr@ksp.gov.in,08272-228777,Madikeri Rural Circle,12.305627,75.836779,,
541.0,Kodagu,Kodagu,Madikeri Town PS,"Opp: Fort, Main Road,",madikeritownmcr@ksp.gov.in,08272-229333,Madikeri Town Circle,12.334587,75.830345,,
541.0,Kodagu,Kodagu,Madikeri Traffic PS,"Opp: Fort, Main Road,",trafficmcr@ksp.gov.in,08272-220081,Madikeri Town Circle,12.299095,75.830627,,
541.0,Kodagu,Kodagu,Napoklu PS,"Near market, Napoklu Town",napoklumcr@ksp.gov.in,08272-237240,Madikeri Rural Circle,12.301496,75.846246,,
541.0,Kodagu,Kodagu,Ponnampet PS,"Gonikoppa Road, Ponnampet Town & Post,",ponnampetmcr@ksp.gov.in,08274-249044,Gonikoppa Circle,12.33782,75.836407,,
541.0,Kodagu,Kodagu,Shanivarasanthe PS,"Shanivarasanthe Town, Shanivarasanthe,",shanivarasanthemcr@ksp.gov.in,08276-283333,Somwarpet Circle,12.349319,75.838738,,
541.0,Kodagu,Kodagu,Siddapura PS,"Near Bus Stand, Siddapura,",siddapuramcr@ksp.gov.in,08274-258333,Madikeri Town Circle,12.326835,75.782124,,
541.0,Kodagu,Kodagu,Somwarpet PS,"Near Private Bus Stand, Somawarpet Town,",somawarpetmcr@ksp.gov.in,08276-282040,Somwarpet Circle,12.348196,75.841315,,
541.0,Kodagu,Kodagu,Srimangala PS,"Srimangala Town, Srimangala Post,",srimangalamcr@ksp.gov.in,08274-246246,Kutta Circle,12.303312,75.819371,,
541.0,Kodagu,Kodagu,Sunticoppa PS,"Madapura Road, Suntikoppa Town",sunticoppamcr@ksp.gov.in,08276-262333,Kushalnagar Circle,12.348365,75.836149,,
541.0,Kodagu,Kodagu,Virajpet Rural PS,"Meenupet, Viajpet Town",virajpetruralmcr@ksp.gov.in,08274-257462,Virajpet Circle,12.337646,75.812759,,
541.0,Kodagu,Kodagu,Virajpet Town PS,"Meenupet, Viajpet Town",virajpettownmcr@ksp.gov.in,08274-257333,Virajpet Circle,12.315438,75.838004,,
542.0,Kolar,Kolar,Gownapalli PS,"Gownipalli Police Station, Gownipalli, Sriniv",gownipalliklr@ksp.gov.in,08157-248106,Srinivasapura Circle,13.117055,78.111195,,
542.0,Kolar,Kolar,Gulpet PS,"Gulpet Police Station, Chickaballapura Road,",gulpetklr@ksp.gov.in,08152-240596,Kolar Town Circle,13.153364,78.135372,,
542.0,Kolar,Kolar,Kolar CEN Crime PS,,email@ksp.gov.in,88888-888888,Kolar District,13.13781,78.146482,,
542.0,Kolar,Kolar,Kolar Rural PS,"Kolar Rural Police Station, Near AC Office, K",ruralklr@ksp.gov.in,08152-222616,Kolar Rural Circle,13.157727,78.114666,,
542.0,Kolar,Kolar,Kolar Town PS,"Kolar Town Police station, Near Gandhi chowk,",townklr@ksp.gov.in,08152-222024,Kolar Town Circle,13.098971,78.132272,,
542.0,Kolar,Kolar,Kolar Traffic PS,"Kolar Traffic Police Station, Behind Indian O",trafficklr@ksp.gov.in,08152-222025,Kolar Town Circle,13.171068,78.115666,,
542.0,Kolar,Kolar,Kolar Women PS,Near MG CircleKolar,email@ksp.gov.in,9480802630,Kolar Town Circle,13.113673,78.108746,,
542.0,Kolar,Kolar,Malur PS,"Office of the Circle Inspector of Police, Mar",malurklr@ksp.gov.in,08151-232220,Malur Circle,13.143452,78.100926,,
542.0,Kolar,Kolar,Masti PS,"Masthi Police Station, Masthi,  Malur Taluk.",masthiklr@ksp.gov.in,08151-236222,Malur Circle,13.116198,78.118968,,
542.0,Kolar,Kolar,Mulbagal Rural PS,,email@ksp.gov.in,88888-888888,Mulbagal Circle,13.121408,78.1103,,
542.0,Kolar,Kolar,Mulbagal Town PS,"Mulbagal Police Station, Near Ambedkar Circel",mulbagalklr@ksp.gov.in,08159-242040,Mulbagal Circle,13.122796,78.144146,,
542.0,Kolar,Kolar,Nangli PS,"Nangali Police Station, Nangali,   Mulbalgal",nangliklr@ksp.gov.in,08159-248126,Mulbagal Circle,13.163211,78.162013,,
542.0,Kolar,Kolar,Rayalpad PS,"Rayalpadu Police Station, Rayalpadu, Srinivas",rayalpadklr@ksp.gov.in,08157-240006,Srinivasapura Circle,13.147106,78.117554,,
542.0,Kolar,Kolar,Srinivasapura PS,"Srinivasapura Police Station, Near Mini Vidha",srinivasapuraklr@ksp.gov.in,08157-246234,Srinivasapura Circle,13.162543,78.157415,,
542.0,Kolar,Kolar,Vemagal PS,"Vemagal Police Station, Kolar Taluk",vemagalklr@ksp.gov.in,08152-246421,Kolar Rural Circle,13.17235,78.164077,,
543.0,Koppal,Koppal,Alwandi PS,Police Sub Inspector Alwandi Police Station A,alwandikpl@ksp.gov.in,08539-285233,Koppal Rural Circle,15.310056,76.168035,,
543.0,Koppal,Koppal,Bevoor PS,Police Sub Inspector Bevoor Police Station Be,bevoorkpl@ksp.gov.in,08534-227641,Yelburga Circle,15.355506,76.148561,,
543.0,Koppal,Koppal,Gangavathi Rural PS,"Police Sub Gangavati Rural Police Station, Op",gvtruralkpl@ksp.gov.in,08533-230854,Gangavathi Rural Circle,15.319949,76.128557,,
543.0,Koppal,Koppal,Gangavathi Town PS,Police Inspector Gangavati Town Police Statio,gvttownkpl@ksp.gov.in,08533-230633,Gangavathi Sub-Division,15.353011,76.121797,,
543.0,Koppal,Koppal,Gangavathi Traffic PS,"Police Sub Gangavati Traffic Police Station,",gvttraffickpl@ksp.gov.in,08533-231533,Gangavathi Town PS,15.385886,76.149531,,
543.0,Koppal,Koppal,Hanumasagar PS,Police Sub-Insector Hanumsagar  Police Statio,hanumsagarkpl@ksp.gov.in,08536-270333,Kushtagi Circle,15.337105,76.157751,,
543.0,Koppal,Koppal,Kanakagiri PS,Police Sub-Insector Kanakagiri Police Station,kanakagirikpl@ksp.gov.in,08533-240233,Gangavathi Rural Circle,15.366795,76.126742,,
543.0,Koppal,Koppal,Karatagi PS,Police Sub-Insector Karatagi Police Station K,karatagikpl@ksp.gov.in,08533-275331,Gangavathi Rural Circle,15.320713,76.159467,,
543.0,Koppal,Koppal,Koppal CEN Crime PS,DCB UnitKoppal,email@ksp.gov.in,88888-888888,Koppal District,15.327522,76.177606,,
543.0,Koppal,Koppal,Koppal Rural PS,Police Sub Inspector Koppal Rural Police Stat,ruralkpl@ksp.gov.in,08539-221333,Koppal Rural Circle,15.370216,76.160476,,
543.0,Koppal,Koppal,Koppal Town PS,"Police Inspector Koppal Town Police Station,",townkpl@ksp.gov.in,08539-220333,Koppal Sub-Division,15.351732,76.189022,,
543.0,Koppal,Koppal,Koppal Traffic PS,Koppal,email@ksp.gov.in,88888-888888,Koppal Town PS,15.350623,76.189954,,
543.0,Koppal,Koppal,Koppal Women PS,"Hasan Road, Near Tippu Sultan CircleKoppal",womenpskpl@ksp.gov.in,88888-888888,Koppal Sub-Division,15.381557,76.15779,,
543.0,Koppal,Koppal,Kuknoor PS,Police Sub Inspector Kuknoor Police Station K,kuknoorkpl@ksp.gov.in,08534-230438,Yelburga Circle,15.344582,76.181148,,
543.0,Koppal,Koppal,Kushtagi PS,Police Sub-Insector Kushtagi Police Station K,kushtagikpl@ksp.gov.in,08536-267033,Kushtagi Circle,15.386481,76.122929,,
543.0,Koppal,Koppal,Munirabad PS,Police Sub Inspector Munirabad Police Station,munirabadkpl@ksp.gov.in,08539-270333,Koppal Rural Circle,15.384803,76.168206,,
543.0,Koppal,Koppal,Tavaregera PS,Police Sub-Insector Tawargera  Police Station,tawargerakpl@ksp.gov.in,08536-275322,Kushtagi Circle,15.384172,76.185423,,
543.0,Koppal,Koppal,Yelburga PS,Police Sub Inspector Yelburga Police Station,yelburgakpl@ksp.gov.in,08534-220133,Yelburga Circle,15.385246,76.140307,,
544.0,Mandya,Mandya,Arakere PS,"Arakere, Srirangaptna Taluk",arakeremdy@ksp.gov.in,08236-257233,Srirangapatna Circle,12.5519,76.912563,,
544.0,Mandya,Mandya,Basaralu PS,"Basaralu, Mandya Taluk",basaralumdy@ksp.gov.in,08232-276634,Mandya Rural Circle,12.517286,76.894217,,
544.0,Mandya,Mandya,Belakavadi PS,"Belkavadi, Malavalli Taluk",belakavadimdy@ksp.gov.in,08231-240034,Malavalli Rural Circle,12.557661,76.870232,,
544.0,Mandya,Mandya,Bellur PS,"Bellur, Nagamangala Taluk",bellurmdy@ksp.gov.in,08234-287535,Nagamangala Circle,12.48907,76.867572,,
544.0,Mandya,Mandya,Besagaraghalli PS,"Besagarahalli, Maddur Taluk",besagarahallimdy@ksp.gov.in,08232-278264,Maddur Circle,12.486938,76.855725,,
544.0,Mandya,Mandya,Bindiganavile PS,"Binidiganavile, Nagamangala Taluk",bnavilemdy@ksp.gov.in,08234-284240,Nagamangala Circle,12.550781,76.856813,,
544.0,Mandya,Mandya,Halagur PS,"MALAVALLI TQ,",halagurumdy@ksp.gov.in,08231-295322,Malavalli Rural Circle,12.486795,76.895406,,
544.0,Mandya,Mandya,K.M. Doddi PS,"K M Doddi C A kere HOBLI, MADDUR TQ.",kmdoddimdy@ksp.gov.in,08231-235032,Malavalli Sub-Division,12.497751,76.871376,,
544.0,Mandya,Mandya,K.R. Pet Rural PS,"K R Pet Town, K R Pet Taluk",krpetruralmdy@ksp.gov.in,08232-262440,K.R. Pet Circle,12.487476,76.866323,,
544.0,Mandya,Mandya,K.R. Pet Town PS,"K R Pet Town, K R Pet Taluk",krpettownmdy@ksp.gov.in,08230-262248,K.R. Pet Circle,12.5214,76.878882,,
544.0,Mandya,Mandya,K.R. Sagar PS,"K R Sagara, Srirangapatna Taluk",krsagaramdy@ksp.gov.in,08236-252027,Srirangapatna Circle,12.498365,76.924842,,
544.0,Mandya,Mandya,Keragodu PS,"Keragodu, Mandya Taluk",keragodumdy@ksp.gov.in,08232-272044,Mandya Rural Circle,12.545387,76.930678,,
544.0,Mandya,Mandya,Kesthur PS,"Kesthur, Maddur Taluk",kesturmdy@ksp.gov.in,08232-279735,Maddur Circle,12.485238,76.928644,,
544.0,Mandya,Mandya,Kikkeri PS,"Kikkeri, K R Pet Taluk",kikkerimdy@ksp.gov.in,08232-265433,K.R. Pet Circle,12.495526,76.931168,,
544.0,Mandya,Mandya,Kirugavalu PS,"Kirugavalu, Malavalli Taluk",kirugavalumdy@ksp.gov.in,082312-249481,Malavalli Rural Circle,12.495429,76.887313,,
544.0,Mandya,Mandya,Koppa PS,"Koppa, Maddur Taluk",koppamdy@ksp.gov.in,08232-248032,Maddur Circle,12.483738,76.881131,,
544.0,Mandya,Mandya,Maddur PS,Maddur Town,maddurmdy@ksp.gov.in,08232-232170,Maddur Circle,12.522471,76.923033,,
544.0,Mandya,Mandya,Maddur Traffic PS,Maddur Town,maddurtrafficmdy@ksp.gov.in,08232-232033,Maddur Circle,12.533457,76.917933,,
544.0,Mandya,Mandya,Malavalli Rural PS,Malavalli Town,malavalliruralmdy@ksp.gov.in,08231-242233,Malavalli Rural Circle,12.513299,76.902001,,
544.0,Mandya,Mandya,Malavalli Town PS,Malavalli Town,malavallitownmdy@ksp.gov.in,08231-242244,Malavalli Sub-Division,12.494109,76.932182,,
544.0,Mandya,Mandya,Mandya CEN Crime PS,Mandya Town,email@ksp.gov.in,88888-888888,Mandya Sub-Division,12.558562,76.902827,,
544.0,Mandya,Mandya,Mandya Central PS,"DC Office Road, Mandya City,Mandya Dist",email@ksp.gov.in,8232221345,Mandya Town Circle,12.502082,76.920567,,
544.0,Mandya,Mandya,Mandya East PS,"M C Road, Mandya Town",eastmdy@ksp.gov.in,08232-224777,Mandya Town Circle,12.4913,76.911945,,
544.0,Mandya,Mandya,Mandya Rural PS,"Bannur Road, Mandya Town",ruralmdy@ksp.gov.in,08232-224200,Mandya Rural Circle,12.516146,76.892308,,
544.0,Mandya,Mandya,Mandya Traffic PS,"M C Road, Mandya Town",trafficmdy@ksp.gov.in,08232-262248,Mandya Town Circle,12.488226,76.866782,,
544.0,Mandya,Mandya,Mandya West PS,"R P Road, Mandya Town",westmdy@ksp.gov.in,08232-224666,Mandya Town Circle,12.504852,76.916816,,
544.0,Mandya,Mandya,Mandya Women PS,Mandya TownMandya Dist,email@ksp.gov.in,88888-888888,Mandya Town Circle,12.508538,76.880869,,
544.0,Mandya,Mandya,Melukote PS,"Melukote, Pandavapura Taluk",melukotemdy@ksp.gov.in,08236-299800,Srirangapatna Circle,12.512011,76.8786,,
544.0,Mandya,Mandya,Nagamangala Rural PS,address,nmangalaruralmdy@ksp.gov.in,08232-285210,Nagamangala Circle,12.511817,76.932029,,
544.0,Mandya,Mandya,Nagamangala Town PS,Nagamangala Town,nmangalamdy@ksp.gov.in,08234-286040,Nagamangala Circle,12.510007,76.869931,,
544.0,Mandya,Mandya,Pandavapura PS,"Pandavapura, Pandavapura Taluk",ppuramdy@ksp.gov.in,08236-255132,Srirangapatna Sub-Division,12.535757,76.92078,,
544.0,Mandya,Mandya,Shivalli PS,"Shivalli, Mandya Taluk",shivallimdy@ksp.gov.in,08232-277144,Mandya Rural Circle,12.552666,76.913353,,
544.0,Mandya,Mandya,Srirangapatna PS,"Behind Government First Grade College, Sriran",srpatnamdy@ksp.gov.in,08236-259235,Srirangapatna Circle,12.522374,76.893949,,
544.0,Mandya,Mandya,Srirangapatna Rural PS,"Behind Govt. First Grade CollegeSrirangapatna Tq, Mandya Dist",email@ksp.gov.in,8232253027,Srirangapatna Circle,12.521709,76.860377,,
527.0,Belagavi City,Belagavi,APMC Yard PS,BUXITE ROAD  AZAM NAGAR BELGAUM-,apmcbgm@ksp.gov.in,0831-2405250,Market Sub Division,15.871792,74.469533,,
527.0,Belagavi City,Belagavi,Bagewadi PS,ON P.B.ROAD NH4  KAKATI,bagewadibgm@ksp.gov.in,0831-2405280,Belgaum Rural Sub Division,15.834953,74.515789,,
527.0,Belagavi City,Belagavi,Belagavi City CEN Crime PS,PHQ BelagaviOld PB road,ccbbgc@ksp.gov.in,8888-888888,Belagavi City,15.827474,74.495591,,
527.0,Belagavi City,Belagavi,Belagavi Rural PS,VADAGON ROAD HINDWADI,ruralbgm@ksp.gov.in,0831-2405252,Belgaum Rural Sub Division,15.829653,74.506912,,
527.0,Belagavi City,Belagavi,Belgaum North Traffic PS,KACHARI ROAD OPOSITE TAHASILDAR OFFICE-,trafficnorthbgm@ksp.gov.in,0831-2405240,Belagavi Traffic Sub Division,15.883455,74.526448,,
527.0,Belagavi City,Belagavi,Belgaum South Traffic PS,CAMP POLICE LANE CAMP,trafficsouthbgm@ksp.gov.in,0831-2405248,Belagavi Traffic Sub Division,15.852108,74.5276,,
527.0,Belagavi City,Belagavi,Camp PS,HIGH STREET CAMP,campbgm@ksp.gov.in,0831-2405234,Khadebazar Sub Division,15.865601,74.535073,,
527.0,Belagavi City,Belagavi,Kakati PS,ON P.B.ROAD NH4  KAKATI,kakatibgm@ksp.gov.in,0831-2405203,Belgaum Rural Sub Division,15.835448,74.535044,,
527.0,Belagavi City,Belagavi,Khadebazar PS,RISALDAR GALLI KHADE BAZAR,khadebazarbgm@ksp.gov.in,0831-2405232,Khadebazar Sub Division,15.854389,74.501664,,
527.0,Belagavi City,Belagavi,Malamaruthi PS,DOUBLE ROAD SRINAGAR,malmaruthibgm@ksp.gov.in,0831-2405251,Market Sub Division,15.811578,74.490924,,
527.0,Belagavi City,Belagavi,Marihal PS,BAGALKOT ROAD MARIHAL,marihalbgm@ksp.gov.in,0831-2405239,Belgaum Rural Sub Division,15.883322,74.516494,,
527.0,Belagavi City,Belagavi,Market PS,OPP  CENTRAL BUS STAND,marketbgm@ksp.gov.in,0831-2405242,Market Sub Division,15.838373,74.459404,,
527.0,Belagavi City,Belagavi,Shahapura PS,VADAGAON ROAD SHAHAPUR,shahapurbgm@ksp.gov.in,0831-2405244,Market Sub Division,15.884764,74.461829,,
527.0,Belagavi City,Belagavi,Tilakwadi PS,NEAR NATH PAI GARDEN TILKAWADI,tilakwadibgm@ksp.gov.in,0831-2405236,Khadebazar Sub Division,15.857183,74.515455,,
527.0,Belagavi City,Belagavi,Udyambag PS,NEAR STATE BANK OF INDIA  IDUSTRIAL ESTATE KH,udyambagbgm@ksp.gov.in,0831-2405238,Khadebazar Sub Division,15.884289,74.474036,,
534.0,Mangaluru City,Dakshina Kannada,Bajpe PS,BAJPE POST & VILLAGE,bajpemgc@ksp.gov.in,0824-2220531,North Subdivison,12.898387,74.872158,,
534.0,Mangaluru City,Dakshina Kannada,Barke PS,Gandhinagar,barkemgc@ksp.gov.in,0824-2220522,Central Sub Division,12.876102,74.885467,,
534.0,Mangaluru City,Dakshina Kannada,Cyber Crime PS Mangaluru City,Mangaloor CityMangaloor,email@ksp.gov.in,88888-888888,Mangalore COP,12.890855,74.820959,,
534.0,Mangaluru City,Dakshina Kannada,E and N Crime PS Mangaluru City,Mangalooru CityMangalooru,email@ksp.gov.in,88888-888888,Mangalore COP,12.902767,74.863192,,
534.0,Mangaluru City,Dakshina Kannada,Kankanady Town PS,"Garodi, Maroli PostMangaluru City",ccmgc@ksp.gov.in,8242220529,South Sub division,12.930087,74.886836,,
534.0,Mangaluru City,Dakshina Kannada,Kavoor PS,"Kavoor P.S Shanthinagara, Kavoor, Mangalore",kavoormgc@ksp.gov.in,0824-2220533,North Subdivison,12.947854,74.892518,,
534.0,Mangaluru City,Dakshina Kannada,Konaje PS,"Konaje Police Station, Assaigoli Post",konajemgc@ksp.gov.in,0824-2220536,South Sub division,12.952124,74.848058,,
534.0,Mangaluru City,Dakshina Kannada,Mangalore East PS,Kadri Hills,mangaloreeastmgc@ksp.gov.in,0824-2220520,Central Sub Division,12.907881,74.845668,,
534.0,Mangaluru City,Dakshina Kannada,Mangalore East Traffic PS,Kadrihills Mangalore,trafficeastmaq@ksp.gov.in,0824-2220825,Traffic Sub Division,12.899178,74.835282,,
534.0,Mangaluru City,Dakshina Kannada,Mangalore North PS,BUNDER      MANGALORE,mangalorenorthmgc@ksp.gov.in,0824-2220516,Central Sub Division,12.9288,74.860756,,
534.0,Mangaluru City,Dakshina Kannada,Mangalore Rural PS,Kulashekara,mangaloreruralmgc@ksp.gov.in,0824-2220535,South Sub division,12.914904,74.881342,,
534.0,Mangaluru City,Dakshina Kannada,Mangalore South PS,"Managalore South P.S, Pandeshwara",mangaloresouthmgc@ksp.gov.in,0824-2220518,Central Sub Division,12.896173,74.893362,,
534.0,Mangaluru City,Dakshina Kannada,Mangalore West Traffic PS,address,trafficwestmaq@ksp.gov.in,0824-2220524,Traffic Sub Division,12.892296,74.816458,,
534.0,Mangaluru City,Dakshina Kannada,Mangalore Women PS,"Women Police Station , Pandeshwara",womenmgc@ksp.gov.in,0824-2220525,Central Sub Division,12.939473,74.846166,,
534.0,Mangaluru City,Dakshina Kannada,Moodabidre PS,"Jyothinagara, Pranthya Village",moodabidremgc@ksp..gov.in,08258 - 236333,North Subdivison,12.88538,74.859508,,
534.0,Mangaluru City,Dakshina Kannada,Mulki PS,Bappanadu,mulkimgc@ksp.gov.in,0824-2290533,North Subdivison,12.938885,74.861382,,
534.0,Mangaluru City,Dakshina Kannada,Panambur PS,"PANAMBUR POLICE STATION, PANAMBUR , NEW MANGA",panamburmgc@ksp.gov.in,0824-2220530,North Subdivison,12.929164,74.891131,,
534.0,Mangaluru City,Dakshina Kannada,Surathkal PS,surathkal police station,surathkalmgc@ksp.gov.in,0824-2220540,North Subdivison,12.887737,74.863944,,
534.0,Mangaluru City,Dakshina Kannada,Traffic North Police Station,Traffic North Police Station,trafficnorthmgc@ksp.gov.in,88888-888888,Traffic Sub Division,12.916402,74.851053,,
534.0,Mangaluru City,Dakshina Kannada,Traffic South Police Station,"Kallapu, Near TokkottuMangaluru City",maqsysadm@ksp.gov.in,88888-888888,Traffic Sub Division,12.890586,74.852406,,
534.0,Mangaluru City,Dakshina Kannada,Ullal PS,"Near Abbakka Circle, Ullal Post, Mangalore",ullalmgc@ksp.gov.in,0824-2466269,South Sub division,12.945427,74.842907,,
534.0,Mangaluru City,Dakshina Kannada,Urva PS,Ashokanagar,urwamgc@ksp.gov.in,0824-2220521,Central Sub Division,12.949555,74.849089,,
545.0,Mysuru City,Mysuru,Alanahally PS,"No 71, SB Jayarama Badavane,Alanahally, Devegowda Circle, Bannuru Ring Road",alanahallimyc@ksp.gov.in,0821-2418318,Devaraja Sub-Division,12.300337,76.608284,,
545.0,Mysuru City,Mysuru,Ashokpuram PS,"ADICHUNCHANAGIR ROAD, KUVEMPUNAGARA,  MYSORE.",ashokpurammyc@ksp.gov.in,2418521,Krishnaraja Sub-Division,12.335752,76.600976,,
545.0,Mysuru City,Mysuru,Devaraja PS,"DHANVANTHRI ROAD,K.R. HOSPITAL COMPUND, DEVAR",devarajamyc@ksp.gov.in,2418306,Devaraja Sub-Division,12.258588,76.635553,,
545.0,Mysuru City,Mysuru,Deveraja Traffic PS,"DEEWANS  ROAD,MYSORE.        570 001",devrajatrfmyc@ksp.gov.in,2418526,Traffic Sub-Division,12.309551,76.634114,,
545.0,Mysuru City,Mysuru,Hebbal PS,"NO 71 S B JAYARAMA BADAVANEALANAHALLI, NEAR DEVEGOWDA CIRCLE MYSURU",hebbalmyc@ksp.gov.in,0821-2418855,Narasimharaja Sub-Division,12.306483,76.638241,,
545.0,Mysuru City,Mysuru,Jayalakshmipuram PS,"BEHIND ISWARIYA PETROL BUNK, VIJAYANAGARA 3RD",jailaxmipurammyc@ksp.gov.in,2418316,Narasimharaja Sub-Division,12.316726,76.663999,,
545.0,Mysuru City,Mysuru,Krishnaraja PS,"M.G. ROAD. K.R. MOHALLA, MYSORE. 570 004",krishnarajmyc@ksp.govin,2418519,Krishnaraja Sub-Division,12.292011,76.6196,,
545.0,Mysuru City,Mysuru,Krishnaraja Traffic PS,J.L.B ROAD LAXMIPURAM MYSORE. 570 004,krtrafficmyc@ksp.gov.in,2418530,Traffic Sub-Division,12.265168,76.662634,,
545.0,Mysuru City,Mysuru,Kuvempunagar PS,"DAKSHINESHWARA MAIN ROAD, NEAR CHURCH, RAMAKR",kuvempunagarmyc@ksp.gov.in,2418324,Krishnaraja Sub-Division,12.281922,76.64821,,
545.0,Mysuru City,Mysuru,Lashkar PS,NEHRU CIRLCE ASHOKA ROAD MYSORE. 570 001,lashkarmyc@ksp.gov.in,2418307,Devaraja Sub-Division,12.325179,76.621132,,
545.0,Mysuru City,Mysuru,Laxmipuram PS,"J.L.B ROAD, LAXMIPURAM,MYSORE. 570 004",laxmipurammyc@ksp.gov.in,2418320,Krishnaraja Sub-Division,12.322268,76.671631,,
545.0,Mysuru City,Mysuru,Mandi PS,KABEER ROAD MANDI MOHALLA MYSORE. 570 021,mandimyc@ksp.gov.in,2418313,Narasimharaja Sub-Division,12.271357,76.674914,,
545.0,Mysuru City,Mysuru,Metagalli PS,"K.R.S ROAD, METEGALLY, MYSORE. 570 016",metagallymyc@ksp.gov.in,2418315,Narasimharaja Sub-Division,12.270725,76.618094,,
545.0,Mysuru City,Mysuru,Narasimharaja PS,"RAJENADRA  NAGARA , PANCHAMUKU GANAPATHI TEMP",nsimharajamyc@ksp.gov.in,2418312,Narasimharaja Sub-Division,12.272263,76.601391,,
545.0,Mysuru City,Mysuru,Narasimharaja Traffic PS,"ASHOKA ROAD , LASHKAR MOHALLA MYSORE. 570 021",nrtrafficmyc@ksp.gov.in,2418527,Traffic Sub-Division,12.267874,76.678895,,
545.0,Mysuru City,Mysuru,Nazarbad PS,"NAZARBAD CIRCLE, M.M. ROAD, NZARBAD MOHALLA,",nazarbadmyc@ksp.gov.in,2418308,Devaraja Sub-Division,12.294724,76.611817,,
545.0,Mysuru City,Mysuru,Saraswathipuram PS,"SAHUKAR CHENNAIH ROAD, S.S. PURAM, MYSORE. 57",saraswathipurammyc@ksp.gov.in,2418323,Krishnaraja Sub-Division,12.265968,76.658234,,
545.0,Mysuru City,Mysuru,Siddarthanagar Traffic PS,,email@ksp.gov.in,88888-888888,Traffic Sub-Division,12.256598,76.667262,,
545.0,Mysuru City,Mysuru,Udayagiri PS,"MAHADEVAPURA MAIN ROAD, SHANTHI NAGAR MYSORE.",udayagirimyc@ksp.gov.in,2418309,Devaraja Sub-Division,12.272741,76.65186,,
545.0,Mysuru City,Mysuru,V.V. Puram PS,TEMPLE ROAD V.V.MOHALLA MYSORE. 570 002,vvpurammyc@ksp.gov.in,2418314,Narasimharaja Sub-Division,12.335368,76.655625,,
545.0,Mysuru City,Mysuru,Vidyaranyarpuram PS,"J.P. NAGARA MAIN RAO, J.P. NAGARA MYSORE.570",vidyaranyamyc@ksp.gov.in,2418522,Krishnaraja Sub-Division,12.308098,76.616435,,
545.0,Mysuru Dist,Mysuru,Bannur PS,"BANNUR  POLICE STATION, BANNUR, T.N.PURA TALU",email@ksp.gov.in,08227-275632,Nanjanagudu Sub-Division,12.316089,76.649452,,
545.0,Mysuru Dist,Mysuru,Beechanahalli PS,BEECHANAHALLI PS BEECHANAHALLI  H.D. KOTE TAL,email@ksp.gov.in,08228-268333,H.D. Kote Circle,12.310261,76.616345,,
545.0,Mysuru Dist,Mysuru,Bettadapura PS,"BETTADAPURA POLICE STATION, BETTADAPURA, PERI",email@ksp.gov.in,0822-3275700,Periyapatna Circle,12.278706,76.666369,,
545.0,Mysuru Dist,Mysuru,Biligere PS I Badanavalu,"BADANAVALU POLICE STATION,  BADANAVALU, NANJA",email@ksp.gov.in,08221-221745,Nanjanagudu Circle,12.332504,76.67568,,
545.0,Mysuru Dist,Mysuru,Bilikere PS,"BILIKERE PS,  BILIKERE,  HUNSUR TALUK",email@ksp.gov.in,08222-240002,Hunusur Sub-Division,12.320857,76.643049,,
545.0,Mysuru Dist,Mysuru,Bylakuppe PS,"BYLAKUPPE POLICE STATION, BYLAKUPPE PERIYAPAT",email@ksp.gov.in,0822-3254433,Periyapatna Circle,12.267721,76.667684,,
545.0,Mysuru Dist,Mysuru,H.D. Kote PS,H.D. KOTE POLICE STATION  H.D. KOTE,email@ksp.gov.in,08228-255329,Hunusur Sub-Division,12.264185,76.679335,,
545.0,Mysuru Dist,Mysuru,Hullahalli PS,"HULLAHALLI POLICE STATION,  HULLAHALLI , NANJ",email@ksp.gov.in,08221-220111,Nanjanagudu Circle,12.323253,76.67425,,
545.0,Mysuru Dist,Mysuru,Hunusur Rural PS,"HUNSUR RURAL PS,  HUNSUR",email@ksp.gov.in,08222-252042,Hunusur Sub-Division,12.333944,76.67104,,
545.0,Mysuru Dist,Mysuru,Hunusur Town PS,"HUNSUR TOWN POLICE STATION ,HUNSUR",email@ksp.gov.in,08222-253133,Hunusur Sub-Division,12.288157,76.602222,,
545.0,Mysuru Dist,Mysuru,Jayapura PS,"JAYAPURA POLICE STATION,  JAYAPURA, MYSORE TA",email@ksp.gov.in,0821-2595781,Mysore South Circle,12.286828,76.639644,,
545.0,Mysuru Dist,Mysuru,K.R. Nagar PS,"K.R. NAGARA POLICE STATION,  K.R. NAGARA",email@ksp.gov.in,08223-262222,K.R. Nagar Circle,12.290067,76.633386,,
545.0,Mysuru Dist,Mysuru,Kowlande PS,"KOWLANDE POLICE STATION , KOWLANDE ,NANJANGUD",email@ksp.gov.in,08221-221621,Nanjanagudu Circle,12.302517,76.649952,,
545.0,Mysuru Dist,Mysuru,Mysore South PS,"MYSORE SOUTH PS , NEAR DHO OFFICE NAZARBAD- M",email@ksp.gov.in,0821-2444955,Mysore Rural Sub-Division,12.275568,76.677834,,
545.0,Mysuru Dist,Mysuru,Mysuru CEN Crime PS,MysuruMysuru,email@ksp.gov.in,88888-888888,Mysuru District,12.318161,76.678803,,
545.0,Mysuru Dist,Mysuru,Mysuru Women PS,"Station  Near District Health OfficeNazarbad, Mysore -570010",email@ksp.gov.in,9480606468,Mysore Rural Sub-Division,12.328851,76.624605,,
545.0,Mysuru Dist,Mysuru,Nanjanagudu Rural PS,"NANJANGUD RURAL POLICE STATION,  NANJANGUD",email@ksp.gov.in,08221-226259,Nanjanagudu Sub-Division,12.317044,76.630333,,
545.0,Mysuru Dist,Mysuru,Nanjanagudu Town PS,"NANJANGUD TOWN POLICE STATION,  NANJANGUD",email@ksp.gov.in,08221-228383,Nanjanagudu Circle,12.300313,76.677596,,
545.0,Mysuru Dist,Mysuru,Nanjangudu Traffic PS,Nanjangudu,email@ksp.gov.in,88888-888888,Nanjanagudu Circle,12.267487,76.635041,,
545.0,Mysuru Dist,Mysuru,Periyapatna PS,"PERIYAPATNA POLICE STATION, PERIYAPATNA",email@ksp.gov.in,0822-3273100,Hunusur Sub-Division,12.329705,76.638364,,
545.0,Mysuru Dist,Mysuru,Saligrama PS,"SALIGRAMA POLICE STATION, SALIGRAMA, K.R. NAG",email@ksp.gov.in,08223-283341,K.R. Nagar Circle,12.324309,76.601357,,
545.0,Mysuru Dist,Mysuru,Saragur PS,"SARGUR PS ,SARGUR, H.D. KOTE TALUK",email@ksp.gov.in,08228-265542,H.D. Kote Circle,12.276705,76.644619,,
545.0,Mysuru Dist,Mysuru,T. Narasipura PS,"T.NARASIPURA POLICE STATION, T.N.PURA",email@ksp.gov.in,08227-260990,T. Narasipura Circle,12.281813,76.623011,,
545.0,Mysuru Dist,Mysuru,Talakadu PS,"TALAKADU POLICE STATION, TALAKADU, T.N. PURA",email@ksp.gov.in,08227-273369,T. Narasipura Circle,12.29315,76.653016,,
545.0,Mysuru Dist,Mysuru,Varuna PS,"Meghalapura, T Narasipura Road",email@ksp.gov.in,88888-888888,Mysore South Circle,12.316269,76.620742,,
545.0,Mysuru Dist,Mysuru,Yelawala PS,"YELWALA POLICE STATION , YELWALA , MYSORE TAL",email@ksp.gov.in,0821-2402222,Mysore South Circle,12.313713,76.618699,,
546.0,Raichur,Raichur,Balaganoor PS,Balaganoor,balaganoorrcr@ksp.gov.in,08535-258631,Sindhanoor Circle,16.242295,77.345574,,
546.0,Raichur,Raichur,Devadurga PS,Deodurga,deodurgarcr@ksp.gov.in,08531-260333,Lingasugur Sub-Division,16.222429,77.327514,,
546.0,Raichur,Raichur,Gabbur PS,Gabbur,gabburrcr@ksp.gov.in,08531-260333,Devadurga Circle,16.225482,77.345722,,
546.0,Raichur,Raichur,Hutti PS,hutti,huttircr@ksp.gov.in,08537-275033,Lingasugur Circle,16.196664,77.337895,,
546.0,Raichur,Raichur,Idapanur PS,Idapanoor,idapanoorrcr@ksp.gov.in,08532-200033,Yeragera Circle,16.236321,77.382002,,
546.0,Raichur,Raichur,Jalhalli PS,Jalahalli,jalahallircr@ksp.gov.in,08531-265233,Devadurga Circle,16.182623,77.374891,,
546.0,Raichur,Raichur,Kowthal PS,Kowthal,kowthalrcr@ksp.gov.in,08538-252028,Manvi Circle,16.173429,77.324951,,
546.0,Raichur,Raichur,Lingasugur PS,Lingasugur,lingasugurrcr@ksp.gov.in,08537-257227,Lingasugur Circle,16.207964,77.385102,,
546.0,Raichur,Raichur,Manvi PS,Manvi,manvircr@ksp.gov.in,08538-220333,Sindhanoor Sub-Division,16.182856,77.36374,,
546.0,Raichur,Raichur,Market Yard PS,Raichur,marketyardrcr@ksp.gov.in,08532-235600,Raichur West Circle,16.16828,77.324208,,
546.0,Raichur,Raichur,Maski PS,Maski,maskircr@ksp.gov.in,08537-270244,Maski Circle,16.186983,77.376049,,
546.0,Raichur,Raichur,Mudgal PS,Mudgal,mudgalrcr@ksp.gov.in,08537-280536,Maski Circle,16.209083,77.343539,,
546.0,Raichur,Raichur,Raichur CEN Crime PS,,email@ksp.gov.in,88888-888888,Raichur District,16.205696,77.381748,,
546.0,Raichur,Raichur,Raichur Rural PS,Riahcur,ruralrcr@ksp.gov.in,08532-235308,Raichur Rural Circle,16.219219,77.375943,,
546.0,Raichur,Raichur,Raichur Traffic PS,Raichur,trafficrcr@ksp.gov.in,08532-226124,Raichur West Circle,16.234246,77.383927,,
546.0,Raichur,Raichur,Raichur West PS,Raichur,westrcr@ksp.gov.in,08532-232570,Raichur West Circle,16.185602,77.366128,,
546.0,Raichur,Raichur,Sadar Bazar PS,Riahcur,sardarbazarrcr@ksp.gov.in,08532-226148,Raichur Sub-Division,16.185612,77.379924,,
546.0,Raichur,Raichur,Shakti Nagar PS,Shakthinagar,shakthinagararcr@ksp.gov.in,08532-246133,Raichur Rural Circle,16.190461,77.353628,,
546.0,Raichur,Raichur,Sindanur Traffic PS,,email@ksp.gov.in,88888-888888,Sindhanoor Circle,16.245572,77.360674,,
546.0,Raichur,Raichur,Sirwar PS,Sirwar,sirwarrcr@ksp.gov.in,08538-270020,Manvi Circle,16.210951,77.3742,,
546.0,Raichur,Raichur,Turvihal PS,Turvihal,turvihalrcr@ksp.gov.in,08535-244233,Sindhanoor Circle,16.183918,77.36487,,
546.0,Raichur,Raichur,Yapaladinni PS,Yapaldinni,yapaldinnircr@ksp.gov.in,08532-280111,Raichur Rural Circle,16.205696,77.369244,,
546.0,Raichur,Raichur,Yeregera PS,Yeragera,yeragerarcr@ksp.gov.in,08532-282033,Yeragera Circle,16.239674,77.318349,,
631.0,Bengaluru South,Bengaluru South,Akkur PS,"IGGALUR ROAD, VIRUPAKSHIPURA(H),",akkurrmn@ksp.gov.in,080-27263253,Channapatna Rural Circle,12.944414,77.575728,,
631.0,Bengaluru South,Bengaluru South,Bidadi PS,NEAR BUS STAND,bidadirmn@ksp.gov.in,080-27282237,Ramanagara Rural Circle,12.999171,77.584548,,
631.0,Bengaluru South,Bengaluru South,Channapatna East PS,"NEAR RMC YARD, B.M ROAD",cpatnaeastrmn@ksp.gov.in,080-27251229,Channapatna Town Circle,12.978046,77.573647,,
631.0,Bengaluru South,Bengaluru South,Channapatna Rural PS,NEAR HANUMANTHANAGAR,cpatnaruralrmn@ksp.gov.in,080-27251256,Channapatna Rural Circle,13.011507,77.630826,,
631.0,Bengaluru South,Bengaluru South,Channapatna Town PS,"Opp. SBI, B.M ROAD, NEAR GANDHI BHAVAN",cpatnatownrmn@ksp.gov.in,080-27251749,Channapatna Town Circle,12.947256,77.584973,,
631.0,Bengaluru South,Bengaluru South,CHANNAPATNA TRAFFIC PS,"Opp. SBI, B.M Road, Near Gandhi BhavanChannapatna Town",email@ksp.gov.in,88888-888888,Channapatna Town Circle,12.972346,77.621596,,
631.0,Bengaluru South,Bengaluru South,Harohalli PS,NEAR BANGALORE - KANAKAPURA MAIN ROAD,hhallirmn@ksp.gov.in,080-27562240,Ramanagara Sub-Division,13.003777,77.58875,,
631.0,Bengaluru South,Bengaluru South,Ijoor PS,"B.M, ROAD, NEAR DPO",ijoorrmn@ksp.gov.in,080-27271786,Ramanagara Town Circle,12.992137,77.634459,,
631.0,Bengaluru South,Bengaluru South,Kaggalipura PS,,email@ksp.gov.in,88888-888888,Ramanagara Sub-Division,12.94198,77.585946,,
631.0,Bengaluru South,Bengaluru South,Kanakapura Rural PS,"RAMANAGARA MAIN ROAD, NEAR KSRTC DIPO,",kpuraruralrmn@ksp.gov.in,080-27523616,Kanakapura Circle,12.951949,77.574897,,
631.0,Bengaluru South,Bengaluru South,Kanakapura Town PS,"NEAR TALUK OFFICE,",kpuratownrmn@ksp.gov.in,080-27522441,Kanakapura Circle,12.986934,77.603947,,
631.0,Bengaluru South,Bengaluru South,Kanakapura Traffic PS,Kanakapura Traffic PS,email@ksp.gov.in,88888-888888,Kanakapura Circle,12.933895,77.58629,,
631.0,Bengaluru South,Bengaluru South,Kodihalli PS,"NEAR BABU RAO CIRCLE,",khallirmn@ksp.gov.in,080-27541240,Kanakapura Circle,12.936848,77.629829,,
631.0,Bengaluru South,Bengaluru South,Kudur PS,MUROOR - KUDUR MAIN ROAD,kudurrmn@ksp.gov.in,080-27762241,Magadi Sub Division,13.009741,77.623946,,
631.0,Bengaluru South,Bengaluru South,M.K. Doddi PS,"H.MOGENAHALLI (P), MALUR(H)",mkdoddirmn@ksp.gov.in,080-27266231,Channapatna Rural Circle,12.985343,77.605212,,
631.0,Bengaluru South,Bengaluru South,Magadi PS,NEAR BUS STAND,magadirmn@ksp.gov.in,080-27745224,Magadi Sub Division,12.945812,77.573531,,
631.0,Bengaluru South,Bengaluru South,Ramanagar CEN Crime PS,RamanagarRamanagar,email@ksp.gov.in,88888-888888,Ramanagara District,12.99803,77.614569,,
631.0,Bengaluru South,Bengaluru South,Ramanagara Rural PS,"NEAR PWD CIRCLE, B.M ROAD,",rnagarruralrmn@ksp.gov.in,080-27271321,Ramanagara Rural Circle,12.958058,77.576072,,
631.0,Bengaluru South,Bengaluru South,Ramanagara Town PS,"NEAR OLD TALUK OFFICE & Govt.HOSPITAL,",rnagartownrmn@ksp.gov.in,080-27271230,Ramanagara Town Circle,12.949974,77.632382,,
631.0,Bengaluru South,Bengaluru South,Ramanagara Traffic PS,"NEAR PWD CIRCLE, B.M ROAD,",tfcrmn@ksp.gov.in,080-27273904,Ramanagara Town Circle,13.002263,77.622051,,
631.0,Bengaluru South,Bengaluru South,Ramanagara Women PS,"B M Road, Above Ijoor PSRamanagara Town",email@ksp.gov.in,88888-888888,Ramanagara Town Circle,12.986486,77.578644,,
631.0,Bengaluru South,Bengaluru South,Sathnoor PS,DODDAHALAHALLI ROAD,sathanoorrmn2@ksp.gov.in,080-27551233,Kanakapura Circle,12.955663,77.577997,,
631.0,Bengaluru South,Bengaluru South,Tavarekere PS,MAGADI MAIN ROAD,tkerermn2@ksp.gov.in,080-28434365,Magadi Sub Division,12.955194,77.612566,,
547.0,Shivamogga,Shivamogga,Agumbe PS,"AGUMBE POLICE STATION, ABUMBE, THIRTHAHALLI T",agumbeshi@ksp.gov.in,08181-233181,Thirthahalli Circle,13.934872,75.559992,,
547.0,Shivamogga,Shivamogga,Anavatti PS,"ANAVATTI, SORABA TQ, SHIMOGA",anavattishi@ksp.gov.in,08184 267135,Soraba Circle,13.922267,75.594112,,
547.0,Shivamogga,Shivamogga,Bhadravathi New Town PS,"UBLEBAILU ROAD, NEWTOWN, BHADRAVATHI",bdvtnewtownshi@ksp.gov.in,08282 274313,Bhadravathi Town Circle,13.953074,75.535026,,
547.0,Shivamogga,Shivamogga,Bhadravathi Old Town PS,"MADHAVACHAR CIRCLE, OLD TOWN, BHADRAVATHI",bdvtoldtownshi@ksp.gov.in,08282 266343,Bhadravathi Town Circle,13.941798,75.528658,,
547.0,Shivamogga,Shivamogga,Bhadravathi Rural PS,"BEHIND TALUK OFFICE, RANGAPPA CIRCLE, BHADRAV",bdvtruralshi@ksp.gov.in,8282266033,Bhadravathi Sub-Division,13.917958,75.555245,,
547.0,Shivamogga,Shivamogga,Bhadravathi Traffic PS,"UBLEBAILU ROAD, NEWTOWN, BHADRAVATHI",bdvttrafficshi@ksp.gov.in,08282 276314,Bhadravathi Town Circle,13.92818,75.537515,,
547.0,Shivamogga,Shivamogga,Doddapete PS,"BESIDE PROVITE BUS STAND, SAGAR ROAD, SHIMOGA",cpidoddapeteshi@ksp.gov.in,08182-261414,Shimoga Sub-Division,13.894456,75.60542,,
547.0,Shivamogga,Shivamogga,Holehonnur PS,"HOLEHONNUR, BHADRAVATHI TQ, SHIMOGA DIST",holehonnurshi@ksp.gov.in,08282-235494,Bhadravathi Rural Circle,13.917974,75.580092,,
547.0,Shivamogga,Shivamogga,Hosamane PS,address,hosamaneshi@ksp.gov.in,8282266022,Bhadravathi Town Circle,13.96806,75.577357,,
547.0,Shivamogga,Shivamogga,Hosanagara PS,"SHIMOGA-MASTIKATTE MAIN ROAD, HOSANAGARA TQ",hosanagarashi@ksp.gov.in,08185-221244,Hosanagara Circle,13.949311,75.556085,,
547.0,Shivamogga,Shivamogga,Jayanagara PS,"BESIDE RTO OFFICE, SOULAGA ROAD, SHIMOGA",jayanagarashi@ksp.gov.in,08182-261416,Vinobanagara Circle,13.934391,75.534761,,
547.0,Shivamogga,Shivamogga,Jog PS,"NEAR BUS STAND, JOGA, SAGARA TQ, SHIMOGA",jogashi@ksp.gov.in,08186 244733,Sagar Rural Circle,13.932381,75.597547,,
547.0,Shivamogga,Shivamogga,Kargal PS,"SAGAR-JOGA ROAD, KARGAL, SAGAR TQ, SHIMOGA DI",kargalshi@ksp.gov.in,08186-240234,Sagar Rural Circle,13.905627,75.58993,,
547.0,Shivamogga,Shivamogga,Kote PS,"KOTE POST OFFICE ROAD, SHIMOGA CITY",koteshi@ksp.gov.in,08182-261415,Shimoga Sub-Division,13.909474,75.552971,,
547.0,Shivamogga,Shivamogga,Kumsi PS,"SAGAR ROAD, KUMSI POST, SHIMOGA DIST",kumsishi@ksp.gov.in,08182-262332,Shimoga Rural Circle,13.912598,75.544974,,
547.0,Shivamogga,Shivamogga,Malur PS,"SAGAR-THIRTHAHALLI ROAD,  MALUR POST, THIRTHA",malurshi@ksp.gov.in,08181 235142,Thirthahalli Circle,13.959458,75.562128,,
547.0,Shivamogga,Shivamogga,Nagara PS,address,nagarashi@ksp.gov.in,08185-265666,Hosanagara Circle,13.935666,75.53251,,
547.0,Shivamogga,Shivamogga,Paper Town PS,"PAPER TOWN, BHADRAVATHI, SHIMOA DIST",bdvtpapertownshi@ksp.gov.in,08282 270456,Bhadravathi Rural Circle,13.900603,75.542021,,
547.0,Shivamogga,Shivamogga,Ripponpet PS,"SHIMOGA - HOSANAGARA MAIN ROAD, RIPPONPETE, H",ripponpeteshi@ksp.gov.in,08185 242635,Hosanagara Circle,13.940527,75.598428,,
547.0,Shivamogga,Shivamogga,Sagar Rural PS,"NEAR GANAPATHI TEMPLE, SAGAR, SHIMOGA DIST",sagarruralshi@ksp.gov.in,8183226194,Sagar Sub-Division,13.947052,75.600833,,
547.0,Shivamogga,Shivamogga,Sagar Town PS,"SHIMOGA- JOGA ROAD, SAGAR, SHIMOGA DIST",sagartownshi@ksp.gov.in,08183 226067,Sagar Sub-Division,13.890428,75.574928,,
547.0,Shivamogga,Shivamogga,Shikaripura Rural PS,"SHIRALAKOPPA ROAD, SHIKARIPURA,  SHIKARIPURA",shikaripuraruralshi@ksp.gov.in,818722430,Shikaripura Circle,13.915011,75.604138,,
547.0,Shivamogga,Shivamogga,Shikaripura Town PS,"SHIMOGA-SHIKARIPURA MAIN ROAD, SHIKARIPURA, S",shikaripurashi@ksp.gov.in,08187 222772,Shikaripura Circle,13.956324,75.552949,,
547.0,Shivamogga,Shivamogga,Shimoga East Traffic PS,,email@ksp.gov.in,88888-888888,Shivamogga Traffic Circle,13.948087,75.579792,,
547.0,Shivamogga,Shivamogga,Shimoga Rural PS,"SAGAR ROAD, SHIMOGA",shimogaruralshi@ksp.gov.in,08182-261418,Shimoga Rural Circle,13.965135,75.589764,,
547.0,Shivamogga,Shivamogga,Shimoga Traffic PS,"BESIDE PROVITE BUS STAND, SAGAR ROAD, SHIMOGA",shimogatrafficshi@kps.gov.in,08182-261417,Shivamogga Traffic Circle,13.911812,75.592131,,
547.0,Shivamogga,Shivamogga,Shiralakuppa PS,"SHIRALAKOPPA POST, SHIKARIPURA TQ, SHIMOGA DI",shiralkoppashi@ksp.gov.in,08187 234511,Shikaripura Circle,13.904767,75.579801,,
547.0,Shivamogga,Shivamogga,Shivamogga CEN Crime PS,Shivamogga,email@ksp.gov.in,88888-888888,Shivamogga District,13.898438,75.541997,,
547.0,Shivamogga,Shivamogga,Soraba PS,"BESIDE TALUK OFFICE ROAD, SORABA",sorabashi@ksp.gov.in,08184-272210,Soraba Circle,13.964699,75.606812,,
547.0,Shivamogga,Shivamogga,Thirthahalli PS,"SOPPUGUDDE, THIRTHAHALLI, THIRTHAHALLI TQ",thirthahallishi@ksp.gov.in,08181 228333,Thirthahalli Sub Divison,13.946488,75.584656,,
547.0,Shivamogga,Shivamogga,Tunga Nagar PS,"BE SIDE FIRE OFFICE, SAGAR ROAD, SHIMOGA",tunganagarashi@ksp.gov.in,08182-261424,Shimoga Sub-Division,13.942543,75.541609,,
547.0,Shivamogga,Shivamogga,Vinobanagara PS,"RMC YARD, SAGAR ROAD, SHIMOGA",vinobanagarashi@ksp.gov.in,08182-261424,Vinobanagara Circle,13.931335,75.563848,,
548.0,Tumakuru,Tumakuru,Amruthur PS,"KODAGIHALLI EXTENTION,  AMRUTHUR TOWN, PIN: 5",amruthurtkr@ksp.gov.in,08132-225229,Kunigal Circle,13.375464,77.064147,,
548.0,Tumakuru,Tumakuru,Arasikere PS,"AMRAPURA PAVAGADA ROAD, ARASIKERE, PIN:572116",arsikeretkr@ksp.gov.in,08136-248433,Thirumani Circle,13.301238,77.085862,,
548.0,Tumakuru,Tumakuru,Badavanahalli PS,"NEAR BUS STOP, SIRA MADHUGIRI ROAD, BADAVANAH",bdhallitkr@ksp.gov.in,08137-284901,Madhugiri Sub-Division,13.326252,77.101138,,
548.0,Tumakuru,Tumakuru,Bellavi PS,"BELLAVI,NEAR BUS STAND PIN:572153",bellavitkr@ksp.gov.in,0816-2240046,Tumkur Rural Circle,13.336773,77.088136,,
548.0,Tumakuru,Tumakuru,Chandrashekarpura PS,"Near Bus stand  C.S. Pura,  Gubbi Taluk.",cspuratkr@ksp.gov.in,08131-246522,Gubbi Circle,13.363834,77.102215,,
548.0,Tumakuru,Tumakuru,Chelur PS,"CHELUR, NEAR CHELUR CIRCLE, PIN:572117",chelurtkr@ksp.gov.in,08131-242222,Gubbi Circle,13.308693,77.094832,,
548.0,Tumakuru,Tumakuru,Chikkanayakanahalli PS,"CHIKKANAYAKANAHALLI TOWN, NEAR OLD COURT, PIN",cnhallitkr@ksp.gov.in,08133-267234,Chikkanayakanahalli Circle,13.337412,77.0629,,
548.0,Tumakuru,Tumakuru,Dandina Shivara PS,"NEAR BUS STOP, DANDINASHIVARA, PIN:572215",dshivaratkr@ksp.gov.in,08139-278355,Turuvekere Circle,13.380897,77.07312,,
548.0,Tumakuru,Tumakuru,Gubbi PS,"PSI, GUBBI POLICE STATION, NH 206 ROAD SUBAS",gubbitkr@ksp.gov.in,08131-222229,Gubbi Circle,13.303721,77.073659,,
548.0,Tumakuru,Tumakuru,Handanakere PS,"NEAR BUS STOP,HANDANAKERE, PIN:572119",hdanakeretkr@ksp.gov.in,08133-257660,Chikkanayakanahalli Circle,13.326736,77.070468,,
548.0,Tumakuru,Tumakuru,Hebbur PS,"KUNIGAL ROAD, HEBBUR, PIN:572120",hebburtkr@ksp.gov.in,0816-2241036,Kyathasandra Circle,13.371233,77.105123,,
548.0,Tumakuru,Tumakuru,Honnavalli PS,"NEAR BUS STOP, HONNAVALLI,PIN:572217",honnavallitkr@ksp.gov.in,08134-264710,Tiptur Rural Circle,13.33407,77.072898,,
548.0,Tumakuru,Tumakuru,Huliyar PS,"HULIYAR TOWN, PIN:572218",huliyartkr@ksp.gov.in,08133-256150,Chikkanayakanahalli Circle,13.371695,77.106195,,
548.0,Tumakuru,Tumakuru,Huliyurdurga PS,H.DURGA TOWN. PIN:572123,hdurgatkr@ksp.gov.in,08132-223338,Kunigal Circle,13.336582,77.085868,,
548.0,Tumakuru,Tumakuru,Jayanagara PS,,email@ksp.gov.in,88888-888888,Thilak Park Circle,13.372926,77.08761,,
548.0,Tumakuru,Tumakuru,Kallambella PS,"NH-4 ROAD, KALLAMBELLA, PIN:572125",kalambellatkr@ksp.gov.in,08135-274738,Sira Rural Circle,13.306854,77.092073,,
548.0,Tumakuru,Tumakuru,Kibbanhalli PS,address,kbcrosstkr@ksp.gov.in,08134-262055,Tiptur Rural Circle,13.332344,77.128529,,
548.0,Tumakuru,Tumakuru,Kodigenahalli PS,"NEAR BUS STOP, KODAGENAHALLI, PIN:572127",kdigehallitkr@ksp.gov.in,08137-279534,Madhugiri Circle,13.361145,77.061951,,
548.0,Tumakuru,Tumakuru,Kolala PS,,email@ksp.gov.in,88888-888888,Koratagere Circle,13.360837,77.115061,,
548.0,Tumakuru,Tumakuru,Kora PS,"NH-4 ROAD, KORA, PIN:572128",koratkr@ksp.gov.in,0816-2242006,Tumkur Rural Circle,13.36052,77.13104,,
548.0,Tumakuru,Tumakuru,Koratagere PS,"NEAR TALUK OFFICE, MADHUGIRI-TUMKUR ROAD, KOR",koratageretkr@ksp.gov.in,08138-232136,Koratagere Circle,13.311501,77.134926,,
548.0,Tumakuru,Tumakuru,Kunigal PS,"NEAR B.M.ROAD, OPP. TALUK OFFICE, KUNIGAL TOW",cpikunigaltkr@ksp.gov.in,08132-220229,Kunigal Sub-Division,13.302539,77.131225,,
548.0,Tumakuru,Tumakuru,Kyathasandra PS,"NEAR JAS TOLL GATE, KYATHASANDRA, PIN:572101",ksandratkr@ksp.gov.in,0816-2281124,Kyathasandra Circle,13.333076,77.088227,,
548.0,Tumakuru,Tumakuru,Madhugiri PS,"BARLINE ROAD, MADHUGIRI TOWN,PIN:572132",madhugiritkr@ksp.gov.in,08137-282381,Madhugiri Circle,13.332436,77.09412,,
548.0,Tumakuru,Tumakuru,Medigeshi PS,"NEAR BUS STOP, MIDIGESHI, PIN:572133",midigeshitkr@ksp.gov.in,08137-278634,Madhugiri Circle,13.308379,77.06344,,
548.0,Tumakuru,Tumakuru,New Extention PS,"NEAR ARTICULTURE OFFICE, NH-206(BH ROAD) NEPS",newextentkr@ksp.gov.in,0816-2278224,Thilak Park Circle,13.379759,77.087166,,
548.0,Tumakuru,Tumakuru,Nonavinakere PS,"NEAR BUSSTOP, Y-T ROAD, NONAVINAKERE, PIN:572",nvkeretkr@ksp.gov.in,08134-258024,Tiptur Rural Circle,13.350754,77.080296,,
548.0,Tumakuru,Tumakuru,Patanayakanahalli PS,"PATTANAYAKANAHALLI, PIN:572135",pnhallitkr@ksp.gov.in,08135-271058,Sira Rural Circle,13.361837,77.065796,,
548.0,Tumakuru,Tumakuru,Pavagada PS,"NEAR TALUK OFFICE, PAVAGADA TOWN, PIN:561202",pavagadatkr@ksp.gov.in,08136-245666,Madhugiri Sub-Division,13.372656,77.114644,,
548.0,Tumakuru,Tumakuru,Sira PS,"EXTENSION, MAHALLA ROAD, SIRA TOWN, PIN:57213",siratowntkr@ksp.gov.in,08135-275237,Sira Sub Division,13.375386,77.0893,,
548.0,Tumakuru,Tumakuru,Tavarekere PS,"NH-4 ROAD, TAVAREKERE, PIN:572139",tavarekeretkr@ksp.gov.in,08135-272541,Sira Rural Circle,13.308555,77.139507,,
548.0,Tumakuru,Tumakuru,Thilak Park PS,"POORAS COLONY, JAIPURA ROAD, THILAKPARK, PIN:",thilakparktkr@ksp.gov.in,0816-2278202,Thilak Park Circle,13.317334,77.101399,,
548.0,Tumakuru,Tumakuru,Thirumani PS,"NEAR BUS STOP, THIRUMANI, PIN:572172",thirumanitkr@ksp.gov.in,08136-240047,Thirumani Circle,13.301803,77.133555,,
548.0,Tumakuru,Tumakuru,Tiptur Rural PS,"OPP. GOVT. COLLAGE, BH ROAD, NEAR TALUK OFFIC",tipturrrltkr@ksp.gov.in,08134-251007,Tiptur Rural Circle,13.354476,77.114026,,
548.0,Tumakuru,Tumakuru,Tiptur Town PS,"NEAR ARALIMARA STOP, BH ROAD, TIPTUR TOWN, PI",tipturtwntkr@ksp.gov.in,08134-251041,Tiptur Sub-Division,13.302459,77.076101,,
548.0,Tumakuru,Tumakuru,Tumkur CEN Crime PS,DCBTumakuru,email@ksp.gov.in,88888-888888,Tumakuru District,13.334627,77.107518,,
548.0,Tumakuru,Tumakuru,Tumkur Rural PS,"BARLINE ROAD, NEAR CHILUME CHOWLTRY, TUMKUR T",tumkurrtkr@ksp.gov.in,0816-2278381,Tumkur Rural Circle,13.335718,77.109248,,
548.0,Tumakuru,Tumakuru,Tumkur Town PS,"CHURCH CIRCLE, HORAPETE ROAD, NEAR SBM, OPP O",towntkr@ksp.gov.in,0816-2278388,Tumkur Town Circle,13.371141,77.138607,,
548.0,Tumakuru,Tumakuru,Tumkur Traffic PS,"NERA DC OFFICE, OLD MARKET CHOWK,PIN:572101",trafficesttkr@ksp.gov.in,0816-2272340,Tumkur Town Circle,13.369976,77.106753,,
548.0,Tumakuru,Tumakuru,Turuvekere PS,"NEAR GOVT. HOSPITAL, TURUVKERE TOWN.",turuvekeretkr@ksp.gov.in,08139-287334,Turuvekere Circle,13.333989,77.064861,,
548.0,Tumakuru,Tumakuru,Y.N. Hosakote PS,NEAR BUS STAND YN HOSAKOTE.PIN: 572141,ynhosakotetkr@ksp.gov.in,08136-247635,Thirumani Circle,13.368491,77.099589,,
549.0,Udupi,Udupi,Ajekar PS,"Marne Village, Post Ajekar",ajekarudp@ksp.gov.in,08253-271100,Karkala Circle,13.310132,74.763943,,
549.0,Udupi,Udupi,Amasebailu PS,"Near Amasebailu Village Panchayath Office, Am",amasebailudp@ksp.gov.in,08259-286499,Kundapura Circle,13.331597,74.752043,,
549.0,Udupi,Udupi,Brahmavar PS,"Varamballi Village, Brahmavara Post",brahmavaraudp@ksp.gov.in,0820-2561044,Brahmavar Circle,13.307671,74.748614,,
549.0,Udupi,Udupi,Byndoor PS,"Yadthare Village, Byndoor Post",byndoorudp@ksp.gov.in,08254-251033,Byndoor Circle,13.379256,74.731288,,
549.0,Udupi,Udupi,Gangolli PS,"Gujjadi Village, Gangolli Post",gangolloudp@ksp.gov.in,08254-265333,Byndoor Circle,13.355149,74.758485,,
549.0,Udupi,Udupi,Hebri PS,Hebri Village & Post,hebriudp@ksp.gov.in,08253-251116,Karkala Circle,13.307476,74.761314,,
549.0,Udupi,Udupi,Hiriadka PS,"Anjaru Village, Hiriyadka Post",hiriyadkaudp@ksp.gov.in,0820-2542248,Brahmavar Circle,13.377953,74.758215,,
549.0,Udupi,Udupi,Kapu PS,"Kaup Padu Village, Kaup Post",kaupudp@ksp.gov.in,0820-2551033,Kapu Circle,13.307672,74.760184,,
549.0,Udupi,Udupi,Karkala Rural PS,"Karkala Kasaba Village, Post Karkala",karkalruraludp@ksp.gov.in,08258-232083,Karkala Circle,13.350059,74.772408,,
549.0,Udupi,Udupi,Karkala Town PS,"Karkala Kasaba Village, Post Karkala",karkaltownudp@ksp.gov.in,08258-230213,Karkala Circle,13.373955,74.720163,,
549.0,Udupi,Udupi,Kollur PS,Kollur Village & Post,kollurudp@ksp.gov.in,08254-258233,Byndoor Circle,13.325204,74.735107,,
549.0,Udupi,Udupi,Kota PS,"Giliyaru Village, Kota Post",kotaudp@ksp.gov.in,0820-2564155,Brahmavar Circle,13.378464,74.753454,,
549.0,Udupi,Udupi,Kundapura PS,"Near Taluk Office, Kundapura Kasaba Village,",kundapuraudp@ksp.gov.in,08254-230338,Kundapura Circle,13.332049,74.722969,,
549.0,Udupi,Udupi,Kundapura Rural PS,"Kandlur MainRoad,Kundapura Taluk",email@ksp.gov.in,88888-888888,Kundapura Circle,13.340372,74.715935,,
549.0,Udupi,Udupi,Kundapura Traffic PS,address,kundapurtrfudp@ksp.gov.in,08254-233800,Kundapura Circle,13.346262,74.740504,,
549.0,Udupi,Udupi,Malpe PS,"Kodavoor Village, Malpe Post",malpeudp@ksp.gov.in,0820-2537999,Udupi Circle,13.309666,74.728373,,
549.0,Udupi,Udupi,Manipal PS,"Shivalli Village, Manipal Post",manipaludp@ksp.gov.in,0820-2570328,Udupi Sub-Division,13.364752,74.750244,,
549.0,Udupi,Udupi,Padubidri PS,"Nadsal Village, Padubidri Post",padubidriudp@ksp.gov.in,0820-2555452,Kapu Circle,13.377755,74.711072,,
549.0,Udupi,Udupi,Shankaranarayana PS,Shankarnarayana Village & Post,shankarnarayanaudp@ksp.gov.in,08259-280299,Kundapura Circle,13.32093,74.732485,,
549.0,Udupi,Udupi,Shirva PS,Shirva Village & Post,shirvaudp@ksp.gov.in,0820-2554139,Kapu Circle,13.353274,74.780531,,
549.0,Udupi,Udupi,Udupi CEN Crime PS,Udupi,email@ksp.gov.in,88888-888888,Udupi District,13.310084,74.741818,,
549.0,Udupi,Udupi,Udupi Town PS,"76 Badagubettu Village, Post Udupi",udupitownudp@ksp.gov.in,0820-2520444,Udupi Circle,13.345184,74.72989,,
549.0,Udupi,Udupi,Udupi Traffic PS,"Near Taluk Office, Moodanidamboor Village",udupitrafficudp@ksp.gov.in,0820-2521332,Udupi Circle,13.372276,74.78162,,
550.0,Uttara Kannada,Uttara Kannada,Ambikanagar PS,"Ambikanagar PS, Ambikanagar",ambikanagarkwr@ksp.gov.in,08284-258633,Haliyal Circle,14.786502,74.661748,,
550.0,Uttara Kannada,Uttara Kannada,Ankola PS,"Near Bus Stand, Ankola",ankolakwr@ksp.gov.in,08388 - 230333,Karwar Sub-Division,14.77331,74.661829,,
550.0,Uttara Kannada,Uttara Kannada,Banavasi PS,"Banavasi PS, Banavasi",banavasikwr@ksp.gov.in,08384-264210,Sirsi Circle,14.807116,74.649845,,
550.0,Uttara Kannada,Uttara Kannada,Bhatkal Rural PS,"Azad Nagar, Bhatkal",bhatkalruralkwr@ksp.gov.in,08385-227333,Bhatkal Circle,14.833264,74.723252,,
550.0,Uttara Kannada,Uttara Kannada,Bhatkal Town PS,"V.T. Road, Bhatkal",bhatkaltownkwr@ksp.gov.in,08385-226333,Bhatkal Circle,14.775418,74.724682,,
550.0,Uttara Kannada,Uttara Kannada,Chittakula PS,"Main Road, Sadashivgad, Chittakula, Karwar",chittakulakwr@ksp.gov.in,08382 - 265733,Kadra Circle,14.77232,74.669777,,
550.0,Uttara Kannada,Uttara Kannada,Dandeli Rural PS,"Dandeli Rural PS, Dandeli",dandeliruralkwr@ksp.gov.in,08284-230363,Dandeli Circle,14.759717,74.702728,,
550.0,Uttara Kannada,Uttara Kannada,Dandeli Town PS,"Dandeli Town PS, Dandeli",dandelitownkwr@ksp.gov.in,08284-231333,Dandeli Circle,14.763777,74.66442,,
550.0,Uttara Kannada,Uttara Kannada,Gokarna PS,"Near IB, Gokarn",gokarnkwr@ksp.gov.in,08386-581326,Kumta Circle,14.808045,74.651223,,
550.0,Uttara Kannada,Uttara Kannada,Haliyal PS,"Haliyal PS, Haliyal",haliyalkwr@ksp.gov.in,08284-220133,Haliyal Circle,14.771669,74.681942,,
550.0,Uttara Kannada,Uttara Kannada,Honnavara PS,"Near Police Ground, N.H.-17, Honnavar",honnavarkwr@ksp.gov.in,08387-220248,Honnavara Circle,14.805684,74.71968,,
550.0,Uttara Kannada,Uttara Kannada,Joida PS,"Joida Police Station, Joida",joidakwr@ksp.gov.in,08284-282733,Joida Circle,14.768669,74.64873,,
550.0,Uttara Kannada,Uttara Kannada,Kadra PS,"Kadra Bazaar, Kadra",kadrakwr@ksp.gov.in,08382-256592,Kadra Circle,14.818984,74.720932,,
550.0,Uttara Kannada,Uttara Kannada,Karwar Rural PS,"Civil Court Road, Karwar",ruralkwr@ksp.gov.in,08382 - 222443,Karwar Circle,14.826551,74.700556,,
550.0,Uttara Kannada,Uttara Kannada,Karwar Town PS,"Green Street, Karwar",townkwr@ksp.gov.in,08382-226333,Karwar Circle,14.809802,74.66287,,
550.0,Uttara Kannada,Uttara Kannada,Karwar Traffic PS,"Main Road, Karwar",traffickwr@ksp.gov.in,08382-228333,Karwar Circle,14.813668,74.669139,,
550.0,Uttara Kannada,Uttara Kannada,Kumta PS,"Near Police Ground, Nellikeri, Kumta",kumtakwr@ksp.gov.in,08386-222333,Kumta Circle,14.754926,74.681737,,
550.0,Uttara Kannada,Uttara Kannada,Mallapura PS,"Opp: Kaiga Township, Mallapur",mallapurkwr@ksp.gov.in,08382 - 254812,Kadra Circle,14.803865,74.678476,,
550.0,Uttara Kannada,Uttara Kannada,Manki PS,"Manki PS, Manki",mankikwr@ksp.gov.in,08387-257886,Honnavara Circle,14.7906,74.683495,,
550.0,Uttara Kannada,Uttara Kannada,Mundgod PS,"Bankapur Road, Mundgod",mundgodkwr@ksp.gov.in,08384-222211,Sirsi Sub-Division,14.761992,74.683363,,
550.0,Uttara Kannada,Uttara Kannada,Murudeshwar PS,"Kerekatte, Murdeshwar",murdeshwarkwr@ksp.gov.in,08385-228896,Bhatkal Circle,14.820242,74.668562,,
550.0,Uttara Kannada,Uttara Kannada,New Market PS,"Near Police Ground, Sirsi",sirsinewmarketkwr@ksp.gov.in,08384-236330,Sirsi Circle,14.77179,74.704843,,
550.0,Uttara Kannada,Uttara Kannada,Ramnagar PS,"Via Dandeli Road, Ramanagar",ramanagarkwr@ksp.gov.in,08284-248133,Joida Circle,14.769079,74.69646,,
550.0,Uttara Kannada,Uttara Kannada,Siddapura PS,"Opp: Police Quarters, Siddapur",siddapurkwr@ksp.gov.in,08384-230214,Sirsi Sub-Division,14.795211,74.669163,,
550.0,Uttara Kannada,Uttara Kannada,Sirsi Rural PS,"Near Police Ground, Sirsi",sirsiruralkwr@ksp.gov.in,08384-236233,Sirsi Circle,14.806902,74.714034,,
550.0,Uttara Kannada,Uttara Kannada,Sirsi Town PS,"Hulekal Road, Sirsi",sirsitownkwr@ksp.gov.in,08384-226333,Sirsi Circle,14.814034,74.651066,,
550.0,Uttara Kannada,Uttara Kannada,UK CEN Crime PS,UKUK,email@ksp.gov.in,88888-888888,Uttara Kannada District,14.768353,74.673252,,
550.0,Uttara Kannada,Uttara Kannada,UK Women PS,Ganapati Temple Main RoadKarwar,email@ksp.gov.in,88888-888888,Karwar Sub-Division,14.829275,74.722223,,
550.0,Uttara Kannada,Uttara Kannada,Yellapura PS,"Devi Temple Road, Yellapur",yellapurkwr@ksp.gov.in,08419-261133,Sirsi Sub-Division,14.824112,74.703105,,
530.0,Vijayapur,Vijayapura,Adarsh Nagar PS,Adarsha Nagar Police Station Solapur Road Bij,adarshnagarbjp@ksp.gov.in,08352-263333,Golgumbaz Circle,16.790314,75.685457,,
530.0,Vijayapur,Vijayapura,Alamatti PS,address,alamattibjp@ksp.gov.in,08426-281103,Basavan Bagewadi Circle,16.84236,75.712722,,
530.0,Vijayapur,Vijayapura,Almel PS,Almel Police Station Neat KSRTC Bus Stand Tq/,almelbjp@ksp.gov.in,08488-232033,Sindagi Circle,16.834841,75.748143,,
530.0,Vijayapur,Vijayapura,APMC PS,APMC Police Station -APMC Yard Indi Raod Bija,apmcbjp@ksp.gov.in,08352-252791,Golgumbaz Circle,16.860536,75.675505,,
530.0,Vijayapur,Vijayapura,Babaleshwar PS,Bableshwar Police Station Bijapur to Jamakhan,babaleshwarbjp@ksp.gov.in,08355-283033,Bijapur Rural Circle,16.818231,75.745846,,
530.0,Vijayapur,Vijayapura,Basavan Bagewadi PS,B.Bagewadi Police Station Kolhar Road Tq/Dist,bagewadibjp@ksp.gov.in,08358-245333,Basavan Bagewadi Circle,16.857651,75.71069,,
530.0,Vijayapur,Vijayapura,Bijapur rural PS,Bijapur Rural Police Station Road Near Railwa,bijapurruralbjp@ksp.gov.in,08352-250923,Bijapur Rural Circle,16.850871,75.735189,,
530.0,Vijayapur,Vijayapura,Bijapur Traffic PS,Bijapur Traffic Police Station Near Gandhi Ch,trafficbjp@ksp.gov.in,08352-252600,Bijapur Town Circle,16.859698,75.675786,,
530.0,Vijayapur,Vijayapura,Chadachan PS,Chadachan Police Station Marsdi Area Chadacha,chadachanbjp@ksp.gov.in,08422-278013,Chadachan Circle,16.845833,75.671735,,
530.0,Vijayapur,Vijayapura,Devara Hipparagi PS,D.Hipparagi Police Station Bijapur to Sindagi,devarhipparagibjp@ksp.gov.in,08424-283033,Sindagi Circle,16.833751,75.725687,,
530.0,Vijayapur,Vijayapura,Gandhi Chowk PS,Gandhi Chowk Police Station Near Gandhi Chowk,gandhichowkbjp@ksp.gov.in,08532-250033,Bijapur Town Circle,16.83478,75.678766,,
530.0,Vijayapur,Vijayapura,Golgumbaz PS,Golgumbaz Police Station Road Near Railway Br,golagumvazbjo@ksp.gov.in,08352-250214,Golgumbaz Circle,16.863902,75.689068,,
530.0,Vijayapur,Vijayapura,Hortti PS,Horti Police Stataion Inchageri Math Raod Hor,hortibjp@ksp.gov.in,08422-283733,Indi Circle,16.821302,75.677414,,
530.0,Vijayapur,Vijayapura,Indi PS,Indi Police Station Near Tasildar office Indi,indibjp@ksp.gov.in,08359-225333,Indi Circle,16.81617,75.737584,,
530.0,Vijayapur,Vijayapura,Indi Rural PS,Near Tahasildar OfficeOld A C House Indi,indiruralbjp@ksp.gov.in,88888-888888,Indi Circle,16.85582,75.686955,,
530.0,Vijayapur,Vijayapura,Jalanagar PS,,email@ksp.gov.in,88888-888888,Golgumbaz Circle,16.832888,75.68479,,
530.0,Vijayapur,Vijayapura,Kalkeri PS,Kalkeri Police Station Tq/Indi Dist/Bijapur -,kalakeribjp@ksp.gov.in,08424-273233,Sindagi Circle,16.791279,75.74709,,
530.0,Vijayapur,Vijayapura,Kolhar PS,Kolhar Police Station Tq/B.Bagewadi Dist/Bija,kolharbjp@ksp.gov.in,08426-283013,Basavan Bagewadi Circle,16.854274,75.708861,,
530.0,Vijayapur,Vijayapura,Managoli PS,Manguli Police Station Bijapur to B.Bagewadi,managulibjp@ksp.gov.in,08358-240833,Basavan Bagewadi Circle,16.853018,75.747018,,
530.0,Vijayapur,Vijayapura,Muddebihal PS,Muddebihal Police Station Near Tahasildar Off,muddebihalbjp@ksp.gov.in,08356-220333,Muddebihal Circle,16.803699,75.723692,,
530.0,Vijayapur,Vijayapura,Nidagundi PS,address,nidagundibjp@ksp.gov.in,08426-281434,Basavan Bagewadi Circle,16.845938,75.727714,,
530.0,Vijayapur,Vijayapura,Sindagi PS,Sindagi Police Station Bijapur Road Tq/Sindag,sindagibjp@ksp.gov.in,08422-221333,Sindagi Circle,16.795666,75.738855,,
530.0,Vijayapur,Vijayapura,Talikot PS,Talikot Police Station Hunasagi Road Tq:B.Bag,talikotbjp@ksp.gov.in,08356-266333,Muddebihal Circle,16.829115,75.672664,,
530.0,Vijayapur,Vijayapura,Tikota PS,Tikota Police Station Jath Road Tq/Dist: Bija,tikotabjp@ksp.gov.in,08352-231533,Bijapur Rural Circle,16.800916,75.689974,,
530.0,Vijayapur,Vijayapura,Vijayapur CEN Crime PS,Vijayapura Town,email@ksp.gov.in,88888-888888,Vijayapur District,16.838556,75.704796,,
530.0,Vijayapur,Vijayapura,Vijayapura Women PS,"NEAR GANDHI CHOWK POLICE STATION,GANDHI CHOWK CIRCLE, VIJAYAPURA-",womenbjp@ksp.gov.in,08352-253555,Bijapur Town Circle,16.824698,75.708389,,
530.0,Vijayapur,Vijayapura,Zalaki PS,Zalki Police Station Bijapur to Solapur Raod,zalakibjp@ksp.gov.in,08422-282233,Chadachan Circle,16.86755,75.704306,,
527.0,Belagavi Dist,Belagavi,Agali PS,BIJPAUR ROAD AIGALI  TAL.ATHANI,aigalibgm@ksp.gov.in,08289-259433,Athani Circle,15.851401,74.534594,,
527.0,Belagavi Dist,Belagavi,Ankalgi PS,GOKAK BELGAUM ROAD ANKALAGI TAL.GOKAK,ankalgibgm@ksp.gov.in,08332-262233,Gokak Circle,15.841861,74.516415,,
527.0,Belagavi Dist,Belagavi,Ankali PS,,email@ksp.gov.in,8888-888888,Chikkodi Circle,15.819474,74.48188,,
527.0,Belagavi Dist,Belagavi,Athani PS,MAIN BIJPAUR ROAD ATHANI TAL.ATHANI,athanibgm@ksp.gov.in,08289-251133,Athani Circle,15.833904,74.471807,,
527.0,Belagavi Dist,Belagavi,Bailahongal PS,NEAR TAHSILDAR OFFICE  MURAGOD ROAD BAILHONGA,bailhongalbgm@ksp.gov.in,08288-233133,Bailahongala Circle,15.822073,74.494937,,
527.0,Belagavi Dist,Belagavi,Basaweshwar Chowk PS,BASVESHWAR CHOWK NIPPANI TAL.CHIKKODI,nippanibcbgm@ksp.gov.in,08338-220513,Nippani Circle,15.848854,74.469058,,
527.0,Belagavi Dist,Belagavi,Belagavi CEN Crime PS,Dist. Court CompoundBelagavi Town,dcbbgm@ksp.gov.in,0831-2405677,Belagavi District,15.831019,74.524266,,
527.0,Belagavi Dist,Belagavi,Chikkodi PS,OPPOSITE KSRTC BUS STAND  CHIKKODI TAL.CHIKKO,chikkodibgm@ksp.gov.in,08338-272133,Chikkodi Circle,15.880636,74.459017,,
527.0,Belagavi Dist,Belagavi,Chikkodi Town Traffic PS,,email@ksp.gov.in,8888-888888,Chikkodi Circle,15.87035,74.473698,,
527.0,Belagavi Dist,Belagavi,Doddawad PS,BELAVDI ROAD DODDAWAD TAL.BAILHONGAL,doddawadbgm@ksp.gov.in,08288-235545,Kittur  Circle,15.88279,74.529239,,
527.0,Belagavi Dist,Belagavi,Ghataprabha PS,GOKAK-MUDALAGI  ROAD GHATAPRABHA TAL.GOKAK,ghataprabhabgm@ksp.gov.in,08332-286533,Mudalgi Circle,15.846017,74.519086,,
527.0,Belagavi Dist,Belagavi,Gokak Rural PS,FALLS ROAD GOKAK TAL.GOKAK DIST,gokakruralbgm@ksp.gov.in,08332-225333,Gokak Circle,15.829293,74.524524,,
527.0,Belagavi Dist,Belagavi,Gokak Town PS,OPP  CENTRAL BUS STAND  GOKAK,gokaktownbgm@ksp.gov.in,08332-225033,Gokak Circle,15.880408,74.528922,,
527.0,Belagavi Dist,Belagavi,Harugeri PS,,email@ksp.gov.in,8888-888888,Raibag Circle,15.880291,74.464871,,
527.0,Belagavi Dist,Belagavi,Hukkeri PS,RAIBAG ROAD HUKKERI TAL.HUKKERI,hukkeribgm@ksp.gov.in,08333-265133,Hukkeri Circle,15.850213,74.464477,,
527.0,Belagavi Dist,Belagavi,Kagwad PS,ATHANI ROAD KAGAWAD TAL.ATHANI .,kagwadbgm@ksp.gov.in,08339-264633,Athani Circle,15.835916,74.527107,,
527.0,Belagavi Dist,Belagavi,Katkol PS,MAIN ROAD KATAKOL TAL.RAMDURGa,murgodbgm@ksp.gov.in,08335-262133,Ramadurga Circle,15.88675,74.495172,,
527.0,Belagavi Dist,Belagavi,Khadakalat PS,KadakalatBelagavi District,khadakalatbgm@ksp.gov.in,8888-888888,Nippani Circle,15.842893,74.519968,,
527.0,Belagavi Dist,Belagavi,Khanapur PS,NH-4-A   KHANAPUR  TAL.KHANAPUR,khanapurbgm@ksp.gov.in,08336-222333,Khanapur Circle,15.887907,74.502593,,
527.0,Belagavi Dist,Belagavi,Kittur PS,FORT ROAD KITTUR TAL BAILHONGAL,kitturbgm@ksp.gov.in,08288-286233,Kittur  Circle,15.844301,74.473901,,
527.0,Belagavi Dist,Belagavi,Kudachi PS,CHINCHALI ROAD KUDACHI TAL.RAIBAG,kudachibgm@ksp.gov.in,08331-235233,Raibag Circle,15.816685,74.478697,,
527.0,Belagavi Dist,Belagavi,Kulgod PS,MUDHOL ROAD KULAGOD TAL.GOKAK,kulgodbgm@ksp.gov.in,08332-222233,Mudalgi Circle,15.873249,74.483439,,
527.0,Belagavi Dist,Belagavi,Mudalgi PS,NEW BUILDING GOKAK ROAD MUDALAGI TAL.GOKAK,mudalgibgm@ksp.gov.in,08332-251333,Mudalgi Circle,15.879171,74.483359,,
527.0,Belagavi Dist,Belagavi,Murgod PS,SOGAL ROAD MURAGOD TAL.SAVADATTI,murgodbgm@ksp.gov.in,08337-265533,Saundatti Circle,15.823624,74.50576,,
527.0,Belagavi Dist,Belagavi,Nandagad PS,NH-4-A  RAMNAGAR ROAD NANDAGAD TAL.KHANAPUR,nandagadbgm@ksp.gov.in,08336-236633,Khanapur Circle,15.878811,74.507673,,
527.0,Belagavi Dist,Belagavi,Nesargi PS,OPPOSITE BUS STAND NESARGI TAL.BAILHONAL,nesargibgm@ksp.gov.in,08288-275233,Bailahongala Circle,15.857112,74.537633,,
527.0,Belagavi Dist,Belagavi,Nippani Rural PS,POLICE QUARTERS OLD P.B.ROAD  NIPPANI  TAL.CH,nippaniruralbgm@ksp.gov.in,08338-220213,Nippani Circle,15.866792,74.536969,,
527.0,Belagavi Dist,Belagavi,Nippani Town PS,POLICE QUARTERS OLD P.B.ROAD  NIPPANI  TAL.CH,nippanitownbgm@ksp.gov.in,08338-220033,Nippani Circle,15.82259,74.526386,,
527.0,Belagavi Dist,Belagavi,Raibag PS,MAIN ROAD TAHASILDAR OFFICE RAIBAG TAL.RAIBAG,raibagbgm@ksp.gov.in,08331-225333,Raibag Circle,15.846146,74.466479,,
527.0,Belagavi Dist,Belagavi,Ramadurga PS,BEHIND CIVIL HOSPITAL TIRUPATI NAGAR ROAD RAM,ramadurgbgm@ksp.gov.in,08335-242333,Ramadurga Circle,15.853624,74.466853,,
527.0,Belagavi Dist,Belagavi,Sadalaga PS,MAIN ROAD OPPOSITE KEB POWER GRID SADALAGA TA,sadalgabgm@ksp.gov.in,08338-251633,Chikkodi Circle,15.833708,74.512152,,
527.0,Belagavi Dist,Belagavi,Sankeshwar PS,OLD P.B. ROAD SANKESHWAR  TAL.HUKKERI,sankeshwarbgm@ksp.gov.in,08333-273303,Hukkeri Circle,15.883154,74.519823,,
527.0,Belagavi Dist,Belagavi,Soundatti PS,FORT ROAD SAVADATTI,saundattibgm@ksp.gov.in,08330-222333,Saundatti Circle,15.844401,74.537613,,
527.0,Belagavi Dist,Belagavi,Yamakanmardi PS,NH4 P.B. ROAD YAMAKANAMARDI  TAL.HUKKERI,yamakanmardibgm@ksp.gov.in,08333-276333,Hukkeri Circle,15.829372,74.471174,,
635.0,Yadgir,Yadgir,Bheemarayanagudi PS,Bapu Gouda Circle Gulbarga road b-gudi,bgudiydr@ksp.gov.in,08479-222055,Shahapura Rural Circle,16.733124,77.144468,,
635.0,Yadgir,Yadgir,Gogi PS,Near Chanda Hussen darga gogi,gogiydr@ksp.gov.in,08479-225533,Shahapura Rural Circle,16.760409,77.118783,,
635.0,Yadgir,Yadgir,Gurumitkal PS,"Near Choudamma temple, Gurmitkal",gurmitkalydr@ksp.gov.in,08473-225054,Gurumitkal Circle,16.7629,77.169606,,
635.0,Yadgir,Yadgir,Hunasagi PS,"UKP Camp Narayanpur road Tq, Shorapur",hunsagiydr@ksp.gov.in,08444-200388,Hunasigi Circle,16.750512,77.143271,,
635.0,Yadgir,Yadgir,Kembhavi PS,Near Ambedkar Circle Kembhavi,kembhaviydr@ksp.gov.in,08443-278210,Hunasigi Circle,16.794785,77.124558,,
635.0,Yadgir,Yadgir,Kodekal PS,Near Channa Basaweshwar Temple Kodekal TQ. Sh,kodekalydr@ksp.gov.in,08444-222833,Hunasigi Circle,16.736279,77.100141,,
635.0,Yadgir,Yadgir,Narayanapura PS,"UKP Camp Narayanpur village Tq, Shorapur",narayanpurydr@ksp.gov.in,08444-229624,Hunasigi Circle,16.766286,77.13973,,
635.0,Yadgir,Yadgir,Saidapur PS,"Near govt I.B.  Saidapur TQ, Yadgir",saidapurydr@ksp.gov.in,08473-224233,Gurumitkal Circle,16.807863,77.15117,,
635.0,Yadgir,Yadgir,Shahapur PS,Vidyanagar Area Shahapur,shahapurydr@ksp.gov.in,08479-243329,Shorapur Sub Division,16.752533,77.111943,,
635.0,Yadgir,Yadgir,Shorapur PS,Near Govt Collage Shorapur,shorapurydr@ksp.gov.in,08443-256030,Shorapur Sub Division,16.767358,77.161489,,
635.0,Yadgir,Yadgir,Wadigere PS,Wadagera village,wadageraydr@ksp.gov.in,08479-219003,Yadgiri Circle,16.744335,77.13242,,
635.0,Yadgir,Yadgir,Yadgir CEN Crime PS,Yadgir,email@ksp.gov.in,88888-888888,Yadgir District,16.74326,77.151072,,
635.0,Yadgir,Yadgir,Yadgir Traffic PS,"Opp Jawahar CollegeKanakadasa Circle, Yadgir Tq",email@ksp.gov.in,88888-888888,Yadgiri Circle,16.800345,77.174925,,
635.0,Yadgir,Yadgir,Yadgir Women PS,Opp Jawahar collegeKanakadasa Circle,email@ksp.gov.in,88888-888888,Yadgiri Sub-Division,16.734832,77.125095,,
635.0,Yadgir,Yadgir,Yadgiri Rural PS,Near Balaji Temple yadgir,yadgirruralydr@ksp.gov.in,08473-252303,Yadgiri Circle,16.751549,77.113338,,
635.0,Yadgir,Yadgir,Yadgiri Town PS,Near gandhi chowk Yadgir,yadgirydr@ksp.gov.in,08473-252100,Yadgiri Circle,16.771345,77.111263,,
525.0,Bengaluru City,Bengaluru Urban,Adugodi PS,"Adugodi Police Station, Hosur Lashkar Road, B",adugodibcp@ksp.gov.in,080-22942069,Madivala Sub-Division,12.95697,77.577544,,
525.0,Bengaluru City,Bengaluru Urban,Adugodi Traffic PS,"1st floor Corporation building,Hosur lashkar",adugoditrafficbcp@ksp.gov.in,080-22943125,South East Traffic Sub-Division,13.000659,77.631733,,
525.0,Bengaluru City,Bengaluru Urban,Airport Traffic PS,Bangalore-560017,airporttrafficbcp@ksp.gov.in,080-22943115,Whitefield Traffic Sub Division,12.988285,77.589134,,
525.0,Bengaluru City,Bengaluru Urban,Amruthahally PS,"Amruthahalli Police Station, c/o Sriramapura",email@ksp.gov.in,080-22943644,Sampigehalli Sub-Division,12.968827,77.58319,,
525.0,Bengaluru City,Bengaluru Urban,Annapoorneshwari Nagar PS,Annapoorneshwarinagar,apnagarbcp@ksp.gov.in,9480801715,Kengeri Gate Sub-Division,12.951206,77.608546,,
525.0,Bengaluru City,Bengaluru Urban,Ashoknagar PS,ASHOKANAGAR POLICE STATION NEW BLDG COMMISSIO,anagarbcp@ksp.gov.in,080-22942580,Cubban Park Sub division,12.973637,77.621012,,
525.0,Bengaluru City,Bengaluru Urban,Ashoknagar Traffic PS,Behind Philomina Hospital. Mother terasa Road,anagartrafficbcp@ksp.gov.in,080-22943122,Central Traffic  Sub-Division,12.946919,77.609794,,
525.0,Bengaluru City,Bengaluru Urban,Avalahally PS,Avalahally Post,avalahallibng@ksp.gov.in,8028472500,Hosakote Circle,13.000769,77.632562,,
525.0,Bengaluru City,Bengaluru Urban,Bagalagunte PS,BagalagunteBagalagunte,bagalaguntepsbcp@ksp.gov.in,8888-888888,Yeshwanthapura Sub-Division,12.992748,77.59956,,
525.0,Bengaluru City,Bengaluru Urban,Bagalur PS,"BAGALUR PS, BAGALUR, JALA HOBLI, BANGALORE NO",email@ksp.gov.in,080-28469100,Sampigehalli Sub-Division,12.958152,77.59138,,
525.0,Bengaluru City,Bengaluru Urban,Banasawadi Traffic PS,"5th, A main Kalyananagar, Next to KEB Office,",bwaditrafficbcp@ksp.gov.in,080-22942217,East Traffic Sub-Division,12.971531,77.560099,,
525.0,Bengaluru City,Bengaluru Urban,Banashankari PS,"Banashankari Police Station, Near BNM College",bskbcp@ksp.gov.in,080-22942060,Jayanagar Sub-Division,12.966008,77.604609,,
525.0,Bengaluru City,Bengaluru Urban,Banaswadi PS,"No.4, 5th B Main, 2nd Block, HRBR Layout, Kal",bswadibcp@ksp.gov.in,22942552,Banaswadi Sub Division,12.942494,77.57976,,
525.0,Bengaluru City,Bengaluru Urban,Bandepalya PS,BandepalyaBandepalya,bandepalyapsbcp@ksp.gov.in,8888-888888,Electronic City Sub Division,12.94137,77.578241,,
525.0,Bengaluru City,Bengaluru Urban,Basavanagudi PS,"Basavanagudi  Police Station, K.R.Road, Banga",bgudibcp@ksp.gov.in,080-22942057,Jayanagar Sub-Division,13.001459,77.574035,,
525.0,Bengaluru City,Bengaluru Urban,Basavanagudi Traffic PS,add,email@ksp.gov.in,8888-888888,South Traffic Sub-Division,12.989905,77.621919,,
525.0,Bengaluru City,Bengaluru Urban,Basavanagudi Women PS,"Basavanagudi Women Police Station, T.R.Nagar,",bgudiwbcp@ksp.gov.in,080-22943250,Jayanagar Sub-Division,13.001485,77.604328,,
525.0,Bengaluru City,Bengaluru Urban,Beguru PS,BeguruBeguru,begurpsbcp@ksp.gov.in,8888-888888,Electronic City Sub Division,13.009127,77.554802,,
525.0,Bengaluru City,Bengaluru Urban,Bellanduru PS,BellanduruBellanduru,bellandurupsbcp@ksp.gov.in,8888-888888,Marathahalli Sub Division,12.954738,77.582588,,
525.0,Bengaluru City,Bengaluru Urban,Bharathi Nagar PS,"St.Johns Church Road, Behind Bharathinagar Po",bnagarbcp@ksp.gov.in,22942147,Pulakeshinagar Sub-Division,12.964958,77.561507,,
525.0,Bengaluru City,Bengaluru Urban,BIAL PS,"BIAL PS  Near New Bus Station, Devanahalli To",email@ksp.gov.in,080-27680222,Devanahalli Sub-Division,12.961325,77.634304,,
525.0,Bengaluru City,Bengaluru Urban,BIAL Traffic PS,address,bialtrafficbcp@ksp.gov.in,email@ksp.gov.i,North East Traffic Sub Division,12.952686,77.576755,,
525.0,Bengaluru City,Bengaluru Urban,Bommanahalli PS,,email@ksp.gov.in,8888-888888,Mico Layout Sub-Division,12.945079,77.625272,,
525.0,Bengaluru City,Bengaluru Urban,Byadarahalli PS,,email@ksp.gov.in,8888-888888,Vijayanagar Sub-Division,12.96227,77.57973,,
525.0,Bengaluru City,Bengaluru Urban,Byappanahalli PS,"NO 1 & 2, D Block, Byappanhalli, Police Quart",bbpnhallibcp@ksp.gov.in,22942545,Halasur  Sub-Division,12.995805,77.609883,,
525.0,Bengaluru City,Bengaluru Urban,Byatarayanapura PS,"Byataranapura Police Station,  Mysore road,",bypurabcp@ksp.gov.in,080-22942507 08,Kengeri Gate Sub-Division,12.940102,77.600291,,
525.0,Bengaluru City,Bengaluru Urban,Byatrarayanapura Traffic PS,"Byatarayanapura Traffic Police Station, Opp.K",bypuratrafficbcp@ksp.gov.in,080-22943011/26,West Traffic Sub-Division,13.009351,77.602089,,
525.0,Bengaluru City,Bengaluru Urban,Chamarajpet PS,"Chamarajpet Police Station, No-261, 5th Cross",cmpetbcp@ksp.gov.in,080-22942071,Chickpet Sub-Division,13.008656,77.606926,,
525.0,Bengaluru City,Bengaluru Urban,Chamarajpet Traffic PS,"Chickpet Traffic Police Station, 2nd Floor, U",chickpettrafficbcp@ksp.gov.in,8022942664,West Traffic Sub-Division,12.978295,77.59114,,
525.0,Bengaluru City,Bengaluru Urban,Chandra Layout PS,"Chandra Layout Police Station,  Behind BESCOM",clayoutbcp@ksp.gov.in,080-22942512 08,Kengeri Gate Sub-Division,12.962943,77.56896,,
525.0,Bengaluru City,Bengaluru Urban,Channammanakere Achu Kattu PS,"C.K.Achchukattu Police Station, Ground Floor,",chkactps@ksp.gov.in,080-22942380,Vishveshwarapuram Sub Division,12.980111,77.612569,,
525.0,Bengaluru City,Bengaluru Urban,Chikkajala PS,"CHIKKAJALA PS, CHIKKAJALA , JALA HOBLI, BANGA",email@ksp.gov.in,080-28467200,Devanahalli Sub-Division,12.971726,77.585798,,
525.0,Bengaluru City,Bengaluru Urban,Chikkajala Traffic PS,address,chikkajalatrafficbcp@ksp.gov.in,8028467559,North East Traffic Sub Division,13.00604,77.556638,,
525.0,Bengaluru City,Bengaluru Urban,City Market Traffic PS,"City Market Traffic Police Station, Kalasipal",citymarkettrafficbcp@ksp.gov.in,8022943006,West Traffic Sub-Division,12.980994,77.599026,,
525.0,Bengaluru City,Bengaluru Urban,Commercial Street PS,"No.70, Old No.108, Commercial Street, Bangalo",commercialbcp@ksp.gov.in,22942149,Pulakeshinagar Sub-Division,13.005756,77.621063,,
525.0,Bengaluru City,Bengaluru Urban,Cottonpet PS,"Cottonpet  Police Station, Cottonpet Main Road",cotpetbcp@ksp.gov.in,8022942508,Chickpet Sub-Division,12.982128,77.609427,,
525.0,Bengaluru City,Bengaluru Urban,Cubbon Park PS,"CUBBON PARK POLICE STATION,KASTOORBA ROAD, CU",cparkbcp@ksp.gov.in,080-22942591,Cubban Park Sub division,12.989785,77.607276,,
525.0,Bengaluru City,Bengaluru Urban,Cubbonpark Traffic PS,"#99,groad way road ,Cubban park, bangalore-56",cparktrafficbcp@ksp.gov.in,080-22942675,Central Traffic  Sub-Division,12.932315,77.594761,,
525.0,Bengaluru City,Bengaluru Urban,Cyber Crime Police Station,Infantry RoadBengaluru,cybercrimebcp@ksp.gov.in,8888-888888,Bengaluru City,13.001821,77.576265,,
525.0,Bengaluru City,Bengaluru Urban,Devanahalli PS,"Devanahalli PS Near New Bus Station, Devanaha",email@ksp.gov.in,080-27680333,Devanahalli Sub-Division,12.972577,77.582507,,
525.0,Bengaluru City,Bengaluru Urban,Devarajeevanahalli PS,"Srikesrimal, Ananda talkies complex, D.J.Hall",djhallibcp@ksp.gov.in,22942550,K G Halli Sub Division,12.957484,77.630494,,
525.0,Bengaluru City,Bengaluru Urban,East Zone Women PS,Shivajinagar PS Premise,hagatewbcp@ksp.gov.in,080-22942585,Pulakeshinagar Sub-Division,12.93376,77.60127,,
525.0,Bengaluru City,Bengaluru Urban,Electronic City PS,"NO.A.101, 1ST BLOCK, KSFITC LIMITED COMPLEX,",electroniccitybcp@ksp.gov.in,22943476,Electronic City Sub Division,12.995237,77.587962,,
525.0,Bengaluru City,Bengaluru Urban,Electronic City Traffic PS,address,electroniccitytrafficbcp@ksp.gov.in,080-22943718,South East Traffic Sub-Division,12.954231,77.630368,,
525.0,Bengaluru City,Bengaluru Urban,Gangammana Gudi PS,"Gangammagudi P.S. No.T-76/1 &2 S.M.road, Jala",gggudibcp@ksp.gov.in,22942530,Yeshwanthapura Sub-Division,12.944226,77.614732,,
525.0,Bengaluru City,Bengaluru Urban,Girinagar PS,"Girinagar Police Station, 6th Main, Girinagar",gnagarbcp@ksp.gov.in,080-22942073,Vishveshwarapuram Sub Division,13.001564,77.596119,,
525.0,Bengaluru City,Bengaluru Urban,Govindaraja Nagar PS,"Saraswathi Nagar, Huchappa Layout, Govindaraja Nagar Ward",govindaraja@ksp.gov.in,080-88888888,Vijayanagar Sub-Division,12.979279,77.629769,,
525.0,Bengaluru City,Bengaluru Urban,H.A.L. PS,"MARATHALLI MAIN ROAD, NEXT TO HAL MUSEUM, BAN",halbcp@ksp.gov.in,22942542,Marathahalli Sub Division,12.956215,77.606084,,
525.0,Bengaluru City,Bengaluru Urban,Halasur Gate Traffic PS,"Near Corporation, Bangalore-560002",hgatetrafficbcp@ksp.gov.in,080-22943124,Central Traffic  Sub-Division,13.005323,77.605333,,
525.0,Bengaluru City,Bengaluru Urban,Halasur PS,"NO.1, 1st Floor, Halasuru Police Station buil",halasoorbcp@ksp.gov.in,22942541,Halasur  Sub-Division,12.956053,77.615139,,
525.0,Bengaluru City,Bengaluru Urban,Halasur Traffic PS,"Opp Ramaiah circle,Halasur, Bangalore- 560008",halasoortrafficbcp@ksp.gov.in,080-22942751,East Traffic Sub-Division,12.951246,77.601477,,
525.0,Bengaluru City,Bengaluru Urban,Hanumanthanagar PS,"Hanumanthanagar Police Station, Vidhyapita Ci",hnagarbcp@ksp.gov.in,080-22942072,Vishveshwarapuram Sub Division,12.935747,77.595071,,
525.0,Bengaluru City,Bengaluru Urban,Hebbagodi PS,"Hebbagodi,",hebbagodibng@ksp.gov.in,8027832922,Anekal Sub Division,12.948343,77.571846,,
525.0,Bengaluru City,Bengaluru Urban,Hebbal PS,"Hebbala P.S., Hebbala, Bellary Road, Bangalor",hebbalbcp@ksp.gov.in,22942535,J.C. Nagar Sub-Division,13.002068,77.623208,,
525.0,Bengaluru City,Bengaluru Urban,Hennur PS,"No.6/5, Hennur Main Road, Bangalore 560 043.",hennurbcp@ksp.gov.in,22942557,Banaswadi Sub Division,12.959016,77.619541,,
525.0,Bengaluru City,Bengaluru Urban,High Grounds PS,HIGH GROUND POLICE STATION. MILLERS ROAD NEA,Hgroundbcp@ksp.gov.in,080-22942587,Seshadripuram Sub-Division,12.952125,77.58425,,
525.0,Bengaluru City,Bengaluru Urban,High Grounds Traffic PS,"Race course road oppsite Race Couse, bangalor",hgroundtrafficbcp@ksp.gov.in,080-22942917,Central Traffic  Sub-Division,13.004621,77.556013,,
525.0,Bengaluru City,Bengaluru Urban,HSR Lay Out Traffic PS,,email@ksp.gov.in,8888-888888,South East Traffic Sub-Division,12.952894,77.598248,,
525.0,Bengaluru City,Bengaluru Urban,HSR Layout PS,"NO.29/A, 27TH MAIN ROAD, HSR LAYOUT, 1ST SECT",hsrlayoutbcp@ksp.gov.in,25747751 257291,Madivala Sub-Division,12.938299,77.568118,,
525.0,Bengaluru City,Bengaluru Urban,Hulimavu PS,"NO.58/2, GAVI GANGADESHWARA TEMPLE BANDE, BAN",hulimavubcp@ksp.gov.in,22943470,Electronic City Sub Division,12.943276,77.625627,,
525.0,Bengaluru City,Bengaluru Urban,Hulimavu Traffic PS,,email@ksp.gov.in,8888-888888,South East Traffic Sub-Division,12.953859,77.576387,,
525.0,Bengaluru City,Bengaluru Urban,Indiranagar PS,"No.1, Near Venkateshwara petrol bunk, OM Main",inagarbcp@ksp.gov.in,22942541,Halasur  Sub-Division,12.934925,77.610484,,
525.0,Bengaluru City,Bengaluru Urban,J.C. Nagar PS,"J.C.Nagar P.S., J.C.Nagar Jayamahal Main Road",jcnagarbcp@ksp.gov.in,22942534,J.C. Nagar Sub-Division,13.00313,77.601306,,
525.0,Bengaluru City,Bengaluru Urban,Jagajeevanram Nagar PS,"Jagajeevanram Nagar Police Station, Near Sang",jjnagarbcp@ksp.gov.in,080-22942509 08,Kengeri Gate Sub-Division,12.99647,77.594005,,
525.0,Bengaluru City,Bengaluru Urban,Jalahalli PS,"Jalahalli P.S. H.M.T Main, Road, Infront of H",jhallibcp@ksp.gov.in,22942527,Yeshwanthapura Sub-Division,12.977728,77.580207,,
525.0,Bengaluru City,Bengaluru Urban,Jalahalli Traffic PS,,email@ksp.gov.in,8888-888888,North Traffic Sub-Division,13.00811,77.565463,,
525.0,Bengaluru City,Bengaluru Urban,Jayanagar PS,"Jayanagar Police Station, 4th Block, Jyanagar",Jnagarbcp@ksp.gov.in,080-22942058,Jayanagar Sub-Division,12.950568,77.601493,,
525.0,Bengaluru City,Bengaluru Urban,Jayanagar Traffic PS,"jayanagara traffic polic station,diagnol road",jnagartrafficbcp@ksp.gov.in,080-22943105/26,South Traffic Sub-Division,12.98432,77.621701,,
525.0,Bengaluru City,Bengaluru Urban,Jayaprakash Nagar PS,"J.P.Nagar Police Station, 23rd Main, 8th Cros",jpnagarbcp@ksp.gov.in,080-22942059,Jayanagar Sub-Division,12.949272,77.560942,,
525.0,Bengaluru City,Bengaluru Urban,Jeevan Bheemanagar PS,"P2, 10th main road, J.B.Nagar Bangalore",jbnagarbcp@ksp.gov.in,22942543,Halasur  Sub-Division,12.952292,77.57994,,
525.0,Bengaluru City,Bengaluru Urban,Jnanabharathi PS,"Jnanabharathi Police Station,  Bangalore Univ",jbharathibcp@ksp.gov.in,080-22942513 08,Kengeri Gate Sub-Division,12.945319,77.615286,,
525.0,Bengaluru City,Bengaluru Urban,Jnanabharathi Traffic PS,5th Block Second stage nagarabhavi 560072,Jananbharati-west@ksp.gov.in,00000-000000,Vijayanagar traffic sub division,12.947202,77.561372,,
525.0,Bengaluru City,Bengaluru Urban,K G Halli Traffic PS,Arabic College PostNagavara Main Road,kghallitrfbcp@ksp.gov.in,8025474596,East Traffic Sub-Division,12.972235,77.565722,,
525.0,Bengaluru City,Bengaluru Urban,K.R. Puram PS,"No.03, Tank Road, Beside to Govt. Hospital, K",krpurambcp@ksp.gov.in,22942553,Whitefield Sub Division,12.995485,77.628457,,
525.0,Bengaluru City,Bengaluru Urban,K.R.Puram Traffic PS,"Old Madras road,K R Puram Bangalore-560036",krpuramtrafficbcp@ksp.gov.in,080-22942928,Whitefield Traffic Sub Division,12.984198,77.617367,,
525.0,Bengaluru City,Bengaluru Urban,Kadugodi PS,"KADUGODI MAIN ROAD, BIDRAHALLI HOBLI, BANGALO",kadugodibcp@ksp.gov.in,22943471,Whitefield Sub Division,12.997703,77.633835,,
525.0,Bengaluru City,Bengaluru Urban,Kadugondana Halli PS,"Nagarawara Main Raod, K G Halli, Arabic Colle",kghallibcp@ksp.gov.in,22942556,K G Halli Sub Division,12.998807,77.59194,,
525.0,Bengaluru City,Bengaluru Urban,Kamakshipalya PS,"Kamashipalaya Police Station,   # 1, NHCS Lay",kmpalyabcp@ksp.gov.in,080-22942517 08,Vijayanagar Sub-Division,12.947029,77.608761,,
525.0,Bengaluru City,Bengaluru Urban,Kamakshipalya Traffic PS,"Kamakshipalya Traffic  Police Station, Magadi",kmpalyatrafficbcp@ksp.gov.in,8022943009,West Traffic Sub-Division,12.952225,77.596029,,
525.0,Bengaluru City,Bengaluru Urban,Kempapura Agrahara PS,"Kempapura Agrahara Police Station, # 14/5, 1s",kpagaraharabcp@ksp.gov.in,080-22942518 08,Vijayanagar Sub-Division,12.983355,77.596735,,
525.0,Bengaluru City,Bengaluru Urban,Kempegowda Nagar PS,"K.G.Nagar Police Station, K.G.Nagar Road, Ban",kgnagarbcp@ksp.gov.in,080-22942074,Vishveshwarapuram Sub Division,12.96641,77.559837,,
525.0,Bengaluru City,Bengaluru Urban,Kengeri PS,"Kengeri Police Station,  Bangalore Mysore Mai",kengeribcp@ksp.gov.in,080-22942510080,Kengeri Gate Sub-Division,12.932624,77.556719,,
525.0,Bengaluru City,Bengaluru Urban,Kengeri Traffic PS,,email@ksp.gov.in,8888-888888,West Traffic Sub-Division,12.99318,77.596293,,
525.0,Bengaluru City,Bengaluru Urban,Kodigehalli PS,address,email@ksp.gov.in,080-22943703,Yelahanka Sub-Division,12.960441,77.589513,,
525.0,Bengaluru City,Bengaluru Urban,Konanakunte PS,KonanakunteKonanakunte,kkuntepsbcp@ksp.gov.in,8888-888888,Subramanyapura Sub Division,12.934245,77.575219,,
525.0,Bengaluru City,Bengaluru Urban,Koramangala PS,"NO.8/A, 20TH MAIN, 6TH BLOCK, KORAMANGALA, BA",kmangalabcp@ksp.gov.in,22942570 255037,Madivala Sub-Division,12.935941,77.596178,,
525.0,Bengaluru City,Bengaluru Urban,Kothanur PS,address,email@ksp.gov.in,080-22943694,Sampigehalli Sub-Division,12.951798,77.624799,,
525.0,Bengaluru City,Bengaluru Urban,Kumaraswamy Layout PS,"K.S.Layout Police Station, 14th Main, K.S.Lay",kslayoutbcp@ksp.gov.in,080-22942063,Subramanyapura Sub Division,12.961111,77.624407,,
525.0,Bengaluru City,Bengaluru Urban,Kumaraswamy Layout Traffic PS,"kumarswamy layout traffic police station, 1st",kslyttrafficbcp@ksp.gov.in,8022943109,South Traffic Sub-Division,12.966415,77.572351,,
525.0,Bengaluru City,Bengaluru Urban,Kumbalagudu PS,,email@ksp.gov.in,88888-888888,Magadi Sub Division,12.950424,77.59228,,
525.0,Bengaluru City,Bengaluru Urban,Madanayakanahally PS,"Madavara Post, Dasanapura Hobli",mnayakahallibng@ksp.gov.in,23713699,Nelamangala Sub-Division,12.997476,77.561116,,
525.0,Bengaluru City,Bengaluru Urban,Madivala PS,"NO.20/A, PWD BUILDING, HOSUR MAIN ROAD, OPPOS",madivalabcp@ksp.gov.in,22942568 229420,Madivala Sub-Division,12.980427,77.56555,,
525.0,Bengaluru City,Bengaluru Urban,Madivala Traffic PS,"Hosur main road, Madivala,Bangalore-560068",madivalatrafficbcp@ksp.gov.in,080-22943117,South East Traffic Sub-Division,12.938991,77.60736,,
525.0,Bengaluru City,Bengaluru Urban,Magadi Road PS,"Magadi road  Police Station,",mroadbcp@ksp.gov.in,080-22942515 08,Vijayanagar Sub-Division,12.939211,77.610738,,
525.0,Bengaluru City,Bengaluru Urban,Magadi Road Traffic PS,"Magadi Road Traffic Police Station, Opp.Prasa",mroadtrafficbcp@ksp.gov.in,8022942672,West Traffic Sub-Division,13.003965,77.618222,,
525.0,Bengaluru City,Bengaluru Urban,Mahadevapura PS,"Singaihahna Playa, Whitefieild Road, Bangalor",mdpurabcp@ksp.gov.in,22942546,Whitefield Sub Division,12.934047,77.569179,,
525.0,Bengaluru City,Bengaluru Urban,Mahalakshmipuram PS,"Mahalakshmipura PS, No. CA-2, 2nd Main, 12th",mlayoutbcp@ksp.gov.in,22942523,Malleshwaram Sub-Division,12.959913,77.612301,,
525.0,Bengaluru City,Bengaluru Urban,Malleshwaram PS,"Malleswaram P.S. No.47,5th cross, M.K.K. Road",mvmbcp@ksp.gov.in,22942519,Malleshwaram Sub-Division,12.943282,77.617291,,
525.0,Bengaluru City,Bengaluru Urban,Marathahalli PS,MarathahalliMarathahalli,Marathahallipsbcp@ksp.gov.in,8888-888888,Marathahalli Sub Division,12.971347,77.60648,,
525.0,Bengaluru City,Bengaluru Urban,Mico Layout PS,"SHANTHINIKETHAN SCHOOL BUILDING, 1ST MAIN, 3R",micobcp@ksp.gov.in,22942569 229420,Mico Layout Sub-Division,12.990442,77.580077,,
525.0,Bengaluru City,Bengaluru Urban,Mico Layout Traffic PS,"Bannerugatta road , opp Gopalan  mal, Micop L",micolyttrafficbcp@ksp.gov.in,080-22943118,South East Traffic Sub-Division,13.007853,77.63026,,
525.0,Bengaluru City,Bengaluru Urban,Nandini Layout PS,"Nandini Layout P.S. No.6, S.F.H.S. area, Nand",nlayoutbcp@ksp.gov.in,22942539,Malleshwaram Sub-Division,12.989232,77.580033,,
525.0,Bengaluru City,Bengaluru Urban,North East Women PS,New airport road geddalahalli ramanna layout narayanpura bengaluru 560077,northeastwomen@ksp.gov.in,00000-000000,North East,12.953474,77.601266,,
525.0,Bengaluru City,Bengaluru Urban,Parappana Agrahara,"PARAPPANA AGRAHARA, CENTRAL JAIL OPPOSITE BUI",pagraharabcp@ksp.gov.in,22943468,Electronic City Sub Division,12.959211,77.615367,,
525.0,Bengaluru City,Bengaluru Urban,Peenya PS,"No.34,35, 1st Cross, 1st Stage, Peenya Indust",peenyabcp@ksp.gov.in,22942532,Yeshwanthapura Sub-Division,12.950546,77.597605,,
525.0,Bengaluru City,Bengaluru Urban,Pulakeshinagar PS,"Lazar Road, Bangalore",ftownbcp@ksp.gov.in,22942548,Pulakeshinagar Sub-Division,12.944709,77.574226,,
525.0,Bengaluru City,Bengaluru Urban,Pulakeshinagar Traffic PS,"Lazar road, F Town, Bangalore- 560005",ftowntrafficbcp@ksp.gov.in,080-22942924,East Traffic Sub-Division,12.933935,77.5869,,
525.0,Bengaluru City,Bengaluru Urban,Puttenahalli PS,PuttenahalliPuttenahalli,puttenahallipsbcp@ksp.gov.in,8888-888888,Subramanyapura Sub Division,13.002984,77.580081,,
525.0,Bengaluru City,Bengaluru Urban,R.M.C. Yard PS,"R.M.C.Yard P.S. APMC YARD Building, Tumkur ro",rmcyardbcp@ksp.gov.in,22942531,Yeshwanthapura Sub-Division,12.931747,77.583314,,
525.0,Bengaluru City,Bengaluru Urban,R.T. Nagar PS,"R.T.Nagar P.S. C.A No.8, 80 feet road, 1st Bo",rtnagarbcp@ksp.gov.in,22942538,J.C. Nagar Sub-Division,12.973775,77.562093,,
525.0,Bengaluru City,Bengaluru Urban,R.T.Nagar Traffic PS,"R.T.Nagar Traffic PS, BELLARY MAIN ROAD NEAR",rtnagartrafficbcp@ksp.gov.in,8022942813,North East Traffic Sub Division,12.991766,77.613444,,
525.0,Bengaluru City,Bengaluru Urban,Rajagopal Nagar PS,Rajagopalanagar P.S No.137 Rajagopalanagar Ma,rgnagarbcp@ksp.gov.in,22942525,Malleshwaram Sub-Division,13.007062,77.576418,,
525.0,Bengaluru City,Bengaluru Urban,Rajajinagar PS,"Rajajinagar P.S.   No.  12th Main, 2nd block,",rnagarbcp@ksp.gov.in,22942522,Malleshwaram Sub-Division,12.945666,77.619905,,
525.0,Bengaluru City,Bengaluru Urban,Rajanukunte PS,Rajanakunte Post,rajanakuntebng@ksp.gov.in,080-28468936,Doddaballapura Circle,12.990998,77.567796,,
525.0,Bengaluru City,Bengaluru Urban,Rajarajeshwari Nagar PS,address,rrnagarbcp@ksp.gov.in,080-22942559 08,Kengeri Gate Sub-Division,12.972257,77.627429,,
525.0,Bengaluru City,Bengaluru Urban,Ramamurthy Nagar PS,"No.116, Ramamurthy Nagar Main Road, Ramamurth",rmnagarbcp@ksp.gov.in,22942554,Banaswadi Sub Division,12.969811,77.627023,,
525.0,Bengaluru City,Bengaluru Urban,S.J. Park PS,"SILVER JUBLEE PARK, POLICE STATION, BANGALORE",sjparkbcp@ksp.gov.in,080-22942583,Halasurgate Sub-Division,12.943687,77.600867,,
525.0,Bengaluru City,Bengaluru Urban,Sadashivanagar PS,"SADASHIVA NAGAR POLICE STATION,  ,,NEW BEL RO",ssnagarbcp@ksp.gov.in,080-22942589,Seshadripuram Sub-Division,12.959737,77.57367,,
525.0,Bengaluru City,Bengaluru Urban,Sadashivanagar Traffic PS,"Near CPRI, S S Nagar, Bangalore-560012",ssnagartrafficbcp@ksp.gov.in,080-22942915,Central Traffic  Sub-Division,12.939306,77.580066,,
525.0,Bengaluru City,Bengaluru Urban,Sampangiramanagar PS,"SAMPANGIRAMNAGAR POLICE STATION,SAMPANGIRAMNA",srnagarbcp@ksp.gov.in,080-22942582,Halasurgate Sub-Division,12.978281,77.611452,,
525.0,Bengaluru City,Bengaluru Urban,Sampigehalli PS,address,email@ksp.gov.in,080-22943692,Sampigehalli Sub-Division,12.94638,77.616358,,
525.0,Bengaluru City,Bengaluru Urban,Sanjay Nagar PS,"Sanjayanagar P.S. D Rajgopal Main road, Near",sanjaynagarbcp@ksp.gov.in,22942533,J.C. Nagar Sub-Division,13.00424,77.565418,,
525.0,Bengaluru City,Bengaluru Urban,Seshadripuram PS,SHESHADRIPURAM POLICE STATION BANGALORE 56002,sspurambcp@ksp.gov.in,080-22942586,Seshadripuram Sub-Division,12.975762,77.555819,,
525.0,Bengaluru City,Bengaluru Urban,Shankarpura PS,"Shankarpura Police Station, Shankarpuram, Ban",skpurabcp@ksp.gov.in,080-22942054,Vishveshwarapuram Sub Division,12.952807,77.569854,,
525.0,Bengaluru City,Bengaluru Urban,Shivajinagar PS,"No.144, 145, Broadway road, Shivajinagar, Ban",snagarbcp@ksp.gov.in,22942597,Pulakeshinagar Sub-Division,12.93569,77.583933,,
525.0,Bengaluru City,Bengaluru Urban,Shivajinagar Traffic PS,"#146, First Floor, Broad way Road,Shivajinaga",commercialtrafficbcp@ksp.gov.in,080-22942921,East Traffic Sub-Division,13.006637,77.617699,,
525.0,Bengaluru City,Bengaluru Urban,Siddapura PS,"Siddapura Police Station, NIMHANS Compound, B",spurabcp@ksp.gov.in,080-22942068,Jayanagar Sub-Division,12.943442,77.57105,,
525.0,Bengaluru City,Bengaluru Urban,Soladevanahalli PS,"Soladevanahalli P.S. Soladevanahlli, Hesaruga",sdhallibcp@ksp.gov.in,22942529,Yeshwanthapura Sub-Division,12.975959,77.584321,,
525.0,Bengaluru City,Bengaluru Urban,Srirampura PS,"Srirampura P.S. No.47, 9th Main, Srirampura,",srpurambcp@ksp.gov.in,22942520,Malleshwaram Sub-Division,12.935793,77.583079,,
525.0,Bengaluru City,Bengaluru Urban,Subramanyanagar PS,"Subramanyanagar PS No.24, 1st main, E block,",sbnagarbcp@ksp.gov.in,22942524,Malleshwaram Sub-Division,12.998157,77.580331,,
525.0,Bengaluru City,Bengaluru Urban,Subramanyapura PS,"Subramanyapura Police Station, Utharahalli Ma",sbpurabcp@ksp.gov.in,080-22942061,Subramanyapura Sub Division,12.983424,77.61263,,
525.0,Bengaluru City,Bengaluru Urban,Suddaguntepalya PS,GurappanapalyaGurappanapalya,gpalyapsbcp@ksp.gov.in,8888-888888,Mico Layout Sub-Division,12.990989,77.577344,,
525.0,Bengaluru City,Bengaluru Urban,Thalaghattapura PS,BANGALORE - KANAKAPURA MAIN ROAD,tpurarmn2@ksp.gov.in,080-28435250,Subramanyapura Sub Division,12.997952,77.615141,,
525.0,Bengaluru City,Bengaluru Urban,Thilaknagar PS,"NO.66/67, 30TH CROSS, SWAGATH MAIN, TILAK NAG",tlknagarbcp@ksp.gov.in,22942571 224419,Mico Layout Sub-Division,13.009328,77.559532,,
525.0,Bengaluru City,Bengaluru Urban,Upparpet PS,"Upparpet Police Station, Tank Bund Road,",upetbcp@ksp.gov.in,080-22942503 08,Chickpet Sub-Division,12.962675,77.609138,,
525.0,Bengaluru City,Bengaluru Urban,Upparpet Traffic PS,"Office of the ACP Traffic West Sub-Division,",upettrafficbcp@ksp.gov.in,8022942665,West Traffic Sub-Division,13.010379,77.617512,,
525.0,Bengaluru City,Bengaluru Urban,Varthur PS,"VARTHUR MAIN ROAD, BANGALORE 560087",varthurbcp@ksp.gov.in,28539196,Marathahalli Sub Division,12.963378,77.578774,,
525.0,Bengaluru City,Bengaluru Urban,Vidhana Soudha PS,"VIDHANASOUDHA POLICE STATION GROUND FLOOR, M.",vsoudabcp@ksp.gov.in,080-22942590,Cubban Park Sub division,12.982997,77.627662,,
525.0,Bengaluru City,Bengaluru Urban,Vidyaranyapura PS,"Vidyaranyapura P.S. No.280, BEL, 6th block, 6",vrpurabcp@ksp.gov.in,22942528,Yelahanka Sub-Division,12.97308,77.593,,
525.0,Bengaluru City,Bengaluru Urban,Vijayanagar Traffic PS,"Vijaya nagar traffic police station,3rd main,",vjnagartrafficbcp@ksp.gov.in,8022942809,West Traffic Sub-Division,12.98159,77.5938,,
525.0,Bengaluru City,Bengaluru Urban,Vishveshwarapuram PS,"Central Police Station, A.V Road, Chamrajpet,",centralbcp@ksp.gov.in,080-22942070,Vishveshwarapuram Sub Division,12.972623,77.5997,,
525.0,Bengaluru City,Bengaluru Urban,Viveknagar PS,"VIVEKNAGAR POLICE STATION ,,BANGALORE-560047",vknagarbcp@ksp.gov.in,080-22942584,Cubban Park Sub division,12.987038,77.600839,,
525.0,Bengaluru City,Bengaluru Urban,Vyalikaval PS,"VYALIKAVAL POLICE STATION ,2ND MN ROAD  ,VYAL",vkavalbcp@ksp.gov.in,080-22942588,Seshadripuram Sub-Division,12.984676,77.569839,,
525.0,Bengaluru City,Bengaluru Urban,Whitefield PS,"OPPOSITE TESCO, EPIP ROAD, VYDEHI CIRCLE, BAN",whitefieldbcp@ksp.gov.in,22943472,Whitefield Sub Division,12.978372,77.60728,,
525.0,Bengaluru City,Bengaluru Urban,Whitefield Traffic PS,"Kadugodi main road,near railway gate, police",whitefieldtrafficbcp@ksp.gov.in,080-22943706,Whitefield Traffic Sub Division,13.002936,77.59922,,
525.0,Bengaluru City,Bengaluru Urban,Wilsongarden PS,"7TH CROSS, WILSON GARDEN POLICE STATION, WILS",wgardenbcp@ksp.gov.in,080-22942581,Halasurgate Sub-Division,12.965472,77.613425,,
525.0,Bengaluru City,Bengaluru Urban,Wilsongarden Traffic PS,"1st floor, Sidhapura police station, near NIM",wgardentrafficbcp@ksp.gov.in,080-22943120,Central Traffic  Sub-Division,12.934443,77.574662,,
525.0,Bengaluru City,Bengaluru Urban,Yelahanka New Town PS,"YELAHANKA NEW TOWN PS, #809, DOUBLE ROAD, NEA",email@ksp.gov.in,080-22942537,Yelahanka Sub-Division,12.948128,77.613026,,
525.0,Bengaluru City,Bengaluru Urban,Yelahanka PS,"YELAHANKA PS, YELAHANKA, BANGALORE-64",email@ksp.gov.in,080-22942536,Yelahanka Sub-Division,12.999958,77.564118,,
525.0,Bengaluru City,Bengaluru Urban,Yeshwanthapura PS,"Yeshwantpura P.S. CV RAMAN ROAD, YESHWANTHPUR",yspurabcp@ksp.gov.in,22942526,Yeshwanthapura Sub-Division,13.010324,77.621646,,
526.0,Bengaluru Dist,Bengaluru Rural,Anekal PS,"Anekal Town,",anekalbng@ksp.gov.in,8027859235,Anekal Circle,13.240933,77.60866,,
526.0,Bengaluru Dist,Bengaluru Rural,Anugondanahalli PS,Anugondanahally,anugondanhallibng@ksp.gov.in,8027945777,Thirumalashettahalli Circle,13.237506,77.54304,,
526.0,Bengaluru Dist,Bengaluru Rural,Attibele PS,"Attibele,",attibelebng@ksp.gov.in,8027821360,Attibele Circle,13.215799,77.570974,,
526.0,Bengaluru Dist,Bengaluru Rural,Bengaluru CEN Crime PS,"No. 5, Miller RoadBengaluru",dcbbng@ksp.gov.in,8888-888888,Bengaluru District,13.259128,77.581841,,
526.0,Bengaluru Dist,Bengaluru Rural,Bengaluru Dist Women PS,Doddaballapura TownDoddaballapura,email@ksp.gov.in,8888-888888,Doddaballapura Sub-Division,13.226479,77.571286,,
526.0,Bengaluru Dist,Bengaluru Rural,Chennarayapatana PS,Chennarayapatana Tq,crpatnabng@ksp.gov.in,8027644444,Vijayapura Circle,13.248323,77.540675,,
526.0,Bengaluru Dist,Bengaluru Rural,Dobbespet PS,Dobbespet,dobbaspetbng@ksp.gov.in,8027734231,Nelamangala Circle,13.255354,77.613281,,
526.0,Bengaluru Dist,Bengaluru Rural,Doddaballapura Rural PS,Doddaballapura,dbpuraruralbng@ksp.gov.in,8027622025,Doddaballapura Circle,13.229904,77.606027,,
526.0,Bengaluru Dist,Bengaluru Rural,Doddaballapura Town PS,Doddaballapura Town,dbpuratownbng@ksp.gov.in,8027622015,Doddaballapura Circle,13.240758,77.563758,,
526.0,Bengaluru Dist,Bengaluru Rural,Doddabelavangala PS,Doddabelavangala,dbvangalabng@ksp.gov.in,8027655241,Doddaballapura Circle,13.239182,77.576944,,
526.0,Bengaluru Dist,Bengaluru Rural,Hosahalli PS,Hosahally,hosahallybng@ksp.gov.in,8027656008,Doddaballapura Circle,13.203067,77.535094,,
526.0,Bengaluru Dist,Bengaluru Rural,Hosakote PS,"Hosakote, NH4 Road",hosakotebng@ksp.gov.in,8027931570,Hosakote Circle,13.224166,77.584178,,
526.0,Bengaluru Dist,Bengaluru Rural,Jigani PS,,email@ksp.gov.in,8888-888888,Anekal Sub Division,13.195535,77.545677,,
526.0,Bengaluru Dist,Bengaluru Rural,Nandagudi PS,Nandagudi,nandagudibng@ksp.gov.in,8027961250,Nandagudi Circle,13.226695,77.614766,,
526.0,Bengaluru Dist,Bengaluru Rural,Nelamangala Rural PS,"Channappa Badavane, Nelamangala  Town",nelamangalaruralbng@ksp.gov.in,27725223,Nelamangala Circle,13.233433,77.574996,,
526.0,Bengaluru Dist,Bengaluru Rural,Nelamangala Town PS,"Near BH Road, Nelamangala Town",nelamangalabng@ksp.gov.in,8027722133,Nelamangala Circle,13.247336,77.610031,,
526.0,Bengaluru Dist,Bengaluru Rural,Nelamangala Traffic PS,"near Srighanda Petrol bunk,Jakkasandra NH-4,",nelamangalatrafficbng@ksp.gov.in,9742577568,Nelamangala Sub-Division,13.261996,77.555477,,
526.0,Bengaluru Dist,Bengaluru Rural,Sarjapura PS,Sarjapura Main Road,sarjapurabng@ksp.gov.in,8027823032,Attibele Circle,13.234857,77.610177,,
526.0,Bengaluru Dist,Bengaluru Rural,Sulibele PS,Sulibele Main Road,sulibelebng@ksp.gov.in,8027952415,Nandagudi Circle,13.254744,77.562846,,
526.0,Bengaluru Dist,Bengaluru Rural,Suryanagar PS,"Chandapura, Anekal PostAnekal Tq Bangalore Urban District",email@ksp.gov.in,080-29765300,Anekal Sub Division,13.238289,77.57654,,
526.0,Bengaluru Dist,Bengaluru Rural,Thirumalashettahalli PS,Tirumalashettahally Cross,tshallibng@ksp.gov.in,8028549100,Thirumalashettahalli Circle,13.199339,77.578412,,
526.0,Bengaluru Dist,Bengaluru Rural,Thyamagondlu PS,Thymagondalu,tgondalubng@ksp.gov.in,8027732033,Nelamangala Circle,13.186271,77.546687,,
526.0,Bengaluru Dist,Bengaluru Rural,Vijayapura PS,Vijayapura,vijayapurabng@ksp.gov.in,8027668444,Vijayapura Circle,13.25534,77.540392,,
526.0,Bengaluru Dist,Bengaluru Rural,Vishwanathapura PS,address,vnpurabng@ksp.gov.in,8027647399,Vijayapura Circle,13.245095,77.574298,,
529.0,Bidar,Bidar,Aurad PS,Aurad PS,bdrauradps@ksp.gov.in,280048,Aurad Circle,17.882276,77.545091,,
529.0,Bidar,Bidar,Bagdal PS,Bagdal PS,bdrbagdalps@ksp.gov.in,242633,Bidar Rural Circle,17.876302,77.501602,,
529.0,Bidar,Bidar,Basava Kalyana Rural PS,B.Kalyan Rural PS,bkruralpsbdr@ksp.gov.in,252333,Matala Circle,17.913296,77.521333,,
529.0,Bidar,Bidar,Basava Kalyana Town PS,B.Kalyan Town PS,bktownbdr@ksp.gov.in,250336,Basava Kalyana Circle,17.894126,77.537453,,
529.0,Bidar,Bidar,Basava Kalyana Traffic PS,Basava Kalyan traffic PS,bdrbktrafficps@ksp.gov.in,259045,Basava Kalyana Circle,17.912326,77.54093,,
529.0,Bidar,Bidar,Bemalkhed PS,Bemalakheda ps,bemalakhedapsbdr@ksp.gov.in,275444,Chitaguppa Circle,17.916825,77.492494,,
529.0,Bidar,Bidar,Bhalki Rural PS,Bhalki Rural PS,Bhalkiruralpsbdr@ksp.gov.in,262333,Bhalki Rural Circle,17.92673,77.517325,,
529.0,Bidar,Bidar,Bhalki Town PS,Bhalki Town PS,bhalkitownpsbdr@ksp.gov.in,262323,Bhalki Sub-Division,17.950252,77.556147,,
529.0,Bidar,Bidar,Bidar CEN Crime PS,Bidar Town,email@ksp.gov.in,8888-888888,Bidar District,17.882214,77.526149,,
529.0,Bidar,Bidar,Bidar Rural PS,Bidar Rural PS,bdrruralps@ksp.gov.in,232811,Bidar Rural Circle,17.941053,77.569356,,
529.0,Bidar,Bidar,Bidar Town PS,Bidar Town PS,bdrtownps@ksp.gov.in,231046,Bidar Town Circle,17.915002,77.527416,,
529.0,Bidar,Bidar,Bidar Traffic PS,Bidar Traffic PS,pitrafficbdr@ksp.gov.in,226713,Bidar Sub-Division,17.876228,77.551338,,
529.0,Bidar,Bidar,Bidar Women PS,BidarBidar,email@ksp.gov.in,8888-888888,Bidar Sub-Division,17.91922,77.551431,,
529.0,Bidar,Bidar,Chintaki PS,Chintaki PS,chintakipsbdr@ksp.gov.in,284033,Aurad Circle,17.87601,77.568843,,
529.0,Bidar,Bidar,Chitaguppa PS,Chitaguppa PS,chitaguppapsbdr@ksp.gov.in,277133,Chitaguppa Circle,17.948449,77.533322,,
529.0,Bidar,Bidar,Dhannura PS,Dhannura PS,bdrdhannuraps@ksp.gov.in,264231,Bhalki Rural Circle,17.913943,77.548707,,
529.0,Bidar,Bidar,Gandhi Gunj PS,Bidar gandhi gunj ps,bdrggps@ksp.gov.in,226233,Bidar Market Circle,17.930337,77.551215,,
529.0,Bidar,Bidar,Hallikhed PS,"Hallikhed PS,",hallikhedpsbdr@ksp.gov.in,274313,Humnabad Circle,17.90341,77.534652,,
529.0,Bidar,Bidar,Hokrana PS,address,hokranabdr@ksp.gov.in,284444,Aurad Circle,17.879869,77.520523,,
529.0,Bidar,Bidar,Hulsoor PS,Hulsoor PS,bdrhulsurps@ksp.gov.in,253025,Basava Kalyana Circle,17.922393,77.528715,,
529.0,Bidar,Bidar,Humnabad PS,"Humanabad PS,",humnabadpsbdr@ksp.gov.in,270033,Humnabad Circle,17.952765,77.559404,,
529.0,Bidar,Bidar,Humnabad Traffic PS,address,humnabadtrafficbdr@ksp.gov.in,270100,Humnabad Circle,17.880376,77.545715,,
529.0,Bidar,Bidar,Janwada PS,Janwada PS,bdrjanwadaps@ksp.gov.in,244033,Bidar Rural Circle,17.900593,77.525277,,
529.0,Bidar,Bidar,Kamalanagar PS,"Kamalanagar PS,",bdrknagarps@ksp.gov.in,285223,Kamalanagar Circle,17.924305,77.529199,,
529.0,Bidar,Bidar,Khataka Chincholi PS,Khatak Chincholi PS,bdrkcps@ksp.gov.in,265233,Bhalki Rural Circle,17.924377,77.550404,,
529.0,Bidar,Bidar,Kushnoor PS,"Kushnoor PS,",bdrkushnurps@ksp.gov.in,288833,Kamalanagar Circle,17.878133,77.50055,,
529.0,Bidar,Bidar,Manna Ekhelli PS,Mana Ekhelli ps,mannaekhellipsbdr@ksp.gov.in,276833,Chitaguppa Circle,17.899209,77.528041,,
529.0,Bidar,Bidar,Mannalli PS,,email@ksp.gov.in,8888-888888,Bidar Rural Circle,17.92371,77.502497,,
529.0,Bidar,Bidar,Market PS,"Market PS, Mangalepet Road",marketpsbdr@ksp.gov.in,226709,Bidar Market Circle,17.909909,77.53958,,
529.0,Bidar,Bidar,Matala PS,Matala Ps,bdrmtlps@ksp.gov.in,257433,Matala Circle,17.876634,77.553957,,
529.0,Bidar,Bidar,Mehakar PS,,email@ksp.gov.in,8888-888888,Bhalki Rural Circle,17.912724,77.524337,,
529.0,Bidar,Bidar,Mudbi PS,Mudbi PS,bdrmudbips@ksp.gov.in,259833,Matala Circle,17.921872,77.504297,,
529.0,Bidar,Bidar,New Town PS,Bidar new town PS,bdrntps@ksp.gov.in,228256,Bidar Town Circle,17.884418,77.517642,,
529.0,Bidar,Bidar,Shanthapur PS,shanthapur PS,bdrsanthapurps@ksp.gov.in,287633,Aurad Circle,17.890486,77.490848,,
531.0,Chamarajanagar,Chamarajanagar,Chamarajanagar Traffic PS,Chamarajanagar Traffic PSChamarajanagar,email@ksp.gov.in,8888-888888,Chamarajanagar Sub-Division,11.902397,76.956859,,
630.0,Chickballapura,Chikkaballapura,Chelur PS,"Opp. Govt.Primary School, Bagepalli Road, Che",chelurpscbpura@ksp.gov.in,08150-280099,Bagepalli Circle,13.432637,77.718276,,
630.0,Chickballapura,Chikkaballapura,Nandi Giridhama PS,,email@ksp.gov.in,88888-888888,Chickballapura Circle,13.415629,77.697515,,
630.0,Chickballapura,Chikkaballapura,Peresandra PS,"Near Peresandra bus stand,Bengaluru-Hyderabad Highway Chikkaballapura taluk-562104",psandrapscbpura@ksp.gov.in,08156-200040,Peresandra PS,13.470628,77.71039,,
