village,latitude,longitude
Udbhuru,11.9457754,76.2420858
Santemarahalli,12.0454904,76.9811798
Muguru,12.1300386,76.9480955
Agara,12.11511,77.0736938
Madhuvanahalli,12.1549751,77.1462209
Jayapura,12.204282,76.554106
Sattegala,12.2418064,77.1469381
Suntikoppa,12.4528955,75.8319972
Bettadapura,12.4705505,76.1017524
Chikkarasinakere,12.5104177,77.0401745
Kodambahalli,12.5447299,77.2176977
Honganuru,12.6045178,77.2176933
Nidpalli,12.6532205,75.2129927
Ariyadka,12.6707801,75.2621193
Someshwara,12.7853663,74.8555375
Kadaba,12.7424865,75.4643661
Gorur,12.8238999,76.0644435
Kokkada,12.8600733,75.4051349
Hirisave,12.9498785,76.576616
Dharmasthala,12.9519571,75.3813122
Edeyuru,12.9767055,76.8614233
Yekkaru,12.9984,74.8801
Venoor,13.0122097,75.1443252
Hosahalli,13.0584352,75.7232902
Soluru,13.0719814,77.244551
Mayasandra,13.0792918,76.7557088
Bellotte,13.1284096,75.7953947
Gandasi,13.1588838,76.3063432
Narasapura,13.1382537,78.0043951
Hebburu,13.1539112,77.0333844
Belman,13.1685901,74.8739662
Karappanahalli,13.1654407,77.883706
Miyyaru,13.1941048,75.0478833
Vastare,13.2664657,75.7084399
Haranahalli,13.2474129,76.223402
Guluru,13.2929565,77.0925799
Tirugana,13.2275798,75.7334255
Magundi,13.2736671,75.4826707
Doddabelavangala,13.2888795,77.4215754
Kibbanahalli Cross,13.3108237,76.6555124
Joladalu,13.3265544,75.6971687
Perduru,13.3845418,74.903294
Banavara,13.409679,76.1615079
Muttinapura,13.4548098,75.7773611
Dodda Saggere,13.4692342,77.3511528
Someshwara,13.4907662,75.0675281
Saligrama,13.4977795,74.711256
Kanakatte,13.5150883,76.318222
Hariharapura,13.5205251,75.3017655
Santaveri,13.5176157,75.8053752
Dibburahalli,13.556807,77.9054207
Halady,13.5790156,74.863091
Lingadahalli,13.5969321,75.843819
Shankaranarayana,13.6058955,74.8600862
Bukkapattana,13.6519034,76.7482018
Shriramapura,13.6234131,76.4170728
Gudibande,13.6708525,77.7044291
Badavanahalli,13.6756456,77.0667006
Siddapura,13.6628449,74.9123708
Kodigenahalli,13.7203304,77.3859542
Ajjampura,13.7247567,76.0013261
Hosangadi,13.6981946,74.9628494
Kandadankere,13.7343319,76.2607709
Shivani,13.8173269,76.0312718
Arashinagundi,13.7210306,76.5536231
Patapalya,13.7547824,77.9470078
Jadkal,13.8029535,74.805218
Niragunda,13.7810179,76.1873539
Midigesi,13.8323524,77.2006265
Kaggi,13.8716858,75.9365062
Tattannagaripalli,13.8586569,77.9310856
Kollur,13.8634049,74.8137959
Rangapura,13.8591172,76.0862187
Uduvalli,13.88297,76.5819678
Shiroor,13.9131173,74.600754
Hebbu,13.9072595,74.9517349
Hosuru,13.8928506,76.7871338
Nagara,13.8236828,75.0328554
Kalluru,13.9242517,75.2724904
Baraguru,13.9348717,76.9804449
Ayanuru,14.0109821,75.4371898
Shirali,14.0287378,74.5278223
Kumsi,14.0546834,75.400134
Holaluru,14.0375849,75.6801772
Aimangala,14.0946288,76.5356708
Eraballi,14.1034422,76.6500806
Savalanga,14.1028957,75.5265
Chikkajajuru,14.1271672,76.1414501
Nyamati,14.1491131,75.576148
Manki,14.1912103,74.4760608
Tyavanige,14.2495518,75.8859901
Gerusoppa,14.2433775,74.6532531
Kasarakod,14.2436885,74.4494106
Parasurampura,14.2583426,76.8822367
Ulavi,14.2716118,75.109001
Yallappa Nayakana Hosakote,14.2808425,77.173969
Haladipura,14.3419135,74.4236866
Bilagi,14.3603464,74.7978983
Suntikoppa,14.3166038,74.9911155
Bharamasagara,14.3716034,76.1910867
Dodmane,14.3674324,74.6965356
Hadadi,14.3636422,75.8906875
Navilagona,14.3608573,74.436094
Turuvanuru,14.3996758,76.4388304
Anagodu,14.3948798,76.0436527
Mallapura,14.3920896,74.4688786
Tumminakatti,14.4122402,75.6195158
Santeguli,14.4260834,74.5799483
Talaku,14.4489871,76.6801988
Nayakanahatti,14.4687876,76.5441933
Hirekeruru,14.4551224,75.392949
Anaji,14.4809644,76.080088
Mirjana,14.4910008,74.4249588
Tyagali,14.4877412,74.8673105
Bilichodu,14.4934249,76.1597766
Koda,14.516707,75.4470424
Manjaguni,14.5704186,74.6696886
Ammenalli,14.5469092,74.7381585
Anavatti,14.5639826,75.1528978
Havasbhavi,14.5691,75.3687
Sugavi,14.5958447,74.9476554
Madanageri,14.5783382,74.3740459
Hosahalli,14.6481972,76.4675766
Teligi,14.6525936,75.8921504
Agasura,14.6707475,74.3996029
Katrikoppa,14.6909514,75.0488747
Hulekal,14.6945452,74.7618551
Yekkambi,14.6974183,74.9151973
Akki Alura,14.7276739,75.1675785
Hanagal,14.7383723,76.7039857
Kunchuru,14.7315797,75.819423
Avarsa,14.725705,74.2853179
Balimbida,14.7597143,75.2193825
Holalu,14.8404105,75.7129552
Binaga,14.782508,74.124273
Agadi,14.8192806,75.4680102
Gudekote,14.8312256,76.627009
Gullapura,14.8231331,74.618544
Basapura,14.8290746,75.5621652
Bare,14.8193744,74.4882261
Manchikeri,14.8570683,74.8164788
Sadashivagada,14.8539913,74.1349148
Gotegali,14.9038585,74.3037971
Idagundi,14.9306324,74.6697914
Hirehadagalli,14.9257704,75.8319224
Itagi,14.9515483,76.0920437
Bandri,14.9906945,76.4528158
Swamihalli,14.9722834,76.6118302
Yalavigi,15.0367726,75.404264
Dhundshi,15.0273861,75.1432213
Yeshwantanagara,15.0440557,76.4980548
Kiravatti,15.0565922,74.8466728
Chilakanahatti,15.0749176,76.3484162
Holagundi,15.0345275,76.0039508
Belahatti,15.0815607,75.6461298
Yalavadhala,15.1079912,74.9900648
Hampasagara,15.1207139,76.0352346
Tadas,15.1259806,75.1256015
Devikoppa,15.1390471,74.9271302
Bhagavati,15.1559509,74.7596196
Toranagallu,15.1959663,76.6780987
Kudatini,15.1968735,76.7584514
Magadi,15.2172778,75.5116545
Sambrani,15.2438335,74.7609795
Mulagunda,15.2817244,75.5225438
Dhummawada,15.3177061,75.0101072
Dambala,15.2962765,75.7739126
Gonahalu,15.2687501,77.1261982
Sirigeri,15.4380202,76.8359863
Muddatanuru,15.4543765,76.7906885
Kelageri,15.4591502,74.9655503
Kanaginahala,15.4569175,75.7301924
Shriramanagara,15.5006427,76.6030694
Mangaluru,15.5174526,76.1474562
Bidi,15.5659556,74.6537456
Garag,15.5752639,74.9312943
Nandagada,15.576672,74.569272
Abbigeri,15.5863781,75.7551897
Morab,15.5830019,75.157492
Raravi,15.6288893,76.9789873
Salagunda,15.6646271,76.8313099
Doddavada,15.6748405,74.962637
Kanakumbi,15.698217,74.2208598
Hanchinala,15.6810909,75.2412231
Sudi,15.7323276,75.8672062
Tavaragera,15.7671121,76.4036608
Hirebagevadi,15.7757497,74.6451343
Asundi,15.7466879,75.0239822
Hachcholli,15.7902309,76.9908108
Haralakatti,15.79084,75.2671147
Belur,15.8475579,75.7527795
Dotihala,15.8635338,76.2063802
Gudagaladinni,15.8650187,76.6133845
Jawalagera,15.8663913,76.8141525
Nesaragi,15.9078573,74.7757344
Kulageri,15.9043598,75.5118277
Guduru,15.9393613,75.9146111
Kandagalla,15.9557156,76.2727437
Maski,15.958598,76.6573629
Yaragatti,15.9684,75.0242
Vannura,15.971511,74.8174626
Agasanakoppa,16.0572957,75.5649478
Yeregara,16.0698798,77.4139665
Salahalli,16.0707115,75.2310613
Kaladagi,16.2071441,75.4996999
Yamakanamaradi,16.1284616,74.5270181
Maliyabad,16.1529582,77.3633355
Kallura,16.1390426,77.2092093
Ganjihala,16.163991,75.9836195
Nawalakal,16.1641369,76.9704373
Kalamala,16.1976216,77.2062659
Hira,16.1917448,76.8202476
Dannuru,16.1882744,76.0945222
Yadawada,16.242796,75.1810043
Yeramarasa,16.260406,77.3528207
Kulagoda,16.2457475,75.0449901
Nalatavada,16.2456499,76.2927824
Sunaga,16.2893106,75.6184656
Gurugunta,16.2875775,76.6302571
Narayanapura,16.2568404,76.3775713
Bellada Bagewadi,16.2998057,74.7210025
Gabburu,16.308213,77.1565884
Kanagala,16.3205911,74.427637
Kodekala,16.3525638,76.4013955
Jalahalli,16.3651178,76.7808528
Karoshi,16.368001,74.5779514
Devasuguru,16.3716995,77.3640464
Galagali,16.4166757,75.4376016
Devapura,16.4360913,76.7284428
Saundalaga,16.4739018,74.3507001
Sadalaga,16.5579634,74.5325681
Ankali,16.5425256,74.6732625
Huvina Hipparagi,16.5567894,76.0758061
Mamadapura,16.5355457,75.5981182
Saidapura,16.5712766,77.2524218
,16.6022817,76.88147
Mulawada,16.5929168,75.7336238
Shiraguppi,16.6163626,74.7146268
Babaleshwara,16.6684966,75.5741874
Savalagi,16.6705915,75.347202
Alagura,16.69567,76.3617838
Khanapur,16.7104355,77.0116128
Malla,16.7372574,76.5625118
Ukkali,16.7254188,75.8836877
Honawada,16.8072906,75.420336
Kannolli,16.860429,76.1504586
Kakamari,16.8676176,75.2983009
Kanamadi,16.9293574,75.3807719
Atharga,16.9871578,75.8854156
Moratagi,17.0065913,76.4171736
Mudola,17.0616459,77.3965285
Alamela,17.0931024,76.2191287
Horti,17.1170282,75.7868602
Firozabad,17.0838201,76.7898612
Salotagi,17.1321104,76.0201501
Malakheda,17.1954492,77.1588267
Manura,17.2994576,76.0987165
Farahatabad,17.183201,76.7903829
Atanur,17.2399867,76.4812344
Jhalaki,17.2550046,75.8020333
Gobbura,17.2584698,76.6400188
Hadagila Haruti,17.3051941,76.7278016
Kalagi,17.353429,77.1532997
Kodli,17.401,77.1918557
Sulapeta,17.4020075,77.3472677
Gola Buzurg,17.4520234,76.7253172
Bhodhana,17.5703839,76.7525631
Kinnisadaka,17.6625699,77.0598859
Kohinura,17.6769961,76.8061218
Rajeshwara,17.7945208,77.0451667
Dubalagundi,17.8564376,77.1940678
Matala,17.8234453,76.8580322
Anadura,17.9112332,77.4104694
Janawada,18.0022991,77.4790504
Hulasuru,18.0182868,77.0105288
Santhapura,18.1618292,77.4407909
Kamalanagara,18.231026,77.1794898
Mukka,13.0224436,74.7899976
Bilikere,12.3345466,76.4527465
Sampaje,12.5024197,75.5416559
Bengare,12.850139,74.826591
Ilavala,12.3571898,76.5407604
Hosakere,12.9972064,75.5979329
Jannapura,13.0809459,75.6838462
Halaguru,12.4246475,77.2266035
Satanuru,12.4517062,77.3210491
Nitturu,13.3209216,76.8619846
Hangala,11.7456585,76.6483465
Kannuru,13.0923253,77.6538971
Jamboti,15.6905894,74.3682255
Hampi,15.3358,76.4610201
Hebbasale,12.9430358,75.7527913
Hanubalu,13.0050403,75.6977084
Gaddehalli,12.4472432,75.8213877
Honnenahalli,13.1598635,77.5664592
Rajanakunte,13.1691901,77.5639442
Gonikoppalu,12.183561,75.9256489
Titimati,12.2250848,76.0041201
Bileshivale,13.0543306,77.6710224
Dodda Gubbi,13.0712038,77.6731772
Kyalasanahalli,13.0564575,77.6591321
Anagalapura,13.0687589,77.6821872
Bande Bommasandra,13.0765576,77.6809788
Ramapura,13.052449,77.6912841
Aduru,13.0559357,77.7051427
Hirandahalli,13.0468085,77.7227811
Bidarahalli,13.0605545,77.7156056
Gundur,13.0868953,77.7141892
Chimasandra,13.0478619,77.7389164
Avalahalli,13.0352777,77.7365655
Byappanahalli,13.0721257,77.7200164
Kalavara,13.4245463,77.6991738
Ambagilu,13.3710379,74.7464615
Thekkatte,13.5504237,74.7009409
Chettalli,12.370303,75.8308074
Muddenahalli,13.4072056,77.696664
Karahalli,13.3281097,77.6903563
Hesaraghatta,13.1393984,77.4783628
Madanayakanahalli,13.0592472,77.4615112
Kattigenahalli,13.1177735,77.6261222
Nandi,13.385523,77.6983878
Chikkagubbi,13.0806067,77.6662218
Gollahalli,13.0830453,77.675794
Kadaagrahara,13.0806375,77.6916126
Bagaluru,13.1331868,77.6687093
Yarappanahalli,13.086031,77.6862593
Chokkanahalli,13.1132252,77.6873408
Chagalatti,13.1223366,77.6692477
Budigere,13.1351506,77.7471989
Varadenahalli,13.2163779,77.8027272
Kallambella,13.6310454,76.9232261
Belagatta,14.3126387,76.4564698
Ginigera,15.3504116,76.248793
Kampasagara,15.3264162,76.3290008
Munirabad,15.2785018,76.3274884
Talakalla,15.3786175,76.0205937
Bannikoppa,15.3881607,75.9416867
Shantigrama,12.983428,76.2166763
Channasandra,12.9804938,77.7683853
Talapadi,12.7700811,74.8676529
Sullyapadavu,12.613094,75.205501
Marasandra,13.0994918,77.7148543
Bylakuppe,12.4292508,75.9953435
Banashankari,15.8876779,75.7046777
Kottigehara,13.121079,75.5250941
Balur,13.1482346,75.5108753
Siddapura,12.2985232,75.8757618
Somanathapura,12.2761528,76.8833039
Baddadka,12.507245,75.396678
Kanyana,12.5527006,75.278536
Kolcharu,12.519538,75.330971
Paimbechalu,12.5288133,75.3290044
Mandekolu,12.5520043,75.2996154
Peraje,12.5698941,75.2823344
Pallathur,12.583828,75.246823
Muroor,12.5707278,75.2987103
Panjikkal,12.5738257,75.3164242
Alantadka,12.586189,75.246474
Arantodu,12.518399,75.469536
Holalu,12.5528987,76.8502793
Bidarakote,12.6799698,76.9291756
Alakere,12.6017666,76.9643063
Hulivana,12.5888099,76.9026303
Belluru,12.98091,76.7362403
Koppa,12.7110046,76.9569332
Bharathinagara,12.4864366,77.0354145
Arakere,12.4125906,76.8178634
Kottati,12.471694,76.8662436
Pattadakallu,15.9484334,75.8159703
Shirura,16.09805,75.7830011
Hombale,15.5162823,75.557011
Huyilagola,15.520252,75.655373
Balaganuru,15.5879166,75.6085728
Kadadi,15.586659,75.6348514
Shalavadi,15.5824337,75.4727253
Belavanaki,15.6708779,75.5695423
Kurtakoti,15.3671236,75.5233937
Hulakoti,15.4237982,75.543897
Savandurga,12.9159605,77.2977719
Ammatti,12.2387959,75.8578417
Torenuru,12.5487778,75.9908391
Konanuru,12.6293082,76.0498869
Ramanathapura,12.6170192,76.0860769
Kakkabe,12.2583769,75.6450396
Murnadu,12.313537,75.7524477
Kodlipete,12.7986815,75.8876665
Kusugal,15.3961083,75.2097933
Byahatti,15.4474207,75.2043629
Hebsuru,15.450188,75.3030792
Padesur,15.555511,75.3222913
Halebidu,13.2167959,75.9918793
Narendra,15.5087369,74.9768538
Pandavapura,12.5011414,76.6731501
Akkihebbalu,12.6238349,76.3896983
Katte Malalawadi,12.3528212,76.2894961
Palya,12.9494806,75.941541
Hagare,13.1285235,75.9933194
Parkala,13.355273,74.8068364
Marimatti,16.3507121,75.9041377
Chimmalagi,16.4191951,75.8480431
Telagi,16.4749643,75.8178219
Bellur,13.1373251,77.9918549
Madapura,12.2139907,76.9687148
Sosale,12.237889,76.9121719
Talakadu,12.1919942,77.0293979
Balupete,12.9444124,75.8847407
Vemagal,13.1923524,78.0193456
Avati,13.2974815,77.7242766
Anegundi,15.3511368,76.4921443
Kavalura,15.2890121,75.9427469
Handrala,15.3150043,76.0506029
Siddammanahalli,15.268537,76.7875392
Kolagallu,15.193596,76.8671254
Badanahatti,15.3182698,76.8265359
Emmiganuru,15.3984817,76.7070977
Malavi,14.9996153,76.1977023
Gonuru,14.2604688,76.4276776
Ayyanahalli,14.7259867,76.455502
Cheluru,13.4424524,76.9060701
Turchaghatta,14.3781433,75.9231062
Halageri,14.5554607,75.6097133
Sirigere,14.2840739,76.2051907
Sunkasala,14.7367963,74.5174079
Ramanaguli,14.7963225,74.5846341
Huliyurudurga,12.8281852,77.0334582
Chunchanakatte,12.5038487,76.2933754
Honniganahalli,12.4349571,77.2814516
Mangadahalli,12.5633178,77.220671
Udduru,12.2803114,76.3563429
Bijaganahalli,12.3087297,76.3277659
Bannikuppe,12.318711,76.3579642
Alaganchi,12.0931738,76.7786891
Kadakola,12.1927222,76.6645229
Hadinaru,12.1699939,76.7459612
Hanchanala,16.8705355,75.7332497
Sarawada,16.7146313,75.6380496
Toravi,16.8269061,75.6539194
Katanahalli,16.7659333,75.8068123
Kavalagi,16.8271069,75.8474373
Shivanagi,16.823271,75.9825143
Golageri,16.7997453,76.3624845
Yankanchi,16.8664838,76.3497325
Bhatagunaki,17.2576717,75.8735976
Kannur,17.0323513,75.7032507
Kambagi,16.5597113,75.5381129
Bijaragi,16.9136582,75.4421228
Alagura,16.572386,75.3462795
Yakkundi,16.6269408,75.5234562
Sangapura,16.7164564,75.5908164
Sambra,15.8694928,74.6110659
Kiranagi,17.1452888,76.8491137
Heelalige,12.8175735,77.7081053
Gattahalli,12.8685628,77.7026913
Nimbarga,17.386079,76.5853421
Sanganakallu,15.1738536,76.9671823
Korlagundi,15.2783468,76.9692251
Kesturu,12.6922356,77.0593385
Mallasandra,13.3365639,77.0164868
Shanuboganahalli,12.7578327,77.2301736
Jalamangala,12.820985,77.2210866
Nonavinakere,13.1634549,76.5541504
Hiremegalagere,14.5437426,75.9783255
Arasikeri,14.6701212,76.0738697
Tidagundi,16.996831,75.7562389
Tadavalaga,17.0795617,75.9282464
Rugi,17.0882453,75.9689125
Alura,17.236909,75.997068
Karajagi,17.2829625,76.2160332
Hattikuni,16.8513163,77.1540735
Kodla,17.0395761,77.2564662
Digaon,17.0900858,77.1561849
Dandoti,17.1832598,77.1036038
Bagadala,17.7495997,77.399182
Wadagaon,18.1320166,77.5250334
Dhannura,17.9595598,77.3368059
Halabarga,17.9944685,77.3275906
Thana Kushnura,18.1550479,77.3287132
Mudhol,18.2233882,77.3144117
Murki,18.311069,77.2258972
Nandi Bijalgaon,18.4244602,77.303605
Ekamba,18.2827672,77.3721163
Kotyala,16.7848598,75.4933007
Nidoni,16.7013797,75.5316517
Siddayyana Koppalu,12.5197163,76.836369
Kalluru,13.1744257,76.8424141
Chandrashekharapura,13.1505544,76.8845972
Nagavalli,13.2178144,77.0561312
,16.6815989,75.1269916
Kokatanura,16.6903987,75.216656
Haraginadoni,15.1414064,76.7777237
Bhandiwada,15.3551121,75.2644087
Shishvinahalli,15.4223436,75.3227987
Saunshi,15.2042653,75.30426
Gudageri,15.122184,75.3648009
Basapura,15.2610725,75.2974993
Rottigawada,15.3145346,75.3692188
Yaliwala,15.1744988,75.1914348
Betadur,15.2267853,75.1868267
Machenahalli,15.1312778,75.6733029
Tambrahalli,15.1526707,76.1539655
Chilagodu,15.1275121,76.154528
Ramapura,14.8053888,76.2732909
Moraba,14.8566813,76.4038887
Magala,14.9954272,75.7962846
Uttangi,14.9868206,76.0390088
Rampura,12.1124199,76.5571064
Siddapura,15.5303959,76.6360869
Sulebhavi,15.8953415,74.6550619
Vanivilasapura,13.9033948,76.4932603
Bavagi,17.8401601,77.3693747
Mandakanaḷḷi,17.8467977,77.4197789
Ibrahimpura,15.5429609,75.4292684
Tirlapura,15.5477809,75.2462778
Alagawadi,15.6252803,75.2895666
Tyakal,12.9789489,78.0813127
Tadadi,14.525444,74.3535818
Bevuru,16.2082932,75.8911393
Gaddanakeri,16.1839171,75.6233867
Koncharu,12.9734577,74.8734006
Lakkundi,15.3899798,75.7171588
Suratura,15.2474664,75.6116761
Mailappanahalli,13.4246253,77.7054349
Halasuru,12.4332651,77.3177305
Muttatti,12.3067663,77.3109089
Bhuhalli,12.4090794,77.3102461
Shivanasamudra,12.2704944,77.1703161
Basavanahalli,12.3849966,77.2735641
Dodda Maralawadi,12.6104282,77.5256301
Koonala Doddi,12.5751336,77.5075544
,12.5840738,77.5728245
Kabbalu,12.5008805,77.3042748
Malagalu,12.544804,77.4310898
Hegganuru,12.3268757,77.41135
Thokkasandra,12.5877967,77.4902196
Harivesandra,13.3227593,76.9199977
Heruru,13.3087999,76.9245169
Hodaluru,13.2954136,76.8987458
Kadaba,13.2410947,76.8625622
Torehalli,13.2798236,76.9082574
Kittadakuppe,13.2988491,76.9142317
Honnashettihalli,13.2615577,76.8921422
Belavatta,13.2803206,76.8717624
Hulagola,14.7145422,74.814689
Napoklu,12.3058737,75.6884619
Kampalapura,12.3354455,76.159332
Chilkunda,12.338367,76.1873324
Kutta,11.9696155,76.0491296
Ponnampete,12.1443568,75.9421197
Hudikeri,12.085945,75.9406152
Srimangala,12.0186047,75.9892697
Mani,12.8353366,75.1220796
Achangi,12.9606147,75.7961602
Arehalli,13.0456896,75.8031377
Sundekere,12.9931269,75.789491
Gangapura,13.1353985,77.9468796
Tavarekere,13.1334356,77.9290602
Adavi Somapura,15.3911215,75.6568191
Muluru,13.2014543,74.7495583
Kapu,13.2306764,74.7484014
Ucchila,13.1867086,74.7589593
Katapady,13.2824436,74.7461953
Barkuru,13.4674306,74.7536442
Ardy,13.5226481,74.9729377
Mudubagilu,13.5637189,75.1497884
Mundkina Jaddu,13.4208736,74.8069551
Ulturu,13.5488787,74.7228287
Kirugunda,13.0462395,75.6833268
Koradi,13.0294197,75.6947829
Hirebylu,13.200417,75.4117112
Samse,13.1879829,75.3343192
Jodukatte,13.1992327,75.0175347
Anandapura,14.0771569,75.2124556
Rippanpete,13.9911155,75.2606713
Agumbe,13.5084827,75.0962575
Guddekeri,13.5665892,75.1287897
Kabaka,12.7865134,75.1568237
Mangalapadavu,12.7858158,75.0975562
Kalladka,12.8446896,75.0715995
Panemangaluru,12.8726788,75.0461226
Golikatte,12.8215183,75.118792
Kodangai,12.7743907,75.0670738
Suggatta,13.1453132,77.6037194
Channarayapatna,13.2455918,77.797084
Yaliyuru,13.2590186,77.7650965
Karinka,12.8034555,75.1157094
Virakamba,12.8184158,75.0821281
Kikkeri,12.7632226,76.4257051
Punjalakatte,12.9486472,75.1690868
Madantyaru,12.9497164,75.1875072
Halepete,12.9943124,75.3154181
Ujire,12.9954619,75.3301061
Mundaje,13.0295644,75.3745314
Guruvayanakere,12.9852908,75.252727
Krishnapura,15.3328313,76.4547704
Kedila,12.8054674,75.1662107
Manchi,12.8093381,75.0296263
Salethur,12.7901254,75.0215945
Neralakatte,12.8200527,75.1319134
Punacha,12.7248662,75.1525353
Alike,12.7318401,75.1035049
Palahalli,12.4095074,76.6538497
Jammanahalli,12.9225601,75.863571
Belagola,12.3931146,76.6060991
Majjigepura,12.407707,76.5894667
Hulikere,12.3950167,76.5818556
Hanumanthanadoddi,12.6047001,77.5624358
Chiranahalli,12.4987248,76.9182247
Mangala,12.4706207,76.9042598
Shamanewadi,16.5404877,74.4981451
Bedakihala,16.5377676,74.4850427
Madakirapura,14.2275864,76.4406648
Bhimasamudra,14.2017783,76.2543813
Cholachagudda,15.8723399,75.7203488
Surebana,15.8888955,75.3970615
Bommanakunte,14.2972094,76.8686411
Dharmapura,14.06473,76.8611182
,14.0586057,76.8140919
Lakkavalli,13.7017821,75.6559606
Timmalapura,13.808698,75.6918166
Malalichennenahalli,13.7671531,75.7467798
Taraganahalli,14.2611465,75.7146993
Haramagatta,14.0428651,75.6483423
Kuruva,14.1429758,75.6660088
Bommanahalli,15.1681187,74.7104023
Ambikanagar,15.1228078,74.6607177
Hillur,14.6609886,74.4727779
Torke,14.55904,74.3534478
Kuruvangi,13.3160787,75.8160809
Aggadalu,13.1923035,75.7756644
Gendehalli,13.1839836,75.7577528
Hiremagaluru,13.3057305,75.7956901
Bikanahalli,13.3400321,75.801092
Kartikere,13.2918867,75.8091696
Hampapura,13.346207,75.7885184
Teguru,13.2931614,75.7708179
,12.5078389,76.9648547
Konanahalli,12.5325436,76.8671899
Sunagahalli,12.5102408,76.9555038
Dambadahalli,13.2833349,75.7093123
Markala,17.9694165,77.4978775
Kadawada,17.8209653,77.430598
Ashtur,17.9160511,77.5669654
Malkapura,17.8944863,77.5657123
Sultanpura,17.8856955,77.5810678
Gadagi,17.9505606,77.5440728
Narayanapura,17.858409,76.9736405
Korlakatta,14.6159404,74.9616364
Hosakoppa,14.6519135,75.0076639
Andagi,14.6121314,75.0125453
Belekeri,14.6762162,75.0119266
Dasanakoppa,14.6948225,75.012435
Jumanala,16.7549692,75.7312401
,16.5113419,75.5000897
Chikka Galagali,16.4249219,75.4448102
Masuti,16.5077816,75.7847969
Hirur,16.5366083,76.2473403
Sasanuru,16.5925155,76.2585533
Chabanura,16.614038,76.2318776
Tumbagi,16.5791235,76.2893763
Chikka Sindagi,16.8898866,76.2173166
Jalawada,16.7689079,76.151758
Korawara,16.7534259,76.2129128
Kokatanura,16.8270266,76.1895621
Shirola,16.3940094,75.2648468
Navalagi,16.4618146,75.1804108
Siddapura,16.4548738,75.2839408
Belagali,16.3854369,75.1494941
Kulali,16.3959369,75.2236603
Yallati,16.4909979,75.1595213
Hipparagi,16.5550961,75.1697788
Hosura,16.4666917,75.1124552
Hunnur,16.5114073,75.2604204
Mughalkhod,16.376844,75.2073056
Kulahalli,16.5256993,75.1644513
Golabhavi,16.4578844,75.0457712
Handigunda,16.4121291,75.0505256
Hittinahalli,16.7477396,75.7514074
Yavagala,15.7039222,75.5210112
Sulla,15.4488033,75.1767798
Ganjigatti,15.1934211,75.066475
Arekurahatti,15.5174072,75.3152315
Nulvi,15.2718981,75.1663385
Gabbur,15.3132794,75.1376632
Ingalahalli,15.4131199,75.3046903
Mishrikoti,15.2477508,75.057741
Adaragunchi,15.282952,75.1559301
Kanakura,15.5078226,75.1034851
Vanahalli,15.5120684,75.1367892
Amaragol,15.3992432,75.0875767
Hallihala,15.3171249,75.2045113
Sivalli,15.4693612,75.1397876
Yerebudihala,15.2048908,75.3812332
Dandikoppa,15.4639376,75.0433148
Kamadolli,15.2052385,75.2551453
Honnihalli,15.2387372,75.0054213
Devarahubballi,15.3961558,74.9251613
Nigadi,15.3938867,74.9436926
Navalur,15.4309743,75.0430119
Dori,15.4255895,74.7966086
Gundolli,15.249787,74.7772017
Bassapura,15.6048413,74.7725733
Teragaon,15.3707497,74.7626394
Kakkeri,15.4853482,74.7169908
Mangalawada,15.3603083,74.7442213
Madhanabhavi,15.5906172,74.8558145
Madakikoppa,15.4612788,74.8072329
Mangalagatti,15.5439238,74.9635646
Koppa,12.4453651,75.9744971
Kotumachagi,15.5359685,75.7769383
Nagavi,15.3619111,75.6101414
Basapura,15.4760507,75.3804282
Lingadala,15.5834328,75.5513898
Bhadrapura,15.389728,75.3882163
Kalasapura,15.3829955,75.6252561
Hatalageri,15.4191306,75.6877955
Malligavada,15.4841226,74.9528882
Hire Malligavada,15.4850618,74.9594015
Mammigatti,15.508642,74.9441132
Sulage,15.7652197,74.5166041
Honaga,15.9513416,74.5177194
Kalloli,16.2650979,74.8702044
Bastawad,15.8097529,74.5597333
Kakati,15.9326725,74.5255528
Dhamne,15.7955282,74.5434979
Yelluru,15.779896,74.5205738
Negalala,13.5730278,77.1290542
Tovinakere,13.5394712,77.0844997
Mallekavu,13.5658864,77.1935832
Bendone,13.5653911,77.1687105
Tumbadi,13.5686732,77.2368959
Holavanahalli,13.5317065,77.3024547
Mavatturu,13.4500883,77.3325872
Kadalaveni,13.600334,77.4651753
Hosuru,13.5849774,77.436873
Allipura,13.4886858,77.4578593
Bevinahalli,13.494225,77.4822079
Taridalu,13.4837572,77.439693
Devarayanadurga,13.3726702,77.2075933
Sawalagi,17.3479511,76.7314727
Kadaganchi,17.443693,76.6594239
Bhimalli,17.4263191,76.7448939
Chaudapura,17.2345059,76.5532495
Devala Ganagapura,17.1809261,76.534451
Havanuru,17.2499298,76.6842099
Bidanuru,17.2103185,76.6679609
Jamaga,17.4430351,76.7976721
Chinchanasura,17.5198408,76.7854149
Pattana,17.4084196,76.721342
Sultanpura,17.3837662,76.822312
Narona,17.5158915,76.7185306
Keri Abalaga,17.4848449,76.759094
Ravura,17.0884048,77.0030409
Ivani,17.2096233,77.0626356
Mahagaon,17.5214439,76.9154978
Sasargaon,17.4969999,77.2138534
Ainapura,17.615214,77.2203097
Kallahipparaga,17.4138255,77.0445763
Kamakanura,17.3985552,77.0342182
Harasura,17.4334384,76.9753367
Kodadura,17.3024058,77.2006251
Hale Hebbala,17.3774678,77.0640153
Mangalagi,17.2756308,77.2340454
Tengali,17.2520389,77.1336359
Tonasalli,17.2348974,77.1334325
Dhangapura,17.4246971,76.5555357
Chandakavathe,16.9619084,76.1443402
Hittinahalli,16.944545,75.980187
Tamba,16.9992802,75.9932804
Tungala,16.6946105,75.2946694
Hire Padasalagi,16.5926407,75.3840601
Savadi,16.5875713,75.1555623
Ramapura,16.8303818,75.4978285
Maigura,16.6100685,75.2122613
Alavala,16.5782404,75.2350857
Nagarala,16.3391652,75.1775624
Malali,16.3403518,75.2060811
Chippalakatti,16.139458,75.174641
Bijaguppi,16.1134996,75.1983233
Holkunda,16.1476686,75.1252599
Sattigeri,16.0284488,75.04263
Arahunashi,15.7054884,75.6531552
Hole Aluru,15.8255478,75.6461352
Savadi,15.6474425,75.6754956
Tappasakatti,15.945087,75.4904994
Nidagundi,15.6595036,75.8646397
Lakhmapura,15.8648299,75.6208899
Nilagunda,15.9240842,75.5486151
Yere Belari,15.5394308,75.7069558
Mallapura,15.6691471,75.6275963
Hebballi,15.8390346,75.6118623
Nainapura,15.8127663,75.7257888
Itagi,15.738651,75.8255978
Hullikere,15.9950887,75.6036322
Kendura,15.9752197,75.7048267
Jalihala,15.8417306,75.7600369
Somanakatti,15.7623785,75.6433949
Jakkali,15.620379,75.7847789
Hosura,15.8783768,75.8004262
Hosahalli,15.7025789,75.8111858
Nilogalla,15.9059765,75.8611933
Halakeri,15.6174253,75.8790163
Holigere,15.9950173,75.4722687
Muttalageri,15.8945292,75.615886
Belahoda,15.4956583,75.5142297
Hire Handigola,15.4547885,75.5405601
Doni,15.2961366,75.7219292
Chikka Handigola,15.4638171,75.5277746
Harlapura,15.4224051,75.7751168
Karamudi,15.6234504,75.9341375
Itagi,15.443564,75.9675847
Mannapura,15.4304251,75.9509775
Adura,15.5308849,75.9805401
Madinura,15.4235942,76.1301559
Kinnala,15.4430946,76.140143
Sangamnahal,15.5723777,75.9878332
Chilavadgi,15.3964352,76.1638707
Halavarti,15.3218112,76.2101258
Kudarimoti,15.5138722,76.1949866
Niralagi,15.5156338,75.7167697
Chikka Mannur,15.6746814,75.6687171
Bagavadi,15.6905053,76.9143087
Hosahalli,15.7442583,76.7619734
Balaganuru,15.9567258,76.7510993
Dinni,16.1063055,77.2613415
Matamari,16.0299682,77.2959872
Chandrabanda,16.2457941,77.4518065
Kurdi,16.0514305,77.2120249
Genikehal‌,15.3742698,76.8385639
Yarangaligi,15.2561433,76.8406997
Vaddatti,15.3008768,76.8565995
Kottala,15.3951432,76.642029
Somasamudra,15.2394087,76.9002247
Taluru,15.3974173,77.0223288
Moka,15.2382939,77.0580422
Sindigeri,15.3640558,76.9148031
Kappagallu,15.2022995,76.9795775
Koluru,15.2854511,76.9093894
Kenchanagudda,15.6137831,76.8571848
Kotehal Suguru,15.5900217,76.960097
Halekote,15.5711662,76.886778
Gunjalli,15.7755517,76.6265284
Arahalli,15.7762115,76.6836356
Alabanuru,15.7664505,76.8708725
Gorebal,15.6925675,76.7206754
Bukkasagara,15.3509366,76.5322834
Gudaduru,15.3116929,76.9948247
Kammarachedu,15.0555408,77.0424668
Nagarala,15.9955735,75.8568985
Katapura,15.9502704,75.8194551
Hire Nasabi,15.8760483,75.7280642
Hirehala,15.7997748,75.7653108
Honnihalli,15.1466127,75.0583336
Hunagund,15.0586713,75.0188706
Belagali,15.2548903,75.1269288
Karadigudda,15.5609149,75.0379403
Uppina Betageri,15.6128593,75.0065056
Hulakoppa,15.3128455,74.9170544
Belakawadi,12.2563911,77.1256155
Harti,15.3313063,75.5631919
Koliwad,15.3417606,75.4205464
Kallur,15.2774137,75.472923
Kanavi,15.3139499,75.5684
Baradwada,15.2735007,75.3946726
Hulagura,15.0856441,75.2871604
Mattigatta,15.1121761,75.2133352
Attigeri,15.1046575,75.3342909
Ingalagi,15.1220412,75.2357776
Devi Hosur,14.7933607,75.3327364
Allahpura,15.3063422,75.2087745
Londa,15.4524311,74.4932422
Tegur,15.5474225,74.8375382
Ugaragola,15.7484876,75.1760718
Binkadakatti,15.423147,75.5865495
Pethaluru,15.3258983,75.8082494
Mevundi,15.2677997,75.8313901
Alawandi,15.2309643,75.9800352
Hallikeri,15.3839837,75.8845753
Timmapura,15.4338361,75.83296
Jantli Shiruru,15.3641681,75.7829197
Halligudi,15.4018272,75.8330966
Hire Vadvatti,15.2239037,75.7838114
Bannikoppa,15.1018738,75.7203385
Batturu,15.1504542,75.5324097
Suranagi,15.0500651,75.5596998
Hunashikatti,15.6782248,75.351811
Siddapura,15.6923934,75.3098765
Chikka Naragunda,15.7839778,75.3431868
Kittali,15.8415049,75.5447783
Shirola,15.8253867,75.5422457
Konnuru,15.859827,75.4957056
Kadakola,14.9901145,75.4591718
Marola,14.9351714,75.6200854
Balehosuru,14.9877183,75.6003399
Tondihala,15.5389003,75.8822383
Gondabala,15.2740974,76.1290284
Betageri,15.2123183,76.0454314
Kunikeri Thanda,15.3032904,76.2093112
Bahadurabandi,15.3162668,76.1639283
Hire Myageri,15.6768341,75.9228436
Mudhola,15.6412387,75.9514909
Sankanura,15.7035023,75.8822928
Belutagi,15.6935772,76.0023412
Masaba Hanchinala,15.4478794,76.0084793
Hanamasagara,15.8724594,76.0434929
Binnala,15.4930766,75.8749412
Nalavadi,15.3667577,75.3408348
Danapura,15.450727,76.5986002
Sanganala,15.5488001,76.5689393
Gunduru,15.5445303,76.6021604
Hosakera,15.4888335,76.5631244
Hanawala,15.512705,76.5434619
Heruru,15.4927336,76.5097229
Kalamangi,15.7254194,76.5432867
Sangapura,15.5593218,76.8181503
Hulihaidara,15.6588328,76.3908273
Hire Kotankal,15.9623549,76.9524072
Talekhana,15.8798382,76.5385411
Shantageri,15.8172143,75.821745
Hanamanala,15.8610231,75.8922815
Kudala Sangama,16.2033992,76.0604244
Navali,15.6505281,76.5427592
Gudisagara,15.5999709,75.3946486
Hallikeri,15.499026,75.4473934
Belavatagi,15.5930002,75.3772757
Karadi,16.0963801,76.2057073
Nandawadagi,16.018761,76.2829684
Yalagoda,16.7449618,76.3231904
Kalakeri,16.6737093,76.3075895
Sungathana,16.8820049,76.4044086
Hoskoti,16.1664537,75.267852
Jagadala,16.4701979,75.1602857
Kalahalli,16.4741727,75.2390125
Yadali,16.2999935,75.3437665
Ambadagatti,15.6354672,74.7331326
Halagali,16.3298929,75.4781522
Sonna,16.4064834,75.6074871
Kumatagi,16.8172561,75.896458
Kudagi,16.5273458,75.8299681
Ingaleshwara,16.6532315,76.0169611
Konnura,16.4330311,75.3591598
Jainapura,16.4458003,75.5571812
Boragaon,16.6014579,74.5097272
Manakapura,16.642242,74.4654604
Gundewadi,16.8178965,75.0955579
Ramapura,15.4902859,74.8599451
Hannikeri,15.8447872,74.7157834
Sampagaon,15.795385,74.7584749
Mugut Khan Hubli,15.7186448,74.6973494
Neginahala,15.7511588,74.7853615
Belavadi,15.7186233,74.9168815
Budarakatti,15.6590015,74.9149075
Itagi,15.6589176,74.6779963
Gandigawada,15.6195401,74.678133
Hosa Daroji,15.2399892,76.6906723
Daroji,15.2671318,76.6667172
Suguru,15.4852715,76.7350663
Mudenuru,15.8897661,76.2989772
Kandakura,15.7250984,76.22434
Marola,16.1664529,76.1294934
Maiduru,14.848395,76.1107687
Chigateri,14.8214971,76.0893722
Alaburu,14.8999605,76.1501414
Morageri,15.0279423,76.0910343
Kogali,14.9407621,76.1582451
Kottalagi,16.9383566,75.3133915
Muradi,15.5960007,76.1505226
Yaragera,15.8393981,76.0109195
Hire Nandihala,15.7722203,76.0830316
Taluvagera,15.8007488,76.1345047
Muradi,15.8673223,75.9508852
Vittalapura,15.4917365,76.4095029
Tuggaladoni,15.8913651,75.8879189
Benakanahala,15.8125921,76.0348895
Sasvihala,15.8401292,76.335358
Tippanala,15.6152967,76.2620807
Budagumpa,15.5715941,76.7016875
Challura,15.6014095,76.5944852
Marlanahalli,15.5759704,76.6502709
Kekkara,14.3795065,74.460733
Hallura,16.1978375,75.8472961
Katageri,16.0719488,75.6431267
Chimmada,16.4258644,75.1121944
Kaujalagi,16.202569,75.0585553
Batakurki,16.0774208,75.3673277
Harugeri,16.5167921,74.951819
Naganuru,16.3092185,74.9163827
Mantur,16.3825359,75.375634
Rolli,16.3654469,75.6934812
Mamadapura,16.1109831,74.9306928
Yalawara,16.6941312,76.1516218
Aigali,16.7774749,75.2531728
Jambagi,16.8370422,75.0060394
Darur,16.6353217,75.0170107
Kataraki,16.2445472,75.488293
Gote,16.7219734,75.4330211
Jagalabeta,15.3346857,74.5101632
Yatnala,16.9967177,75.5797051
Nivaragi,17.3962262,75.666287
Ahirasanga,17.2548817,75.9381955
Hattalli,17.3716316,75.6933328
Hire Masali,17.0611794,76.0526315
Agarakheda,17.3124396,76.059906
Loni,17.3115682,75.7703324
Halasangi,17.3220474,75.860413
Baradola,17.2794829,75.7274043
Lalasangi,17.1619966,76.1115412
Ingalagi,17.2103884,75.9939097
Hirebevanura,17.2438631,76.0546208
Jigajewani,17.1807593,75.671063
Anjutagi,17.2125581,75.8622923
Magodu,13.7255951,76.9671485
Malaghana,17.0138611,76.2906592
Allagi,17.2065696,76.3022124
Udachana,17.2134671,76.1718172
Hanjagi,17.1380934,75.9044145
Ballurgi,17.2984561,76.3747586
Mashala,17.3220119,76.2404891
Nagathana,16.9296797,75.8451224
Aski,16.6101397,76.3681094
Bhutanala,16.8980458,75.7188272
Minchanal Thanda,16.9920745,75.8323512
Holinagalapura,15.7142408,74.7972759
Bambarage,15.9810861,74.4834987
Kalabhavi,15.6787681,74.8085046
Kadoli,15.935948,74.4897631
Gudadura,15.7196912,74.8198145
Handiganura,15.966718,74.4503026
Kadatanal,15.6960716,74.7959564
,15.7084165,74.5436318
Bastawada,16.4539904,74.8818026
Paramanandawadi,16.5908556,74.9177189
Mugalakhoda,16.4402619,74.9636039
,16.4254606,74.917293
Chinchali,16.5654685,74.8156696
Chamakeri,16.7946823,75.1514836
Muragundi,16.7392641,74.9871155
Ugara Budruk,16.6491913,74.7957154
Madabhavi,16.803471,74.9566919
,16.5548176,74.7049795
Jalalapura,16.5505384,74.7671455
Bhiradi,16.5500548,74.7997592
,16.6172448,75.2054056
Chikka Rugi,16.9542686,76.0267019
Mulasavalagi,16.8878367,76.0257749
,16.8499164,75.7932844
Balaganuru,17.0179425,76.1402519
Nandaragi,17.2007503,75.7740854
Nelogi,17.0590211,76.6080878
,16.9791354,76.5909102
Yadrami,16.855289,76.5310458
Yalagi,16.6869584,76.5030453
Tangadagi,16.2137232,76.0935452
Ingalageri,16.4212061,76.2005634
Konnura,16.524096,76.1699999
,16.4358355,76.1634554
Handiganura,16.7382111,76.2518184
Kondaguli,16.6863174,76.2001872
Golasangi,16.4927269,75.8775918
Yaranala,16.615125,75.8622633
Masabinala,16.6630339,75.9639723
,16.5897071,74.4539409
Karadaga,16.5663348,74.4458116
Bennadi,16.5128419,74.3920233
Kungatolli,16.5412734,74.3302937
Shiradavada,16.5718197,74.4853344
Bhoja,16.5423003,74.440019
Kunnura,16.5383016,74.4147961
Mangura,16.5659013,74.4089906
Hirekodi,16.4692193,74.5880876
,15.8844753,74.4313776
Kinaye,15.7646811,74.4235572
Bekkinakeri,15.9238833,74.4211737
Hattharagi,16.1334891,74.512065
Neja,16.5105541,74.527422
Hattaravata,16.3542729,74.4987507
Kagawada,16.6919386,74.7230472
Mangasuli,16.7327214,74.8354377
Bailur,15.5669542,74.7203969
Parishvada,15.6900197,74.6223492
Yarazaravi,15.9610191,74.9505989
Chachadi,15.9220714,74.8606084
,15.9146916,74.7382847
,16.2344867,74.8441001
Kalakuppi,15.9279885,74.8160608
Arabhavi,16.2193552,74.8213227
Tavaga,16.0805525,74.8036766
Lolasura,16.1834436,74.8294921
,15.9462802,74.7807288
Khanagaon,16.0222123,74.8281013
Maladinni,16.1495292,74.8922357
Konnur,16.2017714,74.7489756
Eksambe,16.5300324,74.6038307
Janawada,16.5676813,74.506799
Galataga,16.4922508,74.4709622
Akol,16.4654141,74.4175205
Jatrata,16.4660009,74.3891821
Molavada,16.5818486,74.7933487
Kusnal,16.6185545,74.8040815
Ingali,16.57266,74.7527842
Kittura,16.6384821,74.9205303
Mole,16.7172784,74.9213792
Aralihatti,16.8686719,74.9498471
,16.7695208,75.1861955
Kongawada,15.6818298,75.4759915
Arahatti,15.5960283,75.1030943
Betasur,15.7289717,75.141428
Hire Narti,15.2813536,75.2953308
Guddenakatti,15.3139741,75.2606694
Yaraguppi,15.3088285,75.3117484
Daderakoppa,15.6579494,75.1894337
Inamhongala,15.6289241,75.073478
Harobelavadi,15.6224926,75.0716039
Javuru,15.6193195,75.2428957
Halakusugalla,15.6062773,75.28746
Ballur,15.6073826,75.2399649
Gaudageri,15.0723783,75.371392
Kalasa,15.0980246,75.4051183
Shirasangi,15.8637747,75.2597729
Kalluru,15.8769885,75.3062382
Kagadala,15.7830478,75.2963335
Chunchanura,15.922768,75.1201545
Ujjinakoppa,15.9377239,75.1124654
Hanamasagara,15.9412214,75.159144
Katakola,15.9877312,75.1405272
,16.1683075,75.2336483
Naganuru,15.836251,74.7825404
Matthikoppa,15.8811002,74.7460129
Bailawada,15.8155817,74.8146035
,15.7054007,74.7518604
,15.7773056,74.7929945
Inchala,15.8702237,74.8409749
Amatura,15.7694325,74.8437718
Anigola,15.7909577,74.8762171
Gamanagatti,15.3796519,75.0760526
Devaragudihala,15.3230836,75.0567803
Savalagi,16.2167439,74.7017975
Kolavi,16.0930298,74.8370623
,16.1731372,74.7402641
Urubinahatti,16.0776627,74.7182139
Nagaramunoli,16.3666217,74.6810966
Umarani,16.400864,74.6289428
Yadaguda,16.3218369,74.6055149
Basapura,16.0582315,74.650469
Hudali,15.9867293,74.6653521
Salavadagi,16.5979257,76.1014208
Gubbewada,16.7903106,76.2957803
Parthanahalli,16.7983606,75.0880673
Halyala,16.648089,75.0243195
Badachi,16.7356292,75.1501132
Radderahatti,16.6399996,75.078248
Babanagara,16.8855027,75.4766715
Ghonasagi,16.9602224,75.4788437
Todalabagi,16.6236852,75.4259223
Ganihara,16.9665777,76.1984207
Hanchali,16.933749,76.1099012
Byakodi,16.8429197,76.2551188
,16.9347865,76.0745438
Vadavadagi,16.5709947,76.1752571
Savalasanga,17.1152197,75.7422528
Nimbaragi,17.2398666,75.6793603
Tonashyala,16.6675381,75.6850819
Chikka Bevanuru,17.1907363,75.9109071
Dhanargi,16.8874692,75.5805386
Lohagaon,16.8863858,75.6083204
Hadli,15.7317322,75.5157133
Kaujageri,15.6954657,75.565103
Nagarahalli,15.4731961,75.3383074
Kuntoji,16.3613341,76.1633179
Kadalabalu,15.0852456,76.1988078
Chinchali,15.290686,75.4877249
Chakalabbi,15.2676874,75.3399192
Hire Harakuni,15.1710045,75.2748348
Tarlaghata,15.1496941,75.2617134
Turamari,15.7111876,74.7702492
Dastikoppa,15.69711,74.7066394
Bhuyar,17.2532738,76.0869511
Herura,17.0906059,76.6655243
Kohalli,16.8064489,75.232692
Jhunjarawada,16.6109753,75.2493929
Chikkatti,16.7008827,75.0719024
Halingali,16.5073583,75.0866834
Kumasagi,17.1043599,76.3657361
Devaranavadagi,17.0759496,76.33643
Devanagaon,17.1655457,76.3295979
Bommanahalli,17.1049321,76.3114519
Guttaragi,16.9333145,76.3600906
Bantanura,16.9463562,76.382724
Bankalagi,16.9088806,76.3304621
Koganuru,17.3375678,76.5668662
Madiyala,17.389574,76.493607
Badadala,17.3153175,76.4136631
Melakunda B.,17.3171823,76.6623447
Kinni Sultana,17.6189584,76.6135776
Nilur,17.3471263,76.6300036
Bhairamadagi,17.2915078,76.5960433
Hiroli,17.5811628,76.3612885
Tadakal,17.6174755,76.654867
Rudrawadi,17.6772696,76.6213756
Khajuri,17.6869983,76.564564
Padasawali,17.5971474,76.4591758
Niragudi,17.6421696,76.4633276
Mataki,17.6269692,76.5102474
Nanduru,17.2519429,76.8960146
Srinivasa Saradagi,17.3255087,76.9578956
Kumasi,17.4533258,76.8444842
Mustari,17.6532975,77.2490765
Sitalagera,17.7952662,77.27933
Udbala,17.6778837,77.2582895
Nimbura,17.7957598,77.2565939
Hudagi,17.7640986,77.1790131
Benachincholi,17.8181163,77.2230839
Manna E Khelli,17.7281523,77.3687607
Nirna,17.6813735,77.3159002
Mangalagi,17.7503373,77.3024264
Ghataboral,17.9014877,77.0792681
Itaga,17.6826606,77.1811345
Hallikheda,17.6777108,77.0703386
Chincholi,17.8944137,77.2033494
Minakera,17.7035029,77.3760546
Sultanabad,17.8970438,77.1737816
Hunasagera,17.8514887,77.0765228
Sirsi,17.8102538,77.369571
Sangolagi,17.8667795,77.3616015
Donagaon,18.2696712,77.2485638
Hedagapura,18.1197106,77.3783736
Chintaki,18.2209222,77.5416448
Belakuni,18.2696584,77.2874712
Jojana,18.1642762,77.4673353
Kautha,18.0353201,77.4751522
Madanura,18.2703747,77.186401
Sundala,18.2523488,77.49753
Sonala,18.1693912,77.1523961
Lakhanagaon,18.1726716,77.1339178
Okali,17.6013225,76.9625347
Holakunda,17.5311734,76.9748774
Kalmuda,17.5716095,77.0537196
Nagura,17.4788121,76.998182
Kusanuru,17.3043461,76.8762265
Kurikota,17.4918184,76.9280336
Dongaragaon,17.6602634,77.0323318
Balura,18.054412,77.3597266
Mirakhala,17.9957542,76.9447489
Yaranalli,18.0464334,77.4350013
Chandanakera,17.5156404,77.1779619
Nitturu,18.1032768,77.3519883
Chandapura,18.0497777,77.3906299
Niragudi,17.7928551,76.9632436
Ujalam,17.7636734,76.7519088
Ladawanti,17.6991252,76.770177
Ghotala,17.8637731,76.7858271
Alanga,17.7316397,76.5497964
Kanakatta,17.8330705,77.092727
Muchalam,17.9490825,77.0331209
Bhatambra,18.0688911,77.1639044
Kheda,18.1668455,77.2210717
Babalada,17.501248,76.8579342
Nandikura,17.2726741,76.812514
Kollur,17.5362731,77.4295504
Maratura,17.2140192,76.8857183
Andola,16.9521992,76.8375932
Naribola,17.0035457,76.9184545
Nalawara,16.9442015,76.9917331
Kadani,17.2563387,76.7330808
Sirasagi,17.3085904,76.7831804
Sonta,17.6119749,77.1106289
Kolakura,17.0853222,76.761739
Kudi,17.1596115,76.7463633
Kellur,16.9487586,76.778455
Balat,18.1505372,77.2693784
Chandori,18.1784248,77.2901672
Aranakala,17.4957006,77.0678988
Ratakala,17.4522193,77.1052841
Degalamadi,17.4940325,77.4068755
Ghorawadi,17.9313695,77.1026724
Changalera,17.6299036,77.3872204
Kanaji,17.9134487,77.2999437
Bhosaga,17.7266616,76.8168707
Chimakoda,18.0004745,77.5908611
Karadakala,16.6071454,76.582158
Karadakala,16.1610242,76.5092094
Parasanahalli,16.6335572,76.5682158
Arakera,16.5315162,76.5062277
Kachakanura,16.5246242,76.5892975
Sidrampura,15.6327123,76.7367202
Timmapura,15.8265426,76.8769122
Medikinala,15.9255176,76.5647031
Gandhinagara,15.6971024,76.6647263
Venkatapura,15.3307474,76.5159184
Halagera,16.6398355,77.1199611
Naikal,16.7229354,77.0658891
Vadagera,16.5862796,77.0968343
Sagara,16.6239268,76.799616
Kadamgera,16.6336505,77.0115128
Kurakunda,16.6492945,77.0389245
Bendabembali,16.4788222,77.1655295
Tadabidi,16.6878652,76.9812454
Ramadurga,16.2925648,77.0697375
Bevinabenchi,16.3429559,77.2971233
Hirebuduru,16.4000072,77.0749107
Attanura,16.1836675,77.1056621
,16.2095174,77.0625117
Koppara,16.4947935,77.0241928
Hanumanadoddi,16.3208683,77.4190634
Venkatapura,16.2667776,77.2438723
Ganjahalli,16.3494099,77.411036
Chikkabudura,16.4352491,77.0518052
Kyadigeri,16.2321407,76.9554049
Doranahalli,16.7311463,76.9164623
Ramanala,16.4592983,77.0006992
Kurkihalli,16.5031246,77.0604815
Kanyakolura,16.6640215,76.8933603
Ibrahimpura,16.7923903,76.9533889
Shirawala,16.812255,76.8867738
Madriki,16.8022308,76.7786599
Mudabi,17.7284867,76.9382209
Islampura,17.7798264,77.0194911
Morakhandi,17.8697947,76.8733735
Kitta,17.8768728,77.0145001
Belura,17.539699,77.015537
Jivanagi,17.5270418,77.0293378
Rajola,17.8496251,77.0549628
Harakuda,17.7009108,76.8622576
Gundura,17.7775851,76.8617486
Byalahalli,17.8907452,77.3295709
Sindola,17.7120584,77.4532337
Chalakapura,17.8912266,77.2665046
Rekulagi,17.7659832,77.3442144
Marakunda,17.7094094,77.416696
Bhagodi,17.1901412,77.037587
Honagunta,17.0574052,76.9074011
Ramasamudra,16.772796,77.2363997
Jayagrama,16.6469507,77.4257135
,16.9858907,76.9419609
Bandalli,16.8012525,77.1426386
Minasapura,16.7853598,77.4094718
Ladlapura,16.9777731,77.0358616
Kamarawadi,17.0400672,77.0353546
Sannati,16.8293201,76.9080631
Satanura,17.0407198,77.1180756
Himalapura,16.8652976,77.3385011
Chapetla,16.8782227,77.3374508
Motanalli,16.927986,77.2155238
Kakalawara,16.893131,77.3547665
Kandakura,16.7810513,77.3308424
Chintakunta,16.9269989,77.2493513
Yedallapura,16.8792697,77.312678
Magdampur,16.8003403,77.2956684
Ashanala,16.8004364,77.2180264
,16.5632898,77.315685
Madlapura,15.937547,77.0721546
Madagiri,16.0933168,77.0755448
Halapura,16.0125963,76.7169672
Byagawata,15.9966692,76.8907705
Chagabhavi,16.1224956,77.0133056
,16.1535288,77.0951728
Toranadinni,16.0277095,76.7734941
Bagalawada,16.0534288,76.8894396
Chincharaki,16.2029276,76.787104
Duradundi,16.2595149,74.8107674
Ankalagi,16.0265709,74.6935538
Shindikurabeta,16.2122759,74.7909685
Harogeri,15.1890658,75.8026192
Nandhikeshwara,15.9446211,75.7600722
Hallakurki,16.004697,75.644096
Hullikeri,15.9962675,75.7884222
Kelawadi,16.0670162,75.7094333
,16.0886475,75.7379973
Achanura,16.2363286,75.827521
Bairamatti,16.1803446,75.8539013
,16.1461218,75.7289605
Ramapura,16.3016909,75.8911781
Kirasura,16.1926029,75.755616
Ingalagi,16.1132868,75.8855694
,16.2792819,75.5058237
Jadramakunti,16.2855931,75.8210428
,16.237866,75.5460502
Mugalihala,16.1078095,75.0440859
Marali,15.4740083,76.5728853
Basapattana,15.4479947,76.4819486
Hulkihala,15.5737376,76.6031313
Hirekheda,15.6224198,76.4498682
Musalapura,15.5391305,76.3255747
Asuti,15.7785785,75.588412
Madalageri,15.7897662,75.7310659
Nallura,15.8137882,75.8525832
Karamudi,15.7711626,75.5812894
Balagoda,15.8074329,75.7907386
Mushigeri,15.7981201,75.8564176
Hunagundi,15.7861904,75.6919446
Mugali,15.7394749,75.7833295
Kuntoji,15.7574291,76.0056383
Hulluru,15.7412631,75.6685829
Bevinakatti,15.749729,75.8819593
Benahal,15.789677,75.6835597
Kotabala,15.7523499,75.7505827
Mudenahatti,15.7410414,75.6853777
Rajuru,15.7377797,75.9295409
Hiremannura,15.70678,75.6627573
Kurahatti,15.7480986,75.7221221
Gujamagadi,15.5566352,75.6719234
Gavarawada,15.5772414,75.6443546
Hole Hadagali,15.8238094,75.6850396
Kalakeri,15.1613518,75.8351001
Beladhadi,15.336506,75.6200068
Vadavi,15.0425261,75.6900699
,15.1221893,75.5763001
Hosura,15.0471605,75.6857635
Shigli,15.0634263,75.4675251
Yattinahalli,15.2505534,75.4329508
Adarakatti,15.1297225,75.4914677
Yalavatti,15.2558718,75.4860485
Tarikoppa,15.0715999,75.7302169
Kundrahalli,15.147942,75.556931
Hulluru,15.0811659,75.5801986
Konchigeri,15.0443169,75.6291104
Nelugala,15.0713771,75.6002062
Dodduru,15.0589481,75.5118656
Majjura,15.1759767,75.6405917
Gonala,15.0804342,75.4296388
Sankadala,15.1332341,75.554226
Chhabbi,15.1704281,75.597105
Futagaon Badni,15.1188238,75.5450658
Ramageri,15.1396386,75.433416
Hammigi,15.0452601,75.8331245
Hesarura,15.0202497,75.5020001
Bidarahalli,15.0138202,75.7901708
Baradura,15.2408821,75.8634651
Kalakeri,15.6828662,75.3732912
Redderanaganura,15.772772,75.5315071
Navalli,15.5484943,75.4785306
Thuppadukkarahalli,15.5410822,75.4936888
Kanakikoppa,15.714164,75.2872051
Hebbala,14.9992476,75.7224672
Yallapura,14.9865959,75.5436936
Koganuru,15.003559,75.6655431
Akkigunda,15.1815514,75.5194573
Kokkaragundi,15.0383999,75.612834
Devihala,15.1077439,75.6234846
Kelura,15.1511285,75.7727149
,15.0087192,75.7843549
Bagewadi,15.1180437,75.7626874
Ranatura,15.1092191,75.6392127
Mushtikoppa,15.1603808,75.8235695
Venkatapura,15.3503717,75.8577723
Pashupatihal,15.1747292,75.3727885
,15.4082062,75.5866098
Harlapura,15.1210811,75.4136881
Banahatti,15.6699137,75.4129474
Bhairanahatti,15.7694666,75.4394153
Hole Itagi,14.9559752,75.7195268
Anturu,15.3644155,75.468083
Kalakeri,15.4137655,74.8813751
Benachi,15.4062334,74.7751807
Murakatti,15.3808503,74.9015883
Shibaragatti,15.57044,74.9831785
Lokur,15.5993941,74.9707458
Kurubagatti,15.568591,74.9650475
Tadakoda,15.6078585,74.9080529
Kubihal,15.1684178,75.2167764
Malali,15.1406472,75.1727419
Hanchinala,15.1959132,75.2271977
Chhabbi,15.2307708,75.157658
Shirur,15.2318031,75.270283
Aralikatti,15.2092485,75.1662759
Maradagi,15.4784046,75.1183755
Manasur,15.4060441,74.9721418
Hiresindogi,15.2959577,76.0955822
Kamanura,15.426275,76.2315284
Sanapura,15.3489789,76.4366527
Budagumpa,15.3936768,76.3132516
Libageri,15.4101064,76.206079
Hunasihala,15.5991786,76.1972658
Gunnala,15.5921177,76.2304632
Nagura,16.0082806,76.0133537
Chittaragi,16.1184392,75.9739668
Bijakalla,15.8202317,76.206799
Amaravati,16.0566715,76.0810937
Mandaligere,15.4589408,75.9600818
Yarehanchinala,15.4748327,75.8478551
Sompura,15.4422603,75.892662
Kallura,15.5486089,76.0139113
Bandi,15.7328363,76.0565301
Vanageri,15.5632255,76.150299
Konasagara,15.69723,76.0980893
Vajrabandi,15.6680358,76.1073959
Mandalamari,15.647788,76.1467034
Konapura,15.5163739,76.0344818
Hiregonnegara,15.8091951,75.9545434
Koradakeri,15.7635918,76.1255843
Vakkandruga,15.9139709,75.8308142
Kabbaragi,15.9240056,75.9965686
Chalageri,15.8234726,76.0926635
Nerebenchi,15.7114276,76.1847683
Yaddoni,15.690525,76.2356551
Nagarala,15.7163501,76.2624754
Agoli,15.4813466,76.3855201
Basarihalli,15.5954134,76.3731713
Hanamanala,15.6165603,76.419096
Devalapura,15.6171185,76.3101019
Layadanisi,15.6578856,76.3748516
Ranjanagi,16.3153284,75.2088402
Hosayaragudri,16.2750177,75.1314795
Venkatapura,16.2849733,75.0905147
Honakuppi,16.2230451,75.0139482
Kunnala,16.1685199,75.1771406
Uttura,16.3215859,75.2231845
Rugi,16.3006376,75.2761012
Bisanakoppa,16.3127313,75.0487941
,16.1794207,75.0949936
Chikkabaganala,15.2757156,76.2430761
Muddaballi,15.2758566,76.1485233
,15.2692041,76.2233869
Halagera,15.3696218,76.0812034
Bochanahalli,15.1897568,76.0083146
Irakallagada,15.4679249,76.2207842
Bisaralli,15.2727063,76.0792492
Indaragi,15.4408726,76.3252986
Bhimanura,15.3832844,76.243223
Vanaballari,15.4603036,76.2886147
Katapura,15.9503085,75.9836539
Ramapura,15.9111686,75.7960905
Menadala,15.7235138,76.3923592
Hulagera,15.9532429,76.0570926
,15.693958,76.4400657
Malagatti,15.8169229,75.9016835
Bilagi,15.9099407,76.0131008
,15.9107817,76.0347911
Umaluti,15.7336505,76.4763587
Ullanuru,15.4985182,76.7189816
Nandihalli,15.5341364,76.7971444
Iliginura,15.5248482,76.6872312
,15.4998558,76.7501857
Bevinala,15.6352754,76.6391535
Yaradona,15.5617842,76.6796854
Mavinahalli,15.2769772,76.6968272
Devasamudra,15.3545285,76.6322135
Hanchinala,15.6716045,76.6821269
,15.3024322,76.7175425
Raudakunda,15.6778776,76.7755779
Virapura,15.404251,76.7808307
Hattigudda,15.7887804,76.5573622
Mukunda,15.6060153,76.8181957
Guttiganuru,15.3481922,76.7227108
Hogaranala,15.8233943,76.5273958
Devalapura,15.2848136,76.6429944
Udbala,15.7333,76.8218402
Konasavi,15.9744672,76.3202884
,15.9485285,76.2065739
,15.9287282,76.0860355
Amadihala,16.013567,76.3652454
Chamalapura,16.0532133,76.2955814
Yaradihala,15.9988719,76.3720025
Kambalihala,16.0672388,76.293881
Obalapura,15.0762945,76.3028303
Gollarahalli,15.1078693,76.3720148
Haruvanahalli,15.0807684,76.3547937
Hanasi,14.9464066,76.3050497
Timmalapura,15.0485894,76.3566077
Chitta,17.8531791,77.514967
,17.9448418,77.6033952
Sangameshwara,15.184341,74.87651
Jinnur,15.1582281,75.0268304
Dyavanakonda,15.1374171,75.0130947
Muttagi,15.2695268,74.9768364
Mukkalla,15.1225288,75.0117824
Bammigatti,15.0839813,74.9796547
Tambura,15.0987165,74.9296219
Sulikatti,15.1710205,74.8764823
Biravalli,15.1103612,75.0658536
Amaragola,15.6508882,75.3979221
Yamanura,15.5373448,75.3123547
Belahara,15.5008785,75.3359623
Gobbaragumpi,15.6036214,75.3301364
Tadahala,15.6682082,75.4475357
Kondikoppa,15.4463004,75.4784286
,15.6067724,75.103581
Kalawada,15.4908434,75.3198199
Sasvihalli,15.4751412,75.4768821
Shanavada,15.5976377,75.3110534
Kabanur,15.0507699,75.2349797
Kyalakonda,15.0741665,75.2647659
Belavalakoppa,15.0812753,75.2334241
Bannura,15.0354143,75.2484551
Mallur,15.0206634,75.2767992
Hattimattura,14.9437799,75.4241117
Guttala,14.8378416,75.6329114
Negalur,14.894872,75.6068558
Hosaritthi,14.8979126,75.5531647
Kancharagatti,14.8167817,75.6596037
Jallapura,14.9637576,75.400879
Yalagachcha,14.8655182,75.5125555
Havanuru,14.863457,75.6924065
Belavigi,14.9243063,75.6584408
Ramapura,15.3817578,76.4825123
Ayodhya,15.4340755,76.5989832
Ramasagara,15.3764222,76.5761897
Chikkajantakal,15.4167639,76.5850617
Mallapura,15.3924826,76.4861779
Acharanarasipura,15.468946,76.5903613
Sangapura,15.3952705,76.5222107
Ranjolakheni,17.796953,77.314843
Kasimpura,17.7890228,77.3987734
Savalagi,17.6105587,76.7424815
Tawaragera,17.4108533,76.8958891
Ganajalakheda,17.4314575,76.847928
Kalahangaraga,17.4764721,76.8023897
Dharmawadi,17.4148838,76.6419736
Hasaragundagi,17.1361414,76.5905472
Kavalaga Buzurg,17.1710961,76.7015111
Jogura,17.1230482,76.6339497
Kavalaga Khurd,17.1575361,76.7130932
Bandarawada,17.1786181,76.5819485
Hagarahundagi,17.1640055,76.7426437
Hunashyala,16.5628694,76.045578
Devura,16.7825375,76.095351
Yaragala Budruk,16.9413251,76.3131683
Puradala,16.7983257,76.2376222
Dindawara,16.660793,76.0516415
Hegadihala,16.7341438,75.836105
Sangapura,16.6008095,75.5434107
Asangi,16.4887301,75.7416817
Hattarakihala,16.6569939,75.8977512
Katrala,16.6018132,75.5023504
Yambatnala,16.7469178,75.9403772
Deginala,16.6747327,75.9195256
Siddapura,16.3907992,76.0351747
Karaganura,16.5243756,76.3719278
Bolavada,16.5311162,76.2902114
Hallura,16.4645361,76.1228017
Kodaganura,16.5193805,76.3738892
Lakkundi,16.5255464,76.4084687
Bommanahalli,16.5280259,76.2971729
Hosalli,16.5772599,76.3082811
Basarakoda,16.3970529,76.0778609
Kalagi,16.3124544,76.0112822
Rudagi,16.4274748,76.0737419
Hadalageri,16.3205981,76.1037224
Yalagura,16.3280166,75.9261833
Bidarakundi,16.36136,76.1201194
,16.3089114,76.0687528
Kolura,16.2711134,76.1498934
Hullura,16.3581964,75.998942
Ballolli,17.23465,75.8015479
Tenihalli,17.0403027,75.9626872
Korahalli,17.0295052,76.2254474
Lachyana,17.2761015,75.9668416
Khedagi,17.2332366,76.1342999
Chikkamannura,17.2959548,76.0880919
,17.2106197,75.7371031
Shirashyada,17.0770983,76.106026
Hosa Umarani,17.4007842,75.7362426
Hebbala,16.4374532,75.9419779
Unnibhavi,16.4427251,75.9137811
Satalagaon,17.1442648,76.0757684
Miragi,17.1746533,76.1710574
Hangaragi,16.4756784,75.9288992
Vandala,16.4147867,75.8853831
Siddanatha,16.4197217,75.7667933
Kauvalagi,16.4410469,75.817063
Biraladinni,16.4548838,75.8895517
Hanamapura,16.4372923,75.7538108
Arashanagi,16.423105,75.8046855
Satihala,16.7329843,76.0563901
Dhavalagi,16.4341777,76.1185097
Rebinala,16.6963032,76.0314312
Itagi,16.380352,76.0018106
Nagura,16.5348767,75.9786831
Gudadinni,16.4065979,76.021068
Muttagi,16.5260272,75.8878469
Rakkasagi,16.0585327,75.9728837
Simikeri,16.1769653,75.6105039
Mannikatti,16.1664719,75.7735367
Chikkashelikeri,16.1544242,75.5139026
Binjavadagi,16.0649737,76.1085044
Bhagawati,16.1952829,75.8076908
Benakatti,16.1513034,75.8087829
Shirabadagi,15.9421286,75.7769485
Sulikeri,16.1116524,75.6602098
Kagalagumba,16.1101002,75.6206907
Gangura,16.1112252,75.9625146
Ambalikoppa,16.1554547,75.9106439
Anavala,16.0989439,75.4726995
Kelur,15.9776091,75.9105347
Vaddageri,15.9433269,75.9402552
Baragi,16.2876775,75.3660628
Bidari,16.2441335,75.3682695
Hebbala,16.2168664,75.3619019
Chaudapura,16.1820704,75.375949
Dadanatti,16.1618889,75.3046004
Vajramatti,16.2925394,75.3726673
Herakalla,16.2665229,75.6903856
Yalligutti,16.2431151,75.7056341
Janamatti,16.2904273,75.5431261
Tummaramatti,16.2610805,75.6427627
Kontikalla,16.3784903,75.5832841
,16.2585587,75.6268553
Tolamatti,16.3016715,75.6617823
Bhantanuru,16.2191686,75.4264143
Kumbarahalla,16.5410811,75.332335
Kunchanura,16.5349538,75.3747782
Chikka Alagundi,16.2617676,75.4377385
Madarakhandi,16.4990524,75.2449876
Sutagundara,16.2844456,75.9880177
Hanagandi,16.4882694,75.0759381
Asangi,16.4981196,75.1275144
Shurpalli,16.5869229,75.2809034
Mallapura,16.3008134,75.1425204
Kesarapenta,16.1304333,76.1987147
Chikkamyageri,16.2756058,76.0302652
Tumba,16.0121078,76.1376961
Tarivala,16.0494188,76.168272
Chikka Adapura,16.0394209,76.2121048
Ramapura,16.1353301,76.3163597
Islampura,16.1484542,76.226801
,16.0187974,76.2153382
,16.1626163,76.1930782
Kamaladinni,16.1713721,76.3114604
Chitavadagi,16.0213349,76.0327623
Budmi,16.4602717,75.3894708
Teggi,16.3762737,75.5279327
Budihala,16.4186666,75.4938285
Yadahalli,16.3967505,75.4544488
ಲಿಂಗನೂರ,16.4802379,75.3917995
,15.9605398,75.5688494
Halageri,15.9772289,75.5302251
Yaragoppa,15.8925187,75.6564483
Karadigudda,15.9310503,75.5832232
Niralakeri,15.9744946,75.457078
Mallageri,15.864484,75.6398427
Bankaneri,15.8708164,75.5569091
Kakanur,15.9377743,75.4312959
Alura,15.889826,75.469894
Sangala,15.888906,75.4358123
Hirekoppa,15.8364331,75.4123602
Chikkoppa,15.8413468,75.4288437
Ronihala,16.5095359,75.7023487
Kakhandaki,16.6003577,75.6400645
Uppaladinni,16.5142047,75.6239112
Bodanayakadinni,16.2500826,75.8979386
Mankani,16.2905925,75.9672455
Nayanegali,16.2925753,75.9458536
Bilkerura,16.2621939,75.8626873
Hire Magi,16.1099663,75.9331117
Budihala,16.1403089,75.913586
Kachapura,16.0855586,76.4178886
,16.100478,76.3464773
Vajjala,16.4758595,76.548166
Rajanakollura,16.3756318,76.4595264
Naganura,16.6854891,76.5991128
Baichabala,16.5559286,76.5662191
Kolihala,16.4925003,76.462741
Nagalapura,15.9295305,76.441796
Mavinabhavi,16.1001904,76.4371241
Niralakeri,16.1476792,76.4470018
Vyakaranala,15.9291932,76.4221897
Anehosuru,16.157248,76.3996897
Bannigola,15.9735044,76.4126199
Melligeri,16.3579474,75.4283257
Amalazari,16.3820016,75.4055215
,16.4018378,75.3294161
Mugalolli,16.2218012,75.7544639
Kudremukha,13.2190695,75.2510322
Badagandi,16.3480108,75.645931
Nirabudihala,16.1281154,75.5243903
Hosuru,16.0213886,75.4674128
Girisagara,16.3553302,75.7059602
Kadarakoppa,16.1311947,75.416296
Malagi,17.3022317,77.229187
Yalakapalli,17.4295241,77.3211929
Dastapura,17.4235414,77.3646557
Chimma Idlayi,17.4394292,77.3741789
Rustampura,17.4589275,77.3027605
Chimmanachoda,17.5222981,77.2972083
Terakanambi,11.8132795,76.788971
Dadamatti,16.7050299,75.6791372
Tajapura,16.7794022,75.5570523
Kanamuchanala,16.7445263,75.612055
Dhanyala,16.7531455,75.5711822
Jalageri,16.9299778,75.6242109
Arakeri,16.9181161,75.6947086
Inchageri,17.1099021,75.6906523
Padanura,17.3160365,75.9876654
Hadalasanga,17.173997,75.7526937
Chanegaon,17.3846365,75.8664923
Shiranala,17.3993396,75.8197295
Manankalagi,17.3248505,75.7987423
Dholakheda,17.3902789,75.8436388
Gotyala,17.2882785,75.7951569
Benakanahalli,16.9758312,75.9319707
Sasabala,16.8140049,76.3425565
Gundagi,17.0757357,76.2675454
Otihala,16.8924601,76.1414858
Budihala,16.8953244,76.1554455
Nada K.,17.1204575,76.1035897
Nandrala,17.2881257,75.9006639
Arjunagi,17.1233037,76.1720224
Bhankura,17.1572993,76.9569784
Bedasura,17.4942972,77.1101714
Belamangi,17.6405781,76.7431112
Kodala Hangarga,17.5323166,76.6055253
Hallisalagara,17.5629958,76.632261
Manahalli,17.5815401,76.6597148
Malagatti,17.1153747,76.9751341
Madapura,11.9660558,76.946675
Mangala,11.9996093,76.9593767
Masagapura,11.957186,76.9395924
Guddewada,17.3526702,76.0510638
Hingani,17.3375447,75.9110075
Koluragi,17.095636,75.7637302
Basnal,17.0558854,75.7951747
,16.9135953,75.9167696
,17.0791548,75.6912131
,16.8942642,75.9759757
,16.9895352,76.0587035
,16.8759363,76.1001133
Padaganura,16.8012912,76.0149322
,16.2836441,76.0545711
Alakoppa,16.4570672,76.0470838
,16.3628654,76.0466272
,17.0704065,76.1589856
Maragura,17.3675262,75.8154973
Kerura,17.3511204,75.7570668
Nagarahalli,17.0401519,76.1711088
,17.1709509,75.8820328
,17.1335632,76.2609307
,17.1464888,75.8371902
Maradagi,16.8872451,76.8221001
Mudabala,16.8307881,76.8149328
Chigarahalli,16.9085427,76.7775315
Gaonwara,16.9095877,76.8226984
Haranura,16.9579427,76.7138022
Ijeri,16.9097448,76.6990951
Birala,16.9152702,76.9069485
Madihalli,13.2700796,76.4468089
Bidaregudi,13.2682468,76.3891094
Alaguda,17.4484861,76.9236383
Awarada,17.4450159,76.8933115
,17.3615197,76.9793851
,17.3486889,76.9147232
Narayanapura,13.543157,76.2601311
Anegere,13.5414191,76.2794944
Muttanigere,13.5152249,76.2838274
Bandihalli,15.0380202,76.231879
Chintrapalli,15.0365903,76.2185511
Shivanandanagara,15.0603997,76.1738146
Mutuganahalli,15.0606338,76.1572584
Byasigaderi,15.0715367,76.1596954
Nandipura,15.0807671,76.1288607
Allipura,15.1644126,76.8590197
Kudiganura,17.2553308,76.1228228
Chalageri,14.5667068,75.7196791
Kamadoda,14.5744064,75.6817247
Devagondanakatti,14.55717,75.6892349
Taredahalli,14.5333402,75.7033276
Itagi,14.550374,75.6701043
Hirebidari,14.6398434,75.8072629
Araledibba,13.140653,77.3288307
Chikodi Road,16.3694409,74.7689365
Chinnagudi Hundi,12.0862934,76.7320421
Devanuru,12.0691716,76.7917802
Badanavalu,12.0696332,76.7501953
Dodda Kavalande,12.0340011,76.7966297
Krishnarajapura,12.0325216,76.8056333
Chikkakavalande,12.0467604,76.7906215
Thagaduru,12.0952316,76.8075302
Konthyana Hundi,12.1067711,76.8126371
Madahalli,12.1098762,76.7789056
Mukkadahalli,11.9712794,76.7967798
Heggavadi,12.0155085,76.8096592
Kerehalli,11.9923019,76.8045191
Maleyuru,11.9529187,76.7821603
Rajapura,17.3438989,77.1940311
,17.2959238,77.1834531
,17.3046517,77.1126992
Alluru,16.9671373,77.1565202
Hadanura,17.1102595,76.7113754
,17.2474442,76.7892811
,16.9806326,77.3251065
Adaki,17.112326,77.3755481
Jakanapalli,17.032224,77.3303472
Hemmaragala,12.0391024,76.7352175
Hedatale,12.0517407,76.7357083
Nerale,12.0361066,76.7571016
Basavattige,12.058204,76.7489262
Halebaati,14.4707321,75.8363471
Doddabati,14.485457,75.8568726
Shamanuru,14.4397885,75.8972102
Salakatte,14.4493951,75.8749683
Devarabelakere,14.3976656,75.8314326
Kunebelakere,14.3998515,75.8072425
Budihala,14.3749921,75.8059282
Mallanayakanahalli,14.356494,75.7938647
Kumbaluru,14.3762413,75.7537818
Komaranahalli,14.3409422,75.7367444
Kengalahalli,14.3177663,75.8155639
Masadi,14.2612229,75.6844778
Gollarahalli,14.2478338,75.6719465
Sunkadakatte,14.2164449,75.6457628
Didagur,14.2050657,75.66817
Benakanahalli,14.2127614,75.7101291
,14.1885902,75.6910009
Govinakovi,14.1658721,75.6692858
Rampura,14.159256,75.6864465
Sasavehalli,14.1533491,75.7133555
Mangote,14.0526846,75.7265933
Nagasamudra,14.0519145,75.7156499
Kudli,14.0037381,75.6736595
Bilasanuru,14.4866674,75.7338264
Nagenahalli,14.4973457,75.7271316
Nandigavi,14.4709191,75.7205226
Dulehole,14.4653529,75.7089784
Hosahalli,14.4669735,75.7438686
,14.4449672,75.7316366
Bhanuvalli,14.4375946,75.7608652
Ingalagondi,14.4902408,75.696725
Elehole,14.460655,75.6754186
Holesiregere,14.4488604,75.7043658
Nituvalli,14.4653549,75.6588984
MarakaHalli,14.4494369,75.666373
Ukkadagatri,14.4431928,75.6466574
Vasana,14.4188079,75.6526883
Nandigudi,14.4136089,75.6442621
Muginagondi,14.3640585,75.6444766
Puradakeri,14.3500914,75.6196287
KonanaThale,14.3553715,75.6317308
Hallura,14.3348323,75.6217744
Kotemalluru,14.2833514,75.6487682
Belimalluru,14.2707912,75.653446
Anaveri,14.0586897,75.7301924
Kulur,13.6699995,75.2937141
Durvasapura,13.6652292,75.2052274
Handaraki,16.9678004,77.2360575
Bhimanahalli,16.9519406,77.2010595
Rajola,17.0054029,77.2039711
Ramatirtha,16.9771733,77.1790691
Galaga,16.2641182,76.8399444
Maldakal,16.2803798,77.1035198
Masarakal,16.3687137,77.0176303
Arakera,16.2747571,76.9494506
,16.2361583,76.7848725
,16.3025954,76.7878141
Ganekal,16.2345328,77.117009
Somanamaradi,16.3122328,76.7589997
,16.2261273,76.7405632
Haravu,12.4609945,76.6280156
Kadathanalu,12.4635403,76.668218
Tendekere,12.5942721,76.557248
,17.3965403,76.4421856
Madana Hipparaga,17.4570037,76.3736982
Yalasangi,17.3867499,76.4578088
Katteri,12.4494777,76.5991105
,16.3958489,76.2680558
Nagabenala,16.2590906,76.3286914
ಮೊಕಿಹಾಳ,16.4381921,76.2776849
Hiremurala,16.308163,76.2186581
,16.397676,76.2972856
,16.5024485,76.2386924
Padekanura,16.4951597,76.1383839
,16.5390988,76.8021069
,16.5561278,76.6006451
Kudalagi,16.5758269,76.5684382
Biranura,16.5448483,76.8783489
Agni,16.5646933,76.4702867
,16.5836959,76.4325009
Mandevala,16.9997044,76.5419809
,17.0485711,76.5459549
Somajala,17.0219783,76.3173511
Ankalaga,17.1360538,76.4966821
Kulakumatagi,17.0385522,76.4151189
Chinamagera,17.219594,76.571916
Avaralli,17.2269159,76.6391287
Balundagi,17.0584213,76.4978375
Revura,17.3167605,76.4610347
Benne Shirura,17.3465843,76.4972641
Chincholi,17.2737068,76.4206784
,17.2316087,76.4283152
,17.1140412,76.4482664
Bhusanuru,17.4644259,76.5334038
Cinnūra,17.2909895,76.4894594
,17.2645759,76.5536009
,16.7612188,76.5543022
Haralahalli,14.3327975,75.7798384
Khatijapura,16.765362,75.6750962
Honaganahalli,16.6806293,75.7328671
Aliyabad,16.8917556,75.7908722
Savanahalli,16.6846197,75.7379155
Minajagi,16.4719683,76.2745518
Madikeshwara,16.4740215,76.1707537
,16.4523673,76.2006548
Umaraja,17.4552309,75.6606943
Revatagaon,17.3985296,75.6373166
,17.4726154,76.6408118
Ambewada,17.5319818,76.4156115
Jhalaki Buzurg,17.4472328,76.4308074
Savaleshwara,17.5568093,76.4417093
Madaguṇaki,17.445427,76.4084862
Kawalaga,17.4803378,76.4948528
Nandarga,17.3008568,76.3126169
Telloni,17.3051663,76.3027309
Muttangi,17.6582014,77.3218988
,17.555993,77.586649
Dharmasagara,17.529125,77.5280702
Mukaramba,17.4820027,77.1192737
Chandakapura,17.8377448,76.8332543
,17.85176,76.8490821
Belura,17.9555228,76.973916
,17.9169682,76.9666064
Ambalaga,17.6147507,76.8921486
Salagara,17.6344516,76.8075095
Suntanura,17.4156632,76.6744263
Ladamugali,17.6164187,76.8754584
,17.4634864,76.6043646
Javalaga,17.5369805,76.8153347
Elinavadagi,17.5244535,76.6452753
,17.6389231,76.5858551
Korahalli,17.4847276,76.5676758
Salegaon,17.6438428,76.5466422
Dastapura,17.543623,76.932229
Chengata,17.5594502,77.1168425
Navadagi,17.5448453,76.9600653
Shadipura,17.4581984,77.5519705
Gadikeshvara,17.333575,77.2778814
Polakapalli,17.4166497,77.4271545
Mogha,17.460934,77.2285063
Gundagurti,17.2409359,77.0642895
Sangavi,17.2645418,77.0186513
Bennura,17.2533196,76.9988622
Koravara,17.3163712,77.0580342
Petha Sirura,17.2161925,76.9988102
Mughalanagaon,17.2384849,76.9505594
Bhopala Teganura,17.3857315,76.9189864
,17.3863771,76.9839401
,16.9960931,76.6423831
Halagadla,16.9409889,76.7353552
,16.8967955,76.6317189
Kallahangaraga,17.0248688,76.6424865
Wastari,16.9396215,76.5816212
,16.8951489,76.7448877
,16.8595097,76.7034047
Khanadala,17.2466471,76.8429462
Kachapura,16.8138662,76.4971439
Konasirasigi,16.9062828,76.5280146
,16.9337864,76.4940602
Ainapura,16.806313,76.4769944
Sumbada,16.8378539,76.544155
,17.7231173,77.3139887
Bemalakheda,17.6665688,77.426113
Udamanalli,17.6287373,77.4265935
Chikka Lingadahalli,17.4377996,77.476396
Jamalapura,17.6094396,77.323641
Soma Lingadahalli,17.4111599,77.4766236
Tumakunta,17.5635059,77.3895226
Kerolli,17.3231987,77.3357845
Hasaragundagi,17.5428896,77.327051
Miriyana,17.3647207,77.4963807
,17.3894161,77.083967
,17.284084,77.2957217
Bhutapura,17.2799362,77.2918844
Balabatti,16.7885003,76.6257017
,18.2020022,77.1413953
Bachepalli,18.0818247,77.4201513
,18.0976097,77.4071397
Chikali,18.3904424,77.2544014
Dabaka,18.3728206,77.2842004
,18.0037221,77.4345333
Torana,18.2328196,77.2686943
Joladabaka,17.9580384,77.2603549
Siddeshwara,17.9895099,77.2635612
Hunaji,17.9239285,77.2874949
Kurabakhelagi,17.9723678,77.2013109
Alwai,18.1666151,76.9622254
Shivani,18.1423056,77.0875127
Kongali,18.0679502,76.9877983
Methimelakunda,18.1010672,77.1236861
Mehakara,18.0993414,77.0169734
Manikaeshvara,18.1613829,77.0397223
Kasaratugaon,18.1483482,77.0420817
Uchcha,17.991536,77.1121604
Bolegaon,18.1175103,77.0464271
Gorachincholi,18.0431732,77.1193062
Madakatti,17.9995379,77.1493569
,18.3874611,77.3270174
Hangaraga,18.3890987,77.3939182
,18.2722509,77.5220296
Kunchavaram,17.4860527,77.630103
,17.4884435,77.6685214
Chindanura,17.4749418,77.6003386
Salebiranalli,17.5517559,77.3700741
Jattura,17.2735459,77.4401829
,16.0482028,76.9524555
Aldala,16.0446608,76.9650058
Gauduru,16.2622249,76.6773542
Ballatagi,16.0850147,76.9559949
Madabhavi,16.8460654,75.8209347
Kanameshwara,16.8392633,76.4032285
Kondaguli,16.8418835,76.3767331
,16.9641984,76.4411867
Kadakola,16.8732191,76.4907033
Chambola,18.025699,77.5189041
Shahpura,17.8609835,77.5542001
,14.4059612,75.7275078
Medaka,16.9816377,77.4638843
Motakapalli,16.954795,77.3839272
Mailapura,16.7415578,77.2417896
Nagalapura,16.6926871,77.260882
Anapura,16.7495464,77.4140752
Kadechuru,16.5176682,77.3291665
Konkala,16.7368603,77.3814769
Nazrapura,16.8310194,77.4049588
Kalebelagundi,16.6566489,77.313657
Yalheri,16.7285535,77.3299047
Belagundi,16.5531291,77.2184008
Malhara,16.6259966,77.1981151
Ajalapura,16.5889655,77.4237762
Badiyala,16.4913793,77.2744709
Madhawara,16.6462017,77.3387399
Maragutti,17.6201728,77.0567084
Bachanala,17.6237285,76.9965543
,17.4474578,77.2552735
Asundi,15.1120545,77.0338831
Bobbakunte,15.0889368,76.9610553
Halakundi,15.0833227,76.8858731
Ibrahimpura,15.0830301,76.9785797
Mincheri,15.0580515,76.9112789
Bannikodu,14.4425865,75.8084817
Salakatte,14.4191017,75.8490044
Shamsipura,14.4625057,75.8109776
Airani,14.6076899,75.8000811
Gudaguru,14.7146743,75.6509782
Medleri,14.6694071,75.7339825
,14.6388844,75.7579641
Honnatti,14.7458126,75.6398067
Antaravalli,14.5275554,75.6276216
Belura,14.719909,75.7548567
Hanumapura,14.7530013,75.6099847
Kajjari,14.66936,75.5748263
Rahutanakatti,14.6287234,75.7034476
Kattebennuru,14.9042532,75.749121
Kuruvatti,14.7853684,75.702352
Mailara,14.8081878,75.6904099
,14.9361027,75.7302971
,14.9268426,75.7860508
Hyarada,14.8200397,75.7791925
Sovenahalli,14.9185372,76.4934179
Bachigondanahalli,15.1421076,76.1809101
,15.210711,76.1826179
,15.1296149,76.2229894
Bennekallu,14.9616798,76.2532616
Varalahalli,14.9823762,76.2311852
Malkanakoppa,15.1628802,75.03993
Gojanur,15.1882684,75.4994189
Hiregunjala,15.2395612,75.4026116
Hire Mugaduru,14.8915651,75.4487224
Hiremaralihalli,14.923179,75.4851498
Kalivala,14.9820223,75.4977341
Konanatambigi,14.9069033,75.4861219
Krushnapura,14.9624125,75.4613288
Ichchangi,14.9633255,75.5439374
Javagal,13.3009846,76.0573673
,15.0477691,76.9845883
Handihalu,15.329385,76.992874
Karekallu,15.1994779,77.1145481
Rupanagudi,15.0473556,77.0633423
Chellagurki,15.1210866,77.1337634
Erragudi,15.2725617,77.0935948
Kuntanahalu,15.0773744,77.059987
Sindavala,15.3214423,77.073215
,15.1728234,77.1544551
Ubbalagundi,15.0492374,76.6552136
Vittalapura,15.0732403,76.7456332
Gollalingammanahalli,14.9710688,76.6654526
Kurekuppa,15.2176985,76.6490698
Jalibenchi,15.2430361,76.9716867
Hosatti,15.6064758,74.8702274
Mugad,15.4418934,74.9097933
Shigihalli,15.6278408,74.8597083
Aravatagi,15.4486879,74.8193645
Rayapur,15.4075368,75.0688062
Sattur,15.4105056,75.0456504
Umachagi,15.3324572,75.3702628
Devagiri,14.8469118,75.3685677
Karajgi,14.8644481,75.4532225
Katenahalli,14.7779017,75.4966584
,14.9399274,75.3826062
Gandhipura,12.9712593,77.7549625
Chandapura,16.5309822,77.3648622
Nandepalli,16.6924271,77.3845658
Geddalamari,16.3270021,76.5085343
Jogundabhavi,16.2995221,76.3625156
Kamanatagi,16.3969781,76.5196119
Aldala,16.4619494,76.7055919
Bandoli,16.3471144,76.5986683
Gulabala,16.4321839,76.4498657
Konhala,16.4613941,76.6628984
,16.4943209,76.670539
,16.3730987,76.39035
Mailasandra,12.915939,77.4932278
Hagaratagi,16.3987558,76.3686026
Nandagaon,17.7858308,77.1951876
Koyiluru,16.7174983,77.1742313
Warkanalli,16.7484344,77.1910672
Aikura,16.5699547,76.9927757
Arakera Buzurg,16.8456507,77.0230768
Tumakura,16.5120019,77.0874085
Tumakura,16.7685549,77.0748205
,16.903733,77.0657651
,16.4309769,77.2364028
Udagi,17.1434048,77.2173954
Kumbena Agrahara,13.0017965,77.7473882
Sadaramangala,12.9989026,77.7375086
Kannamangala,13.027721,77.7702625
Seegehalli,13.011939,77.7650922
Arabaila,14.8444314,74.6451805
Bannikallu,15.0768862,76.060772
,15.0842108,75.980779
Mannera Masalvada,14.9193604,75.9014004
Nandihalli,14.989723,75.995022
Sonna,15.0182758,76.108485
Hagaranuru,14.9464056,75.8566839
,17.7510911,77.5547568
Khashampura,17.8300289,77.4572136
Mannahalli,17.7680522,77.5043484
Korekala,18.1874949,77.3412202
Ekamba,17.7431992,76.7370022
Dommasandra,12.8777098,77.7534769
Kallura,17.7117224,77.0923984
Naranala,17.5068606,77.2620795
Valepura,12.9562248,77.766079
Valepura Dinne,12.9512374,77.7701131
Ajgondahalli,12.9607526,77.7709488
Harohalli,12.9575957,77.7861636
Bavalagaon,18.4252446,77.3557377
Horanadu,13.2765976,75.3452403
Budanura,16.6650409,76.6533968
Ganganala,16.6360571,76.7488052
Hemanuru,16.5070583,76.851973
Hosakeri,16.6631541,76.7178706
Chinchodi,16.3930313,76.7279053
Hanchinala,16.607393,76.9829007
Hayyala B,16.5637132,76.958067
Vanadurga,16.6339041,76.6990342
Kandagera,16.6917416,76.6550567
Halagera,16.7240673,77.2279335
Baratagi,16.9149062,75.7639648
Inganala,16.9173144,75.7900977
Siddapura,16.9573923,75.6734034
Jajanamugali,17.8778404,76.7532529
Ramatirtha,17.8750549,76.8256063
Talaboga,17.8781376,76.8986669
Dhannuru,17.683834,77.0484741
Gorta,17.9598747,77.0749313
Kherda,17.7024634,77.0117362
Sadalapura,17.7389301,77.0494938
Togalur,17.9742126,77.0513379
Basantapura,17.9786916,77.595284
Chikali,18.1494354,77.5651556
Hamilapura,17.9349078,77.5386433
Jambagi,18.1058754,77.5706319
Nandagaon,17.9510639,77.580693
Shembelli,18.128515,77.4669327
Gaddikeri,15.0607748,76.0928389
Halavagalu,14.7082947,75.7753934
Arasanalu,14.7493525,75.8278969
Chirastahalli,14.6944098,75.9046463
Dadapura,14.7017543,75.8887295
Matturu,14.6970067,75.8217804
Nitturu,14.6843889,75.7859674
Tavaragundi,14.6999064,75.7485222
Chikkatirupati,12.8955112,77.8669265
Kalkunte Agrahara,12.932418,77.8408056
Chaudapura,14.8172299,76.3839916
,14.7219461,76.4178559
Jaramali,14.8251092,76.4659722
Nimbalageri,14.6984975,76.3577406
Suladahalli,14.7588465,76.3961757
Ujjini,14.7225695,76.2869638
Nidagurti,15.0183038,76.4293978
Elubenchi,15.2534924,76.731126
Nagondanahalli,12.97516,77.7703403
Thimmanahalli,12.9626347,77.7770775
Lalitadripura,12.2759362,76.6995675
Ribbanapalli,17.0600489,77.4765744
Beguru,11.9343936,76.670242
Hediyala,11.9412405,76.4897941
Saraguru,11.9976857,76.3972662
Chikalparvi,15.8968696,77.0566349
Dastikoppa,15.1990861,74.9869581
Tarihala,15.3561001,75.0362345
Kattaya,12.8967155,76.0644911
Kabbura,16.3479062,74.7280818
Dandiganahalli,12.9688166,76.2823302
Salagame,13.0833982,76.0884886
Gaddige,12.1891771,76.3734451
Nandibevuru,14.9070445,76.0512958
Hulikal,13.7367733,75.0275158
Alduru,13.2437104,75.650144
Ganeshagudi,15.2815822,74.5335693
Bidaraguppe,12.8060574,77.7862873
Donnehalli,14.4904564,76.4060086
Hulikere,12.9808871,76.4734284
Halkurike,13.3707065,76.4804335
Khajisonnenahalli,13.0340422,77.7696385
Kargal,14.1890027,74.8145523
Chandragutti,14.4313105,74.9565485
Panambur,12.9535736,74.8031577
Haleyangadi,13.0445586,74.7957447
Chikkeruru,14.5243579,75.3062998
Bommagondanakere,14.591442,76.6750336
Bagali,14.8439694,75.9825371
Kongana Hosuru,14.8736132,76.059448
Kulahalli,14.8553425,75.9703545
Kondajji,14.5688705,75.8718161
Mahajanadahalli,14.9211091,76.0604112
Mattihalli,14.75365,76.1427235
Sasvihalli,14.7315644,76.1259127
Duggavati,14.6205483,75.857328
Gundagatti,14.6856464,75.9421247
,14.5574056,75.8064476
Sovenahalli,15.1293487,75.9402862
Kenjar,12.9512486,74.8670937
Bennihalli,14.792588,76.1146737
Kalapura,14.7415507,76.2642185
Nichhavvanahalli,14.7000466,76.044203
Tulahalli,14.6913578,76.2312726
Kadabageri,14.7138888,76.0871156
Hanumanahalli,14.6953808,76.2073417
Chiribi,14.8116248,76.3071686
Manipura,13.2939497,74.7685311
Athradi,13.3516245,74.8270124
Gaudagondanahalli,14.6141074,76.3212449
Sokke,14.6825742,76.2542283
Yaralakatti,14.6691204,76.2455658
Gurusiddapura,14.6626496,76.1956319
Ambali,14.9034841,76.1770955
Asagodu,14.5593909,76.150152
Devikere,14.499756,76.2314646
Diddige,14.5894501,76.1738485
,14.4562756,76.1389787
Pallagatte,14.5713065,76.1951435
Gadigudal‌,14.6050062,76.1272089
Gajapura,14.8379896,76.1629289
,14.4309023,76.3016858
,14.4640213,76.2949893
Primary School,14.4499586,76.3561701
Banavasi,14.5389738,75.0129845
Masur,14.3710908,75.4566727
Ramapura,12.0023962,77.3954334
Kaudalli,12.0660552,77.4433455
Male Mahadeswara Betta,12.0333126,77.5892977
Baburayana Koppalu,12.4283735,76.7025189
Areangadi,14.328029,74.4911032
Chandavara,14.3999516,74.4811897
Kadatoka,14.3731345,74.4558671
Kirugavalu,12.3737705,76.9486653
Kupparavalli,12.1495045,76.7853024
Sutturu,12.1669883,76.7969968
Vanaguru,12.7305304,75.7459106
Jalsuru,12.5943885,75.33384
Jaddigadde,14.3686667,74.4619555
Santeguli,14.3185969,74.4809455
Masti,12.8718538,77.9981967
Khadakalata,16.4485076,74.4688755
Ammanagi,16.2920937,74.5536444
Kesti,16.3186067,74.5086552
Alura,16.3140152,74.4873977
Jugula,16.6231572,74.6875364
Kempewada,16.7586063,74.895883
Shinde,16.7057558,74.9784798
Khilegaon,16.9313156,74.9712269
Shirura,16.9062108,74.9878254
Hetturu,12.7954397,75.787139
Nandikurali,16.4956929,74.7036212
Salamawadi,16.0672003,74.4039755
,16.0680436,74.4429267
Asu,15.3774199,74.4611041
Aveda,15.2988954,74.5363892
Kamara,15.3744631,74.4130175
Maluganahalli,12.6573915,76.2590671
Shirva,13.2188349,74.8223298
Sankanahalli,12.7821705,76.2087913
Bikanahalli,12.89809,76.1104386
Sattigarahalli Koppalu,12.8527081,76.1123054
Siguru,12.8601286,76.1198062
Paduvalahippe,12.8185587,76.1703701
Hanumanahalli,12.8390629,76.1538689
Hyarane,12.9105192,76.09861
Mosale Hosahalli,12.8948535,76.1605758
Karle,12.8407468,76.1177932
Channangihalli,12.8807708,76.1039476
Ankapura,12.8665105,76.1182376
Chikkagangavadi,12.8008691,77.187428
Doddagangavadi,12.7894253,77.1968931
Virupasandra,12.8101303,77.1595071
Akkuru,12.8175414,77.1730485
Bettadasatenahalli,12.8295752,76.2292486
Marenahalli,12.8985131,76.3788397
Hampanahalli,12.8927506,76.3553768
Kallenahalli,12.8954164,76.3395722
Gundya,12.8276359,75.5709467
Lalandevanahalli,12.4299515,76.4249552
Sagarakatte,12.4251689,76.4805383
Vaddarahalli,12.4274631,76.4508513
Marchahalli,12.4267096,76.4419293
S Hemmanahalli,12.4166282,76.4846901
Gungralchatra,12.392004,76.5068344
Mulepetlu,12.4215119,76.4572457
Chattra Koppalu,12.3985647,76.501985
Kaggare,12.4398837,76.4338565
Basavarajapura,12.429748,76.415643
Narayanapura,12.4443075,76.4205825
Lalanahalli,12.4347413,76.4037191
Kamenahalli,12.4551398,76.4282775
Kaggere,12.4637721,76.4157527
Mudalakoppalu,12.4498596,76.3965695
Gandhanahalli,12.5302857,76.3585874
Mirle,12.5406121,76.3241049
Natanahalli,12.5526574,76.3060135
Ankanahalli,12.5634001,76.2957378
Gandhanahalli Koppalu,12.5271227,76.349661
Hampapura,12.4908643,76.3982165
Baluru,12.5063247,76.3684655
Manchanahalli,12.5002287,76.3951051
Halekote,12.8470288,76.1767126
Kyathanahalli,12.8464495,76.1902911
Vaddarahalli,12.8599627,76.2947917
Sigaranahalli,12.8607775,76.228958
Kumchakoppalu,12.8691972,76.2578019
Hadavanahalli,12.8469293,76.2877292
Haradanahalli,12.8526162,76.1980116
Doddakunche,12.8652443,76.2669123
Hariharapura,12.8634552,76.2401589
Kodihalli,12.8688319,76.2904777
Gurugadahalli,13.2319486,76.3964076
Shivara,13.2147635,76.3889171
Bennenahalli,13.2322744,76.4130832
Budnahatti,14.3674556,76.6549974
Durgavara,14.3501501,76.6938751
Gauripura,14.4628028,76.5916979
Neralagunte,14.4061873,76.6013235
Ramajogihalli,14.2902758,76.5461369
Ullarthi,14.3976639,76.7390984
Asnoti,14.88065,74.1652081
Chendiya,14.7725173,74.1881426
Hanakona,14.8893306,74.1912791
Kerawadi,14.8864082,74.2584075
Mallapura,14.899648,74.3177809
,14.8983242,74.1323972
Majali,14.8955517,74.1076907
Alura,15.2793653,74.6831706
Janaga,15.2399899,74.8351601
Kanchanalli,15.3293339,74.8009071
Belavatagi,15.2523311,74.8598127
Hatyala,17.7227724,76.8944241
Kudaligi,15.2097661,74.879744
Gundibail,14.2953702,74.5293757
Karki,14.3149848,74.4268945
Unchagi,14.3974673,74.4329586
Bisalakoppa,14.7081435,74.9347611
Malagi,14.7462676,75.009197
Belagalapete,14.8277538,75.2042204
Bammanahalli,14.8866945,75.135853
Hirura,14.7237922,75.1014127
Mantagi,14.7336815,75.0530489
Aduru,14.7760545,75.250823
Naregalla,14.8282156,75.2799176
Nagarahalli,15.3361726,75.2693765
Mantur,15.3486817,75.2645061
Gokul,15.3496233,75.0813826
Heggarani,14.4407974,74.7381611
Unchalli,14.4219348,74.7421162
Harsikatta,14.4312204,74.819366
Aigoda,14.3918858,74.9385039
Vandane,14.356855,74.7240151
Kaneri,15.0830835,74.5167652
Kaiga,14.8541659,74.4458469
Mattanavile,12.929093,76.5099679
Bananakere,12.9753855,76.495131
Chinnenahalli,12.9708039,76.5052338
M Honnenahalli,12.9520332,76.497458
Dodderi,12.9500685,76.5128861
Gullehalli,12.9118794,76.5071998
Venkataiahana Chatra,11.8571368,76.9612363
Harigi,14.422539,75.1819797
Tatturu,14.4975459,75.2021612
Manakawad,15.4059804,75.3357388
Ballarawad,15.4523133,75.3288724
Farangipete,12.8733193,74.9570182
Rachenahalli,12.8628843,76.4711677
Aruvanahalli,12.8290623,76.5085969
Yaduru,16.5741115,74.6648013
Yadavani,12.8164943,76.9444153
Korodi,13.7049661,75.2485506
Makkimane,13.7070455,75.2478103
Kittanagadde,13.709125,75.2409975
Chitte Bailu,13.7186255,75.2434383
Hodla,13.7432063,75.2646492
Bharatipura,13.7059401,75.2677616
Tuduki,13.6970699,75.2562864
Badanehitlu,13.6987794,75.2524348
Melige,13.6660298,75.2868444
Guddekoppa,13.7736279,75.2431038
Bannerughatta,12.813337,77.5789509
Belavanuru,14.3898071,75.9235808
Huvinamadu,14.2935535,75.9072956
Hunaseghatta,13.1692679,76.4827825
Sasalahally,13.1725163,76.4665939
Ganganaghatta,13.1627286,76.4603378
Huchchanahalli,13.1782105,76.4554588
Hosahalli,13.2262176,76.4719708
Rangapura,13.2093182,76.4621002
Hogavanaghatta,13.1935667,76.4570791
Dasihalli,13.182306,76.4611668
Chindenahally,13.1836013,76.3859577
Hedagarahalli,13.2269904,76.5041251
Jayapura,13.1932742,76.4908321
Aladahalli,13.2194914,76.494276
Biligere,13.306681,76.628582
Karadi,13.2830419,76.5536304
Kaarehalli,13.1275935,76.4644375
Mallenahalli,13.1717026,76.4543167
Dasarighatta,13.1831773,76.4404895
Kodihalli,13.1526583,76.4318178
Valagerahalli,13.1423877,76.4205853
Kembalu,13.1151383,76.3962094
Bairapura,13.1127297,76.4044039
Lakkihally,13.1118782,76.3778416
Ichanuru,13.236296,76.5235105
Yadur,13.6945554,75.0789097
Navule,13.9549729,75.575263
Kudumallige,13.7239394,75.2897461
Beguvalli,13.7190275,75.4006512
Muduba,13.7174954,75.4291255
Indavara,13.7047117,75.2503342
Kuntala Gudde,13.2920912,74.7928708
Kukkikatte,13.3207973,74.7717788
Megaravalli,13.6255406,75.1514401
Kai mara,13.6660351,75.1804187
Kallaiahna Palya,13.1962828,76.479046
Chikka Rangapura Bhovi Colony,13.2192619,76.4810201
Halepalya,13.2780919,76.4768527
Bajaguru,13.1501855,76.5151615
,13.126176,76.5424556
,13.1302509,76.5128011
Banasandra,13.2620642,76.6567899
Ammasandra,13.2646215,76.7146749
Kenkere,13.1758585,76.406614
Mudigere,13.0945355,76.2434928
Attavara,13.1019391,76.2438308
Kukkavada,14.3327119,75.884956
Kariganuru,14.3072581,75.8514693
Thimmenahally,14.3067596,75.8345948
Kattalagere,14.2959162,75.8326368
Shiramagondana Halli,14.4187097,75.9153168
Mahadevipura Camp,14.3942066,75.9020989
Tuduru,13.7140367,75.3782517
Balgar,13.713434,75.2806839
Kuntapalanahalli,14.353846,75.9263085
Hosuru - Devarahonnali,14.2450577,75.6892226
Devara Honnali,14.2329946,75.6837939
Basavapattana,14.199462,75.8134105
Harosagara,14.2179751,75.8113935
Kotehal,14.2246312,75.8103636
Marabanahalli,14.2321189,75.8090332
Yalodahalli,14.2233416,75.7780054
Neralagundi,14.2555778,75.7586088
Nelahonne,14.2690135,75.7998922
Kathalagere Camp,14.269792,75.8188133
Thimlapura,14.2905568,75.740669
Yarehalli,14.3172214,75.7721575
Kaidaale,14.3436253,75.9057326
Giriyapura,14.3233727,75.9041888
Gonivada,14.3036149,75.9040907
Kariganuru Cross,14.3120149,75.8791998
Mathi,14.2856494,75.8858946
Nalkudure,14.2384002,75.9072664
Miyapura,14.2592809,75.8964517
Doddaghatta,14.2177671,75.8820322
Chiradoni,14.2150215,75.8404043
Sangahalli,14.2316614,75.8343103
Karekatte,14.1963401,75.8962279
Kanivebilachi,14.1822372,75.8483007
Kamsagara,14.1969576,75.8408577
Aluru,14.1856304,75.9196671
Kashipura,14.1709198,75.9132746
Kashipura Camp,14.1756632,75.8961942
Kogaluru,14.1982228,75.9531781
Gollarahalli,14.1751639,75.9722402
Chennapura,14.1483267,75.9488079
Somalapura,14.1523612,75.9185102
Kerebilachi,14.1488349,75.9012887
Hosuru,14.1581869,75.8943918
Sulekere,14.1443714,75.8799722
Sevanagara,14.1372136,75.8713892
Arashinaghatta,14.1128256,75.8795002
Ittige,14.1096624,75.8991983
Nalluru,14.0882684,75.8779981
Hire Malali,14.0492213,75.8573988
Melanayakana Katte,14.0580054,75.8505752
Mudigere,14.0398123,75.8919027
Maadalu,14.030403,75.8558538
Ajjihalli,14.0186696,75.9016874
Lakshmisagara,14.0089852,75.9234505
Rajagundanahalli,13.988431,75.9572199
Thippagondanahalli,13.9900134,75.9468344
Machanayakanahalli,14.013153,75.9428218
Pandomatti,13.9662761,75.9765318
Vaddanahalu,13.9891806,76.0032251
Goppenahalli,13.9617433,76.0146405
Gollarahatti,13.9535568,75.9977534
Maravanji,13.9465018,75.9745113
Javuru,13.7882097,75.9979894
Kanabagatte,13.8062142,76.0057142
Banakanakatte,13.780624,76.0313776
Naranapura,13.7811242,76.0138681
Hire Kanavangala,13.7884556,75.9872649
Gejjegondanahalli,13.7586159,75.9924104
Hebburu,13.7441928,76.0138681
Baggavalli,13.6937259,75.9738603
Gondedahalli,13.7095905,75.9758451
Channapura,13.6954966,76.0003752
Shaanuboganahalli,13.7017522,75.9491839
Sokke,13.7152853,75.9630149
Vaderahalli,13.6885764,75.9570482
Dodda Bokikere,13.6962902,75.9318569
Sanna Bokikere,13.6825304,75.9350326
Kudluru,13.6593038,75.9506109
Koratigere,13.6495454,75.9577348
Agaradalli Camp,14.0088413,75.797488
Agaradahalli,14.0153369,75.7896774
Tadasa,14.0248718,75.7830255
Garakimata,13.520215,74.764282
Ranjadakatte,13.6760731,75.2088942
Kammaradi,13.5837969,75.2127483
Begar,13.5006567,75.2015973
Mavina Katte,13.5080502,75.2215444
Doddina Mane,13.6619837,75.1284626
Melinakuruvalli,13.6741758,75.2526864
Buklapura,13.6780954,75.2610817
Katte Haklu,13.6401688,75.3364491
Mrugavadhe,13.6519388,75.3895327
Surani,13.7246417,75.2218732
,13.7244422,75.2214854
Araga Gate,13.7408813,75.2071511
Araga,13.7501807,75.2007964
Horani,13.7051157,75.2258536
Bejjavalli,13.7354652,75.3288021
Hiresara,13.7494003,75.2170157
Chiluru,14.1050167,75.6854422
Kadadakatte,14.1217687,75.6740268
Bagevadi,14.1090723,75.6963374
Kotehal,14.127179,75.7041963
Hosahalli,14.127179,75.716513
Bairanahalli,14.1372587,75.773442
Nalur,13.5934901,75.1351413
Huruli,13.6114887,75.1059856
Shunti Haklu,13.6135012,75.0868669
Vadegadde,13.608934,75.1122942
Kalapanahalli,14.4210566,75.9800561
Honnuru Gollarahatti,14.409959,75.9901412
Haluvarti,14.3949447,76.0829124
Yemmehatti,14.365459,76.157554
Amti,13.6205291,75.2743702
Belagarahalli,13.222583,76.5084221
Jabaghatta,13.1310729,76.4804413
Haai Hole,13.8923509,75.4804208
Thumbe,12.8696015,74.9875769
Benjana Padavu,12.9030424,74.9874346
Polali,12.9329153,74.9556474
Gurupura,12.9382816,74.9279894
Kaikamba,12.9638274,74.9329371
Siddakatte,12.9949538,75.0541172
Loretto,12.9215187,75.0351271
Kalpane,12.9078901,74.9924264
Idenahalli,13.2684856,76.4864731
Anathi,13.1391374,76.4341592
Nagara Navile,13.0977755,76.4442163
Baguru,13.012094,76.3839483
Santhe Shivara,13.0686401,76.4831042
Maaruguru,13.0509355,76.4978027
Vittasandra,12.8533901,77.6383481
Mandarthi,13.496454,74.8119766
Kurady,13.461363,74.7898951
Santhe Katte,13.4497434,74.9241574
Padematha,13.4557124,74.8769066
Suralu,13.44564,74.8524753
Dandina Shivara,13.2531027,76.7097613
Arakere,13.2459527,76.7059547
Sampige,13.249502,76.7849803
Yalladabagi,13.2827092,76.8026185
Marashettihalli,13.308894,76.8110462
Gunguramale,13.0962724,76.5361571
Kempanakatte,13.0815586,76.5349555
Sannenahalli,13.0874108,76.5069747
Venkatapura,13.1170579,76.5087475
Kamparahalli,13.1137147,76.4950754
Kasavanahalli,13.1210998,76.5494394
Halasina Halli,13.7135649,75.2451146
Moolemane,13.1688335,75.4595544
Naganuru,14.4175969,75.9011976
Nitturu,14.3685813,75.7760154
Sanklipura,14.3527613,75.8259197
Kadara Nayakana Halli,14.4198413,75.6920283
Kokkanuru,14.4328919,75.6657641
Jigali,14.3877936,75.7360594
Mittalakatte,14.4239157,75.8739091
Aarane Kallu - Taralabalu Nagara,14.388988,75.9054175
Chikka Togaleri,14.3426658,75.9828233
Ramagondanahalli,14.3084907,75.9944298
Kabburu,14.3099719,76.0247865
Dyamenahalli,14.294419,76.0005823
Bada,14.278865,76.0034147
Maradi,14.2512762,75.9926396
Tanigere,14.2338266,75.994177
Yakke Gondi,14.2243761,76.0401502
Medikere,14.2219152,76.0150357
Somanalu,14.1789448,75.9894243
Chikka Bennuru,14.1631333,75.9855619
Dandigenahalli,14.1948343,76.0654746
Andanuru,14.2251249,76.089417
Saasalu,14.1986661,76.1145654
Bharamanna Nayakana Durga,14.1849363,76.134049
Kallavva Nagathi Halli,14.1752833,76.1537901
Rangavvana Halli,14.1618849,76.1386838
Muttugaduru,14.2193009,76.117827
Huchchavvanahalli,14.2539931,76.1004034
Basavapura,14.2523293,76.0835805
Hindasagatte,14.2615631,76.0704485
Nalkunda,14.2516638,76.0531107
Kyatanahalli,14.2364397,76.0634103
Mayakonda,14.2888342,76.0823986
Tolahunase,14.4103868,75.9628415
Gopanalu,14.3289755,75.9646124
Hiretogaleri,14.3554599,75.9836736
Attigere,14.3227214,75.991125
Karunapura,13.6361143,75.1426369
Kalmane,13.6548697,75.1752317
Devangi,13.6302282,75.2827343
Harikandige,13.3534817,74.9207431
Kalpanahalli,14.4943403,75.9315336
Mellekatte,14.4909125,76.0482419
Shastrihalli,14.4425014,76.0482419
Ramapura,14.4802699,75.9722757
Siddanuru,14.419276,76.0383287
Yelebethuru,14.4886272,75.944773
Aluruhatti,14.4798183,76.0231364
Basapura,14.4697807,75.9431196
Tumbigere,14.4503143,76.0371697
Hulikatte,14.46328,76.099912
Basavanala,14.4745412,75.9796202
Maganahalli,14.5375498,75.9369481
Boragondanahalli,14.4652539,76.0041142
Lingadahalli,14.4506468,75.984298
Hallikere,14.6038583,75.9527982
Kanchikeri,14.6161505,75.9769166
Yaragunte,14.4855404,75.8983575
Avaragere,14.4476631,75.9483063
Kumbharvada,15.1273914,74.4051562
Bhagamandala,12.3857285,75.5290234
Talakaveri,12.3851618,75.4952765
Hebbarnakere,14.348037,74.4756146
Anugondanahalli,12.9582608,77.8145716
Anche Muskuru,12.9041387,77.8671
Ganagaluru,12.9102042,77.8528521
Medimallasandra,12.9523031,77.830108
Obalapura,12.9602076,77.8238638
Thathanuru,12.9155182,77.8248934
Arehalli,12.936474,77.8289489
Baguru,12.8966447,77.8416804
Thindlu,12.8633973,77.8071458
Thiruvaranga,12.9015666,77.8275756
Yattakodi,12.9206413,77.8544836
Mahal Chaudadenahalli,12.8727835,77.8080556
Mugaluru,12.8932221,77.821649
Mattanahalli,12.8718443,77.8298072
Byalahalli,12.9396109,77.8159456
Doddathimmasandra,12.8805661,77.8045516
Doddagattinagabbe,13.0334896,77.7870185
Dodda Dunnasandra,12.9772668,77.8161248
Konadasapura,13.0441926,77.7566409
Belthur,13.0056657,77.756275
Koralur,12.9973225,77.7844457
Yadagondanahalli,12.949376,77.8107743
Pujena Agrahara,13.0326661,77.7936337
Muthkuru,12.956005,77.807105
Devanagondi,12.9749709,77.8397207
Samethanahalli,12.979363,77.7907328
Bodana Hosahalli,12.978421,77.8019552
Naganayakana Kote,12.9660423,77.794209
Goravigere,13.0420207,77.7699446
Mallasandra,13.0081486,77.7837101
Matta Mallasandra,12.9483523,77.8336911
Thirumalashettihalli,12.9848412,77.7838449
Huskuru,13.0616259,77.7629065
Chikka Gattiganabbe,13.0411824,77.7946574
Heggondahalli,12.9055432,77.7471953
Mayasandra,12.7512427,77.7465099
Hompalaghatta,12.6948991,77.6998652
Are Halli,12.7638016,77.766341
Telagarahalli,12.6920103,77.6909817
Shettihalli,12.7528354,77.7305926
Gowrenahalli,12.7210223,77.6797164
Indlabele,12.7909618,77.7777758
Manchanahalli,12.7662516,77.752579
Guddanahalli,12.6899567,77.725314
Udayapura,12.8206533,77.5127735
Somanahalli,12.7724626,77.504685
Kaggalipura,12.8016986,77.5082445
Kaggalahalli,12.7283892,77.4861026
Thigalara Hosalli,12.4981748,77.4280559
Hulibele,12.4823787,77.4193226
Marale,12.4511407,77.3997994
Mahimanahalli,12.4193122,77.3963672
Chikkagowdanadoddi,12.4298317,77.4078256
Alahalli,12.4007428,77.3888141
Heligehalli,12.3693064,77.4090455
Haroshivanahalli,12.3562901,77.4205457
Maralebekuppe,12.4369981,77.4117674
Uyyamballi,12.3878329,77.3982126
Jadalatimmanahalli,13.4056915,77.7199873
Bandahalli,13.4083841,77.703379
Kandavara,13.4160652,77.7205452
Arasanahalli,13.3935223,77.713035
Kuppahalli,13.3839826,77.710739
Devishettihalli,13.3727089,77.718055
Sultanapete,13.3830631,77.6851432
Tirnahalli,13.4016828,77.7091297
Yaluvahalli,13.3693666,77.7221749
Sulibele,13.1843135,77.8000225
Kammasandra,13.1499855,77.782041
Gangavara Chaudappanahalli,13.1523257,77.7648319
Hasigala,13.1345227,77.7756037
Lakkondahalli,13.1080057,77.7762788
Alappanahalli,13.1016338,77.7761186
Mandur,13.0816555,77.7370228
Kumbalahalli,13.0924523,77.7929664
Upparahalli,13.0894702,77.781011
Southe Gowdanahalli,13.2314551,77.7311552
Channahalli,13.2126844,77.7493845
Nalluru,13.1912308,77.7634608
Budihala,13.2287908,77.7428185
Somattanahalli,13.1696824,77.7691567
Attibele,13.16944,77.7947246
Yanagunte,13.1564639,77.791978
Pujaripalya,13.1910316,76.470278
Narasikatte,13.1939773,76.4681108
Kuppalli,13.5981399,75.3161341
Hirekodige,13.5894593,75.3174068
Basavankeri,14.435588,74.4945881
Bhandargadde,14.5680295,74.5496945
Holebail,14.5710275,74.5571359
Harige,13.9111783,75.6017525
Matturu,13.8754414,75.5649526
Shankaraghatta,13.7336919,75.6339283
Tavaraghatta,13.7327523,75.6430427
Hosahalli,13.8794985,75.5607676
Yana,14.5786094,74.5598169
Madure,13.202471,77.4579948
Gartikere,13.8862397,75.2361592
Hunchadakatte,13.874547,75.234487
Humcha,13.8623557,75.2073232
Heddaripura,13.9338737,75.2684347
Mugudti,13.9545012,75.2727208
Hadigallu,13.8301698,75.2339636
Sakrebailu,13.8360489,75.5118018
Gajanuru,13.8538156,75.54173
Chinnasandra,13.3583879,78.0354983
Sulugodu,13.6708097,75.2671068
Jittekoppa,13.712125,75.2007733
Bobbi,13.7071766,75.2194709
Kallahalla,13.704688,75.2539615
Sankadahole,13.7153615,75.2286698
Sarala,13.7350807,75.224602
Nonaburu,13.8008136,75.1856874
Aralasurali,13.8098989,75.1629434
Googal,16.4693278,77.1442219
Mandagadde,13.742552,75.4558942
Kukke,13.7523964,75.3076538
Kaimara,13.3705193,75.7460992
Attigundi,13.4293007,75.7420494
Hebbalu,14.3786516,76.0973177
Bannadka,13.100783,74.9974782
Belvai,13.1281264,74.9961914
Alangar,13.0833117,74.9960022
Kesaragadde,13.1182985,74.994977
Mururu,13.2699323,74.9831538
Nellikatte,13.2914165,74.9835615
Ajekara,13.3217888,75.0000195
Varanga,13.395931,75.003662
Mudradi,13.4205152,74.9924379
Muniyal,13.3616668,75.0102763
Donigal,12.9183187,75.7543442
Kavaledurga,13.7177176,75.1269652
Bhandigadi,13.5587155,75.2700807
Halmatthuru,13.5772385,75.2399589
Nandavara,12.8659143,75.0388457
Balavalli,14.5239402,74.7254483
Koteshwara,13.5886831,74.6973331
Kota,13.5235898,74.7049501
Kumbhashi,13.5626824,74.6986799
Bijadi,13.5773932,74.6927643
Hemmadi,13.6774105,74.6967307
Trasi,13.6899769,74.6520586
Linganamakki,14.1731954,74.8292508
Kutvadi,13.3158342,74.7290894
Bailuru,13.3167157,74.7473067
Kidiyuru,13.3371158,74.7209991
Hosakannambadi,12.4595816,76.5751134
Padmannur,13.0587397,74.8320821
Hejamady,13.1091716,74.778277
Pakshikere,13.0458831,74.8219981
Kalmanje,13.3035443,74.7768318
Ramanala,15.2128872,75.0205674
Ugginakeri,15.2512266,75.0356736
Kadanakoppa,15.2646431,75.0460591
Anchatageri,15.3091821,75.0954096
Madaki Honnalli,15.1806661,74.9888449
Kamadhenu,15.2285381,75.0416818
Harogeri,15.2195088,75.0315966
Yammatti,15.2931873,74.9911505
Gambhyapura,15.3084628,74.9912792
,15.263236,74.9671115
Jammihal,15.3219149,74.9973303
Hulaginakatti,15.1958249,74.9643509
Hullambi,15.2350183,74.9616708
Tumarikoppa,15.2104793,74.9609939
Vamanjoor,12.9169819,74.9005045
Chikka Kolachi,14.9018302,75.8660368
Kodihalli,14.8592265,75.9969514
Kanivehalli,14.8734535,76.0148166
Talakallu,14.9380419,76.0440761
Harakanalu,14.8456038,75.8454394
Hulikatti,14.814125,75.8823794
Machihalli,14.7108846,75.9227712
Madlageri,14.872631,75.9160926
Nellukudri,14.9736914,76.151077
Nilagunda,14.7342556,75.8961869
yarabalu,14.696105,75.838953
Anajigere,14.5872658,76.0849242
Baliganuru,14.8537735,76.1534708
Daggi Basapura,14.6067682,76.0573856
Jambagi Tumbigere,14.5882633,76.1139542
Kammattahalli,14.6165936,76.0428445
Kyarakatti,14.6549223,76.0065468
Muttigi,14.7660608,76.074803
Siddayyanakote,14.6379248,76.1431816
Uchchangidurga,14.5605464,76.0532867
Kalagere,14.422872,76.2327083
Belligatta,14.8029096,76.5294614
,14.8323334,76.5407656
,14.7246137,76.6150379
Bommaghatta,14.9324593,76.565532
Ammanakeri,14.8745655,76.4244386
Banavikallu,14.7651797,76.4370825
,15.0168259,76.2953808
Hampapattana,15.112874,76.2765062
Hosakere,14.9888059,76.3090532
Jogikallu,14.968396,76.4513358
Mangalapura,14.706251,76.3316228
,14.9867822,76.3246938
,15.0079122,76.2730704
,15.1193739,76.1691285
Shiradi,12.8289776,75.5308312
Udane,12.830882,75.4997471
Konasagara,14.6382541,76.7495694
Nagasamudra,14.7938535,76.7575697
,14.8532153,76.8337289
Gunji,15.5377748,74.4897216
Basapura,15.3530039,76.3997201
Hulagi,15.3086525,76.3382209
Shivapura,15.3385679,76.3480385
Keraluru,13.0603751,75.9155273
Belagodu,12.9774411,75.8764091
Lakshmipura,12.9613082,75.8990714
Kudanahalli,12.9846972,75.8667035
Lakkenahalli,13.0632586,75.9064099
Rajagira,17.7136824,77.4722025
Tadapalli,17.7420449,77.4565698
Yellamagudda,15.7559772,75.1526264
Javaranahalli,12.9724211,76.7269477
Donagapura,18.1259574,77.2188946
Janti,17.9434209,77.3075855
Sayagaon,18.0639913,77.0490713
Shiradanahalli,12.6085122,76.0994175
Kananakoppalu,12.6105444,76.142483
Kalenahalli,12.6078641,76.1605718
Garudanakoppalu,12.6173917,76.1444142
Bydrakoppalu,12.621076,76.1190727
Honnenahalli,12.5978953,76.171644
Yachanakuppe,12.6192124,76.1569906
Budanuru,12.5993821,76.1839414
Basavapatna,12.6168169,76.1212067
Upparakoppalu,12.6133703,76.0938385
Mule Hosahalli,12.6109653,76.1131677
Mallirajapattana,12.6039681,76.0837319
Ullenahalli,12.6193192,76.0419088
Siddapura,12.6127043,76.0136532
Saraguru,12.6122824,76.0378983
Vadavanahosahalli,12.6291605,76.0642247
Kurubara Abburu,12.6156893,75.9863682
Kudaluru,12.6243425,76.0739236
Bellame,12.6070683,75.9564482
Bannur,12.6063134,75.974301
Hodenuru,12.6175298,75.9649982
Bettagalale,12.6093079,75.9507061
Tannehalla,12.591594,75.8814204
Masagodu,12.5951729,75.8591044
Gonimaruru,12.5948632,75.9139415
Abburkatte,12.5902098,75.8906901
Shyanboganahalli,12.727047,76.0962642
Somanahalli,12.7155768,76.0732401
Doddamagge,12.6920038,76.0817352
Madihalli,12.7279889,76.08472
Madike Hosahalli,12.7061125,76.064612
Kabligere,12.6744565,76.0505378
Mugaluru,12.6545032,76.0869816
Baraguru,12.7005864,76.0806624
Kaniyaru,12.6997072,76.064612
Bettadahalli,12.6909854,76.0548702
Nilavagilu,12.6712894,76.0874108
Maggekavalu,12.6665006,76.0543155
Mokali,12.7324051,76.0762228
Vaddarahalli,12.8059844,76.059357
Padumanahalli,12.8585367,76.0674015
Bommenahalli,12.884667,76.0614384
Honnenahalli,12.8881132,75.9808498
Shettyhalli,12.8846451,76.0203287
Hanumantapura,12.9527219,76.0939253
Bittagaudanahalli,12.9858647,76.0935176
Ontimane,12.9235494,76.0826386
Uduvare,12.8366518,76.0791131
Shambhunathapura,12.7769811,76.046182
Marigudikoppalu,12.9682379,76.0801281
Kokkanaghatta,12.9657286,76.1007274
Pirumenahalli,12.9452783,76.1029376
Anjaneyapura,12.8753555,76.0658136
Ankanayakanahalli,12.7859165,76.0548938
Agalukote,13.2134815,77.7364019
Rayasandra,13.2197274,77.7264456
Bhattara Marenahalli,13.1665084,77.7357249
Chikka Hosahalli,13.2025341,77.7544907
Ramanahalli,13.1820919,77.7462091
Anneshvara,13.2130231,77.7141996
Reddihalli,13.1896244,77.7540187
Baichapura,13.2244517,77.7126448
Dodda Hosahalli,13.197725,77.7492132
Kaggalahalli,13.159032,77.7449217
Bettakote,13.1992334,77.7409295
Yerrappanahalli,13.2172834,77.7027166
Mallenahalli,13.185655,77.7620009
Hancharahalli,13.0929065,77.7501562
Kattugollahalli,13.0958449,77.7353505
Singahalli,13.1617626,77.7238781
Jyotipura,13.1018587,77.7502432
Handrahalli,13.120944,77.7505854
Manchappanahalli,13.1413715,77.7260747
Medahalli,13.0278454,77.7206079
Bandapura,13.0392632,77.7478367
Bommenahalli,13.0742536,77.7465943
Kattamanallur,13.0518055,77.7640608
Doddabanahalli,13.0238561,77.7469162
Bendiganahalli,13.0682966,77.7592543
Bidare Agrahara,13.0309211,77.7427748
Mutsandra,12.9372277,77.7861837
Bellikere,12.9304518,77.7969984
Anjala,16.4494161,76.8680684
Hire Naganura,16.1664963,76.6967552
Hosura Siddapura,16.3450511,76.7678184
Jerabandi,16.4276195,77.0004323
,16.2207786,77.0398766
Kuguru,12.9101668,77.8102372
Ramanayakanahalli,12.9097581,77.7555189
Neriga,12.9117656,77.7765251
Katriguppe,12.914559,77.7651761
Belaguru,13.6256771,76.290476
Mailarapura,13.625552,76.3842257
Neralakere,13.6546183,76.3954469
Galihalli,13.6165947,75.9629604
Byagadehalli,13.5854015,76.0007799
Turuvanahalli,13.5708299,76.0184496
Sigehadlu,13.5986638,76.0221403
Chikkapattanagere,13.5280182,75.9936437
Kurubagere,13.4952109,75.9985184
Tenkanahalli,12.9770402,76.459992
Honna Maranahalli,13.010192,76.4572912
Attihalli,12.9642891,76.4769435
Jamburu Amanikere,12.9908381,76.4595199
,14.6104221,75.5089722
,14.5512763,75.4062908
Chikka Budihala,14.5522373,75.4339426
,14.5643181,75.3573567
Karagi,14.5495633,75.3575205
Suttikoti,14.5396606,75.4192324
,14.6006047,75.526777
Yettinahalli,14.5130114,75.3862964
D Kalenahalli,12.889668,76.3871902
Shettihalli,12.908617,76.4262646
Alalageri,14.7270002,75.5196341
,14.9232748,75.3457849
Kalledevara,14.7666179,75.5408115
,14.8029975,75.5257961
Kuragunda,14.7873661,75.591176
Dummihala,14.6247253,75.2642275
Ghalapuji,14.6428093,75.2707961
Kabbur,14.7364554,75.338982
Kaginelli,14.6898087,75.3585479
Lingapura,14.7418943,75.4015172
Kanakapura,14.7556363,75.4047164
Honkana,14.6448424,75.200107
Kusanuru,14.6907453,75.2289644
Masanakatti,14.8681247,75.2239779
,14.681608,75.1907571
Tilavalli,14.6279984,75.230336
Uppanasi,14.7168384,75.2897672
Vasana,14.7071905,75.2317295
Kiravadi,14.6123303,75.2196786
Kanchipura,13.7247947,76.4714498
Chikkabyaladakere,13.7037821,76.5244932
Kittadal,13.7300476,76.4823932
Mayaganahalli,12.7706442,77.3353105
,12.7066401,77.2725768
,15.7440626,74.2081975
Desuru,15.7432422,74.5014086
Gavali,15.593889,74.3324089
Hemmadaga,15.5282942,74.3815707
Junjavada,15.5821183,74.6019429
Kapoli,15.6608711,74.3695522
,15.4761059,74.6253654
,15.5050091,74.6094373
Halasala,15.5225297,74.5502609
Maulangi,15.2618854,74.5958076
Kurubara Shettihalli,12.4393428,76.7132335
Rampura,12.4390892,76.6722086
Lalipalya,12.4452098,76.6718696
Kengara Koppalu,12.4361578,76.6812208
Kudalukuppe,12.4508211,76.7032772
Darasaguppe,12.4539242,76.6888576
Hiremarali,12.5191608,76.6933637
Mahadeshwarapura,12.5697671,76.6684567
Jakkanahalli,12.6549484,76.6825512
Kennalu,12.4738237,76.6747704
Haralahalli,12.482791,76.6787592
Bevina Kuppe,12.5304086,76.6807407
Anshi ,14.9925559,74.3708809
Byaradahalli,12.4473291,76.3484543
Chaukuru,12.2918663,76.1135107
Chikka Madhure,14.2214289,76.6023751
Hulikunte,14.1404561,76.7205695
,14.1111454,76.4707111
,14.0718304,76.6475049
,14.1353548,76.5262147
,17.3194391,75.9348387
Golasara,17.160808,76.1275961
,17.0535889,76.087707
Kunkuva,14.1142039,75.6256398
Doddettinahalli,14.1400713,75.5955505
Arabagatte,14.1922913,75.6319448
Basavanahalli,14.1701914,75.6306101
Ganganakote,14.1401578,75.62899
Kankanahalli,14.1456509,75.6130363
Vaderahatturu,14.1244475,75.6303097
Kankanahalli Tanda,14.1374944,75.6113089
Hosaagrahara,13.6105146,75.2576568
Basavani,13.5945391,75.2742328
Bannikere,14.0421149,75.6092139
Mussenalu,14.0655895,75.6056091
Kommanalu,14.0280842,75.5960336
Bijogatte,14.1442853,75.6411054
Suttukote,14.0488541,75.6147393
Gunaki,16.9752944,75.8009979
Kenganala,16.9747744,75.9537484
Bhosagi,17.1839316,76.2258209
,16.980236,76.3447439
,17.0265247,76.3744345
Nagavi,16.9257517,76.4255339
Hire Gaura,17.252112,76.2995556
Dargashirura,17.4794578,76.4039201
,17.3881796,76.3870038
Holeharalahalli,14.3059868,75.6320604
Hipparaga,17.6692427,76.6882116
,17.7103577,76.6351995
Jamaga,17.6719523,76.6378583
Jawalaga,17.7119407,76.6049797
,17.6606017,76.7020546
Sastapura,17.8200221,76.9184629
Kengatte,14.1054366,75.6689319
Gadekatte,14.1062378,75.6474367
Kugonahalli,14.1041827,75.6394249
,17.6445651,77.0735386
,17.7816234,77.1032226
,17.6592393,77.0922775
Nelakuda,17.6686264,77.1161921
Sindhanakera,17.7446931,77.1562923
Molakera,17.7769248,77.0762816
Pandaragera,17.7197367,77.0342991
Naganapalli,18.221209,77.5670443
Goranalli,17.8416911,77.5427564
Bannalli,17.7015452,77.2780239
Vithalapura,17.6618523,77.376825
Yakatapura,17.7829008,77.4865858
Biri,18.1202582,77.2970753
Hunaji,18.1340619,77.2592949
Konamelakunda,18.0041157,77.2889857
Talawada,18.1437804,77.1800994
,18.1021962,77.178626
Belakuni,18.1645001,77.37163
Holasamudra,18.2068399,77.2252028
Kotagyala,18.2465178,77.2260218
Talawada,18.016722,77.2564347
Kerur,18.0484352,77.3244809
Kharda,18.3684696,77.3221549
Kudli,18.1282807,77.3337948
,18.3780453,77.346977
Anadurawadi,17.9012407,77.3942795
Bhatasangavi,18.1085383,77.0776414
Kosama,18.0023595,77.3657166
Inchura,18.0639133,77.1129041
Kesarajawalaga,18.0248964,77.06449
,18.0760085,77.102893
Savaragaon,17.9528546,77.2273499
Kapalāpūra,17.932654,77.4060755
,17.9666845,77.2353973
Boragaon,18.4375456,77.3269097
,18.2034851,77.1980782
,18.2117234,77.2856064
Lingi,18.3532084,77.3550916
Khatagaon,18.2632848,77.2122601
,17.2951852,76.8370719
Batagera,17.6834573,76.7458602
Belura,17.4003522,76.8482062
Hiranagaon,17.6987313,76.96889
Ramtirtha,17.7092524,76.7396358
Bhakanal,17.7249405,76.7701253
Kanamasa,17.6462727,76.6678271
,17.7844614,76.7218088
Kinniwadi,17.7272143,76.9707071
Kodambal,17.6490487,77.2071771
,17.7415883,77.0109784
Shamatabad,17.7341209,77.2488108
Walakhindi,17.6790763,77.1529744
Kauta,17.5792863,76.7605698
Ainolli,17.4989001,77.4407706
Anavara,17.4090794,77.4170805
,17.3657614,77.3796641
Bijanalli,17.3904421,77.3096307
Gotura,17.3589893,77.1041145
Halachera,17.3487574,77.2459817
,17.4772685,76.9744347
Kallura,17.3843928,77.471633
Kudahalli,17.3724054,77.2318296
Kusrampalli,17.5638352,77.435378
Naga Idlayi,17.5470646,77.4143759
,17.5246179,77.3857599
Nagarahala,17.5364804,77.2846673
Bangaraga,17.6581814,76.5939355
,17.6973493,76.5195306
Tambakawadi,17.615609,76.682903
Saṅgōḷagi,17.5233989,76.7673001
Gullahalli,17.5305614,76.5199966
Hebali,17.5867102,76.5127326
Honalli,17.5903252,76.6008461
Tirtha,17.6214806,76.5362595
,17.7356108,76.6210408
Anabi,16.8527356,76.8984556
,17.37673,77.0490671
Ingalagi,17.0653505,76.945694
Itagi,17.2313192,76.825933
,16.8408691,76.9363962
,17.3523641,77.1031891
Kesaratagi,17.2779315,76.8492788
Rampurahalli,16.884415,77.0210309
Shankarawadi,17.1518413,76.9715065
Shellagi,17.4364166,77.0323351
Sugura,16.9224877,76.9878694
,17.1279253,77.0360995
Chikkaramapura,15.358789,76.4804812
Rangapura,15.3617358,76.4489177
,17.3356715,76.7693046
,17.6774107,76.8571266
,17.548925,76.8585122
,17.6024484,76.9928445
Sindagi,17.3458605,76.7808727
Wagdhari,17.5877689,76.798469
,17.5723011,76.8491746
Karalagi,17.6022596,76.7723901
Bilavara,16.8232105,76.6705207
Gudur,16.9914794,76.8333123
Hangaraga,16.8173064,76.5782493
Ingalagi,16.7774772,76.8456293
Kasarabhosga,16.9487843,76.6217462
Kollura,16.8816798,76.9491011
Lakhnapura,16.8477931,76.7269129
Yalagoda,16.8487184,76.6293689
Kodachi,16.8527589,76.7476023
Bhimapura,17.5505369,76.3500331
Chandrampalli,17.5291018,77.4643365
,17.2704272,76.2969317
Hatti,17.2279767,76.2240346
Hosuru,17.3669873,76.1205643
,16.8457819,76.4469861
,17.3287676,76.0769757
Shivura,17.2405913,76.1423976
Sarasamba,17.577594,76.4159324
Yakanchi,17.0906619,76.544944
,17.5927752,76.7081398
Khanapura,17.5921837,77.187228
,17.535101,77.1520428
Rikkina Alura,17.4842124,76.7424084
Dotikola,17.4807698,77.2867524
Rummanaguda,17.4707632,77.2002819
Ghattaragi,17.0937979,76.4089481
Kallura,17.1470625,76.440658
,17.0041277,77.0997151
Batagera,17.1350091,77.3016384
Benakanahalli,17.0614932,77.2179179
Bhankalaga,17.0265016,77.1608031
Jeratagi,17.0169957,76.4495999
,17.1667621,77.0159368
Kadehalli,17.0669213,76.8597427
,17.2238129,76.7268373
,17.1605489,77.0868394
Muraganura,16.9686379,76.471153
,17.12813,76.8842155
Yatanura,17.0413597,76.4526661
Sindhanamuda,17.0835263,77.2950591
,17.1601947,76.9997117
Allolli,17.1181458,77.2341984
Buragapalli,16.9028407,77.4281345
Chandapura,16.9851795,77.4051109
Chandaraki,16.8597618,77.4396515
Chikka Rajola,17.1052664,77.4057546
Dugnur,16.960959,77.3026047
Itakala,16.9146141,77.3868056
,16.9355722,77.4518646
Lingampalli,17.0887885,77.4131138
Madana,17.0221843,77.3631488
Nadepalli,17.0445154,77.4464565
,16.9818144,77.4334625
Silarakota,17.0215298,77.4764576
Bhutpur,17.0567631,77.3018561
Bidarakheda,17.0847701,77.3529029
Bijjanahalli,17.2153972,77.1902108
,17.2170758,77.2123673
Tajalapura,17.4864593,77.3333526
Imadapura,17.0991813,77.327339
Karchakhed,17.3133931,77.4218326
,17.0665241,77.4448457
,17.3113698,77.4279512
Chatnalli,16.761181,77.0018413
Gaddesuguru,16.6680117,77.1236347
Gulasaram,16.7165905,77.0950294
Harasagundagi,16.8121524,76.9115123
Maramakalla,16.7694829,77.0262511
Arashinige,16.47905,77.0031159
,16.5150664,76.6556516
Kollura,16.5047953,76.9115766
Petha Ammapura,16.532241,76.6685718
Rastapura,16.6303373,76.8534111
Vibhutihalli,16.660837,76.8573728
Chikkamavatturu,12.9010521,77.0513968
,16.5568223,76.8222609
,16.7426669,76.6938238
Dummadri,16.7976736,76.5338524
Khanapura,16.5066521,76.7837316
Hadanuru,16.7354637,76.5399485
Naganatagi,16.6688332,76.7656785
Saidapura,16.6974172,76.7857436
Timmapura,16.5310539,76.7733151
Arakera,16.7641341,77.2701967
Gajarakota,16.8966684,77.2851426
Gudlagunta,16.6216146,77.3381104
Kanchagarahalli,16.8264543,77.088815
,16.6673742,77.1497734
Kotagera,16.8962909,77.2432625
Tanagunda,16.7956852,77.053902
Yalasatti,16.6845535,77.3616564
Malkapalli,16.9482454,77.3365468
Nachavara,16.9587296,77.2659453
,16.637607,76.6595488
Hanamasagara,16.3075513,76.4500796
Javali,17.424619,76.5383793
,16.9117417,76.5650708
Kammanasirasagi,16.9440785,76.5643931
,16.0938253,76.3042396
Madanuru,16.6029398,76.4900562
,16.7055909,76.6725865
Aheri,16.8751446,75.9112446
,16.405939,76.0170792
Arjanala,17.2892075,75.8376504
,17.077078,76.4154171
Bairunagi,17.2587468,75.8911838
,16.903718,76.1960946
Bibi Ingaragi,16.6425859,76.2360288
,16.4275064,76.3687212
,16.6339407,76.3025381
Gadisomanala,16.5474372,76.3318032
,16.1941871,76.2741394
,17.0547416,76.0087279
,16.5720778,76.3463635
,16.4175022,76.2139432
Gundavana,17.213086,75.8067473
Halagunaki,17.1423123,75.8044047
Hanchali,16.6537824,76.2259983
,16.7478196,76.4349921
Kadani,17.1622312,76.203053
,17.1380574,76.3588693
Kanakala,16.4672253,76.0399335
,16.7158628,76.2835532
,17.0257259,75.7989552
,16.4552127,76.2452199
Madbal,16.8502217,76.2906824
,16.5373722,75.7391217
,16.7855324,76.1161732
,16.4245257,76.3408349
,16.2822676,76.1146447
,16.8659306,76.053913
Pirapura,16.5804032,76.408695
,16.8151855,75.5655615
Salavadagi,16.4511271,76.4074708
,16.5484866,75.9091304
,16.745139,76.3536296
,17.0962689,76.1722883
,16.3261765,76.2829903
,17.1797884,75.8681253
Kambalapura,13.1734322,77.0270321
,16.8902416,75.8416561
Goravagundagi,16.9143164,76.45308
,17.1190532,76.2451239
Muradi,16.8705744,76.4219815
,16.970568,76.2272136
Bidkal Katte,13.5784603,74.8169117
Gundoor,13.6026506,74.8638806
,16.6199982,75.4895261
Havinala,17.3463907,75.6743872
,16.6610292,75.4754253
,17.3739806,75.5996165
,16.9937556,75.6809107
,17.3578548,75.7779689
,16.6670428,75.5367204
,16.7635726,75.5340273
Hunasemakki,13.5900755,74.7814444
Basruru,13.6308299,74.7366769
Kandlur,13.6372532,74.7649433
Ampar,13.647145,74.8222394
Haikadi,13.558884,74.8892917
Goliyangadi,13.5416807,74.9124193
Belve,13.5271121,74.9249251
Saibrakatte,13.5121768,74.7707402
Bramhavara Akashavani,13.4402767,74.7397968
Kurichikkanahalli,13.3805707,75.8772906
Hiregauja,13.3697847,75.8761276
Lakya,13.3464482,75.8708319
Chikkagauja,13.359432,75.8790029
Pillenahalli,13.4167117,75.9328617
Sarapanahalli,13.4076092,75.8753981
Kallumaradimutta,13.4264379,75.9127344
Uddeboranahalli,13.3977174,75.8876718
Bilekallahalli,13.404854,75.8813633
Bisanala,16.7311184,75.9884284
Karajola,16.5878828,75.6964475
Nandihala,16.6284277,75.8895857
Kemmannagundi,13.5473322,75.752947
Mandi Moorkai,13.5228656,74.9938023
Albhadi,13.5179394,74.9338496
Madamakki,13.5066964,75.0193477
Bidaragodu,13.5082906,75.1856973
Shanuvalli,13.5109955,75.2372168
Sangameshwara Pete,13.3671793,75.5212618
Gorigandi,13.3539637,75.5368533
Hunasehalli,13.3319033,75.5601144
Kanathi,13.3014087,75.5908713
Handi,13.1933946,75.6666897
Devara Gennura,16.496861,75.5279168
,17.0330845,75.7499699
,16.6289297,75.5712578
,16.5713842,75.7624306
,16.9920416,75.7317418
Mattihala,16.4599743,75.7463784
,17.1040514,75.8543745
,16.4761445,75.471846
Gubbalala,12.8856635,77.5416809
Belavadi,13.283555,75.9972373
,16.2322622,76.1952525
Arasanala,16.2713662,76.2228524
,16.6436262,76.3618497
,16.7218616,76.1144821
,16.4973407,76.3910985
,16.6409105,76.0961233
Maileshwara,16.4656898,76.3386448
,16.5098308,76.4142887
,16.5478418,76.4082114
Bindiga,13.4178093,75.790115
Hooli,15.795685,75.1917541
Marihal,15.8826292,74.6660686
Kangrali,15.9183899,74.6365628
Benchinamaradi,16.1161648,74.8559446
Markonahalli,12.9425861,76.8870504
Kalasapura,13.2801373,75.9341419
Donuru,16.7390653,75.9620404
,16.4342129,76.3162465
Medarahalli,13.2849974,75.9786356
Eshwarahalli,13.274451,75.9647096
Govindapura,13.274451,75.9945325
Thimmanahalli,13.269209,75.8707679
Degulapura,13.2657779,75.8598539
Kattethimmanahalli,13.2898809,75.958401
Vaderahalli,13.2735112,75.9777344
Byrapura,13.2821896,75.8133552
Kularahalli,13.2682691,75.8559621
Hanchihalli,13.2660334,75.9812749
Marle,13.2808762,75.8607732
Magadi,13.266284,75.8364571
Kurubarabudihal,13.2590807,76.0250013
Narasipura,13.2761938,76.0174182
Vaddarahalli,13.2740949,76.0069136
Galihalli,13.2672914,75.9333336
Doddagaddavalli,13.0984567,76.0035887
Mosale,12.901343,76.1433001
Mosale Thimmanahalli,12.9066379,76.1362336
Gudde Angadi,13.5819305,74.7962327
Mallenahalli,13.4206064,75.8018116
Anekere,12.9114703,76.3423515
Mallenahalli,12.9122986,76.3530266
Koravangala,13.0524021,76.1763955
,12.7766269,76.3974394
Govindanahalli,12.7729017,76.3905837
Amrutapura,13.7420165,75.8522918
Hosaholalu,12.6417678,76.4802552
Basaralu,12.7090838,76.81836
Aralaguppe,13.2517886,76.6165598
Hosakoppalu,12.909389,76.499797
Janivara,12.8851846,76.4173867
Shravaneri,12.8728096,76.4246351
Maresetty halli,12.9176724,76.5113842
Kempinakote,12.9065445,76.4986598
Halebelagola,12.9005108,76.4907961
Hullekere,13.1908657,76.3667443
Edigarahatti,13.1916484,76.3562242
,16.5708486,75.4861883
,16.5361483,75.4958265
Takkalaki,16.9291735,75.56584
Suladimmanahalli,13.3934714,76.1498033
Arakere,13.3747331,76.1288826
Hiriyur,13.340224,76.1879166
Kenchenahalli,13.3634321,76.1492649
Nagathihalli,13.3476207,76.2435698
Layalapura,13.3427122,76.2075005
Bisalehalli,13.3328333,76.1915317
Kallanayakanahalli,13.3386025,76.221905
Chikkuru,13.3361135,76.2011061
Bettadapura,13.3307903,76.1794982
Koranahalli  Koppalu,13.3655067,76.155376
Jajuru,13.3359704,76.2408232
Yachenahalli,12.8825556,76.3861343
Gaddebinde,12.8862391,76.3988802
Baragur Koppalu,12.9400283,76.3621082
Mallenahalli,12.8738119,76.3837311
Bhuvanahalli,13.1845236,77.8614361
Pillagumpe,13.1119955,77.838515
Kumbiganahalli,13.2423471,77.9213888
Chikkahulluru,13.1069391,77.8257735
Mallimakanapura,13.1275235,77.8486688
Cholappanahalli,13.1189775,77.8448493
Ramagovindapura,13.2083823,77.8789241
Urati Agrahara,13.2497619,77.9407222
D Settahalli,13.1505518,77.8718645
T Agrahara,13.1909562,77.8520323
Bhavapura,13.1843993,77.8706844
B Thimmasandra,13.2547119,77.9243285
Hindiganala Cross,13.2427846,77.9307873
Chokkasandra,13.1879708,77.9010899
Ekarajapura,13.1457251,77.8166969
Malliappanahalli,13.1485867,77.8829367
Sarakanuru,13.2194125,77.9332995
Nandagudi,13.2032192,77.9013892
Chokkahalli,13.111495,77.8348071
Shivanapura,13.1519508,77.9020555
K Satyavara,13.1627124,77.8712423
Chikkondahalli,13.2382187,77.9374066
Bimakkanahalli,13.1373997,77.8524146
Hindiganala,13.2217515,77.9126342
Doddahulluru,13.0968658,77.8194005
Geddalahallipura,13.2234842,77.9155738
Sonnadenahalli,13.0908884,77.8061182
Chikkanallurahalli,13.1238884,77.8504712
Tharabahalli,13.23612,77.9210938
Banahalli,13.2141259,77.9119475
Dinnahalli,13.1922337,77.9046304
Birahalli,13.1562759,77.9153378
Halevuru,13.2044956,77.8901465
Beguru,13.1382552,77.8431216
Virupakshapura,13.3026814,77.946622
Talagavara,13.3180479,77.979581
Vaijakuru,13.2895651,77.9670926
Subbarayanapete,13.306628,77.9564045
Amaravati,13.2692638,77.9340886
Hirepalya,13.2864326,77.9585954
Mastenahalli,13.3390758,77.9736565
Haradi,13.263374,77.9146807
Konganahalli,13.3298483,77.9999239
Kendanahalli,13.3493271,78.0215071
Padiganahalli,13.2801675,77.9617282
Kothur,13.3276276,77.9775746
Kurutahalli,13.3734399,78.0706667
Banahalli,13.3372803,77.9894708
Katamachanahalli,13.3668222,78.0493806
Hosahalli,13.3069413,77.9707447
Bichagondanahalli,13.2627111,77.947653
Bira,13.2931152,77.9508277
Munaganahalli,13.360246,78.0575131
Santekallahalli,13.27687,77.9451607
Kallahalli,13.3762163,78.0571269
Gopasandra,13.3911837,78.0684565
Mallikapura,13.3208083,77.9665819
Perumachanahalli,13.3447339,78.0182026
Doddihalli,13.3693543,78.0339123
Vaddihalli,13.3181835,77.9569286
,16.4942963,77.0761419
Jalige,13.2265508,77.5843982
Basavanapura,13.2252819,77.576019
Aradeshanahalli,13.2224141,77.565338
Doddagarudanahalli,12.6628438,76.8503989
Upparakanahalli,12.6504495,76.8527699
Bilidegalu,12.6247378,76.8712235
,12.5520068,76.8880893
,12.5866168,76.8826787
Deralakatte,12.809008,74.8982397
Mudipu,12.8036462,74.9617128
Melkar,12.8623466,75.0513185
Bondel,12.9227451,74.8696106
Purkodi,12.9674222,74.8590834
Konaje,12.8201692,74.928293
Jokatte,12.9675477,74.8462088
Nadumane,12.9511546,74.8485667
Arashinagodu,14.3321164,74.7338644
Balagoda,14.3374381,74.726837
Thyaglemane,14.3254532,74.7410098
Okkane Bhavi,14.3233632,74.7432629
Bedakani,14.3341891,74.8377472
Natekal,12.8036996,74.9059063
Ajjanadka,12.7786039,74.8754632
Naduvalli,12.789707,74.8889475
Pilikuru,12.7742323,74.8748559
Wajagoda,14.3135174,74.7258574
Mavina Gundi,14.2521913,74.8031874
Mensi,14.280297,74.8197635
Tarehalli,14.5543842,74.7887155
Narasipura,13.2699901,77.2401923
Kandila,12.8204362,74.8943351
Amblamogaru,12.835923,74.8950629
Asaigoli,12.806195,74.9140749
Harekala,12.8505478,74.9171975
Aladka,12.8581318,74.9173906
Gramachavadi,12.8333915,74.9317131
,16.809943,75.1929597
,16.8475294,75.354199
Malabad,16.8858696,75.1181371
,16.9182156,75.0730225
Balligeri,16.8579405,75.1359281
Kiranagi,16.8432056,75.0672846
,16.8753419,75.0016648
Dhupadal,16.207827,74.7580305
,12.8236518,74.8748119
Ranipura,12.8266969,74.8803251
Kallagudde,12.8318856,74.9053844
Eliyarpadavu,12.8371788,74.9087962
Baruva,12.8335803,74.9030885
Bandarabailu,12.8302537,74.8803036
Madhya Padavu,13.011018,74.8161009
Bommenahalli,13.0967591,75.7784828
Koduru,13.108126,75.7694847
Chikanahalli,13.1123245,75.7440478
Bhaskal,13.1833126,75.7239015
,16.1847247,74.6954476
,16.132359,74.7288219
,16.1949927,74.7112287
Thokkottu,12.8170757,74.8605797
Kerekodi,12.9102586,74.9137593
Tharigudde,12.9056677,74.9126275
Konimar,12.9059447,74.924349
Borugudde,12.9073415,74.9347171
Shivagange,13.1781542,77.2287036
Soladevanahalli,13.0919148,77.4880629
Tharabanahalli,13.1024779,77.4804347
Sasihitlu,13.0515116,74.7821156
,16.3148584,74.4651124
Bhairapura,16.3077657,74.3830943
Bugate Alura,16.3098905,74.3546589
,16.2946075,74.4267914
Karajaga,16.317027,74.4524505
,16.3178336,74.3860732
,16.3812705,74.4905935
Shippur,16.3465469,74.3743043
Rashing,16.3218045,74.3511289
,16.7184831,75.2690759
Chikkuda,16.5867809,74.9703605
Diggewadi,16.5686165,74.7425392
,16.5434644,74.7430939
,16.5670821,74.9924542
,16.5293147,74.6880313
,16.6335825,74.952241
,16.5203889,74.7268138
Dasarahalli,13.3151073,77.7163854
Yambarahalli,13.3160887,77.7014509
Kodagurki,13.2994716,77.7003434
Tailagere,13.3223936,77.6807013
Devenahalli,13.2827168,77.7034701
Managondanahalli,13.298756,77.6349965
Nileri,13.2727781,77.7099503
Koyira,13.3034243,77.641612
Kuduvati,13.3519133,77.6933163
Misaganahalli,13.3194285,77.6737919
Maligenahalli,13.2889777,77.7055064
Aruvanahalli,13.3030368,77.6345459
Mudiganahalli,13.3398355,77.6882233
Ramanathapura,13.3085506,77.6381078
Mayasandra,13.3095936,77.6600805
,16.7345121,75.2990438
Halalli,16.7379002,75.3499022
Nadi Ingalgaon,16.6464549,74.9936464
,16.7333099,75.3859075
Nandeshwara,16.5473906,75.0975578
,16.5938344,74.9994811
,16.5710611,75.0534453
,16.5828799,75.2926852
Kalabilagi,16.7156826,75.4774425
Arjunawada,16.2102037,74.5655754
,16.1881457,74.6356895
Chikalagudda,16.2042644,74.5194617
Gotur,16.2291133,74.512341
,16.1633734,74.5276722
Hebbala,16.2154364,74.5215202
,16.2622844,74.6542773
Hullolihatti,16.2584344,74.6417152
Kurani,16.197229,74.5508162
,16.2123936,74.6304939
Nerali,16.2560804,74.5497646
,16.1847076,74.6563694
,16.1686994,74.5056496
,16.1781299,74.579005
,16.1807764,74.6086659
,16.2894292,74.6255019
Avaragola,16.1919767,74.6882606
,16.2498443,74.7036572
Shirahatti,16.309519,74.6674343
Soltapura,16.2696916,74.440404
Chokkahalli,13.3960474,77.7353289
Kottanuru,13.3898071,77.7323892
,16.3612213,74.6262904
,16.3604468,74.6549437
,16.3751264,74.5469062
,16.4667659,74.6440808
,16.4851241,74.5620495
,16.46867,74.5204501
Kayar Katte,13.0018603,74.8559493
Mangalapete,12.9937922,74.8389932
Bhatrakere,12.9961008,74.8865088
Neerude,13.0277376,74.9028622
Muchuru,13.0248466,74.9189034
Mahadevapura,12.3943314,76.7766215
Melapura,12.3990699,76.7232413
,16.3939199,74.9387379
,16.3495859,74.9003424
,16.3775597,74.8414414
,16.3518074,74.8198061
,16.4049891,74.8793411
,16.3646297,74.8044742
,16.4325057,74.72418
Kariyannangadi,13.1311875,74.9855728
Kanthavara,13.1345675,74.9724831
Kedinje,13.1725974,74.9009641
Golibetta,13.1613656,74.9090435
Kallaputthige,13.1288424,75.0415548
Kadiyal,13.1244483,75.0879849
Shirthady,13.087202,75.082518
,16.2727223,74.7900899
,16.3063227,74.8159613
Ganeshawadi,16.2861429,74.7766522
,16.2314265,74.9081211
,16.1693732,74.9524127
Musaguppi,16.2601317,74.958117
Nallanatti,16.1998156,74.8595046
Pamaladinni,16.2808394,74.7792399
,16.2895193,74.8273205
,16.2176891,74.9307949
,16.2515268,74.9220452
,16.2551936,74.9670317
Kuppepadavu,12.9744024,74.9893225
Gopana Koppa,15.3748182,75.1437272
Sacheripete,13.115707,74.9044519
Attikatti,14.6181979,75.2787475
Managutti,16.0992337,74.5031939
Naganur,16.073351,74.4824431
Adyapadi,12.9490217,74.8841637
Bailamatta,12.9575063,74.9043342
Maripalla,12.8700052,74.9723542
Beeri,12.7834206,74.8602887
Maduru,12.7946404,74.8704832
Nadar,12.8002722,74.8813543
Mavanura,12.9219996,76.2577799
Byrikatte,12.746264,75.0770437
,15.8350989,74.4000357
,15.7368212,74.6322884
Kallehole,15.8688943,74.4223916
,15.775671,74.4156192
Ankalagi,15.7303486,74.5927115
Bellare,12.6651278,75.3696207
Nettaru,12.6662803,75.3509954
Perlampady,12.6453638,75.3149701
Banjikodi,12.6103555,75.3889755
Kavu,12.6426839,75.2751447
Ishwaramangala,12.6188247,75.2492444
Madnuru,12.6359834,75.2761523
Badagannuru,12.6583972,75.2402552
Mudipinadka,12.6526301,75.2246314
Bettampady,12.6687497,75.1994648
Kaikara,12.6968852,75.2150967
Daithota,12.6412493,75.1457235
Arlapadavu,12.6469772,75.171484
Panaje,12.6474797,75.1660123
Savanur,12.7363816,75.3145369
Kaniyoor,12.7191239,75.3655128
Shivalli,12.5859821,76.8228968
,15.7080246,74.6220826
,15.673956,74.5875899
,15.7281795,74.5561733
,15.69579,74.5748563
Kiresur,15.4433388,75.2966107
Indrasanahalli,13.225742,77.6140746
Singarahalli,13.2268182,77.6249521
Dendur,13.2945226,74.7799819
Kunjarugiri,13.2708286,74.7988642
Kalmadi,13.3480775,74.7209165
Kukkikatte,13.3895991,74.8267852
Kukkehalli,13.3930037,74.8533262
Havanje,13.3951725,74.8031817
Doopadakatte,13.364632,74.9210487
Kolalagiri,13.3942197,74.7787594
,13.3467871,74.8871035
Manai,13.340748,74.8778759
Kadtala,13.3523573,74.9756156
Hanchikatte,13.3110359,74.9817208
,15.8092278,74.6949657
,15.8227798,74.6645889
,15.7957282,74.7176112
Tellar,13.2449221,75.0230711
,13.2388807,75.0219123
Bajagoli,13.198776,75.0728254
Shiruru,13.512876,74.838676
Garadimane,13.4764299,74.8340751
Hadibettu,13.4270337,74.8770139
Kunjalu,13.4295063,74.7847197
Kodugudde,13.2281176,74.8115175
Bantakallu,13.2493015,74.7922593
Attinje,13.2302965,74.817644
Mudarangadi,13.1773984,74.8247196
Kolachur,13.1716957,74.806533
Chatkalpade,13.3710396,75.0031428
Thombatthu,13.5658165,74.9367127
Kilpady,13.08445,74.8067546
Akkanahalli,13.0111657,76.509782
Balur Handpost,13.1550978,75.50471
Karekere,12.9938557,76.4820488
Honagera,16.8197871,77.1859267
Belgera,16.8217332,77.2121546
Balichakra,16.6771303,77.2631326
Malali,12.9318416,76.2327402
Devihalli,12.9653717,76.2357641
Addihalli,12.9788796,76.2359787
,12.862944,76.5600134
Ontiguddakavalu,12.8931401,76.2905241
Kamenahalli,12.8806756,76.2719417
Dodda Aladahalli,12.9664601,76.1588158
Doddagenigere,12.9812632,76.1550148
Kenchatavalli,12.9966123,76.1558986
Sankenahalli,13.0229765,76.1495447
Kommanahalli,13.0298152,76.1865286
Handrangi,13.029904,76.1999182
Dyavalapura,13.0194115,76.1914944
Chikkabuvanahalli,13.0304058,76.1770228
Buvanahalli,13.0073358,76.1424384
Hosavaranchi,12.2065224,76.3046955
Halevaranchi,12.2177682,76.2918108
Hagaranahalli,12.3564029,76.3673655
Gudadnala,16.1776551,76.5995471
Mylanahalli,13.1400012,77.3555514
,15.7424897,75.2352832
,15.7196158,74.9445733
Malonagathihalli,13.158103,77.3339374
Mysore University Layout,12.2660696,76.6042706
Lakkenahalli,13.1829564,77.2994846
Hosahalli,13.2070288,77.2716702
Kabbanahalli,12.5113301,76.9386452
Chikkahalli,13.2765754,77.1946031
Medehalli,14.2492179,76.390319
Heggala,12.1535526,75.7811356
Arji,12.1827568,75.7922533
Kakkaragolla,14.5283785,75.8702925
Kaddiramapura,15.3128309,76.4503437
Arakere,14.2775211,75.6919917
Pandithana Halli,13.2817315,77.1836955
Ragimasalawada,14.6067298,75.9072417
Yadihalli,14.664774,75.9154628
Manchakalkuppe,13.2959568,77.1693742
Sanklapura,16.6287577,77.4614923
Halugunda,12.2760282,75.7896577
Palibetta,12.2402171,75.9150015
Atthuru,12.2072374,75.9208728
Ontiangadi,12.203,75.9646448
Biluru,12.151382,76.0201553
Hunasekuppe,12.3094388,76.1138378
Bilhara,16.5540291,77.160646
Hosur,15.820029,74.9305465
Pattanakudi,16.3985379,74.4298576
Walaki,16.3796231,74.4464561
Karadiguddi,15.880938,74.6844591
Birunani,12.0178569,75.8765438
Parakatageri,12.0536779,75.8310074
Kallola,16.5649808,74.638476
Yamagarni,16.4478059,74.3564436
Jakkaratti,16.8442492,74.9474747
Made,12.4181298,75.6848632
Toramana,12.3514058,75.7561199
,12.0724933,76.662151
,12.2008913,76.582151
Mudnala,16.7816314,77.1017261
Kondangeri,12.3001777,75.792881
Parane,12.2711347,75.7173463
Bellumadu,12.2447547,75.7421912
Arapattu,12.2255343,75.7346787
Chinniyapanda,12.1890129,75.7419566
Karada,12.2183947,75.7139521
Nariyandada,12.2280123,75.6872756
Kabbinakadu,12.2401624,75.6552984
Kadanuru,12.2167928,75.7783311
Marandoda,12.2380129,75.6732383
Balekudru Grama,13.4483845,74.7068575
Chettimani,12.378234,75.5726868
Sarati,14.6048754,75.8174082
Singrahalli,14.5810344,75.9268935
Sutturu,14.5800904,75.9616826
Nallapura,15.3011736,76.5622266
Budihala,15.7495495,74.9324311
Halaga,15.8215819,74.5618976
Kadrolli,15.698809,74.734939
,15.7323311,75.0259279
Khodanapura,15.682289,74.8490555
Mugabasava,15.7562213,74.9568442
Pattihala,15.7722823,74.7486596
,15.6550684,75.0219407
Sutagatti,15.745295,74.983568
Tarihala,15.8159363,74.6067872
,15.7555102,74.5911124
Kyarakoppa,15.4395071,74.9352938
Machhe,15.7915932,74.4840647
Piranawadi,15.8023796,74.4798604
,15.766777,74.4532854
,15.6053384,74.7231521
,15.7378159,75.2123427
Hirekumbi,15.7285203,75.1999634
,15.9117542,75.0200499
,15.7767268,74.896943
,15.9052289,75.0738021
Avani,13.1073919,78.3300432
Kurudumale,13.2123973,78.3665346
Chikka Ulligeri,15.6667623,75.0873139
,15.6657435,74.7134401
,15.6391071,74.9362532
Halashi,15.5405882,74.5914154
Chikkadinakoppa,15.6583975,74.6165166
Hire Munnavali,15.6673525,74.631146
Kodachawada,15.6579002,74.6111978
Basarkod,15.5811245,74.7552649
Giriyala,15.7928137,74.6785993
Chikkabagevadi,15.7688265,74.6865906
Holihosura,15.7353609,74.7462737
Murakibhavi,15.8665014,74.7861471
,15.8191824,74.797027
,16.1144865,74.9538058
,16.4219558,74.5310514
Hosapete,16.1366863,74.6515744
Hulikatti,16.0888629,74.8536336
Pachchapura,16.0959712,74.6869334
Sarapura,16.2867942,74.6687043
,16.36678,75.002432
Kamaladinni,16.3058562,74.9995544
,16.2728391,74.989148
Shivanapura,13.0063924,77.8694356
Hedaginabele,13.0414782,77.9174389
Attivatta,13.0867338,77.8519458
Bommanabande,13.0123778,77.8731974
Khaji Hosahalli,13.0078614,77.8664259
Haraluru,13.0650361,77.8381764
Irabanahalli,13.0208679,77.9265369
Alagondanahalli,13.0558818,77.9161321
Chikkataggali,13.0514504,77.8856193
Appasandra,13.062717,77.8963267
Kattigenahalli,13.0236672,77.8776606
Doddanallala,13.0834921,77.8973974
Taggali Hosahalli,13.0458262,77.8856407
Doddataggali,13.0570409,77.8906726
Chokkandahalli,13.0267215,77.9213012
Kolathuru,13.0746581,77.8297348
Orohalli,13.0593883,77.8742955
Doddadenahalli,13.0669382,77.9210437
Gangapura,13.0483984,77.8926359
Picchaguntrahalli,12.9994154,77.8840099
Thindlu,12.9900077,77.8653418
Hanumanayakanahalli,13.0146619,77.9166932
Injanahalli,13.0621725,77.8837074
Thavatahalli,13.0772218,77.870232
Madivala,13.0247543,77.9280389
Dandupalya,13.0745893,77.8114616
Soluru,13.0728534,77.8445278
Vagata,13.0233932,77.8361769
Devashettihalli,13.0240622,77.8216286
Bhaktarahalli,13.0205657,77.7941445
Kodihalli,13.0191075,77.8115306
Makanahalli,13.0091351,77.8284092
Bisanahalli,13.0083427,77.8124018
Jinnagara,13.0335782,77.821995
Bailuvaddigeri,15.2420193,76.5251275
Pasapula,16.7787415,77.2981127
,12.0626189,77.0060909
Mundigundam,12.1427164,77.0905758
Dadagi,18.0021459,77.1822522
Varwatti,17.9450158,77.1195118
Imamabad,17.9113369,77.6047854
Kandagol,17.4550084,77.0727333
Gaura,17.9249646,76.9362383
Khandala,17.9417755,76.9299398
Madargaon,17.7900488,77.2249055
Malkapura,17.8030611,77.2083943
Pratapura,17.8818942,76.9241346
Tadola,17.8070197,77.0153222
Yarandi,17.7887648,76.9307947
Hiriadka,13.3506593,74.8659955
Hampapura,12.6396071,76.8445235
Kanaganamaradi,12.5273537,76.7302606
Sunkatonnuru,12.5734218,76.7196234
Andinje,13.0570916,75.1662784
Arasakatte,13.1110332,75.1617664
Kokkradi,13.0780362,75.1724485
Harugoppa,15.9015479,74.8774427
Hire Budanura,15.9687704,74.8757641
Honidibba,15.6501638,74.7626856
Hulikatti,15.6583736,74.7536813
Kukadolli,15.7163978,74.6471988
,15.6904615,74.6743634
Hairige,12.2786001,76.2164918
Hanagodu,12.2385944,76.1890584
Kalahalli,12.3159339,76.2203096
Kamagaudenahalli,12.2576943,76.1994175
Kottegala,12.3439028,76.2345406
Tattekere,12.2862223,76.238298
Hegganduru,12.2510184,76.2070161
Kalleri,12.8824297,75.2380202
Bachappu,13.4427175,75.0160544
Huthorke,13.4591129,74.9778569
Chikkabettu,13.1646878,74.992729
Iruvatturu,13.1376503,75.0336419
Bolubailu,12.5845512,75.3694688
Yelimale,12.5997924,75.4768291
Agrahara Layout,13.0978927,77.62596
Panja,12.6762386,75.47507
Bantra,12.7436384,75.5080174
Kumbra,12.691636,75.2484052
Papemajalu,12.6997539,75.255144
Keyyuru,12.6894748,75.2879528
Thingalady,12.7036055,75.2771166
Kattattaru,12.6973257,75.2827171
Chikkadalavatta,13.8103892,77.4094562
Chikkahalli,14.2834488,77.2536454
Dommatamari,13.9763372,77.3714338
Garani,13.7863514,77.2617824
Hosakere,13.7645322,77.1976757
Itakadibbanahalli,13.8169495,77.3137492
Nagalamadike,14.1867645,77.3680259
Rajavanti,14.0347443,77.2834314
Reddihalli,13.8404435,77.16179
Ryapte,14.1834421,77.4530747
Tirumani,14.2394994,77.4401919
Virupasamudra,13.9114374,77.4162775
Bijavara,13.6761255,77.2308895
Chandragiri,13.698904,77.0801676
Chikkamaluru,13.6981273,77.3469854
Doddamaluru,13.7057786,77.3733646
Kadagaturu,13.7459532,77.4556619
Kalidevapura,13.7062743,77.4263554
Kondavadi,13.6655,77.3470429
Maruvekere,13.697536,77.2543725
Neralakere,13.7489295,77.1517459
Rantavalalu,13.7559434,77.1042117
Sajjehosahalli,13.7359215,77.0588487
Singanahalli,13.7651562,77.3577157
Doddajala,13.1767348,77.6520502
Shettigere Chikkajala,13.1796212,77.6658802
Beguru,13.183488,77.6808312
Mylanahalli,13.1857757,77.6967689
Byalya,13.6495428,77.308162
Honnagondanahalli,13.7721151,76.9738449
Kavanadala,13.6244065,77.1010996
Madaluru,13.8090691,76.9626241
Uttanahalli,13.1654662,77.651551
Kodagalahatti,13.144498,77.6292417
Hosahalli,13.1406199,77.641836
Misiganahalli,13.1652573,77.668347
Shantimogeru,12.7519495,75.3519229
Alankar,12.7773553,75.35188
Nelyadi,12.8357297,75.4036528
Konalu,12.8413817,75.3807556
Hadeelu,12.7747206,75.369426
Suruli,12.7917663,75.3679695
Perabe,12.7764764,75.375992
Santyar,12.7186732,75.2244215
Bevinahalli,13.895637,76.8429503
Doddabanagere,14.0044039,76.9683049
Dwaranakunte,14.0061644,76.8619118
Gaudagere,13.835535,76.8446897
Handikunte,13.8992408,76.9938821
Ranganahalli,13.8525036,76.7953211
Lakshmisagara,13.7744885,76.8189779
Neralagudda,13.7285829,76.7372234
Tadakaluru,14.0259979,76.912601
Tavarakere,13.7956264,76.8023038
Kodu,13.236856,74.8025621
Palimaru,13.129289,74.8115614
Jargekatte,13.114841,74.8801713
Nandikur,13.139805,74.7924432
Godihala,17.3106274,75.7128348
Halahalli,17.3487091,75.6229562
Jevura,17.2661186,75.7740541
Konkanagaon,17.287935,75.636541
Kudagi,17.1711306,75.8216061
Sankha,17.4054334,75.7004739
Satalagaon,17.1853684,75.7114723
Sonakanahalli,17.1535626,75.7777103
Aheri,16.9779376,76.3012116
Asangihala,17.048922,76.299129
Asantapura,16.6991518,76.4257402
Kadakola,16.6810796,76.1747265
,16.7785835,76.3317461
Kalikere,13.6843298,74.7081453
Aluru,13.751005,74.7272115
Maranakatte,13.7290447,74.7789556
Neralekatte,13.6729106,74.7805926
Chitturu,13.7296509,74.7649509
Hattiangadi,13.6466541,74.7327001
Jog Jeddu,13.8334164,74.7361154
Singanayakanahalli,13.1478621,77.5693207
Addiganahalli,13.1735343,77.5700547
Timmasandra,13.1715432,77.5809322
Tarahunase,13.1787744,77.5879515
Nagenahalli,13.1310462,77.574511
Nagadasanahalli,13.1601353,77.5780542
Doddatumakuru,13.2271518,77.5304736
Jinke Bachahalli,13.2466758,77.5322721
Chikka Tumakuru,13.2631186,77.5340004
Muttugadahalli,13.1412357,77.5260412
Ittagalapura,13.1709005,77.5422337
Vishvanathapura,13.1867447,77.5505272
Arakere,13.2001117,77.5387874
Bairapura,13.201324,77.5231269
Haniyuru,13.2134301,77.5148913
Gaudahalli,13.2270783,77.5202155
Shyanuboganahalli,13.1793227,77.5317087
Chokkenahalli,13.1832532,77.5395113
Budamanahalli,13.1911399,77.5280582
Koluvarayanahalli,13.1654293,77.5224075
Sadenahalli,13.1944923,77.5730909
Maragondanahalli,13.2035418,77.5760721
Bettenahalli,13.2086636,77.5886003
Dibburu,13.4832907,77.7919154
Kudupakunte,13.5460419,77.9097375
Ajjakadirenahalli,13.485875,77.8617346
Anemadagu,13.5229693,77.8970995
Nachanganahalli,13.5308537,77.8991568
Rayappanahalli,13.5482938,77.9182043
Pillagundlahalli,13.5286841,77.8955519
Timmanayakanahalli,13.537947,77.920153
Yarrahalli,13.5382805,77.9052507
Hariga,13.9902812,74.8051855
,14.0110176,74.8749379
,14.0162848,74.8688868
Tumari,14.0349115,74.8524696
Valagere,14.0505631,74.8501413
Kodigehalli,13.3042193,77.5112285
Aralu Mallige,13.2735364,77.5096608
Yekashipura,13.2584887,77.5142689
Sonnenahalli,13.1979489,77.5003487
Challahalli,13.2172845,77.5066675
Suradenapura,13.2109392,77.5619287
Ganapura,16.7545116,77.3125285
Gopalapura,16.7419256,77.3065254
Katagi Shahpur,16.8513397,77.2004192
Sutar Hosalli,16.8455317,77.2267779
Begura,15.2209078,74.9731897
Bekavada,15.5906085,74.6125316
Kudachi,15.856435,74.5630124
Nagurda,15.6794295,74.4607052
Olamani,15.6945218,74.3969819
Huvinayakanahalli,13.1478821,77.6896848
Maralakunte,13.1322875,77.7048953
Bande Kodigehalli,13.1725203,77.6911517
Neelakoda,14.3332603,74.4867033
Ramatirtha,14.2921072,74.4452628
Talgod,14.3316283,74.4689793
Varnakeri,14.2992781,74.4789126
Gajanikeri,14.3068466,74.4864872
Tanmadgi,14.2812226,74.4752994
Ambalikoppa,15.3556945,74.9437134
Halligeri,15.3506027,74.9165574
Hulikeri,15.4809355,74.7407739
Mandihala,15.451705,74.9049849
Niralakatti,15.5542773,74.9190535
Belur,15.5307596,74.910858
Konkal,16.5354737,77.04149
Achola,16.845775,76.9966338
Allipura,16.8441464,77.0941771
Banahatti,16.823035,76.9787411
Bommashettahalli,16.8114113,77.0459707
Chamnahalli,16.8092513,77.1337702
Hedagimadra,16.8132585,77.0162951
Horuncha,16.8394626,77.130444
Khanahalli,16.8404151,77.0482069
Chamnalli Tanda,16.7933428,77.1074057
Talak,16.8243807,77.0025212
Wadnahalli,16.8624142,77.061413
Yaddalli,16.8390034,77.1481933
Kyasapanalli,16.8360379,77.0647871
Dhavaleshwara,16.3357545,75.0782955
Janawada,16.5401945,75.1608232
Khavatakoppa,16.5985616,75.0369688
Pandagaon,16.923625,74.9614659
Shiraguppi,16.5984045,75.1742483
Tawashi,16.8725823,75.0412084
Vishnuwadi,16.8228629,74.9345313
Kulkunda,12.6883675,75.6095522
Deburu,12.1187487,76.6418128
Dura,12.1462184,76.5958717
Heggadahalli,12.102305,76.5975371
Hallare,12.02163,76.5801914
Chowdanahalli,13.2144928,77.6288069
Sadahalli,13.2111088,77.647022
Nagamangala,13.2165279,77.6188304
Neraganahalli,13.2361351,77.6297013
Elatthuru,13.2208405,77.6446882
Uganawadi,13.2388959,77.6572785
Kempathimmanahalli,13.2234855,77.6544864
Devaganahalli,13.2531396,77.6485304
Soluru,13.263116,77.6547117
Chitrapu,13.06897,74.7852817
Poojenahalli,13.216271,77.6572142
Kannamangala,13.2151923,77.6667197
Kannamangala Palya,13.2215664,77.6697803
Bhuvanahalli,13.2176918,77.6816863
Doddasanne,13.2177635,77.6941039
Kundana,13.257088,77.6284828
Bommawara,13.2524488,77.6709181
Anighatta,13.2780852,77.6896935
Balepura,13.1988242,77.7781235
Ankonahalli,13.2046769,77.7990662
Dodda Kurubarahalli,13.2253418,77.8088429
Ibasapura,13.2431585,77.8215484
Dinnuru,13.252778,77.8018711
Jangamakote,13.2626258,77.8472033
Chimachanahalli,13.2261111,77.7904857
Doddatattamangala,13.2690295,77.7620407
Maitadi,12.2632811,75.7844164
Tarabanahalli,13.1905708,77.627882
Gadenahalli,13.1885367,77.6178291
Naduvatti,13.0064253,77.7970863
Shivanahalli,12.5169066,77.3984105
Dudihala,16.5624102,75.676396
Hunashyala,16.4341318,75.8792888
Byakoda,16.512235,76.1053395
Markabbinahalli,16.7432336,76.036408
Narasalagi,16.5010799,76.0044052
Sarura,16.2944434,76.1692865
Yalagura,16.2340613,76.1561828
Bisanahalli,12.9931642,77.8227766
Hosahalli,12.9687499,77.8325273
Somalapura,12.9686041,77.861241
Dommaluru,12.9680573,77.8718312
Lakkuru,12.9291542,77.8863665
Pura,12.9406862,77.8828301
Kodihalli,12.9288587,77.8986305
Baraguru,12.9520869,77.8841094
Arasanahalli,12.9649475,77.8884226
Kittaganuru,13.0374788,77.7103158
Kamasamudra,13.3781608,76.3685738
Shettikere,13.3809692,76.5613436
Arahalli,13.1664438,78.1214425
Kannurahalli,13.0598957,77.8075369
Kacharakanahalli,12.9957647,77.814568
Kurubarahalli,13.1019041,77.7987309
Hirehalli,14.5256081,76.6633322
Mallasamudra,14.5525511,76.7746765
Dasarahalli,13.0994854,77.8361008
Guddattu,13.5575232,74.797202
Gottipura,13.1080522,77.8505226
Jadigenahalli,13.0510014,77.8525514
Karibeerana Hosahalli,13.0381929,77.8610054
Kamarasanahalli,13.0168093,77.8613916
Chimandahalli,13.0505883,77.8121892
Doddanallurahalli,13.1188137,77.8626296
Ganagaluru,13.0498782,77.7999884
Baddepalli,16.5729908,77.3710804
Belagera,16.9272656,77.1366329
Chinnakara,16.784841,77.3769971
Gondadagi,16.5058483,77.2109323
Gunjanura,16.7764763,77.354115
Jinkera,16.6916396,77.2050035
Killanakera,16.6384035,77.2617343
Mundaragi,16.7777581,77.1831116
Nasalavayi,16.6989765,77.4482231
Vankasambra,16.608143,77.3759494
Bidarani,16.7783438,76.9358901
Hosuru,16.8742172,76.9017768
Konapura,16.9947231,77.339379
Tangadagi,16.8041225,76.9855733
Tokapura,16.6785414,76.9428332
Kamanahalli,12.9075906,77.7971779
Jantagondanahalli,12.9244378,77.7860585
Kutaganahalli,12.8885577,77.802044
Kodaganuru,14.3354065,76.0402088
Madderu,14.041919,76.2562414
Siddapura,14.2202519,76.347243
Chitrahalli,14.111219,76.266129
Dugaladka,12.5914658,75.4261614
Gajapura,14.874302,76.3102385
Byalechinta,15.2038581,77.0766413
Jalihalu,15.2529279,77.1277784
Doddinduvadi,12.1537385,77.2097273
Matthipura,12.1788393,77.2109278
Kongarahalli,12.1343015,77.2283097
Singanalluru,12.1446041,77.2208725
Nayakanahalli,12.4214071,77.3601236
Dondambali,16.4924206,76.9715337
Jegarakal,16.3077585,77.2878992
Narabandi,16.1736436,76.9411137
Kothanur,12.5805368,77.3330675
Somedyapanahalli,12.5683941,77.3335417
Udarahalli,12.5847337,77.3476308
Indlavadi,12.7288928,77.637932
Ganganagar,16.7798066,77.1334983
Atkuru,16.3323721,77.5405603
Kadluru,16.3914074,77.2907219
Sagamkunta,16.3005513,77.4329066
Shakhawadi,16.2784358,77.4068707
Yapaladinni,16.2926375,77.5221181
Belekeri,14.7067862,74.2696028
Arasigera,16.2466443,77.4845246
Gunjihalli,16.039537,77.4094986
Khanapura,16.1176034,77.3344525
Ganamuru,16.2709229,77.4352153
Manjuguni,14.6043288,74.2957294
Kujany,14.5371144,74.3498733
Ganji Gadde,14.5508551,74.3320572
Aghanashini,14.5205992,74.3671174
Gangavali,14.5966261,74.3092456
Narayanakere,12.943855,77.858466
Hosapete,16.2885523,77.3011757
Mansalapuru,16.2514487,77.3234036
Paramadevanahalli,15.143392,77.0519608
Akalakumpi,16.2067747,76.8763342
Alkoda,16.2220141,76.9234027
Aminagada,16.1059275,76.7267938
Bhumanagunda,16.2582396,76.913921
Donamaradi,16.0073629,76.8544585
Hiredinni,16.0268112,76.8077167
Kurakundi,16.1748956,76.8928293
Malladagudda,16.0176756,76.8444472
Chintalakunta,16.3492667,77.0071312
Kotha,16.2383576,76.6390218
Paidoddi,16.346659,76.6823069
Yarajanti,16.3176475,76.7080182
Bayidoddi,16.1932706,77.4483777
Eklasapura,16.2183343,77.3212399
Gonal,16.2268659,77.2678928
Mandalagera,16.2169109,77.492169
Pattepura,16.2416949,77.2822701
Singanodi,16.2071479,77.4705207
Anwari,16.1615461,76.7442832
Buddinni,16.0321412,76.6478985
Guntagola,16.2837785,76.5157351
Huvinabhavi,16.0373331,76.6339185
Santekelluru,16.0560478,76.5644365
Kasba Lingasugur,16.1199987,76.5257237
Bidarahalli,12.3530088,76.7908352
Kilara,12.5989894,76.942197
Mandyakoppa,12.3950074,76.8018789
Mottahalli,12.4614241,76.8802109
Taripura,12.3697815,76.7606951
Guluru,12.6838624,76.9449554
Rammanahalli,12.3462095,76.7107055
Agrahara,12.6575294,76.1002386
Belur,14.8295263,74.2455944
Bassapura,15.8459686,76.7254403
Chikka Kotinikal,15.8923349,76.964021
Gaudanabhavi,15.9028935,76.757553
Karabadinni,15.8992115,76.9213857
Karidigudda,16.0301764,77.0263398
Pagadadinni,15.8181673,76.7221622
Jagira Panvuru,15.8754141,77.0042612
Potnala,15.9240341,76.8901858
Sangapura,16.0341729,76.998247
Chikkahesarura,16.1106436,76.6385535
Hirehesarura,16.1260449,76.6384052
Honnahalli,16.2118894,76.5626509
Kallapur,16.1964205,76.5139311
Kuppigudda,16.1305077,76.5742896
Maraladinni,16.0003397,76.5380279
Rodalabanda,16.2320607,76.7147791
Sarjapura,16.1285537,76.5843969
Adavibhavi,16.0670133,76.4088742
Ashihala Tanda,16.0578883,76.3846952
Hire Lekihala,16.0421971,76.3279598
Kilarahatti,16.0525086,76.3577402
Nandihala,16.1766055,76.3815823
Tondihala,16.1368111,76.2645624
Upparanandihala,16.0324365,76.3477748
Buddinni,16.0521224,76.4743267
Gudihala,16.0416444,76.4840407
Ichanala,16.1797978,76.4446601
Matturu,16.0339954,76.5000191
Mitti Kellura,16.047118,76.5353319
Hegdekatta,14.6063524,74.7149763
Panchalinga,14.6167912,74.7178096
Chimegaon,18.307338,77.2826262
Kavalakki,14.2978026,74.4994897
Bandarakumata,18.346281,77.3233228
Dongaragaon,18.28842,77.3267698
Ganeshapura,18.3619792,77.230941
Handikera,18.3140497,77.2774196
Chandanahalli,17.8713402,77.1347208
Jalasangi,17.8302562,77.1741906
Otagi,17.8762517,77.1603292
Tamaladagi,17.7633199,77.2813504
Wanjarakheda,18.0652688,76.9548709
Aurada,17.7862549,77.3638574
Budhera,17.8036284,77.4707884
Halahalli,17.883822,77.3500526
Nagura,17.8021408,77.4962355
Nilamanahalli,17.9078228,77.3301461
Halakatta,17.0163886,77.005088
Shakapura,16.9823182,76.7383074
Yanagunta,17.0407496,76.9060638
Badalagaon,18.2871271,77.4238085
Baradapura,18.2167889,77.4674645
Bedakunda,18.1750141,77.3058866
Borula,18.2134658,77.4238234
Ekalara,18.2208352,77.4415039
Gudapalli,18.173805,77.508328
Hippalagaon,18.1712818,77.3481346
Khanapura,18.0618322,77.5211952
Maskal,18.1690225,77.4010412
Channapillekoppalu,12.3582353,76.9923567
Yamaduru,12.3547865,77.0242774
Hittanahalli,12.4059296,76.9725841
Mikkere,12.3978454,76.9523527
Ragibommanahalli,12.3643199,77.0374278
Sabbanahalli,12.4638562,76.950026
Sujjaluru,12.3486043,76.9897772
Yadaganahalli,12.4659197,76.9693103
Kakkinje,13.0404371,75.4097913
Ladha,18.0908203,77.4356122
Kannala,16.9482238,75.760264
Siddapura,16.8900157,75.5512608
Bellubbi,16.4779401,75.5989489
Hangaragi,16.4729692,75.6314458
Hosa Jainapura,16.4604492,75.5812945
Jambagi,16.4237248,75.4765554
Kanaburu,16.4487191,75.456145
Kodabagi,16.5146008,75.5709939
Kumathe,16.6861135,75.4604462
Mangalura,16.4957621,75.5844991
Shegunashi,16.5836977,75.5805114
Hadagali,16.8109502,75.9370122
Honnalli,16.9447291,75.9188302
Honnutagi,16.8256876,75.8639639
Jirankalagi,17.2765679,75.6752538
Lingadalli,17.0640499,75.8804267
Mavinahalli,17.2205705,75.9659206
Shiragura Khalsa,17.3607163,75.8798977
Takali,17.4046075,75.7631575
Jatnala,17.007761,76.3553299
Rodagi,17.2062175,76.1649206
Shambewada,17.1423699,76.3831388
Shirasagi,17.0614833,76.3909093
,17.4273682,75.6729067
Benakepalli,17.6091864,77.2520316
Bhumyara,17.6065055,77.1653177
Kotagi,17.5522782,77.1799009
Salagara Basantapura,17.6048387,77.2966283
Sangapura,17.5646412,77.5326664
Shivaramapura,17.5164902,77.6597864
Sunthana,17.4327498,77.1578712
Palthia Tanda,17.5940499,77.3003524
Agasabala,16.4772264,76.0955936
Areshankara,16.2779189,76.3201957
Bavura,16.4444264,76.2504684
Devura,16.26445,76.0745883
Garasangi,16.2109285,76.1790772
Kannala,16.4883823,76.066411
Lingadahalli,16.4617565,76.2093496
Maskanala,16.4354204,76.332627
Nagarabetta,16.2823525,76.2578238
Karakura,16.1783868,76.2436526
Bijjura,16.2118021,76.3053406
Vanahalli,16.4671193,76.2003049
Adahalli,16.7910034,75.2105146
Alagawadi,16.4950545,74.875367
Balawada,16.644424,75.1827675
Bekkeri,16.5211173,74.8102093
Byakuda,16.43127,74.8369531
Hidakal,16.4686717,74.9334127
Hulagabali,16.6612596,74.9955948
Khanatti,16.346764,75.0141814
Khemalapura,16.6077639,74.9364113
Mahishawadagi,16.515975,75.1234723
Moraba,16.5244186,74.8524553
Nagarala,16.4834518,74.8051142
Sankonatti,16.6887123,75.0512834
Shivanuru,16.8257823,75.0424182
,16.525319,74.9307066
,16.539683,74.8804461
,16.8555189,75.2602001
Talewada,16.5548684,75.8121426
Utnala,16.7192485,75.8062884
Besagarahalli,12.6388895,76.9932614
Holehonnuru,13.9868732,75.6889093
Devarahalli,14.1048073,75.9684398
Sominakoppa,14.0344746,75.618791
Soraturu,14.2152561,75.5947049
,14.0421527,76.0031421
Kinnara,14.8515532,74.1821126
Inamvirapura,15.2466036,75.1042137
Kuradikeri,15.2223913,75.0926373
Varur,15.2077105,75.1387568
Kamplikoppa,15.2120997,75.1072703
Karadikoppa,15.2352915,75.0989807
Bommasamudra,15.2375689,75.1174772
Surashettikoppa,15.2031965,75.0906551
Katnura,15.2711863,75.1155868
Giriyala,15.2714978,75.1110163
Sherevada,15.2585175,75.1686237
Mavanura,15.2826647,75.1188264
Hosakatti,15.1588795,75.1672504
Tirumalakoppa,15.1678472,75.1337582
Ramankoppa,15.1505121,75.1490543
Hale Muttalli,15.1529364,75.1448948
Vanahalli,15.0208577,75.2073784
Chakapura,14.9715337,75.2471422
Belligatti,15.1082143,75.1519318
Kunnura,15.0639209,75.1370831
Adavi Somapura,15.0915186,75.1341241
Madli,15.0424489,75.153047
Timmapura,15.1027058,75.1560946
Bisanalli,14.950758,75.2457877
Jigalur,15.1316738,75.1464987
Ganjigatti,15.0135211,75.2329989
Kamanahalli,15.0129822,75.1913281
Gotagodi,15.0270227,75.1819537
Honnapura,15.0839358,75.1512022
Bada,14.9352073,75.2294761
Narayanapura,14.9313061,75.2380008
Muttalli,15.1392052,75.1335233
Hale Bankapura,14.9100763,75.2310066
Guddada Channapura,14.8966603,75.2473171
Munavalli,14.9328227,75.2496297
Sadashivpete,14.9338876,75.2440043
Khursapura,14.9694962,75.2241154
Anjanapura,14.1595946,75.3883166
Arishinagere,14.1860398,75.3273523
Arundi,14.1778502,75.5666524
Baganakatte,14.304586,75.4186548
Belagutti,14.1891174,75.5197968
Gogga,14.2767181,75.4717881
Guddehalli,14.2037966,75.5181065
Hosuru,14.2589954,75.4666435
Jakkanahalli,14.2303309,75.5237428
Jeenahalli,14.2099489,75.5351415
Kalmane,14.1561437,75.3544191
Kenchikoppa,14.1919065,75.561529
Kittadahalli,14.328465,75.4226451
Kulagatte,14.1418368,75.7399943
Kyasanakere,14.1339263,75.7560969
Mattikote,14.3360799,75.3979182
Tammadihalli,13.9619129,75.4127293
,14.1171771,75.7561957
Saluru,14.2219816,75.3073264
Budarasingi,15.2872886,75.1374739
Neelagund,15.3065094,75.489352
Malligawad,15.3373963,75.4357058
Old Dandeli,15.2380243,74.6172911
Chikhale,15.6651891,74.2597923
Malawada,15.4964565,74.574745
Avaradi,15.6172606,74.8135664
Hire Nandihalli,15.6563933,74.8201393
Marakumbi,15.8440653,74.8839462
Rudrapura,15.8678591,74.9343564
Sangolli,15.71708,74.8337311
Tadalasura,15.9386104,74.9060756
Ugarakhoda,15.6288357,74.7667712
Bachenahalli,13.4183835,77.7060375
Kachahalli,13.3705758,77.5774846
Gurukulanagenahalli,13.4462209,77.6168423
Poshettihalli,13.4648357,77.6163938
Chikkamuddenahalli,13.4057765,77.5763538
Narasimhanahalli,13.3801452,77.5887563
Tubagere,13.3737552,77.570174
Hiremuddenahalli,13.4113191,77.5829262
Kanganahalli,13.4028762,77.6422492
Nasikuntehosur,13.3996356,77.6448649
Hadonahalli,13.3692418,77.5449548
Kanijenahalli,13.4352036,77.7070675
Chikkanahalli,13.4335997,77.6231238
Yadlahalli,13.3793039,77.5834069
Sothenahalli,13.3804751,77.576092
Gungirlahalli,13.4100346,77.60515
Gowchenahalli,13.3978666,77.6352326
Balakuntahalli,13.4394774,77.615577
Kanivenarayanapura,13.4003057,77.6728897
Suddahalli,13.4127898,77.6940212
Gantiganahalli,13.414877,77.6991281
Marahalli,13.361814,77.6151063
Gantiganahalli,13.3600207,77.6032617
Malekote,13.3653419,77.6264553
Doddarayappanahalli,13.376051,77.6367019
Chikkarayappanahalli,13.3827734,77.6423345
Heggadihalli,13.3587252,77.6498881
Seegehalli,13.3641543,77.6399972
Chennapura,13.3713357,77.64416
Akkimaradi,16.3276329,75.1379262
Balobala,16.2165343,74.8732745
Hirenandi,16.0708935,74.9290257
Makkalageri,16.0635004,74.8771297
Ontagodi,16.3177851,75.1766304
Tukanatti,16.3078862,74.8682954
,16.091809,74.9297847
,16.1600013,75.0675949
,16.3154381,75.156446
Anakanuru,13.4361458,77.7492344
Andralahalli,13.4333272,77.7742326
Patrenahalli,13.4277964,77.7662718
Nayanahalli,13.4248964,77.7764856
Muttugadahalli,13.4370213,77.7821076
Tammanayakanahalli,13.426085,77.7921283
Sabbenahalli,13.452637,77.7498834
Manchanabale,13.4573369,77.7539148
Adavigollavarahalli,13.445723,77.7762045
Varadahalli,13.4298846,77.7854549
Honnenahalli,13.4571035,77.7364634
Jatavara,13.4157535,77.8067624
Handiganala,13.3841521,77.8434958
Hosahudya,13.3961757,77.8304925
Giddnahalli,13.4069463,77.8180899
Jatavara Hosahalli,13.4208045,77.7989518
Pindipapanahalli,13.4002669,77.9199709
Veerapura,13.3911226,77.8866177
Seegehalli,13.387352,77.9543375
Kadirinayakanahalli,13.4035754,77.9408085
Thinakallu,13.4007679,77.9690232
Chorappalli,13.4126435,78.0115759
Taladummanahalli,13.3934921,77.8940584
Bommanahalli,13.4005592,77.9111776
Upparapete,13.4050208,78.0023024
Sonnenahalli,13.4010184,77.8999295
Timmasandra,13.4068618,78.0365526
Bachchahalli,13.3908528,77.9080426
Hunasenahalli,13.4013106,77.9476513
Idludu,13.4011634,77.8753197
Konappalli,13.4114329,78.0235493
Madikere,13.3755097,78.0895724
Kariyapalli,13.4079065,78.0695738
Kodadavadi,13.3671176,78.133346
Doddaganjuru,13.3708356,78.1086268
Siddimatha,13.3715454,78.1260075
Tamaka,13.1314761,78.1642043
Usoda,15.3156913,74.5482511
Biranagaddi,16.2114637,74.8878006
Dharmatti,16.2834092,74.9460529
Melavanki,16.1995963,74.8974262
Munyala,16.3205873,75.0308054
Patagundi,16.2805512,74.9700797
Upparahatti,16.1458507,74.9022104
,16.1826853,74.8564149
,16.3100684,75.0349871
Nagaralahuli,16.5966308,76.1528211
,16.5713715,76.1384762
Agrahara,16.2473112,77.0086474
Buddinni,16.2753931,77.0213629
Hemanala,16.3845985,77.1768601
Honnatagi,16.3522871,77.1683252
Jadaladinni,16.2227989,77.0006275
Jinapura,16.3235849,77.0615264
Kakargal,16.3390953,77.0509496
Khanapura,16.3427122,77.1372581
Madarakalla,16.4051844,77.1837988
Nagoli,16.2647006,76.9903244
Sunkeshwarahala,16.3283803,77.0890218
Vadavatti,16.2022433,77.4192117
Jagatakalla,16.2610014,77.0438765
Bichchali,15.9584504,77.3235509
Gillesuguru,15.9753019,77.3701103
Godihala,16.0388129,77.3701485
Jambaladinni,16.081587,77.4553193
Julumugera,16.1104282,77.4854204
Linganakhanadoddi,16.0985052,77.4704987
Masadoddi,16.114297,77.4584249
Puchchaladinni,16.0523533,77.443191
Talamari,15.9468137,77.501685
,15.9808403,77.3342986
Madhagunaki,16.550089,75.5691159
Nagarala,16.7150385,75.4953827
Baluti,16.4270563,75.7321856
Borabanda,16.8310713,77.3804435
Dharmapura,16.8186327,77.3723609
Putapaka,16.8106792,77.4543512
Yanagundi,16.8975754,77.4504514
Chintanahallii,16.8093763,77.3295789
Kudalur,16.6012574,77.2472385
Nilahalli,16.6211051,77.2908035
Savura,16.6066444,77.2016185
Shettigeri,16.683894,77.1924853
Kanekal,16.6028522,77.3025047
Ajjipura,12.0465048,77.3535422
Bennisarige,12.112403,77.07991
Dasanadoddi,12.3117254,77.096027
Dhanaguru,12.3774918,77.1615674
Hadli,12.4091518,77.1267941
Hosahalli,12.2778858,77.1200353
Kinakahalli,12.1161613,77.0531082
Mamballi,12.1249094,77.0749017
Managahalli,12.1423773,77.3397275
Manchanahalli,12.3186824,77.1145033
Nidaghatta,12.3804879,77.0821456
Panditahalli,12.321049,77.0922243
Tellanuru,12.2198626,77.3049153
Bandahalli,12.1641443,77.3509432
,12.332004,77.0887451
Akkipete,13.2504293,77.7010404
Bommaraladoddi,16.4951635,77.3636678
Duppalli,16.5376248,77.3893917
Karanigi,16.6720337,77.3996567
Machanura,16.5417031,77.1829827
Raisabad Hosalli,16.7258138,77.2462695
Toranatippa,16.6646496,77.3737707
Wadavaata,16.6289474,77.3945891
Talahalli,13.3676709,77.7625966
Kanitahalli,13.357401,77.783238
Meluru,13.3476372,77.8252622
Appegaudanahalli,13.3689318,77.8151342
Kadagasenahalli,13.3757186,77.8062475
Bommanahalli,13.3762271,77.7547092
Ganganahalli,13.3678045,77.7943626
Chadalupura,13.3828149,77.7256962
Taudanahalli,13.3738596,77.7722586
Mutturu,13.3466361,77.8011835
Shrirampura,13.3858629,77.7623022
Kolavanahalli,13.3814408,77.74898
Ganganahalli,13.3571167,77.8030503
Gaviganahalli,13.3819066,77.7307814
Kondenahalli,13.3725246,77.7979005
Aralahalli,16.78922,76.7987117
Basawantapura,16.5794531,76.9258369
Bhimarayana Gudi,16.7254798,76.7988625
Channura,16.5126724,77.0206008
Diggi,16.7083137,76.8025595
Halabhavi,16.7503474,76.8259047
Hotapeta,16.7604922,76.8184344
Kakkasagera,16.6683737,76.6778484
Malagatti,16.6129983,76.6561642
Mandagalli,16.5754657,76.8369636
Nandihalli,16.5600579,76.9119253
Rajapura,16.7539274,76.7916062
Savura,16.5612023,76.8685376
Kongandi,16.5763998,76.8482503
Koratti,13.1886466,77.9571877
Guttahalli,13.1750608,77.9583828
Hettakki,13.1540884,77.9326983
Sonnenahalli,13.153447,77.972339
Nelavagilu,13.2204772,77.9355841
Hedakanahalli,13.1795418,77.9512374
Doddaganahalli,13.1817041,77.9494243
Chikkakorati,13.1951067,77.9559474
Yeshwanthapura,13.2120016,77.9518224
Belamaranahalli,13.1738908,77.9706969
Bylanarasapura,13.1769973,77.9356007
Arehalli,13.2229003,77.9482656
Chakarasanahalli,13.142589,77.9679074
N Hosahalli,13.1843569,77.9286634
Gopasandra,13.2337188,77.826673
Muddanahalli,13.1943024,77.9136431
Chikka Aralagere,13.2005885,77.8243126
Ittasandra,13.2198071,77.8822913
Teneyuru,13.2272435,77.8367152
Balenahalli,13.199253,77.8488736
Isturu Hosahalli,13.2280721,77.8606573
Dodda Aralagere,13.1936965,77.8382601
Dyavasandra,13.2012591,77.8407921
Giddahalli,13.1998374,77.9100382
Anupahalli,13.2151718,77.857057
Bendiganahalli,13.2173482,77.8337043
Chimasandra,13.2127904,77.8683867
Isturu,13.2243421,77.8709638
Byrasandra,13.2243447,77.8532441
Meduru,13.2054163,77.9171836
Timmappanahalli,13.2189319,77.8252568
Muttakadahalli,13.1755204,77.9024422
Obalahalli,13.166411,77.9158747
Huluvanahalli,13.1651772,77.9220974
Kembliganahalli,13.1303439,77.8836527
Volegerepura,13.1117034,77.8727211
Mugabala,13.1187669,77.8897585
Chikkanahalli,13.1315987,77.9027211
Gadigenahalli,13.1307639,77.8985154
Gollahalli,13.1397071,77.8874408
Bhimapura,13.1443857,77.9078256
Byranahalli,13.1047166,77.9296909
Thoranahalli,13.1022609,77.919284
Maliyappanahalli,13.2086324,77.9749157
Lingapura,13.1492344,77.9308303
Kalkere,13.1794479,77.9822408
Ramasandra,13.1199827,77.9494105
Kurugal,13.1967442,77.9852878
Banamakanahalli,13.1383701,77.9376764
Majara Suldenahalli,13.2079415,77.9637013
Kalappanahalli,13.1218948,77.9320513
Acchatnahalli,13.1064407,77.9924546
Manchappanahalli,13.1221895,77.9227386
Hanumantapura,13.2221066,77.9716214
Karinayakanahalli,13.0987102,77.9852878
Chowdadenahalli,13.1562937,78.0104769
Karudubande,13.1076367,77.9601771
Paramanahalli,13.0085338,77.8437594
Mallasandra,13.1091993,77.9541312
Poojaramanahalli,13.1214058,77.9033624
Guguttahalli,13.0902249,77.9074822
Bangadi,13.0810049,75.3596441
Killuru,13.1163447,75.364493
Halasahalli,12.924052,77.7626459
Nekkundi Dommasandra,12.927462,77.7761449
Gullahalli,13.1699592,77.8353048
Mutakadahalli,13.1497755,77.844317
Doddakoliga,13.1590548,77.8399397
Addodagi,16.4528061,76.8368143
Bachimatti,16.4841232,76.6417094
Badyapura,16.6006458,76.7368372
Bevinala,16.4535033,76.8039551
Bommanahalli,16.5548952,76.7066403
Chikkanahalli,16.5069172,76.6266009
Devaragonala,16.5750592,76.7212986
Devikera,16.5554666,76.7846927
Hunasihole,16.3856789,76.6369986
Kumbarapete,16.5094017,76.7529577
Kupagal,16.4928275,76.8095434
Rattala,16.5575068,76.7654603
Shantapura,16.3888776,76.6566949
Shellagi,16.4458946,76.7670357
Siddapura,16.5483883,76.7391926
Tinthani,16.3835987,76.670759
Venkatapura,16.5120498,76.762992
Waganagera,16.5213939,76.6973939
,16.4539403,76.8430855
Shivarapattana,13.0631953,77.991362
Agrahara Hosahalli,13.0590754,78.0048139
Mindahalli,13.0886719,77.98194
Hungenahalli,13.0491485,77.9906539
Ramenahalli,13.0603735,77.9826931
Alahalli,13.0903878,78.0025393
Banakanahalli,13.0851188,78.0001361
Tyavanahalli,13.0979932,78.0127961
Appasandra,13.1208979,77.9933555
Khajikallahalli,13.1226972,78.005243
Krishnapura,13.1237817,77.9884202
Thoralakki,12.9204997,78.0679852
Doddakallahalli,12.9229223,78.0030197
Guruvalavagollahalli,12.9300728,78.0713571
Jinagatimmanahalli,12.9241573,78.0574096
Dodda Iggaluru,12.9236752,77.9832765
Rajenahalli,12.9318306,78.0198404
Turuvalahatti,12.9197862,78.0510152
Gollahalli,12.9198836,78.0109463
Chikka Iglur,12.9147447,77.9708526
Nallandahalli,12.9278768,78.0292818
Chikka Hebbala,16.4830185,76.6189423
Kalladevanahalli,16.4859054,76.5746247
Ukkinala,16.7579046,76.6635073
Yadahalli,16.5270474,76.5449506
Yevura,16.7360806,76.6050053
Kadagrahara,12.8629979,77.763056
Valagere Kallahalli,12.882201,77.7761881
Yamare,12.8731016,77.7659742
Balashettihala,16.3884712,76.5074372
Bapparagi,16.3857671,76.3275192
Eniwadageri,16.3041217,76.3195064
Maranala,16.3202552,76.3479339
Channapattana,16.420243,76.6297251
Gundahalli,16.716057,76.9953716
Halabhavi,16.4282891,76.6482234
Jamalapura Tanda,16.3059097,76.469052
Kodamanahalli,16.7604031,76.7696257
Kyatanala,16.6604045,77.0114291
Shettikera,16.6266117,76.7355619
Wadigera,16.6252223,76.9615844
Devatakal,16.4654125,76.6486039
Kandhalli,16.5812881,77.1547813
Bommanahalli,16.621365,76.9146835
Kavadimatti,16.4829644,76.7486661
Anavara,16.6306675,76.9147178
Rampura,16.8877324,77.2636731
Shivapura,16.8765128,77.2819518
Yampada,16.8510464,77.2755026
,16.6599691,76.9452321
,16.4092309,75.8167727
Benakal,16.4992213,76.9803331
Hanchinala,16.3790273,77.1263193
Huvinahedgi,16.4817452,76.9200965
Joladahedgi,16.4879647,76.9391249
Konachapalli,16.5419378,76.9774699
Kurakihalli,16.5258649,76.9982634
Masihala,16.4218501,77.0895139
Parapura,16.5090974,76.9958013
Shavantagera,16.3961808,77.1384251
Sugarala,16.4388129,77.0079531
,16.3636825,77.1073091
,16.4463191,76.9383668
Appanadoddi,16.2909567,77.4752921
Gajarala,16.2986224,77.535712
Naganadoddi,16.2717661,77.4804319
Devabhaga,14.856053,74.1122451
Chikkabenakal,15.4302193,76.438525
Kadwad,14.8371201,74.1739377
Sunkeri,14.8399182,74.1585697
Shirwada,14.8115632,74.1673909
Makheri,14.8188901,74.1693611
Alkuru,16.0246041,77.3596279
Bapuru,16.1803007,77.4756685
Idapanuru,16.0055626,77.4640891
Katariki,15.9468104,77.1023016
Mirapura,15.9993409,77.4993909
Mirzapura,15.9831364,77.4844463
Nagalapura,16.091776,77.3388987
Niramanvi,16.0405546,77.1074153
Puratipli,16.0453211,77.320184
Rabbanaka,15.963431,77.079173
Rajalabanda,15.9713204,77.1808162
Rajalabanda,16.1438707,77.4436663
Sadapura,15.9839473,77.12839
Turakanadona,16.0055697,77.3255336
Malkapuru,15.943992,77.4571568
,16.1598832,77.4181307
Andle,14.5856909,74.3942317
Tondehonda,14.5018532,74.4084042
Devatagalla,16.2917812,76.8419605
Gejjebhavi,16.3104705,77.0218055
Gundagurti,16.4422951,76.9895585
Hallihosuru,16.1138184,77.0600397
Musturu,16.3135773,77.0152507
Mundaragi,16.3279689,76.854256
Sanna Hosuru,16.1112647,77.0523281
Shivangi,16.3049919,76.9960763
,16.2984131,76.9857915
,16.4375632,77.0707818
Kulai,12.9674838,74.8063798
Thokur,12.9649359,74.826034
Garaladinni,16.0664624,77.2668221
Gududinne,16.0741525,77.0203918
Irakal,16.0522772,76.7315466
Marchetahala,16.1192434,77.2942645
Pamanakallura,16.1022132,76.6758806
Parasupura,16.0801846,76.7881776
Watagal,16.1014344,76.7537439
,16.1870403,77.2365337
Ambale,13.2779198,75.798377
Kabbigere,13.2538929,75.863332
Muguluvalli,13.2701626,75.8233736
Chikkanahalli,12.8811749,77.3544809
Hagalahalli,12.8492839,77.3303078
Manchanabele,12.8668921,77.3344212
,12.8523479,77.3388037
Byalalu,12.8922016,77.3757879
Dodderi,12.8667832,77.3775204
Ketohalli,12.9075079,77.4044733
Chunchanakuppe,12.9095576,77.386642
Ramohalli,12.906985,77.4185281
Badarli,15.7751995,76.904991
Bengali Camp,15.8033163,76.8100377
Hampanala,15.8786913,76.5974526
Harapura,15.8657924,76.6872842
Jalawadagi,15.9230997,76.806288
Jangamarahatti,15.8705854,76.7910373
Kurukunda,15.8004017,76.6537019
Myadarala,15.9424607,76.5949122
Nagarabenchi,15.9159716,76.6006918
Puladinni,15.8796534,76.9360195
Ragalaparvi,15.8851256,76.9153003
Ramatnala,15.930862,76.8271111
Tippanahatti,15.8786978,76.7423794
Udbala,15.9406731,76.7158911
Uppaladoddi,15.8208416,76.6124041
Walaballari,15.7660851,76.9405769
Yaddaladoddi,15.8086368,76.9106561
Yelekudligi,15.8454187,76.6916643
Burma Camp,15.8207005,76.8088074
,15.8988316,76.7130585
Tavarekere,12.963694,77.4014239
Bommanala,16.088484,77.1274405
Govinadoddi,16.0366293,77.068437
Harivi,16.0761025,77.0658194
Janekal,16.0143107,76.9547079
Kapagal,16.0611184,77.1311203
,16.0172748,76.9793351
Hampapura,12.8311136,77.4291715
Bailapura,16.44773,76.5707109
Hombalakal,16.3674666,76.5093723
Maralabhavi,16.4287643,76.4252358
Shrinivasapura,16.4466652,76.5303164
Siddapura,16.4445078,76.5895462
Talavaragera,16.5153668,76.7049632
Dabbaguli,12.8928455,77.3220241
Atalatti,16.7840964,75.6372444
Bommanahalli,16.7446706,76.0023681
Byalyala,16.4363776,76.0114048
Khilarahatti,16.5683403,75.6122725
Kodaganura,16.4605357,75.9981942
Sankanala,16.5514688,76.0452933
,16.5811691,76.0470581
Balabatti,16.3205709,75.9824037
Budihala,16.3080755,75.9574622
Gonala,16.3850574,75.9381376
Kirishyala,16.4119412,75.931225
Madinala,16.3561841,76.0721138
,16.3155606,76.2632854
Byramangala,12.7492546,77.4223044
Ittamadu,12.7382762,77.411663
Anchesugura,16.468142,76.8730473
Bandebhavi,16.2909952,76.7106506
Guntrala,16.3809558,77.0475337
Karigudda,16.4111536,76.8839329
Machanuru,16.2617485,76.706989
Teggihala,16.3593197,76.9767054
Gopalapura,16.4731311,76.8974381
Chikkajala,13.1709298,77.6346509
Mala,13.2387032,75.1102104
Gunderi,13.9892337,76.175421
Bailamarchadi,16.030137,77.1567352
Gorkal,16.0063496,77.1815878
Hirehanagi,16.1228382,76.8502494
Hunacheda,16.1816572,76.9483026
Marata,16.1415452,76.9351825
Murkigudda,16.1870532,76.9859533
Nilahalli,16.1452202,77.2889543
Sunkeshwara,16.0159271,77.1512134
Venkatapura,16.2304773,77.1575057
,16.2342416,77.1939628
Hanne,13.7572883,75.9819801
Basapura,16.0611721,76.6087213
Bidakarlakunti,16.0496911,76.5930024
Gejjalagatta,16.1388039,76.6767522
Gonavara,16.0765061,76.5993662
Jinnapura,15.9929317,76.711575
Nilagola,16.1537215,76.6696817
Ramaladinni,15.9636191,76.7143116
Jangamarahalli,16.0133931,76.7338372
Aswalu,12.2227919,76.4125757
Yalachana Halli,12.1939853,76.4094217
Sonahalli,12.1895959,76.4164372
Singamaranahalli,12.1953432,76.4330777
Karimuddanahalli,12.2028509,76.3781283
Shanthi Pura,12.1837533,76.4019395
Gejjayyana Vaddaragudi,12.2122423,76.3870965
Geresanahalli,12.3820065,76.458211
Doddadasarahalli,13.352878,77.8984036
Bodaguru,13.3507933,77.8639661
Hittalahalli,13.3657831,77.8551685
Thippenahalli,13.3658222,77.9058006
Thammanahalli,13.3575341,77.9122701
Anuru,13.3775154,77.8722488
Belluti,13.3565138,77.8520786
Malamachanahalli,13.3399784,77.861005
Chikkadasarahalli,13.3470533,77.8831686
Basavapattana,13.3232749,77.8676998
Chaudasandra,13.3599376,77.8395108
Kakachokkandahalli,13.3157579,77.8340177
Bhaktarahalli,13.3310421,77.8403262
Taduru,13.3169664,77.8564372
Thottaganahalli,13.3107444,77.8490338
Narayanadasarahalli,13.3197294,77.9132308
Atturu,13.3169731,77.9304828
Nallenahalli,13.3029785,77.8652536
Yannanguru,13.2899061,77.8566276
Sorakayalahalli,13.3499582,77.902502
Yennur,13.29667,77.9166233
Kannamangala,13.3297518,77.932886
Gejjiganahalli,13.3825254,77.9588069
Muthukadahali,13.3398719,77.9368171
Nagamangala,13.3033523,77.8419141
Chokkandalli,13.2866462,77.8464588
Jangamaseegehalli,13.3364885,77.9458508
Chimangala,13.305359,77.9130613
Goramadagu,13.3689104,77.9412975
Chintadapi,13.3450905,77.9375037
Sugaturu,13.2564492,77.8337602
Hosapete,13.2763317,77.8447894
Gudlanarasimhanahalli,13.3564062,77.9331049
Hulugummanahalli,13.3568457,77.9770288
Vallappanahalli,13.2741132,77.8872691
Akkimangala,13.2942114,77.9362034
Thataparti,13.2791254,77.8947364
Mallenahalli,13.2503059,77.8865009
Attiganahalli,13.2909851,77.9020749
Kadirapura,13.3019713,77.9302703
Arikere,13.3019713,77.9043923
Hireballa,13.2696063,77.8750382
Thippenahalli,13.2614778,77.9953712
Purahalli,13.2080302,78.0237399
Cholaghatta,13.2682258,78.0230533
Madderi,13.2545887,78.0319818
Seethi,13.2435386,78.0115112
Kadahalli,13.2731128,77.9938708
Ammanalluru,13.2981687,77.991253
Rajakallahalli,13.2285851,78.0442534
Virapura,13.2285413,78.0238686
Chanjimale,13.2354782,78.0178176
Amarawati,15.9964121,76.9597966
Musturu,15.9537099,77.0367657
Hire Badaradinni,16.0838368,76.9065809
Hussainpura,16.1392238,76.8116432
Iralaguddi,15.9164379,76.932485
Jalapura,16.1471028,77.0405614
Kadidinni,16.134362,76.9912618
Umali Hosuru,15.905118,76.9584597
Yatagal,16.1439049,76.7113902
,16.0104248,76.9189953
Goladinni,16.1145501,76.8931215
Arashinagi,16.4100085,77.2317235
Chikkasuguru,16.3127653,77.3429379
Haggasanahalli,16.3226974,77.3487053
Karekal,16.3878378,77.3146789
Kudluru,16.2995978,77.3974088
Mallapura,16.3132578,77.2806504
Mirapura,16.3703966,77.2468926
Palakandoddi,16.263448,77.3946272
Rangapura,16.3655057,77.3073488
Timmapura,16.3447264,77.219791
Yadlapuru,16.3609612,77.3562871
Hemberala,16.3517522,77.2339396
Kempanahalli,12.3790338,76.4407437
Harohalli,12.4034297,76.4509565
Husenapura,12.3956546,76.4454462
Rangayyanakoppalu,12.351815,76.4158857
Halebidu,12.359893,76.4607075
Medinapura,16.2026233,76.6216968
,16.2474951,76.5805348
Buragamakalahalli,13.3934177,78.0782449
Kanampalli,13.385402,78.0453502
Babalada,16.6973447,77.1360067
Gaudura,16.5102771,76.9516226
Madarakal,16.5537347,76.930231
Yakchinti,16.5363099,76.9562915
Gowripura,12.260226,76.3687721
Nanjapura,12.25264,76.3619261
Dharmapura,12.2389993,76.380707
Hallada Koppalu,12.2290489,76.3639271
Thari Kallu,12.227539,76.3566315
Santhe Kere Kodi,12.2332221,76.3530266
Rathnapuri,12.2393663,76.3401305
C.B.T.Colony,12.2529755,76.3295304
Sannegowdara Koppalu,12.2613,76.3236081
Vinobha Colony,12.2721193,76.3105833
Hosakote Colony,12.2753588,76.3193809
Honnekoppalu,12.2773334,76.3350894
Hosuru,12.2983364,76.3392504
Uyigondanahalli,12.3108774,76.3447997
Somanahalli,12.3206753,76.3412088
Kadana Koppalu,12.3175097,76.35131
Thenkalakoppal,12.3092709,76.3573074
Maralayana Koppalu,12.3098579,76.3673174
Halepura,12.2838818,76.3917362
Hosapura,12.2797514,76.3872408
Thippuru,12.2763652,76.3902771
Challahalli,12.2768317,76.4157259
Mahadevapura,12.2646588,76.3973864
Gagenahalli,12.2985952,76.4190474
Heramdasi Koppalu,12.3056604,76.4238754
Uyigondanahalli Koppalu,12.3035639,76.4275876
Dallalu Koppalu,12.309061,76.4480471
Dodda Bijanahalli,12.3066973,76.4587169
Handanahalli,12.3125463,76.4729648
Hullenahalli,12.3297363,76.465004
Manuganahalli,12.3319374,76.4852386
Ankanahalli,12.3302814,76.4934998
Chikkabijanahalli,12.2944201,76.4594901
Vadeera Hosaalli,12.2841069,76.4420335
Shankahalli,12.2810039,76.4464538
Gohalli,12.257688,76.4280646
Angatahalli,12.2899533,76.2477908
Neluvagilu,12.3026567,76.268794
Ramena Halli,12.2938381,76.270167
Yashodhara Pura,12.3125429,76.2529999
HosaKotte,12.2770275,76.2442396
Kodluru,12.2583767,76.2515352
Lakshmipura,12.2481649,76.248853
Biranahalli,12.2464769,76.2368045
Hosa Penjahalli,12.2362646,76.2481664
Vaddambalu,12.2510377,76.2187586
Bejapura Colony,12.2843317,76.1969282
Hunasegala,12.3015682,76.220207
Adiganahalli,12.3048806,76.2302277
Nagamangala,12.322655,76.2102218
Attikuppe,12.3313787,76.2068496
Muthurayana Hosa Halli,12.30859,76.1891937
Harinahalli,12.3040316,76.1808
Mutturayana Hosahalli Kaval,12.3030148,76.1924783
,12.2982871,76.1778817
Kalkada,12.2918966,76.1792939
Karnakuppe,12.2899748,76.1614074
Kanagal,12.3153313,76.1749957
Tammadahalli,12.3297371,76.2568362
Naganahalli,12.331798,76.2622211
Yamagumba,12.3584086,76.2320301
Moduru,12.3610811,76.2508486
Sannena Halli,12.3492697,76.2592171
Horaturu,16.6403435,77.0917966
Tekarahal,16.630711,77.0602312
Ullesuguru,16.6442852,77.0815278
Venkatapura,13.2787493,77.8198017
Bettaduru,12.3692148,76.4802405
Bolanahalli,12.3626823,76.4216822
Kuppe,12.3460124,76.4021975
Sabbanahalli,12.3532783,76.4519296
Tenkalakoppalu,12.3809584,76.4455138
,12.372668,76.4466346
Hirekadabura,15.9583796,76.6859776
Marakandinni,15.9859526,76.8088727
Tuggaladinni,15.9770234,76.7286251
Udbal,15.9735814,76.8151209
Yaklasapura,16.1097654,76.7598485
,15.950035,76.82345
Bevinahalli,16.7310132,76.8780648
Chamanala,16.7190035,76.6400869
Chigarahala,16.5805988,76.6554405
Karadahalli,16.6259671,76.6182141
Konahalli,16.5843376,77.1170759
Mangalura,16.5533779,76.6372729
Nagarabanda,16.6525118,77.2220287
Kurihala,16.5575159,77.0271338
Lingeri,16.6390964,77.1714371
Chaleri,16.5980581,77.4546779
Hulakal,16.7011412,77.0991421
Idluru,16.6241923,77.4451073
Kadarapura,16.4868251,77.147763
Rotnadagi,16.4923676,77.1349757
Joladjedagi,16.4880066,77.2187867
Chincholi,16.6907514,76.4291804
Benekanahalli,16.6894513,76.8643925
Bharimaradi,16.5757064,76.7479719
Golageri,16.6500129,76.8517532
Machigundala,16.5945383,76.7059163
Sharadahalli,16.5893379,76.8151807
Suguru,16.4388604,76.8172922
,16.6665689,76.8739257
Halepura,11.933988,76.8239843
Harave,11.9401434,76.8061176
Kabbahalli,11.8911175,76.7454015
Nitre,11.9691842,76.7354651
Sampigepura,11.8748611,76.7385359
Terakanambi Hundi,11.8215787,76.7930182
Somahalli,11.9282071,76.713752
Anakasugur,16.5587148,77.0125987
Gaudura,16.5340106,77.0196572
Hayyala K.,16.6074344,76.9425254
Munamatagi,16.6013568,76.9168917
Agatirtha,16.5629844,76.4813502
Janginagaddi,16.2268715,76.3737477
Karibhavi,16.5468105,76.430014
Madalinganala,16.3494344,76.3243447
Maranala Tanda,16.319534,76.3598988
Melinagaddi,16.2224178,76.3669775
Tallalli,16.6066232,76.4287793
,16.3424131,76.372752
Gundalageri,16.5275688,76.4856799
Nuggehalli,13.0095337,76.4772001
Dariyapura,16.6372303,76.7737967
Hundekal,16.6701636,76.9626534
Byrakkuppa,11.8679726,76.1457969
Bagivalu,12.8189063,76.244512
Bichagonganahalli,13.1282839,76.417692
Kadavina Hosahalli,12.803956,76.2461533
Kadavina Kote,12.795492,76.2356629
Boganura,15.6040758,75.4606738
Gangiwala,15.3239777,75.0923094
Itigatti,15.3789743,75.028155
Konkana Kurahatti,15.2977123,75.3669475
Majjigudda,15.3696503,75.4345269
Marewada,15.5349498,75.0501338
Parasapura,15.3254024,75.0754617
Sotakanala,15.6316363,75.4030411
Timmapura,15.5419021,75.0467157
,15.6452592,75.4100674
,15.6637718,75.4372747
Byalala,15.6104641,75.184035
Shirakola,15.6098139,75.2118231
Vishwanathapura,13.2735285,77.6490994
Chikkagondanahalli,14.3784968,76.3673867
Chippinakere,14.3692817,76.3376662
Gauramanahalli,14.4296491,76.3656573
Gollarahalli,14.4205265,76.2508681
Hucchavvanahalli,14.5495606,76.4432348
Kalledevarapura,14.4439979,76.3881557
Muddapura,14.3572514,76.3220555
Musturu,14.4711119,76.4421335
,14.3797773,76.2986543
,14.4107604,76.2620002
,14.4655291,76.400094
,14.4975469,76.4475956
Gollarahalli,14.5077199,76.4080174
Haranagera,16.7548385,76.7006648
Itagi,16.8069512,76.8606274
Lingadahalli,16.4942687,76.8227249
Singanahalli,16.7549323,76.7406131
Tonnuru,16.5109167,76.9336937
Aluru,14.5064049,76.0176469
,16.53012,76.7920034
,16.7845932,76.8437795
Sonda,14.7335952,74.7787984
Kurkuli,14.6974638,74.7877453
Hakkimane,14.7254559,74.8136728
Chikkasamshi,16.2349986,75.5339782
Devanala,16.2244207,75.5460596
Ganganabudihala,16.1178194,75.5620138
Hiresamsi,16.2281412,75.5273823
Hireshellikeri,16.153249,75.5276776
Jalageri,16.1044976,75.5453549
Khajjidoni,16.1730763,75.4502994
Tulasigeri,16.1892116,75.5547159
Yandigeri,16.1298597,75.4943361
,16.1317014,75.5784988
Govanokoppa,15.8726756,75.4993533
Hosakote,16.064116,75.4595327
Hulageri,16.0873185,75.5833319
Jangawada,16.0515825,75.4272715
Khyada,15.8508209,75.7013494
,15.843068,75.5745893
,16.0502233,75.4755427
Paduvalli,13.5824347,75.1614428
Hamsanura,16.0194593,75.7058549
Kabbalageri,15.9394543,75.639694
Narasapura,15.8806551,75.5299786
Teggi,16.0484431,75.7082028
Thogunasi,16.0420554,75.7310796
,16.0491655,75.7725695
Kaushika,12.956279,76.1428051
Savanthanahalli,12.9524208,76.1558066
K. Hirihalli,12.9430105,76.1586058
A Guduganahalli,12.9331986,76.1594813
Markuli,12.9283885,76.1863463
Honnaralli,16.0363786,75.9892945
Sangapura,16.2298221,75.8690436
Timmapura,16.1004546,76.0285076
Bisaladinni,16.2306286,76.0394971
Hiregulabala,16.3119031,75.8546768
Kadlimatti,16.2342753,75.7951916
Katagura,16.2565237,76.0570703
Lavaleshwara,16.2561334,75.8109511
Mudapalajivi,16.2350295,75.8076814
Turadagi,16.2393956,76.0526228
,16.3364026,76.4858663
,16.3363357,76.4756059
Rayanagola,16.2881276,76.4041203
,16.3008881,76.4812324
Ammapura,16.2913804,76.4296073
Isampura,16.4946744,76.4888237
Kuppi,16.4090221,76.4863873
Malanura,16.4517008,76.44477
Tirtha,16.3817607,76.4384834
,16.4005089,76.4914804
,16.6240845,76.436925
Ainapura,16.6367921,76.4692413
Kachapura,16.6166486,76.459178
Munira Bommanahalli,16.6519824,76.4231386
Wandaganura,16.7045859,76.4403006
Yadiyapura,16.6086156,76.5429336
Ramapura,16.5968348,76.5002333
Kesturu,13.3039574,77.4848333
Gundapura,16.7069689,76.624096
Hegganadoddi,16.5943044,76.632544
Jainapura,16.6166824,76.6165207
Jalibenchi,16.5539503,76.6726688
Mavinamatti,16.5718824,76.6383006
Tippanatagi,16.6056743,76.6650296
Shakapura,16.5821529,76.5367832
Bailakunti,16.3531009,76.4784824
Benakanahalli,16.4775807,76.622431
Godihala,16.4263773,76.6320951
,16.3548195,76.493794
Nagarala,16.4549237,76.6991468
Shibi,13.5255573,76.9996241
Banatihala,16.6853432,76.7712183
Havinahala,16.457258,76.7267376
Hemmadagi,16.4411002,76.8307996
Karnala,16.4843651,76.8427806
Kondapur,16.518477,77.2608542
Yadepalli,16.7700773,77.4207101
Gorunuru,16.6801139,77.4353793
Keshwara,16.8362653,77.4331039
Kunti Mari,16.6948385,77.4314001
Madepalli,16.8476634,77.4444736
Ammapalli,16.7749339,77.3953425
Dantapur,16.8232033,77.4387441
,16.8548246,77.3592633
Sangawara,16.5273676,77.2567848
Shettihalli,16.5275873,77.2913552
Tatalagera,16.8097505,77.2804168
Munagal,16.5427998,77.2477328
Govinahalu,14.3916136,75.6381851
Kokkanuru,14.3880868,75.6812131
Lakashettihalli,14.4203647,75.7350054
,14.3875994,75.6672808
Chimmalagi,15.9770039,75.8516855
,16.0314174,75.8399815
Layadagundi,16.0177984,75.8552208
Mangalagudda,15.9637223,75.8346941
Parvati,16.0395701,75.7898501
,16.0263098,75.7822125
Bennura,16.2501948,75.7682801
Chikka Magi,16.1200909,75.9355057
Chikkagulabala,16.320333,75.8648744
Hadagoli,16.1391003,75.9957192
Hire Malagavi,16.1393828,75.9752401
Sitimani,16.3171946,75.893783
Timmapura,16.2764387,75.8742334
,16.046573,75.8485376
,16.0476772,75.8222989
Budanagad,16.0835457,75.8121448
Belagalla,16.1620487,76.0188156
,16.171286,75.8965267
Manahalli,16.311975,75.9046579
Dyavarahalli,13.2401967,77.5986857
Aralikatti,16.1548006,75.3661931
Channala,16.3037028,75.1867777
Halaki,16.2208027,75.2566077
Ingalagi,16.2968059,75.3395989
Kasaba Jambagi,16.2688993,75.3554965
Kesarakoppa,16.3915048,75.0752355
Madabhavi,16.3576973,75.0523457
Metagudda,16.2524728,75.2537622
Soragaon,16.3494257,75.2513969
Varchagalla,16.1303379,75.3552116
,16.2298887,75.3491183
,16.2309807,75.2682732
Chimmanakatti,15.9178527,75.4709487
Karalakoppa,15.8958378,75.4345649
,15.8960861,75.4434722
Shivanoor,16.4996151,77.2027684
Toranamavu,13.2620013,75.671415
Bandigani,16.4838457,75.1842755
Chinchakhandi,16.2585371,75.3019617
Gani,16.4194997,75.3897064
Kalatippi,16.4572949,75.031162
Mareguddi,16.4236372,75.3395144
Sasalatti,16.4682539,75.0085959
Yaragatti,16.4511212,75.0801783
,16.2790629,75.2902473
,16.4593949,75.3018372
Bira Thimmanahalli,12.2672005,76.1485811
Chinagundi,16.5227746,75.4033996
Gadyala,16.6909752,75.4263661
,16.4699105,75.3345899
Jambagi,16.5717479,75.3183916
Kankanawadi,16.5745703,75.268093
Kannolli,16.687638,75.3885526
Muttura,16.6041156,75.2439618
Sanala,16.5641056,75.3338164
,16.521154,75.3895461
,16.5942238,75.345782
,16.6087106,75.2653267
Badagi,16.4283429,75.5026131
Badaradinni,16.3087327,75.7088291
Bavalatti,16.2414962,75.5752113
Budihala,16.241273,75.5993186
Inam - Hanchinala,16.4168717,75.5257322
Mannikeri,16.3241757,75.6693334
Madenuru,13.2526932,76.4173974
Pampina Hosahalli,12.3918366,76.6362079
Adihudi,16.6371441,75.3846634
Bisanala,16.3912063,75.4900619
Dhavaleshwara,16.3659258,75.6148888
Gulabala,16.4113831,75.4798235
Honnihala,16.3349669,75.7049993
Kolura,16.4890437,75.4495875
Mundaganura,16.5069613,75.4409603
Rabakavi,16.4429192,75.4243095
Siddapura,16.3705995,75.555288
,16.5879478,75.4710123
Ghattiganura,16.0744492,76.1248359
Hagidala,16.0790912,76.1156386
Hire Badawadagi,16.0489736,76.0343409
Ilala,15.9610093,75.9661537
Jambaladinni,16.0303533,76.1529864
Kadivala,16.0955272,76.140818
Ramawadagi,16.0715415,76.1031936
Revadihala,16.0927264,76.1345028
,16.0884337,76.1236031
Budni Khurd,16.2241637,75.3758861
Chikkura,16.2213561,75.4039484
Chitrabanakoti,16.211417,75.3805186
Junnura,16.2331815,75.433795
Kanasageri,16.1692229,75.3038872
Machakanura,16.2318721,75.4016582
Mallapura,16.146614,75.3160712
Petlura,16.2321278,75.3220339
,16.1589753,75.3092417
,16.2647179,75.3224756
Bhadranayakana Jalihala,15.9539576,75.7801489
Chikka Mucchalagudda,15.987203,75.6825217
Hanumasagara,15.9337739,75.5267042
Havalakhoda,16.0255022,75.4519438
,15.9923058,75.6601873
Jakanura,15.8347551,75.6479262
Jammanakatti,16.0637218,75.601155
Kainakatti,16.0760324,75.4493828
Kalabandakeri,16.0838948,75.5132352
Kallapura,15.9400858,75.5069994
Kataraki,15.8367483,75.6837043
Konkanakoppa,16.0581865,75.6461665
Maninagara,16.0228823,75.6049069
Raddera Timmapura,15.9942878,75.450604
Taminala,15.8394149,75.6665458
Ugalawata,15.9708837,75.5422779
Wadawatti,15.8577743,75.523694
,16.0708025,75.5572828
,15.8399032,75.6578392
,15.9433824,75.5200598
Bachinagudda,15.9465336,75.7939356
,16.0260213,75.4370112
,16.0721615,75.4330989
,16.0953481,75.5687472
,16.1390361,75.4479181
Kemmannu,13.4007564,74.7091185
Hoode,13.4085356,74.7003537
Haladura,16.0646465,75.8464633
Hanapura,16.0132634,75.7549729
Khajibudihala,16.0736122,75.6781023
Kutakanakeri,15.9831313,75.6965668
Mattikatti,16.0212835,75.5673811
Muradi,16.0386347,75.757047
Saraswati Nagara,15.9840614,75.7535801
Timmasagara,16.0684786,75.7145438
Kelavadi Lingapura,16.075307,75.7100757
Alagundi,16.2578536,75.4276568
Sanganatti,16.3723815,75.0806984
Tamadaddi,16.5425049,75.0842225
,16.4985784,75.1071022
Melahalli,12.9548316,75.7436921
Ramenahalli,12.9287892,75.8055025
Kaudahalli,12.9297091,75.7802471
Harkanahalli,12.910865,75.830329
Siddapura,12.910865,75.8235055
Hale Bage,12.942849,75.8527185
Halebelluru,12.9205804,75.8165532
Kuniganahalli,12.8977597,75.8635975
Kiruhunase,12.9019968,75.8441263
Mukanahalli,12.3185036,76.3269614
Uyigondanahalli,12.2029328,76.3337615
Shigekeri,16.1502355,75.6996409
Chhabbi,16.2259175,75.596297
Chiralakoppa,15.9059494,75.4900424
Khanapura,15.9103877,75.5032443
Sharadala,16.2341923,75.4716504
Sokanadagi,16.2340906,75.5664597
Somanakoppa,15.9164053,75.5232233
Yadahalli,16.2167514,75.6126919
,16.2193489,75.4870115
,16.2349451,75.4577033
Durgapura,16.3163317,75.5018571
Koppa,16.2488173,75.4571255
Kovalli,16.2380867,75.5853687
Muranala,16.2051641,75.6523111
Shiraguppi,16.2390413,75.5196731
Komanura,16.0823187,76.2967173
Nagarahala,16.1019388,76.3113507
,16.0786192,76.3054202
Benakanadoni,16.0682387,76.204291
Budihala (S. K.),16.0682382,76.1777684
Chikka Singanagutti,15.9973557,76.1873111
Hire Otageri,15.9532332,76.1986787
Hire Singanagutti,15.989991,76.1994003
Krishnapura,15.9880987,76.2188244
Lingapura,13.037194,75.8153422
Udevara,13.0161318,75.8157285
Biligere,13.0188371,75.8202142
Kanaguppe,13.0855207,75.8027476
Benakanavari,15.9942518,75.8785033
Bhimanagada,15.9385285,75.869618
Chikanala,15.9420695,75.8895539
Dammura,15.9301847,75.9623674
Ganadala,15.8732793,75.965873
Guggalamari,15.9250618,76.1491992
Herura,15.9956855,76.1321105
Ingalagi,15.9862952,76.1345741
Maratageri,15.9138517,76.2772395
,15.9159579,76.1264395
Antarathana,15.9891977,76.0151253
Huchanuru,16.0032049,76.0215833
Biligere,12.376562,76.3199211
Chikkadigenahalli,12.4117608,76.3502385
Chitta Kyatanahalli,12.3891528,76.2551905
Gavadagere,12.3947894,76.3380886
Harave,12.4106344,76.2572446
Hirikyatanahalli,12.3924943,76.2846431
Jabagere,12.4214406,76.3397163
Kereyuru,12.4020564,76.3497328
Maragaudanahalli,12.3787451,76.3283103
Maruru,12.3903646,76.2706863
Mailamburu,12.3792983,76.2957842
Ramenahalli,12.4103999,76.2305138
Sirenahalli,12.4031315,76.2943113
Undavadi,12.3713047,76.3654918
,12.4043259,76.3746587
,12.4184166,76.2400624
Kalkunike,12.3150376,76.283028
Kebbe Koppalu,12.3502266,76.3568998
Krishnapura,12.386119,76.4032026
Mancha Bayanahalli,12.4017858,76.3210431
Maraduru,12.3452066,76.3521402
Mulluru,12.3869234,76.3689852
Ramapattana,12.3348788,76.3239686
Shereyuru,12.3820903,76.3945265
Tondalu,12.3698884,76.3421219
,12.3867662,76.3277213
Arakere,12.4096123,76.3940889
Chaudikatte,12.2281976,76.3145867
Dadadakallahalli,12.3839707,76.4819856
Hundimala,12.1954263,76.3231175
Kudiniru Maddenahalli,12.2119318,76.3359313
,12.2325514,76.3069372
Abburu,12.2184736,76.1801149
Basavanahalli,12.1815598,76.3750483
Dodda Hejjuru,12.2008865,76.1887636
Habbanakuppe,12.3609669,76.1879166
Honnenahalli,12.2590146,76.2281637
Kachuvinahalli,12.220974,76.1455423
Shettahalli,12.22267,76.1648028
,12.1840495,76.369179
Chikkahejjuru,12.198697,76.1776947
Sindenahalli,12.2077332,76.1780267
Nadappanahalli,12.2614554,76.3816318
Rayanahalli,12.3644036,76.3771184
Ayarahalli,12.4026915,76.4445332
Cholenahalli,12.3766528,76.427396
Hosaramenahalli,12.3675284,76.4169851
Jadaganakoppalu,12.334946,76.3675974
Boreroppada Kaval,12.2481994,76.1616577
Hemmige,12.275457,76.1768971
Kademanuganahalli,12.2580886,76.1391469
Kalabuchahalli,12.2272292,76.127389
Neralakuppe,12.2196405,76.1347844
Uduvepura,12.2326503,76.122491
Agrahara,12.3558849,76.3175225
Alanahalli,12.2360606,76.4536294
Benkipura,12.2557962,76.4192823
Hulyalu,12.3931487,76.3570113
Kaggundi,12.3690914,76.1114014
Kirijaji,12.3299533,76.2962542
Makodu,12.3980087,76.2190929
Shankaregowdana Koppalu,12.4052854,76.3627202
Shanubhoganahalli,12.3579851,76.4012783
Sundavalu,12.3656564,76.1364621
Doddabelalu,12.3782213,76.1603805
Bekya,12.3035494,76.1518759
Maragaudanahalli,12.4240399,76.2978334
Satyagala,12.3066474,76.138347
Ambedkar Nagara,12.2443658,76.2684659
Channasoge,12.2807018,76.2612715
Bahadduragatta,14.4351352,76.1769871
Kodihalli,14.4367608,76.2071566
Kariyannanahalli,14.4422181,76.233498
Kogunde,14.4437719,76.1917724
,14.4498782,76.2580553
Muchchanuru,14.4509479,76.1680231
Santemuddapura,14.4519166,76.2726619
Rastemakunte,14.4527746,76.2941236
Sagalagatte,14.4548263,76.2227982
Somanahalli,14.4590545,76.2642642
Guttidurga,14.4642747,76.2469708
,14.4666139,76.2725375
,14.4751778,76.262014
Chikka Arakere,14.4762908,76.2088301
Halavadandi,14.4791338,76.2400556
Kasta,14.4798346,76.277234
Gollarahatti,14.4831345,76.1922935
,14.4879788,76.2150535
Narenahalli,14.4887584,76.179491
Katenahalli,14.52554,76.1868618
Uddagatta,14.5293817,76.3677902
Timmalapura,14.5334794,76.383993
Goguddu,14.5518947,76.369104
Hanumanthapura,14.5534018,76.3587887
,14.5610455,76.3506095
Kasavanahalli,14.5639038,76.3661359
Chikkapura,14.2465567,76.3228545
Kyasapura,14.24736,76.3054064
Nilayyanahatti,14.2568022,76.3013546
Maragatta,14.2610367,76.3258207
Sadarahalli,14.2654684,76.3080803
Balagatte,14.2776083,76.3073257
Sultanipura,14.3353515,76.3501507
,14.3385671,76.3720102
Madanayakanahalli,14.3396205,76.3910658
,14.3492705,76.3242475
Chikkakabbigere,14.3525288,76.301022
Surenahalli,14.3545603,76.3441099
,14.3580484,76.3290746
Bangarakkanahalli,14.3813082,76.397761
Havalenahalli,14.3983802,76.3917525
Bogalerahatti,14.4079134,76.3886624
,14.4650613,76.3625895
,14.4956423,76.3546074
Anandagal,16.0819616,76.6946577
Benchamaradi,16.0482863,76.6616812
Harvapura,16.0729904,76.6627569
Hunuru,15.9216742,76.3743373
Tuppaduru,16.0719947,76.6524087
Wandali,15.9086266,76.3321833
,16.0605685,76.7019016
Budadipadu,16.3272348,77.5870557
Askihala,16.2053233,77.3202572
Hosura,16.1833973,77.328456
Koratakunda,16.3664948,77.4593787
Mamadadoddi,16.3532224,77.4684693
Marcheda,16.2748276,77.3049825
Yarragunta,16.3223893,77.4593638
Haranahalli,15.9653609,77.1625512
Jukuru,15.9682887,77.2219841
Koravi,15.9799064,77.1029861
Rajoli,15.9768399,77.2514313
Valkamdinni,15.9837378,77.2333221
,15.9480209,77.1373447
Ayananura,15.8412088,77.014688
Hedaginal,15.8045825,76.9732908
Dumati,15.8723815,76.9466527
Gonavara,15.8668513,76.9705415
Madasiravara,15.7475032,76.8299246
Sasalamari,15.7017802,76.7636756
,15.6969719,76.7734941
,15.7360365,76.7472055
Dadesuguru,15.6956907,76.8973779
Budivala Camp,15.7103392,76.8067278
Huda,15.6296008,76.8025925
Kengal,15.6789764,76.8725521
Somalapura,15.6811067,76.7992088
Adapura,15.9769113,76.3401625
Bhogapura,15.7864703,76.5036724
Jantapura,15.9826282,76.4065709
,15.760249,76.5060677
,15.8271712,76.502956
Chikkakadabura,15.9524747,76.6910914
Doddakoppalu,12.1866474,76.3351018
Hampapura,12.1221022,76.4794088
Hanumantapura,12.1665256,76.3953931
Madduru,12.1453692,76.4733506
Sanjivanagara,12.167659,76.377281
,12.1213403,76.4692995
Nidagola,15.8157743,76.633918
Virupapura,15.7461242,76.6854528
Bhupura,16.1189216,76.4639144
Chittapura,16.1798476,76.340967
Gundasagara,16.1013148,76.4161436
Halabhavi,16.2174989,76.4503689
Hanumantagudda,16.1123355,76.369529
Julagudda,16.1200135,76.3490278
Kalli Lingasuguru,16.1170587,76.4852246
Khairawadagi,16.0779991,76.3742999
Narakaladinni,16.1412026,76.3361656
Hire Upperi,16.2070446,76.4328245
Halladi,13.5453753,74.7988693
Gavali,13.5553129,74.808881
Bassapura,16.0519909,76.7667165
Bommanala,16.0733396,76.3465725
Godihala,16.0404222,76.705307
Huda,16.2148473,76.8207593
Jambaladinne,16.1077248,77.0073204
Kannura,15.8508188,76.652471
Kasanadoddi,16.1868941,76.8628029
Toppaladoddi,16.1598481,76.79208
Chadakalagudi,16.2205998,76.8521285
,16.2670769,76.7385832
Hunasekatte,14.3748924,76.1288884
Mandaluru,14.385784,76.1286739
Katihalli,14.3986287,76.1213353
Hosahalli,14.4012058,76.0967019
Ambewadi,15.5236618,74.4626664
Kodagai,15.4470313,74.5506115
Kumbharda,15.4236877,74.5759216
Parawada,15.6650213,74.2108707
Satanali,15.4609696,74.5142202
Vatare,15.4783416,74.4780908
ಕಮತಗ,15.5118034,74.4969074
Ghotagali,15.4744764,74.5750299
Hire Bellikatti,15.6566872,74.862436
Nagaragali,15.4161628,74.6116346
,15.5075504,74.5214332
Abbihala,16.7894218,75.0323092
Avarakhoda,16.6282925,75.0323837
Bevanura,16.8636496,75.0805114
Ghatanatti,16.7378732,75.2108907
Hanamapura,16.7873206,74.980618
Kallotti,16.8563396,75.0358663
Kannala,16.8187387,75.3199347
Katrala,16.6840396,74.9463324
Kaulagudda,16.7504182,74.9440123
Naganuru,16.6089799,75.0401135
Sultanpur,16.4234381,75.0185939
,16.4850085,74.8444465
,16.6364632,74.6597643
Kesarakodi,13.9256625,74.5896618
Appachiwadi,16.4848396,74.3056968
Badawadi,16.3355019,74.4680514
Bhatanaganura,16.4702969,74.2953497
Devanakatti,16.4117092,74.7747489
Shendura,16.3421667,74.338336
Hadnal,16.4898773,74.2644965
Kurli,16.4636709,74.316119
Mattiwade,16.522018,74.2955176
Shiraguppi,16.3797927,74.370411
Shiragura,16.6168332,74.9147036
Siddapura,16.6118711,74.9443113
Tavandi,16.356664,74.4054373
Kappalaguddi,16.4003991,75.0195397
,16.5139383,74.5918261
Muduru,13.8091228,74.8703602
"Naikanakatte, Kergal",13.8142517,74.6355447
Boragala,16.3218893,74.5288014
Donawada,16.3453037,74.6468774
Gavanala,16.2435407,74.516735
Hadalaga,16.2746606,74.3383312
Hanchinala,16.3271588,74.6654113
Handiguda,16.3037098,74.569181
Haragapura,16.291767,74.4583072
Hitni,16.3321467,74.4046984
Khajagaudanahatti,16.3370837,74.5598692
Kungatolli,16.3647427,74.6162956
Majalatti,16.3416465,74.5518777
Mugali,16.3325212,74.5795266
Shekinahosura,16.3023863,74.3907198
Vijayanagara,16.3270486,74.7380455
Vallabhagada,16.2800995,74.4626791
,16.3382998,74.633372
Aralikatte,16.0968368,74.6214306
Attihala,16.0957489,74.4336087
Bannibagi,16.0943372,74.6616382
Dondagatti,16.0866306,74.4071859
Islampura,16.0509018,74.571191
Karaguppi,16.0790013,74.6610171
Kota,16.0939839,74.4225448
Rustumpura,16.0983,74.6735975
Shahabandara,16.0418815,74.5829538
Shettihalli,16.062308,74.3820452
Vantamuri,16.0992964,74.5853963
Narasimhapura,16.0896755,74.5151504
Modhage,16.0586251,74.4185355
Heranjalu,13.799791,74.6578875
Kambadakone,13.8039187,74.6397425
11 Ulluru,13.7690671,74.6460237
Kirimanjeshvara,13.7717839,74.6347606
Navunda,13.7472121,74.6396805
Maravante,13.7300105,74.6447662
Padukone,13.71144,74.6537596
Guddeangadi,13.7229494,74.6704403
Keradi,13.7458142,74.8398523
Vandse,13.7061061,74.7601654
Aralimatti,16.3212832,75.0935314
Avaradi,16.3210109,75.1177577
Bairanatti,16.2883192,75.0072541
Bilakundi,16.1928243,75.0071329
Hosatti,16.2802992,75.0201653
Jaganuru,16.3093487,74.7585267
Mamadapura,16.3252935,74.7913765
Nipanala,16.3402911,74.8462591
Shiragaon,16.2272191,74.6578706
Shivapura,16.3552982,75.0042492
Talakatnala,16.2282011,74.9536937
Mullikatte,13.6893502,74.6754487
Gujjadi,13.6758156,74.6592403
Talluru,13.6558161,74.7093296
Mavinakatte,13.6600408,74.7653905
Ajri,13.6877391,74.8677971
Ulloor 74,13.6294169,74.9025063
Agasage,15.9326939,74.4627864
Ajjanakatti,16.1083857,74.9209652
Hosuru,16.0527616,74.8278882
Hunashyala,16.2185369,74.915792
Kaitanala,16.053257,74.8016418
Akkisagara,16.1159007,75.0027972
Bhagojikoppa,16.1290228,75.1059393
Budni Khurd,16.1785481,75.2461226
Gurlapura,16.3671815,74.9527322
Hadaginala,16.200987,74.9166967
Hire Koppa,16.1177088,75.1015277
Itnala,16.0664869,75.0759587
Kamakeri,16.1844451,75.2739103
Kasaba Chandaragi,16.0409898,75.1433988
Kodliwada,16.0655328,75.0096356
,16.4318132,74.9957888
Alura,18.0951214,77.5065696
Bhaktampalli,17.370802,77.4291644
Bhantanahalli,17.3367369,77.3072531
Bhoga Lingadalli,17.4733719,77.4710306
Bhonasapura,17.5201458,77.6271788
Chatanala,18.1383544,77.4300447
Ganapura,17.35241,77.4390542
Garagapalli,17.3663286,77.4237286
Iragapalli,17.3423915,77.4186218
Jilavarusha,17.4558404,77.6085897
Jirga,18.1446128,77.4436348
Kalagapura,18.1589801,77.1873763
Kalamandaragi,17.6848974,76.9934509
Kaudagaon,18.0782611,77.4552716
Koradampalli,17.3324742,77.3717305
Kupanura,17.3645192,77.3225202
Maramanchi,17.6258475,77.0780732
Marapalli,17.5226843,77.3517156
Mustapura,18.1072765,77.4470661
Paradara Motakapalli,17.3934376,77.4127951
Patawada,17.6337473,77.1217238
Pochavaram,17.4792476,77.6419526
Rakshala Khurd,18.135435,77.3512225
Sawali,18.1833961,77.2408843
Tapashyala,18.1888314,77.2755975
,17.3385755,77.4251559
,17.495614,77.0247051
,17.5123185,77.5734678
Biri Khurd,18.0891092,77.3133118
Kakanala,18.1338157,77.1301101
Karanji,18.2681849,77.5474867
Lanjawada,18.1213211,77.1505722
Rayapalli,18.2495633,77.5500768
,18.2687648,77.5823224
Attiwada,15.9439697,74.4328914
Dasanahatti,16.0695071,74.6861067
Kundaragi,16.0794481,74.682306
Madanabhavi,15.8873138,74.7846069
Mallapura,15.9224591,74.7737628
Mallapura,16.0486126,74.6711854
Mannura,15.8901259,74.4583084
Pattehala,15.6967332,74.8707299
Pudakalakutti,16.0439509,74.8688751
Shiltibhavi,16.0214554,74.8798499
,15.9701062,74.7581765
Aniguddi,16.0214366,75.3746548
Chennapura,16.0563085,75.3927084
Ghatakanuru,15.9405289,75.3292506
Godachi,16.0080356,75.1958321
Gonnagara,15.9248296,75.3722585
Halagatti,15.9534794,75.3275071
Hale Toragala,15.9590814,75.2651572
Idagalla,15.9441974,75.3730488
,15.8748696,75.3622741
Kalahala,15.8565986,75.4549847
Kittura,15.8467876,75.35417
Korakoppa,16.0219493,75.0873478
Kullura,16.1094818,75.2387302
Lakhanayakanakoppa,15.8779064,75.3247685
Lingadala,15.9325423,75.376729
Mudakavi,15.969032,75.3849335
Mudenura,15.9892476,75.3427183
Murakatnala,16.0769855,75.1082791
Naganuru,16.089494,75.3373248
Panchagaon,16.0837933,75.2529131
Rankalakoppa,15.9458662,75.2875459
Shidnala,16.0306198,75.1573782
Sunnala,15.9683032,75.2638373
Timmapura,15.9573361,75.4041966
Turanura,15.9584396,75.2856978
Umatara,16.0079802,75.4125784
,15.8705265,75.2942489
Toragalla,15.94499,75.2219396
Chondi Mukheda,18.4685255,77.2848544
Achamatti,15.7490241,75.3057907
Aladakatti,15.9332526,75.0138225
Bhandarahalli,15.8895026,75.1665637
Govanakoppa,15.8596664,75.2674206
Hulikatti,15.8184085,75.2243152
Jakabala,15.8887305,75.1398357
Kitadala,15.8938721,75.150775
Shindogi,15.853797,75.1329082
Teggihala,15.8750309,75.1337953
Teredakoppa,15.8803926,75.1471472
Toranagattti,15.9698227,75.1132548
Yadahalli,15.6602592,75.008446
Yadravi,15.7385119,75.1230809
Yekkeri,15.8317347,75.142868
Budikoppa,15.9516114,74.9659437
Chilamura,15.9804682,75.2338725
Dundanakoppa,15.8574857,74.9307781
Soppadla,15.9975869,75.0595366
Bijagarni,15.5424693,74.5713538
Bogura,15.6405987,74.7066936
Chikka Nandihalli,15.6490101,74.8061128
Chorla,15.6596116,74.1443447
Devachihatti,15.7095095,74.338789
Dhamne,15.812322,74.2915047
Hire Angrolli,15.6011621,74.6627958
Kotabagi,15.6588882,74.7744622
Shivanura,15.5966062,74.8188756
Tirthakunde,15.7393859,74.438752
Tolagi,15.6320476,74.6595175
Chikka Bellikatti,15.6274838,74.9481443
Gudikatti,15.6502275,74.9531879
Siddasamudra,15.6913877,74.9037756
Godolli,15.4282381,74.6946787
Handura,15.5870895,74.6919977
Hindalagi,15.5777803,74.6635207
Kasamalagi,15.5793461,74.6818772
Tavaragatti,15.4164821,74.6790888
Degalolli,15.5773661,74.7387681
Kargal,14.2196508,74.7959681
Chirchinakal,16.324554,76.0571946
Donga Ramapura,16.348532,77.5035121
Geddalamari,16.3379888,76.0831722
Harindrala,16.3290971,76.0848695
Hire Rayakumpi,16.4339347,77.1560308
Masuti,16.3116578,75.9724395
Uppaladinni,16.5041352,75.9502799
Vadluru,16.3145807,77.3747486
Hire Upanala,15.9439884,76.1104955
Huvinahalli,16.0715821,75.8613111
Iddalagi,16.1753548,76.0512437
Jalikamaladinni,16.1035087,76.1656584
Kamaladinni,16.1407903,76.1889946
Lolasara,16.1152013,76.1725693
Ramathala,16.0906654,75.8717533
Devagiri,15.3993352,74.8965381
Hasarambi,15.2682624,74.9293398
Hindasageri,15.4367956,74.7658184
Kadabagatti,15.4497015,74.7470461
Kambaraganavi,15.4669557,74.8352072
Kogilageri,15.4486022,74.7942666
Kotur,15.5418405,74.9032015
Linganakoppa,15.316246,74.9734214
Linganamata,15.4556333,74.7336555
Shinganahalli,15.5566072,74.8879884
Gulaganjikoppa,15.0929653,75.4394744
Haradagatti,15.0996994,75.5195403
Jalligeri,15.2172521,75.6511649
Kadakola,15.1920153,75.6785012
Khanapura,15.2389463,75.5618476
Kusalapura,15.1680899,75.6728626
Madhalli,15.2638023,75.4298876
Undenahalli,15.0650672,75.5289124
Belagatti,15.0379077,75.7135647
Chikka Vaddatti,15.175679,75.725566
Elishirura,15.2752524,75.5987579
Haitapura,15.2853331,75.8634153
Kabalayatakatti,15.2991214,75.6362957
Kadampura,15.3481747,75.7123612
Kerehalli,15.0743723,75.7545281
Muradi,15.1368701,75.7554698
Nagaramadavu,15.019301,75.637939
Papanashi,15.3680292,75.6793225
Ramenahalli,15.3384058,75.7943248
Suganahalli,15.097453,75.6873125
Tangoda,15.0014409,75.6859611
,15.2720362,75.6522651
Bidaragere,12.7144716,77.7234625
Aplapura,18.2595123,77.4551176
Belura,18.096469,77.4905422
Jamalapura,18.2537921,77.3629091
Mamadapura,18.2501623,77.4459559
Manura Khurd,18.2961368,77.5301626
Nagura,18.1375275,77.4021356
Narayanapura,18.2686747,77.424543
Soralli,18.0825901,77.5412768
,18.056509,77.4056835
,18.1401226,77.5106374
Bashirapura,17.6614288,77.3511776
Benakanalli,17.9852734,77.522725
Fatehpura,17.979021,77.5510194
Halahipparaga,17.9951831,77.3491012
Hipparagaon,18.0362497,77.5015981
Kangati,18.0001366,77.5567467
Kannalli,17.9947249,77.535433
Karakanalli,17.6084599,77.4261542
Karapakapalli,17.6325704,77.4107832
Mirazapura,17.972022,77.5853297
Rajanala,18.0091863,77.4046437
Anandawadi,17.9685421,76.9174945
Atalapura,17.8151221,76.8903767
Gadirayapalli,17.9260458,77.0585832
Gogga,17.8290091,77.041084
Gokala,17.8974403,77.0139242
Dhannura,17.9134779,77.0022736
Handrala,17.7903858,77.0045706
Kadepura,17.9231499,77.0408056
Gutti,17.9646608,76.9401005
Halahalli,17.9938675,77.0410618
Hanakuni,17.7129693,77.1398406
Kathalli,17.7166996,77.1100359
Manikanagara,17.7829436,77.1114538
Chikkahonnakuni,16.3998303,76.9859621
Ganekal,16.3041966,76.8871433
Herundi,16.4126625,76.8417187
Kelagina Irabagera,16.36286,76.9313594
Kotigudda,16.3713576,76.9504704
Pilikal,16.3299353,76.9380657
Manasagal,16.3647247,76.9570681
Nilavanji,16.4194653,76.8580619
Benakanahalli,16.5172669,77.1933485
Halagera,16.5058178,76.8360522
Kanchanakavi,16.7433999,76.7687701
Karakihalli,16.7133737,76.7051024
Rajapura,16.7043372,76.710611
Yaktapura,16.6505914,76.4470891
,16.7277419,76.7078699
Baikampady,12.9565907,74.807561
Adanuru,14.0823629,76.1634614
Alagatti,14.2678088,76.2367966
Arasanaghatta,14.1043691,76.1906203
Armrutapura,14.1374098,76.2468513
Bastihalli,14.393916,76.3039322
Bevinahalli,14.3848417,76.1787135
Bommanahalli,14.2194023,76.2614485
Byalahalu,14.3298723,76.2733725
Gunjiganura,14.1466494,76.1481702
Haykal,14.3324275,76.4892583
Hire Guntanura,14.2135532,76.2828609
Hire Kandavadi,14.1862679,76.1955562
Horakere Devarapura,14.0332101,76.3272234
Hosahalli,14.2309947,76.3189635
Hunasekatte,14.3379739,76.4259732
Ichagatta,14.0798176,76.2798074
Isamudra,14.3953529,76.2250656
Kadleguddu,14.2369283,76.2767608
Keshavapura,14.1424674,76.2156206
Kunabevu,14.3632267,76.4387379
Kurubarahalli,14.1994775,76.3091122
Matighatta,14.0473291,76.3134843
Kadleguddu,14.2363086,76.2481066
Pandrahalli,14.1557815,76.3317826
Punajuru,14.0529464,76.1405528
Shirapanahalli,14.0303631,76.2487656
Talya,14.0213096,76.2710818
Tekalavatti,14.036746,76.394066
Tenigehalli,14.209245,76.1878278
Upparigenahalli,14.0067549,76.3636342
,14.1329751,76.3421796
,14.4067836,76.1799786
Bageshapura,13.1497677,76.2305994
Hosahalli,13.1572108,76.2500351
Chinnamane,14.0002126,75.3839819
Puradamma,13.165941,76.0997091
Yalagunda,13.1475973,76.1154093
Kudragundi,13.128373,76.1493124
Honnavara,13.1230233,76.177894
Pumagame,13.1098159,76.1708559
Kodihalli,13.1038807,76.1808123
Baise,13.8249246,75.0047384
Hirejeni,13.9466064,75.2026104
Kiranagolli,13.9144488,75.1059172
Nitturu,13.9211668,74.9111515
Samagodu,13.8459462,74.9945767
Belenahalli,13.7405699,75.7745884
Karehalli,13.7842446,75.7413035
Kempegowda Nagara,13.7911055,75.736347
Baranduru,13.7977169,75.7309144
Atturu,17.6521886,76.780658
Chitta,17.7953815,76.8065965
Chittakota,17.6651726,76.7173841
Giligili,17.6496862,76.7075245
Alaguda,17.7595968,76.821348
Kohinura Pahada,17.6824995,76.7881779
Hosamala,12.0016696,76.2959068
Antharasante,12.0198892,76.2985243
Anemahal,12.9289643,75.7645094
Byakaravalli,12.8760754,75.7745312
Bommanakere,12.8452758,75.7632863
Kadagaravalli,12.8409285,75.7188821
Arekere,12.8884342,75.7794848
Arekere Koppalu,12.8892472,75.7726601
Maranahalli,12.8726071,75.7122594
Heggadde,12.8782469,75.7177393
Hiriyuru,12.8320535,75.7725753
Bannahalli,12.8173221,75.7845466
Janekere,12.8999674,75.7810618
Alahalli,17.0593655,76.2533992
Deginala,17.0963191,75.8052441
Mailara,17.2590747,75.8193495
Shiragura Inam,17.3498022,76.0123954
Suragihalli,17.0108731,76.066372
Wade,17.0159875,76.0624116
Chandanamatti,15.5091254,75.0923919
Durgadakeri,15.5281722,74.822719
Yarikoppa,15.3980155,75.0000666
Girewada Basavanakoppa,15.3351373,74.9942647
Honnapura,15.4404418,74.848662
Kallapura,15.5052762,74.857712
Kanavihonnapura,15.3703539,75.0077206
Kavalageri,15.4996865,75.0730856
Revadihala,15.3415256,75.0500012
Talavayi,15.506277,75.1194208
Varavanagalavi,15.4789324,74.8881537
Virapura,15.5013084,74.862083
Adnura,15.5120341,75.4688597
Aralihonda,15.1021278,75.0010742
Astakatti,15.0992694,75.0353568
Belavantara,15.1475293,74.9831645
Bendalagatti,15.1006165,75.0725115
Bhogenagarakoppa,15.2083675,75.0593684
Bilebala,15.224361,75.2475121
Bu. Halikatti,15.1501468,75.0849149
Chikka Narti,15.2946364,75.3063999
Dhulikoppa,15.2508461,74.9825788
Dyamapura,15.1707156,75.1167799
Guddada Hulikatti,15.1556616,75.1262413
Gummagola,15.5908843,75.1543449
Hatakinahala,15.1742158,74.90419
Hindasageri,15.1735693,75.0208849
Hire Budihala,15.1300252,75.2258671
Hulaginakoppa,15.0594965,74.9058257
Kandali,15.1410109,74.8459308
Kittura,15.5255346,75.4737043
Naganura,15.1805409,75.1031311
Pudakalakatti,15.5907841,75.0149055
Sangatikoppa,15.0789311,74.8868435
Sangedevarakoppa,15.1901073,75.0099091
Shiraguppi,15.3606298,75.278971
Solarogoppa,15.1667141,75.0801512
Tale Moraba,15.5563589,75.1506442
Tavarageri,15.1178854,74.9746175
Banagitti Gudihala,15.2785489,75.0121796
Benakanahalli,15.2828729,75.288717
Guruvinahalli,15.1442889,75.1966738
Hanamapura,15.1287489,74.965946
Hanashi,15.6195876,75.2107184
Hebbala,15.6247433,75.2657308
Hulihonda,15.061649,74.9646048
Kunkura,15.1275464,75.1767701
Kuranakoppa,15.2949411,75.0255392
Naganura,15.6244188,75.4020635
Ramapura,15.1169959,75.203015
Somanakoppa,15.1374368,74.9931208
Tirtha,15.1073932,75.17227
Yarinarayanapura,15.3164511,75.2963046
,15.1861463,75.1565584
Bhanapur,15.3858056,76.0394351
Bogur,15.5641139,74.8615868
Hale Tegur,15.5612243,74.8447712
Hosahalli,15.2300667,75.3504136
Kabbenura,15.6376148,75.0434835
Kalle,15.6416404,75.0306642
Kotabagi,15.6103088,74.9543668
Lakamapura,15.5314371,74.997548
Mulamuttala,15.5557384,74.9770602
Mullahalli,15.3063724,75.3020209
Yadavada,15.5608164,74.9965141
Mugali,15.5751414,74.8677591
Dubbanamaradi,15.577494,74.9027018
Amaragatti,15.780155,75.8838975
Arashinagodi,15.7890709,75.3757952
Benakanakoppa,15.7937427,75.3416181
Budihala,15.6074032,75.797441
Chikka Alagundi,15.7897962,75.8392329
Chikkakoppa,15.4682224,75.650633
Dunduru,15.4323535,75.5068802
Hangaraki,15.5937744,74.9277173
Hirekoppa,15.4786976,75.6518359
Kalakapura,15.6880916,75.849287
Kalliganura,15.8049244,75.8777004
Kallura,15.6170389,74.9845767
Lakkalakatti,15.7717284,75.8972077
Madagunaki,15.7258439,75.4460948
Maranabasari,15.6333273,75.8214859
Muganura,15.6627095,75.4050139
Myakalijhari,15.7651106,76.009393
Nagasamudra,15.4662108,75.6652164
Nagendragada,15.7925181,75.9098064
Sambhapura,15.3983343,75.6832924
Sankadala,15.7938711,75.3245898
Sarjapura,15.8352315,75.7878789
Shyagoti,15.4434966,75.5112147
Surakoda,15.6882342,75.4687239
Yadukumeri,12.8119103,75.6913545
Hongadahalla,12.7925271,75.696258
Jigaluru,15.6895381,75.7799265
Kallapura,15.8360576,75.5191579
Kuravinakoppa,15.8261413,75.6705611
Malasamudra,15.3936526,75.5918077
Menasagi,15.8255333,75.5839627
Nabhapura,15.3082812,75.626871
Narayanapura,15.5252471,75.7557305
Nidagundi Koppa,15.6361989,75.8572436
Parasapura,15.2144994,75.5444238
Varavi,15.2014172,75.6006442
Duddavalli,12.7948554,75.6985871
Kagenari,12.801988,75.661468
Bacchahalli,12.7607644,75.7652572
Attihalli,12.7658094,75.734001
Chinnahalli,12.8233294,75.7440785
Valalahalli,12.8238096,75.7618884
Karadigala,12.8332674,75.7620386
Vaddarahalli,12.8500847,75.7827441
Bobbanahalli,12.8097932,75.7560304
Hosahalli,12.8112045,75.7304062
Hiridanahalli,12.8207507,75.7272932
Mankanahalli,12.7328893,75.7134252
Hadlahalli,12.8407154,75.7893992
Haragarahalli,12.8613419,75.7640993
Nidigere,12.8461101,75.8295183
Gangavalli,14.4970959,75.2363302
Gulaguli,15.7714103,75.8546249
Hadagali,15.7210019,75.5274473
Hire Alagundi,15.7772303,75.8286128
Hire Magadi,14.5075019,75.2321251
Hole Mannura,15.8248461,75.6240865
Honnapura,15.6361291,75.6449322
Kamanavalli,14.5495916,75.2086036
Malavada,15.773425,75.5461012
Mallapura,15.8516165,75.8101608
Sandigavada,15.6748405,75.6590083
Tallihala,15.7826306,75.8036205
Chikka Idagodu,14.5231365,75.1998548
Barangi,14.5529608,75.2496489
,15.6768158,75.4408901
Gadagoli,15.8252088,75.6340992
Balageri,15.5274422,76.0494655
Bandihala,15.5652964,75.8955243
Batapanahalli,15.4769522,75.943385
Bedawatti,15.5039856,76.0750758
Benekalla,15.4402982,76.0457611
Beraladinni,15.6730784,76.1846353
Budagumpi,15.5297335,76.0710321
Channappanahalli,15.5199413,76.0050319
Chikka Myageri,15.5714812,76.0853101
Chikkenakoppa,15.4925337,75.9014953
Chikkoppa,15.6531161,75.9998423
Dyampura,15.5040602,75.9839725
Gavarala,15.4713326,76.0284564
Gedagera,15.6060591,76.0753111
Guttura,15.5776927,76.1405234
Hire Aralihalli,15.7011705,76.162865
Hosalli,15.6369932,76.0030813
Jarakunti,15.6462567,76.0759361
Kudarikotagi,15.6179923,76.0395208
Lakamanaguli,15.5710196,76.1101992
Malakasamudra,15.5935963,76.043569
Malakoppa,15.4377353,75.9214735
Narasapura,15.6240394,76.1583314
Nilogalla,15.6373774,76.201179
Ningalabandi,15.6804128,76.1410385
Nittali,15.4434791,76.0215188
Rajura,15.5297332,75.9895306
Ryavanaki,15.5320029,76.1035776
Salabhavi,15.6452785,76.1220097
Shidnekoppa,15.4564543,75.8895497
Taralakatti,15.6412163,76.1749173
Tipparasanala,15.4934269,76.0565852
Virapura,15.6194937,76.0572262
Yadiyapura,15.5099792,76.0658487
,15.6595383,76.0333012
Bilekalla,15.871134,75.8574792
Devalapura,15.8597997,75.9234685
Kodatagera,15.8377658,75.8563281
Pattalachinti,15.8430518,75.899038
Rangapura,15.8527397,75.876922
Shyadalagera,15.8830985,75.8769538
Venkatapura,15.8574645,75.9717146
,15.7936361,76.0275756
,15.819104,75.9423707
,15.8393179,76.0408797
Badiminala,15.8402897,75.956828
Bandarakal,15.961645,76.0202558
Gorabihala,15.8404155,75.979067
Jagira Gudadura,15.8407742,75.9363574
Kalalabandi,15.794187,76.0695409
Miyyapura,15.8659457,76.105403
Muganura,15.7954269,75.9923503
,15.7573023,76.0684228
,15.8460361,76.1201119
Thimmasagara Agrahara,15.3092298,75.1122496
K Dommasandra,13.011174,77.7405444
Kodigehalli,13.0031666,77.7272835
Chalamatti,15.2810838,75.0567508
Tadasinakoppa,15.4049887,75.0189853
Govanakoppa,15.4695213,75.0594974
Channapura,15.2717659,75.088314
Jogiyellapur,15.3977275,75.0098862
Managundi,15.3864112,74.9750829
Nuggikeri,15.4034951,74.9977793
Thore Nagasandra,13.1149436,77.4751337
Hurali Chikkanahalli,13.1155298,77.4837382
Tumbasoge,12.0265375,76.3846162
Chaudapura,15.6704447,76.2595186
Chikkamannapura,15.6927832,76.2786053
Garjanala,15.8313178,76.4086639
Hiremannapura,15.7645556,76.2797961
Hiremukartinala,15.7144618,76.364004
Huliyapura,15.730621,76.3304696
Katagihalli,15.6216678,76.2870377
Kurabanala,15.7098585,76.1973207
Talakeri,15.660403,76.2590974
Mataladinni,15.6574865,76.2252514
Nandapura,15.7849015,76.3513329
Navalahalli,15.7723225,76.3299405
Shakhapura,15.7222317,76.1532103
Shidlabhavi,15.7071056,76.3052564
Teggihala,15.8492888,76.2755379
Ucchalakunta,15.6174468,76.2525926
Hirevankalakunta,15.6411854,76.2292435
Yapaladinni,15.6480139,76.1947139
Baraguru,15.5052149,76.6429992
Bhattarahanchinala,15.472138,76.5343167
Bhattara Narasapura,15.5452092,76.4936994
Chikkamadinala,15.5231936,76.3768052
Gonala,15.4746019,76.5215587
Guduru,15.6338901,76.5795657
Hagedala,15.5900674,76.5984664
Hiremadinala,15.5110772,76.3859369
Jamapura,15.4890866,76.6933248
Jangamarakalgudi,15.4591681,76.5635911
Kakkaragola,15.5228873,76.7962158
Kalakera,15.5627262,76.484911
Kuntoji,15.4810302,76.6793682
Marakumbi,15.5152167,76.5225313
Musturu,15.4569548,76.6378425
Pannapura,15.6348504,76.6502059
Somanala,15.6244185,76.5770572
Abbigeri,15.4365326,76.2625619
Agalakera,15.3387731,76.3279772
Bassapura,15.3500956,76.22825
Bevinahalli,15.3387198,76.2945135
Hanumanahalli,15.382015,76.217669
Hatti,15.4258499,76.1942399
Hitnala,15.3310795,76.311951
Jabbalagudda,15.4275915,76.3674415
Jinnapura,15.4902818,76.2567411
Kanakapura,15.4564228,76.1901267
Kerehalli,15.3761437,76.312636
Kidadala,15.3525355,76.19923
Kunikeri,15.2835092,76.2142724
Kutaganahalli,15.3687695,76.2319256
Hyati,15.2689802,76.1704176
Mettagalla,15.4956146,76.2696452
Tanakanakal,15.3904296,76.1849069
Arakeri,15.4630118,76.084666
Basapura,15.1953442,75.8344433
Belagatti,15.2133331,75.9255992
Belura,15.2443001,76.1054739
Bennehalli,15.1650301,75.8833019
Bhairapura,15.2084156,75.98869
Bidanala,15.124295,75.8603056
Budihala,15.1680732,75.8516315
Chikka Sindogi,15.3064889,76.1044922
Chittapura,15.3353527,76.0227739
Dindura,15.7555248,75.9176078
Ghataraddihala,15.2443333,75.9239497
Gudlanura,15.2273983,76.1100618
Halavagali,15.1739733,75.9677124
Hale Gondabala,15.2627392,76.1248152
Hanavala,15.3188866,76.0746707
Hatti,15.2120723,75.9361644
Hesaruru,15.1485294,75.9399012
Hosahalli,15.2970229,76.1627346
Hanakunti,15.1679524,76.045488
Chilajhari,15.7039992,75.9571897
Jyalavadagi,15.09383,75.7840949
Kakkura,15.1435373,75.9166895
Kesalapura,15.1585978,75.9534767
Kodaganuru,15.7050158,75.9277941
Koluru,15.3379579,76.1053504
Komalapura,15.3400787,76.0184215
Korlahalli,15.1203142,75.8909208
Mainahalli,15.2821935,76.0498636
Mangalapura,15.3400075,76.117485
Matarangi,15.7221655,76.0366992
Mattura,15.1867099,76.0659163
Moranahalli,15.228509,76.0204901
Muktunpura,15.1775978,75.8776085
Mundavada,15.0590882,75.7893447
Murlapura,15.2615383,75.9168378
Nagarahalli,15.1570922,75.8957847
Nilogipura,15.1647891,75.9877105
Raghunathanahalli,15.2226578,75.9514017
Ramapura,15.6861157,75.9832215
Shingatalura,15.0700987,75.8844933
Shiranahalli,15.0842134,75.8854093
Shirura,15.4911749,76.0943013
Talabala,15.3876216,76.0175776
Tigari,15.1700252,76.0231818
Unachageri,15.7202383,75.975816
Vadaganala,15.3483377,76.0746371
Virapura,15.4291579,76.0736484
Yaklasapura,15.3045684,75.8811557
Hirebidanala,15.4751981,76.1358992
Hulegudda,15.6227126,76.1229701
Kalakeri,15.4269041,76.1752823
Lakamapura,15.3674726,76.0431035
Gogeri,15.7331202,76.0191053
Ojanahalli,15.3855523,76.1471584
Datanala,15.637947,75.5363676
Adapura,15.6343197,76.539855
Arhala,15.5200296,76.4776189
Chikkadankanakal,15.5719325,76.5461404
Hebbala,15.4497345,76.607723
Hirebenakal,15.4378364,76.4562733
Hiredankanakal,15.5823551,76.545927
Jiralakalgudi,15.5611872,76.5277954
Jirhala,15.5763341,76.5170146
Karadoni,15.6665515,76.4920086
Kesarahatti,15.5064568,76.4947226
Mailapura,15.6551791,76.6010694
Malkanamaradi,15.5033187,76.4707645
Mallapura,15.6638903,76.4813923
Mukkunpi,15.4271448,76.3821669
Pura,15.7117148,76.465498
Sulekal,15.5297196,76.4624314
Tippanala,15.5548635,76.4440575
Uddihala,15.6770425,76.5238956
Venkatagiri,15.4616984,76.4455925
Bappura,15.8302639,76.5868848
Basapura,15.6719723,76.63483
Bommanala,15.8042587,76.6968418
Channahalli,15.6232951,76.7047655
Hirejantakal,15.4173687,76.5370817
Hosalli,15.4254653,76.5559281
Ichanala,15.6906102,76.5159927
Jalihala,15.6757607,76.6515562
Kunnatagi,15.827234,76.7156596
Maturu,15.8216327,76.601384
Mavinamadu,15.6311536,76.7569115
Metri,15.310057,76.6209929
Mullura,15.8121828,76.7333829
Dharmasagara,15.2335797,76.5621846
Gundlavaddigeri,15.2284809,76.5207304
Hosa Malapanagudi,15.2890124,76.4390219
Hosa Nelludi,15.3920769,76.6654318
Ingaligi,15.2599628,76.4411204
Kakubalu,15.2187385,76.5291539
Kallahalli,15.2200412,76.4073787
Kanavi Timmalapura,15.3485468,76.5700521
Kondanayakanahalli,15.2813097,76.4211258
Malapanagudi,15.2847533,76.4304052
Mannuru,15.4784994,76.7182404
Nagenahalli,15.2975167,76.4031405
Nelludi,15.3886253,76.6750391
Papinayakanahalli,15.2396379,76.488352
Vadrahalli,15.2368154,76.467946
Hatti,15.739115,76.7050656
Janbunathanahalli,15.6809923,76.6500411
Agasanuru,15.6723813,77.0578293
Alabanuru,15.6621561,77.0928005
Araliganuru,15.5940411,76.9425627
Bagguru,15.6225855,76.9698309
Bairagamadinni,15.7318567,77.0197924
Bandralu,15.5948037,77.0200436
Belagurki,15.7520527,76.8520895
Belliganuru,15.9395852,76.7890893
Bevinamadugasuguru,15.6579687,77.0989741
Bommalapura,15.7109273,77.0352978
Buddinni,15.929508,76.7910014
Tasalla Kudluru,15.8214565,77.0263408
Chanakanuru,15.6408679,76.9613544
Chikkaballari,15.7648502,76.9630926
Devalapura,15.6136415,76.8792774
Gomarsi,15.7531288,76.806074
Gonala,15.8825002,76.6518101
Hanchinala,15.855915,76.6288316
Ittigihalu,15.6389802,77.1127382
Kanchagera Belagalu,15.5186597,76.9875909
Karchiganuru,15.6567515,76.9597971
Kesarakone,15.7201078,76.9404485
Kolabala,15.8495304,76.6718091
Kottalachinta,15.7247973,77.0155189
Mittesuguru,15.6960433,77.0425779
Mudenuru,15.5389842,76.9637279
Nadanga,15.6611535,77.0747698
Nadivi,15.5041283,76.8080847
Nagalapura,15.6910033,76.9469669
Nagarahalu,15.6680664,77.0851461
Nanjaladinni,15.8942038,76.6033639
Nitturu,15.5545295,76.8341644
Poppanahalu,15.5725787,76.9359562
Ravihalu,15.7036914,77.0513089
Shaliganuru,15.6119623,76.9747759
Tondehalu,15.6462779,76.9712783
Udbala,15.7586295,76.797189
Udegola,15.5250996,76.8133985
Vattumuruvani,15.7934247,77.0299023
Venkatapura,15.6714,77.0778965
Banapura,15.2838175,77.0488344
Basarakodu,15.3421953,77.0602317
Benakallu,15.2874262,77.0614087
Bhairadevanahalli,15.2085445,77.0550873
Bhairapura,15.4539554,76.9145349
Chaganuru,15.1720758,77.0439325
Chanalu,15.3581095,76.9872404
Daruru,15.4215744,76.9570955
Dasara Nagenahalli,15.2386032,77.0790266
Gosabalu,15.4618394,76.9487188
Goturu,15.2584554,77.0491142
Joladarshi,15.1397411,77.1099201
Kallukutiginahalu,15.2712345,77.0484231
Karuru,15.4410403,76.9505954
Kuriganuru,15.4866114,76.9746551
Minahalli,15.1624602,77.0680877
Rayapura,15.0289842,77.0640989
Shidiginamola,15.1751806,77.0731025
Tambrahalli,15.2268069,77.0752967
Uluru,15.4214695,77.02889
Vanenuru,15.3032893,77.0486623
Amakundi,14.8030009,76.7339111
Bairapura,14.7819091,76.7291637
Bommalinganahalli,14.7546596,76.6931037
Chikkanahalli,14.8320213,76.7413012
Chikkerahalli,14.7918633,76.7148426
Devasamudra,14.8637078,76.7996922
Eganuru,16.284422,77.3685797
Gaurasamudra,14.8162998,76.7728025
Kasapura,14.7876644,76.6426033
Potgal,16.2510015,77.3766549
Rayapura,14.7055562,76.6971755
Siddapura,14.8104391,76.7904123
Timmalapura,14.8790444,76.8172213
Yarrenahalli,14.7053486,76.6835158
Amarapura,15.1441492,77.0118211
Antapura,15.1080383,76.7139812
Bailuru,15.3432738,76.9151474
Balakundi,15.5315294,76.9531482
Bannihatti,15.1520336,76.6155993
Belagallu,15.1319309,76.8371605
Bhuvanahalli,15.2220748,76.6137352
Bisalahalli,15.1397301,76.9744217
Buduguppa,15.4791349,76.9537562
Dammuru,15.3058734,76.9251424
Dasapura,15.4197426,76.8554356
Gadiganuru,15.2226504,76.5961268
Taranagara,15.1317009,76.6066284
Hagaluru,15.4092486,76.9633248
Hampadevanahalli,15.3288681,76.6768169
Havinahalu,15.4283917,76.7988149
Honnalli,15.1067583,76.8724899
Javuku,15.3200297,76.6617337
Joga,15.1831895,76.5525221
Kakkabevinahalli,15.1436448,76.9981838
Konchigeri,15.4035555,76.8620091
Lingadahalli,15.1146288,76.6552531
Mailapura,15.5229572,76.9578284
Mallapura,15.0696923,76.6876113
Metriki,15.0380126,76.752552
Mundarigi,15.1034835,76.9147791
Nagalapura,15.1560458,76.6095736
Sanjivarayanakote,15.05104,76.9301939
Shankarabande,15.0942698,77.0005277
Suggenahalli,15.2975706,76.6846808
Taluru,15.1715397,76.6064265
Tegginabudihalu,15.1521215,77.0334366
Tolamamidi,15.0833445,77.042155
Upparu Hosahalli,15.5365221,76.9303712
Vaddu,15.1866185,76.6302238
Ankammanahalu,14.9922219,76.5091495
Erayyanahalli,14.9526088,76.5803596
Gauripura,14.9343241,76.5871245
Herakal,15.5810442,76.8414495
Kallukutiginahal,15.7790987,77.0309832
Kududarahalu,15.7188706,76.9525034
Kuruvalli,15.6717367,76.9715043
Matasuguru,15.4675787,76.9962091
Obalapura,14.9221981,76.5858821
Seliyappanahalli,14.906841,76.6277597
Shanavasapura,15.4008634,76.9039171
Shridharagadde,15.7307082,76.9498193
Tonasigeri,14.9781229,76.6374511
Tumbaragudi,14.9498772,76.5718103
Uttanuru,15.4503305,77.0039427
Godinala,15.6335866,76.4358269
Bommadevarahalli,14.9576869,76.8082493
Kanakuppe,14.9502031,76.8571488
Katanayakanahalli,14.7616205,76.7333136
Konapura,14.9276285,76.7916062
Nerlahalli,14.6616529,76.725639
Pennammanahalli,14.8701617,76.8420345
Rajapura,14.9374191,76.8036291
Santegudda,14.9782996,76.7179444
Shirekola,14.9138933,76.83264
Tumakurlahalli,14.6825498,76.6614606
Urthala,14.8493167,76.8433002
Anekallu,15.0418899,76.2710743
Danayakanakere,15.1288956,76.3647642
Devalapura,15.1307227,76.3528671
Guledalu,15.0899715,76.2923072
Halagapura,15.0869153,76.3168322
Kechchinabandi,15.0708864,76.2446196
Kuditinamaggi,14.8771434,76.161881
Mallapura,15.029531,76.4187768
Uluvatti,15.0067695,76.1560425
Vyasanakere,15.1954023,76.3553916
Anguru,14.9535865,75.7570694
Budunuru,14.8627548,75.7451191
Dasarahalli,15.0569298,75.9552644
Devagondanahalli,14.9900827,75.9385642
Haravi,14.7328827,75.7115758
Kombali,15.0944386,75.8995172
Koyilaragatti,15.0658384,75.9393195
Nagati Basapura,14.9445703,75.9353166
Navali,15.0463172,75.8952687
Shivalinganahalli,14.9575331,75.904759
Jinkera Thanda,16.7032333,77.2203325
Ashapura Thanda,16.7145343,77.2929765
Totlur,16.6971145,77.3382368
Paddepalli,16.7165364,77.3945161
Paramesh Palli,16.7706595,77.3782933
Muslepalli,16.7756483,77.4035875
Sambra,16.6128965,77.3492254
,16.5599879,77.2942669
Saidapura,16.5635977,77.2647632
Kyatanala,16.5677802,77.2395003
Bhimanahalli,16.5419687,77.2112217
Byalahunasi,14.9435179,75.7018239
Dasanahalli,14.8460013,75.7744036
Gaddekere Kodihalli,15.1086182,76.0925257
Hirebannimatti,14.9127298,75.6934008
Hirekolachi,14.9106501,75.8685479
Kotehalu,14.9447583,75.7467241
Naduvinahalli,14.8509858,75.7599591
Adavi Mallinakere,14.9176189,76.0108123
Aladahalli,14.7504104,76.1728957
Basarakodu Tanda,14.9444,75.8852517
Hagarigudihalli,14.7329739,76.1511345
Hale Itigi,14.9507664,76.113314
Hirevaderahalli,14.7783656,76.2644572
Huguluru,14.969915,75.9703159
Hunasihalli,14.7269501,76.1034541
Kannayakanahalli,14.7865621,76.1770214
Kenchamallanahalli,14.882045,76.108752
Kodihalli,14.8115971,76.2585476
Kunimadihalli,14.7190148,76.133163
Mudenuru,14.9995618,75.9691282
Nagarakonda,14.7209311,76.173265
Nandibevuru Tanda,14.9032061,76.0764815
Upanaykanahalli,14.9625719,75.8897983
Varakanahalli,14.9457903,76.0089429
Andalagi,14.9095567,75.1257869
Araleshvara,14.7849616,75.1769004
Arekoppa,14.767959,75.0825637
Baichavalli,14.8176098,75.116432
Baradura,14.9074491,75.3230144
Basapura,14.8494271,75.1243397
Chandapura,14.9423577,75.1689827
Chiranahalli,14.8286938,75.1104679
Dasharathakoppa,14.8446719,75.0866872
Dolleshvara,14.7457082,75.1420855
Gajipura,14.799711,75.0905169
Gudagudi,14.8347973,75.0940487
Haravi,14.852792,75.2937314
Hasanabadi,14.8436098,75.1051236
Hirekanagi,14.7637763,75.0716157
Hosapeta,14.8864518,75.1711344
Hotanahalli,14.880594,75.1928811
Hulikatti,14.8980635,75.1970724
Hullatti,14.8621588,75.1008505
Hunagunda,14.9076941,75.1729128
Hunasikatti,14.953142,75.1970551
Jakkanakatti,14.9750532,75.1798437
Joladakudligi,14.7596264,76.2110656
Kalyana,14.9501529,75.2195245
Kamanahalli,14.7365399,75.0918685
Karagudari,14.8134055,75.1500914
Konanakeri,14.955262,75.1403091
Kudala,14.8433998,75.2992688
Kundura,14.8912894,75.2571952
Kurabaramallura,14.8992908,75.3333543
Kurubanahalli,14.7141289,76.2259165
Maharajapeta,14.8223617,75.1529468
Maranabida,14.8413553,75.2566657
Mugalikatti,14.9273579,75.1684312
Nagarakatte,14.7319369,76.210515
Nellikuppa,14.8883659,75.1562919
Nidagundi,14.9418922,75.1962582
Niralagi,14.8784458,75.2541275
Savura,14.9223748,75.299496
Shyabala,14.9311374,75.1387355
Suraleshvara,14.7554865,75.1579434
Torura,14.9164917,75.1530493
Yalavatti,14.8641944,75.1368825
Yallura,14.8419085,75.1363249
Aratala,15.0086683,75.1299993
Belagali,15.0611793,75.21706
Hosura,15.0001521,75.1466621
Hulasogi,15.0554525,75.1898035
Jakkanakatti,15.0347806,75.2831898
Kadahalli,15.0708136,75.1707284
Mugali,15.0253578,75.2208506
Shilavanta Somapura,15.0234929,75.1553885
Akkura,14.9123949,75.5759871
Aladakatti,14.7816931,75.3643058
Angaragatti,14.6665,75.4545138
Ankasapura,14.685523,75.7078362
Asundi,14.6360735,75.544627
Badamalli,14.6470579,75.3426305
Bammanakatti,14.8626507,75.5840784
Basavanakatti,14.8425286,75.5144235
Basavanakoppa,15.0258496,75.4628733
Benchihalli,14.8156399,75.3101355
Bharadi,14.784708,75.5671743
Biranakoppa,14.6217204,75.3353643
Budagatti,14.8342969,75.5053774
Budapanahalli,14.7150963,75.5742332
Chavadala,15.0540752,75.334276
Chhatra,14.6929907,75.5236273
Chikkahalli,14.6318614,75.3159931
Chillura,15.01684,75.3292182
Chillurabadni,15.0201518,75.3417175
Chinnikatti,14.6444791,75.3984244
Dhulikoppa,14.6104301,75.354505
Didagura,14.7452522,75.2935719
Dombarahalli,14.8083893,75.7305822
Ganajura,14.8415913,75.4015271
Gangapura,14.6788836,75.6564456
Gaurapura,14.7717619,75.3390461
Guddada Anveri,14.6710275,75.6138749
Guddadamallapura,14.5994794,75.2784092
Gudda Guddapura,14.6992735,75.6083289
Gundenahalli,14.741902,75.4750974
Gundura,14.9850636,75.3070554
Guyilagundi,14.9380285,75.6665952
Halagi,14.9390318,75.6155096
Haleritti,14.864009,75.539862
Hamvashi,14.8758352,75.7068194
Hanumanahalli,14.7957602,75.5124652
Hediggonda,14.6936947,75.3878567
Hiladahalli,14.7065696,75.7190804
Hireanaji,14.6098772,75.3305938
Hirehalli,14.6512775,75.32317
Hirelingadahalli,14.7287359,75.3674999
Hombaradi,14.7302953,75.4268041
Honnikoppa,15.0219911,75.4358714
Hosaharalahalli,14.8388992,75.6654157
Hosalli,14.9270383,75.3674038
Hulihalli,14.6291124,75.5734209
Hullatti,14.6577117,75.627796
Huvinashigli,15.0351114,75.4346612
Ingalagondi,14.6809545,75.3706141
Kadamanahalli,14.7565788,75.4662666
Kadaramandalagi,14.6438968,75.5156329
Kakola,14.6780771,75.5442871
Kalagonda,14.6680586,75.402873
Kallihala,14.7775886,75.4470349
Kasambi,14.6834292,75.3386556
Kengonda,14.7645774,75.5092275
Keravadi,14.6427615,75.4228374
Kerikoppa,14.9797142,75.6345769
Kerimattihalli,14.7559709,75.3713395
Kitturu,14.9253283,75.5716229
Kodabala,14.9162426,75.6026496
Kolura,14.8679619,75.4050271
Kudrihala,14.7309935,75.6969326
Kummura,14.6613989,75.3601312
Kunabevu,14.6527499,75.5923566
Kurabagonda,14.7158443,75.3962385
Machapura,14.8422437,75.5068802
Madapura,15.0541531,75.3010352
Malluru,14.6986019,75.4426606
Mannangi,14.8688108,75.3424307
Mannura,14.9095383,75.5215479
Mannura,14.9529269,75.2816422
Mantrodi,15.0157957,75.2983635
Masanagi,14.6710206,75.4343351
Mevundi,14.945674,75.6811071
Motebennur,14.7174447,75.4786987
Naganura,14.8418452,75.3154893
Nayikerura,15.018948,75.4466203
Niralagi,14.945216,75.6485898
Palikoppa,15.1819532,75.1244321
Panigatti,15.0890342,75.268415
Ramagondanahalli,14.6355843,75.4775834
Ramapura,14.8655515,75.4881972
Sangura,14.7758275,75.3003163
Shakara,14.8659335,75.7073913
Shishuvinahala,15.0957565,75.3224555
Siddapura,14.9955393,75.5285846
Somanakatti,14.827883,75.5184588
Sudambi,14.6167407,75.3013223
Taredahalli,14.6913637,75.4614486
Tevaramellihalli,14.8754985,75.3035209
Timmapura,14.7454064,75.3057487
Timmapura,14.8029147,75.6329508
Tipalapura,14.6569785,75.4040005
Tondura,14.9186032,75.3669934
Tumarikoppa,14.5912871,75.3341456
Udagatti,14.6904634,75.7342942
Vadnikoppa,15.0003335,75.4486341
Agasala Dibbadahalli,14.8407882,76.5146049
Burranayakanahalli,15.0538259,76.9518237
Godehalu,15.1405978,77.0320898
Kuduredavu,14.8584003,76.5555546
Lingadevanahalli,15.1041577,77.0607678
Mallapura,15.0220427,76.6983057
Nagara Hunasi,14.8471618,76.5235121
Rajapura,15.0306601,76.6882849
Ramadurga,14.8543156,76.5471007
Ramasagara,15.0229192,76.7582124
Shidegallu,14.8009453,76.5731152
Yalpi Kaggallu,15.1231477,77.0576886
Yalpi,15.092774,77.0586715
Katrahalli,14.8126299,76.5145759
Abbenahalli,14.5803399,76.564202
Ekkegundi,14.7574453,76.5892371
Hudem,14.629312,76.5793596
Kallahalli,14.5669269,76.5294702
Minakere,14.7044272,76.6303299
Pujarahalli,14.6089799,76.5306484
Tayakanahalli,14.646656,76.5867122
Appayyanahalli,14.8585441,76.6887969
Choranuru,14.9247286,76.5319901
"Gaddada Borayyana Hatti,",14.7349145,76.6467304
Halasagara,14.843357,76.667178
Hulikunte,14.7632834,76.5309065
Kalingeri,14.9421446,76.5060456
Kombihalli,14.7191569,76.641695
Ramasagara,14.7613176,76.6051079
Rayapura,14.8167539,76.7292047
Timmanahalli,14.7540021,76.6137416
Tippanamaradi,14.9431715,76.5193959
,14.8492458,76.6587214
Amaradevaragudda,14.9077505,76.4175137
Badeladaku,14.869602,76.3552761
Bevuru,14.8839908,76.199597
Dupadahalli,14.8986346,76.2276531
Hyalya,14.8513323,76.2249682
Kandagallu,14.8820016,76.2882703
Kuppinakeri,14.9041259,76.3614233
Sirinayakanahalli,14.8253599,76.2440064
Amalapura,14.8109751,76.4261784
Bhimasamudra,14.7492368,76.5062541
Bommanahalli,14.7486718,76.46941
Chikkajogihalli,14.7183699,76.4919436
Gundumunugu,14.7186954,76.5177716
Hurulihalu,14.7162627,76.5536218
Immadapura,14.6824298,76.4683491
Kadekolla,14.7531937,76.4815725
Kumati,14.6773429,76.5929666
Makanadaku,14.7348523,76.483804
Obalashettihalli,14.7342922,76.544836
Siddapura,14.6931081,76.4991457
Sunkadakallu,14.7776782,76.3200064
Vaddarahatti,14.693902,76.5103075
Valase,14.6977438,76.5958854
Karnarahatti,14.7030037,76.5830543
,14.7639589,76.5943118
Kasanala,16.6133329,74.4736775
Malikavada,16.5410744,74.5774395
Pangeri,16.4526102,74.427909
Boranahalli,14.8198559,76.2423002
Harakanalu,14.7643734,76.2651206
Mallanayakanahalli,14.8440755,76.2379684
Sangameshvara,14.8574503,76.158147
Palayyana Kote,14.756791,76.346365
Bairadevaragudda,14.74731,76.3094241
Gollarahatti,14.877985,76.3580949
Gunasagara,14.7755218,76.3851534
Gaudagera,16.6401962,77.2344586
Godihala,16.6349811,77.1455122
Kodala,16.4358435,77.1857073
Mushtura,16.6968158,77.168207
Malkanahalli,16.9046643,77.0256486
Bachavara,16.9023004,77.13064
Saudagar Dam,16.8810701,77.1473974
Kelavatti,13.1367306,76.12461
Nitturu,13.15092,76.1322965
Mallapura,13.2301186,75.9869021
Chatachatanahalli,13.2313303,76.02116
Mayagondanahalli,13.2416084,76.003411
Adaguru,13.1671533,76.055514
Aluru,14.5892857,76.4532102
Ganagatte,14.6801625,76.3538345
Beladeri,14.7197429,76.3204417
Dupadahalli Tanda,14.9024701,76.2510777
Gollarahalli,14.9151639,76.2180632
Hirekumbalakunta,14.6350173,76.3978625
Hulikeri,14.6241409,76.4519328
Jummobanahalli,14.6582522,76.5320032
Kanamadagu,14.5977391,76.4388441
Timmalapura,14.8931565,76.2769454
Yarrammanahalli,14.6973042,76.3763071
Adavisuravvanahalli,14.84147,76.4584469
Ayyanahalli,14.8086938,76.1807185
Bailutumbaraguddi,14.6735805,76.4156069
Bellekatte,14.7004852,76.421743
Boppalapura,14.9309171,76.3047668
Govindagiri,14.9166816,76.401833
Jogihalli,14.708399,76.4853374
Kakkuppi,14.8657631,76.4457121
Kenchamallanahalli,14.5775336,76.4843689
Lokikere,14.6249144,76.5015253
Sasalavada,14.9199974,76.33673
Svamihalli,14.9219208,76.3147082
Mundargi Thanda,16.7700414,77.1777795
Masaknahalli,16.7538026,77.2137847
Majarahosahalli,16.7359751,77.1493176
Paglapur,16.7102102,77.1760067
Anuru (K),16.5869075,77.1759299
Hirenuru,16.5673906,77.1791057
Gudur,16.4851262,77.241526
Mavinahalli,16.5034981,77.3314871
Saurashtrahalli,16.544416,77.3348395
Turakanadoddi,16.6089998,77.4070935
Mallapur,16.7957452,77.4382672
Putapak Tanda,16.8109704,77.4401469
Basapura,15.0545593,76.3249717
Benakanahalli,14.7073752,76.2929799
Bhujanganagara,15.0871981,76.5712062
Byalakundi,15.1029433,76.404901
Chikkantapura,15.1356624,76.6996529
Dharmapura,15.0692657,76.5308193
Donimalai,15.060275,76.5915129
Garaga,15.0891737,76.421195
Gauripura,14.8341497,76.1556907
Gunda,15.1451738,76.3965921
Kechchinabandi,15.0682671,76.2053655
Kesarahalli,14.8212476,76.1385827
Kodalu,15.1283651,76.686723
Manganahalli,14.7472143,76.212904
Marabbihalu,15.134211,76.2750212
Muraripura,15.1339463,76.5840134
Nagalapura,14.8276443,76.3461002
Nagalapura,15.1155534,76.3947138
Nandibanda,15.1455763,76.3167265
Pinjarahegdala,15.1024325,76.2421126
Timmalapura,15.2166157,76.7227309
Tumati,15.101756,76.7760588
Tuppakanahalli,14.8468167,76.3516532
Uppinayakanahalli,15.1297312,76.2562441
Varadapura,15.1405477,76.2955689
Mitatipadampalli,16.9091739,77.3404125
Siddapur B,16.927493,77.3210197
Devanapalli,16.9219709,77.2985535
K Hosahalli,16.9239416,77.2363906
Yempad Thanda,16.8471909,77.2793918
Sanapura,15.4385162,76.6468831
Ballapura,15.3610854,76.680748
Banjagondanahalli,14.1100121,76.295512
Belagoduhalu,15.4335849,76.6119718
Borenahalli,14.0781387,76.3141316
Chikkajayiganuru,15.3617359,76.6721702
Gundiganuru,15.4189587,76.8097742
Nandipura,14.1257582,76.3772459
Hirehadligi,15.3563955,77.038715
Ingaladalu,14.1863527,76.4450384
Itigi,15.4511739,76.6795426
Jiriganuru,15.3186614,76.6729804
Kallukambha,15.3509783,76.7784644
Lakshmipura,15.3456136,76.7843104
Malasinganahalli,14.0074349,76.2508539
Muddapura,15.3885201,76.5926842
Muddapura,15.4238411,76.6749991
Mushtagatta,15.3745004,76.8032279
Somalapura,15.2783828,76.6711169
Somalapura,15.3770391,76.7551867
Todaranalu,14.1360413,76.2704261
Upparahalli,15.2941492,76.6060873
Adike Hosuru,15.2015664,74.7950846
Ajagaon,15.3007054,74.711815
Anamod,15.4360333,74.3101741
Arlavada,15.3961889,74.7274845
Aveda,15.3478486,74.3777697
Devulli,15.4212018,74.3802334
Doddakoppa,15.2185673,74.8297813
Dongaragaon,15.5304779,74.4242396
Durga,15.3918509,74.4075331
Dusagi,15.3980041,74.7585069
Gavegali,15.186972,74.5734406
Garadolli,15.2576289,74.7129888
Handali,15.3284739,74.6815308
Havagi,15.3511641,74.7587462
Hunasavada,15.3774029,74.7408296
Javalli,15.3253883,74.7185032
Kalasapura,15.3479935,74.7431456
Kesarolli,15.29926,74.7335091
Konasheta,15.4004388,74.3644364
Mendil,15.5320966,74.3230534
Pala,15.361243,74.7190482
Phanasoli,15.1564798,74.6028209
Rayapattana,15.2235859,74.711089
Tattigeri,15.1764063,74.8359135
Timboli,15.3741752,74.5109224
Attanagi,14.8405524,75.000802
Bachagaon,14.6110923,74.8664054
Balekoppa,14.745236,74.9388742
Basavanakoppa,14.8908446,74.9481083
Bedasagaon,14.7610242,74.9292471
Bekkoda,14.7398855,74.9657109
Chalageri,14.851245,74.9534156
Chavadalli,14.9604023,75.0012035
Chigalli,14.9061736,75.0460869
Chipageri,14.8304028,74.9245231
Chipagi,14.6369605,74.8565936
Gaudalli,14.6540943,74.8698076
Gunjavati,14.99327,74.9302598
Hirehalli,14.8985918,75.038062
Kalakeri,14.9183765,74.9886554
Katura,14.8640561,75.0328293
Kurli,14.7674769,74.9749938
Lakkolli,14.9353017,75.0104684
Malavalli,14.9471439,75.0063237
Maragadi,14.8435094,75.0538036
Singanalli,14.8454768,75.0366232
Togralli,14.7687771,74.9516643
Ummachagi,14.7562629,74.9082579
Boregali,15.3788832,74.4418007
Deriya,15.1506368,74.4129958
Godasheta,15.1096391,74.4187107
Sindolli,15.3466676,74.4868732
Tulasageri,15.0181596,74.4890986
Ulavi,15.0049746,74.5095373
Amate,15.6982891,74.2983349
Badapoli,15.0097223,74.3484521
Castle Rock,15.3972889,74.3350176
Degaon,15.5434915,74.3416881
Kalamani,15.6910174,74.3249174
Katagali,15.7039069,74.4643342
Kongala,15.5991446,74.3802934
Bakkala,14.7142213,74.7445341
Muski,14.7426962,74.6331045
Uramunde,14.8058086,74.8055758
,16.7793779,77.2805541
Apsarakonda,14.2353704,74.4460093
Chamalapura,15.4875077,76.2350314
Nelajeri,15.5401234,76.1869791
Vataparvi,15.5406116,76.2128086
Ullesugur Tanda,16.6609723,77.0762195
Malahalli,16.6760059,77.0651748
Ambesangavi,18.0623197,77.2661259
Goranala,18.0729469,77.3721779
Hajanala,18.0993467,77.3777628
Hulasura,18.1698412,77.2060414
Kandagula,18.0495229,77.5341072
Khandikeri,18.2400506,77.3678221
Khasempura,18.2357589,77.5015096
Kotagyalavadi,18.0838879,77.2539988
Lingadalli,18.1858006,77.4855085
Somapura,18.1573372,77.1638808
Sunkanala,18.1788621,77.5663484
Tegampura,18.2441931,77.4655839
Ujani,18.1740417,77.5467613
Anandavadi,18.039425,77.1606453
Bhangura,17.6939366,77.4456727
Ghodampalli,17.8203924,77.511049
Lada,18.0248717,77.0964811
Mugadala,17.7220322,77.3972977
Pashapura,18.062828,77.48263
Shrimandala,18.0317653,77.5543159
Bengre,14.0457972,74.5022787
Hadavalli,14.0319719,74.6349832
Kaykini,14.0743536,74.5120673
Uppinapattana,14.4729897,74.4910299
Marlahalli,14.6934889,76.7377235
Kondlahalli,14.5971894,76.7135312
Marammanahalli,14.6210514,76.702301
Muttigarahalli,14.5986513,76.6621159
Vaddinakatte,14.9178847,76.5151003
Geddalagatti,14.8056477,76.495034
Kallahalli,14.9427025,76.277632
Kanchobanahalli,14.7763684,76.4642966
Kyasanakeri,14.8247059,76.4319558
Virupapura,14.8558149,76.4246683
Budihalli,14.4739352,76.8192698
Bhoganahalli,14.489911,76.7967804
Bukkambudi,14.5263251,76.7339449
Channaganahalli,14.4568149,76.7590928
Chikkachelluru,14.2131375,76.8670291
Chikkammanahalli,14.4005775,76.6591446
Chikkaullarti,14.3803503,76.683283
Chitranayakanahalli,14.441383,76.781224
Devareddihalli,14.5128072,76.7482521
Doddabadihalli,14.4686907,76.9643372
Doddachelluru,14.1863955,76.8780728
Donnehalli,14.4440622,76.9173116
Gaurasamudra,14.5581801,76.7462951
Gauripura,14.2436327,76.9254751
Giriyammanahalli,14.4254743,76.675349
Haravigondanahalli,14.3460229,76.8363958
Jajuru,14.381728,76.8508152
Kadehude,14.1945157,76.932246
Kasavigondanahalli,14.4399539,76.8390777
Katandevarakote,14.459861,76.8682397
Kyadigunte,14.1992871,76.9772468
Mahadevapura,14.2119769,76.9428347
Mannekote,14.4604192,76.6959617
Obalapura,14.473177,76.925387
Obanahalli,14.2037734,76.8818442
Pagadalabande,14.3381396,76.8781093
Putlarahalli,14.3009147,76.914705
Renukapura,14.4733895,76.8318169
Suranahalli,14.2536559,76.8128397
Tappagondanahalli,14.4255498,76.8534198
Tippareddihalli,14.4376394,76.9407328
Chowluru,14.2621,76.8475943
Abbinahole,14.0413414,76.7522085
Bharamasagara,14.331047,76.7086486
Bommasamudra,14.3243985,76.705125
Buradekatte,14.1459435,76.7995847
Chillahalli,14.0423476,76.7713292
Gosikere,14.2241085,76.8201973
Gudihalli,14.4251721,76.8241888
Gulya,14.0782849,76.7716913
Hosahalli,14.0999154,76.7725067
Ishvaragere,14.0247752,76.74157
Kaluvehalli,14.3754884,76.7873791
Karikere,14.3305719,76.7666373
Kyatagondanahalli,14.3893835,76.8054264
Mailanahalli,14.4462358,76.8232241
Mirasabihalli,14.3168105,76.7360053
Parashurama Devarakote,14.0702841,76.8794247
Sakkara,14.0268384,76.8677847
Sangenahalli,14.0730097,76.7321261
Suguru,14.1099004,76.8030829
Timmanayakanakote,14.1976549,76.8231821
Timmannanahalli,14.4473709,76.7153963
Venukallugudda,14.0173118,76.8043234
Vishveshvarapura,14.3463609,76.7585674
Yadalagatte,14.3962737,76.7816559
Balenahalli,14.2522788,76.5556289
Banjigere,14.4694497,76.7312934
Bedareddihalli,14.4899993,76.716578
Chikkahalli,14.5080401,76.6977645
Chikkenahalli,14.2091444,76.7209177
Gajjuganahalli,14.4790998,76.6123999
Ganjigunte,14.2113132,76.6379758
Ghataparti,14.4724985,76.7658715
Guntakolammanahalli,14.5198338,76.5493601
Hanumantanahalli,14.5739164,76.726679
Jogihatti,14.4929023,76.4869411
Kereyagalahalli,14.4739402,76.6483796
Kurudihalli,14.2751394,76.5924771
Mallurahatti,14.5176902,76.5991837
Mustalagummi,14.6093837,76.5835588
Obannanahalli,14.5780027,76.7071824
Ramasagara,14.4882448,76.6134827
Rekhalagere,14.5006525,76.5683433
Somaguddu,14.2750333,76.6226612
Timmappayyanahalli,14.4780743,76.6306719
Torekolammanahalli,14.5592354,76.5360774
Kapanimbaragi,17.1883972,75.8020713
Kudaragonda,16.7122204,76.3084169
Satapura,17.1823127,75.9845303
Tilagula,16.6961615,76.2791383
Gollahalli,14.1228818,76.6526591
Gopanahalli,14.2323841,76.6946629
Jadekunte,14.1652181,76.7003351
Kandikere,14.1077166,76.66517
Kaparahalli,14.1674189,76.6910342
Kasturi Timmanahalli,14.2751684,76.7390406
Maddanakunte,14.1435727,76.6273391
Ramajogihalli,14.1672751,76.6263112
Reddihalli,14.2583213,76.7025482
Masidipura,15.2743458,77.0265268
Shridharagadda,15.2103455,76.9367859
Sirivara,15.1964187,76.9792946
Agara,13.2798992,78.3351235
Balasandra,13.222899,78.4226782
Ballagere,13.1941005,77.044648
Palya,13.3061642,78.1731935
Chaudanahalli,13.3442972,78.1379978
Doddagurki,13.178006,78.3376816
Gatti Halli,13.2603779,78.2189458
Holuru,13.2466037,78.2136349
Honnudike,13.2103499,77.1261126
Kamadhenahalli,13.1610739,78.1654482
Kodikannuru,13.1575369,78.1358982
Kondenahalli,13.2133437,78.1994553
Lakkenahalli,13.2169467,77.0742751
Mogilahalli,13.3200678,78.178493
Mudiyanuru,13.2271398,78.3134001
Muduvadi,13.2316992,78.1658795
Nambihalli,13.3201416,78.1666162
Sangasandra,13.2185688,78.4036506
Sipura,13.1717109,78.0970747
Anaji,14.3159011,75.555844
Angaragatti,14.350268,75.5195716
Gangayikoppa,14.3350444,75.4712321
Guddadamadapura,14.2980443,75.5660298
Hirekabbara,14.3509006,75.5741813
Hosakatti,14.3424848,75.5109927
Kamalapura,14.3206762,75.5992962
Maidura,14.3265796,75.5802159
Medura,14.3527518,75.4894733
Nagavanda,14.3188506,75.5363131
Tadakanahalli,14.3388391,75.5413353
Bachanaki,15.0055097,75.0522687
Basavanala,15.1019912,75.2878351
Bhavanura,15.1191269,75.7061487
Hunasikatti,15.134461,75.0292782
Induru,15.023833,75.0178673
Karadagi,15.0349808,75.303583
Koppa,15.0099368,75.0206934
Nandikatta,15.0344916,74.9859269
Nelliharavi,15.0855531,75.0086901
Surapagatti,15.0724656,75.2343684
Ugginakeri,15.0186363,74.9628965
Amachavadi,11.8564456,76.9362644
Annuru,11.7894574,76.704014
Arakalavadi,11.7748786,76.8691809
Bannitalapura,11.8515149,76.7072695
Beratahalli,11.8333655,76.7658224
Bisalavadi,11.8024122,76.9440651
Chennappanapura,11.8401671,76.9359762
Chikkatuppuru,11.8131389,76.7178904
Doddatuppuru,11.8064405,76.7187
Honnahalli,11.8268507,76.905557
Hosuru,11.8212942,76.6945981
Kaggala,11.8145684,76.7556792
Kalanahundi,11.9377429,76.8616323
Kallahalli,11.8716412,76.7227838
Kandegala,11.7877425,76.7385068
Kelasurupura,11.8371848,76.7484296
Kilagere,11.7694448,76.8209508
Kilagere,11.8315001,76.7245188
Kodiugane,11.8448237,76.9593451
Kumachahalli,11.8782487,76.7894568
Linganapura,11.7844219,76.8716256
Madalavadi,11.752874,76.8118477
Nanjedevanapura,11.9234722,76.8466679
Paduguru,11.85469,76.7396494
Panjanahalli,11.8289057,76.6925609
Paramapura,11.8620976,76.7530604
Tammadahalli,11.8958758,76.8146268
Triyambakapura,11.8019876,76.7649935
Udigala,11.8773587,76.8380921
Vaddagalpura,11.8049758,76.8933068
Yanagahalli,11.7680592,76.8604818
Yaraganahalli,11.7393665,76.8484586
Biranala,16.7153164,77.1281601
Kamanura,16.6242949,77.1713329
Budhinihal,16.5418491,77.1714187
Arjunagi,16.6028488,77.1572996
Arendura,14.2799893,74.8781142
Bailuru,14.1290161,74.4857134
Bikkalase,14.3304341,74.9266036
Golagoda,14.2965524,74.8730287
Kamvachura,14.2699341,74.8964818
Kondli,14.3442665,74.9042511
Mavalli,14.0861257,74.4918833
Nejjuru,14.2545278,74.9246777
Shiralagi,14.3434645,74.9380141
Aladahalli,13.0730533,76.0899397
Kadadaravalli,13.0889902,76.0566447
Tejuru,13.0464484,76.0866365
Achampalli,13.0476971,78.4057744
Aisandra,13.0230983,78.2923277
Badamakanahalli,13.0463909,78.2646685
Ramavanakotte,13.0941811,78.4270927
Nalluru,13.0315894,78.322377
Tayaluru,13.0593174,78.4270268
Aminabhavi,16.3037427,74.5425705
Bidaralli,16.3598668,74.5137185
Gavana,16.3724716,74.4088743
Giragaon,16.4471121,74.5239523
Jodakurali,16.4361,74.6732175
Kadapura,16.4958645,74.6614201
Lakhanapura,16.4342253,74.4018499
Vadrala,16.3488736,74.5336699
Yaranala,16.3706282,74.3832893
Rajaghatta,12.9985368,76.1171257
Ghatanatti,16.6637282,75.1023339
Satti,16.5749404,75.0839009
Abburu,12.7013999,77.176848
Chikkenahalli,12.7073174,77.1649966
Dashavara,12.7230724,77.177416
Eletotadahalli,12.5113801,77.1930252
Kelagere,12.7282077,77.1367794
Makali,12.7740943,77.1592101
Nagavara,12.716352,77.1522171
Nelamakanahalli,12.4934215,77.1746403
Nunnuru,12.5104926,77.1650021
Rampura,12.672436,77.1973607
Saraguru,12.4848853,77.1600531
Vandaraguppe,12.6805167,77.2262326
Ayatanahalli,12.4112244,76.121725
Ambalare,12.5041231,76.019784
Anivalu,12.5090416,76.120818
Attigodu,12.4880908,76.1487141
Barse,12.4328547,76.1168718
Bekkare,12.4341466,76.0759343
Chapparadahalli,12.5052519,76.0525981
Depura,12.4622326,76.0731797
Doddanerale,12.4752914,76.0357822
Ganganakuppe,12.5239468,76.047644
Gorahalli,12.4964938,76.0934235
Haraduru,12.4928404,76.1073281
Haranahalli,12.4987798,76.0426788
Hunasavadi,12.3718487,76.0352899
Ichuru,12.4339401,76.1002249
Javanikuppe,12.3651554,76.1756438
Komalapura,12.4127947,76.0761568
Konasuru,12.4420804,76.0554787
Kudakuru,12.4411249,76.1371853
Kandegala,12.3746357,76.0618008
Nandipura,12.4292813,76.1464825
Sangarashettahalli,12.5098751,76.1560193
Agrahara,14.8964838,76.4790972
Danapura,15.1748406,76.3685391
Daulattapura,15.1040734,76.5354467
Genatikatte,14.8980989,76.4900398
Hulikunta,15.003073,76.3954236
Jigenahalli,14.9445672,76.545704
Katinakamba,15.0014371,76.4343582
Kondapura,15.0433072,76.4077829
Magimavinahalli,15.089419,76.3235803
Banniganuru,15.9212351,76.8759363
Belagallu Tanda,15.1155408,76.8345905
Haretanuru,15.7757234,76.8870106
Kyadigihalu,15.4073035,76.8200783
Madapura,15.2566232,76.6901517
Uppala,15.7374929,76.9198031
Valkandinni,15.9021798,76.9030809
Veni Virapura,15.1976803,76.8016425
Bharamasagara,14.5169289,76.3849088
Guttinadu,14.2564357,76.3353076
Lakshmi Sagara,14.2785292,76.2857824
Rayanahalli,14.3158484,76.3526202
Siddavvanadurga,14.3249187,76.3219182
Vijapura,14.2909078,76.2812909
Dodda Siddavanahalli,14.1991153,76.4736678
Dyamavvanahalli,14.2678182,76.4902488
Guddada Rangavvanahalli,14.2909841,76.3940244
Jampannanayakana Kote,14.1771193,76.5389055
Mallapura,14.25374,76.4045822
Sajjanakere,14.1894209,76.5646238
Tamatakallu,14.2725374,76.3713864
Toparamalige,14.227333,76.5084195
Hirekabbigere,14.3476226,76.2840795
Bommakkanahalli,14.3730175,76.5103996
Gorlakatte,14.3235343,76.6161233
Hotteppanahalli,14.254553,76.6533806
Marikunte,14.2285041,76.7601636
Nagarangere,14.291399,76.6704097
Nannivala,14.3192982,76.5818199
Pelurahatti,14.3148178,76.5188946
Sanikere,14.1911778,76.6653262
Viradimmanahalli,14.3415294,76.628375
Amarapura,15.0871548,75.5625947
Bhairapura,14.9700697,75.5128223
Dombaramattura,14.9144365,75.4705227
Handiganuru,14.9216325,75.5317781
Kalakoti,14.8944796,75.4395185
Kalalakonda,14.9589383,75.3822763
Kalasura,14.8823315,75.3961054
Koraduru,14.9096734,75.5511529
Kunimellihalli,14.8649694,75.3241506
Mandiganala,15.1106581,75.3410155
Mantagani,14.885141,75.4208124
Melmuri,14.9264492,75.5185283
Niralagi,14.9774413,75.2875313
Sanklipura,15.0819187,75.4065428
Arishinaguppi,14.6631715,75.1980892
Balihalli,14.6971601,75.0674421
Byatanala,14.6675514,75.2312118
Channapura,14.7770748,75.222208
Gondi,14.6301992,75.1514934
Hanumanakoppa,14.7041141,75.0966663
Havanagi,14.727825,75.2019836
Heruru,14.723096,75.2654334
Hirebasuru,14.6761522,75.2995007
Hirehullala,14.7364618,75.2438406
Hirekamshi,14.6462411,75.1365121
Hosur,14.6526995,75.1035836
Hunashettikoppa,14.7574129,75.0778707
Kallapura,14.7118268,75.1809219
Kalvekallapura,14.8167521,75.2513183
Kanchinegalura,14.7972067,75.2101093
Karekyatanahalli,14.6652203,75.2454846
Konanakoppa,14.6607489,75.0613162
Kyasanur,14.6622222,75.0864171
Lakshmipura,14.7156602,75.0252449
Makaravalli,14.6552773,75.1672749
Malagunda,14.7015127,75.2131481
Mulathalli,14.6956991,75.3242346
Sammasagi,14.6984734,75.0398986
Savikeri,14.7121267,75.0725611
Shankrikoppa,14.795092,75.2461008
Sheshagiri,14.6560169,75.209239
Shigihalli,14.7607295,75.2699483
Shiragoda,14.6739038,75.1119677
Somasagara,14.6900061,75.3010188
Tavaraguppa,14.7193844,75.2514735
Timmapura,14.9249977,75.4494086
Vardi,14.7940109,75.2897379
Aladakatti,14.5276555,75.5961289
Benakanakonda,14.5675488,75.5853029
Dandagihalli,14.486731,75.5549342
Guddada Bevinahalli,14.55035,75.5002128
Guddada Hosahalli,14.5669204,75.4989829
Hediyala,14.5386368,75.5376681
Holeanveri,14.4951071,75.6912279
Hulikatti,14.5565315,75.7784779
Joyisara Haralahalli,14.5876161,75.5452226
Karura,14.5625849,75.7426097
Konanatali,14.4932459,75.5893375
Kotihala,14.4755312,75.6623301
Kuppelura,14.4861366,75.6135695
Lingadahalli,14.5036879,75.6524453
Magoda,14.5634505,75.6579096
Makanura,14.5110929,75.7438994
Malakanahalli,14.5104551,75.6865023
Malanayakanahalli,14.4343818,75.6247063
Manakura,14.5137285,75.6554534
Menasinahala,14.4220323,75.6121006
Mudenura,14.4911548,75.7058583
Nandihalli,14.5044624,75.6432972
Nittura,14.5008628,75.5981522
Sannasangapura,14.4546054,75.6239159
Somalapura,14.6737509,75.7976046
Sunakallabidari,14.5575577,75.5279738
Tirumala Devarakoppa,14.5772091,75.5652156
Yallapura,14.6569294,75.7671037
Yarekuppi,14.596823,75.5814878
Billahalli,14.5150607,75.5547309
Chikkamaganura,14.4674141,75.5843052
Harogoppa,14.5165191,75.5679243
Hiremaganura,14.4729039,75.5858343
Khanderayanahalli,14.5707699,75.7693397
Kuli,14.4581098,75.5704908
Yakalasapura,14.6334953,75.7348043
Bhu Virapura,14.7869907,75.4404631
Devagiri Yallapura,14.8334474,75.3812863
Gummagola,15.0357584,75.8214996
Ijarilakamapura,14.8082133,75.3928941
Shirabadagi,14.9888774,75.3974694
Yattinahalli,14.8060042,75.4246512
Alagilavada,14.6914333,75.862421
Chaudayyadanapura,14.79489,75.6654548
Chikka Aralihalli,14.7578629,75.6690841
Chikkakuravatti,14.7783672,75.6925693
Ittigudi,14.729307,75.852917
Kadati,14.6605689,75.8096647
Kerimallapura,14.7354475,75.6369692
Nukapura,14.7738144,75.6294818
Shivapura,14.6925638,75.8473282
Yattinahalli,14.7263307,75.6642559
Basavanakote,14.6672351,76.123762
Dyamavvanahalli,14.4841767,76.1104807
Gadimakunte,14.6721578,76.3010228
Gummanuru,14.4147751,76.1105191
Hemmanabeturu,14.498351,76.1207043
Kandanakovi,14.430963,76.0698018
Kenchammanagatihalli,14.5811109,76.1850125
Kereyagalahalli,14.4468969,76.0811233
Kitturu,14.5007624,76.1002909
Kurudi,14.5138023,76.1211947
Lakkampura,14.6432329,76.2945986
Magadi,14.6762225,76.1677531
Marikunte,14.5323939,76.1746531
Tuppadahalli,14.5292159,76.1392239
Chikkabannihatti,14.5998204,76.2860374
Chikkammanahatti,14.5456674,76.3105521
Haralakatte,14.38063,76.2334501
Hirebannihatti,14.6168918,76.2804224
Hosakere,14.6151801,76.293516
Kanakuppe,14.5512611,76.2949995
Kechchenahalli,14.5716432,76.3056705
Kelagote,14.5608659,76.2909229
Kodirangavvanahalli,14.3857864,76.2053264
Malemachikere,14.6115376,76.2555601
Medakeranahalli,14.5151685,76.2095088
Rastemachikere,14.5089472,76.2978348
Shettigondanahalli,14.5041958,76.2452945
Siddammanahalli,14.5271091,76.4053076
Alagavadi,14.295354,76.1617509
Bairanayakanahalli,14.5296678,76.2939457
Chikkenahalli,14.2594423,76.2158947
Ishwaranagara,14.3241825,76.1662798
Halerangapura,14.3016047,76.1986608
Kallenahalli,14.5512098,76.2018382
Nellikatte,14.1681398,76.228238
Palakihalli,14.2760726,76.1654135
Palanayakanakote,14.5328993,76.2098656
Tarehalli,14.583547,76.2203067
Anaberu,14.2664762,76.0300051
Avaragolla,14.5114969,75.8775133
Belludi,14.4580921,75.7844696
Bevinahalli,14.3750465,75.7195282
Bisaleri,14.3961881,75.8816564
Bullapura,14.3849954,76.0121736
Chikkabudihalu,14.5023457,75.9093311
Chinnasamudra,14.3593699,76.079702
Dindadahalli,14.3113297,76.0711751
Doggalli,14.5025311,75.8549565
Ganganarasi,14.5570795,75.8394387
Gutturu,14.5399079,75.810408
Hallihalu,14.3833813,75.7002247
Hanagavadi,14.4790908,75.7901214
Harlapura,14.5336978,75.8102605
Honnuru,14.418371,75.9970032
Ichagatta,14.3522763,76.0180352
Jarikatte,14.4105948,75.8639796
Kadlebalu,14.5289469,75.9139542
Kanagondanahalli,14.3581885,75.8570664
Kashipura,14.3107672,75.9691621
Kolkunte,14.3447822,75.9431672
Kudupali,14.4502466,75.5705028
Malalakere,14.2835379,75.9752179
Nagarasanahalli,14.3384326,75.8476591
Nagenahalli,14.4739729,75.7788613
Nanditavare,14.4100184,75.7832679
Naraganahalli,14.3441363,76.0897218
Narasipura,14.4105895,76.0160863
Neralagi,14.3711852,76.0470373
Nirthadi,14.3528322,76.1477898
Obannanahalli,14.3347964,76.0918052
Rajanahalli,14.5081508,75.7606082
Ramatirtha,14.4616669,75.7731587
Ambarakheda,16.7730231,76.6425653
Gogihala,16.8637874,76.6672206
Javalaga,16.9093689,76.6593899
Katamanalli,16.5604623,76.8635839
Mallabada,16.7621662,76.6408885
Nandihalli,16.8454848,76.6514699
Shivapura,16.8026121,76.6354234
Bettadakelaginahalli,14.2678159,77.3214585
Bommatanahalli,14.1156329,77.2557725
Chikkanayakanahalli,14.05097,77.257838
Hosadurga,14.2608929,77.2095258
Jajurayanahalli,14.0508512,77.3241253
Kanivenahalli,14.0644318,77.2973525
Kenchaganahalli,14.1886011,77.2783418
Kenchammanahalli,14.2178284,77.0158403
Kodamadagu,14.0937581,77.3595483
Kotagudda,14.1446528,77.1875646
Kyataganakere,14.2095599,77.3339264
Naliganahalli,14.0977939,77.232419
Palavalli,14.1597689,77.2946042
Sasalakunte,14.2335661,77.0446448
Shailapura,14.1509178,77.1442691
Tapaganadoddi,14.1710954,77.3525988
Timmammanahalli,14.2112309,77.3615571
Appajihalli,14.1884566,77.4348428
Ballasamudra,14.2637707,77.4329502
Byadanuru,14.07815,77.2139574
Husenpura,14.1687854,77.4819397
Kadamalakunte,14.1122441,77.3292213
Kyataganacherlu,14.3108229,77.4062234
Nagenahalli,14.1918838,77.4692976
Rayacharlu,14.2573649,77.4459446
Valluru,14.2869653,77.4201964
Balenahalli,14.0232629,76.6433603
Basappanamalige,14.1395893,76.581272
Bejjihalli,14.0421923,76.9005942
Benakanahalli,14.0436941,76.8726707
Doddabiranahalli,14.1745424,76.8435059
Gannayakanahalli,14.012813,76.6149015
Halagaladdi,14.0904285,76.9263315
Hemadala,14.0195038,76.6561528
Hosakere,14.1141114,76.8810013
Kanajanahalli,14.109861,76.8383012
Kariyobanahalli,14.0464602,76.6106568
Khandenahalli,14.1085692,76.9089568
Madakarinayakanaka Kote,14.1465491,76.5943518
Mallappanahalli,14.0633104,76.6011445
Metikurke,14.0036613,76.5859634
Salabommanahalli,14.0879522,76.6018913
Sondekere,14.1817078,76.5862034
Talavatti,14.1038044,76.560607
Vaddikere,14.1155729,76.5973894
Arava,14.8887573,74.1410873
Gopashitta,14.9118078,74.2107966
Adavihalli,14.7680146,76.0257185
Anantanahalli,14.7657463,75.9485377
Bapuji Nagara,14.7942094,75.9051165
Jittinakatti,14.7064815,75.9840927
Kambhatrahalli,14.7179234,75.9902141
Talavagalu,14.6992885,75.9569039
Taledahalli,14.742098,75.9101755
Agasanahalli,14.6068217,75.1549877
Basavanandihalli,14.4118998,75.2849884
Belagavi,14.3988389,75.2408096
Bennuru,14.5645012,75.1055708
Betakerura,14.5279331,75.3434801
Bilaki,14.4509926,75.2644004
Chikkajamburu,14.3720541,75.325427
Chikkonati,14.5573049,75.3133029
Hire Idagodu,14.5214368,75.1769188
Hirechauti,14.5684381,75.2186382
Hirejamburu,14.3603849,75.2986539
Hosalli,14.5636028,75.1262006
Hulagaddi,14.5854469,75.2060591
Hunasavalli,14.5398536,75.1870193
Huruli,14.5752448,75.1804029
Kodikoppa,14.3651832,75.3118897
Kubaturu,14.5726705,75.1366634
Kuskuru,14.3409322,75.2921434
Lakkavalli,14.5841018,75.1078097
Malagondanakoppa,14.4116234,75.2515737
Mallapura,14.5861192,75.1388594
Mattihalli,14.5522464,75.3477182
Mudidoddikoppa,14.6050657,75.1899079
Muguru,14.599975,75.1194692
Nagihalli,14.3309458,75.3032336
Neralige,14.5835539,75.1489572
Samanavalli,14.5498408,75.1336431
Talagunda,14.4179173,75.2607309
Talluru,14.5450898,75.1739856
Toravanda,14.6139072,75.1703695
Udugani,14.3436938,75.2550471
Ellukkochi,12.4523076,75.3910802
Ajagundikoppa,14.6762228,75.1413185
Alahalli,14.6353597,75.0673685
Aretalagadde,14.6221157,75.0893221
Bankasana,14.5704881,75.0807211
Bannihatti,14.6177379,75.4864906
Bettadakurli,14.4976107,75.1564738
Bilagali,14.6451564,75.0848143
Bisalahalli,14.6049417,75.4890934
Chagaturu,14.5650501,75.0557791
Gendla,14.5032848,75.1074721
Hanaji,14.5597071,75.0553912
Jade,14.5742667,75.0478922
Kamaruru,14.596389,75.0382636
Katenahalli,14.5994425,75.4203989
Katuvalli,14.5478624,75.0929071
Mavakoppa,14.7045042,75.1408488
Shakunavalli,14.6267973,75.1090823
Siddihalli,14.527336,75.1089119
Suranagi,14.6275911,75.0455826
Tadasa,14.6121118,75.4060991
Telagunda,14.5868662,75.0693788
Tumarikoppa,14.5518239,75.0710999
Andavalli,14.3646053,74.9511474
Bommanahalli,14.4885539,75.0786384
Channapura,14.3792031,75.172669
Devatikoppa,14.4066924,75.1608916
Dyavanahalli,14.4984653,75.0655852
Gunjanuru,14.4098699,75.0004741
Halesoraba,14.3922579,75.0785563
Hechche,14.3838668,74.9937078
Jaddihalli,14.5126279,75.0447572
Karadigere,14.3858855,75.0683895
Kerehalli,14.5391881,75.0775292
Kerekoppa,14.4693789,75.0558226
Kodambi,14.4525678,74.9091201
Korakodu,14.4558169,75.1109743
Kulaga,14.4824017,75.057654
Kummuru,14.4156138,75.1280842
Kummuru,14.4680521,75.1269217
Kuppagadde,14.4770903,75.110633
Mangaluru,14.4785094,74.9527363
Oturu,14.4183838,75.1051798
Puttanahalli,14.5135506,75.0717624
Sambapura,14.461091,74.9760147
Sarekoppa,14.4418553,75.0505375
Talaguppa,14.5145392,75.0921784
Tandige,14.3796135,75.0272523
Tavanandi,14.4464498,75.0767319
Tekkuru,14.469391,75.0449146
Uppalli,14.4062382,75.1298716
Uraganahalli,14.3911484,75.1525181
Arikatti,14.5117579,75.354711
Guddada Bennegeri,14.5744012,75.2484166
Bullapura,14.4068209,75.6017614
Channalli,14.4261519,75.3979395
Chapparadahalli,14.3966143,75.4956703
Dammalli,14.5043617,75.3463817
Dudihalli,14.4303997,75.4121034
Gundagatti,14.4151654,75.4383642
Hanchi,14.5308583,75.2406706
Hiremattura,14.4922017,75.4555399
Hiremoraba,14.3988206,75.4767011
Hullatti,14.484549,75.4846798
Ingalagondi,14.4334224,75.4409814
Javalli,14.5233107,75.2764428
Kadenandihalli,14.4270663,75.3687915
Kadura,14.4098484,75.5540903
Kanavishiddageri,14.3931954,75.5255742
Kyatanakeri,14.476135,75.4616307
Nittura,14.5677984,75.2829735
Parvatashiddageri,14.4022496,75.5307978
Satenahalli,14.5745695,75.3137097
Shiragambi,14.4268397,75.4676144
Tadasanahalli,14.428756,75.3398154
Tavaragi,14.4579981,75.4296459
Abalura,14.5195963,75.4076861
Aladageri,14.5487589,75.4877179
Aralikatti,14.5817284,75.4453579
Balambida,14.4661048,75.3798175
Basarihalli,14.4698718,75.414426
Buradikatte,14.4705704,75.3549643
Chikkayadachi,14.4542087,75.483109
Chinnamulagunda,14.5839926,75.3988361
Divigihalli,14.5467527,75.3914406
Doddagubbi,14.452076,75.5107992
Dupadahalli,14.4995145,75.3963988
Jogihalli,14.4635811,75.4470335
Nulageri,14.4968321,75.4137585
Somanahalli,14.4753582,75.4068981
Ujanipura,14.5324452,75.453211
Yalavadahalli,14.539809,75.4730826
Chakenahalli,12.9816961,76.8696242
Bagali,12.1034514,76.9237821
Demahalli,12.0737358,76.9318996
Halepura,12.0132576,76.7584369
Hanumanapura,12.0526557,76.861848
Hyakanuru,12.136162,76.90805
Kamaravadi,12.0820375,76.9454543
Kottegala,12.1673051,76.9527549
Ummatturu,12.0639667,76.9065639
Chittanahalli,13.1847616,76.2375823
Doddenahalli,13.2213027,76.2169284
Nagatihalli,13.1670343,76.2315027
Adaganti,14.3951363,75.3378215
Ambaragoppa,14.2931087,75.3289179
Bhadrapura,14.2482047,75.3603224
Bhogi,14.340678,75.3129959
Chikkajogihalli,14.2175596,75.3545875
Chunchinakoppa,14.2423995,75.3014544
Churchigundi,14.1912828,75.3563751
Gama,14.2297795,75.3400141
Goddanakoppa,14.3034984,75.3696967
Halagalale,14.3465912,75.1095598
Haraguvalli,14.2787733,75.2659993
Hittala,14.1746945,75.3464931
Hulaginakoppa,14.4154386,75.3090709
Isuru,14.2112008,75.3426379
Jakkanahalli,14.2972108,75.2860328
Kappanahalli,14.2618505,75.2963322
Kumbhatti,14.3302898,75.1483773
Kyadigekoppa,14.3660318,75.2340217
Mallapura,14.2330339,75.2948382
Mugalagere,14.3249463,75.3724486
Muttagi,14.4012174,75.3101282
Nelavagilu,14.2949008,75.3729536
Neralagi,14.3708874,75.2715697
Nimbegondi,14.3402675,75.3850087
Shigga,14.3162353,75.1784717
Suragihalli,14.3413627,75.3613279
Tadagani,14.361219,75.2436381
,14.2677212,75.3218071
Bairapura,14.1642215,75.2505463
Balekoppa,14.2613562,75.4182859
Beguru,14.2818409,75.4012727
Belanduru,14.1997732,75.2142249
Chennashettikoppa,14.1160303,75.1806749
Dabbanabairanahalli,14.2937877,75.4232047
Dindadahalli,14.3170483,75.429342
Doddajogihalli,14.2070129,75.3747758
Gautamapura,14.1386639,75.2219783
Hireharaka,14.140559,75.2647074
Huluginakatte,14.2590223,75.4500354
Ittigehalli,14.2328606,75.4176495
Kannuru Inam,14.110122,75.2454915
Muddanahalli,14.2511351,75.4169826
Maravalli,14.3147372,75.4591586
Nallinakoppa,14.243567,75.4736727
Nedaravalli,14.1251991,75.1379336
Shiravala,14.1812612,75.0147241
Taralaghatta,14.2128989,75.3832883
Tyagarti Svasti,14.1834596,75.157796
Tyagarti,14.1886275,75.1740151
Yadehalli,14.0677802,75.2128007
Kannayakanahalli,12.2669287,76.9177096
Amatekoppa,14.268644,75.2878436
Ambligola,14.189706,75.2775875
Banadakoppa,14.3056504,75.086312
Chilanuru,14.3401503,75.0808199
Duguru,14.2609388,75.1027655
Kuppe,14.329726,75.1051401
Kyasanuru,14.2864081,75.0574845
Lingadahalli,14.2060112,75.0788985
Malalagadde,14.2915343,75.0998209
Nisarani,14.3137376,75.0770245
Andige,14.3747425,75.1567261
Bedavatti,14.3686153,75.191876
Chikkamagadi,14.5011996,75.2596375
Haya,14.4945079,75.1291383
Kanasogi,14.469005,75.2420264
Kodakani,14.3746531,75.1232425
Kolagi,14.4743128,75.2260748
Mallenahalli,14.5033184,75.312049
Manamane,14.3489165,75.1940239
Mavali,14.368721,75.168268
Muchadi,14.4997515,75.284614
Shankrikoppa,14.4795728,75.2555924
Togarsi,14.4512558,75.2088535
Yalagere,14.4899167,75.2518828
Yalavalli,14.3592113,75.1803359
Bellura,14.3716272,75.4147111
Bhasi,14.5115228,74.9999511
Hire Budihala,14.5687626,75.46969
Hiremadapura,14.4480956,75.5332307
Khandebagura,14.3838988,75.4680929
Kodamaggi,14.3599108,75.4504169
Kuppagadde,14.6638099,75.0045798
Mavinatopa,14.4815414,75.5335315
Mudi,14.6205884,75.1989129
Nesvi,14.4960121,75.5328682
Nidanegilu,14.3828317,75.3972029
Tippayikoppa,14.373107,75.4498797
Varaha,14.390777,75.3718812
Virapura,14.3784184,75.4258046
Yadagoda,14.4464772,75.5472538
Yattinahalli,14.3603742,75.4627755
Chitturu,14.3110323,75.2475299
Indihalli,14.2921431,75.2484176
Kaisodi,14.2624959,75.1254556
Kavadi,14.3279497,75.2276864
Yalasi,14.3785549,75.0461825
Balegundi,14.1505048,75.1091772
Ili,14.2035106,75.0406436
Keladi,14.2214761,75.0165753
Balamuri,14.2593152,75.6264791
Bikkonahalli,14.0271414,75.5855274
Biranakere,14.0407542,75.5757729
Chatnahalli,14.1020641,75.568234
Gopagondanahalli,14.2552744,75.6103043
Guladahalli,14.3310718,75.4926734
Halliyala,14.354621,75.5340678
Hatturu,14.2426513,75.5985015
Kunchenahalli,14.0545222,75.5549022
Kyatinakoppa,14.0192337,75.6393582
Phalavanahalli,14.1040878,75.5772728
Sogilu,14.0983275,75.5448162
Suguru,14.0083403,75.6633175
Yarehalli,14.242615,75.5942079
Siddarthanagara,16.8585687,77.0000222
Malekallu Tirupathi,13.3289007,76.2727455
Bidarahalli,14.1402793,75.4805556
Chinnikatte,14.1244491,75.4876298
Haranahalli,14.0467075,75.4609304
Hiregonigere,14.3194405,75.6388027
Hubbanahalli,14.0473875,75.4233382
Hunasikatti,14.5977099,75.685054
Joga,14.1403846,75.4526973
Kadadakatte,14.2222023,75.6083601
Kattige,14.2363226,75.5426539
Konagavalli,14.0289964,75.4981839
Madanabavi,14.1826875,75.6074948
Madenahalli,14.2375334,75.5584892
Maisavalli,14.0293715,75.4715985
Muduvala,14.0454811,75.4927496
So. Mallapura,14.2573991,75.594117
Suragondanakoppa,14.113758,75.4589451
Tyajavalli,14.0337181,75.5058258
Yarekoppa,14.0175825,75.4939745
Arashinaghatta,14.0784777,75.7646562
Bannikodu,14.335688,75.8000855
Daaginakatte,14.2004905,75.7842183
Belalagere,14.2488028,75.8416785
Chikkuda,14.1324183,75.9550903
Ghantyapura,14.2484561,75.7206139
Hanumanahalli,14.1562654,75.7294951
Ittigehalli,14.0637798,75.771145
Kagaturu,14.1228463,75.9185888
Kanchugaranahalli,14.1756579,75.7705637
Kasettihalli,14.2638798,75.839558
Komaranahalli,14.1262371,75.8248329
Kondadahalli,14.1269427,75.9628013
Maidolalu,14.029844,75.7498817
Mallapura,14.034442,75.740955
Malligenahalli,14.0267845,75.7663717
Muktenahalli,14.3239687,75.8400014
Nimbegondi,14.0830609,75.7455264
Saidarakallahalli,14.1052035,75.7621656
Siddapura,14.1051774,75.8693658
Tilinirukatte,14.0759817,75.8617318
Arakere Vijayapura,14.2969706,75.7164082
Ujjanipura,14.1825345,75.7059005
Yarechikkanahalli,14.3175879,75.7965934
Aralikatte,14.1213648,76.0222762
Bannihatti,14.0558596,75.9338789
Belliganudu,14.1895533,75.9782768
Benkikere,14.0200571,76.0029495
Bhimanere,14.2224891,75.9838069
Bussenahalli,14.0405087,75.9253688
Chikkabbigere,14.1844679,76.0329283
Doddabbigere,14.1669078,76.0425408
Garaga,14.046082,75.9586322
Hiremallapura,14.1785658,75.9403443
Hatti,14.0999606,75.9230768
Hebbalagere,14.0270581,76.0221594
Honnanaykanahalli,14.0394665,75.9704746
Iraganahalli,14.2283977,75.9461468
Kakanuru,14.1318286,75.9867771
Kulenuru,14.1382807,76.017858
Navilehalu,14.2172477,75.9057656
Nitigere,14.1024564,75.993713
Nuggihalli,14.1096899,75.9899023
Ramagondanahalli,14.1119369,75.9524925
Ramenahalli,14.0729773,75.9856476
Shettihalli,14.0389017,76.041981
Maladevihalli,13.2253726,76.2092432
Belavattahalli,13.2015563,76.2380326
Byalekere,13.2448149,76.1879553
Chikkalinganahalli,13.2478278,76.1352391
Deshani,13.2782871,76.163784
Doddahatti,13.1899971,76.1792408
Govinapura,13.2640947,76.1872566
Guttinakere,13.2404125,76.2402547
Halekalyadi,13.2436655,76.154059
Handralu,13.2808617,76.1268159
Haranahalli B Thandya,13.2350201,76.195107
Haralahalli,13.2314347,76.1674661
Jadaghatta,13.1904307,76.2167989
Joganahalli,13.1678436,76.2458943
K. Diggenhalli,13.2694012,76.1618195
Kalyadi,13.2367498,76.1505431
Kamalapura,13.2347665,76.1870322
Karagunda,13.2500086,76.1888532
Madapura,13.2572663,76.1747648
Makanahalli,13.2344291,76.2479387
Mattihalli Koppalu,13.1664536,76.1750751
Murundi,13.283009,76.2214824
Mutikere,13.1688726,76.160797
Nagenahalli,13.2283182,76.1902476
Naikarhatti,13.2479302,76.1295099
Rangapura Kavalu,13.2087838,76.1745827
Rangapura,13.1814963,76.1672446
Rangenahalli,13.204943,76.1698598
Singatagere Palya,13.2454595,76.1462038
Singatagere,13.2458174,76.1430133
Vaderahalli,13.252576,76.1797593
Vrundavanahalli,13.2324283,76.1601428
Yarehalli,13.2568727,76.2369156
Aiyyanahalli,14.1629885,76.1040888
Basavapura,14.1542101,76.2382149
Chikkandavadi,14.1368956,76.177032
Hiriyuru,14.2133684,76.0796716
Kaduru,14.1376633,76.1034744
Kalagatta,14.1851876,76.0910935
Rampura,14.2721371,76.1243464
Shrungeri Hanumanahalli,14.14654,76.1224994
Hale Kallanayakanahalli,13.325357,76.2272494
Kalanakoppalu,13.3202994,76.2290606
Katikere,13.3217317,76.2352137
D. Kallahalli,13.2907759,76.1691906
Kenganahalli,13.2901341,76.1493474
Mudanahalli,13.293209,76.1778135
Shankaranahalli,13.3153947,76.2198346
Singanahalli,13.3034415,76.146194
Tirupatihalli,13.3178845,76.1242251
Yadapura,13.3018186,76.2162436
Kadehalli,13.1653623,76.1840335
Kommaraghatta,13.156648,76.1785545
Niragunda,13.138645,76.1753894
Ranjihalli,13.1589999,76.1883556
Jobigenahalli,13.1981306,76.3242946
Ugranahalli,13.1696987,76.3469555
Ramapura,15.2593204,75.0747571
Pangala,13.2593837,74.7458067
Akkatangerakatte,14.0757384,75.6986379
Arehalli,14.1497352,75.6239749
Danihalli,14.1621965,75.5938664
Kodachagondanahalli,14.1531689,75.6044476
Kodatalu,14.1198406,75.5250757
Machagondanahalli,14.1116983,75.5028052
Madapura,14.1204401,75.5074156
Madikechiluru,14.0671624,75.6934225
Baluru,14.2490332,75.5089983
Doddadanavandi,14.0261996,75.4105574
Dupadahalli,14.255631,75.3739146
Dyavanakere,14.0182244,75.3987544
Harogoppa,14.175895,75.4237407
Hirekoralahalli,14.1615044,75.4083126
Kaginalli,14.2840471,75.5018238
Kengatte,14.2507848,75.403743
Adagadi,13.9977567,75.4103191
Nandihalli,14.2314074,75.3707734
Ragihosalli,14.0237646,75.3900744
Rameshvara,14.1812001,75.5366298
Sanklapura,14.3033061,75.4316779
Timlapura,14.2449764,75.37872
Yaraganalu,14.1676355,75.5353156
Amachi,14.2256646,75.0836306
Vitagondana Koppa,14.0636183,75.4475196
Balekoppa,14.060827,75.4222357
Chikkamarasa,14.0640944,75.4126789
Choradi,14.0733136,75.3502198
Harogoppa,14.1553002,75.091726
Kesavinakatte,14.0626768,75.4583414
Mallapura,14.0950636,75.5051035
Siddapura,14.1324174,75.455377
Agasavalli,13.9082341,75.5253492
Basavapura,13.8896962,75.5044483
Bilguni,13.9709433,75.4049188
Channahalli,13.9872766,75.4526436
Doddamatli,13.9736851,75.382694
Hanchina Siddapura,14.0136797,75.8181428
Harakere,13.9014234,75.5619307
Hasudi,13.9223896,75.6452973
Holehatti,14.0073317,75.7360748
Hosuru,14.0011195,75.4354145
Ittigehalli,13.9768316,75.4381499
Kachikoppa,13.9760593,75.4160068
Kanasinakatte,14.0082778,75.7049711
Muddinakoppa,13.9961181,75.4926905
Pugatekoppa,14.0169931,75.463594
Sanyasikodamagge,14.0447708,75.6978631
Shirigere,13.9641213,75.424136
Sidlipura,14.0192836,75.6808854
Anigere,12.6602616,77.129437
Belakere,12.6286058,77.1343033
Byadarahalli,12.6825556,77.122139
Chakkere,12.6100353,77.1711855
Chikkamaluru,12.6475839,77.1851638
Hottigana Hosahalli,12.6235278,77.1792648
Huluvadi,12.6728575,77.1324492
Kudluru,12.6130983,77.1877704
Kuranagere,12.6092384,77.1447245
Maluru,12.6469363,77.1801679
Malurupattana,12.5961533,77.1835468
Mankunda,12.6651201,77.1422119
Patlu,12.6781019,77.18452
Sankalagere,12.6291947,77.1629384
Bidare,13.898852,75.6444913
Biranahalli,13.9568799,75.6739116
Chikkakudli,13.9764745,75.6784357
Dummalli,13.8865809,75.613186
Gaudanayakanahalli,13.9305751,75.6776115
Harobenavalli,13.9498883,75.6613496
Javalli,13.9620795,75.6503443
Kachinakatte,13.853966,75.5874632
Katikere,13.9419492,75.6937213
Malavagoppa,13.8986262,75.6220325
Malenahalli,13.9171524,75.7033871
Nidige,13.8872337,75.6300258
Pillanagiri,13.9520315,75.6441176
Sadashivapura,13.9186471,75.6654058
Santekaduru,13.8840083,75.5894922
Shettihalli,13.931573,75.691196
Sogane,13.871288,75.6154786
Taraganahalli,13.9694484,75.6704648
Yalavatti,13.9190098,75.6301743
Aggunda,13.3227102,76.2974063
Bommenahalli,13.320975,76.2891434
Undiganalu,13.2563807,76.1255375
Aralihalli,13.8939528,75.7475184
Bhadrakaloni,13.8677156,75.7268426
Donabaghatta,13.8935919,75.6989387
Ganguru,13.7771994,75.6895258
Gaudarahalli,13.8767808,75.7102441
Hiriyuru,13.8027889,75.6741921
Kallahalli,13.8401704,75.6393913
Lakkinakoppa,13.8397116,75.5993135
Tadasa,13.9071803,75.7051631
Antaragange,13.8324121,75.7456177
Arabilachi,13.9429557,75.7521295
Arahatolalu,13.9798667,75.7376385
Arakere,13.9512478,75.7714611
Danavadi,13.9508889,75.7886179
Hosahalli,13.9232732,75.7402053
Kalpanahalli,13.9231338,75.7480133
Kudligere,13.9197164,75.76503
Marashettehalli,13.9594688,75.7441399
Mudalavithalapura,13.971608,75.7124565
Tallikatte,13.9132637,75.717592
Gundatturu,11.942694,76.2466141
Kandegala,11.9482849,76.3609341
Moleyuru,11.8637071,76.3712738
Uyyamballi,11.949319,76.3419366
Aladahalli,13.7201346,76.1996908
Duglapura,13.7161716,75.7478388
Bhavikere,13.7258924,75.7173999
Karakuchchi,13.744762,75.6735958
Kodihalli,13.7898141,76.202873
Kondajji,13.7345778,76.1987846
Marabagatta,13.7460283,76.1848034
Masarahalli,13.8127852,75.7301824
Sanihalli,13.7768389,76.1600929
Tyagadakatte,13.8275017,76.0566082
Yagati,13.6144208,76.149874
,13.7432825,76.1650283
Agasanakatte,14.436429,76.0301345
Aiguru,14.448661,76.0045766
Kadajji,14.5035078,75.9802906
Avverahalli,12.9140468,76.5855742
Baddikere,12.9820737,76.5154661
Balaganchi,12.9859087,76.6179412
Banduru,13.2848296,76.0978325
Belagihalli,12.974128,76.5517717
Bogarahalli,13.1112935,76.1357548
Byadarahalli,12.8811069,76.5734848
Chikkakadaluru,13.071135,76.1918234
Chikkakondagula,13.0272478,76.0899857
Doddakondagula,13.054261,76.1141942
Dudda,13.0789066,76.2149003
Gyarahalli,13.050835,76.0982207
Hirekadaluru,13.0883958,76.1916366
Honnashettihalli,12.9986719,76.5921836
Jinnenahalli,12.9847094,76.5727556
Jodi Krushnapura,13.0752988,76.1591679
Kanchamaranahalli,13.0697395,76.1081754
Kirisave,12.9561061,76.5819154
Kodihalli,13.2635565,76.0819992
Kyatanahalli,13.0728174,75.9981965
Mailanahalli,13.0868892,76.173921
Matigatta,12.9047208,76.5605645
Mudlapura,13.0709614,76.121616
Muttatti,13.1146933,76.1458061
Bannihatti,14.0005381,76.007838
Bommanakatte,13.9984755,76.1924235
Channasamudra,13.7773195,76.2823066
Dasikatte,13.9674223,76.109943
Devarahosahalli,13.9348185,76.0783359
Gollarahalli,13.9275962,76.182951
Guttikatte,13.8553388,76.2258827
Honnekere,13.8033914,76.226864
Idehalli,13.9750161,76.187554
Jantikolalu,13.8599711,76.2111093
Kenchapura,13.9233931,76.0804841
Lokadolalu,13.9917068,76.2045526
Malahalu,13.9535139,76.017708
Muddapura,13.8815294,76.1031467
Nagenahalli,13.8180445,76.2225929
Ramagiri,13.9535932,76.122208
Rangapura,13.9903559,76.111404
Santenahalli,13.9686677,76.2147158
Singenahalli,13.8995871,76.0724766
Talikatte,13.9563265,76.0847889
Tirumalapura,13.9760574,76.2009794
Tuppadahalli,13.9160488,76.064195
Agrahara,13.8998905,76.9816105
Ambalagere,14.0430897,76.6839315
Bhuvanahalli,13.7582287,76.8544684
Burujanaroppa,14.1223244,76.4989604
Byadarahalli,14.013386,76.7100828
Channanakunte,13.746387,76.9408
Devarakotta,14.0321056,76.7280085
Gopikunte,13.9181378,76.9908815
Guyilalu,14.0497824,76.5615862
Hulitotlu,14.0222778,76.5358365
Kadirehalli,13.940176,76.9921241
Kalamarahalli,14.1058322,76.7643358
Kalavibagi,14.0903547,76.6291879
Karekyatanahalli,13.8760825,76.9983608
Kotta,13.7929433,76.9241899
Mudigere,13.7227786,76.8683427
Ragalahalli,13.8729643,76.9849087
Rangenahalli,14.0881305,76.7084961
Suragondanahalli,14.0143893,76.5444754
B N Tanda,16.7408615,76.6658059
Baderdoddi,16.6469515,76.7182938
Bangala Tanda,16.6646969,76.7254289
Buddu Nayka Tanda,16.7548592,76.6863332
Chandrakaladoddi,16.6628954,76.7369834
Dorigudda Tanda Ukkanal,16.7315558,76.666173
Gogi Gangunaik Tanda,16.6809063,76.7383998
Kakkasagera Tanda,16.6751073,76.6861287
Kalunaik Tanda,16.7354207,76.6623077
Melin Tanda,16.6774961,76.7337313
Nadihal,16.7252867,76.6266923
Naganatagi Tanda,16.6814268,76.7446863
R. N Tanda Ukkinal,16.7621681,76.6738572
Umalanayak Tanda Ukkinal,16.7425017,76.6752207
Umaradoddi,16.6716282,76.7917205
Bandakunte,13.8169805,76.8908438
Bettanahalli,13.9523169,76.8555398
Bhutakatanahalli,13.8037912,76.8688659
Boranakunte,13.9084008,76.7178527
Changavara,13.9382222,76.8570747
Chikkabanagere,13.9795928,76.9525374
Devarahalli,13.7873671,76.8651115
Gonihalli,13.9012246,77.0155367
Gorladaku,13.8790763,76.7312878
Hulikunte,13.9815425,76.9221052
Huvinahole,13.9854249,76.7563067
Kaggaladu,13.8137322,76.8578921
Kodihalli,13.9620634,76.8130754
Kundalagura,13.9312725,76.7457406
Kyadigunte,13.9254809,76.9144641
Myadanahole,13.9503792,76.7612412
Naduru,13.8765452,76.9282296
Badamaranahalli,13.9166892,77.0151145
Shyasamaru,13.9744039,76.8839845
Sorekunte,13.7475646,76.8416607
Yadaladaku,13.9397576,76.9294857
Yanjalagere,13.9630856,76.8920278
Kodlahalli,13.9872053,76.7184734
Samudradahalli,13.9521309,76.7511035
Uppalagere,13.9548831,76.716601
Chamalapura,12.4776704,76.4208916
Degganahalli,12.5116158,76.4223982
Kallahalli,12.4595819,76.4466993
Kanuganahalli,12.504168,76.4218224
Sautanahalli,12.4496433,76.4413049
Tippuru,12.4916877,76.4204175
Virupasandra,12.5284702,77.3484746
Alambadi Kaval,12.5641191,76.4175152
Alambadi,12.584401,76.4058502
Arjunahalli,12.5299449,76.3837242
Chikkavaddaragudi,12.5324506,76.3736154
Galigekere,12.5316768,76.4033219
Hosaagrahara,12.5653767,76.3744164
Hosamudlapura,12.5774167,76.3881411
Jainahalli,12.5843865,76.3777532
Kanchinakere,12.5463585,76.3841378
Kattekyatanahalli,12.5598702,76.4498406
Manchanahalli,12.5131512,76.3972834
Sangapura,12.5432449,76.4286791
Somanahalli,12.5595267,76.4305352
Somanathapura,12.5784014,76.4479876
Kodihalli,13.3046815,76.0718024
Kolagunda,13.3421917,76.1166551
Mosale,13.3275104,76.0947424
Nerlige,13.3500568,76.0676067
Timmanahalli,13.3403992,76.0613871
Basavanahalli,13.110635,77.3874479
Jakkanahalli,13.1798377,77.3447811
Kanegaudanahalli,13.1296991,77.3842693
Mailanahalli,13.1333165,77.3985381
Teppada Beguru,13.146165,77.3346451
Bharampura,14.0636312,76.4922564
Hulluru,14.1749935,76.3131841
Kakkeharavu,14.0880761,76.3625482
Obavvanagatihalli,14.2881068,76.2326674
Palavvanahalli,14.1450228,76.4796126
Yarehalli,14.0627513,76.4345092
Bugaduru,14.1880221,77.3969649
Gaudeti,13.9288173,77.3761579
Gummaghatta,13.9636985,77.4315259
Karekyatanahalli,14.142526,77.2065247
Murarayanahalli,13.9663986,77.3574655
Pendlijivi,14.1671853,77.3927559
Shrirangapura,14.1536583,77.3557293
Sunkarlakunte,14.0740661,77.3485574
Megalapalya,14.2617088,77.1588653
"Achchammanahalli,",14.2545172,77.4667847
Bhimanakunte,14.303294,77.2124893
Bommaganahalli,14.2214431,77.292987
Gaudatimmanahalli,14.3150406,77.1687689
Inturayanahalli,14.2921588,77.4291665
Nagalapura,14.3167301,77.2680668
Nilammanahalli,14.2291718,77.2674968
Ponnasamudra,14.1871732,77.230481
Siddapura,14.298341,77.1494449
Tippaganahalli,14.2450792,77.1703909
Singaripura,12.067144,76.7269493
Madarahalli,12.0689736,76.7149072
Arasikere,14.0843628,77.0422802
Bellibatlu,14.1508884,77.1304221
Channammanagatihalli,14.3076686,76.809123
Chennakeshavapura,14.0541402,77.1660545
Devalakere,14.1174396,77.1443609
Doddenahalli,14.1776636,77.0797713
Hanumantanahalli,14.2090553,77.169257
Hariharapura,14.046273,77.1523505
Hottebommanahalli,14.1618492,77.0543229
Jangamarahalli,14.1019927,77.0830183
Karekyatanahalli,14.0606105,77.1025029
Kodigehalli,14.139962,77.0416814
Kondethimmanahalli,14.114466,77.125796
Kotturu,14.0281685,77.153461
Kyataganahalli,14.1564308,77.040857
Lingadahalli,14.1882016,77.0452806
Madde,14.0530361,77.0851762
Marammanahalli,14.294581,77.128777
Muddaganahalli,14.1499323,77.0303459
Nidagal Palya,14.1481922,77.084561
Nyayadagunte,14.1395663,77.0570026
Polenahalli,14.230521,77.0187554
Purlahalli,14.284583,76.7981939
Rangasamudra,14.1760178,77.0893758
Shrinivasapura,14.0086302,77.352958
Tippayyanadurga,14.2261989,77.1543955
Vadanakallu,14.1759944,77.0551445
Venkatapura,14.0141791,77.3683066
Kallahalli,14.2488228,76.5160256
Kasavanahalli,14.2042644,76.5173044
Muttinakoppa,13.7239346,75.4700144
Baragenahalli,13.6871164,75.7046981
Chikkasandhi,13.8857877,75.943469
Gangagondanahalli,13.8802578,75.9906735
Halasuru,13.7008766,75.6841027
Jammapura,13.9129459,75.9803482
Nandi,13.6434094,75.8556266
Nandibattalu,13.5966664,75.7818789
Sunnadahalli,13.6645407,75.854739
Udeva,13.5605207,75.8324105
Davadabetta,14.0726352,77.1915093
Gorlattu,14.1354912,76.7808871
Junjaragunte,14.301286,76.8512748
Korlakunte,14.2928054,76.8979026
Vidupanakunte,14.3214087,76.7493693
Biligere,12.1520769,76.8017757
Devarasanahalli,12.0973092,76.6905132
Gikahalli,12.1146636,76.7146588
Kiragunda,12.1198901,76.7976322
Mallupura,12.1226465,76.7706697
Mulluru,12.1342586,76.7196375
Uppinahalli,12.0802441,76.6924565
Belle,13.2777688,74.8118686
Shankarapura,13.2603426,74.771238
Kurkalu,13.2727341,74.770084
Majuru,13.2266328,74.7675617
Mudubelle,13.2787482,74.8253725
Arasanagatta,14.1275765,76.2013781
Chikka Emmiganuru,14.1073991,76.0836731
Dogganalu,14.0185863,76.0731547
Dummi,14.0282673,76.0650985
Emmiganuru,14.1181569,76.0577644
Gundimadu,14.0507629,76.1228318
Hulemalali,14.0832395,76.1108951
Kalkere,14.0023593,76.0610263
Kamanahalli,14.1157454,76.0421854
Kambadahalli,14.0511228,76.7293501
Kengunte,14.0481988,76.0878222
Kodagavvalli,14.1111439,76.1129756
Kotehal,14.1154811,76.1359252
Kunigali,14.0676228,76.1223498
Malladihalli,14.0387304,76.0915541
Ramaghatta,14.0830097,76.0644949
Shivapura,14.0675353,76.101508
Kyatanahalli,12.4566425,76.6518895
Nelamane,12.4698472,76.6994245
Adavisangenahalli,13.7531916,76.2536816
Ailapura,13.8310414,76.2026886
Anivala,13.8261006,76.1699722
Attigatte,13.7694826,76.330675
Attimage,13.829959,76.3833838
Ballekere,13.8210536,76.1401164
Benakanahalli,13.8880022,76.3085071
Bisanahalli,13.9061315,76.2115155
Bokikere,13.779541,76.2551538
Buradekatte,13.8267887,76.1302117
Chikkayagati,13.8570032,76.1620864
Devapura,13.8674841,76.3082412
Devigere,13.8726365,76.2272514
Doddaghatta,13.9115018,76.2837013
Duggavara,13.9747086,76.2597808
Ghattihosahalli,13.9945025,76.2860998
Giddanahalli,13.9565417,76.2987163
Hebballi,13.8827613,76.1944724
Heruru,13.8876853,76.2108528
Honnenahalli,13.8524682,76.2990424
Hunavinadu,13.8200051,76.3229902
Janakallu,13.90933,76.3151454
Kallahalli,13.8920325,76.2359463
Kallodu,13.7556682,76.3136242
Kappagere,13.8006762,76.342773
Kumminaghatta,13.9818457,76.2980338
Kurubarahalli,13.8020484,76.3152351
Machenahalli,13.7613154,76.2572864
Madadakere,13.8909022,76.3851998
Madhure,13.8361681,76.233905
Mallappanahalli,13.8622641,76.1405122
Mantenahalli,13.8425403,76.209533
Mavinakatte,13.9058467,76.2230283
Paledahalli,13.8072858,76.1848153
Shettihalli,13.7951943,76.171638
Shiranakatte,13.8871023,76.4264959
Uganekatte,13.9333371,76.2145014
Adivala,13.9121685,76.6616807
Aluru,13.9524329,76.6660379
Babburu,13.9599846,76.6275646
Budipura,13.9960625,76.3529397
Dodda Kittadahalli,13.9491218,76.3683898
Gaudanahalli,13.8637891,76.6347991
Hindasakatte,13.8423847,76.5804547
Hosayalanadu,13.969488,76.6825446
Huchchavvanahalli,13.9617032,76.6151675
Ikkanuru,13.9315697,76.7842202
Kasavanahalli,13.9553666,76.6976234
Kasturi Rangappanahalli,13.8810883,76.7116916
Kenkere,13.9217478,76.3811091
Kunikere,13.9366574,76.5605333
Kurubarahalli,13.9050286,76.5184948
Lakkihalli,13.9286725,76.4458218
Mallapura,13.8642321,76.4000538
Mallenu,13.9821803,76.6745158
Maskal,13.9867129,76.6904556
Mayasandra,13.9622816,76.5626409
Myaklurahalli,13.991674,76.6060707
Nakikere,13.9775402,76.3537028
Pillahalli,13.9336355,76.6885307
Sanna Kittadahalla,13.9461343,76.3813229
Tavandi,13.992228,76.5489727
Yalanadu,13.9683328,76.7050253
Ajjikamsagara,13.7625952,76.3870289
Alagatta,13.6801249,76.2499967
Aralihalli,13.7066487,76.3415361
Arehalli,13.7959468,76.3950967
Bukkasagara,13.7145968,76.4181389
Chikkatekalavatti,13.7240992,76.4031514
Doddatekalavatti,13.7039972,76.3860939
Gollarahalli,13.6924445,76.3005587
Guddada Neralakere,13.7863534,76.4674982
Hagalakere,13.7378344,76.3345778
Kabbala,13.665074,76.3118028
Kainadu,13.678396,76.3815268
Kalkere,13.7029168,76.316578
Kappanayakanahalli,13.7698161,76.4276028
Karehalli,13.7533647,76.3757009
Mallenahalli,13.6614222,76.2947375
Mattodu,13.7723071,76.4038288
Matturu,13.6693943,76.2695052
Menasinadu,13.7441488,76.3448996
Mettinahole,13.7500502,76.3021179
Nagatihalli,13.81048,76.4554777
Tumbinakere,13.6809635,76.3470931
Adivala Farm,13.922103,76.6504553
Dindavara,13.8039296,76.6517278
Gopikunte,13.9250362,76.9652553
Hosahalli,13.916034,76.9416123
Hulugalakunte,13.8983805,76.59607
Javanagondanahalli,13.8372676,76.746079
Mavinamadu,13.7544228,76.6773982
Naragondanahalli,13.9738476,76.9828888
Obalapura,13.7912343,76.6925456
Pilalli,13.7547679,76.6541314
Rangapura,13.8310531,76.6277747
Somerahalli,13.9008302,76.6088161
Yalladakere,13.7863108,76.5682294
Ganadahunase,13.7687103,76.7441995
Honnenahalli,13.8517332,76.8420847
Hosahalli,13.6346194,76.7493596
Kilaradahalli,13.6528656,76.7926983
Kumbarahalli,13.6319312,76.800773
Lakkavanahalli,13.9931759,76.8497496
Melekote,13.8325332,76.7839953
Pura,13.6683683,76.736852
Ranganahalli,13.7534554,76.7836182
Sakshihalli,13.6334425,76.7931386
Shakadadu,13.7284058,76.7920571
Vajarahalli,13.9818626,76.8686607
Yaliyuru,13.695438,76.9250588
Adigere,13.6698237,76.0875814
Antaragatte,13.7343062,76.1248561
Arehalli,13.6428108,76.0925226
Asandi,13.7135553,76.0932504
Basavapura,13.81643,76.1062372
Bisalere,13.6319309,76.0867205
Chikkanalluru,13.7057678,76.0630037
Chiranahalli,13.8530209,76.0190826
Danduru,13.8426395,76.0313428
Gadihalli,13.7699128,76.0583899
Giriyapura,13.6858988,76.0451658
Hirenalluru,13.6706826,76.0410587
Hulihalli,13.7532966,76.12255
Kalkere,13.6973466,76.1517475
Kallenahalli,13.8560141,76.045288
Kamanakere,13.6321729,76.0387676
Katiganere,13.743158,76.0413427
Mallenahalli,13.7165734,76.0496932
Mugali,13.7525153,76.0659036
Narasipura,13.6494023,76.0371725
Sollapura,13.721093,76.0572795
Dodda Agrahara,13.6298005,76.8904714
Battiganahalli,13.6074893,76.8814177
Chikka Agrahara,13.609838,76.8621828
Chikkanahalli,13.6653908,76.9292642
Gaunahalli,13.9943911,76.4857061
Hanumanahalli,13.8368251,76.8927358
Heruru,13.9040389,76.7666369
Honnenahalli,13.697585,76.8513182
Hunasekatte,13.6825554,76.7525538
Kadavigere,13.6738709,76.9302461
Kaluvarahalli,13.8783714,76.7995305
Kurubarahalli,13.6918671,76.7511875
Mosarakunte,13.8111709,76.8058945
Yaradakatte,13.9837178,76.5845792
Yaramadanahalli,13.6145364,76.8990433
Alambadi,12.8930484,77.8861124
Dudavanahalli,12.8576271,78.0473169
Jayamangala,12.9146106,77.9022502
Kanchala,12.8711175,78.0433976
Sampangere,12.8735881,77.8842845
Attigatte,13.8088794,75.9604471
Attimogge,13.7305679,75.9920268
Bukkambudi,13.8221587,75.9807498
Byadarahalli,13.3909443,75.9214779
Danayakapura,13.7992721,75.9790532
Hulikere,13.3877772,75.9578187
Koduvalli,13.2604133,75.6914619
Masanikere,13.8544467,75.9813835
Mavinakere,13.808362,75.7644672
Nagenahalli,13.4172763,75.951319
Timmapura,13.78033,75.9893714
Balekatte,13.8339748,75.80693
Bandigudda,13.8845315,75.8357812
Makanahalli,13.7145956,75.9274825
Durvigere,13.8224057,75.9428255
Ganguru,13.8487026,75.8307761
Gonibidu,13.7501208,75.647904
Hadikere,13.7547246,75.8320316
Honnehatti,13.7664061,75.6559579
Hunasaghatta,13.7386411,75.9175055
Ittige,13.7383573,75.8001924
Kallattipura,13.5611672,75.790649
Kuntinamadu,13.7582432,75.8680981
Nagenahalli,13.7560059,75.8493255
Neralekere,13.7401687,75.8743317
Samatala,13.7234721,75.8547539
Bettadahalli,13.694411,75.8809486
Ubrani,13.8519585,75.9159097
Vithalapura,13.7600007,75.8856276
Annapura,13.7756478,76.0728312
Annigere,13.556851,76.1542105
Bhairagondanahalli,13.6266209,76.1895758
Bittenahalli,13.5378281,76.3081177
Chaulahiriyuru,13.6876601,76.2025078
Chikkaballekere,13.6751911,76.1356285
Chikkabasuru,13.5899837,76.0673986
Ganganahalli,13.5805081,76.2999569
Garaga,13.6294743,76.3506668
Garje,13.6016564,76.1156313
Garugadahalli,13.5642181,76.2740794
Giriyapura,13.7618037,76.470454
Gollarahalli,13.6951431,76.4149571
Guddehalli,13.597601,76.1709086
Gummanahalli,13.7170647,76.1406982
Harenahalli,13.5945185,76.3041867
Harenahalli,13.6617412,76.4320123
Heggere,13.6064693,76.4375439
Hireballekere,13.6647739,76.1117285
Hochihalli,13.6138364,76.237955
Jakkanahalli,13.6304937,76.222579
Kedigere,13.6629188,76.057752
Kodihalli,13.6287388,76.3062529
Kunkanadu,13.5916337,76.2491267
Kurubarahalli,13.6064943,76.3799614
Mengasandra,13.6838872,76.4196233
Mugalikatti,13.5765252,76.1674683
Nandipura,13.7862464,76.079986
Niduvalli,13.5612002,76.3164268
Obalapura,13.6229531,76.4427315
Panchanahalli,13.5519924,76.3330213
Pura,13.6252179,76.1476468
Kodihalli,13.6339424,76.1206581
Shiraganahalli,13.7913121,76.0650386
Tandaga,13.6071812,76.3536216
Timlapura,13.5351815,76.3294181
Udugere,13.5904603,76.1939605
Vakkalagere,13.6533916,76.2380189
Vengalapura,13.6533048,76.4516928
Yalagondanahalli,13.5607956,76.0947659
Yallambalase,13.5719049,76.1076921
Bedarapura,11.9628218,76.8821595
Chandakavadi,11.928942,77.0066918
Galipura,11.91367,76.9357979
Haradanahalli,11.8766221,76.9541807
Heggothara,11.9696723,76.859858
Karinanjanapura,11.9163974,76.9551589
Kudluru,11.9555136,76.9753497
Ramasamudra,11.9330943,76.9630086
Shivapura,11.9068522,76.8902127
Uttavalli,11.9153023,76.9133235
Chikkahulikunte,13.9825155,76.9330987
Dabbegatta,13.6752834,77.1266477
Dodderi,13.6795542,77.0926156
Gundagallu,13.7320875,77.4288314
Gutte,13.7447327,77.3870747
Hale Itakaloti,13.8243677,77.3711549
Hosa Itakaloti,13.8127982,77.3634161
Jakkenahalli,13.7163417,77.064062
Kasinayakanahalli,13.7984775,77.4458752
Maidanahalli,13.7424628,77.3644975
Masarapadi,13.780116,77.4006575
Musakaloti,13.9755791,76.8931869
Partihalli,13.7740155,77.4469318
Polenahalli,13.7903926,77.4024981
Pulamachi,13.8329374,77.2721471
Ramanahalli,13.9615706,76.9663401
Shivanagere,13.7231496,77.0620448
Shrinivasapura,13.8233952,77.2701114
Sidadaragallu,13.6540732,77.0858096
Suddekunte,13.7839257,77.369244
Teriyuru,13.7626717,77.4194543
Timmallapura,13.6438901,77.1183946
Tingaluru,13.695967,77.4431461
Tippapura,13.7787467,77.3311762
Vengalammanahalli,13.7832982,77.4413924
Yakarlahalli,13.7180265,77.4497713
Yalkuru,13.7831279,77.2942622
Aiyyanahalli,13.8825038,77.1842214
Bedatturu,13.8527837,77.2290407
Benakanahalli,13.8518683,77.187641
Hanumantapura,13.8326076,77.2345242
Kyatagondanahalli,13.8788881,77.2360772
Mallanayakanahalli,13.8930229,77.1810096
Mayagondanahalli,13.7454,77.1214084
Shimanthuru,13.0897724,74.8129671
Basavanahalli,13.6821094,77.2051672
Brahmasamudra,13.7599698,77.2558102
Chandanaduru,13.6768984,77.4464104
Chunchenahalli,13.7204411,77.2841398
Doddahosahalli,13.6680657,77.3069062
Giregaudanahalli,13.7333955,77.3009
Gondihalli,13.6859296,77.2835152
Gulahalli,13.8036365,77.2919617
Hampasandra,13.6641395,77.4256156
Hunasavadi,13.638437,77.3560968
Jogihalli,13.6911253,77.3669574
Kamsanahalli,13.6779827,77.3531914
Kodagadala,13.6186792,77.2981971
Kodlapura,13.7074276,77.313827
Nitrahalli,13.6327226,77.3213497
Puravara,13.6883147,77.3048152
Ranganahalli,13.6129998,77.3489193
Reddihalli,13.7285632,77.3681642
Shravandanahalli,13.6846898,77.4260861
Siddapura,13.670341,77.1974232
Tadi,13.8441907,77.3092319
Tayigondanahalli,13.6543935,77.1545732
Yaragunte,13.762394,77.2908912
Akkirampura,13.5642083,77.3035295
Arasapura,13.5956811,77.3456198
Baichapura,13.5823579,77.3259283
Hosahalli,13.5774089,77.3173337
Kyashavara,13.6025497,77.304566
Marabahalli,13.6273744,77.2613226
Palyadahalli,13.6630987,77.2283184
Shettihalli,13.640449,77.2588818
Barakanalu,13.5744206,76.5951831
Bellara,13.6159651,76.6734193
Bhattarahalli,13.5888979,76.4657985
Dabbagunte,13.664953,76.6462628
Dasudi,13.6934828,76.6171069
Ganadalu,13.6260166,76.6002535
Guruvapura,13.6490079,76.5848156
Hoysalakatte,13.6181454,76.6437931
Kallenahalli,13.6403233,76.6414623
Kenkere,13.6131032,76.5345914
Koragere,13.576317,76.4753241
Kurihatti,13.6133455,76.5514827
Lakkenahalli,13.6068667,76.6522123
Marenadu,13.6909762,76.6594363
Maruhole,13.6044408,76.60877
Siddalakatte,13.5682521,76.5828654
Sigebagi,13.5534955,76.5100088
Tammadihalli,13.605055,76.5025509
Timlapura,13.5583395,76.5266834
Yagachihalli,13.6149396,76.6013554
Yalanadu,13.5979972,76.4770267
Bittanakurike,13.6871486,77.1325006
Chinnenahalli,13.8090038,77.2070173
Dasenahalli,13.7388229,77.1686108
Gampalahalli,13.7575523,77.17495
Halebijjanabella,13.5827803,76.8709317
Hosahalli,13.7986302,77.1779846
Huyildore,13.6888274,76.8008808
Janakallu,13.609772,76.7467562
Kanchiganahalli,13.6469369,76.879327
Kattirajanahalli,13.8079618,77.1909615
Kurubarahalli,13.6830127,77.1252793
Madenahalli,13.6074953,76.7571348
Maragondanahalli,13.6073627,76.8036503
Nimbemaradahalli,13.669574,76.8594283
Nirakallu,13.8089373,77.2225414
Ramalingapura,13.6198129,76.7643612
Ranganahalli,13.6747774,76.8138696
Sodenahalli,13.7298241,77.0767399
Tuppadakona,13.6170521,76.7997209
Vaddanahalli,13.6552101,76.8682376
Channarayanadurga,13.5894384,77.2071514
Dasarahalli,13.593116,77.2412863
Kammanakote,13.6202861,77.1826611
Kurudugonahalli,13.5658891,77.2633214
Aladakatte,13.4463303,76.6038855
Aralikere,13.4444704,76.5525291
Arehalli,13.712974,76.9468061
Benche,13.5977426,76.8945233
Bhupasandra,13.6401052,76.9605445
Chinnenahalli,13.5915167,77.0045944
Dabbeghatta,13.3948595,76.6216429
Devarahalli,13.6536761,76.9077008
Doddagula,13.6903285,76.943578
Gantenahalli,13.5431466,76.6887206
Gaurasagara,13.5130907,76.5933131
Gopaladevarahalli,13.5879549,76.9086313
Hanumantanahalli,13.497579,76.6877501
Kadenahalli,13.3891309,76.6279427
Kalapura,13.6539741,76.9912508
Kandikere,13.5275772,76.6189375
Melanahalli,13.4203949,76.6050759
Navile,13.426909,76.569872
Ramanahalli,13.5100544,76.676296
Ratnasandra,13.6940762,76.9548108
Shidlekona,13.5747945,76.9110343
Siddanakatte,13.5240021,76.6698136
Timmanahalli,13.5423255,76.6600857
Bagganahalli,13.3718136,76.6552856
Byalakere,13.4381405,76.6167136
Doddashettikere,13.0670652,76.7405577
Godekere,13.3561939,76.6565728
Honnebagi,13.4022852,76.6461606
Kodinagasandra,13.095133,76.7660744
Maligehalli,13.4346575,76.6103731
Sasalu,13.35545,76.5666909
Ankasandra,13.4635986,76.5422495
Bandrehalli,13.4749454,76.4629674
Bangaragere,13.4660293,76.5576356
Bhimasandra,13.4777935,76.44125
Birasandra,13.2907473,76.6682756
Bommenahalli,13.5580973,76.3859993
Chaulakatte,13.5121891,76.4745721
Chikka Ennegere,13.547353,76.4275355
Dodda Ennegere,13.5542616,76.4222603
Dugadihalli,13.3889281,76.5941039
Gopalapura,13.5283313,76.5008147
Handanakere,13.5031638,76.4488387
Huchchanahalli,13.4842303,76.4632854
Kattigenahalli,13.3028586,76.6679564
Naduvanahalli,13.572911,76.3967706
Puradakatte,13.4996308,76.4032488
Soralamavu,13.491928,76.4799805
Vaderahalli,13.3832458,76.5769826
Baraguru,13.4868117,76.5362325
Belagihalli,13.4699436,76.4954389
Belaguli,13.4997882,76.5486306
Belavadi,13.555094,76.6471204
Benakanakatte,13.4147198,76.5237323
Bevinahalli,13.4363267,76.5283388
Bhairapura,13.5303369,76.5798177
Chikkabidare,13.5414074,76.5678443
Doddabidare,13.5528029,76.557723
Ellenahalli,13.4788757,76.5124861
Gopalanahalli,13.3471602,76.552021
Gubehalli,13.5228133,76.5395172
Halenahalli,13.3569042,76.4859434
Hesarahalli,13.4067314,76.5529661
Hosakere,13.4850614,76.5614382
Kuppuru,13.4224695,76.5307051
Madapura,13.4307387,76.4981031
Madihalli,13.392539,76.5291082
Makuvalli,13.3706132,76.5534516
Malagondanahalli,13.332842,76.6248598
Malligere,13.4596792,76.4672013
Mattighatta,13.4688841,76.4812681
Nandihalli,13.5332174,76.5376007
Otikere,13.4839608,76.5245392
Rangenahalli,13.4891463,76.5152243
Salkatte,13.4756045,76.6054212
Sangenahalli,13.5526935,76.5956788
Tammadihalli,13.4131132,76.5086361
Tigalanahalli,13.3259612,76.6089613
Toresuragondanahalli,13.568238,76.5400233
Balluru,12.53168,76.2383323
Chikkanayakanahalli,12.5414525,76.2575096
Dadadahalli,12.5733283,76.2399819
Hebsuru,12.566001,76.1990059
Honnenahalli,12.5563396,76.2356651
Karpuravalli,12.5805446,76.2612003
Mudalabidu,12.5723391,76.2761205
Basuru,13.6286856,76.0648062
Chikkadevanuru,13.4222697,76.1072564
Chikkanayakanahalli,13.5784158,76.1179206
Devanuru,13.4254501,76.0920366
Hochihalli,13.4417926,76.0439027
Hullehalli,13.6264187,76.0094877
Hyaralaghatta,13.5292349,76.1786245
Kallapura,13.5725884,76.0507621
Machcheri,13.5460531,76.0524536
Matighatta,13.4902414,76.086174
Muddenahalli,13.5486637,76.071233
Sadarahalli,13.5227576,76.1010169
Shettihalli,13.5154569,76.2442888
Singatagere,13.5138614,76.1774106
Surapura,13.5534482,76.0807727
Tangali,13.5310129,76.0419815
,13.5124158,76.1061098
Bidare,13.3373635,76.011692
Bisalehalli,13.4821078,75.9648524
Kadurahalli,13.5188709,76.0192588
Kamenahalli,13.4110556,76.0986716
Karehalli,13.4357897,76.1261408
Kurubarahalli,13.2964496,76.0188561
Lingadahalli,13.3596384,76.0229005
Machagondanahalli,13.4109583,76.1295749
Machenahalli,13.3015329,76.0226877
Nagaralu,13.4192811,76.0570668
Nidaghatta,13.4004303,76.0421412
Dasihalli,13.3376526,76.3352101
Dummenahalli,13.3222777,76.3269125
Haralakatta,13.4534969,76.3415861
Kyatanahalli,13.4464188,76.3160106
Mallenahalli,13.413716,76.3790147
Rampura,13.425706,76.3789796
Soppinahalli,13.4633406,76.3244879
Tumbapura,13.4014048,76.3758466
Ahamadpura,13.4923371,76.2765444
Alaghatta,13.4785444,76.0153667
Ballekere,13.4952164,76.0348578
Banjenahalli,13.476564,76.0528821
Chikkondihalli,13.4786099,76.3243077
Dodda Metikurke,13.4631978,76.3517305
Gedlehalli,13.5116399,76.0487767
Gijekatte,13.8509594,76.0629692
Honnakatta,13.4705164,76.3119811
Hosahalli,13.4954378,76.3534693
Kittanakere,13.5072239,76.3625573
Madalu,13.4825586,76.3523275
Maddarahalli,13.5052635,76.3879538
Magenahalli,13.4995119,76.3086827
Malleshvara,13.5504164,76.0344671
Muddenahalli,13.5495013,76.2076931
Satanagere,13.4840272,76.3151846
Shashivala,13.4470216,76.3950237
Yarehalli,13.4844896,76.3865612
Alilaghatta,13.4170216,76.8295815
Ankasandra,13.5293644,76.8919372
Appannanahalli,13.4407448,76.7795306
Arehalli,13.4446607,76.8528659
Galigekere,13.4681781,76.7421882
Guddenahalli,13.5265942,76.7606947
Hagalavadi,13.504007,76.761175
Hosakere,13.4378015,76.8387621
Huvinakatte,13.4916066,76.841593
Kallugudi,13.5052743,76.9159817
Kanchugal,13.5271519,76.2290813
Kodiyala,13.4222621,76.9000892
Mallaghatta,13.4915258,76.1523933
Manchaladore,13.530432,76.8370138
Mattihalli,13.5046127,76.1832026
Ranganahalli,13.4892888,76.8955344
Sanabanahalli,13.4651698,76.8854396
Shivapura,13.4844073,76.7690666
Shivarampura,13.5769985,76.7654888
Somanahalli,13.4799576,76.1660834
Talekoppa,13.4878613,76.8805477
Yakkalakatte,13.4761734,76.7781694
Agrahara,13.4955899,77.20148
Amrutagiri,13.4771886,77.141565
Balabasavanahalli,13.6024042,76.9781163
Baraka,13.5093432,77.180934
Bodabandenahalli,13.495491,77.2457639
Brahmasandra,13.5876304,76.9864049
Bukkapattana,13.5170407,77.1918987
Chattenahalli,13.5356192,77.3498776
Ramagondanahalli,13.4391569,77.1101805
Chikkanahalli,13.5679078,77.3256172
Chikkatotlukere,13.4524158,77.1173833
Chinaga,13.4199432,77.1594519
Devalapura,13.486919,77.1063536
Gatlahalli,13.5170291,77.1660109
Gauraganahalli,13.5408743,77.274513
Gauragondanahalli,13.5062688,77.0982213
Hanchihalli,13.4814846,77.2409797
Hanumenahalli,13.5535936,77.3168648
Hulikunte,13.5325903,77.2601097
Kabbigere,13.561494,77.0543293
Kataviranahalli,13.598611,76.9493965
Kesturu,13.5045704,77.0754238
Kodihalli,13.5035869,77.063956
Kuchchangi,13.4259761,77.1043842
Shibi Agrahara,13.5635702,76.974441
Sompura,13.5533585,77.3069554
Talagunda,13.6447808,77.000511
Taruru,13.6153215,76.983888
Anupanahalli,13.4042504,77.2189452
Arakere,13.3996661,77.1205298
Bellavi,13.4165913,77.0182721
Bhimasandra,13.3429323,77.0673807
Bugudanahalli,13.3763296,77.0521191
Durgadahalli,13.388074,77.2001883
Elerampura,13.4186975,77.2539783
Gollahalli,13.4672963,77.1873777
Heggere,13.3443779,77.0480527
Irakasandra,13.4123169,77.2470635
Kaggere,13.3748639,77.0006298
Kashapura,13.56299,77.367916
Kodlahalli,13.5071571,77.3027287
Kora,13.4383803,77.0638712
Lingapura,13.4167599,77.1499835
Obalapura,13.4309632,77.1549008
Satyamangala,13.3658324,77.0984519
Svandenahalli,13.3825992,77.1461357
Tita,13.4714286,77.2899343
Vaddarahalli,13.3621894,77.141674
Adiganapalli,13.7990786,77.7505457
Anudi,13.6290556,77.4101547
Bisalahalli,13.5411855,77.5405187
Bisalahalli,13.6539958,77.401498
Bommashettihalli,13.6062341,77.4416184
Byadarahalli,13.515258,77.343399
Chikkakurugodu,13.6537953,77.5122784
Cholashettihalli,13.7237594,77.6913725
Dapparti,13.6846112,77.7435963
Darinayakanapalya,13.6280386,77.6016789
Devikunte,13.9043073,77.8999667
Doddakurugodu,13.678312,77.4977967
Dronakunte,13.6129269,77.3969011
Dvaraganahalli,13.5356123,77.5502595
Gaudasandra,13.6750184,77.5164741
Gaunapalli,13.8082844,77.7956387
Gortapalli,13.9261822,77.9563971
Guluru,13.8414231,77.8353813
Guttenahalli,13.568872,77.6137573
Halaganahalli,13.6761354,77.4803816
Handralu,13.655549,77.3210249
Honnampalli,13.9038527,77.8610446
Hosakote,13.5804845,77.4010606
Huduguru,13.6492949,77.5699576
Idaguru,13.6420854,77.452157
Kadaburu,13.5913025,77.5760843
Kalludi,13.6301451,77.5179682
Kenkere,13.5709436,77.4702495
Kottakote,13.9189663,77.8486682
Kotturu,13.7306678,77.6610944
Kundihalli,13.6506067,77.4197631
Kuntachikkanahalli,13.5361188,77.4965824
Kurubarahalli,13.5846314,77.5223246
Kurudi,13.6234281,77.3872808
Maddakavaripalli,13.9167495,77.8698672
Maraluru,13.620414,77.4616496
Gundlapalli,13.8601007,77.8727403
Marganukunte,13.8897609,77.8444016
Mudugere,13.5945716,77.4509326
Nagaragere,13.7582882,77.6345582
Nagasandra,13.6529762,77.4971707
Namagondlu,13.5776029,77.6046648
Pesalaparti,13.9239631,77.8291189
Ramapura,13.6172503,77.441511
Shakuni Timmanahalli,13.5121793,77.3163389
Sonaganahalli,13.5560971,77.4265453
Kanampalli,13.8480837,77.8898374
Chakavelu,13.8262678,78.0980853
Devarajapalli,13.7728591,77.9251851
Gujjepalli,13.7396687,77.942737
Kottampalli,13.8425163,78.093407
Kottampalli,13.8945696,77.9529718
Mallasandra,13.7813983,77.8316785
Motakapalli,13.8089157,77.8462472
Nallagutlapalli,13.7416752,78.0546566
Naravulapalli,13.8408733,77.8840315
Naremaddepalli,13.7941465,77.9995417
Saddupalli,13.8279055,77.8811866
Somanathapura,13.7590708,78.0086118
Achepalli,13.7456653,77.8754853
Agatimadaka,13.792973,77.9565453
Bichaganahalli,13.6769838,77.7700575
Billuru,13.8525038,78.0049356
Charlopalli,13.8638456,77.9274524
Cheluru,13.7070771,78.0994447
Chenduru,13.7134307,77.7716609
Chokkampalli,13.6904884,77.8794979
Hosahudya,13.6971113,78.0968163
Julapalya,13.6623503,77.9470801
Kammadike,13.6560447,77.8546012
Karakuru,13.7533353,77.8135216
Katenahalli,13.6733717,77.8398487
Malligurki,13.7132043,77.8670065
Mittemari,13.6851744,77.8650656
Muddalapalli,13.7121133,78.0187883
Nallappareddipalli,13.8308294,77.8114793
Narasapura,13.8551641,77.8300228
Narayanapalli,13.8759317,78.0606043
Paipalya,13.6966779,77.9349718
Palyakere,13.6913596,78.0408918
Puttaparti,13.7870643,77.745361
Rajecheruvu,13.8590294,78.0592518
Roddamvaripalli,13.8405295,77.8235204
Somenahalli,13.6481006,77.8324504
Sujanampalli,13.8095526,77.9771261
Tollapalli,13.7858257,77.9492396
Yallampalli,13.7441771,77.8424803
Bychapura,13.679284,77.5521736
Battalahalli,13.5837653,78.1366047
Bodabandahalli,13.693251,77.6265596
Brahmanahalli,13.5571758,78.1088593
Devaganahalli,13.6896936,77.5658195
Enigadale,13.6223392,78.0751658
Gadigavarahalli,13.6377355,78.0227378
Gangasandra,13.6040915,77.5439626
Gotakanapura,13.6179947,77.5318092
Hanumenahalli,13.7083024,77.6017422
Hirebidanuru,13.601335,77.5266012
Hunasenahalli,13.7475073,77.5291124
Iragampalli,13.5382185,78.1307786
Jilakunte,13.7328601,77.592379
Konappalli,13.5846633,78.1009434
Konapura,13.6937477,77.5491287
Mallenahalli,13.7332876,77.6376925
Manivala,13.7013108,77.6095397
Maripadagu,13.7290416,77.5798316
Melya,13.722031,77.5433399
Muddalodu,13.7208108,77.590698
Munaganahalli,13.5868825,78.178948
Raguttahalli,13.5611117,78.1248928
Ramachandrapura,13.6590882,77.5264966
Timmasandra,13.6225439,77.9492021
Vangimallu,13.6299849,78.1048935
Vatadahosahalli,13.7056231,77.6216967
Velapi,13.7078477,77.5619858
Virupasandra,13.6710687,77.5705335
Bommasandra,13.6123988,77.6078842
Chilammanahalli,13.599499,77.6134937
Gaudagere,13.4901187,77.5975622
Jarabandahalli,13.5439909,77.6222887
Manchenahalli,13.4989686,77.6043414
Minakanagurki,13.5193372,77.6101558
Pidachalahalli,13.5422854,77.6335327
Varavani,13.5114865,77.5811624
Venkatapura,13.5974062,77.6280869
Yarranagenahalli,13.6223408,77.6325606
Anagattanahalli,13.6582265,77.6260112
Hurulagurki,13.3567129,77.7065292
Buttivarapalli,13.7191923,77.821006
Gundlapalli,13.7666803,77.8144482
Halegudibande,13.6640227,77.7089381
Jangalahalli,13.6400432,77.7591343
Katanakallu,13.7019517,77.5830867
Mandikallu,13.5998829,77.7277428
Nakkalahalli,13.6870422,77.593004
Nallappanahalli,13.5790468,77.7206364
Narasapura,13.6631966,77.6029133
Nichchanabandahalli,13.657517,77.7080346
Peresandra,13.5860146,77.7920488
Polampalli,13.6473518,77.7637718
Sadenahalli,13.544506,77.7201753
Varlakonda,13.6349796,77.7880025
Khudavandapura,17.495127,77.3004929
Bestalapalli,13.7973013,78.0323216
Burudugunte,13.5941899,78.0313526
Jaragahalli,13.5845792,77.8937057
Kencharlahalli,13.5223977,78.0691371
Kodegandlu,13.5732477,78.0590334
Kotagal,13.6497793,77.8790969
Kurubarahalli,13.6096126,77.8386439
Kurubarapalli,13.7881266,78.0357462
Mallashettihalli,13.6086208,77.9648859
Myakalapalli,13.7730144,78.0676183
Puligal,13.7806584,78.08746
Sadali,13.6242737,77.8666419
Sajjalavaripalli,13.791415,78.1100573
Uduvaripalli,13.7833938,78.1043997
Upparapalli,13.8385587,77.9861179
,13.5588838,78.0517879
Yarramvaripalli,13.5335153,78.307944
Agrahara,13.5331888,78.2344925
Anepalli,13.5541149,78.3538625
Baddipalli,13.5565051,78.2723672
Bhairaganapalli,13.5519854,78.2265562
Gaunipalli,13.5142769,78.2257607
Kottapete,13.457581,78.3300829
Kotturu,13.5372059,78.2349547
Kurigepalli,13.5695547,78.2847886
Manchinillakote,13.478516,78.2957146
Buragamakalapalli,13.5088077,78.3095702
Marasanapalli,13.5679448,78.2227945
Mudimadugu,13.5723425,78.3636473
Nelavanki,13.4646058,78.2771196
Patakote,13.4331652,78.2899858
Patanelavanki,13.4702364,78.2700432
Pedduru,13.5632856,78.2731191
Rayalpadu,13.5339085,78.3375692
Torlavaripalli,13.5387591,78.2699586
Tupalli,13.4851072,78.3016312
Alavatta,13.3958674,78.1472758
Dasara Timmanahalli,13.372046,78.2900684
Devalapalli,13.3714887,78.2675993
Dimbala,13.3916391,78.2623349
Doddamaladoddi,13.3808385,78.1751825
Dvarasandra,13.3493671,78.1600329
Gollapalli,13.4799919,78.2748677
Hodali,13.3598737,78.2678707
Imarakunte,13.3735957,78.2810008
Kalluru,13.3513619,78.1752539
Kashettipalli,13.4457776,78.2345015
Dugganakunte,13.4592702,78.216879
Kotaballapalli,13.4152867,78.3251675
Maripalli,13.4371855,78.2315028
Naravamakalapalli,13.4055168,78.278447
Nilaturu,13.3805715,78.2279926
Ojalapalli,13.3729358,78.3471554
Patapalli,13.3570919,78.162691
Ronuru,13.394791,78.247097
Tupalli,13.3893559,78.154827
Upparapalli,13.4209619,78.2852003
Agrahara,13.4560327,78.1002248
Bainahalli,13.4564583,78.1273289
Bandakote,13.502882,78.1022741
Bayyappanahalli,13.5459405,77.8954
Binnamangala,13.4609502,77.8736182
Dhanamittenahalli,13.4387135,78.031305
Doddatekahalli,13.5042624,77.8741522
Ganjigunte,13.4931342,77.9817029
Gopalapura,13.4667678,78.046257
Gutturu,13.5255652,78.0814544
Hiranyapalli,13.4103126,78.1026366
Junjanahalli,13.5143562,78.1316813
Kagati,13.4199323,78.0874624
Kotagal,13.4895616,78.0594522
Kottapalli,13.4630088,78.1608706
Mindigal,13.52381,78.0947275
Motamakalahalli,13.5978104,78.0716405
Murugamalla,13.4387019,78.1269451
Nandiganahalli,13.4293987,78.1601609
Nayanahalli,13.422519,78.0300683
Nimmakayalahalli,13.4395208,78.1670825
Polanayakanahalli,13.6446283,77.9834851
Pulagundlahalli,13.4942519,78.1231007
Rachanahalli,13.4768298,77.9233729
Vempalli,13.5046583,78.1742629
Yagavakote,13.4915643,78.1571241
Arkunda,13.5196222,77.5692341
Avalagurki,13.4904139,77.733089
Bashettihalli,13.5306378,77.8604991
Chikkahosahalli,13.4563996,77.5272376
Dandiganahalli,13.5064957,77.6466503
Daraburu,13.5989648,77.7051178
Devasthanada Hosahalli,13.4971825,77.7629227
Doddatammanahalli,13.5069764,77.8074174
Gangarekaluve,13.5136997,77.8007386
Gerahalli,13.4606731,77.7209924
Gollahalli,13.5067912,77.7346344
Gundlagurki,13.4776197,77.7659228
Guvvalakanahalli,13.5039789,77.7524408
Haristhala,13.5547971,77.8007719
Hunegallu,13.4913517,77.752061
Ittappanahalli,13.5242291,77.733324
Kammatanahalli,13.5696235,77.8563965
Kanaganakoppa,13.4831349,77.6140704
Ketenahalli,13.5351171,77.6931692
Kotturu,13.4399374,77.5287756
Maralakunte,13.455622,77.7949398
Marasanahalli,13.4785591,77.7491854
Pendlivarahalli,13.5326868,77.8173022
Renumakalahalli,13.5090353,77.7863414
Sulikunte,13.4964256,77.7374318
Tippenahalli,13.4448237,77.7025157
Tondebhavi,13.4925124,77.5289979
Upparahalli,13.4804858,77.5738545
Valasenahalli,13.5409167,77.855996
Yalagere,13.5290596,77.760107
Alahalli,13.2765863,77.5223369
Bairadenahalli,13.2848529,77.6548728
Karanala,13.3621599,77.5749179
Kodigehalli,13.3352382,77.6378555
Kolipura,13.2612163,77.5537579
Koluru,13.338932,77.5089711
Konaghatta,13.3118574,77.6030886
Raghunathapura,13.2878865,77.5752414
Rajaghatta,13.3252905,77.5918101
Sunnappanahalli,13.3048445,77.5791654
Baluvanahalli,13.2613521,77.816611
Bijjavara,13.3290374,77.7447034
Dandiganahalli,13.3087221,77.7676001
Mandibele,13.2682778,77.7880904
Harohalli,13.3144722,77.74823
Holerahalli,13.3263545,77.7645296
Koramangala,13.2923988,77.7519261
Narayanapura,13.3397035,77.763495
Savakanahalli,13.2674037,77.6939273
Venkatagirikote,13.3274011,77.7336139
Alambagiri,13.3424576,78.0542012
Arahalli,13.2245985,78.3524863
Arikunte,13.3922465,78.191938
Bairakuru,13.2395179,78.4917437
Bandapalli,13.4036569,78.1627972
Chikkakattigenahalli,13.3111316,78.0350219
Gadadasanahalli,13.3204655,78.0856544
Gudipalli,13.2754142,78.459293
Hadigere,13.3546246,78.0879223
Halekuppa,13.2004932,78.4909256
Hebbani,13.2824502,78.5642054
Hebbata,13.3039089,78.2195719
Hirekattigenahalli,13.3035296,78.0431472
Hogalagere,13.3339541,78.2926464
Kadenahalli,13.2457751,78.5118755
Karangi,13.3254292,78.3641098
Kodicheravu,13.2889603,78.2077203
Kodihalli,13.359993,78.1225175
Kolaturu,13.2602898,78.2931985
Kuruburu,13.3118887,78.0792031
Lakshmisagara,13.240374,78.2824479
Madabahalli,13.3086958,78.009678
Mailandlahalli,13.3126974,78.0895603
Mandikallu,13.2507318,78.3558355
Misaganahalli,13.2945879,78.2290914
Mushturu,13.2144844,78.5348045
Muttukadahalli,13.3089704,77.9983484
Nangali,13.2006003,78.5151842
Nernahalli,13.3475029,78.3285272
Nidagurki,13.3176046,78.0493071
Nilaturu,13.3184724,78.301278
Pettandlahalli,13.2457764,78.5012942
Punyahalli,13.2636686,78.5416693
Rachapura,13.289698,78.0424097
Siddaghatta,13.2054662,78.3892584
Yachchanahalli,13.3982152,78.2180431
Yadaruru,13.2525311,78.2745521
Yalduru,13.2814295,78.2933737
Devarayasamudra,13.135152,78.2999049
Dommasandra,13.0974753,78.4516588
Nagamangala,13.1284538,78.4680652
Khadripura,13.1360763,78.4042975
Bellambari,13.2048898,78.1778018
Alanguru,13.163605,78.4660182
Bimapura,13.1598401,78.3015619
Duggasandra,13.2359963,78.36363
Karavireddihalli,13.0750046,78.4821507
Mailapura,13.1342283,78.510424
Kammasandra,13.2179616,78.2712582
Uttanuru,13.2074081,78.2865146
Abbani,13.1037986,78.2183077
Agnihalli,13.162719,78.2318685
Balla,13.1041178,78.3744626
Batlabavanahalli,13.0954659,78.3237703
Bennanguru,13.2173487,78.2112078
Byalahalli,13.1745993,78.192056
Haralakunte,13.0989229,78.2014918
Harati,13.071159,78.2104919
Hutturu,13.1320104,78.2556507
Jayamangala,13.067994,78.2893664
Kavatanahalli,13.1302776,78.4208108
Kembodi,13.1460506,78.2038363
Manchiganahalli,13.1273486,78.4093056
Manighatta,13.1781449,78.2282068
Minajenahalli,13.0749913,78.3017476
Padakashti,13.099723,78.4053685
Patna,13.0620131,78.2527452
Shillangere,13.1010739,78.1779271
Shyanuboganahalli,13.1695479,78.2298401
Raste Tambihalli,13.1484918,78.2576784
Vadaguru,13.1310854,78.2005889
Vittappanahalli,13.1681111,78.2517808
Anaburu,14.5970443,76.4049855
Arishinagundi,14.4620282,76.3439875
Bharamasamudra,14.5166366,76.3487483
Byatagaranahalli,14.5936319,76.3869288
Doddabommanahalli,14.6156252,76.3929427
Lingannanahalli,14.4779231,76.3354366
Agrahara,13.2279509,78.0604415
Aleri,13.2482814,78.0804294
Angondahalli,13.0674082,78.3641798
Ankatatti,13.2266167,78.0773738
Birandahalli,13.0288985,78.1718264
Bommasandra,13.0751889,78.3823756
Chitnahalli,13.2335416,78.0991964
Dalasanuru,13.2759639,78.1696664
Gandlahalli,13.2714596,78.1469316
Halepalya,13.0150364,78.1034047
Honaganahalli,13.0462615,78.3714576
Jaderi,13.2698192,78.2404361
Jannagatta,13.2166807,78.1328884
Kanimbele,13.0107227,78.1596967
Kodigepalli,13.0210453,78.4077706
Kotturu,13.3061736,78.1523603
Kuppahalli,13.2845728,78.1480032
Kuppampalya,13.0298224,78.4251842
Timmapura,13.0166531,78.1796955
Matnahalli,13.2416488,78.0711964
Naganala,13.1961407,78.0531929
Suguturu,13.2098193,78.0993263
Sulikunte,13.0387567,78.1194799
Sundarapalya,13.0136319,78.3989283
Totli,13.2377804,78.1027848
Uppukunte,13.1918285,78.1079714
Urukunte Mitturu,13.0721021,78.3362333
Velagalaburre,13.2732419,78.110893
Yadahalli,13.2004655,78.1372783
Arabhikottanuru,13.1228747,78.0410911
Bavanahalli,13.0766779,77.9613595
Bellavi,13.0499628,77.9298136
Challahalli,13.1553456,78.0643917
Dandiganahalli,13.066553,78.0765263
Dodda Kadaturu,13.0223906,77.9720754
Doddashivara,13.0317119,77.9867364
Hanchala,13.0610005,78.1227297
Hunasikote,13.0024188,78.0743161
Kendatti,13.1330838,78.0355332
Kodihalli,13.1032307,78.1237092
Maliyappanahalli,13.0385933,77.9635738
Mangasandra,13.1056271,78.0922323
Manjali,13.1717113,78.0052698
Medihala,13.1848102,78.0511634
Muduvatti,13.0696482,78.0888254
Nidaramangala,13.0260779,78.041223
Nambiganahalli,13.0381669,78.0126869
Pura,13.0746543,77.9466248
Suluru,13.1509426,78.0402728
Vadagere,13.0478633,78.097119
Vakkaleri,13.0713388,78.0369663
Yashavantapura,13.0182551,77.8992291
Doddahasala,13.0977567,78.1491441
Hudukula,13.0726691,78.1533375
Kavaranahalli,13.0119692,78.211348
Nayakarahalli,13.0532153,78.2008538
Tammenahalli,13.0046741,78.206466
Vatrakunte,13.0731128,78.1698776
Venugopalapura,13.061075,78.2054867
Gandlachinte,13.591389,77.9263868
Iragappanahalli,13.5973824,77.8727917
Kariyappanahalli,13.5959593,77.9515543
Kelagina Juganahalli,13.423484,77.5206355
Lakshmidevipura,13.3559866,77.5580404
Mattavalahalli,13.7687794,77.6473537
Shettikere,13.6157169,77.9836547
Shettinayakanahalli,13.570378,78.0795069
Talagavara,13.3144137,77.5074765
Tirumagondanahalli,13.3527219,77.537706
Arodi,13.4853912,77.406065
Chikkadoddavadi,13.3683924,77.2643379
Dadagattamadagu,13.4477732,77.3665732
Gedare,13.5410891,77.4766908
Gummanahalli,13.4149455,77.386528
Gundamagere,13.4379686,77.4791041
Kolala,13.3655011,77.3099245
Lingadaviranahalli,13.4409947,77.3852218
Machenahalli,13.533032,77.4374951
Mallasandra,13.4329559,77.4485769
Nagenahalli,13.3934605,77.235036
Sasalu,13.4082992,77.3844828
Sathghatta,13.3475203,77.2506267
Singrihalli,13.3863536,77.2679455
Sitakallu,13.3309379,77.2767845
Somashettihalli,13.4997438,77.4016672
Ujjani,13.4402025,77.4442278
Urdigere,13.3428628,77.2316165
Adaguru,13.3191315,76.986188
Agalakuppe,13.231851,77.2288339
Akkalavadi,12.6450435,76.0251039
Ambalagere,13.243471,77.3876811
Ammanaghatta,13.3428008,76.9150005
Bairanayakanahalli,13.1924513,77.3654411
Banavati,13.4732015,77.3912531
Bidare,13.4055266,76.9399818
Bidaruru,12.6652065,76.0429406
Burudaghatta,13.4804983,77.0635969
Channashettihalli,13.3247467,76.9317365
Chikkabelavangala,13.2873466,77.4085631
Chikkahejjaji,13.2683365,77.4313509
Chikkamankanala,13.3080837,77.3603904
Doddabele,13.2230654,77.3376846
Doddahejjaji,13.2708182,77.4152371
Goraghatta,13.2690024,77.2794658
Guddadahalli,13.3985361,76.9623329
Hadripura,13.2588166,77.4422704
Halekote,13.3537015,77.4154474
Hanabe,13.3249793,77.4635565
Hulikallu,12.6984594,76.0438728
Hulikunte,13.276758,77.3512141
Hunjanalu,13.5152294,76.9695601
Irakasandra,13.415759,76.9458545
Kadanuru,13.2438966,77.4558491
Kaggere,13.4137034,76.958747
Katti Hosahalli,13.2792692,77.3795806
Kodigehalli,13.242406,77.3406866
Koratikere,12.680499,76.1086384
Madagondanahalli,13.2449767,77.4716733
Mallohalli,13.2302977,77.4505637
Manne,13.2553542,77.296172
Maralukunte,13.2977662,77.290278
Muppadighatta,13.2438079,77.4485342
Obalapura,13.2443556,77.3119364
Rampura,13.2977828,77.4182011
Sakkare Gollahalli,13.3228378,77.3951861
Shigodu,12.5975361,76.0244002
Shrigiripura,13.151935,77.1897282
Sonnenahalli,13.2993006,77.4075266
Tadasighatta,13.2284052,77.3485193
Tambenahalli,13.3488804,77.4063877
Tippuru,13.3498457,77.4577137
Tippuru,13.3643581,76.8988036
Tyamagondlu,13.2146308,77.300428
Vadakunte,13.2146879,77.3662826
Adalagere,13.3585486,76.8182632
Bettadahalli,13.4087082,76.8495932
Muganayakanakote,13.3827588,76.8485559
Tyagaturu,13.357301,76.8421783
Uddehosakere,13.3716508,76.8760184
Baguru,13.3266074,76.8816289
Bandihalli,13.3118085,76.8459083
Chikkanaravangala,13.3594441,77.0037722
Dabbeghatta,13.0406551,76.6349641
Devanayakanahalli,13.085581,76.6826965
Doddaguni,13.3279117,76.7598778
Doddaramapura,13.4202665,76.7114097
Guddenahalli,13.1615332,76.6301807
Hallada Hosahalli,13.0553394,76.633139
Heggere,13.2784658,76.6991082
Hesarahalli,13.3344229,76.8709283
Kuduvanagatta,13.1747154,76.5758207
Hulikere,13.1217526,76.6836231
Kaidala,13.2052746,76.5487269
Karikere,13.2063419,76.56838
Kondli,13.3658755,76.7344735
Kotanayakanahalli,13.270639,76.5229865
Mukanahalli Pattana,13.342385,76.9823105
Muniyuru,13.1756996,76.6835842
Musakondli,13.3580275,76.7233318
Nellikere,13.2011115,76.5820201
Neralekere,13.2989998,76.7550584
Niragunda,13.2212213,76.6353474
Hullekere,13.2401355,76.7289533
Somenahalli,13.1565897,76.6171171
Tavarekere,13.1804692,76.6686265
Tirthapura,13.4420729,76.7066404
Toremavinahalli,13.1929965,76.648878
Angadigere,13.1284245,76.8096859
Aralikere,13.1546948,76.6872456
Benakanagondi,13.1967027,76.8449526
Benakanakere,13.0264624,76.6311039
Bittagondanahalli,13.1807618,76.8598149
Chikkagoraghatta,13.1795988,76.7791351
Chikkapura,13.0989205,76.7305787
Doddagoraghatta,13.18056,76.7894322
Doddamalligere,13.1151707,76.8004959
Gonitumakuru,13.1149654,76.6518633
Gottikere,13.1729376,76.7077811
Hedagihalli,13.1154159,76.6373914
Hittalakoppa,13.089216,76.8205393
Hulikal,13.0977729,76.5912506
Jadiya,13.0793606,76.7738709
Kalanjihalli,13.2010479,76.6838178
Kalkere,13.1456824,76.6367515
Kallanakere,13.1347474,76.7114994
Kanaturu,13.102958,76.5804529
Kodagihalli,13.159191,76.6487012
Kunduru,13.2848909,76.6571123
Kurubarahalli,13.2252171,76.8210986
Madihalli,13.1532538,76.700109
Malladevanahalli,13.1408607,76.8180616
Melanahalli,13.094054,76.6152615
Muttugadahalli,13.0939281,76.7204721
Peddanahalli,13.2198678,76.8387726
Sadarahalli,13.133458,76.5862886
Sulekere,13.1399381,76.6596495
Sunkalapura,13.1386631,76.686718
Tandaga,13.1244349,76.5985477
Varahasandra,13.1916549,76.8109333
Baluvaneralu,13.3868562,76.4225392
Bendekere,13.3616605,76.2133978
Chikkahalkuru,13.4213563,76.3389543
Doddagatta,13.4382758,76.3195158
Halkuru,13.4187369,76.3485845
Sarthavalli,13.3285621,76.4571461
Hiresadarahalli,13.4603003,76.3119351
Honnavalli,13.3332501,76.3865427
Kalgundi,13.4727398,76.2707081
Kallusadarahalli,13.4817957,76.2599427
Kondajji,13.1975704,76.7343046
Nagatihalli,13.2941198,76.3876565
Nagavedi,13.4285874,76.3174321
Pura,13.4545934,76.2031148
Rudrapura,13.405382,76.410816
Suragondanahalli,13.405119,76.4326533
Tippanahalli,13.4537589,76.1811475
Aladahalli,13.1580668,76.0546891
Bettadaluru,13.1271209,76.0136513
Bevinahalli,13.3926341,76.1196716
Bhairagondanahalli,13.3939164,76.1920741
Chaluvanahalli,13.3771235,76.1811854
Ganguru,13.2111098,76.0865937
Goni Somanahalli,13.1992122,76.0268646
Hakkihalli,13.2811723,76.0785769
Karadihalli,13.4200742,76.1887664
Kondavagilu,13.3998782,76.2363201
Kuruvanka,13.4047613,76.2238938
Mallapura,13.4255018,76.1682275
Nidudi,13.0461283,76.1413086
Puralehalli,13.38855,76.248473
Chinnenahalli,13.0557422,76.0625079
Sanenahalli,13.2069279,76.0672863
Agalahalli,13.044189,76.0288427
Bagivalu,13.1267142,76.3553366
Ballenahalli,13.1198128,76.0830647
Belaguli,13.0418716,76.3207274
Belagumba,13.2446504,76.3151449
Chagachagere,13.1080644,76.3188559
Chikkagaddavalli,13.0960172,76.0158366
Chikkakarade,13.0146843,76.2915829
Dudda,13.0872606,76.2054305
Ghattadahalli,13.2125784,76.0375524
Haralakatta,13.3126758,76.3379651
Heragu,13.0562473,76.2648112
Hiriyalu,13.1180819,76.3482049
Ibdane,13.0707001,76.0527973
Jyotimallapura,13.2480324,76.2850251
Kalludevarahalli,13.0956586,76.0726005
Kittinakere,13.1170522,76.2206752
Kondajji,13.120026,76.0675996
Kondenalu,13.1508718,76.3435845
Krushnapura,13.0545699,76.2444112
Kunduru,13.0245426,76.327331
Lalanakere,13.1274571,76.2876015
Mayasamudra,13.0681817,76.2181133
Sanenahalli,13.0774824,76.038346
Sankalapura,13.2191041,76.3026155
Siddapura,13.1274737,76.2224792
Seege,13.1047232,76.0707277
Udduru,13.023263,76.0743897
Varanahalli,13.0741321,76.3192086
Yalavare,13.2624619,76.2308742
Boralinganapalya,13.0172081,76.9892149
Chaulagala,13.0546188,76.3170682
Chikkamalligere,13.1060253,76.8027866
Doddamadhure,13.0231702,76.8652051
Janagere,13.056824,76.9965956
Kallenahalli,13.0419923,76.3577614
Kanakuru,13.0881169,76.8067785
Kodihalli,13.0665716,77.0251596
Kottagere,13.0446434,77.0202058
Madikehalli,13.0473125,76.9951057
Mangikuppe,13.1319959,76.7334734
Maraguru,13.0719282,76.3833806
Nagasandra,13.0297215,76.9062385
Satenahalli,13.0580702,76.3369337
Shivara,13.0809891,76.377752
Tippuru,13.0504582,76.3637881
Bevukallu,12.6118774,76.7744896
Bilaguli,12.5487596,76.8133498
Chandagalu,12.5411711,76.8270815
Maradipura,12.6015441,76.823818
Ganadalu,12.5619192,76.8302298
Hadya,12.5805214,76.8160402
Hulikere,12.570562,76.7736337
Hullenahalli,12.5791781,76.8046004
Jayapura,12.5744362,76.7925208
Kannahatti,12.5958998,76.792871
Modachakanahalli,12.5593989,76.803497
Adakekere,13.1056586,76.9247221
Ankalakoppa,13.1349078,76.915968
Dasanapura,13.0508851,76.9644144
Dasarakallahalli,13.2331104,76.8787875
Doddamalalavadi,13.105439,77.0069725
Dodderi,13.0785159,76.8583421
Gunnagere,13.0643581,76.9562248
Harikaranahalli,13.1833913,76.7586028
Honakere,13.1263742,76.7515683
Idaguru,13.1152214,76.9350877
Jannenahalli,13.1403313,76.8457099
Kamanahalli,13.1009643,76.9984853
Kurudihalli,13.0806879,77.0280245
Madenahalli,13.276063,76.9203902
Mugaluru,13.1349203,76.7723889
Prabhuvanahalli,13.2900778,76.9792269
Shettigere,13.0828568,77.0643513
Sobaganahalli,13.0510013,77.0489496
Agile,12.9325881,76.1032021
Annenahalli,12.9866516,76.3147793
Jagaravalli,12.9421704,76.2822759
Banavase,12.913026,76.1619034
Baraguru,12.9508761,76.355101
Bidarekere,12.9574936,76.0749914
Byaladakere,12.9745805,76.386291
Chaudenahalli,12.957218,76.34509
Devigere,12.9644128,76.4303542
Dindaguru,12.9322089,76.4246202
Golenahalli,12.9336578,76.0713755
Gollarahosahalli,12.9898126,76.4044677
Gulasinda,12.9440083,76.3873031
Haluvagilu,12.97487,76.062047
Harohalli,12.7503632,76.0252632
Hebbale,12.8068492,76.1162447
Hongere,12.9479669,76.2015878
Honnavalli,12.767601,76.0892452
Hosuru,12.9430801,76.251686
Hosuru,12.9563695,76.0063046
Hullangala,12.7820087,76.1172636
Huluvare,12.9067106,76.1742292
Hunasavalli,12.9975184,76.0068908
Kandali,12.9878354,76.0479164
Kiragadalu,12.9591778,76.0313472
Muttige,12.7428726,76.0807179
Muttige,12.9356938,76.015497
Satenahalli,12.9482464,76.4323759
Shankaranahalli,12.9443257,76.0635837
Somanathanahalli,12.9309676,76.3089587
Tenkanahalli,12.9563865,76.2820054
Yaduru,12.9852587,76.0100447
Yaliyuru,12.9898175,76.3315294
Bandihalli,12.9971859,76.2285714
Channapura,12.8321797,76.1906154
Chittanahalli,12.7713076,76.2323931
Hangarahalli,12.8541687,76.1652419
Hirebelaguli,12.8023189,76.2195741
Kattahalli,12.7999944,76.1919455
Kunkumada Hosuru,12.8264679,76.2736876
Maragaudanahalli,12.8099904,76.1780496
Nagalapura,12.7874974,76.2211635
Narayanapura,12.9023864,76.3137931
Shettigaudanahalli,12.9200714,76.3079831
Anchebhuvanahalli,12.906088,76.7465635
Bairasandra,12.9905098,76.7994816
Bettadamallenahalli,12.8123295,76.7279727
Bichanahalli,12.8560182,76.6420174
Bidarakere,12.9151547,76.6300606
Bindiganavile,12.8813863,76.6333562
Chaudenahalli,12.8552467,76.7580856
Chikkajataka,12.9150351,76.7828396
Dadaga,12.958669,76.6952442
Doddajataka,12.9314443,76.7845471
Halti,12.8754111,76.7804775
Honnavara,12.8605259,76.6027164
Huvinahalli,12.8658309,76.7041729
Kambadahalli,12.8680019,76.6343039
Kochahalli,12.9374575,76.6627254
Lalanakere,12.9348738,76.6274653
Mulakatte,12.8490594,76.7431374
Naraganahalli,12.8957616,76.7470395
Paduvalapattana,12.8115618,76.7021521
Sankanahalli,12.8035223,76.7272987
Tuppadamadu,12.8398944,76.7267099
Aikanahalli,12.8105323,76.4357013
Anegola,12.8381353,76.397113
Bolamaranahalli,12.8284074,76.3902594
Chalya,12.8731276,76.5390415
Chikkatarahalli,12.8395733,76.4166948
Dammaningala,12.7990671,76.4816196
Dinka,12.7814728,76.4634636
Doddatarahalli,12.8520484,76.4177127
Gudehosahalli,12.8123501,76.3756889
Kumbenahalli,12.855034,76.5435902
Lakshmipura,12.7749767,76.4200966
Pumadihalli,12.8930126,76.5499932
Tolasi,12.7977585,76.4292704
Tondahalli,12.9969778,76.6565641
Uginahalli,12.7991761,76.3872874
Vaddarahalli,12.8408476,76.4369193
Doddasomanahalli,12.7901066,76.5178394
Aghalaya,12.8048529,76.5238004
Agrahara Bachahalli,12.6881877,76.5025848
Boppanahalli,12.6635237,76.522926
Doddakyatanahalli,12.8291156,76.5768588
Gangavadi,12.6844803,76.7373097
Goravi,12.7686061,76.5391417
Hale Attiguppe,12.7915288,76.4981797
Harinahalli,12.703573,76.4853174
Hatna,12.6262834,76.7707341
Hosahalli,12.6371987,76.8070352
Makavalli,12.6972105,76.4323081
Malaguru,12.8008854,76.5548288
Pura,12.687811,76.470937
Santebachahalli,12.8104243,76.5832475
Sukhadhare,12.7802526,76.6515265
Ayatanahalli,12.7657523,76.6657309
Boppanahalli,12.7538029,76.5935628
Jaginakere,12.7265381,76.5391131
Kaigonahalli,12.7179457,76.5249974
Lakshmisagara,12.5700091,76.6534936
Marenahalli,12.6797177,76.5474364
Sarangi,12.7321879,76.5270879
Tattekere,12.7712095,76.6617733
Tiruganahalli,12.7551138,76.6243703
Tonnuru,12.5558411,76.6424312
Balaghatta,12.6825065,76.6379194
Bebi,12.6837976,76.850232
Dandiganahalli,12.7808849,76.8084651
Doddayagati,12.7507867,76.7925339
Kalludevanahalli,12.7749696,76.757656
Karadahalli,12.7729449,76.800843
Konanuru,12.7677846,76.7298188
Muttegere,12.6892015,76.7780122
Naragalu,12.8642876,76.6834483
Nyamanahalli,12.6459745,76.6808361
Shambhunahalli,12.6377307,76.7072624
Hale Belatturu,11.9513615,76.2723084
Nagathihalli,12.9652867,76.6651757
Bannangadi,12.4773901,76.5645176
Chinakurali,12.5408321,76.6005097
Dinka,12.5138214,76.5478598
Doddabyadarahalli,12.5035782,76.7501149
Ganganahalli,12.7380834,76.6894147
Goravale,12.5847153,76.8461394
Ragimuddanahalli,12.5364816,76.5710979
Harohalli,12.4929973,76.6623788
Hettagonahalli,12.733961,76.7552954
Honaganahalli,12.5795063,76.9006831
Kamanayakanahalli,12.5873606,76.629603
Kommerahalli,12.5691926,76.8987886
Narahalli,12.6127451,76.7141032
Samakahalli,12.7343312,76.7210729
Sanaba,12.573254,76.6263733
Satanuru,12.5565602,76.8999412
Tirumalapura,12.5601119,76.6273705
Ummadahalli,12.5602855,76.9302144
Aralakuppe,12.4592439,76.6147028
Ataguru,12.6619144,77.0681849
Bhimanahalli,12.7771079,76.8678783
Bindenahalli,12.7673995,76.834433
Challanayakanahalli,12.6974687,76.9086776
Chandre,12.5267377,76.6481786
Chikkaballi,12.6672127,76.9063525
Chikkayarahalli,12.4361392,76.5872603
Deshahalli,12.6083935,77.0241166
Devalapura,12.8176443,76.8682089
Devaramadahalli,12.8487744,76.8665757
Doddakottagere,12.7039916,76.8838083
Gaudagere,12.6209413,76.8949467
Gejjalagere,12.5702474,76.9998592
Hallegere,12.68093,76.9075905
Hemmanahalli,12.6292227,77.0565159
Hodaghatta,12.6271727,76.9512832
Hosagavi,12.7340733,76.9204179
Bilidegalu Hosuru,12.6115741,76.8715611
Huluganahalli,12.6258994,77.048762
Hurugalavadi,12.6992182,76.9674385
Ichagere,12.6200062,76.9548763
Kadaluru,12.6345464,77.0752055
Karekatte,12.6976762,76.8610092
Keragodu,12.6367842,76.9144266
Kilaghatta,12.7012282,77.0033797
Konasale,12.6589593,76.9777736
Kuduragundi,12.5451519,77.0049637
Mailarapattana,12.8854761,76.8060677
Maragaudanahalli,12.6525248,76.9440545
Maraliga,12.674497,76.9994664
Mayappanahalli,12.6662282,76.8844092
Mudigere,12.6712768,77.0277812
Nallahalli,12.6249537,76.9402028
Nambinayakanahalli,12.6961301,76.9355575
Niluvagilu,12.677691,77.0236427
Rayashettipura,12.6990598,76.9280366
Shettahalli,12.807441,76.8955528
Shivapura,12.7377428,76.8832415
Shivara,12.6399683,76.9537777
Somanahalli,12.7498864,76.9427411
Sunaganahalli,12.7610331,76.8752422
Tangalagere,12.6803254,76.8887906
Tarikere,12.7569125,76.9606245
Tavarekere,12.7121371,76.8428353
Toreshettahalli,12.6666196,77.0536506
Tubinakere,12.8319725,76.8646055
Valagarehalli,12.5998791,77.0097827
Yaraganahalli,12.6450935,77.0564368
Abalavadi,12.7176033,76.9404962
Amruturu,12.9191727,76.9330261
Arakere,12.825523,76.9010205
Arjunahalli,12.8081371,76.9325997
Bekkalale,12.7900462,76.9674443
Dudda,12.6079925,76.7959394
Bukkasagara,12.9956561,77.0884392
Byadagere,12.8427334,76.9748436
Dodda Uppala,12.8633135,76.8838207
Gaudagere,12.9706679,76.9562385
Gunnayakanahalli,12.612456,76.832878
Haluvagilu,12.9737976,77.1207166
Hanumapura,12.925249,76.9039312
Holalagunda,12.9554207,76.933574
Honnamachanahalli,12.8842929,76.9731496
Honnayakanahalli,12.6197691,76.9265767
Hosakere,12.8873601,76.9315349
Hutri,12.9818635,77.1098552
Ippadi,12.9046052,77.086989
Jinnagara,12.8744471,76.934224
Kaudle,12.7908374,76.9326958
Kempanahalli,12.9546497,77.101646
Kilara,12.8356004,76.9531187
Kiranguru,12.7810956,76.9874999
Kiranguru,12.9071881,76.916096
Kitnamangala,12.9706486,77.0475753
Kodagihalli,12.9373765,76.9384417
Kodavatti,12.7953598,76.990399
Kuppe,12.8608896,76.9488136
Halagere,12.8775734,76.9535386
Madappanahalli,12.8849246,77.0544496
Malligere,12.5859316,76.8727796
Nitturu,12.952501,77.0901525
Paduvagere,12.8721859,76.9167064
Sampahalli,12.5746657,76.8578493
Sanaba,12.859431,76.9376859
Shambhunahalli,12.6021678,76.8517052
Shettipura,12.88854,76.9493889
Sondekoppa,12.9229872,76.949622
Sugganahalli,12.8164014,76.9922787
Tarikere,12.9560477,77.0190542
Tippuru,12.9833395,76.9013705
Tubinakere,12.9393491,76.9152565
Ungra,12.8141519,76.9586774
Valagerepura,12.8448983,76.9264889
Yachaghatta,12.9729892,77.012123
Yadavanahalli,12.7908043,76.9532562
Yalagalavadi,12.9244705,77.1537554
,12.6495256,76.8104885
,12.9111735,77.1284249
Agara,12.8446015,77.4879398
Kambipura,12.8726196,77.4615524
Kaniminike,12.8647242,77.4310631
Tagachaguppe,12.8667978,77.4544988
Belagavadi,12.8374264,77.1761519
Belagumba,12.9953771,77.2470273
Chakrabhavi,12.8812905,77.1543786
Gejjagaraguppe,12.8495864,77.2002875
Gollarapalya,12.9756012,77.2795764
Ajjanahalli,12.8588301,77.2499211
Hosuru,12.7666474,77.2357532
Kalya,12.9792832,77.1806268
Kondahalli,12.9344579,77.189378
Kutagal,12.7765478,77.2402986
Madabal,12.9136433,77.2289905
Maralagondala,12.9448775,77.2725651
Mattikere,12.8831037,77.1827712
Mayanayakanahalli,12.9916637,77.1934429
Nagamangala,12.8973272,77.2541442
Nayakanapalya,12.902591,77.281137
Shripatihalli,12.9619246,77.16709
Tagachaguppe,12.9591878,77.2892218
Talavadi,12.8006768,77.219407
Tirumale,12.9567369,77.2420548
Tubinakere,12.9151864,77.1904296
Ballu,12.9487374,75.8828692
Bharathuru,12.8187034,75.9385173
Ganjigere,12.8405991,76.0183485
Garighatta,12.8473572,76.0027257
Kabbinahalli,12.8689507,76.1716662
Kunduru,12.8636046,75.9710632
Ajjuru,12.6952148,76.1495278
Ananduru,12.5805038,76.1362152
Belavadi,12.6673111,76.1427596
Byadarahalli,12.7443519,76.2123363
Doddahalli,12.6517175,76.3236446
Dummi,12.7125112,76.1185776
Ganguru,12.584707,76.0834902
Gohalli,12.6559038,76.2970164
Gubbi,12.6980414,76.1632127
Gulladapura,12.7545089,76.27808
Hampapura,12.5650124,76.0609741
Handrangi,12.643493,75.9945113
Hanyalu,12.5756348,76.1167692
Heggatturu,12.6552387,75.983657
Ibbadi,12.6964713,76.1340325
Jakanahalli,12.6867607,76.2226641
Kabburu,12.685491,76.3031371
Kallahalli,12.6674489,76.2757263
Kattepura,12.6099204,76.0489303
Kyatanahalli,12.6494103,76.2510171
Lakkuru,12.535731,76.1250439
Madhuranahalli,12.5617414,76.1394873
Lakkegaudana Koppalu,12.6409779,76.2550761
Rudrapattana,12.5964605,76.1231585
Somanahalli,12.653415,76.2010345
Tarigalale,12.6388412,75.9545349
Tatanahalli,12.7100617,76.2509273
Tattekere,12.8083182,76.276417
Tejuru Mayagaudanahalli,12.6904051,76.2473601
Tevadahalli,12.7940365,76.295934
Udduru,12.7374119,76.1693047
Musavatturu,12.7340121,75.9816693
Aladahalli,12.7402413,75.9676613
Badakyatanahalli,12.6596831,76.2212039
Bettahalli,12.6327965,76.227791
Ganjalagodu,12.791894,76.1508983
Gerukuppe,12.7083657,75.9840337
Hanagallu,12.6360254,76.1527374
Hebbale,12.5298428,75.9817759
Kadanuru,12.5952509,75.9871199
Magalu,12.7182848,75.9694256
Mallipattana,12.7558271,75.9649147
Maluganahalli,12.6161832,76.2223951
Mundagodu,12.7387891,76.0255
Niduvani Koppalu,12.6673563,76.1877623
Shirangala,12.5671662,76.0017292
Sibahalli,12.6574525,76.1597325
Sulekote,12.5372362,75.9927264
Yadiyuru,12.6914001,75.9792537
Yagati,12.7293369,76.1473359
Akkuru,12.5642236,77.1984719
Bhuhalli,12.5609054,77.2869959
Chakkaluru,12.5936991,77.1566051
Garakahalli,12.5329172,77.1456039
Koluru,12.6395545,77.1098776
Krishnapura,12.5541876,77.1496664
Menasiganahalli,12.5761442,77.2952613
Singarajipura,12.5541658,77.2732718
Sulleri,12.5755915,77.1726962
Tubinakere,12.5885127,77.1487278
Virupakshipura,12.5800842,77.2313012
Agasarahalli,12.614252,76.5262734
Aichanahalli,12.5633183,76.552036
Alagodanahalli,12.7313549,76.2824523
Ankanahalli,12.791246,76.434467
Bandihule,12.6522507,76.4101023
Bannenahalli,12.5749307,76.551055
Bettadabidu,12.2084852,76.5036152
Biruvalli,12.6646575,76.3827007
Bommanahalli,12.321071,76.5276313
Bukanakere,12.5632515,76.5251616
Chaudenahalli,12.6284064,76.4933007
Chinnenahalli,12.7846221,76.3579574
Dabbeghatta,12.740783,76.3838077
Daripura,12.2133283,76.5610988
Dhanagalli,12.233023,76.5746385
Doddakadanuru,12.7051992,76.2945402
Doddakanya,12.1690498,76.6373898
Doddakaturu,12.1757083,76.6102428
Dodda Yachenalli,12.6088042,76.4281472
Gujjegaudanapura,12.2427227,76.5682785
Gurupura,12.2084537,76.2822991
Hanchya,12.2709641,76.2752872
Hariharapura,12.6152161,76.4297495
Hemmanahalli,12.6452996,76.5012762
Huyilalu,12.3301352,76.552043
Jattihundi,12.2934397,76.5495638
Kaniyanahundi,12.2387266,76.5110983
Katuru,12.1835952,76.5757423
Kotahalli,12.7756684,76.357361
Lakshmipura,12.6373188,76.4342979
Madapura,12.793907,76.3444876
Doddanakatte,12.5899193,76.4731664
Marballi,12.1731079,76.5715471
Mavinahalli,12.2118991,76.5367805
Ballekere,12.6021809,76.4986887
Murudagalli,12.1844061,76.5932652
Nagavala,12.3364029,76.525103
Natanahalli,12.5849969,76.4946292
Sakshibidu,12.6519496,76.3807259
Saraguru,12.2561878,76.5016624
Sasalu,12.801625,76.4488297
Shravanuru,12.7413585,76.3284188
Sindhuvalli,12.1973601,76.634697
Taluru,12.1947772,76.6084797
Udburu,12.2157402,76.5971434
Adakanahalli,12.1791523,76.6970268
Ayarahalli,12.2104985,76.734173
Bandipalya,12.2571023,76.6623427
Basavanapura,12.1417893,76.6811633
Chikkakanya,12.1837994,76.636216
Chikkayyana Chhatra,12.1599849,76.6826307
Choranahalli,12.2678043,76.7295443
Dandikere,12.2536257,76.7525639
Devalapura,12.2249589,76.7013303
Duddagere,12.2507011,76.7830207
Echagalli,12.1597328,76.6551617
Gangadahosahalli,12.2313822,76.438348
Gargeshvari,12.2391307,76.8946652
Hadajana,12.2432537,76.6913703
Hallada Manuganahalli,12.2693575,76.4733913
Hanchya,12.332186,76.7138446
Harohalli,12.3205048,76.7806726
Hittuvalli,12.2920348,76.8359512
Hosahalli,12.2327261,76.8085167
Hosahundi,12.2501427,76.6698662
Hosakote,12.1809349,76.7880797
Hunuganahalli,12.3072188,76.7980126
Kesare,12.356215,76.6701257
Kiragasuru,12.2298482,76.8774063
Kiralu,12.2271558,76.7428446
Kottegala,12.2436495,76.4387253
Kudanahalli,12.2067785,76.6846301
Kuppegala,12.2187644,76.8257372
Kupya,12.2834031,76.8230613
Kyatanahalli,12.2189541,76.4504573
Madegaudanahundi,12.3152187,76.8131443
Mandakalli,12.2346487,76.6514087
Marashettihalli,12.241394,76.7063787
Muttatti,12.2616552,76.8688946
Naganahalli,12.3790595,76.652127
Elegaudana Hundi,12.3009264,76.824396
Pillahalli,12.2498478,76.7641577
Puttegaudanahundi,12.2657833,76.7872247
Ranganathapura,12.325051,76.8233289
Rangasamudra,12.3063845,76.8306423
Siddalingapura,12.3638698,76.6605431
Someshvarapura,12.2072665,76.6981096
Tandavapura,12.1676668,76.6777295
Tayuru,12.2091956,76.8371537
Tumbala,12.2738294,76.8565439
Vajamangala,12.2913988,76.7364785
Varakodu,12.2869955,76.7659282
Varuna,12.267192,76.7438715
Yadadore,12.24754,76.884146
Yadakola,12.2003464,76.8183381
Kodagalli,12.3756464,76.8253541
Kanenuru,12.0973675,76.518444
Kembal,12.12363,76.5852765
Ahalya,12.1447598,76.552092
Haginavalu,12.0517989,76.5773707
Arasinakere,12.1707158,76.5430513
Bidaragudu,12.1276872,76.5959497
Chikkanandi,12.1165288,76.5213112
Chunchanahalli,12.0614166,76.8255339
Dasanuru,12.0334796,76.8940567
Doddahomma,12.0246383,76.9035797
Duggahalli,12.0460937,76.5428445
Gattavadi,12.0174872,76.7806292
Ambale,12.0392249,76.5852758
Hatvalu,12.111998,76.5317964
Hirenandi,12.1086469,76.4888096
Huskuru,12.0750235,76.5782506
Jinnahalli,12.1092751,76.476795
Kallahalli,12.1785648,76.4729534
Kanchamalli,12.1141301,76.509944
Kappasoge,12.07608,76.5053738
Karya,12.0732041,76.5547539
Karya,12.0888365,76.8672138
Konanuru,12.0156354,76.8330929
Kongahalli,12.0231647,76.5545235
Kudlapura,12.011512,76.7170391
Kumbrahalli,12.0383985,76.7194018
Malkundi,12.0172104,76.5554776
Paduvala Marahalli,12.0216209,76.875847
Pura,12.1237683,76.4942062
Shiramalli,12.0904709,76.5757201
Taraganahalli,12.0698888,76.5177164
Kalegowdanakoppalu,12.3385383,76.3622359
Akala,12.0574387,76.5004821
Boppanahalli,12.0763238,76.3688785
Budanuru,12.1182285,76.2860654
Jakalli,12.0489064,76.3643521
Chakkodanahalli,12.0991125,76.2915326
Chakkuru,12.0929131,76.4079691
Chikkakereyuru,12.1457122,76.3786045
Hairige,12.1035447,76.3832354
Haradanahalli,12.1041252,76.4644263
Hebbalaguppe,12.0588554,76.3913889
Hirehalli,12.0578778,76.2815656
Hosahalli,12.1491755,76.2736772
Hunasehalli,12.0388048,76.4416884
Ibjala,12.1117485,76.4463902
Kattemanuganahalli,12.0703419,76.3147854
Katuru,12.0740645,76.4427195
Kollegaudanahalli,12.0515982,76.3413625
Kulya,12.0592946,76.4046169
Kaalihundi,12.102528,76.4336575
Lanke,12.0531389,76.4610179
Manuganahalli,12.0529471,76.4365953
Matakere,12.0840671,76.3776982
Metikuppe,12.1074769,76.2452901
Naganahalli,12.0654376,76.2944877
Yarahalli,12.0687514,76.3568664
Alanahalli,12.3803396,76.0091992
Bettada Tunga,12.4646613,76.1331366
Bhutanahalli,12.3737483,76.0166038
Bhuvanahalli,12.4429398,76.0857486
Boganahalli,12.4206646,76.1917149
Dorekere,12.4131795,76.1639069
Echagundla,12.0558589,76.6395585
Elachagere,12.0173992,76.6566111
Handitavalli,12.4548448,76.2119736
Kelluru,12.4340398,76.2286207
Kugaluru,12.0111462,76.6385984
Muddahalli,12.0512121,76.6592372
Mutturu,12.3282576,76.0298689
Naviluru,12.0407128,76.6434853
Ravanduru,12.4369869,76.1924649
Sindhuvallipura,12.0306551,76.6746642
Surahalli,12.029562,76.6156261
Timakapura,12.326404,76.0703329
Akkuru,12.2336679,76.9949617
Anasale,12.429962,76.9521605
Dyavapattana,12.276411,77.0917222
Gajanuru,12.3771709,77.1105425
Gulaghatta,12.4087904,77.0602309
Gumballi,12.0332808,77.0542785
Hemmige,12.2164577,77.0176867
Kadaballi,12.2928286,77.0438516
Kallarepura,12.3886009,77.0093929
Kandegala,12.4205887,77.0798349
Kesturu,12.0949168,77.0209424
Kyatanahalli,12.318123,77.0333192
Madrahalli,12.1531302,76.9568206
Mallinathapura,12.2930987,77.0217586
Manchanapura,12.3389436,77.1104453
Nelamakanahalli,12.4238656,77.0425782
Nenanuru,12.3722946,76.9916529
Nilasoge,12.1986567,76.9344121
Kurubalana Hundi,12.2085817,77.0527399
Yaragamballi,12.0218093,77.0614933
Bairanatta,12.1217889,77.3534379
Belatturu,12.0663462,77.2691731
Boppegaudanapura,12.2574682,77.0747556
Budubalu,12.1538793,77.2469304
Chikkamalapura,12.0539892,77.2526548
Chinchahalli,12.1319747,77.3158018
Ellemala,12.0846984,77.3671949
Gundegala,12.1760396,77.1523615
Hanavadi,12.2686385,77.028824
Hangarapura,12.3439759,77.0168526
Hullamballi,12.2603287,76.997042
Hullepura,12.0982,77.2923317
Kaggala,12.2820796,77.0262927
Kaggalipura,12.2307021,77.0983126
Kalihundi,12.2133263,77.0821667
Kandayyanapalya,12.0391581,77.2409018
Kannuru,12.1097527,77.2439656
Kiragasuru,12.2461441,77.1098899
Kodagahalli,12.2488318,77.0622677
Lokkanahalli,12.0204008,77.248435
Palya,12.1841367,77.1639932
Purigali,12.2583385,77.0117342
Saraguru,12.1902119,77.1322378
Saraguru,12.2627904,77.0410537
Uddanuru,12.0812294,77.2779227
Uganiya,12.1997053,77.1665974
Mangala,12.1223573,77.2475471
Hejjige,12.125306,76.6939246
Agasanapura,12.4293987,77.128211
Ajjahalli,12.5208695,77.0672721
Annuru,12.4803116,77.0461153
Bannahalli,12.4959397,77.0935835
Bidara Hosahalli,12.4561775,77.0201323
Borapura,12.5363125,77.0218011
Byadarahalli,12.3937292,77.2274294
Channasandra,12.5697237,77.0376712
Dugganahalli,12.4142424,76.9983229
Gollarahalli,12.4152851,77.2264101
Gundapura,12.4186016,77.2521546
Honnayakanahalli,12.4540723,77.092583
Hosapura,12.4442811,77.111811
Huligerepura,12.539874,77.0432062
Hulikere,12.5200519,77.0863538
Hullagala,12.4105636,77.0107043
Huskuru,12.4543051,77.1421489
Kadukottanahalli,12.4547225,76.9881856
Karadahalli,12.4541264,77.2228553
Karkahalli,12.4864202,77.0600018
Kodipura,12.4115397,77.1396949
Kokkare Belluru,12.5097738,77.0883259
Koregala,12.4066597,77.0290653
Kulagere,12.4902571,77.1130534
Kyataghatta,12.4991477,77.0660783
Madahalli,12.411493,77.0185169
Malagaranahalli,12.541786,77.0635422
Menasagere,12.4712356,77.060749
Nagarakere,12.5549529,77.0520319
Nanjapura,12.4141184,77.2176645
Nitturu,12.4628237,77.2159989
Talagavadi,12.4281244,77.0215267
Torekadanahalli,12.4153708,77.1972654
Uppinakere,12.5549238,77.0415168
Yaladahalli,12.45594,77.0054773
Amemar,12.8767717,74.9615615
Kemanjur,12.8791454,74.9203622
Adyar,12.8686235,74.9292875
Valachil,12.8719297,74.9390197
Anjanapura,12.6847039,77.2711718
Bannikuppe,12.6636564,77.2894296
Byadarahalli,12.5144826,77.225737
Hunasanahalli,12.5274959,77.2298833
Hunasanahalli,12.6921765,77.3093987
Iggaluru,12.4817441,77.1388972
Jagadapura,12.5053566,77.2264669
Kailancha,12.6672784,77.327378
Kallapura,12.4975111,77.2151156
Mallangere,12.6296941,77.2701353
Nanjapura,12.6306503,77.289897
Neraluru,12.502125,77.1566864
Timmasandra,12.6445838,77.2148686
Virupasandra,12.5694485,77.2596468
Yaliyuru,12.506694,77.1987709
Bilugali,12.1863886,76.8178599
Chendahalli,12.2201057,76.9865576
Gaudahalli,12.0568111,77.0795243
Gejjaganahalli,12.1676717,76.8403342
Honnuru,12.0955587,77.0422509
Kaliyuru,12.1578754,77.0348795
Kempanapura,12.0127637,76.9899538
Komaranapura,12.0412848,77.0651313
Kuruburu,12.163262,76.9377614
Madduru,12.0782611,77.0672207
Malangi,12.151001,77.0057669
Maradipura,12.2247823,76.9789699
Mavinahalli,12.1942429,77.000592
Sutturu,12.0129936,77.0410353
Vatalu,12.1560025,76.8874724
Yariyuru,12.0609985,77.043734
Annuru,12.1617936,76.2741809
Hura,12.0020813,76.5429789
Kanuru,12.0883536,76.0216059
Machanayakanahalli,12.0508685,76.2949729
Motta,12.0573443,76.3105202
Nanjanayakanahalli,12.149177,76.2870428
Penjahalli,12.226477,76.2435413
Shettigeri,12.0421,75.9731421
Agatturu,11.9728036,76.3669269
Alatturu,11.8731894,76.5985842
Anagatti,12.0272412,76.3311713
Ankahalli,11.7200888,76.7338976
Ariyuru,11.9947104,76.5048745
Bachahalli,11.7019515,76.735541
Badaga,11.8951859,76.3855596
Balachavadi,11.8473873,76.777694
Baragi,11.8272511,76.5973064
Basavapura,11.7701171,76.6622921
Beguru,11.9090071,76.2919474
Belavadi,11.7121232,76.7109066
Berambadi,11.7609386,76.5675618
Bettadamadahalli,11.9132781,76.6409325
Bettahalli,11.795792,76.7166428
Bhimanabidu,11.7877338,76.6285545
Bichanahalli,11.9870292,76.3511878
Biruvalu,11.9694522,76.4462216
Bommalapura,11.7252711,76.725612
Bommanahalli,11.7313172,76.8143444
Chamalapura,11.9895099,76.480399
Channamallipura,11.7859964,76.5686104
Chennapattana,11.9868767,76.5439949
Chikkati,11.9912748,76.6921475
Daribeguru,11.7281088,76.7656757
Deshipura,11.8508671,76.5869011
Devarahalli,11.7483371,76.6260718
Guruvinapura,11.8372028,76.8250408
Hadya,11.9928407,76.5270482
Hakkalapura,11.8873739,76.6991029
Halladamadahalli,11.8970718,76.6810919
Hanchipura,11.9597584,76.3949952
Hasaguli,11.8864146,76.6435015
Heggavadi,11.7049206,76.7755373
Hongahalli,11.8064715,76.5817813
Horeyala,11.9558127,76.6434521
Hosavidu,11.9469344,76.5258445
Hunasinapura,11.9089272,76.7022869
Huradahalli,11.8711405,76.7651959
Kandegala,11.9799132,76.51062
Kannegala,11.7715933,76.6059974
Katavalu,11.9066258,76.363712
Katnavadi,11.8268518,76.8395545
Kebbepura,11.7070763,76.7023289
Kodasoge,11.7363346,76.7507845
Kotekere,11.93414,76.6417145
Kottalavadi,11.8144068,76.8260123
Kottegala,11.9934243,76.4197096
Kundakere,11.6904341,76.7876448
Kutanuru,11.791172,76.635341
Lakkuru,11.8481756,76.8057632
Madahalli,11.8156399,76.6631334
Madduru,11.7788748,76.5585393
Maduvinahalli,11.9542956,76.5216031
Magudilu,11.9959708,76.374649
Malavalli,11.8575311,76.6650073
Mallahalli,11.9824236,76.5563701
Manchahalli,11.8939393,76.6122641
Mangala,11.6499959,76.6675256
Matakere,11.8818364,76.3774205
Melukamanahalli,11.7011162,76.6389739
Mulluru,11.9807935,76.4759927
Nemmanahalli,11.8915432,76.3666559
Nenekatte,11.851018,76.6447461
Nerale,11.9961481,76.3604066
Nuralakuppe,12.0206864,76.3067213
Puttanapura,11.7576189,76.662338
Raghavapura,11.8943088,76.6622569
Sagare,11.9818723,76.3720542
Shilavantapura,11.7592517,76.7684431
Shivapura,11.7281697,76.6837264
Shyanadrahalli,11.8612041,76.7831409
Siddegaudanahundi,11.9966773,76.5515166
Somanapura,11.7495882,76.7649556
Taggaluru,11.9157082,76.6591449
Tondavadi,11.9731616,76.6837944
Uganedahundi,11.8618934,76.8481214
Yalachetti,11.64697,76.7057538
Yariyuru,11.7148636,76.7592561
Aluru,11.9688985,76.9930045
Bailuru,11.8203513,77.2441519
Bandigaudanahalli,11.7906678,76.9655312
Bommagaudanadoddi,11.8560811,77.2681004
Gundimala,11.8470282,77.2251172
Hebbasuru,11.9094809,77.0013522
Homma,11.9914616,77.0003611
Honganuru,11.9814999,77.0422435
Jyotigaudanapura,11.9514204,77.0456581
Kagalavadi,11.9584138,77.0165254
Kannegala,11.992164,76.9820879
Kasturu,11.9948533,76.9230417
Kotamballi,11.9768349,77.0098179
Doddarayapete,11.9500884,76.9570475
Mukanapalya,11.7664413,77.0688183
Nagavalli,11.9375318,77.0263055
Nalluru,11.9379547,77.0467698
Odeyarapalyam,11.8620467,77.2604097
Punajanuru,11.7776941,77.1162441
Somavarapete,11.9080022,76.945206
Utturu,11.8653726,77.2740693
Basappanadoddi,12.0281879,77.3535781
Doddane,11.9703154,77.5287518
Gopinatham,12.0530558,77.6981708
Gundapura,12.0078107,77.3473464
Manchapura,12.0070959,77.3800898
,12.0417144,77.3497168
Arabikere,12.1551482,77.4748846
Aralalu,12.5217805,77.4296379
Baradanahalli,12.5580891,77.4401493
Bhadrayyanahalli,12.0960741,77.4736998
Harobele,12.4050244,77.426913
Keralalusandra,12.5245702,77.4557406
Kodihalli,12.4337411,77.4955009
Kurahatti Hosuru,12.0989525,77.4942276
Martalli,11.9853635,77.492624
Mullahalli,12.3918931,77.4472596
Nallahallidoddi,12.3885994,77.4221477
Shettahalli,12.097741,77.4842604
Yadamaranahalli,12.4272488,77.3790828
Anamanahalli,12.5774442,77.4416008
Bannikuppe,12.8472345,77.3848016
Hukunda,12.4072629,77.4640132
Ittamadu,12.7565289,77.4033809
Kallahalli,12.5727873,77.4195674
Kunuru,12.6599119,77.3474563
Kutagale,12.4418576,77.4565322
Lakshmisagara,12.8111235,77.724262
Marasuru,12.762543,77.7130783
Shivanahalli,12.7238533,77.5753781
Sidihosakote,12.7291044,77.6873329
Tatnahalli,12.7450992,77.725155
Tigalarahalli,12.5802113,77.41719
Tungani,12.5929638,77.4248274
Yadavanahalli,12.7898553,77.7514537
Gangatta,13.1895933,78.2021936
Vanarashi,13.2394835,78.1537131
Allalasandra,12.7329075,77.45413
Bannimukodlu,12.3551374,77.5670455
Bijjahalli,12.44976,77.5438327
Doddakabballi,12.4418428,77.5160771
Dyavasandra,12.672317,77.5022277
Hosadurga,12.415621,77.554706
Hosuru,12.7414497,77.4491975
Hunasanahalli,12.377415,77.5948585
Jakkasandra,12.6493052,77.439396
Kadushivanahalli,12.4956058,77.5853911
Kanchugaranahalli,12.7229355,77.4436454
Kempayyana Palya,12.7201561,77.4300414
Salabanni,12.3899407,77.5546747
Tattekere,12.3677334,77.5705133
Tattiguppe,12.4473067,77.5345431
Tippuru,12.4619593,77.5395923
Ballenahalli,12.5169103,76.5155464
Bindahalli,12.484249,76.5481412
Bommenahalli,12.6194338,76.441755
Kattaraghatta,12.6367606,76.4562819
Kherda,17.652361,76.8547411
Madahalli,12.2707647,76.5234122
Maisalaga,17.6561563,76.8905602
Malligere,12.4830132,76.5253988
Nargonahalli,12.6173232,76.4866673
Dinka Shettihalli,12.5174013,76.5284174
Siragapura,17.6840521,76.835932
Kudupu,12.9043343,74.8928918
Chandawadi,15.3873587,74.3981676
Chapali,15.4015502,74.4604844
Iliya Dabe,15.3750323,74.3880752
Varande,15.3418367,74.470391
Amasheta,15.3973828,74.537006
Kasarawadi,15.3513458,74.5374155
Kudalagaon,15.3764017,74.5779298
Kumbrala,15.3560512,74.5135264
Mirasa Kumboli,15.3881028,74.5283569
Shingaragaon,15.3408833,74.5483206
Vaini,15.3359801,74.4925991
,15.3674481,74.5323301
Malamba,15.3899511,74.5639576
Bittangala,12.1785331,75.8423625
Kudugadde,12.3032221,75.8586046
Karadigodu,12.3194241,75.8917686
Maldare,12.3145048,75.9393937
Rudraguppe,12.1462858,75.8558827
Haliyuru,12.4911132,76.2632959
Kitturu,12.4925231,76.2100455
Maraduru,12.5049915,76.1844125
Meluru,12.506903,76.1716454
Vaddarahalli,12.4795441,76.1783756
Masavanaghatta,13.1061699,76.4920032
Matighatta,13.1761333,76.490269
Shashimakanahalli,13.1925449,77.8482929
Kyanahalli,12.8992852,75.7499167
Itna,12.0095164,76.4077869
Agasarahalli,13.1985107,75.8049675
Airavalli,13.1963491,75.7962232
Balehonnuru,13.3500943,75.4651309
Banakal Pete,13.1414553,75.5495397
Bennuru,13.2234236,75.8423356
Bidarahalli,13.1233086,75.6184521
Hanike,13.2331314,75.8731077
Horahatti,13.1316274,75.5908263
Hosahalli,13.2302859,75.8340453
Ibbidu,13.1621428,75.923792
Narayanapura,13.2206622,75.8596745
Shettigere,13.2151034,75.8549098
Alavalli,14.4318963,74.4733877
Hegade,14.4665465,74.4219654
,12.1686208,76.3386019
Mattihalli,13.2628525,76.3956648
Mogru,12.8672466,75.3024368
,12.8794776,75.2722556
Basavana Shivanakere,14.3478474,76.2617862
Bedarashivanakere,14.344385,76.2474577
Chaulihalli,14.4149167,76.1990209
Chikkamallanahole,14.5468726,76.4999408
Dibbadahalli,14.5358448,76.4942039
Hampanuru,14.3522115,76.1635919
Kamandalagondi,14.5262057,76.4890026
Kolahalu,14.3434548,76.2039879
Mallapura,14.5308932,76.506
Tamalehalli,14.5781337,76.3510405
Telangara,14.9105105,74.6136909
Ummachagi,14.8140816,74.832422
Beldala,18.2126586,77.5049752
Bonti,18.354746,77.380235
Dudakanala,18.2861003,77.3856882
Hakyala,18.2869475,77.2217386
Hulyala,18.2987439,77.3418099
Munganala,18.2155,77.3979639
Vaganagera,18.3370542,77.2505365
Vanamarapalli,18.3031472,77.4242784
Yanagunda,18.2385236,77.4849191
Ativala,17.9337838,77.4175343
Balura,18.2275277,77.1632745
Ekamba,18.0863318,77.5918094
Ekamba,18.1569122,77.2759208
Halahalli,18.1398786,77.3012548
Kanganakota,17.8599419,77.4037657
Shamashiranagara,17.8478567,77.3941212
Devagondanahalli,13.3186256,75.9344596
Hebbalu,13.1993667,75.9166935
Kanivehalli,13.3302661,75.9072752
Sindigere,13.3138523,75.9736694
Kadabahalli,12.9645684,76.6374281
Chikka Megalagere,14.5302044,75.9911439
Jambulinganahalli,14.560155,75.9474439
Kallahalli,14.5386145,76.0543225
Bettangere,12.856658,77.3641012
Kurubara Karenahalli,12.854371,77.3838358
Muttarayanagudipalya,12.8492957,77.3675167
Bittasandra,13.1075762,77.287437
Ennigere,13.0955555,77.2997485
Hemapura,13.1240183,77.2815752
Rangenahalli,13.1131222,77.2852511
Tirumalapura,13.1367592,77.3233429
Aluru,13.0856034,77.4650694
Arishinakunte,13.0784775,77.4225682
Bommashettihalli,13.1312245,77.4196234
Chikkabidarakallu,13.0491569,77.4874879
Dasanapura,13.0758896,77.4364795
Gangodanahalli,13.0221902,77.4675283
Heggadadevanapura,13.0757454,77.4575528
Honnasandra,13.1170854,77.4477363
Huskuru,13.1237336,77.4305997
Kachohalli,12.9997576,77.4699806
Kittanahalli,13.0096828,77.419034
Kuduregere,13.075789,77.4719555
Lakshmipura,13.0371838,77.462165
Machohalli,13.0065559,77.4520643
Mallasandra,13.003125,77.3942408
Mattahalli,13.1077576,77.4572729
Nagaruru,13.0911672,77.4339474
Narasipura,13.1100499,77.4630552
Pillahalli,13.1025289,77.4287996
Ravutanahalli,13.0264938,77.4234593
Sondekoppa,13.0204419,77.3825478
Kannamangala,13.1970532,77.4097431
Chikka Kukkanahalli,13.1587264,77.4479409
Ramadevanahalli,13.1906528,77.4326879
,13.1373174,77.4455914
Govenahalli,13.179766,77.3081442
Honnavara,13.2217293,77.4189523
Isuvanahalli,13.2026844,77.3383923
Kaggalahalli,12.8307741,77.3244043
Kakolu,13.1875001,77.5198462
Karehalli,13.2262803,77.3146016
Karlapura,13.207004,77.4921603
Kuppemala,13.1053944,77.300367
Lakkuru,13.2385902,77.2439768
Shivakote,13.1345489,77.5134137
Bigar,14.9127459,74.5830025
Chimanalli,14.9168392,74.606936
Kalache,14.9208809,74.5570248
Nagawara,13.2227,78.5541977
Belagumba,12.7592454,77.2566308
Hemmigepura Gollahalli,12.8758241,77.4793759
Sugganahalli,12.7997421,77.319629
Bairashettihalli,13.157239,77.4030073
Ballagere,13.2459327,77.3605626
Baradi,13.1763046,77.3671601
Byata,13.192668,77.4851509
Chikkanahalli,13.1823183,77.3835904
Gollahalli,13.1482222,77.4178307
Hyadalu,13.1384862,77.4106624
Kalalughatta,13.195175,77.3226363
Puttayyana Agrahara,13.2591249,77.4239013
Kasaghatta,13.2682403,77.3886746
Manchenahalli,13.0357205,77.3580474
Mandigere,13.1534755,77.3664127
Mantanakurchi,13.0440426,77.3845428
Hulandagera,16.8331485,76.9620409
Satanuru,13.1323718,77.6468592
Bellahalli,13.0997677,77.6427148
Alageri,13.6509986,75.2117416
Tirthamutturu,13.6156538,75.2359456
Kempapura,13.1311691,77.8020446
Sadappanahalli,13.160804,77.7973268
Satyavara,13.1444255,77.7979319
Shankanipura,13.1049101,77.7711674
Timmasandra,13.1242557,77.7698953
,13.1350893,77.7906548
Chimanahalli,13.3882377,78.1161395
Kiruvara,13.3786315,78.1350141
Ulavadi,13.3998532,78.0860961
,13.4046252,78.1152673
Ajjapalli,12.967974,78.2279933
Budikote,12.9064764,78.1268618
Debbanahalli,12.9328566,78.1374573
Doddachinnahalli,12.9590854,78.2282759
Doddavalagamadi,12.947749,78.2244905
Hanumantapura,12.9684523,78.1786019
Hunasanahalli,12.9844098,78.1705568
Janugutta,12.8756868,78.2080793
Junjanahalli,12.9358158,78.1325875
Kamasamudra,12.877396,78.1990061
Kanumanahalli,12.9240896,78.1187723
Kilukoppa,12.9666915,78.1928236
Kongarahalli,12.8590931,78.2083943
Doddavallabhi,13.1670229,77.9902069
Kyalanuru,13.2573663,77.9825932
Nidaghatta,13.0942357,77.8703675
Bhaktarahalli,13.4399916,77.9585189
Bommekallu,13.3806296,77.9764556
Buragamakalahalli,13.378578,77.9668532
Chikkadasenahalli,13.4230685,77.936883
Devaramalluru,13.4128061,77.9081305
Doddadasenahalli,13.4221034,77.9479172
Dogaranayakanahalli,13.438497,77.9097666
Donahalli,13.4404526,77.949929
Guttahalli,13.376132,77.9801311
Gyaradi,13.4108073,77.9737559
Hujaguru,13.3679623,77.9179534
Husenpura,13.4331365,77.9949989
Kattariguppe,13.4292922,77.9818214
Kottanuru,13.3914535,77.9263308
Kundalagurki,13.4503938,77.9462993
Kuttandahalli,13.4298772,77.9035208
Mailapura,13.3673087,78.009009
Marappanahalli,13.4236052,77.9224512
Ullappanahalli,13.4333448,77.9649695
Varahunasenahalli,13.4358378,77.9225739
Anakal,13.4887556,78.032286
Bukkanahalli,13.4227567,78.0631629
Chokkareddihalli,13.4221452,78.0734079
Jaladenahalli,13.4974612,78.0161585
Kotturu,13.4518927,78.0582948
Marimakalahalli,13.4307351,78.0660549
Mohamadpura,13.427007,78.0125513
Appashettalli,12.7106849,75.8779249
Basavanare,12.7888487,75.9206099
Heggula,12.6608447,75.8904403
Hulugunda,12.4959581,75.9177992
Janardhanahalli,12.8068377,75.9246506
Kudige,12.4912625,75.9525252
Kudluru,12.4803086,75.9608306
Kyate,12.7943297,75.8771335
Nidta,12.7028372,75.9270843
Niluvagilu,12.777439,75.946169
Nirugunda,12.8039312,75.9122239
Shantapura,12.8116836,75.8738318
Shantaveri,12.6691564,75.8914582
Siddapura,12.6357196,75.9313941
Sigemaruru,12.6958474,75.9564075
Toyalli,12.7497643,75.8799623
Bettadalli,12.6483636,75.7756726
Garvale,12.5574672,75.7794095
Haraga,12.6105398,75.772607
Kiraganduru,12.5658634,75.817758
Kundalli,12.6646181,75.770116
Shantalli,12.6427887,75.7943928
Yalakanuru,12.540512,75.9094503
Abhyamangala,12.3400829,75.8381206
Gondi Basavanalli,12.4677262,75.9349604
Guddehosuru,12.4454229,75.9249975
Harangi,12.5165118,75.8413674
Jamburu,12.5058669,75.8049697
Mullusoge,12.465709,75.9633982
Nellihudikeri,12.3116767,75.8668882
Hakatturu,12.3462203,75.765468
Kaggodlu,12.3778573,75.7619194
Kumbaladalu,12.3401815,75.7181375
Mekeri,12.3914033,75.7394979
Badagarakeri,12.0426655,75.9036642
Biruga,11.9955961,75.9571822
Chennayyanakote,12.2675793,75.9325204
Guhya,12.2832315,75.8600276
Hachchinadu,12.2976278,75.8202953
Haisodluru,12.071128,75.934331
Kambibane,12.4136098,75.8636895
Kandimakki,12.1476806,75.7980955
Kottoli,12.1810115,75.7607408
Mugutageri,12.1483152,75.907579
Palangala,12.1969177,75.7107609
Taila,11.9827487,76.0259994
Hugya,11.8300828,77.4503879
Porsi gounden Palyam,11.8934084,77.2877374
Bommasandra,12.4412514,77.5527461
Chikkakabballi,12.4532767,77.5100291
Erangere,12.4301847,77.5413541
Gattigunda,12.4587286,77.5992853
Hanakadaburu,12.4004124,77.5472616
Herandyapanahalli,12.47265,77.5267314
Kolagondanahalli,12.4607683,77.6095243
Mallapura,12.4131079,77.5147206
Yakkuli,12.4568891,77.5248876
Ahanya,12.8580947,77.9546952
Bantahalli,12.8353233,77.9293424
Dadinayakanadoddi,12.8603502,77.9426601
Padavanahalli,12.8714709,77.9508491
Anikarahalli,12.8140161,77.9984975
Chavaramangala,12.8454242,77.9861339
Hale Haromakanahalli,12.8774581,78.0536828
Kuppuru,12.894596,78.0273801
Natuvarahalli,12.8961783,78.0170417
Pichhaguntrahalli,12.8728173,78.0129491
Rayasandra,12.8922828,78.0517535
Shyamashettihalli,12.8474089,78.0015738
Suggondahalli,12.8310724,77.9893127
Trunasi,12.8480316,78.0188924
Varadapura,12.8940983,78.0047983
Ankatattahalli,13.0235616,78.3299808
Annasagara,12.9941779,78.4143823
Billerahalli,12.9787487,78.3572609
Byatarayanahalli,12.9966407,78.3326357
Chinnaganahalli,12.9819744,78.2878408
Dalavayi Hosahalli,12.9537748,78.4142246
Doddagandlahalli,12.9185061,78.393875
Doddakari,13.000703,78.3471513
Gollaguruvenahalli,12.975218,78.3903939
Kadaripura,12.9804733,78.4133826
Kannuru,12.9697029,78.3702576
Kuluru,12.993784,78.3661334
Kesamballi,12.9558464,78.3478016
Lakkenahalli,12.882854,78.2227283
Madamangala,12.892359,78.289438
Madivala,12.9479065,78.3450393
Majara Kotturu,12.9489545,78.373613
Mallahalli,12.9802317,78.4234695
Motakapalli,12.9662847,78.41765
Papenahalli,12.9807422,78.4047911
Peddapalli,12.9777737,78.2709092
Putarajanahalli,12.9927518,78.3390358
Ramasagara,12.9793173,78.3910411
Arimanahalli,12.8565997,78.2276901
Gopenahalli,12.9924262,78.4008629
Sitampalli,12.9954333,78.4256585
Tallapalli,13.0149963,78.4114607
Tatireddihalli,12.9701962,78.4009226
Tongalakuppa,12.9680917,78.4295714
Urigam,12.9687894,78.2727503
Vengasandra,13.0002022,78.4127801
Virasandra,12.9778788,78.3647659
Yarranaganahalli,12.9773539,78.2809381
Appenahalli,12.8983286,78.2234368
Araleri,12.9852984,77.985934
Balamande,12.8516063,78.1653908
Bommaganahalli,12.8461804,78.1695102
Chamanahalli,12.8286995,78.1912133
Channakallu,12.9764501,77.9459472
Dinnuru,12.830309,78.1421039
Doddamale,12.9767246,78.0363754
Doddaponnandahalli,12.7978836,78.1789458
Gullahalli,12.8648037,78.1130001
Buvanahalli,12.8169679,78.2258677
Huladenahalli,12.9523026,78.0370254
Kalavanchi,12.8250342,78.2042669
Kempapura,12.8673337,78.3059062
Ketaganahalli,12.8988165,78.2161819
Kotaramagulla,12.8772162,78.1414461
Kudiyanuru,12.9435094,77.9588679
Marandahalli,12.8948562,78.1149651
Muganahalli,12.9038222,78.2089777
Mushtrahalli,12.8179843,78.2365969
Mutanuru,12.8383015,78.1113464
Naganahalli,12.8679458,78.1355187
Palamadagu,12.8352174,78.1472449
Pura,12.8548559,78.1392598
Santehalli,12.9554177,77.9751085
Sitahalli,12.9597645,78.0595539
Sonnappanahatti,12.9516676,77.9445931
Donimadagu,12.8102743,78.2263508
Tamatamakanahalli,12.7910272,78.1360807
Tavarekere,12.8949057,78.2277071
Toppanahalli,12.824717,78.1984897
Yaluvaguli,12.9828793,78.0492921
Adigondanahalli,12.8141478,77.7518992
Byagadadenahalli,12.7426294,77.7014816
Guddahatti,12.8037087,77.7423358
Ichchanguru,12.7715085,77.7424516
Karpuru,12.7266854,77.7195814
Kittaganahalli,12.8020888,77.6933342
Muttanalluru,12.8322603,77.7353419
Narayanaghatta,12.8364852,77.7260023
Neraluru,12.795645,77.7286408
Ramasagara,12.8203279,77.7186392
Singena Agrahara,12.8382967,77.7150364
Tirumagondahalli,12.7916466,77.7201866
Vanakanahalli,12.6720709,77.694284
Devarahalli,12.5960874,77.5216642
Yalachavadi,12.6057246,77.5600206
Avaremala Rampura,12.656766,77.5136527
Goduru,12.6590833,77.5357661
Gottigehalli,12.7209593,77.526767
Gundanagollahalli,12.6466931,77.5214898
Halegabbadi,12.7161466,77.4759104
Hosagabbadi,12.7128868,77.4820921
Hosakote,12.6997878,77.4750823
Kadu Jakkasandra,12.7010113,77.5128689
Mudenahalli,12.6993755,77.4666254
Sonnaredoddi,12.7101601,77.51876
Attagulipura,11.8288263,77.0053889
Badagalapura,11.8650004,76.8728713
Basavanapura,11.9226236,76.9858509
Bettadapura,11.9063748,76.7532814
Byadamudlu,11.8842895,76.9787662
Chandukattemole,11.8940608,76.9671961
Chirakanahalli,11.710852,76.8076833
Doddamole,11.889555,76.9729331
Hirebeguru,11.9791733,76.749126
Kadahalli,11.9530867,76.9290103
Kengaki,11.8915036,76.7756252
Kodimole,11.9314644,76.9857924
Kulagana,11.952623,76.7417507
Kunagahalli,11.750529,76.597682
Mallayyanapura,11.9124681,76.9242773
Mudlapura,11.9183523,76.9241172
Mudnakodu,11.9336435,76.7754477
Sagade,11.910529,76.7780698
Viranapura,11.9056491,76.8621805
Bannahalli,12.1874785,76.8710027
Belagunda,12.1443151,76.7973719
Benakanahalli,12.2278305,76.9238367
Chikkabuhalli,12.2416161,76.9308261
Doddabagilu,12.247598,76.9652665
Hallikerehundi,12.1246965,76.8680366
Halavara,12.2696978,76.9580152
Horalahalli,12.2509612,76.9361515
Kalkunda,12.1429552,76.8285043
Kamahalli,12.116239,76.838457
Karohatti,12.1855397,76.9077927
Ketahalli,12.1869943,76.9035242
Naviluru,12.1462824,76.8608235
Vyasarajapura,12.2566267,76.905728
Hosuru Hundi,12.1808636,76.888577
Attahalli,12.3186237,76.8874482
Attahalli,12.3233891,76.8793733
Bevinahalli,12.3068446,76.8843722
Budahalli,12.2844248,76.9374957
Chamanahalli,12.3395694,76.8811282
Chidaravalli,12.3004413,76.9498896
Hosakote,12.2409466,76.8491205
Indavalu,12.2473869,76.8617502
Kaggalipura,12.2724838,76.8972147
Kanchanahalli,12.3148992,76.86587
Ketupura,12.2990048,76.8894037
Kuntanahalli,12.3165488,76.8988923
Mudukanapura,12.2868654,76.9559479
Neragyatanahalli,12.2589556,76.9727258
Neragyatanahalli,12.2638535,76.9308832
Ukkalagere,12.2855572,76.9118291
Ramanathapura Hundi,12.2556771,76.8749939
,12.3238223,76.8949783
Basavanahalli,12.3481317,76.8928422
Bidanahalli,12.3473318,76.8708166
Chikkamulagudu,12.4268094,76.9352936
Doddamulagudu,12.4288403,76.9213902
Doranahalli,12.3900301,76.9641013
Goravanahalli,12.3903806,76.8810176
Hanumanalu,12.3672981,76.8688842
Hegguru,12.3690502,76.9274941
Kagepura,12.4092505,76.955401
Madigahalli,12.3571063,76.8466948
Makanahalli,12.3470688,76.8526262
Maliyuru,12.3396015,76.905647
Maragaudanahalli,12.3804882,76.868464
Markalu,12.3774027,76.9695044
Nanjapura,12.3518967,76.9157826
Ramanduru,12.4123968,76.945874
Sihalli,12.3866832,76.8542054
Turaganuru,12.3850766,76.8988765
Virarajapura,12.4152635,76.9375258
Yachenahalli,12.3990809,76.8981316
Yadahalli,12.3606703,76.8893976
Ambuga,12.9266797,76.146585
Alagudu,12.4552293,76.8076943
Allapattana,12.4258916,76.746703
Ballekere,12.4107876,76.8328877
Bannahalli,12.4362802,76.8543747
Bettahalli,12.4269802,76.8529365
Chikkaharohalli,12.4359902,76.8410016
Chikkapalya,12.4117258,76.767814
Doddapalya,12.4132692,76.75603
Ganjam,12.414365,76.7059545
Garakahalli,12.4320101,76.8289688
Gendehosahalli,12.3860625,76.8112385
Hangarahalli,12.4083085,76.7757083
Hunasanahalli,12.3967736,76.8607195
Kodiyala,12.4546009,76.8388162
Maralagala,12.4126237,76.7388613
Neralekere,12.4084889,76.8672115
Tadagavadi,12.4415303,76.8295277
Madapura,12.9074965,76.1281874
Karigowdana Koppalu,12.9475552,76.1564884
Chigalli,12.9488483,76.1728786
Chikka Aladahalli,12.9746035,76.1550489
Chikka Genigere,12.9883479,76.1535411
Sathenahalli,12.9404817,76.1395866
Kitthane Gadi,12.9239914,76.1323966
Kitthane,12.9262954,76.1223018
Bichanahalli,12.6205891,76.7949495
Budanuru,12.5481758,76.9597746
Chamalapura,12.5969385,76.9249726
Hanakere,12.569844,76.9779305
Hanchahalli,12.6324713,76.8958378
Hosabudanuru,12.5507135,76.9478037
Hunuganahalli,12.667014,76.7726375
Kachchigere,12.5703074,76.9656165
Madala,12.6066885,76.8116057
Mallanayakana Katte,12.562535,76.8396375
Maranahalli,12.6180529,76.8215047
Muttegere Hatna,12.674351,76.7723978
Panakanahalli,12.5401772,76.8557047
Saudenahalli,12.6229938,76.8108359
Tirumalapura,12.6990653,76.8213186
Tumbakere,12.5795052,76.9538
Chikkabasavanahalli,12.9660878,76.1414938
Attaraga,18.1401012,77.0130548
Baradapura,18.2138882,77.4873421
Diggi,18.221327,77.2039698
Gadikushanuru,18.0649207,77.4975604
Gunjarga,18.1409146,76.9937682
Jamakhandi,18.0439399,76.9728021
Jayagaon,18.094591,77.1932557
Nagura,18.1529717,77.4962989
Sangan,18.1631182,77.2419752
Sonalawadi,18.1787644,77.1769054
Shrimali,18.1199368,76.982378
Ballur,18.0668741,77.4602203
Wallepura,18.0787495,77.5596933
Shettihalli,12.9483234,76.1421913
Pandavapura,12.9541478,76.1722176
Belaturu,12.6238774,77.0002389
Byaladakere,12.7449611,76.9975074
Chamanahalli,12.6108167,77.0404204
Chikkahosagavi,12.7406954,76.9342671
Chikkankanahalli,12.7217999,77.0250522
Chikkonahalli,12.7070591,76.9849064
Dodda Ankanahalli,12.7243874,77.0060123
Halehalli,12.7602608,76.9781313
Haralakere,12.7393169,76.9594739
Hebbaralu,12.7397626,77.0103095
Hosakere,12.6396527,77.0268077
Kottanahalli,12.6265531,77.027613
Machahalli,12.6835709,77.0631672
Navile,12.7640306,76.9992594
Pannedoddi,12.6451631,77.006391
Somanahalli,12.7479443,76.9215528
Taggahalli,12.7235501,76.9860928
Tubinakere,12.6833099,77.0549399
,12.651607,77.0139113
Halasahalli,12.9370565,76.202321
Chalamasandra,12.766089,77.0813679
Devasandra,12.7870107,77.0996771
Elekadakalu,12.7822987,77.1142984
Halevuru,12.8396244,77.01831
Hittalapura,12.7981731,77.083852
Honnamachanahalli,12.7891482,77.0490934
Hutagere,12.7298834,77.0295661
Kenkere,12.8187416,77.0112425
Kundanakuppe,12.7470003,77.0405334
Mallanakuppe,12.7375323,77.0511683
Nidasale,12.7698612,77.0617441
Shivanahalli,12.7712617,77.0895769
Ujjani,12.7911119,77.0889413
Allapura,18.0101879,77.5696469
Belura,17.890446,77.4608865
Chittawadi,17.8659373,77.5142978
Jampada,17.965343,77.6393491
Jamistanapura,17.8794425,77.4678184
Bajolaga,17.9781588,77.1718784
Baridabad,17.8057508,77.4529715
Godi Hipparaga,17.9306987,77.25986
Honnadi,17.7669399,77.4310943
Islampur,18.0375849,77.4536126
Kapalapura,17.9630805,77.1728405
Nelavada,17.8569969,77.3747374
Patarapalli,17.7149607,77.437067
Sirakatanalli,17.7690657,77.3070403
Tugaon,17.8924136,77.2970059
Vilasapura,17.9918402,77.3918891
Doddabasavanahalli,12.9739288,76.1390638
Devanala,18.0000519,76.9813536
Gadigaundagaon,17.9744059,77.0031072
Janapura,17.908169,76.9856145
Khanapura,17.8554892,76.9218414
Khanapurawadi,17.8496029,76.9057035
Kotamala,18.0106343,76.9246513
Nilakantha,17.8707644,76.9205985
Siragura,17.7040627,76.7142109
Soladabaka,18.0327155,77.0400749
Yadalapura,17.891963,76.9813416
Ballekere,12.9029292,76.0353229
Baga Hipparaga,17.6148763,76.9300452
Borampalli,17.6995664,77.1138144
Chikanagaon,17.671074,76.9350563
Chitakota,17.6777516,77.100485
Ekalura,17.6809871,76.8973301
Hamunagara,17.708404,76.9031616
Ilyala,17.7809711,76.8929081
Indiranagar,17.7569637,77.1889052
Kalakhora,17.6382832,76.9605918
Mirjapura,17.8040583,76.9064944
Shiruri,17.7213783,76.7953067
Urki,17.7948988,76.8403475
Yalavantagi,17.6478616,76.9166277
Yarabaga,17.7529267,77.055398
Amirabada,17.8503628,77.2929275
Ativala,17.85887,77.2924662
Belakera,17.7075405,77.2477934
Botagi,17.816048,77.2665014
Dakulagi,17.8511312,77.310111
Dhummanasuru,17.7909481,77.122826
Handikera,17.8972014,77.1466255
Hilalapura,17.8270845,77.3004813
Hunasanala,17.9226177,77.1134636
Kandagola,17.746749,77.2794486
Kumara Chincholi,17.9305136,77.1509591
Madagola,17.7274146,77.2801949
Muganura,17.8725553,77.21596
Sedola,17.8492007,77.1424362
Shakkaraganj,17.8298457,77.2711527
Doddajakkanahalli,12.8903709,76.854971
Kodihalli,12.8594903,76.827777
Bakachaudi,17.893692,77.4403834
Bapura,17.7283811,77.384687
Bhairanalli,17.772569,77.3796311
Chintalagera,17.7522479,77.5187656
Dharmapura,17.7367766,77.5276704
Hokrana,17.7283211,77.4965508
Kuttabad,17.8361058,77.4736724
Sikindrapura,17.8877647,77.4211699
Solapura,17.929239,77.5530677
Yadlapura,17.8547138,77.4698739
,17.7870653,77.4728468
Dhuttaraga,17.5230272,77.1058259
Garampalli,17.4761498,77.3584584
Gaudanahalli,17.480969,77.3794358
Halakoda,17.2427312,77.3949467
Hulasaguda,17.4445115,77.141024
Kanchanala,17.4271447,77.1206436
Nimahosalli,17.4828036,77.3958642
Potangala,17.2551768,77.418301
Ranapura,17.5133374,77.2094576
Rayakoda,17.2907769,77.2857571
Rudnura,17.2782787,77.2993242
Shirolli,17.25813,77.3505422
Shivareddipalli,17.4991687,77.6369993
Yalmamadi,17.5575602,77.2668219
Balawada,17.1494887,76.8056978
Chelagera,17.4290019,76.3887458
Dharmapura,17.2328829,76.9083339
Gunjababalada,17.5504531,76.706425
Kamanahalli,17.5304965,76.3809786
Kerura,17.4842131,76.3919516
Kinni Abbala,17.5370079,76.4224158
Nadisinnura,17.1143846,76.7833043
Pala,17.2688879,76.9460224
Sakkaraga,17.5423442,76.4128109
Sangolagi,17.575975,76.6993219
Saradagi,17.161651,76.7817734
Siranura,17.2307536,76.7952916
Udanuru,17.2912147,76.7934967
Zapura,17.2822209,76.9244554
Gogi,17.5243693,77.055656
Honnalli,17.6376969,77.1043253
Muddadaga,17.5921,76.8324898
Keri Bhosaga,17.3947612,76.7791326
Syed Chincholi,17.4017148,76.796404
Antapanala,17.5715411,77.019773
Bolevada,17.325063,77.0245743
Dinasi Kuranura,17.5878038,77.0338473
Itaga,17.3606711,76.9918385
Kaththalli,17.5004409,76.9746981
Kavanalli Tanda,17.5557086,77.0673428
Mahagaon Cross,17.5116858,76.944065
Sitanuru,17.2649177,76.7947723
Yankkanchi,17.4894456,76.9582261
Arajambaga,17.2830157,77.1281362
Basavapattana,17.1267746,76.7037579
Bharatanuru,17.3481824,77.1763792
Donnuru,17.3067159,77.1175749
Garura,17.2278394,76.6733661
Hatagunda,17.370592,76.6956774
Hunasi Hadagila,17.3380382,76.6763105
Indanakalla,17.2808652,77.083009
Jivana Maradagi,17.4267731,77.0284765
Malaghana,17.3286138,77.1254956
Malani,17.2971242,76.6855754
Mattimuda,17.2776982,77.0761458
Melakunda,17.3123057,76.6977108
Naduvinahalli,17.0671832,76.8508958
Savatakheda,17.4139138,77.0113068
Somanathahalli,17.0580915,76.8447624
Vachcha,17.3090241,77.0502863
Yalavantagi,17.3524436,76.7002645
Kunta Thimmanahalli,13.5557708,76.2674261
,13.5776283,76.3157139
Maravanji,13.6184439,76.2688825
,13.6429622,76.4351044
Allapura,17.4884052,76.4374128
Hittalatashirura,17.3801295,76.5616146
Ikkalaki,17.4904279,76.446873
Khandala,17.6885519,76.4955579
Kudaki,17.3476461,76.5506269
Lengati,17.643546,76.8502839
Mogha,17.5173574,76.4480086
Shirura,17.7554725,76.5346429
Shrichanda,17.5304746,76.8421688
Telakuni,17.6078783,76.5735738
Tugaon,17.7587964,76.6225762
Bairampalli,17.3983391,77.5101853
Benakanahalli,17.3188637,77.3097286
Chintakunta,17.3997755,77.2199405
Ganjagera,17.4233051,77.25895
Huvinahalli,17.2793946,77.3646635
Kalabhavi,17.4494751,77.4678672
Kheda Umarga,17.4308106,76.407916
Koravi,17.3846719,77.2693376
Navadagi,17.3887074,77.2203874
Tegalatippi,17.3309853,77.2571712
Vajiragaon,17.4021445,77.2351043
Yakapura,17.3808511,77.3649147
Patapalli,17.5300792,77.4121073
Ashtagi,17.4524792,76.7821813
Bhimanagara,17.1607354,77.157261
Bibballi,17.2180219,77.2836429
Chitakanapalli,17.0724541,77.3273446
Gopanapalli,17.0710662,77.3733863
Habala,17.2303099,77.3631153
Hala Sultanpura,17.4438501,76.9484581
Hayyala,17.2041021,77.3797821
Javaharanagara,17.1324591,77.343445
Kachavara,17.1138782,77.301442
Kachura,17.2277785,77.2883386
Kadacharla,17.0449184,77.377284
Kadatala,17.0249093,77.3831217
Kontanapalli,17.1354228,77.3623586
Kurakunta,17.1928307,77.3573835
Lakshmasagara,17.5008812,77.6250694
Madakal,17.1640618,77.3598257
Madavara,17.1206754,77.3067602
Muganura,17.2357084,77.3033821
Nijampura,17.3675195,76.8486698
Nilahalli,17.1870899,77.2241408
Sangavi,17.2139207,77.1610763
Sangavi,17.2205038,77.3455476
Somapalli,17.1445088,77.3701316
Tadateganura,17.2040501,76.7663377
Taranalli,17.2080908,77.2705294
Telakura,17.2283378,77.3375232
Totanalli,17.2279648,77.1858279
Yadaga,17.2269526,77.2687106
Yadahalli,17.2150949,77.3329288
Kuraniwadi,16.1760436,74.5439113
Bastavada,16.1899049,74.5885998
Arebommanahalli,17.2129772,77.2421048
Bilakal,16.9760108,77.2920432
Devanuru,16.9869774,77.2949787
Gadadana,16.9668762,77.3715127
Gangaravalapalli,16.9491774,77.4595916
Gaudanahalli,16.9928869,77.2634228
Gundalli,17.0300232,77.3082943
Hulagola,17.0012223,77.2445763
Kadalapura,17.0649555,77.4257149
Kalakhamba,17.0993836,77.2320972
Kishtapura,16.9728359,77.4219197
Kukkunda,17.2293708,77.2444795
Minahabala,17.2287998,77.2031937
Mushthalli,17.0283563,77.2805638
Namavara,17.009562,77.277358
Raghapura,17.0034315,77.3309972
Shakalasapalli,16.9277694,77.3913704
Tolamamadi,16.9523084,77.4243002
Turanura,17.0109263,77.304113
Venkatapura,16.9826069,77.3722784
,16.2354086,74.6535973
Rakshi,16.2413419,74.6553353
,16.2678849,74.7233991
Kadahatti,16.2885236,74.7446422
,16.25225,74.8431758
,16.1955604,74.8665003
,16.2448286,74.9451051
,16.2521109,75.0101755
,15.999628,75.360118
Dandagunda,16.9692655,77.1073147
Ganganapalli,17.3978952,77.4212526
Hannikere,16.997322,77.0644262
Hudadalli,17.4585684,77.3423064
Huvinabhavi,17.4324606,77.2902687
Itaga,17.1217013,77.1386897
Karadala,17.0222585,77.0824819
Konchura,16.9919871,76.9901278
Maradagi,16.9016924,76.9538246
Maragula,17.1529065,77.1127174
Sankanuru,16.9576464,77.0858407
Tarakasapeta,16.8874255,76.9875323
Turanura,16.9256121,76.9424392
Yagapura,16.9162364,77.1144907
Chikkakadnur,12.7209826,76.288302
Banabi,17.3938498,77.0625834
Devanateganura,17.1872956,76.9258351
Gola,17.1076503,76.9488475
Herura,17.4522371,77.0249245
Hulagera,17.4286396,77.0763411
Katamma Deverahalli,17.1936576,77.0208351
Mogala,17.1406149,77.1320379
Revaggi,17.4862926,77.0797767
Suguru,17.4016631,77.1356347
Taranalli,17.1514364,76.9119802
Vatavati,17.4693614,77.0428906
Shantinagara,17.1567872,76.9467169
Markal,16.5001911,76.889343
Alura,17.4043567,76.6639707
Babaleshvara,17.6794852,76.5833028
Battaraga,17.4123199,76.5646778
Bolani,17.5310371,76.6730216
Dannura,17.4989173,76.6606093
Gadalegaon,17.7594946,76.5526821
Jamaga,17.5375436,76.4848561
Jidaga,17.5247009,76.4948745
Jirahalli,17.5605514,76.5149356
Lingadalli,17.5031978,76.351824
Mamadapura,17.5749427,76.6178127
Nellura,17.4972479,76.6470601
Sangolagi,17.5454591,76.5635718
Shakapura,17.546321,76.515066
Vaijapura,17.3720312,76.6398123
Hodala,17.5628703,76.8348774
Kottaraga,17.4987864,76.8279351
Hire Jevargi,17.3299005,76.3183224
Ankalaga,17.304477,76.4946597
Anura,17.1982419,76.4401556
Avarada,17.2115797,76.5094493
Bankalaga,17.2328591,76.2975555
Batagera,17.1451332,76.4899662
Dannura,17.26061,76.5438136
Guddevadi,17.1289062,76.4339785
Hinchagera,17.1470621,76.3952102
Ingalagi,17.2249718,76.52298
Karakanalli,17.1723268,76.4947311
Matoli,17.2294751,76.4248117
Shiravala,17.2278214,76.3085645
Shivapura,17.1532635,76.3726028
Sonna,17.1734797,76.3239977
Tellura,17.1891829,76.4950357
Balavadagi,16.9995068,76.9786955
Chamanuru,17.0078053,76.9222519
Donagaon,17.0307555,77.1914696
Hanumanahalli,17.0906133,77.2936153
Injepalli,17.1464448,77.3029695
Jilledapalli,17.0591668,77.3574001
Kolakunda,16.9573186,76.9345852
Kundanuru,17.0428048,76.9268525
Madabula,17.2752358,77.0161783
Malakuda,17.2159587,77.1417723
Ranjola,17.078728,77.3070495
Shankarajapura,16.9858841,77.4546913
,16.9814308,77.153712
Anantapura,17.0737445,77.4720792
Hanganalli,17.1585806,77.1904595
Indiranagara,17.168082,77.3369257
Irnapalli,17.1021253,77.4152171
Mallabada,17.0803379,77.4502565
Chikkahalli,12.2828404,76.729703
Akhandahalli,16.8428097,76.5169791
Allapura,16.7866712,76.3959814
Belura,17.0705696,76.4767777
Bhosga,17.1484323,76.5518772
Channura,16.9909343,76.8036307
Gavanalli,17.0458768,76.7360373
Hanchinala,16.8428288,76.4759314
Haravala,17.0588949,76.6874449
Hipparaga Kona,17.1573501,76.7678613
Honnala,16.9155676,76.9395402
Hotinamadu,16.8875745,76.9501342
Itaga,17.1732867,76.5458372
Jainapura,16.9369467,76.7957411
Jamakhandi,16.806887,76.6999634
Jamberala,16.9016656,76.4977337
Janivara,17.037846,76.7190104
Kachura,16.8236161,76.642603
Kakhandaki,16.8753462,76.6480103
Kattisangavi,17.0400418,76.8230786
Konnura,16.7945311,76.6874379
Kudalagi,17.0880414,76.5239199
Kuralagera,16.743944,76.4586403
Madari,17.0472634,76.8686792
Maganagera,16.8091239,76.4458984
Mahura,17.0882758,76.5675512
Malla,16.954925,76.9277224
Manashivanagi,16.8897895,76.4528965
Mandravada,17.1170227,76.7739541
Mangalura,16.8354352,76.6414382
Maradagi,16.8288643,76.7005989
Mavanura,16.992205,76.6880218
Mayura,17.0307108,76.4982569
Mogana Itaga,17.1351802,76.4666556
Mudabala B.,16.8818592,76.7765166
Muttakoda,16.9418221,76.6545729
Narayanapura,17.0955982,76.4383695
Nedalagi,17.0056674,76.4818266
Niradagi,16.8355153,76.6950566
Niralakoda,16.9628225,76.6750896
Rajavala,16.9824625,76.9349302
Ramapura,16.8753985,76.9202763
Saidapura,16.8726481,76.5684809
Shakapura,16.8749716,76.4708528
Sidnala,17.1525591,76.5221145
Sigaratahalli,16.9134454,76.7489772
Somanathahalli,16.8855424,76.7242528
Telagabala,16.8928014,76.505062
Varchanalli,16.8539065,76.8056823
Yatnala,16.8537471,76.4826032
Allagi Tanda,17.3392418,76.2375348
Hanchanala,17.1096834,76.5045766
Huvinahalli,17.1692354,76.6080155
Sirasagi,17.1338858,76.5693089
Belagumpa,17.1038975,76.7008484
Mainala,17.0886316,76.6158383
Raddevadagi,17.0674561,76.7911619
Nadakura,16.6119052,76.5617801
Sadyapura,16.7767346,76.78732
Gudihala (J),16.4665139,76.7572456
Horati,16.3826777,76.3463977
Hemmigepura,12.8819289,77.4854975
Nalvadagi,16.7661835,77.0425115
Basavantapura,16.8177819,77.0654046
Shampurahalli,16.8764743,77.0318062
Tallalli,16.5249361,76.6049659
Venkateshanagara,16.8535987,77.0817018
Shakapura,16.5151599,76.836522
Cholenahalli,12.7773805,76.0640062
Gaudagera,16.6460925,76.6309822
Ambalanura,16.6197741,76.2563511
Anachi,17.3581174,75.8867415
Babaleshvara,16.9993498,76.2471282
Brahmadevanamadu,16.7562152,76.4379234
Byadagihala,17.153465,76.2751005
Ganganalli,16.9525351,75.9759538
Guddalli,17.08261,76.1656149
Halagundakanala,16.6800014,76.4198557
Hanchinala,17.136852,76.1695898
Hikkanagutti,17.0004771,76.1974231
Hunasyala,16.702736,76.3294933
Huvinahalli,17.0475252,76.2260142
Ibrahimpura,16.7926533,76.1618843
Ingalagi,16.8516949,76.0693613
Jalapura,16.6159863,76.3510084
Kalahalli,16.9996208,76.2256429
Kanakanal,17.1257347,75.665146
Kesaratti,16.6127692,76.2823979
Khanapura,16.7426262,76.4024437
Loni Kedi,17.2877726,75.9486274
Niralagi,16.6023011,76.3961536
Rajanala,17.0248372,75.8630646
Saladahalli,16.7208436,76.4138479
Shirakanahalli,16.96513,75.9356439
Vanakihala,16.6485007,76.3717812
Chinamalli,17.0799328,76.5825225
Kekkarasavalagi,17.0963985,76.5882692
Amaragola,16.2005826,76.1164537
Bailakora,16.1924921,76.1400949
Bastihala,16.7658462,76.2866185
Boragi,16.8099436,76.2501787
Dambala,16.7960345,76.3647865
Gundakarjagi,16.4121626,76.0379643
Hadaginala,16.7789867,76.2963894
Hunakunti,16.1938705,76.1831772
Ingalagi,16.1739411,76.2620623
Kapanura,16.1992139,76.2128256
Kashinakunti,16.3266709,75.9440557
Kunchaganura,16.2281325,76.0651813
Lotageri,16.2080006,76.2860927
Madari,16.2016417,76.1507209
Mudura,16.3048291,76.0268041
Rakkasagi,16.1887284,76.2277023
Abbihala,16.3548789,76.1876567
Adavi Hulagabala,16.3363577,76.2648023
Gonala,16.3363486,76.2424129
Jalapura,16.3368656,76.2196923
Kavadimatti,16.3316022,76.1746592
Shirola,16.3235526,76.1374898
Vanakihala,16.335387,76.2351494
Angadageri,16.4566441,75.8555391
Benala,16.3868191,75.8825648
Budni,16.4769395,75.8783451
Halladagennura,16.4961286,75.6657536
Hosakolhara,16.4447747,75.6959182
Kubakaddi,16.5301462,75.6654032
Kurabaradinni,16.4827022,75.7632905
Majarekoppa,16.3893401,75.831544
Nagaradinni,16.4717898,75.7492161
Agasabala,16.5323167,76.0741018
Aralichandi,16.6198812,76.0423096
Budihala,16.6360866,76.103548
Chiraladinni,16.4682882,75.7995443
Devalapura,16.3569368,75.9283963
Gulabala,16.624536,76.1306812
Hanchinala,16.5224867,76.007372
Ivanagi,16.5401004,75.9928215
Jayawadagi,16.4987859,76.1078324
Manura,16.5089138,75.933566
Mullala,16.7477176,75.9749647
Nagarala Huli,16.591896,76.1458305
Nagaraladona,16.7079636,76.1357099
Nagavada,16.517868,75.9039991
Neginala,16.7519865,75.9630093
Ramanahatti,16.6234128,76.0721874
Siddanatha,16.434713,75.7842458
Solavadagi,16.5106102,76.0929569
Somanala,16.616812,76.1807923
Sulakhoda,16.4255548,75.7991842
Tadalagi,16.4498013,75.7939123
,13.5926316,76.1397289
Vaderahalli,13.5776195,76.2466846
Madapura,13.4923837,76.2037586
,13.4743344,76.2113653
,13.4620851,76.207621
,13.4515048,76.2296794
,13.4556368,76.235709
,13.4514422,76.2503432
Bommanalli,16.9871569,75.7913471
Kaggoda,16.8125919,75.9096979
Kallakavatagi,16.9253304,75.4876556
Siddapura,16.9133758,75.5244905
Lokura,16.7198255,74.7906312
Masaraguppi,16.7682995,74.9993073
Navalihala,16.746291,74.9025143
Pharidakhanavadi,16.677533,74.8347336
Shinnala,16.7058747,74.9850959
Siddevadi,16.7670742,74.9472597
Suttatti,16.6638218,75.237317
Tevaratti,16.8025526,75.0129982
Bavachi,16.4360035,74.7446633
Gundavada,16.6441342,74.9033603
Hubbaravadi,16.446163,74.767179
Jodatti,16.3394467,74.7725758
Kempatti,16.4615477,74.6774864
Maradi,16.3912512,74.7423185
Suttatti,16.5704438,74.8823265
Tirtha,16.6561688,74.9668011
Alakhanuru,16.5345672,74.9122651
Biranala,16.452184,74.8458846
Nagavalli,14.0994026,74.673956
Adi,16.494621,74.3718456
Amalajhari,16.3909888,74.4061513
Bhivashi,16.4700821,74.3732393
Budihala,16.4487693,74.3386342
Gondikuppi,16.3481746,74.3551902
Hanchinala,16.5266939,74.3617775
Kodni,16.429955,74.3378909
Sulagaon,16.5426628,74.2737313
Ashraya Badavane,16.2319273,74.6806075
Bennihalli,16.3551955,74.6167038
Biranaholi,16.0762172,74.5507581
Gaudavada,16.1911866,74.5780491
Hagedala,16.0496602,74.6408535
Jabapura,16.2396537,74.5937025
Jhangatihala,16.2475761,74.7250924
Jinarala,16.1499006,74.5563237
Kamatenatti,16.3534306,74.6013652
Kotabagi,16.2338146,74.6866962
Ramevadi,16.0627767,74.4374061
Shelapura,16.2936461,74.6117361
Shiradhana,16.237052,74.733826
Shirura,16.0369438,74.6416917
Yallapura,16.0184628,74.5936674
Yaragatti,16.1766665,74.591903
Ankalagudiketra,16.150013,74.6897208
Hatti Alura,16.1309876,74.6802788
Hunnura,16.1566373,74.6055152
Mavanura,16.1155322,74.7197465
Parakanatti,16.1387695,74.6975019
Rangapura,16.3185713,74.9949832
Shindhihatti,16.1408295,74.6612113
,12.7841273,76.1009251
Akkatangerahala,16.036724,74.7060328
Budihala,16.0064574,74.6821215
Elimunnoli,16.2691888,74.5793625
Jamunala,16.0248832,74.9020272
Kamatanura,16.268155,74.5229633
Kanasageri,16.0816166,74.771524
Kochari,16.2245554,74.549122
Madavala,16.0407022,74.7229634
Masaraguppi,16.2371631,74.5584298
Nidasosi,16.2926598,74.5162903
Panjanatti,16.0012116,74.7308929
Rajanakatti,16.0008035,74.7589202
Suladala,15.9967491,74.675324
Yaddalagudda,16.0112524,74.688008
Avaradhi,15.8894767,75.4118135
Bannura,16.0434866,75.2369667
Bennura,15.9054596,75.4101087
Bochabala,15.8865583,75.1858229
Chikkatadasi,15.8962012,75.422825
Chikkoppa,16.1204096,75.1081786
Dodamangadi,15.9352238,75.3005722
Gonaganura,15.9092563,75.2091927
Hampiholi,15.9011191,75.4058652
Hanamapura,16.0103614,75.4057543
Huligoppa,15.9322663,75.360377
Kadampura,16.0755416,75.2280315
Kalmada,15.9982819,75.3729325
M. Khanapura,15.9754674,75.4021921
Mallapura,15.9078964,75.2200538
Nandihala,16.0664324,75.4233912
Narasapura,16.0071192,75.2298414
Obalapura,16.0130844,75.313055
Soppadla,16.0341172,75.3059613
Totagatti,16.0246686,75.1597118
Aladakatti,15.8414165,75.0537409
Badli,15.8375779,75.0566787
Bolakadabi,15.9835083,74.9311648
Chikkabudanura,15.9682142,74.8542344
Dasanala,16.1425297,75.0477249
Goraguddi,16.0204647,74.9467703
Ingalagi,15.7914044,74.9332997
Kadabi,16.0097932,74.9554363
Karimani,15.857408,74.9373456
Karlakatti,15.8482016,75.0210411
Katrala,15.8319214,75.0656496
Kotura,16.0122037,74.9704259
Madamageri,16.0179297,74.9823101
Mallura,15.8469822,74.9872605
Matolli,15.810246,74.9686822
Rainapura,15.9594928,75.0338117
Shivapura,16.0170526,74.959466
Sogala,15.8481657,74.9635102
Tavalageri,16.0639017,74.9806983
Yaraganavi,16.017662,74.9984472
Basidoni,15.8551899,75.227029
Chikka Ulligeri,15.6619652,75.0709489
Goravanakolla,15.8063095,75.1192705
Hittanagi,15.7704295,74.9910642
Katamalli,15.7948644,75.1562473
Manikatti,15.8003263,75.217455
Shingaragoppa,15.7705225,75.0539125
Chikkoppa,15.8416109,74.9125919
Hirekoppa,15.8439904,74.8985563
Amarapura,15.7056485,74.6704135
Bachchanakeri,15.6129119,74.755547
Bairanatti,15.8581022,74.721275
Bhavihala,15.8248309,74.7517226
Bidaragaddi,15.6549665,74.8845053
Degaon,15.5705791,74.7518964
Dindalakoppa,15.4753539,74.7727104
Dombarakoppa,15.5858039,74.7967932
Gajaminala,15.9643515,74.7873233
Ganikoppa,15.8170113,74.6481424
Garajura,15.7212839,74.8601874
Giriyala,15.5891577,74.7749432
Hale Kuragunda,15.7250884,74.7631319
Hanabaratti,15.8827605,74.7058683
Hiremele,15.8348737,74.6972201
Hogarti,15.8973267,74.716935
Honnapura,15.5679173,74.7683163
Hosakuragunda,15.7369802,74.7651267
Jakanaykanakoppa,15.8393407,74.7391438
Jalikoppa,15.739752,74.8808274
Jamalura,15.6556539,74.8378382
Kadasagatti,15.6450082,74.8722165
Kulavalli,15.527402,74.78695
Lakkundi,15.8553592,74.7599103
Lingadalli,15.7363613,74.9043232
Mallapura Kariyata Ambadagatti,15.6097888,74.7954233
Marganakoppa,15.6659205,74.699408
Marigeri,15.5849278,74.8269986
Metyala,15.6198244,74.8455796
Mohare,15.9155306,74.7485725
Nichchanaki,15.5964135,74.8012909
Ningapura,15.4939931,74.7617701
Pularakoppa,15.8116341,74.6836934
Shigihalli Kariyata Ambadagatti,15.607187,74.7841324
Shigihalli,15.8109264,74.6698252
Somanatti,15.9038123,74.7992757
Sutagatti,15.8773464,74.7247491
Tegura,15.6186392,74.7159741
Timmapura,15.6033642,74.7732463
Yaragoppa,15.8120045,74.744826
Yaraguddi,15.8506397,74.7459697
Kallura,15.7807302,74.7265989
Kulamanatti,15.6967623,74.8165542
Ambevadi,15.8906503,74.4681365
Bachi,15.8693087,74.4058975
Balekundri,15.8814043,74.6332425
Benakanahalli,15.8632732,74.4572991
Bhutaramanahatti,15.9964057,74.5025644
Bokanura,15.8375292,74.4178609
Chaluvanatti,15.9487082,74.4519062
Gaundavada,15.9158291,74.516277
Godihala,16.0042519,74.4899373
Gojage,15.9007543,74.4334324
Halabhavi,16.0139299,74.54452
Halehosura,15.9966976,74.5597626
Iddalahonda,16.0247119,74.4588239
Kangrali,15.9066868,74.5127484
Kattanabavi,15.9851724,74.4648375
Kedanura,15.9556345,74.4801702
Kudremani,15.8612437,74.3611927
Malinatti,15.9553941,74.4435209
Mannikeri,15.962544,74.4652541
Ningyanatti,16.0108355,74.4606123
Ramapura,15.9778457,74.647729
Savagaon,15.8407608,74.4524848
Shivapura,16.0351536,74.4719191
Sonali,15.8331189,74.3910703
Sulaga,15.8781873,74.4547052
Sutagatti,16.053076,74.5069631
Turumuri,15.8775992,74.4196431
Vantamuri,16.031159,74.5332837
Ashte,15.9025326,74.5995033
Badasa,15.7706525,74.3647675
Bakanur,15.7538365,74.349417
Belavatti,15.7753578,74.3800043
Bijagarni,15.8075135,74.3926891
Chandagada,15.9075329,74.6093125
Chandanahosura,15.8243968,74.624335
Hangaraga,15.8261657,74.4401248
Kalakamba,15.8949246,74.5695959
Khanagaon,15.9132427,74.6272404
Mandolli,15.8324333,74.4571613
Muchchandi,15.8966321,74.5870411
Mutaga,15.8662752,74.5920498
Nilaji,15.8681625,74.5772848
Rajahamsagada,15.7444212,74.5256179
Rakasakoppa,15.8210804,74.3714013
Shindolli,15.8422102,74.583691
Yalebaila,15.8279461,74.3789433
Yaramale,15.7688102,74.5400471
Ankale,15.6880531,74.5163899
Bailur,15.7409851,74.3595457
Ganebaila,15.6864903,74.5012373
Golyali,15.734515,74.3046952
Habbanahatti,15.7053296,74.3480691
Iddalahonda,15.6987646,74.5157617
Kusamalli,15.7168346,74.3819133
Moraba,15.7592675,74.3662246
Nittura,15.7076628,74.4924768
Talavade,15.721676,74.2697231
Torali,15.7121425,74.3156362
Abanali,15.5569008,74.4083156
Asoga,15.6261397,74.4821333
Avarolli,15.6503415,74.6254741
Baloga,15.6409442,74.5540487
Baragaon,15.6672857,74.5321975
Bhalake Khurda,15.5315949,74.5102451
Bhandaragali,15.6816148,74.5361074
Chapagaon,15.6347501,74.5848104
Chikkahattiholi,15.6904818,74.657773
Chikkamunavalli,15.6657198,74.6515644
Chunchavada,15.4599059,74.7015582
Dhokegali,15.5831416,74.4977623
Doddahosura,15.6598312,74.5473188
Gadikoppa,15.689398,74.6348934
Gangavali,15.5985139,74.5079019
Godageri,15.4210987,74.7045796
Gundolli,15.4381782,74.7224397
Hadalaga,15.616399,74.5965971
Halakarni,15.6518648,74.5027662
Haruri,15.5960759,74.4950901
Hattaragunji,15.6691495,74.5101435
Hirehattiholi,15.6806831,74.6442423
Jalaga,15.629384,74.543886
Jamagaon,15.5549682,74.3804253
Jhunjavada,15.5604607,74.6396072
Kadatana Bagevadi,15.6115998,74.6441087
Kamashinakoppa,15.6691472,74.6042737
Kapoli,15.4968092,74.5429904
Karalaga,15.6165452,74.5568385
Karambala,15.6215053,74.5260756
Karavinakoppa,15.6693338,74.6626135
Karikatti,15.4737233,74.6894862
Kaundala,15.6103438,74.5281628
Keravada,15.5675698,74.7042063
Khairavada,15.5902488,74.5936765
Kiravale,15.5088022,74.4613521
Kuppatageri,15.63827,74.5318504
Manasapura,15.6390671,74.488219
Mangenakoppa,15.5717884,74.6901941
Manikavadi,15.5704089,74.5002669
Manturga,15.6066667,74.4823549
Mudevadi,15.6663257,74.5139897
Mugalihala,15.5999615,74.6511871
Nidagalla,15.688633,74.5419063
Pura,15.4232522,74.7258504
Rumevadi,15.6252167,74.5128362
Sagare,15.5487199,74.6193634
Sangaragali,15.5503955,74.4837098
Savaragali,15.5779459,74.5184035
Shedegali,15.6108411,74.4964797
Shimpevadi,15.5266115,74.5245735
Shindoli,15.5857605,74.5122017
Shirolli,15.5633768,74.4386327
Shivoli,15.6265438,74.5771071
Suvatavadi,15.4273189,74.5557836
Teregali,15.5800456,74.4390446
Tivoli,15.5694424,74.4716244
Topinakatti,15.6900563,74.5622423
Yadoga,15.6486032,74.5605964
Aski,16.5115829,75.1307394
Badagi,16.4018418,75.5090556
Maddi Vasti,16.5884761,75.1848218
Nagarala,16.3685061,75.5869111
Shivapura,16.3932933,75.5238037
Adihala,16.1974886,76.0700737
Aladakatti,15.9044143,75.5782785
Balakundi,15.9195203,76.0864362
Bellikhindi,15.9976167,75.5193281
Biranura,15.8785456,75.4795397
Chatnihala,16.0449437,76.1548016
Chikkakodagali,15.8938688,76.1108968
Chikkamalagamvi,16.1609018,75.9885344
Chikkanasabi,15.8717001,75.7319317
Chintakamaladinni,16.0980952,76.150371
Gonala,15.9361189,75.7884791
Gorabala,15.9763457,76.1231695
Govanaki,15.9176197,75.7546122
Havaragi,16.1704792,76.163392
Hirebudihala,16.0531322,75.6794978
Hullalli,16.1779465,76.1106979
Indavara,16.1570497,76.2018941
Karadigudda,16.1316061,75.5010999
Khajagalla,16.1893519,76.0287965
Khanapura,15.8981474,75.4989524
Konnura,16.0934086,76.1798462
Manniri,15.841033,75.7050404
Medinapura,16.1536614,76.0007251
Narenura,16.0403561,75.507763
Nasagunni,15.8555468,75.8381754
Navilahole,15.891185,75.7420248
Palathi,16.0978473,76.1868397
Sankalapura,15.9184312,76.1065165
Varagodadinni,16.1862581,76.0205622
Bannihatti,16.0403843,76.0273837
Bevinamatti,16.0451146,75.9954059
Chilapura,16.0067454,75.8921807
Gorjanala,16.0012148,75.9585857
Kalligudda,16.0240789,75.8712169
Kyadigeri,16.0105934,75.8945065
Mullura,16.0563115,75.8593759
Nimbalagundi,16.0239916,75.8618789
Shiddanakolla,15.9793258,75.8594691
Tallikeri,15.992528,75.9435284
Upanala,15.9602182,75.8598173
Baire,14.8979911,74.2646435
Balemane,14.9024544,74.4387316
Hosali,14.8838808,74.1299768
Kadra,14.9058881,74.3470725
Kanasagiri,14.863323,74.1411683
Nivali,14.8396558,74.2756058
Vailavada,14.8622925,74.2460902
Yaramukha,15.0486648,74.564779
Belageri,14.9923835,74.7269726
Dehalli,14.9770869,74.6297666
Hiriyala,14.95939,74.6206114
Hosalli,15.0618844,74.8671083
Kalasuru,14.9682535,74.8184452
Kanchanalli,15.0625491,74.8031694
Kattige,14.9766462,74.6091212
Kodlagadde,14.857599,74.5694176
Kolikeri,15.0277456,74.7801113
Madanura,15.0340437,74.850063
Adigona,14.5985972,74.3229496
Agragona,14.599513,74.329011
Belambara,14.6408105,74.2865332
Dongri,14.7315019,74.5422977
Hadava,14.6189263,74.3200493
Halavalli,14.730324,74.5992774
Haravada,14.735535,74.2553305
Heggara,14.6864059,74.4278489
Heggara,14.8153034,74.6201507
Hegre,14.5866573,74.3217876
Honnebaila,14.6123608,74.2963552
Kammani,14.7059302,74.5963358
Kanagila,14.6182016,74.3281745
Mogata,14.6026946,74.3981249
Janata Colony,14.6697154,74.3081755
Shiragunji,14.6204487,74.4100611
Uluvare,14.5946777,74.3672522
Mahakuta,15.9369573,75.7244267
Lakkanahalli,14.0363946,76.9307393
Badagi,14.5180382,74.6726889
Bandala,14.5326842,74.6579056
Bengale,14.5780547,74.9802308
Marigadde,14.6232052,74.9291634
Devimane,14.5186729,74.5731774
Hanchinakeri,14.6017759,74.8607138
Husari,14.6168819,74.8968459
Kalkuni,14.5982946,74.8286335
Kulave,14.5679154,74.8694082
Terakanahalli,14.5841393,74.8671498
Balegadde,14.7432682,74.7528667
Devanalli,14.6202501,74.6610117
Kallalli,14.5891698,74.6478731
Kurse,14.5481771,74.6810082
Shigehalli,14.6322138,74.7419448
Sonaginamane,14.7884724,74.7302678
Vajagadde,14.6197532,74.6224636
Abbolli,14.4020055,74.5789089
Baggona,14.4072574,74.4160115
Bangane,14.4474812,74.6322412
Divalli,14.4253359,74.5555213
Gudeangadi,14.4677542,74.3762218
Hegle,14.4152419,74.4593044
Hindabail,14.4110985,74.5839058
Kalave,14.4485822,74.6022463
Kanakale,14.4402839,74.5738187
Karkimakki,14.44415,74.461284
Kujali,14.4041878,74.4588901
Morse,14.4569023,74.6598382
Urakeri,14.3884847,74.432232
Yalavalli,14.501457,74.4640717
Adakara,14.2425596,74.5596952
Anilagoda,14.2333555,74.5375085
Balakuru,14.2323569,74.5153218
Balemeta,14.2040188,74.5606537
Begodi,14.2282346,74.6624549
Biranagoda,14.2273158,74.5818788
Jalavalli,14.2477033,74.5303401
Kharva,14.2598708,74.5215952
Kudla,14.2647918,74.5043073
Kudragi,14.2363143,74.6155281
Magodu,14.2149466,74.6020142
Nagare,14.2341027,74.6411358
Talagoda,14.2268941,74.5140396
Danamav,14.3291957,74.6998162
Halli Baila,14.4958324,74.6748946
Hasaragoda,14.4933077,74.8015161
Heruru,14.4826217,74.7775721
Hukkali,14.4235421,74.6831187
Kodigadde,14.3445506,74.6455741
Nilkunda,14.4548651,74.7011264
Sarakuli,14.5120811,74.7723844
Adikekuli,14.1518144,74.5603596
Ashikeri,14.1722633,74.5863033
Kochchodi,14.1231871,74.5545281
Sampolli,14.1533512,74.5477592
,14.2056424,74.6621696
Avaraguppa,14.3610712,74.8781832
Balikoppa,14.3534173,74.9008788
Gunjagoda,14.3146005,74.8152692
Hejani,14.260115,74.7659574
Hosamanju,14.3532624,74.8100281
Hosuru,14.3415473,74.8829868
Magegara,14.3338506,74.9060423
Malemane,14.2776666,74.7290971
Mugadura,14.3219245,74.9086971
Ballatte,14.3785015,74.9126942
Hadalagi,14.5720331,75.0049863
Kallakoppa,14.7654596,74.9334348
Kallakoppa,14.7872982,75.0406194
Kattekai,14.3744883,74.8144599
Kodambi,14.7943611,75.0105149
Kunaji,14.3924097,74.878517
Madhuravalli,14.5630417,75.0018605
Mandlikoppa,14.4077534,74.8836429
Naruru,14.5083466,75.0289385
Pala,14.7936824,75.045976
Ramapura,14.8151586,75.0025476
Shyanavalli,14.7846826,74.9182542
Siddapura,14.7490246,75.0058564
Tigani,14.5430221,75.0411465
Virapura,14.7321848,75.0189677
Badanagoda,14.7082467,75.0076937
Balagara,14.5246102,74.8074652
Bankanala,14.662885,74.9676288
Baruru,14.5619919,74.8478609
Biluru,14.6658593,74.9504967
Hebbatti,14.6284352,75.0221767
Hudelakoppa,14.7123063,74.9468756
Isaluru,14.6799543,74.8834637
Kadabala,14.6438368,74.722747
Kalakardi,14.5970521,75.0053902
Karuru,14.5378895,74.8198297
Landakanalli,14.6206014,74.8713153
Malalagaon,14.6919348,74.9508685
Rangapura,14.7018387,75.0223084
Salkani,14.6639633,74.7188662
Santolli,14.6646037,75.0258347
Ullala,14.7267855,74.9290363
Vaddala,14.6480961,75.042631
Yadalli,14.5817269,74.8251335
,14.7146156,74.6815741
Benagaon,14.593376,74.5986179
Kiravatti,14.6442856,75.0198394
Kogodu,14.5298229,74.9143845
Malanji,14.6439724,74.9882094
Tattisara,14.6693226,74.7277901
Vaddinakoppa,14.5778092,74.9409361
Baichagoda,14.8466358,74.8554175
Bidralli,14.8239651,74.8150229
Byanalli,14.943993,74.9800355
Chitageri,14.8610137,74.9616864
Doddaharavalli,14.8552923,74.9987858
Karagolli,14.9755555,74.9908899
Kavalakoppa,14.9113305,75.0391073
Kolagi,14.7451825,75.0364775
Kundaragi,14.9682273,75.062189
Mainalli,14.9798183,74.8896352
Majjigeri,15.0194693,75.054137
Nyasargi,14.9826985,75.0609062
Sanavalli,14.9500773,75.0709381
Tamyanakoppa,14.9735373,75.0059554
Teginakoppa,14.9796671,75.0009438
Alibad,18.025422,77.3956086
Nagoor,18.0219688,77.3770976
Bharani,14.7722356,74.8578077
Bilki,14.8999444,74.8654312
Bisagoda,15.0051364,74.644392
Hasavante,14.2401289,74.8979753
Hemmadi,14.7490337,74.8631386
Kalluru,14.2622319,74.8778878
Kerehosalli,14.9049143,74.8425397
Kundaragi,14.7987022,74.8713708
Malalavalli,14.2375238,74.9049127
Tolagoda,14.8197184,74.7778142
Tegampur,18.0137818,77.321886
Halasithagaon,18.119044,76.9418116
Belake,13.9554785,74.5778351
Gundabala,14.3075976,74.5437335
Hirebaila,14.3402357,74.5972339
Hosagoda,14.3611664,74.6080876
Mundalli,13.9732235,74.5524274
Mavinahalli,17.9697776,77.143578
Halumathighatta,12.8484016,76.456015
Manjunathapura,12.8527761,76.5111273
Sannenahalli,12.8561681,76.5126109
Manchenahalli,12.8932843,76.4599642
Bediganahalli,12.8980639,76.4471976
Jogipura,12.90845,76.4387017
Nandipura,12.9188779,76.4353707
Somalapura,12.9338902,76.4446775
Horasomanahalli,12.9482546,76.4572296
Chikkamathighatta,12.9635111,76.3700995
Haralahalli,12.9589716,76.387399
Madaba,12.9808499,76.3573987
Baladare,12.9573982,76.3148347
Vagarahalli,12.9670277,76.3032804
Cholenahalli,12.8336342,76.3111936
Nadanahalli,12.8949978,76.3254723
Alagodanahalli,12.9300363,76.3509028
Bankavalli,14.6399589,75.0589428
Devara Hosakoppa,14.6114322,75.0907979
Hosakoppa,14.5612307,75.0733756
Kallukoppa,14.5863873,75.0350108
Kodikoppa,14.6007098,75.0841838
Makoppa,14.5827902,75.0571887
Mangapura,14.5841104,75.0496453
Sabara,14.6254111,75.1333191
Shankarikoppa,14.6335523,75.1101521
Talagadde,14.6023989,75.0913063
Tuyilakoppa,14.618928,75.1210498
Bennegeri,14.5693101,75.2632617
Bidarageri,14.4605067,75.1454671
Chaudikoppa,14.411523,75.0171079
Chikkabburu,14.4732446,75.190418
Chikkamakoppa,14.4260745,74.9833205
Ginivala,14.523144,75.2597727
Gudavi,14.4515829,75.0120093
Guduginakoppa,14.4605111,75.1939686
Hanchi Tanda,14.5163146,75.2498814
Harishi,14.5013283,74.9395016
Hirekabburu,14.4895962,75.202055
Holemaruru,14.391272,74.962857
Horabailu,14.4770877,74.937351
Jambehalli,14.4034113,75.0441774
Jogihalli,14.5521931,75.2634862
Kallambi,14.4346828,75.0324543
Kanukoppa,14.4766309,75.2085796
Katavayi,14.415048,74.9523828
Kuduregani,14.4084744,75.0667674
Malekoppa,14.4341982,75.1178616
Manchi,14.4399888,75.1758305
Nalluru,14.4745511,74.9170309
Narchi,14.4629382,74.9304235
Negavadi,14.5100398,75.191107
Sampagodu,14.4944245,75.0336394
Saremaruru,14.4205216,75.0404512
Tavarehalli,14.3943078,75.0494406
Toragondanakoppa,14.4062314,74.9536287
Tyavagodu,14.4236093,75.0549207
Udri,14.4455284,75.1516337
Vaddigere,14.493787,75.213242
Vaddigeri,14.4417398,75.1644883
Vruttikoppa,14.5261758,75.2122156
Yalivala,14.554844,75.2836726
Upinahalli,12.9675745,76.3395084
Sabbanahalli,12.9286304,76.57626
Byadarahalli,12.9664328,76.5866956
Arakere,12.9360612,76.5683865
Ankaravalli,14.4017776,74.9902218
Balagodu,14.3200163,75.0459521
Chikkashakuna,14.3862367,75.104612
Dodderi,14.3050271,75.0242506
Haralige,14.3285731,75.0132947
Hirale,14.3039703,75.0530501
Hosabale,14.3159278,75.0449391
Kadasuru,14.3624551,74.9958099
Kodanakatte,14.3097863,75.0387861
Magadi,14.2978093,75.0268741
Mudagodu,14.2942123,75.0426418
Mutaguppe,14.3252779,75.0220251
Nisarani,14.3061203,75.0744542
Ramagondanakoppa,14.2860164,75.0370857
Baruru,14.2483302,75.1842612
Chipli,14.1955847,75.1638518
Kotikoppa,14.1659719,75.2010043
Mankodu,14.1842316,75.0404495
Nadakalase,14.1853282,75.0802217
Nichadi,14.1677328,75.1532164
Padavagodu,14.2239721,75.0927056
,14.2094196,75.1651043
Balagodu,14.1816551,75.0571824
Haregoppa,14.2896865,74.9385678
Kagodu,14.2570182,74.9780368
Koppa,14.3016552,74.9463613
Kerodi,14.1984709,75.0791501
Maruru,14.2205601,75.1036596
Saiduru,14.2609992,74.9415671
Sulluru,14.2855329,74.9176509
Tadagalale,14.2940275,74.9512889
Korli Koppa,14.2331878,75.2104867
Yalakundli,14.3070948,74.990834
Attibailu,14.1566817,75.4346273
Bisalahalli,14.4341888,75.2835002
Channapura,14.478937,75.2690479
Chikkalavatti,14.2626524,75.2524081
Hirekalavatti,14.2512589,75.2771998
Inam Muttalli,14.4814366,75.2912494
Kalenahalli,14.2579049,75.3219641
Karani,13.934026,74.7370871
Karnalli,14.4679628,75.3252993
Kattinakaru,13.9940197,74.7080307
Korategere,14.4416596,75.3078841
Kotipura,14.2596974,75.2871998
Malavalli,14.4830364,75.3234593
Marathe,13.9195309,74.8074353
Mattighatta,14.1682194,75.3840687
Mulukoppa,14.4653786,75.2936953
Narasapura,14.4627336,75.2812566
Ragikoppa,14.4650651,75.3152377
Sanda,14.2893703,75.2765697
Shettihalli,14.274292,75.2968537
Shirihalli,14.4762806,75.2819348
Yarekatte,14.2063748,75.4159104
Yarekoppa,14.172884,75.2899916
Aralikoppa,13.7866687,75.6843055
Attigunda,13.8953197,75.761287
Balemaranahalli,13.7901629,75.6923558
Basalikatte,13.8852556,75.7596333
Bilaki,13.8873305,75.6759566
Bommenahalli,13.7799938,75.726884
Chandanakere,13.9838498,75.7654755
Doddagoppenahalli,13.8048314,75.7011916
Doddibilu,13.8489472,75.6019505
Dombara Bairanahalli,13.9711936,75.7578974
Gondi,13.7715261,75.67849
Guninarasipura,13.8240028,75.7299107
Hebbandi,13.8653186,75.6879982
Holeneralekere,13.87016,75.6969714
Honnavile,13.8979038,75.6531156
Huliyuru Ramenakoppa,13.8160612,75.6309979
Hunasekatte,13.7793236,75.620108
Kabalikatte,13.8593212,75.7316859
Kalanakatte,13.7821802,75.6616439
Kallajjanal,14.0169865,75.7527849
Kallihalu,13.964516,75.7614503
Kenchenahalli,13.8038945,75.7464951
Komaranahalli,13.8609716,75.7542893
Navile Basavapura,13.8921017,75.6628342
Otighatta,13.867715,75.6280706
Rabbarkadu,13.7827806,75.705523
Sanklipura,13.8298382,75.6518629
Siriyuru,13.8549589,75.6485373
Tammadihalli,13.7566943,75.6332263
Tiplapura,13.8979652,75.736844
Ukkunda,13.8199643,75.7731835
Vijayanagara,13.8552057,75.7449481
Virapura,13.8499921,75.6595967
Virapura,13.8733772,75.734768
Yadehalli,13.9922724,75.7651382
,12.0690322,76.5362805
Aluvalli,14.0408825,75.2899999
Arasalu,13.9984068,75.3073894
Baluru,13.9184618,75.3447755
Basavapura,13.9831339,75.3485146
Dobailu,13.8785446,75.3377966
Gubbiga,13.9275785,75.3621024
Harohittalu,13.9670388,75.3469198
Kalase,13.9285079,75.3276149
Karagodu,13.962308,75.2616265
Kolavalli,13.9486126,75.2383943
Masaruru,14.0197653,75.2966947
Maskani,13.8939989,75.3266296
Tammadikoppa,13.9721112,75.2982178
Baluru,14.0449517,75.2428998
Bidarahalli,13.895338,75.26928
Halanduru,13.8973362,75.2365592
Jamballi,13.9342335,75.2470012
Kadasuru,13.8734871,75.1876768
Madapura,14.0447606,75.2770758
Malalikoppa,13.8981233,75.2142443
Nagarahalli,13.8833173,75.1946491
Nanjavalli,14.0052853,75.1932251
Nivane,13.8724526,75.1570756
Alagerimandri,14.0201458,75.1551962
Haratalu,14.0186235,75.174473
Hebbailu,14.0675831,75.117156
Ichalukoppa,14.0739576,75.106138
Karakki,13.9866916,75.169581
Menase,14.0386796,75.1822525
Nandri,14.0806361,75.1233156
Navaturu,14.0389902,75.2466647
Purappemane,14.0906159,75.0977396
Ankenahalli,13.0473058,76.3353615
Mudugoppa,13.8175426,75.0280793
Kusugundi,13.9503634,75.1654329
Punaje,13.9596258,75.1094833
Sulagodu,13.9990496,75.1244803
Balele,12.1366686,76.05085
Besaguru,12.1412233,76.0218816
Betoli,12.1647445,75.7922231
Devanuru,12.1408305,76.0650152
Dhanugala,12.1741434,75.9902614
Nalluru,12.1529266,75.9964777
Nangala,12.1608808,75.8321739
Poradu,12.0376965,75.9189103
Teralu,12.0063181,75.9028387
Badaga Banangala,12.2804566,75.9369529
Kannangala,12.266703,75.8358481
Aiguru,12.5382359,75.845083
Edavare,12.5045469,75.8642859
Yemmemadu,12.3208096,75.6501472
Kadangamaruru,12.2172072,75.7617963
Katakeri,12.4286053,75.7013582
Kusaburu,12.5700158,75.8663367
Nerale,12.5581074,75.9062824
Yadavanadu,12.5019059,75.9088247
Ajjalli,12.64907,75.8773965
Avaredalu,12.753053,75.9052546
Byadagotta,12.5097953,75.933558
Chennapura,12.635214,75.8848046
Doddahanakodu,12.6259797,75.8590888
Gejjehanakodu,12.6339338,75.8603708
Halagote,12.539251,75.9586389
Hulase,12.5159037,75.9692554
Kallalli,12.8009473,75.8769658
Kugekodi,12.640674,75.8707092
Kuguru,12.649468,75.8942524
Madapattana,12.4528046,75.9365407
Mallenahalli,12.5079733,75.9455374
Maruru,12.5271996,75.9657605
Sampigedalu,12.7255604,75.9289155
Shunti,12.6558036,75.8669874
Sigehosuru,12.5175874,75.9314331
Sulimalte,12.6320268,75.8738658
Takeri,12.6029795,75.7991628
6ne Hosakote,12.5469046,75.9540751
Andagove,12.4475494,75.8720334
Atturu Nalluru,12.4067156,75.8350225
Bekkesodluru,12.1063421,75.9855076
Ichuru,12.1389832,75.8893431
Kalluru,12.4656925,75.8749706
Kanabailu,12.470187,75.859241
Kodagarahalli,12.4382188,75.8548298
Kudluru Chettalli,12.3760564,75.8480603
Maluru,12.4817395,75.8725591
Nakuru Shirangala,12.4744631,75.851583
Nanjarayapattana,12.3738995,75.8907665
Paisari,12.3477561,75.8885987
Tyagaturu,12.3476498,75.865495
7th Hosakote,12.4425596,75.8696741
Kalanja,12.6053709,75.3264663
Malladevapura,12.8530675,76.1341132
Ainekidu,12.6327758,75.6246034
Balila,12.6679043,75.408343
Balpa,12.6767609,75.512155
Doddathota,12.5980923,75.4440034
Kollamogru,12.5759865,75.6082538
Peruvaje,12.6767876,75.3535497
Bennura,15.4400536,75.3127244
Chilakavada,15.5141163,75.3329774
Karlavada,15.5062511,75.3121603
Saidapura,15.4042513,75.4778223
Arebasanakoppa,15.270195,74.9415093
Bagadageri,15.1897505,75.0409805
Bisarahalli,15.2273465,74.9809248
Devalingikoppa,15.3425722,75.0027615
Dimbavalli,15.1422753,74.8682118
Galaginakatti,15.1327449,74.9483521
Hosagabbura,15.3183193,75.1469212
Junjanabail,15.1206919,74.9174219
Karlakoppa,15.3094768,74.9128999
Machapura,15.1707097,74.9772268
Rayanala,15.3309727,75.0920004
Suttagatti,15.396683,75.0651625
Chikkagunjala,15.2332853,75.4089706
Kodlivada,15.2833477,75.3916187
Rattigeri,15.0961141,75.3520165
Sultanapura,15.1125841,75.4126441
Hanchagodanahalli,12.9249271,75.9247837
Jingaravally,12.9083328,75.8890597
Abbana,12.9136383,75.9067885
,12.9264462,75.895131
Banavase,12.9394394,75.8791516
Bommasagara,15.8274885,75.8122789
Da. Sa. Hadagali,15.5845266,75.6477839
Jagapura,15.6819962,75.3341318
Kuradagi,15.5443522,75.6868881
Kurugovinakoppa,15.8383726,75.3805861
Nagarala,15.5261421,75.7209347
Sulugodu,12.8574576,76.0040385
Hosuru,15.2998988,75.5739509
Sitalahari,15.2550808,75.5261946
,15.3502545,75.6209064
Akkigunda Tanda,15.1792601,75.5268451
Basapura,15.1711009,75.4079577
Bijjura,15.0245375,75.6394077
Budihala,15.0486215,75.6052975
Chavadala,14.9964719,75.741023
Chikka Savanura,15.0768156,75.6235082
Govanakoppa,15.0086458,75.6676436
Jalligeri Tanda,15.2184081,75.6460165
Kallaganura,14.9833745,75.7724797
Kanakavada,15.0002811,75.7097423
Kundralli Tanda,15.1569747,75.5627993
Narayanapura,15.0757621,75.6537933
Sasaravada,14.9652578,75.7499029
Sevanagara,15.0666871,75.7618761
Shivajinagara,15.174508,75.6322569
Survanagiri,15.042579,75.5282187
Vadeyara Mallapura,15.0840928,75.46088
Kuluvanahally,13.1755427,77.2986098
Bidanala Tanda,15.1259522,75.8309454
Byalavadagi,15.1992047,75.8790855
Chikka Hesaruru,15.1588421,75.9378483
Churchihala,15.3501383,75.7376147
Doni Tanda,15.2816679,75.6840113
Gangapura,15.0943043,75.8778994
Kakkura Tanda,15.1604369,75.9149133
Shingatarayanakeri,15.3393013,75.7068909
Shirola,15.2050528,75.874489
Tamragundi,15.2330564,75.8445653
Tippapura,15.1587723,75.8504009
Virupapura Tanda,15.1344601,75.8257472
Virupapura,15.1428272,75.824833
Kesuvinakatte,12.7831392,76.6023211
Basapura,15.6852496,76.0303014
Bevura,15.5661275,76.1793052
Bhairanayakanahalli,15.5315661,76.1755287
Budakunti,15.690519,76.1969794
Bunakoppa,15.6714854,76.0595257
Chikkabannigola,15.7137442,76.0920183
Dammura,15.6607317,76.0726332
Gule,15.6892297,76.269864
Hagedala,15.6872489,76.056552
Julakatti,15.714157,76.0372452
Kallabhavi,15.6575412,76.2446783
Kolihala,15.5729986,76.2206488
Kudagunti,15.5736884,76.0764177
Marakat,15.6679662,76.2710321
Maranala,15.6481748,76.0476287
Myadaneri,15.5517905,76.2355907
Putagamari,15.684472,76.2122608
Shiragumpi,15.7124864,75.9067723
Hosura,15.6694635,76.1556117
Ningapura,15.4237975,75.9843201
Challari,15.5739639,76.2691543
Chikka Bommanala,15.5808944,76.2960737
Chikka Sulikeri,15.5500289,76.2780557
Chilakamuki,15.5140667,76.2438309
Hire Bommanala,15.5979745,76.2735751
Hire Sulikeri,15.5279814,76.2611714
Allanagara,15.3255513,76.2459228
Bandi Harlapura,15.3457743,76.3695829
Bikanalli,15.2753731,76.0579941
Bilebhavi,15.3930358,76.3287537
Chandragiri,15.3815228,76.3467776
Chukanakalla,15.3138568,76.1505309
Dadegalla,15.355142,76.1230161
Dambralli,15.2676917,76.109612
Gabbura,15.3716815,76.2563165
Gudageri,15.3156194,75.919278
Guddadahalli,15.3687437,76.2833553
Gunnalli,15.3183198,76.1073396
Haidaranagara,15.177165,75.9480998
Halahalli,15.3894693,76.2570196
Hale Bandi Harlapura,15.3489385,76.3897854
Hirebaganala,15.3108242,76.2432586
Hirekasanakandi,15.2998474,76.2704401
Holemudlapura,15.2843614,76.3347105
Horatattanala,15.3328427,76.1136656
Hosalingapura,15.3007762,76.3213838
Hosalli,15.3144092,76.3131045
Kal Tavaragera,15.4022735,76.2579593
Kampli,15.2302289,75.9888689
Hosa Kanakapura,15.3346703,76.2609941
Karkihalli,15.2532815,76.2474935
Kenchanadoni,15.4478618,76.2590965
Kukanapalli,15.4336975,76.2946639
Matti Mudlapura,15.2944042,76.3355785
Mundaragi,15.2664271,76.1982921
Nageshanahalli,15.3898372,76.3392418
Naregalla,15.3994259,76.1495697
Niralagi,15.2012886,76.0771339
Yattinahatti,15.365929,76.1326126
Aralihalli,14.9475362,75.7781303
Giriyapura,14.888722,75.7600003
Haravi Basapura,14.7484506,75.7213714
Linganaykanahalli Tanda,14.7664785,75.7377826
Linganaykanahalli,14.7657868,75.725469
Virapura,14.8740773,75.7680757
Govindapura Tanda,14.9302485,75.9881111
Kaggalakatte Tanda,14.8851521,75.8912087
Komaranahalli Tanda,14.9110189,75.9436119
Musukina Kallahalli,14.900918,76.0834272
Vyasa Mallapura Tanda,14.8759679,75.8633185
Bannigola,15.1699082,76.1313113
Basarakodu Tanda,15.1293328,76.1160472
Basarakodu,15.1422438,76.1049391
Chikkasobati,15.0887535,76.1736029
Chimmanahalli,14.961613,76.1355753
Enigi Basapura,15.1080958,76.076421
Giregondanahalli,15.0520772,76.0680884
Hampasagara-3,15.1132543,76.0560632
Hanchinala,14.9693513,76.1301346
Hiresobati,15.0929527,76.1556229
Kodihalli,14.9300412,76.1757374
Kogali Kodihalli Tanda,14.9482463,76.1863126
Mutkuru,15.1850756,76.1942819
Mutturu,15.0257836,76.2449506
Nelkudri 2,14.9719469,76.1671299
Rameshvarabandi,15.1816488,76.1801254
Shigenahalli,15.1618542,76.1502079
Vallabhapura,15.0184555,76.2260355
Vattammanahalli,14.9644628,76.2040707
Yadrammanahalli,15.106372,76.1544867
,15.073751,76.1962219
Adavi Ananda Devanahalli,15.1279306,76.2031618
Anekal‌ Tanda,15.034846,76.2706521
Ballahunasi,15.049197,76.2453939
Hosa Ananda Devanahalli,15.0804639,76.2254873
Kallahalli Tanda,14.9289924,76.2824679
Kanavinayakanahalli,14.9555465,76.2864678
Keshavarayanabandi,15.1011508,76.2602695
Lokappanahola,15.1730389,76.3253674
Maduru,15.0095567,76.2580091
Nakaralu Tanda,15.1517011,76.2474086
Narayana Devarakere,15.164544,76.2844751
Rayarala Tanda,15.0763794,76.2823572
Upparagatta,14.9908685,76.2678581
Vyasapura Tanda,15.1041679,76.3055885
Chapparadahalli,14.8150381,76.207046
Chinnenahalli,14.7515143,76.2384677
Haralu,14.8197087,76.16029
Hunasikatte,14.7783338,76.234515
Jagatageri,14.7909915,76.2548268
Maruru,14.7924998,76.2022364
Nadumavinahalli,14.7489347,76.2754135
Chikka Kumbalakunte,14.6382966,76.4114804
Kannaborayyana Hatti,14.6139715,76.5353642
Katrikehatti,14.5997291,76.569548
Konanahalli,14.728913,76.2223814
Malehalli,14.5737767,76.5427982
Pichcharahatti,14.5950406,76.5015751
Pujarahalli Tanda,14.6217262,76.5297641
Ranganathanahalli,14.6741041,76.4311081
Sakalapuradahatti,14.6164817,76.4679668
Yambali Vadrahatti,14.5996593,76.4798287
Varahanatha Kallahalli,12.5301463,76.4624829
Aralihalli,15.4227512,76.6316087
Ayyanahalli,15.1738253,76.3433814
Basavanada Durga,15.3061931,76.3880858
Galemmanagudi,15.1918995,76.3762408
Gonalu,15.3141615,76.6839568
Hanumanahalli,15.1833012,76.3798257
Hosuru,15.2919423,76.3534258
Kampli Kote,15.4074446,76.5901435
Mariyammanahalli Tanda,15.1483987,76.3514512
Nagalapura Tanda,15.1084726,76.3871081
Potalakatti,15.0375729,76.3887577
Rajapura,15.2321114,76.3959062
Venkatapura,15.1841952,76.3502652
Honnahalli,15.2679562,76.7014258
Sitarama Tanda,15.3070862,76.5084116
Powerhouse Colony,15.3100143,76.4965042
Andavane,13.326576,75.5056964
Bikkodu,13.0756221,75.8633873
Avinamadagu,15.086762,76.7323339
Basapura,15.0202884,76.7750274
Basapura,15.2005846,76.6370581
Chikka Kereyaginahalli,14.9602005,76.4151024
Devara Mallapura,14.9671334,76.5202487
Girenahalli,15.0126557,76.3879046
Gollarahatti,14.9801963,76.4628098
Hirehalu,14.9606517,76.5097538
Hire Kereyagina Halli,14.951636,76.4588044
Hosa Jogikallu,14.9727517,76.4484851
Huchchenahalli,14.9340511,76.4572629
Jaisingapura,15.1836679,76.4380184
Kererampura,15.064687,76.7266758
Kodihalli,14.9860371,76.4631548
Lakshmipura,15.0793936,76.549184
Mallarahalli,14.9057441,76.502514
Metriki Gangalapura,15.0490452,76.7640988
Metriki Lakkalahalli,15.0021807,76.7536488
Radha Nagara,15.1547159,76.4699448
Ranjit‌pura,15.0474089,76.6076694
Shriramashettihalli,14.9449245,76.4162462
Somalapura,15.0329206,76.4909637
Subrayanahalli,15.0081249,76.5563518
Sultanapura,15.1577822,76.7090729
Suravvanahalli,14.8875754,76.4807544
Sushilanagara,15.1193918,76.4939087
Tokenahalli,14.872934,76.5807042
Uttaramalai,14.9952104,76.4108719
Venkatagiri,15.1996909,76.4246305
Vithalapura,15.024754,76.6301346
Basapura,15.3605347,76.8455163
Bommanahalu,15.2673013,77.145473
Dammuru Kaggal,15.3268716,76.9544031
Deshanuru,15.6490121,76.8706892
Gajiginahalu,15.6744555,76.9455852
Hagaluru Hosahalli,15.4010674,76.9662753
Hosa Genikahal‌,15.3770923,76.8552775
Channapattana,15.4246836,76.7637629
Ibrahimpura,15.6634813,76.9038549
Karchedu,15.3136583,77.0528105
Kotehalu,15.5975824,76.9626143
Krushnanagara,15.2278837,76.8413213
Madire,15.2896044,76.8999966
Marutipura,15.3023974,76.7642925
Rudrapada,15.4871522,76.7838951
Singadevanahalli,15.3156733,76.913742
Vaddatti Camp,15.3142371,76.8795953
Yallapura,15.3253821,76.8047624
Ramachandrapura,15.4306806,76.7266638
Bannikoppa,15.0256154,75.2489306
Bhadrapura,14.956845,75.110917
Chikkabendigeri,15.0806163,75.2240473
Chikkamallura,15.0067324,75.2629083
Chikkanellura,14.9686853,75.2723624
Hanakanahalli,14.8967227,75.1533738
Hanumarahalli,14.9819983,75.2636019
Hirebendigeri,15.0831877,75.2065138
Hiremanakatti,15.0520671,75.2134619
Kamalanagara,15.1144541,75.1142807
Makapura,15.0088189,75.1635662
Mallanayakanakoppa,14.9229306,75.1917008
Mamadapura,15.060585,75.11199
Muddinakoppa,14.9253434,75.1181325
Mukabasarikatti,14.9224754,75.2223337
Mulakeri,14.9413501,75.1241369
Niralagi,15.0931453,75.1717358
Shedagaravalli,14.9051722,75.1133154
Shidlapura,14.9021415,75.1912754
Shingapura,14.9304666,75.1888291
Shivapura,14.967633,75.1687819
Yattinahalli,15.0041452,75.1420419
Aralihalli,14.874169,75.4740006
Chikkamugadura,14.8688298,75.4592466
Fakkiranandihalli,14.9254763,75.2954781
Hosa Kunimellihalli,14.8700344,75.3172178
Ichala Yallapura,14.9338502,75.4561389
Mavura,14.9309147,75.3146095
Mellagatti,14.8965193,75.3614116
Nandihalli,14.9573613,75.2840747
Teggihalli,14.96477,75.3012778
Bailamadapura,14.9563794,75.5804903
Benakanahalli,14.7173606,75.351435
Bidaragaddi,14.7527382,75.2760584
Chinnura,14.8980724,75.5427887
Gudura,14.9504257,75.6297217
Hosalli,14.7767238,75.3482097
Jangamanakoppa,14.8152628,75.4416376
Kallapura,14.7264754,75.38736
Kesaralli,14.9139783,75.5081433
Kulenura,14.7630317,75.3128083
Malapura,14.8064382,75.4571438
Maraduru,14.9265265,75.589497
Najika Lakamapura,14.7305509,75.3240895
Nelogalla,14.7584829,75.4376576
Shiddeshvaranagara,14.7232028,75.3287592
Shivajinagara,14.7257575,75.3164501
Teredahalli,14.9502234,75.6918203
Timmenahalli,14.811563,75.4985039
Totada Yallapura,14.7753925,75.4173412
Varadahalli,14.8568018,75.3323142
Akkivalli,14.7776735,75.168867
Aregoppa,14.8794663,75.1012719
Badamagatti,14.8744376,75.1663765
Bailavala,14.8747127,75.1082862
Bidarakoppa,14.7711003,75.0577263
Gejjihalli,14.7350303,75.131051
Girisinakoppa,14.7403652,75.1345465
Hale Gejjihalli,14.7322668,75.1257734
Handihala,14.752899,75.0532076
Haralakoppa,14.6957752,75.0460827
Haranagiri,14.8500628,75.2864111
Hulaginakoppa,14.7914765,75.1089002
Inam Dyamanakoppa,14.8530988,75.2048571
Janagundikoppa,14.8495206,75.1729595
Kopparasikoppa,14.8027582,75.0722745
Kuntanahosalli,14.7756116,75.1483765
Nellikoppa,14.8791395,75.1521722
Ramatirtha Hosakoppa,14.817826,75.1059556
Sagaravalli,14.7168968,75.0445667
Savasagi,14.7962875,75.1629105
Shivapura,14.7349455,75.0684458
Shringeri,14.7221214,75.0621168
Valageri,14.8735045,75.2245355
Yalivala,14.8943203,75.1079241
,14.8646524,75.1476282
Allapura,14.8391012,75.274603
Bingapura,14.8308467,75.2298118
Byagavadi,14.7030385,75.2738065
Dammanala,14.6773328,75.3117071
Guddadamattihalli,14.7012246,75.3101953
Hallibail,14.5926647,75.1977012
Hombali,14.8304379,75.2510178
Inam Lakamapura,14.6406665,75.2144191
Janginakoppa,14.6841687,75.1296354
Kadashattihalli,14.803133,75.1934775
Kalaguddi,14.5878983,75.2209231
Kalakeri,14.7119388,75.2638651
Kanneshvara,14.6836694,75.2207171
Kelavarakoppa,14.6574491,75.2745378
Kodiyallapura,14.7850453,75.2582313
Lakamapura,14.7506981,75.2296419
Malapura,14.6550678,75.2534529
Negavanagi,14.8225669,75.1596303
Nitaginakoppa,14.8448305,75.1564787
Shingapura,14.7737555,75.2632162
Shiramapura,14.8066803,75.1783622
Shivajipura,14.8397985,75.1776464
Tumarikoppa,14.7519418,75.2503086
Agasanahalli,14.6641923,75.4802462
Anura,14.601821,75.4693629
Arabagonda,14.7498263,75.4950831
Bevinahalli,14.6938755,75.656388
Dasanakoppa,14.667442,75.3407706
Gungaragoppa,14.6257881,75.3937962
Hale Gungaragoppa,14.6180078,75.3829033
Hale Honnatti,14.7557416,75.6341545
Haranagiri,14.7420138,75.7070708
Hosa Honnatti,14.7476023,75.6240149
Hullatti Tanda,14.6573699,75.6383834
Khurda Kodihalli,14.7123645,75.4482268
Kollapura,14.6117561,75.472484
Lakamajikoppa,14.6322871,75.4904044
,14.7003515,75.6659453
Muttura,14.623895,75.369507
Nellikoppa,14.6555963,75.372445
Saravanda,14.6020707,75.5371303
Sevanagara,14.758251,75.5368787
Shankaripura,14.7023276,75.4303681
Shidenura,14.6378515,75.450925
Shivajinagara,14.6294821,75.449127
Shivapura,14.7439477,75.4694878
Siddapura,14.6647152,75.3270181
Somalapura,14.6720313,75.7719802
Timakapura,14.6930775,75.4075284
Venkatapura,14.6937007,75.5465049
Yallapura,14.729887,75.6182414
Badabasapura,14.4399734,75.6297811
Hanumanahalli,14.5119697,75.6973873
Kusagura,14.5440986,75.5630953
Mushtura,14.5152024,75.6741812
Nadiharalahalli,14.5511708,75.7764583
Pattepura,14.4222888,75.6380727
Timmenahalli,14.4251319,75.6228901
Vaderayanahalli,14.5485858,75.7666736
Yalabadagi,14.4947138,75.6160455
Aladakatti,14.485169,75.3949712
Apinakoppa,14.5368825,75.3225613
Babapura,14.5590866,75.4537887
Battikoppa,14.5239006,75.5160547
Chikkamattura,14.5051889,75.4622879
Dasanakoppa,14.5721884,75.334873
Gangapura,14.5029131,75.4694534
Hadrihalli,14.4860385,75.3786763
Hirekonati,14.5551221,75.3295334
Hiremadapura,14.443165,75.5447048
Hireya,14.4693867,75.4647953
Holabikonda,14.447792,75.3521239
Hosalli,14.4481736,75.4402459
Hosavirapura,14.3939059,75.42793
Kachavi,14.5881101,75.2591405
Kalagonda,14.4909597,75.4212825
Kalvihalli,14.4478743,75.3743567
Kunchura,14.5166624,75.5003077
Lingadevarakoppa,14.5296004,75.4984636
Lingapura,14.592238,75.3762361
Madlura,14.5877356,75.3037669
Masu,14.3803299,75.4569107
Muddinakoppa,14.5838041,75.3277029
Purakondikoppa,14.582611,75.2418183
Sannagubbi,14.4299604,75.5299876
Sattagihalli,14.4241789,75.4587229
Shankaranahalli,14.5390582,75.4401378
Shriramanakoppa,14.5438185,75.3745415
Totaganti,14.421252,75.5204875
Vadenapura,14.5772174,75.4237337
Vaderahalli,14.5280498,75.4794448
Yalivala,14.4092068,75.4988597
Yammiganura,14.5645346,75.2337027
Yogikoppa,14.5758782,75.38953
Bandri Tanda,14.8647001,75.9458969
Bandri,14.8603626,75.9568175
Bavihalli,14.8436795,76.0770936
Channahalli Tanda,14.8710004,75.818006
Chikkahalli,14.8402204,75.9631399
Eredettinahalli,14.8283476,75.9672219
Harakanahalu Dodda Tanda,14.8488495,75.8287281
Harakanahalu Sanna Tanda,14.8558582,75.8192665
Hombalagatti,14.7878589,76.0328803
Ishapura,14.8733663,75.8432411
Kanahalli,14.8925299,75.9522981
Kannayakanahalli,14.8387438,75.8666653
Karekanahalli,14.8575077,75.8775338
Madlageri Tanda,14.8642369,75.9095033
Nichchapura,14.7820454,76.0589148
Niluvanji,14.7853903,76.1046303
Shrungaratota,14.8299716,76.0015725
Togarikatte,14.8171291,75.9136416
Udgatti,14.8091403,75.9059633
,14.7753904,76.0008244
,14.8009872,75.9562464
Madapura,14.8134285,75.9506907
Aremajjigere,14.7619494,75.8800584
Chikkamajjigere,14.7580207,75.8947453
Garbhagudi,14.7292133,75.7675156
Goverahalli,14.81989,75.9313951
I Bevinahalli,14.7449641,75.858944
Kallahalli,14.7625335,75.8629311
Kanavi,14.7339895,75.7907421
Kandikeri Tanda,14.6629018,75.8499014
Lakshmipura,14.5680599,75.9445988
Nitturu Basapura,14.6805334,75.758917
Shingrihalli Dodda Tanda,14.562177,75.9325015
Shiraganahalli,14.6141716,75.884324
Tumbigere,14.608103,75.8722526
Vaddinahalli,14.5242646,75.9641732
Vatlahalli,14.6523198,75.8266927
Vyasana Tanda,14.7570782,75.9045187
Adavimallapura,14.6796061,76.0281656
Alaganchikeri,14.6611391,75.9407671
Bendigeri,14.6496972,75.9559217
Dyapanayakanahalli,14.7360978,76.0493682
Hariyammanahalli,14.7137729,76.059939
Hikkingeri,14.6987357,76.0649678
Hosa Obalapura,14.7551231,76.0661326
Joshilingapura,14.7057557,76.0751323
Kasavanahalli,14.691629,76.0870869
Komaranahalli,14.7380939,76.0352681
Koracharahatti,14.7326722,75.927439
Machihalli Tanda,14.7088222,75.9322279
Tippanayakanahalli,14.7647959,76.0498588
Vadeyara Basapura Tanda,14.7090625,76.045715
Bevinahalli Dodda Tanda,14.5551462,76.0102643
Bevinahalli,14.5473148,76.0200353
Budihalu,14.6205815,76.1095348
Chatnihalli,14.5305302,76.0747672
Chikkabballi,14.6432253,76.0912226
Diddigi Tanda,14.5488304,76.0990337
Hosakote,14.6423862,76.1024686
Kavalahalli,14.635672,76.0195329
Keregudihalli,14.6589696,76.0833106
Madihalli,14.6283254,76.1242236
Nandikamba,14.6013199,76.0471637
Nelagondanahalli,14.6411909,76.0484666
Punabhagatta,14.6087319,76.0334392
Ramaghatta Tanda,14.5541153,76.1047188
Ramaghatta,14.5399066,76.1131684
Tauduru Tanda,14.6527149,76.0443301
Tauduru,14.6436586,76.0356478
Yaraballi,14.6582553,76.0386071
Kargal,12.627292,75.9613152
Ainahalli,14.5353824,76.2656641
Basavapura,14.5145641,76.244603
Bullanahalli,14.4971158,76.2946893
Chikkabantanahalli,14.6774486,76.270421
Gauripura,14.6370198,76.3233113
Gopalapura,14.6704838,76.2820811
Guddadalinganahalli,14.5467044,76.2411146
Huchchangipura,14.6040726,76.1569319
Kyasenahalli,14.6369269,76.3396294
Muggidaragihalli,14.4807669,76.1366556
Mustigarahalli,14.5323166,76.2441076
Nibaguru,14.4396479,76.3120441
Rastemakunte Gollarahatti,14.4562587,76.3047329
Suraddihalli,14.5129898,76.2275034
Suragondanahalli,14.5353844,76.1945265
Tumbinakatte,14.651437,76.33758
Ujjappa Vaderahalli,14.6149749,76.1593344
Urlakatte,14.6011184,76.1992559
Venkateshapura,14.6347896,76.2308938
Vyasagondanahalli,14.4927761,76.2531554
"Anaburu Gollarahatti,",14.5991858,76.3975987
Baggenahalli,14.5103646,76.2811799
Bangara Kanagudda,14.530726,76.4184704
Jyotipura,14.6045484,76.3923344
Kananakatte,14.5542799,76.430229
Kattigehalli,14.4469219,76.3265599
Madamuttenahalli,14.5761831,76.4531401
Salehalli,14.5214719,76.4807895
Tayitone,14.5314861,76.4657526
Chikka Ujjini,14.6819281,76.3193787
Gandhinagara,14.6022573,76.3690403
Kamagetanahalli,14.5084082,76.393113
Marikatte,14.6553562,76.3479749
Mudalamachikere,14.5035559,76.4265243
Amaravati,14.5120923,75.8226653
Belludi,14.5780354,75.8655486
Byaladahalli,14.4375588,75.7804181
Chikkabidare,14.6263235,75.8157238
Dituru,14.5763944,75.8243771
Halasabalu,14.5154751,75.7760951
Haraganahalli,14.4942632,75.781238
Hotteganahalli,14.6119014,75.8622782
Karalahalli,14.5904354,75.8388619
Kenchanahalli,14.588523,75.8632652
Kurubarahalli,14.5965329,75.8454642
Pamenahalli,14.5927201,75.8157564
Salaganahalli,14.4257988,75.8031915
Vaderahalli,14.5524791,75.8431497
Yakkegondi,14.4279636,75.777051
Adapura,14.3735062,75.7882833
Bevinahalli,14.4347998,75.8226866
Guddada Tumminakatte,14.37774,75.6780535
Guladahalli,14.3612383,75.8140815
Kadlegondi,14.4122372,75.8213271
Koppa,14.3095796,75.7465657
Arasapura,14.5427951,75.9049885
Devarahatti,14.5117413,75.9126521
Doddabudihalu,14.4954027,75.9127628
Karuru,14.4831464,75.8914211
Kodihalli,14.5260099,75.8502956
Nagarakatte,14.4853987,75.9726642
Putaganalu,14.5129392,75.9500868
Balluru,14.3661672,75.8370289
Batlakatte,14.3745872,75.8773738
Hosa Belavanuru,14.400313,75.9220348
Hosanayakanahalli,14.3654647,75.9154077
Javalagatta,14.3757161,75.9071591
Mallapura,14.4940239,76.0064028
Mudahadadi,14.390049,75.8571344
Nilanahalli,14.4860852,75.8454464
Shiraganahalli,14.376959,75.8357764
Annapura,14.3294511,76.0719444
Bavihalu,14.3235433,76.0913945
Bommenahalli,14.3195664,76.0428138
Bullapura,14.3759197,75.9528204
Dodda Rangavvanahalli,14.3593316,76.0294027
Doddamagadi,14.300035,76.0737014
Ganganakatte,14.3553397,76.0654103
Giriyapura,14.460181,76.0644035
Gollarahalli,14.4919387,76.071842
Gudalu,14.4273793,76.098486
Hanumanahalli,14.3588133,76.0001078
Hedne,14.2792155,76.0984386
Kaluru,14.3328233,76.0124824
Kenchammanahalli,14.4111899,76.086973
Kodihalli,14.2953634,75.9487625
Kolenahalli,14.3349198,75.865715
Lingapura,14.4654618,76.0371352
Lokikere H. Badavane,14.3235112,75.9401301
Mudenahalli,14.4239166,76.0760527
Parushurampura,14.3223765,76.0599531
Pavadarangavvanahalli,14.4170998,76.0581535
Vaddinahalli,14.443081,75.9784936
Yaragattihalli,14.3368032,75.9358884
Anjaneyapura,14.2303444,75.7125963
Channamumbapura,14.1118311,75.7450359
Chikkabasuru,14.2052096,75.7049249
Dodderi,14.0930078,75.6772247
Ganjenahalli,14.11438,75.5699493
Hanagavadi,14.0890843,75.7182847
Hanumasagara,14.2812196,75.6261988
Hirebasuru,14.1908185,75.6783633
Hosakoppa,14.2053647,75.5026067
Hosamalali,14.0725576,75.6913472
Huralahalli,14.1186748,75.694018
Kammaragatte,14.2240769,75.7073909
Lingapura,14.1087345,75.7338643
Malali,14.0846186,75.7155045
Naraginakere,14.2061658,75.4956764
Surahonne,14.1483806,75.5579569
Taggihalli,14.0941893,75.6993182
Takkanahalli,14.2341498,75.6961984
Tyagadakatte,14.1181629,75.777715
Vijayapura,14.1966237,75.710698
Basavanahalli,14.0977097,75.8400255
Lingadahalli,14.1006054,75.8536305
,14.1035751,75.872791
Ganadakatte,14.1074094,75.838834
,14.1890803,75.854744
Sagarapete,14.2060653,75.817382
Chikka Kurubarahalli,14.2435723,75.8225207
Reddihalli,14.2502413,75.8141186
Akalakatte,14.0812867,75.9307885
Arehalli,14.273793,75.8652616
Astapanahalli,14.0831688,75.8584696
Basavarajapura,14.1294564,75.8778711
Bhairanahalli,14.0650952,75.8601944
Billahalli,14.0639242,75.9067878
Bulasagara,14.093398,75.914836
Chikkulikere,14.0322521,75.9119147
Dandigenahalli,13.9791481,75.9484291
Donihalli,14.0423849,75.9080502
Galihalli,14.0602784,75.8782453
Ganadakatte,13.973697,75.857471
Giriyapura,14.2135527,75.9435306
Hagedahalli,14.0280079,75.8200179
Hallimallapura,14.1925589,75.9040337
Haronahalli,13.999537,75.888193
Honnebagi,13.9957149,75.9561892
Kadaranahalli,14.2769215,75.8701159
Kanchiganalu,13.9769923,76.0400688
Malligere,13.9803267,75.9144044
Mantaraghatta,14.0946702,75.9012668
Mavinakatte,14.0174864,75.8469085
Narashettihalli,14.0164649,75.9681827
Nilogal,14.166888,75.7933989
Sunigere,14.0205993,75.8923694
Yarehalli,13.99583,75.8808983
Bettakaduru,13.9510477,76.0608541
Bommenahalli,14.1083616,76.0186981
Chikkaganguru,14.0827609,76.025228
Chikkamalali,13.8897092,75.9220877
Dodderikatte,14.123793,76.004373
Gandhinagara,13.9802711,75.9295538
Ganduganahankalu,13.9517264,75.932164
Gangagondanahalli Tanda,13.8843614,75.9942448
Halakanalu,13.9551817,75.9675577
Hanumalapura,13.8821188,75.9636628
Haralaghatta,14.0085082,76.023777
Hireganguru,14.0885951,76.0163795
Hosuru,13.997144,75.8480858
Joladalu,13.9663898,75.8543727
Kabbala,14.1978445,75.8850493
Kalkere,13.9058226,75.9893315
Kasturinagara,14.1794115,76.0594434
Koratikere,14.0742097,76.0390886
Lakshisagara,14.0925061,76.0458299
Madena,14.0050521,75.8359181
Maravanji Tanda,13.9450228,75.9818493
Medugondanahalli,13.9227655,75.9792829
Mugalihalli,13.8669168,75.9434944
Nellihankalu,13.8762677,75.949385
Sarathi,13.9822019,75.8554713
Shivakulenuru,14.1445269,76.0057209
Siddanamatha,14.2057409,76.051347
Tavarekere,13.8549385,75.9604648
Topenahalli,14.2108258,76.0257952
Upanayakanahalli,14.2403599,76.0052786
Yaragattihalli,14.0630347,76.0000681
Bandravi,15.0073882,76.7036909
Hanumapura,15.028169,76.7168918
Hosadadaguru,14.8902416,76.759665
Hosakote,14.8169779,76.8217667
Jahagira Buddenahalli,14.9056505,76.7382408
Jambalamalki,14.8916242,76.7515352
Karadihalli,14.9153902,76.8527364
Kelagina Kanive,14.948793,76.7597616
Kerekundapura,14.8814265,76.7917076
Machenahalli,14.8234233,76.8282763
Melina Kanive,14.9743508,76.751951
Pakkurti,14.9114984,76.7429362
Ramasagara,14.8287207,76.8016975
Roppa,14.8029941,76.8179906
Siddayyanakote,14.7149222,76.6483848
Talavarahalli,14.778487,76.680939
Tammenahalli,14.9436338,76.8238167
Virapura,14.8212908,76.7869075
Aladahalli,12.762309,76.278331
Arehalli,12.7386196,76.3038221
Annechakenahalli,12.726653,76.2973213
Bantarathalaalu,12.7312285,76.30665
C. Hindalahalli,12.7090618,76.2869076
Guddapura,12.717966,76.3056719
Gulaganjihalli,12.7219835,76.3337889
Hirithalaalu,12.707819,76.3252168
Mudala Koppalu,12.7234469,76.3418685
Havinamaranahalli,12.7628662,76.3193059
Honnavara,12.7405772,76.2564553
Kadavinabachahalli,12.7714245,76.3391916
Nagarthi,12.7521728,76.3417164
Chaulakere,14.5904338,76.6095722
Chikkobanahalli,14.6583608,76.6017632
Devarahalli,14.5338597,76.7885439
Surammanahalli,14.6255111,76.6081579
Gaudagere,14.4778857,76.5113922
,14.5024079,76.502192
Antapura,14.1450266,76.058106
Bandetimmalapura,14.5712322,76.762101
Bhimagondanahalli,14.4754725,76.480679
Bosedevarahatti,14.4315101,76.5335752
Channabasayyanahatti,14.4700982,76.5204725
Dasaramuttenahalli,14.5076053,76.5855454
Honnuru,14.49979,76.7598086
Hosa Jogihatti,14.4823844,76.4807439
Khudapura,14.4524154,76.5761539
Kodihalli,14.4727971,76.6693584
Mahadevapura,14.4667215,76.5745227
Nandihalli,14.1501146,76.0623583
Obayyanahatti,14.4924011,76.595888
Ramadurga,14.4235049,76.5390857
Muniswamipura,14.5053933,76.5772795
Rudrammanahalli,14.5414778,76.6812956
Valase,14.4538146,76.7334843
Belagere,14.1613283,76.7539061
Devarahalli,14.4539773,76.6160187
Dodderi,14.2977177,76.7077136
Ganjigunte Lambanihatti,14.2014085,76.6362917
Hosahalli,14.4480298,76.6600052
Jaganurahatti,14.4847737,76.5222827
Kamasamudra,14.3939805,76.8614174
Kammat Marikunte,14.235398,76.6603965
Konigarahalli,14.1896579,76.7754943
Lakshmipura,14.2742161,76.649019
Manumainahatti,14.4516093,76.5593556
Marammanahalli,14.4743539,76.7803578
Moduru,14.4060499,76.8492166
Nagagondanahalli,14.3882777,76.8398769
Nelaga,14.3889728,76.5007658
Pillahalli,14.2340851,76.9617413
Shiddeshvaranadurga,14.210177,76.9762126
Siddapura,14.2765896,76.669728
Tippayyanakote,14.4576572,76.6517373
Upparahatti,14.2906247,76.6881615
Varavu,14.4117033,76.641643
Vrundavanahalli,14.3122349,76.8620459
Chattekamba,14.3154359,76.8315545
Doddaghatta,14.4122016,76.4771248
Heggere,14.1635026,76.6498907
Hullehal,14.3969583,76.2982415
Kadabanakatte,14.4361618,76.441955
Matsamudra,14.3234254,76.8174125
Myasarahatti,14.4442478,76.4501073
Obalapura,14.2010168,76.8286403
Torebiranahalli,14.1679921,76.7809852
Upparahatti,14.4163604,76.495311
Adavi Gollarahalli,14.3626436,76.2677438
Ajjappanahalli,14.3881062,76.2610544
Dyapanahalli,14.3994963,76.1926138
Halavudara,14.3175561,76.1718168
Haralakatte,14.3811083,76.2266736
Heggadehal,14.3626178,76.2111514
Heggere,14.354746,76.1909839
Isamudra Hosahatti,14.4025633,76.2382344
Kakabalu,14.4155255,76.2140896
S. Ankanahalli,12.7457885,76.2684621
Lakkur,12.7259455,76.2537773
Menaganahalli,12.7284112,76.2622576
Bachchaboranahatti,14.273325,76.4520601
Bagenal,14.3339976,76.4434432
Baligatte,14.3101581,76.2863666
Biravara,14.2928614,76.301067
Bommavvanagtihalli,14.2382329,76.2221881
Channayyanahatti,14.2676803,76.3419763
Chikkabennuru,14.318632,76.2401618
Chikkalagatta,14.279629,76.256957
Gaurammanahalli,14.2952568,76.2587451
Hirebennuru,14.3143683,76.2482442
Hosa Rangapura,14.2866845,76.1819839
Jammenahalli,14.27659,76.1887461
Kalkunte,14.310717,76.2673431
Konanuru,14.2529625,76.2328993
Kurubarahatti,14.2883841,76.3426649
Obalapura,14.3063598,76.1603543
Papenahalli,14.3060234,76.3432699
Siddapura,14.2672122,76.1928654
Annehal,14.1051305,76.3346082
Bettadanagenahalli,14.1796884,76.274743
Devarahatti,14.2075835,76.3523439
Ingaladal Lambanihatti,14.1631495,76.4294402
Jalikatte,14.2140776,76.3619553
Jodi Chikkenahalli,14.2268036,76.5437357
Kallihatti,14.1991538,76.3270811
Kunchiganal,14.1992303,76.4444782
Kurumaradikere,14.1501131,76.4336073
Kyadigere,14.1734885,76.4762829
Mahadevanakatte,14.0957442,76.3450487
Manangi,14.2101809,76.3215003
Megalahalli,14.2305219,76.2194813
Pallavagere,14.2137893,76.5697339
Palya,14.1815344,76.2308192
Singapura,14.1676553,76.3082232
Sondekola,14.127908,76.3603186
Uppanayakanahalli,14.1429001,76.3748032
Kariyannanahalli,14.3113326,76.2212591
Madakaripura,14.2427778,76.1806812
Apparasanahalli,14.1055863,76.1741921
Arehalli,14.0358359,76.1389572
Banagere,14.1067876,76.1486362
Channapattana,14.1126877,76.1613521
Chiranahalli,14.0623503,76.182771
Ganjigatte,14.2345255,76.1174247
Gilikenahalli,14.07669,76.2256496
Gyarehalli,14.2281748,76.1098932
Hosahalli,14.0961549,76.1188917
Kagalagere,14.2272226,76.1339419
Kamasamudra,14.0221605,76.1490858
Malenahalli,14.0065359,76.1446771
Malkapura,14.0577535,76.1520656
Udogere,14.2350431,76.129701
Vishvanathanahalli,14.1971575,76.077808
Abradasikatte,14.074405,76.0750952
Arabagatta,13.8941338,76.1395555
Avinahatti,13.9643928,76.2006668
Basapura,14.0232655,76.1152424
Bidarakere,13.8753735,76.1326129
Bommanahalli,13.8867565,76.1629617
Channasamudra,13.8809156,76.151976
Chauda Gondanahalli,14.0226462,76.367577
Gangasamudra,13.9188063,76.1448517
Gaudihalli,13.9173535,76.1667633
Guli Hosalli,13.975245,76.3714085
Gundasamudra,13.9034655,76.1468996
Gunderi Kavalu,14.0142349,76.18173
Hanumali,13.9984184,76.0837381
Kanive Jogihalli,14.044582,76.351125
Kanivehalli,13.888175,76.0740242
Kasavanahalli,14.0667937,76.345189
Kolahalu,14.0432332,76.4425921
Komaranahalli,14.0238079,76.4102626
Kudinirakatte,14.040744,76.2027039
Narayana Gondanahalli,13.9181889,76.201037
Nulenuru,14.0074744,76.1233844
Bettagondanahalli,14.0962872,76.8577125
Beturu Palya,14.1313563,76.8403796
Beturu,14.1201733,76.8439317
Chikkasiddavvanahalli,14.1168619,76.4620829
Halagaladdi,14.0795213,76.8983459
Shravanagere,14.0651683,76.8447309
Bharamagiri,13.9288556,76.4993709
Dasannanamalige,14.0711973,76.5071495
Ganjalagunte,13.8840989,76.6268073
Huchchavvanahalli Colony,13.9667861,76.5883515
Kallahatti,14.0853984,76.5002
Maskal Matti,13.9922584,76.6977632
Ranganathapura,13.9470545,76.7060989
Sevalalnagara,13.9578283,76.6452315
Talavarahatti,13.9303222,76.478572
Toresal Nagenahalli,13.9622617,76.7157442
Aralihalli,13.7857221,76.227001
Baguru,13.8200872,76.1940282
Banasihalli,13.9081892,76.2981238
Bhagashettihalli,13.6967698,76.2263346
Dodda Byaladakere,13.6898949,76.5215103
Goruvinakallu,13.7986208,76.2979789
Gulihatti,13.9389542,76.2682309
Hosahalli,13.8214412,76.2944043
Jayasuvarnapura,13.6806008,76.5482048
Kabbala,13.9201429,76.2194017
Kanguvalli,13.7293205,76.2283593
Kanive Sangenahalli,13.8484322,76.2580731
Koratikere,13.7098218,76.2380321
Nagarakatte,13.8979447,76.1971339
Narasipura,13.8813983,76.2994541
Rangapura,13.7920681,76.2310136
Rangavvanahalli,13.8697388,76.3572092
Shivanekatte,13.8024379,76.2547613
Tanigekallu,13.922734,76.2955451
Viravvanagatihalli,13.8943012,76.3424991
Malali,13.7545206,76.2147751
Ballalasamudra,13.7038884,76.2875125
Sujikal,13.6254064,76.3937309
Aiyyanahalli,13.8692429,76.4267379
Bevinahalli,13.843,76.4242103
Gavirangapura,13.589164,76.4182841
Kodihalli,13.880343,76.3230502
Somenahalli,13.5936828,76.3962149
Belavantanakoppa,14.5508548,75.2229043
Bommarsikoppa,14.6117118,75.1430594
Chikkachauti,14.5628954,75.2023161
Kotipura,14.5768926,75.1495764
Dvarahalli,14.6048398,75.1365593
Gummanala,14.5282002,75.2581388
Hurulikoppa,14.5765934,75.1870817
Kodihalli,14.5875119,75.1625336
Kuneteppa,14.5421738,75.2340135
Nellikoppa,14.6174158,75.183652
Tevarateppa,14.5279288,75.2208323
Nadahalli,14.3679279,75.0784686
,14.3725882,75.0505427
Basuru,14.5232051,75.0653264
Guddekoppa,14.4732627,75.1595488
Haralikoppa,14.5271891,75.0513665
Hiriyavali,14.4135191,75.1491196
Hosuru,14.4942296,75.1134709
Kuntagalale,14.4913428,74.9040356
Melina Gomala,14.6079043,75.0410506
Nittakki,14.5016759,75.0882976
,14.5198891,75.1471268
,14.5234046,75.1290346
Ediganahosur,12.7819109,76.3430961
Beemanahalli,12.8282031,76.201737
Arekoppa,14.3517942,75.2073706
Bairekoppa,14.334108,75.1087617
Barige,14.2604637,75.0788207
Bhadrapura,14.2520202,75.097412
Bhadrapura,14.5086116,74.9771389
Chikkasavi,14.3387182,75.2254812
Dyavasa,14.5009303,74.9479892
,14.5546597,75.1121206
Haruru,14.3521889,75.1575095
Hesari,14.3024011,75.2156716
Hirekalagodu,14.5268187,74.9623948
Hirekasavi,14.3435332,75.2348987
Holekatte,14.3071699,75.1953172
Hunasekoppa,14.5105282,75.0534415
Iduru,14.5428299,74.9688197
Induvalli,14.3002092,75.1967315
Kamaruru,14.4961643,74.9771305
Kappagalale,14.3455762,75.095388
Kulavalli,14.3310431,75.1563284
Kummuru,14.4077145,75.118181
Kundagasavi,14.3271215,75.1926954
Malalikoppa,14.3015621,75.2642594
Mangarshikoppa,14.5031021,74.9532271
Nyarsi,14.4462594,74.9771091
Pura,14.3126432,75.1360581
Pura,14.4529833,74.9734239
Sagadde,14.3056388,75.141648
Shantagere,14.3618596,75.1496662
Talebailu,14.3087405,75.1640052
Tavarekoppa,14.3590966,75.1711589
Telagundli,14.5131165,74.9160212
Devikoppa,14.4240976,75.220767
Gerukoppa,14.3906913,75.202715
Kavuli,14.4481797,75.2306328
Kodihalli,14.4293598,75.1953701
Kumsi,14.3995003,75.1932037
Maluru,14.4118304,75.2096195
Suttukote,14.3873232,75.2190283
,14.3416366,75.4308341
,14.3528513,75.3656305
,14.4039538,75.3399156
,14.4121287,75.2261678
,14.4145211,75.2314497
,14.4180479,75.2403686
,14.4356192,75.2592895
,14.4423081,75.3354469
,14.4565844,75.3346739
Annapura,14.2018081,75.2743836
Apinakatte,14.2937106,75.3935129
Aralehalli,14.2118996,75.5234145
Bannuru,14.2105137,75.2837772
Bendekatte,14.2717146,75.3916051
Chaudanayakanakoppa,14.3041971,75.4749408
Chikkapura,14.2023367,75.2944202
Chikkasaluru,14.2097857,75.3029648
Doddatanda,14.2783143,75.3840641
Hosa Mugalagere,14.3166631,75.3738276
Kenchigondanakoppa,14.2712967,75.4275879
Mallapura,14.2339858,75.2632059
Muduba Siddapura,14.2244228,75.25522
Tumbri Hosuru,14.3190658,75.3498097
,14.2671065,75.2383373
,14.2740929,75.2511585
,14.3049823,75.2840971
Attisalu,14.2725167,74.9419474
Chakkodu,14.2728605,75.0287603
Hirenelluru,14.2734839,74.9889032
Kanase,14.3080971,74.9296065
Maneghatta,14.263927,75.0134939
Masuru,14.2553171,75.0195904
Suraguppe,14.2953224,75.0002087
Hosamane,13.9332498,74.7560108
Guttanahalli,14.2538244,75.2028358
Jambani,14.2292521,75.1671705
Kannuru Sarkari,14.09912,75.2443399
Aichanahalli,12.7515609,76.227136
Kongalabeedu,12.7541028,76.2540138
Lakshmipura,12.7613786,76.2376746
Mallappanahalli,12.774747,76.2660817
Rangenahalli,12.6920775,76.3298647
Malleshwara Nagar,13.9355872,75.5892576
Gandhinagara,13.9438031,75.5726341
Agasavalli Hosuru,13.9041924,75.5189429
Anupinakatti,13.9227892,75.5339814
Arenakoppa,14.0423281,75.4550662
Bairanakoppa,14.0651206,75.4786221
Devakatikoppa,13.9961158,75.5227544
Gajanuru Agrahara,13.8486263,75.5342534
Gajanuru Mullakere,13.8624801,75.5369014
Gejjenahalli,13.9884211,75.5413195
Kallapura,14.066658,75.5450386
Mandaghatta,14.009678,75.3982089
Rechikoppa,14.036714,75.3683556
Ramanagara,14.0592052,75.4797466
Ramenakoppa,13.8949492,75.5387728
Sankedevanakoppa,14.0414995,75.4620185
Tattikere,13.8756031,75.5324527
Belagalu,13.7594265,75.5143651
Halalakkavalli,13.8337551,75.5386966
Huralihalli,13.7973698,75.5713271
Kadekal,13.8413886,75.5621537
Kakanahasudi,13.7481584,75.5441856
Kanagalasara,13.765972,75.5884812
Kuskuru,13.8491141,75.5664955
Lingapura,13.7480334,75.530053
Maleshankara,13.9292857,75.4303336
Mandenakoppa,13.8635164,75.586305
Manjarikoppa,13.9395472,75.4296707
Narayanapura,14.0929384,75.4882359
Rattehalli,14.0806164,75.5176624
Sidlipura,13.9727823,75.5159655
Suduru,14.0036146,75.3556843
Totadakere,13.8108912,75.5866085
Umbalebailu,13.7648166,75.5687244
Vinayakanagara,13.8511642,75.6114375
Yadavala,14.0581263,75.5024353
Koodabettu,13.2358308,75.0989903
Abbalagere,13.9890763,75.5883307
Abbaragatta,13.9748222,75.654772
Basavana Ganguru,13.9801419,75.5653659
Bedarahosahalli,13.990087,75.6378264
Belalakatte,13.9837204,75.6110404
Bhadrapura,13.9845882,75.6690619
Bullapura,13.9994963,75.6487303
Channamumbapura,13.97082,75.5832196
Gondichatnahalli,13.9604061,75.607612
Hole Hanasavadi,13.9685159,75.6244617
Holehatti,14.0233715,75.6732914
Hunasodu,13.9919221,75.576966
Kalluganguru,14.0006519,75.5636615
Mattodu,13.9751594,75.6009443
Melina Hanasavadi,13.9728739,75.6160756
Palya,13.918153,75.5793812
Siddarahalli,13.8631475,75.5689268
Uragaduru,13.9068165,75.5769619
Yalavatti Tanda,13.9246985,75.6281615
Agasanahalli,13.9649956,75.7124798
Anaveri,14.0602588,75.7413604
Arahatolalu,13.9919468,75.7410048
Ashokanagara,14.0039536,75.7731204
Baballi,13.8837235,75.7149448
Danayakapura,14.0052101,75.6787118
Devarahalli,13.8627011,75.7492933
Gudamaghatta,14.0371264,75.7742592
Hadlaghatta,13.7993768,75.7624674
Jambaragatta,13.9912614,75.7114877
Kagekodamagge,13.9005075,75.716532
Kalinganahalli,13.7887624,75.7524468
Kallapura,13.9436355,75.8233203
Kerebiranahalli,13.9773341,75.7243063
Kodi Hosuru,13.9445457,75.8001029
Kodihalli,13.943144,75.765441
Kumbari Narayanapura,13.9139465,75.7340236
Kurabaravithalapura,14.0900416,75.7520967
Mudalavithalapura,13.9858836,75.7129318
Nellisara,13.7274481,75.650857
Padmenahalli,13.9077286,75.6842048
Sanyasikodamagge Hosuru,14.0335891,75.7092834
Shivapura,13.7972276,75.7744516
Sidlipura Hosuru,14.0138546,75.6871437
Singanamane,13.7172462,75.6341479
Sitaramapura,13.9001592,75.754524
Tashkent Nagara,13.8170018,75.7432545
Tattehalli,13.9697133,75.7358991
Timlapura,13.9574651,75.7384234
Vaderapura,14.0690555,75.7389764
Vadiyuru,13.7092782,75.6407543
,13.8205424,75.7575585
,13.9282976,75.7670615
Basavanagudi,13.8345913,75.7339359
Guddadaneralekere,13.8683471,75.7642104
Sanjivanagara,13.8758037,75.7469096
Yarehalli,13.8229052,75.7337573
Adalakoppa,14.0270388,75.1432353
Baluru,14.0199234,75.1828748
Haridravati,14.0351695,75.1255407
Kerehalli,14.0304758,75.1239026
Baruve,13.9814827,75.2662517
Belanduru,14.0277324,75.2721475
Benavalli,13.9949809,75.2986685
Gavaturu,13.9832519,75.2543465
Halugudde,14.0306427,75.2277711
Kenchanalu,14.0188701,75.2851347
Kerehalli,14.014566,75.2586935
Mugutekoppa,14.0144768,75.2441006
Amruta,13.9113776,75.2556593
Huligadde,13.9220874,75.2483443
Kagacha,13.9229935,75.3020813
Kammachchi,13.9022896,75.2588321
Talale,13.9386464,75.2822832
Vada Hosalli,13.9032865,75.30538
Chikkajeni,13.961764,75.1954465
Guddekoppa,13.8701745,75.0654352
Hiremaiti,13.9771855,75.1937742
Kallukoppa,13.9414403,75.2224496
Kaluru,13.9227167,75.0640141
Karakki,13.9643572,75.1765941
Kumbatti,13.878049,75.0569898
Majava,13.9856766,75.1486942
Mavinakoppa,13.9174195,75.0805431
Mumbaru,13.9238722,75.1114411
Agalabagilu,13.7642463,75.1983953
Khandaka,13.774278,75.1942467
Talluru,13.7841422,75.2310881
Shankarahalli,13.8390876,75.2154515
Aluru,13.873687,75.2839297
Hirekallahalli,13.8668458,75.2625225
Hosakere,13.7857744,75.2158491
Hosakoppa,13.8615452,75.2966297
Huttalli,13.8827404,75.2642101
Kelagina Hadigallu,13.8367918,75.2483728
Mallesara,13.8212982,75.1940669
Muniyuru,13.857023,75.2427182
Talale,13.799559,75.4597067
Tyaranduru,13.7793582,75.2518065
Vatagaru,13.865995,75.3074409
Nagodi,13.9124489,74.8606716
Sulugodu,13.8338385,74.993098
Nellunde,13.8626133,75.1234007
Sonale,13.8549294,75.1406604
Togare,13.8329846,75.1091174
Kanle,14.2186489,74.947436
Maratturu,14.2033541,74.9187899
Hokrani,16.361859,76.2126006
Kodiramasandra,13.1207511,78.1576826
Basavanatha,13.1182613,78.150712
Basaveshvara Badavane,14.5941492,76.6708313
Bommakkanahalli,14.9065062,76.7961043
Chikkunti,14.6844938,76.6122018
Hirekerehalli,14.7806897,76.7007755
Kommanapatti,14.7450775,76.7089688
Megalahatti,14.7556063,76.7240298
Mogalahalli,14.5958418,76.6991823
Murudi,14.9137392,76.8276982
Myasarahatti,14.7119759,76.6908586
Kervashe,13.253916,75.0780613
Basapura,14.5055105,76.8481422
Gaurasamudra Kavalu,14.5369461,76.7618901
Hiremadure,14.2189877,76.6072024
Koradihalli,14.5661907,76.5496804
Pettammanavarahatti,14.335385,76.5922172
Bommanahalli,14.2619553,76.4462844
Hampayyanamalige,14.2541107,76.4513633
Kasavarahatti,14.2765481,76.4888212
Kavadigarahatti,14.2328261,76.373947
Lingavarahatti,14.2577534,76.4743369
Mallanakatte,14.24431,76.3848457
Pillekeranahalli,14.2420689,76.4038112
Dandina Kurubara Hatti,14.2262812,76.470221
Ennegere,14.215532,76.529035
Haliyuru,14.2119696,76.3078758
Hunasekatte,14.2281521,76.2790303
Ichalanagenahalli,14.2393052,76.3394888
Janakonda,14.1715666,76.3281217
Kodagavalli,14.2406345,76.2885722
Tirumalapura,14.1932092,76.3199703
Vaddara Siddavvana Halli,14.2594857,76.2603859
Gollanakatte,14.1584935,76.5591561
Nerenahal,14.1638336,76.5152934
Bandebommenahalli,14.2442655,76.0966201
Emmiganuru,14.0501931,76.2425476
Hanumakatte,14.1383188,76.2209711
Honnakalve,14.1442687,76.1320904
Horakeri Devarapura,14.0612989,76.3011614
Kashipura,14.1429382,76.2460491
Kondapura,14.1208118,76.2521374
Nagaraghatta,14.0732152,76.2882134
Nandana Hosuru,14.0226669,76.3319846
Nulenuru,14.1194575,76.2813049
Shivaganga,14.0791346,76.2510807
Vidyanagar,13.1590291,77.6243347
Old Shahabad,17.1411506,76.9306492
Beerapura,13.144643,76.2077718
Basavaghatta,13.1426557,76.1952236
Achchammanahalli,14.1331206,77.2482757
Aralikunte,14.1168419,77.3866476
Buddareddihalli,14.203966,77.25852
Budibetta,14.1889998,77.1904488
Chittaganahalli,14.0452856,77.1974309
Dalavayihalli,14.2927379,77.1918436
Devarabetta,14.0979889,77.1852409
Ettinahalli,14.1991323,77.2039561
Gujjarahalli,14.1116191,77.0538556
Gundlahalli,14.1190717,77.2130788
Hanumanabetta,14.2512898,77.2440758
Rajavanti Hosakote,14.033781,77.2973937
Jadenahalli,14.1972446,77.0327032
Jajurayanahalli Tanda,14.0541005,77.3281458
Jalodu,14.3312833,77.1490483
Kadapalakere,14.140537,77.2349748
Kanakapura,13.9454752,77.3974984
Kannamedi,14.0203979,77.2033964
Kilarlahalli,14.057727,77.1931558
Krushnagiri,14.0420812,77.2196084
Macharajanahalli,13.9176041,77.3888172
Mangalavada,14.071384,77.0789278
Maridasanahalli,14.1998,77.1461787
Minakuntihalli,14.2111949,77.2710486
Mugadalebetta,14.1074885,77.1740882
Nagenahalli Thanda,14.1843074,77.4717679
Neralekunte,14.0068353,77.3676777
Obalapura,14.1789996,77.1084951
Potaganahalli,14.2791391,77.213522
Rachamaranahalli,14.1924287,77.1831333
Shingareddihalli,14.1745209,77.209049
Talemaradahalli,14.1764068,77.2410266
Timmanayakanakote,14.0100915,77.1540007
Timmapura,14.1330228,77.2913349
Tumakunte,14.0716036,77.0546828
Upparahalli,14.1658469,77.3332136
Virammanahalli,14.140883,77.2671806
Virlagondi,14.0313565,77.2354632
,14.203511,77.1809897
,14.203884,77.1587165
Ballenahalli,14.2380132,77.1564404
Doddahalli,14.2657086,77.2436092
Kalarajanahalli,14.071752,77.0386179
Kurubarahalli,14.0913646,77.2404221
Mallammanahalli,14.2078302,77.0400598
Yallappa Nayakanahalli,14.2795241,77.131378
Bupuru,14.221582,77.3134043
Hosahalli,14.2238413,77.1315281
Jodi Achchammanahalli,14.2700196,77.1796242
Kyataganakere Tanda,14.2056462,77.3272566
Sulanayakana Halli,14.2172474,77.2373559
Vaddarevu,14.2652265,77.3472795
Venkatammanahalli,14.3328644,77.3969461
Yarrammanahalli,14.2151733,77.2193336
Uppur,13.3989737,74.7492982
Borasandra,13.7205528,77.0080404
Brahmasandra,13.9177777,76.8670537
Chikkanakote,13.7985709,76.8895088
Chiratahalli,14.064677,76.9512875
Dandikere,13.8693528,76.7675844
Devarahalli,13.9276844,76.8456444
Dyagerahalli,13.8975267,76.7460806
Guligenahalli,13.7118513,76.9906445
Gummanahalli,13.7198642,76.9244351
Hariyajjihalli,13.8559537,76.9826512
Hendore,13.8906302,76.8818598
Holakallu,13.8234389,76.8314739
Hunasehalli,13.8596016,76.7671354
Javanahali,13.7197595,76.9943438
Kaligonahalli,13.9471331,76.9717847
Kallukote,13.7638555,76.8998946
Pattanayakanahalli,13.8883587,76.9180655
Karekyatanahalli,13.88754,76.9857027
Karidasarahalli,14.0689897,76.9348958
Kotti,13.966185,76.9052716
Kumbarahalli,13.8479706,76.8175617
Kuntanahatti,13.8895456,76.7494228
Kusukunte,13.7528659,76.9366188
Maddakkanahalli,13.8123317,76.8358222
Muddaranganahalli,13.8339029,76.9079487
Muddenahalli,13.9066865,76.7785905
Narayanapura,13.8753279,76.7764033
Nejanti,14.001301,76.8894604
Nidagatta,14.0043377,76.9193319
Sankapura,13.9155759,76.8084424
Siddapura,13.8941568,76.8271898
Timmanahalli,14.034359,76.9194485
Yaravarahalli,13.8926926,76.7677711
Ucchangi,12.7355984,75.8136385
Antapura,13.7070724,76.8562578
Balanapalya,13.6287226,76.9808519
Hanumantha Nagara,13.5752885,76.9809571
Dodda Aladamadu,13.706444,76.7949212
Durgadahalli,13.540825,76.9710265
Hal‌dodderi,13.5427021,77.0324835
Hosa Mallanahalli,13.6113661,77.0056622
Jodidevarahalli,13.5680422,77.000462
Kagelinganahalli,13.6090951,76.9674499
Karejavanahalli,13.6162726,76.9577731
Mudigere Kaval,13.7160738,76.8597138
Mudimadu,13.6005057,76.9412506
Saluparahalli,13.5381467,77.0216861
Shibi,13.5535334,76.967808
Tippanahalli,13.5523132,76.9388963
Yaladabagi,13.5861655,76.9476977
Hutagara,14.626228,74.8088703
Kalagara,14.6330462,74.7885551
Balegadde,14.6486515,74.7711148
Nelahal,13.5093905,77.0070683
Avinamadagu,13.6465021,77.0510263
Bhaktarahalli,13.6898759,77.2226352
Bidarakere,13.8704203,77.2287457
Brahmadevarahalli Kaval,13.8191706,77.1745623
Brahmadevarahalli,13.8092942,77.1688495
Doddadalavatta,13.8338286,77.3951396
Gidadagalahalli,13.589623,77.0450134
Gollahalli,13.85057,77.1469251
Hosahalli,13.7304974,77.3592031
Hosahalli,13.7396079,77.4306591
Janakaloti,13.8062187,77.3421135
Kasapura,13.841357,77.1806056
Krushnapura,13.8025719,77.212363
Laklihatti,13.8431851,77.2178237
Singanahalli,13.7650829,77.3953187
Nagalapura,13.8384187,77.239716
Nallekamanahalli,13.8498767,77.2155423
Naviladaku,13.6263732,77.3458182
Rangapura,13.665142,77.0571722
Sattigenahalli,13.8499739,77.1787385
Shravanagudi,13.8596527,77.2439935
Sompura,13.6917177,77.244481
Tippanahalli,13.6932894,77.0692684
Tirumala Devarahalli,13.7842728,77.458491
Tondoti,13.839192,77.3733539
Vaderahalli,13.6833676,77.2123504
Viranagenahalli,13.7123969,77.3391196
Vithalapura,13.8306798,77.4251439
Jigenahalli,13.4496602,75.9963485
Panchehosalli,13.462074,76.017966
Kabbigarahalli,13.3262074,75.9618057
Hosahalli,13.3152227,75.9977123
Swamy Katte,13.3676437,75.9717383
Kethumaranahalli,13.3813391,75.9758603
Kanchugaranahalli,13.4098182,75.952585
Nagenahalli Thanda,13.4280295,75.9484064
Agrahara,13.4312857,75.9556531
Baanuru,13.4329932,75.9653901
Gubbihalli,13.4456702,75.9739477
Hosahalli,13.4071942,75.9635102
Alapanahalli,13.4859487,77.3398971
Bairenahalli,13.5990925,77.3237189
,13.5684304,77.2079418
Chikka Saggere,13.4736119,77.3412265
Chikkannanahalli,13.5736156,77.0617528
Chikkarasanahalli,13.5549472,77.0508284
Chinnahalli,13.387232,77.3139891
Dasalu Kunte,13.5280059,77.1008438
Devarahalli,13.537954,77.2501638
Dodda Sanjive Gaudanapalya,13.5393965,77.1013422
Godrahalli,13.5527341,77.3369971
Kalkere,13.6105238,77.2714731
Katenahalli,13.3551008,77.336758
Kurihalli,13.5247645,77.091818
Lankenahalli,13.4948624,77.3320011
Malleshapura,13.502826,77.2339685
Manuvinakurike,13.5258916,77.1087091
Marenayakanahalli,13.5700408,77.1196869
Motagondanahalli,13.4175052,77.3315108
Mudalapanne,13.5275635,77.2412619
Mudigaudanahalli,13.545515,77.0652922
Obaladevarahalli,13.4764477,77.3497141
Pannenahalli,13.543392,77.3283242
Pemmedevarahalli,13.5821818,77.2464065
Ranganahalli,13.604551,77.2817105
Shambonahalli,13.5123316,77.1229399
Surenahalli,13.5469063,77.0781225
Togarighatta,13.5455405,77.3341105
Vaddarahalli,13.3680011,77.335335
,13.3345758,77.3176355
Dodda Mudavadi,12.6271927,77.3859136
Alalasandra,13.451768,77.2476007
Chikka Palanahalli,13.4424036,77.2340226
Dodda Palanahalli,13.441137,77.2214129
Gondihalli,13.5332002,77.199646
Hosakote,13.4599411,77.2148778
Hulasoppanahalli,13.4509645,77.251682
Huluvangala,13.3937108,77.2832893
Lingapura,13.4594286,77.3130453
Madhya Venkatapura,13.4705705,77.3205373
Moraganahalli,13.447869,77.2707712
Nilagondanahalli,13.4291155,77.2433612
Pataganahalli,13.4223988,77.301646
Puradahalli,13.3777798,77.3101326
Puttasandra,13.4410881,77.2980682
Sankenahalli,13.4327182,77.253712
Tannenahalli,13.4538182,77.2353029
Vajjanakurike,13.4261647,77.2858654
Virobanahalli,13.5393031,77.1887526
Ahobala Agrahara,13.4514007,77.1767564
Ajjappanahalli,13.3914248,77.1382686
Annenahalli,13.4094935,77.102268
Beladara,13.4550299,77.1709448
Belagumba,13.3524079,77.1427843
Biranakallu,13.380215,77.1367571
Bommanahalli,13.4477118,77.144089
Brahmasandra,13.4572661,77.0824162
Gaudanahalli,13.5030884,77.000078
Gerahalli,13.42009,77.1409905
Hebbaka,13.4090944,77.0683405
Hiregundagal,13.4324811,77.1327093
Hosahalli,13.4089541,77.1394563
Jakkenahalli,13.4414173,77.2030742
Koditimmanahalli,13.5373123,77.0540081
Mavukere,13.4911877,77.0863322
Nagenahalli,13.5125775,77.034529
Narasapura,13.3980288,77.068586
Shambonahalli,13.5218645,77.0701539
Somasagara,13.5189287,77.0074185
Tippedasarahalli,13.5245772,77.0435358
Tirumalapalya,13.4523214,77.1265119
Urukere,13.4033642,77.0893601
Yallapura,13.3838266,77.117197
Agalagunte,13.386143,77.040856
Areyuru,13.2684701,77.0004121
Asalipura,13.3918668,77.0032989
Ballapura,13.3935099,77.043865
Banavara,13.3922947,77.0125762
Bidarakatte,13.241312,77.0343525
Chikkabellavi,13.4195439,77.0277392
Chikkonahalli,13.4688192,77.0528343
Doddaviranahalli,13.4427228,76.9788335
Dodderi,13.4264383,77.0024297
Dommanakuppe Gollarahatti,13.2528344,77.0491182
Galigenahalli,13.2742688,77.0451486
Gaudanahalli,13.3748607,77.0142479
Gollahalli,13.4132022,76.9975149
Gulaganjihalli,13.2822185,76.9880248
Hanumantapura,13.3540238,77.066015
Haralakatte,13.4343081,77.0360309
Kuppuru,13.3787729,77.0719726
Lingenahalli,13.42117,77.0315507
Mallappanahalli,13.2729574,77.0109324
Mudigere,13.3656878,77.0368494
Puradakunte Gollahalli,13.4748916,77.0160683
Samudranahalli,13.2927912,76.9952841
Singipura,13.4007134,77.0001227
Sopanahalli,13.2310066,77.0551794
Timmalapura,13.4005558,77.0169227
Appinayakanahalli,13.4464922,76.9833097
Bittinakurike Gollarahatti,13.5037587,77.1272942
Bittinakurike,13.4934422,77.1261662
Byata,13.3181093,77.218567
Channenahalli,13.4397496,77.0215695
Halugondanahalli,13.3568135,77.2841636
Hariyappanahalli,13.4560191,77.061776
Hiredoddavadi,13.3567279,77.2667168
Hiretotlukere,13.4391401,77.0997394
Hodekallu,13.3079283,77.2134158
Kallahalli,13.2957782,77.1424565
Kattigenahalli,13.4245127,77.0658807
Kolihalli,13.2717103,77.1732175
Madagondanahalli,13.3183941,77.2008932
Maidala,13.3159672,77.1806296
Mashanapura,13.4547452,77.0261561
Melehalli,13.4306585,77.0849262
Muddenahalli,13.4485242,77.0846467
Pemmanahalli,13.304692,77.2012903
Sangapura,13.262505,77.1926662
Sorekunte.,13.4801612,76.9941602
Timmarajanahalli,13.4800522,77.0321854
,13.3107101,77.2756224
Baichenahalli,13.1470093,77.0152199
Bannikuppe,13.1186412,77.0137964
Bisalahalli,13.1440222,77.0002592
Chikkapura,13.1891419,77.0931871
Gangonahalli,13.2139534,77.0370348
Kalkere,13.1315387,77.03633
Narayanakere,13.1498787,77.0681544
Niduvalalu,13.1492503,77.0817057
Sinappanahalli,13.2044941,77.0265033
Tavarekere,13.1744137,77.1177996
Karpenahalli,13.7741219,77.0398688
Pujaramuddanahalli,13.886693,76.9729624
Pemmanahalli,13.2333564,77.2673694
Adagondanahalli,13.2598898,76.8662671
Antapura,13.456528,76.9077119
Attikatte,13.2663154,76.8144448
Badenahalli,13.2831182,76.774229
Bennuru,13.2749172,76.8161186
Bodatimmanahalli,13.5805535,76.8512184
Byadagere,13.215527,76.8714826
Chikka Hedigehalli,13.5413067,76.8839502
Chikkanettagunte,13.343572,76.9629195
Dulanahalli,13.3055669,76.9760014
Gadiyankanahalli,13.4550567,76.8953787
Gangasandra,13.2529124,76.8143314
Hale Gubbi,13.2939671,76.9551957
Janakadevanahalli,13.2716189,76.7947992
Jogihalli,13.4780957,76.849394
Kachchenahalli,13.4411368,76.8868461
Kadashettihalli,13.254579,76.8439682
Koppa,13.2473286,76.9152877
Madenahalli,13.4586913,76.8696851
Malenahalli,13.5549823,76.8694606
Melekallahalli,13.208132,76.8464782
Mudigere,13.3326222,76.9691403
Nalluru,13.4700441,76.9062688
Peramasandra,13.2911702,76.7700072
Rayavara,13.3255649,76.944938
Sigenahalli,13.4329244,76.8813952
Singonahalli,13.3224066,76.9649329
Togarighatta,13.2660121,76.8691571
Bellahalli,13.1453722,76.9290789
Borappanahalli,13.1300369,76.9343881
Harivesandra,13.1791385,76.8995585
Manikuppe,13.1311527,76.9742268
Mattikere,13.1108198,76.9064025
Mavinahalli,13.1520861,76.9403469
Naranahalli,13.1099463,76.9560483
Nettekere,13.1379404,76.9643667
Ungra,13.1579814,76.93198
Baichenahalli,13.3726922,76.9708385
Byadagere,13.2869954,76.9318246
Chikkonahalli,13.2941329,76.9456618
Doddanettagunte,13.3536948,76.9733327
Golenahalli,13.2704172,76.9009105
Gubbi Hosahalli,13.2714125,76.9456741
Hindisagere,13.1695398,76.8885032
Horakere,13.1346173,76.8845546
Hullekere,13.1628435,76.9068348
Hurulagere,13.1409761,76.8635495
Jalaguni,13.4568525,76.9615865
Jiganahalli,13.2123167,76.9140072
Kodagehalli,13.1365577,76.8770168
Lakkenahalli,13.3585064,76.9561587
Lingammanahalli,13.2044851,76.9304013
Mattikere,13.4059123,76.8738806
Nandihalli,13.4321294,76.9643457
Satenahalli,13.4432884,76.944257
Shettihalli,13.4424571,76.832202
Tevadehalli,13.4307774,76.8343924
Timmalapura,13.4205131,76.8275659
Yadavanahalli,13.2494927,76.8836363
Yarranahatti,13.1180555,76.8657433
Ambarapura,13.6452644,76.6705724
Baragihalli,13.5586789,76.4662063
Boranakanive,13.6128946,76.6340436
Chattasandra,13.4476992,76.5017944
Davanada Hosahalli,13.4463236,76.4488921
Doddahullenahalli,13.5584604,76.3768768
Harenahalli,13.5103005,76.4899862
Honnashettihalli,13.5187787,76.4745261
Hosuru,13.4203564,76.4431811
Kamalapura,13.4276071,76.4378442
Kidukanahalli,13.5743076,76.3685859
Lakshmipura,13.5329719,76.5021338
Melanahalli,13.6682072,76.566426
Niruvagal,13.5188887,76.5262813
Nulenuru,13.6450173,76.6246034
Ramaghatta,13.5012823,76.4272894
Sabbenahalli,13.5217273,76.458818
Singapura,13.6105634,76.4647805
Somanahalli,13.6460205,76.5961081
Valagerehalli,13.6009425,76.5301161
Pheradka,13.2305087,75.0949213
Kuntibail,13.1972254,75.031757
Ammanahalli,13.3137937,76.8386427
Badavanapalya,13.3443054,76.7516632
Gauripura,13.3808747,76.9254202
Handanahalli,13.3557742,76.8009327
Harenahalli,13.3183299,76.7176903
Karehalli,13.3198717,76.835497
Kodinagenahalli,13.3595149,76.855581
Kundaranahalli,13.3421446,76.8178342
Kuntaramanahalli,13.5409605,76.8398977
Matha,13.5078954,76.8536583
Pura,13.3080861,76.8616501
Sagaranahalli,13.3502845,76.8246822
Shivasandra,13.3529193,76.7485658
Sopanahalli,13.3370875,76.8108226
Sorekayipente,13.4737881,76.9679118
Virupakshapura,13.3629708,76.8081328
Yallapura,13.341834,76.8013303
Yaraballi,13.5505512,76.8300051
Agrahara,13.5684363,76.6108145
Ajjenahalli,13.3652048,76.5755075
Badakegudlu,13.5847332,76.6595332
Ballekatte,13.5856232,76.5652764
Barasidlahalli,13.4283168,76.7350238
Mallenahalli,13.4449951,76.5178145
Gaudanahalli,13.4006573,76.561493
Halugona,13.3327659,76.6452224
Handiganadu,13.5683734,76.6014526
Janehar,13.4653502,76.6662055
Katrikehal,13.4540682,76.6962601
Madanamadu,13.4538,76.7121234
Manchasandra,13.4091276,76.5298216
Pemmaladevanahalli,13.3496427,76.5798668
Sadarahalli,13.5096827,76.6153932
Somalapura,13.3653409,76.5670882
Vaddanakallahalli,13.55757,76.6111188
Yarehalli,13.5900492,76.5823092
Agasarahalli,13.350594,76.6055275
Anekatte,13.4251198,76.5558119
Bullenahalli,13.3962972,76.6602086
Chunganahalli,13.3717649,76.5838227
Dasihalli,13.4236695,76.4967305
Kedigehalli,13.4031525,76.6101689
Keresura Gondanahalli,13.5870951,76.5024465
Kodalagara,13.3755276,76.5982361
Krushnasagarakere,13.3546446,76.6383848
Kurubarahalli,13.4209485,76.542154
Naduvanahalli,13.367251,76.6530899
Savashettihalli,13.4348137,76.5883326
Somanahalli,13.3471116,76.6678204
Sondenahalli,13.3558374,76.6666724
Tammadihalli Gollarahatti/,13.6106449,76.5031392
Tarabenahalli,13.3729934,76.6337295
Adinayakanahalli,13.3238557,76.4953085
Aluru,13.3163974,76.4507749
Anagondanahalli,13.231351,76.4564109
Anivala,13.362948,76.3938936
Bairapura,13.3598112,76.4730697
Bidarekere,13.1318948,76.5403009
Chaudenahalli,13.3456142,76.3709214
Chikkahonnavalli,13.3577779,76.3890225
Ganjalaghatta,13.0970088,76.4772748
Gaudanakatte,13.2432582,76.3827595
Ghatakinakere,13.3530136,76.4573695
Gyaraghatta,13.3293167,76.3692293
Harisamudra,13.3229655,76.4635783
Honnenahalli,13.2385935,76.4315299
Hulihalli,13.3626129,76.41542
Kallahalli,13.1928964,76.429877
Keragodi,13.2140116,76.4498668
Lingadahalli,13.245099,76.4371014
Manakikere,13.3368143,76.4841841
Mayagondanahalli,13.3820104,76.4674836
Muddenahalli,13.4002221,76.4212318
Nelagondanahalli,13.3387989,76.4447226
Ramanahalli,13.3159828,76.3740396
Satteramanahalli,13.3553494,76.4444095
Singenahalli,13.2409113,76.407558
Siddapura,13.2691679,76.3779868
Suranahalli,13.357461,76.3677631
Tadasuru,13.2185621,76.4299887
Vighnasante,13.1476693,76.538381
Alburu,13.1572703,76.5866856
Annamallenahalli,13.3097474,76.5474157
Bairanayakanahalli,13.2977323,76.4570631
Bairapura,13.2795616,76.578702
Ballekatte,13.2551885,76.5710861
Bastihalli,13.1848888,76.5869687
Bochihalli,13.171906,76.5278065
Bommalapura,13.2938622,76.4123569
Burudeghatta,13.198786,76.5993941
Chiggave,13.1879481,76.5803047
Doddamarpanahalli,13.2961814,76.5025752
Gedlehalli,13.3015553,76.4666658
Ginakikere,13.2347277,76.572429
Harachanahalli,13.2975579,76.4327651
Haroghatta,13.2270996,76.5439025
Hatna,13.3199313,76.6509795
Honnenahalli,13.1767604,76.5376554
Jakkanahalli,13.3170855,76.6083581
Karadalu,13.2198902,76.5661031
Kibbanahalli,13.3082482,76.6433729
Kottigehalli,13.2173472,76.5772361
Krushnapura,13.3285444,76.4025065
Kurubarahalli,13.186537,76.5021261
Makanahalli,13.1466066,76.555672
Matanahalli,13.1361383,76.4883352
Nyakenahalli,13.2997508,76.5550715
Patra,13.3437439,76.4165546
Rajatadripura,13.3287102,76.6855966
Ramenahalli,13.2923016,76.5388861
Rattenahalli,13.3743574,76.4003345
Shettihalli,13.2724467,76.5696181
Sidlehalli,13.2965009,76.5633674
Suguru,13.1743858,76.5072885
Timlapura,13.3147632,76.6166161
Vasudevarahalli,13.2993478,76.4423205
Virupakshipura,13.3139948,76.4709137
Yagachikatte,13.3134818,76.7067745
Hindiskere,13.260328,76.5128665
Kannughatta,13.216564,76.5329729
Kattehalli,13.2646786,76.5544424
Kodihalli,13.1782544,76.5496855
Kondlighatta,13.2585802,76.5550664
Lakkihalli,13.2011326,76.4031631
Machaghatta,13.159302,76.4931556
Madlehalli,13.2669777,76.5831171
Mallipatna,13.2731766,76.5554373
Mugtihalli,13.1986888,76.5615727
Nagaraghatta,13.2021546,76.534602
Shakunagiri Gollarahatti,13.191666,76.5545449
Ajjenahalli,13.1307403,76.8442742
Ajjenahalli,13.2230286,76.6311363
Anadagu,13.0818284,76.7314052
Anekere,13.1920588,76.6217558
Beechanahalli,13.2175391,76.7334303
Biganenahalli,13.0774268,76.6231455
Bommenahalli,13.2687096,76.6410508
Byadarahalli,13.0621143,76.7179409
Chakuvalli Palya,13.2929927,76.7259848
Doddabiranakere,13.053039,76.7686394
Dunda,13.2600821,76.6913212
Girenahalli,13.2892207,76.7574149
Govindaghatta,13.1403003,76.5998569
Guddenahalli,13.0712938,76.8245864
Guralamatha,13.0340477,76.6574247
Habukanahalli,13.0894428,76.5740153
Hanchihalli,13.0202791,76.8104541
Haralekere,13.076753,76.8981551
Hindumaranahalli,13.0384347,76.6108371
Hosahalli,13.2641121,76.6307558
Kadasuru,13.0757375,76.6999018
Kadehalli,13.0834869,76.6503064
Kallahalli,13.2184431,76.5946951
Kallunagatihalli,13.0674481,76.7326042
Kolaghatta,13.2107312,76.6178439
Kolala,13.1307572,76.6286138
Kunikenahalli,13.2338294,76.6821969
Kyamasandra,13.1045878,76.6134977
Machenahalli,13.2195332,76.7043571
Manechanduru,13.1039037,76.8197991
Mavinakere,13.0633195,76.7034869
Melina Valagerehalli,13.0730802,76.6808771
Mudigere,13.0804076,76.707204
Mutsandra,13.027992,76.8233868
Naduvanahalli,13.1014812,76.6501346
Nagalapura,13.0877043,76.6919984
Nagegaudana Palya,13.1168948,76.8518108
Narigehalli,13.0458843,76.8558742
Pura,13.17469,76.7276115
Ramadihalli,13.2292015,76.7030248
Sasalu,13.2396358,76.7143494
Shettigondanahalli,13.0905516,76.8591332
Sigehalli,13.0919846,76.8805983
Somalapura,13.2426243,76.6225209
Sunkalapura,13.1583384,76.7144211
Talakere,13.1562922,76.746627
Taramanakote,13.0100008,76.821382
Tovinakere,13.2180739,76.7587188
Tuyalahalli,13.0593706,76.8396635
Varahasandra,13.0552086,76.8019677
Vithalapura,13.0395773,76.8161028
Yaradahalli,13.0671825,76.8707962
,13.1960339,76.7606619
Shettihalli,13.1997383,76.7705884
,13.2108913,76.7606619
,13.2426355,76.8066924
Mastigondanahalli,13.2666913,76.7714253
Yaladabaagi,13.2687589,76.7499261
Arakere,12.9879052,77.0144229
Bagenahalli,13.0596315,77.0386896
Beguru,13.0056914,77.0461111
Chennapura,12.9919907,77.046647
Chikkamalalavadi,13.1127861,77.0259513
Chotnahalli,13.0732043,76.9083066
Gavimatha,12.9943794,77.0226165
Heddigere,13.0673214,76.9325663
Heruru,13.0017175,77.0130313
Jiddigere,13.0699843,76.9219119
Kottipura,13.0056472,77.0216683
Lalapura,12.9957446,77.0052762
Mallaghatta,13.0259996,77.0431051
Nilattahalli,13.049686,77.0622715
Shettibidu,13.083194,76.9504702
Shettigehalli,13.0001673,77.0341823
Shingonahalli,13.115051,76.9764321
Tereda Kuppe,13.097702,77.0445423
Vaddarakuppe,13.0919284,77.0251729
Vagaragere,13.081611,76.9118743
Teppasandra,12.9882466,76.9972459
,13.001628,76.9898041
,13.0039038,76.981415
Borasandra,12.9633634,77.0138398
Budanahalli,12.8841864,77.0038866
Doddamavatturu,12.8999877,77.0428111
Hanchipura,12.8311294,76.9427101
Kadamattikere,12.9861866,77.0321004
Kadasinganahalli,12.9393199,77.0986927
Katrighatta,12.9880372,77.1388941
Kodihalli,12.849678,76.9529133
Pallerayanahalli,12.8152353,76.9724602
Pavasandra,12.8789756,77.0108454
Rajagere,12.9678288,77.078161
Sanabaghatta,12.8563281,76.9737229
Santemavatturu,12.9358039,77.030561
Sondalagere,12.9774512,77.0919976
Tippanayakanahalli,12.9209599,77.0773114
Vanigere,13.0838229,77.0044589
,12.8193423,76.9694329
,12.823981,76.9170178
Hulivana,13.0177091,76.9046778
Bandihalli,12.770877,77.0222131
Benachakallu,12.8330849,77.0889367
Bhairanayakanahalli,12.7938271,77.0026986
Byadarahalli,12.8670976,77.1248794
Chaudanakuppe,12.8584259,77.0904405
Chikkonahalli,12.8663823,77.1040075
Handalagere,12.8406131,77.1303677
Hangarahalli,12.853119,77.0825762
Honnegaudanadoddi,12.8388075,77.1348472
Hosahalli,12.8663169,77.0387221
Hosuru,12.9016046,77.004824
Hunaganahalli,12.761259,77.0521335
Kachihalli,12.7953407,77.1368392
Kenchanahalli,12.8439132,77.1118481
Madugonahalli,12.8762451,77.0255202
Moduru,12.908572,77.0022421
Nagattihalli,12.8788348,77.0613415
Tavarekere,12.8292522,77.1410902
Anuvanahalli,13.8007637,76.0282569
Bandre,13.8036663,76.0705284
Banuru,13.82021,76.0513047
Beguru,13.7388614,76.0884451
Bettatavarekere,13.7139981,75.8873258
Bhutanahalli,13.7833441,76.1241072
Billahalli,13.8257647,75.9582517
Bommenahalli,13.7281825,75.8896639
Gaurapura,13.726722,76.0175439
Haralehalli,13.8756018,76.0321191
Hariyanahalli,13.8121891,76.012776
Hosahalli,13.7565389,75.9130506
Hosuru,13.7039688,75.8593109
Jaldihalli,13.7891959,75.971416
Karehalli,13.8643527,76.0405896
Kenchapura,13.8100966,75.94939
Nagabhoganahalli,13.839322,75.959043
Nagavangala,13.66188,75.9717796
Nagenahalli,13.8617389,76.0256876
Siragalipura,13.7991731,75.9482016
Tadaga,13.8014242,76.0426146
Virapura,13.812203,76.057034
Bairapura,13.6716332,75.8226422
Ballavara,13.5688808,75.7936218
Doddakunduru,13.6681646,75.6858815
Doranalu,13.6773606,75.8355008
Ganguru,13.551002,75.7995241
Ganjigere,13.7242853,75.7059854
Geramaradi,13.6914961,75.8483231
Gonagilakatte,13.5714853,75.8100863
Gopala,13.7623175,75.7224291
Gurupura,13.6686411,75.7161587
Haliyuru,13.7071039,75.8391811
Haruvanahalli,13.6746487,75.7013594
Hirekaturu,13.7305366,75.7681234
Hosahalli,13.6592959,75.8369593
Hurulihalli,13.7419666,75.7623588
Jodikodihalli,13.7367674,75.7608527
Kenchapura,13.636942,75.8244583
Kerehosahalli,13.7168324,75.8378113
Kunduru Kaval,13.6686442,75.6736487
Lakkenahalli,13.749973,75.7924122
Lakshmisagara,13.7404173,75.8232516
Malikoppa,13.7072537,75.664975
Mallenahalli,13.6123231,75.8137723
Mallenahalli,13.7417011,75.8124757
Maridibba,13.7006648,75.6665821
Miralenahalli,13.7407752,75.8404748
Ramanahalli,13.766154,75.8074969
Shantipura,13.6943016,75.7144236
Sidlipura,13.7606648,75.6911923
Sompura,13.7251891,75.6776612
Tyagadabagi,13.6334821,75.7927299
Yalugere,13.7052357,75.766539
Yaradankalu,13.5814275,75.8512229
Yarehalli,13.7491856,75.821853
Achenahalli,13.6792437,77.1714568
Avaragallu,13.7404881,77.1976383
Banavenahalli,13.7026398,77.2118879
Basavanahalli,13.7578743,77.2076666
Gubalagutte,13.6095121,77.0835387
Jadegondanahalli,13.6978288,77.2002338
Kambadahalli,13.6843692,77.1671918
Karenahalli,13.7710215,77.1906059
Kunigal Timmanahalli,13.6006494,77.0794643
Ranganayakanaroppa,13.6736525,77.1695584
Tirumala Devarahalli,13.7130284,77.1630818
Bettanahalli,13.633691,76.9842343
Chikkatimmanahalli,13.6407998,76.9827599
Chinnappanahalli,13.6402837,76.9729685
Halenahalli,13.6637636,76.9392443
Mayasandra,13.6498342,76.9760379
Medihalli,13.7437593,75.9041481
Muganahalli,13.7004236,76.9879063
Mundre,13.6247309,75.9064549
Pillebiranahalli,13.5226265,75.7956059
Shankaraphatta,13.6015536,75.8131866
Shiradadu,13.6358131,76.9913747
Tanigebailu,13.5885687,75.7494753
Aladahalli,13.5859158,75.8870883
Balliganuru,13.5918939,75.906434
Doddabukkasagara,13.4835065,75.933652
Dogihalli,13.6213665,75.9756941
Gaudanakattehalli,13.6172096,76.0731797
Gulladamane,13.6409398,75.8122567
Hadagalu,13.7076629,76.1225464
Harisamudra,13.6122064,76.1699911
Huvinahalli,13.6054046,75.9038758
Inglaranahalli,13.6299601,75.9738207
Joditimmapura,13.6267963,75.9528936
Kodihalli,13.6058298,75.9399309
Kurubarahalli,13.7042593,76.1775772
Rangapura,13.7303455,75.9566677
Rangenahalli,13.506057,75.9077341
Siddapura,13.6439282,75.7877041
Tippagondanahalli,13.7430628,75.9717784
Virapura,13.6730462,75.9791326
Yarehalli,13.6448889,75.9800404
Vaddina Dadapura,14.8681328,75.9359661
Aramballi,13.6919153,75.498589
Bairapura,13.7499749,75.5804012
Bannuru,13.3310035,75.4916676
Chikkaagrahara,13.4648,75.4683089
Davana,13.4978158,75.4512081
Halasuru,13.3449167,75.4598661
Harava,13.4866408,75.4355758
Kadlemakki,13.3638473,75.4562443
Kanive,13.701685,75.3963041
Kattinamane,13.4760315,75.4368814
Keremane,13.5112673,75.4390969
Konakere,13.6937966,75.4133453
Madaburu,13.6967109,75.4717233
Muduguni,13.3943179,75.4761622
Kallikoppa,13.6135977,75.4695923
Sike,13.3730937,75.4603255
Toruvani,13.4463699,75.4729491
Varkate,13.5695945,75.5098902
Attigiri,13.4971805,75.8041589
Karkipete,13.3495699,75.7747907
Biranahalli,13.3608702,75.9315348
Devarahalli,13.3532618,75.8609225
Galipuje,13.4537762,75.8019106
Hadihalli,13.2423283,75.7956492
Halelakya,13.3425719,75.8568039
Hejjigenahalli,13.2625087,75.811592
Indavara,13.325658,75.7462973
Jagara,13.4436522,75.6731446
Kesavinamane,13.4924197,75.7377942
Kolagave,13.4480096,75.6927427
Kottigenahalli,13.2667872,76.0303512
Malaluru,13.254779,75.7798497
Mattavara,13.2900411,75.7406115
Nelluru,13.3046864,75.7526753
Sirabadige,13.3679996,75.9383617
Kadavanti,13.3668437,75.5682029
Sajjupalli,13.9051195,77.9731189
,13.8486077,77.9179536
,13.8800691,77.9229359
Bovipalli,13.9529773,77.9718216
Allampura,13.3544318,75.7582116
Bidara,13.4225083,75.544327
Bogase,13.3973986,75.5910051
Hukkunda,13.3256701,75.7297725
Hyarambi,13.3448381,75.5482072
Jenugadde,13.340503,75.5445952
Nettekerehalli,13.3126342,75.8277801
Shiragula,13.4433637,75.5143143
Addagadde,13.4615713,75.2856583
Balagadi,13.5284899,75.3760773
Gowdahalli,13.0422415,75.5981999
Gunavante,13.5713279,75.3608352
Kavadi,13.4527956,75.2709888
Somlapura,13.5140586,75.3614459
Achaganapalli,13.6379625,77.9650954
Bellalampalli,13.7609562,78.0844187
Dugginayakanapalli,13.6632402,77.9716582
Gundlapalli,13.8471254,78.0604969
Hosahudya,13.6370951,77.9512533
Machanapalli,13.6847635,78.0485477
Mandyampalli,13.7002384,78.0280817
Ramanupadi,13.8021026,78.0538817
Ramasvamipalli,13.8695369,78.0640644
Ramojupalli,13.6839759,78.004589
Ugranampalli,13.8546131,78.0342832
Bairappanapalli,13.7302496,78.0983079
Buragamadagu,13.7239999,77.8785446
Chinnepalli,13.8103863,77.8249811
Devireddipalli,13.7333949,77.7695018
Etigaddapalli,13.7776889,77.7692415
Ghantamvarapalli,13.7845578,77.7762941
Hosahudya,13.8021155,77.7727485
Jalipigarapalli,13.7408283,78.0283721
Jangalapalli,13.7874335,77.9971899
Jilakarapalli,13.7680342,77.8028471
Kanagamakalapalli,13.7016269,77.8393247
Kannampalli,13.6529327,77.9133152
Nallacheruvu,13.7629254,77.9547796
Narepalli,13.7887773,77.7706458
Paragodu,13.7405651,77.7862926
Patabagepalli,13.7954315,77.8132258
Pedduru,13.7233477,78.0469414
Pulavarapalli,13.7516106,77.7678726
Shankhamvarapalli,13.7490528,77.8612882
Vadigere,13.6814686,77.9409789
Balgallu,13.1857954,75.3207001
Talagodu,13.1678221,75.7309175
Kuppagodu,13.1177377,75.7665299
Sankenahalli Koppalu,13.1555072,75.9412305
Mallapura,13.1574692,75.9998915
Chattanahalli,13.1278329,75.7424617
Yalahanka,13.1647361,75.9598944
Gonibidu,13.0845579,75.7001386
Guthi,13.0807352,75.5550847
Halekote,13.1094074,75.6183178
Billuru,13.0709314,75.5932772
Kirugulige,13.8626109,75.0264052
Basavanapura,11.9767677,76.9197264
Battalahalli,13.6197993,77.782001
Bhogenahalli,13.7106802,77.8073772
Chikkanancherlu,13.6583125,77.8262512
Dinnahalli,13.6796989,77.8215976
Doddanancherlu,13.6735392,77.8185919
Ganganahalli,13.6424471,77.8161714
Idrahalli,13.6362726,77.6824447
Jambigemaradahalli,13.6471459,77.8106543
Kariganatammanahalli,13.6343093,77.6898257
Lagumenahalli,13.6506094,77.680163
Lakshmisagara,13.6383383,77.7920519
Medimakalahalli,13.6412715,77.7680966
Someshvara,13.6228135,77.8314585
Tirumani,13.6929654,77.8149451
Yalakalarallahalli,13.6305535,77.718504
Yarralakkenahalli,13.6857697,77.7928409
Adinarayanahalli,13.7361734,77.7578253
Benneparti,13.7365685,77.7448621
Bhaktarahalli,13.5892069,77.4231174
Bullasandra,13.7589031,77.6829837
Chautakuntahalli,13.7432321,77.6718558
Ellodu,13.7391361,77.6864706
Gandhinagara,13.6729694,77.4745941
Gurapanahalli,13.5782311,77.4168453
Hampasandra,13.7426873,77.7519736
Jalahalli,13.6510577,77.4305219
Kachamachenahalli,13.5753273,77.4657641
Kudurebyalya,13.6385816,77.4269346
Muddareddihalli,13.6309092,77.7954297
Ramaganahalli,13.6723585,77.7769456
Uppakuntahalli,13.6650665,77.7852726
Yarahalli,13.7489595,77.7247838
Kadehalli,13.7648791,77.7485652
Chigatagere,13.5745368,77.533252
Gundapura,13.6015408,77.493123
Puttapurlahalli,13.6235793,77.523575
Saganahalli,13.6070558,77.5564701
Udamalodu,13.6134456,77.4972475
Channapattana,12.9921256,76.1040674
K Hosakoppalu,12.9826592,76.1128729
M Hosakoppalu,12.976177,76.1153778
Basavanahalli,13.4686328,77.4968707
Basavapura,13.4817266,77.5193987
Belaturu,13.4961688,77.5395712
Chikkamallenahalli,13.7127478,77.6652749
Chilenahalli,13.4705717,77.564976
Chimakalahalli,13.6887124,77.6633801
Doddamallekere,13.4754224,77.4886847
Halehalli,13.4649845,77.5698928
Kadiradevarahalli,13.5037447,77.5453641
Kallinayakanahalli,13.4688495,77.5140117
Kamaganahalli,13.5146151,77.4691211
Kamalapura,13.5148033,77.5182004
Kambalahalli,13.4740419,77.499113
Kantarlahalli,13.7621312,77.6626373
Kodihalli,13.7187594,77.6666534
Kondapura,13.5211441,77.4727722
Krushnarajapura,13.6955546,77.6643067
Kudumalakunte,13.7060654,77.4925017
Narlahalli,13.7119612,77.6599493
Potenahalli,13.5267958,77.5229983
Thondebavi Station,13.5029417,77.515738
Sabbanahalli,13.7032558,77.6441184
Shinganahalli,13.5484396,77.4756144
Tippaganahalli,13.4452598,77.5121401
Tokalahalli,13.6909989,77.6360827
Virlagollahalli,13.5870302,77.5160103
Nachakunte,13.4949644,77.4117387
Dasarakoppalu,13.0337105,76.1029431
Gavenahalli,13.0000372,76.1252394
Haralali,13.0410586,76.1061843
Tamlapura,13.0199382,76.0899924
Ajjavara,13.4123084,77.7715979
Angarekhanahalli,13.4464566,77.8213864
Aruru,13.5775274,77.7806246
Badaniganahalli,13.4698248,77.8356907
Bidaganahalli,13.3571732,77.7240631
Chikka Pyayalagurki,13.5451409,77.7951081
Doddamarali Amanikere,13.3623891,77.7449778
Doddamarali,13.36706,77.7366185
Ganganamidde,13.4352986,77.7184817
Hiriyannanahalli,13.474134,77.8198538
Kandakanahalli,13.4452066,77.8315078
Kattariguppe,13.4699551,77.7958812
Keshavara,13.3868938,77.8232104
Ramachandra Hosuru,13.4329574,77.8300485
Ramapattana,13.6278194,77.6913894
Reddihalli,13.5505521,77.8164064
Renumakalahalli,13.6581548,77.7312482
Agalagurki,13.4139653,77.7390633
Ankanagondi,13.4507402,77.7108014
Bannikuppe,13.4155253,77.75149
Bommanahalli,13.4769495,77.6183205
Chidachikkanahalli,13.4000701,77.7513713
Dinnehosahalli,13.454183,77.7141506
Harobande,13.4665065,77.7386635
Kadadibburu,13.4705803,77.7893325
Nallakadirenahalli,13.4321581,77.6323215
Nallimaradahalli,13.4820022,77.8020794
Ragimakalahalli,13.4804731,77.6241679
Rayappanahalli,13.4941786,77.7917709
,13.4523991,77.7012947
Alagurki,13.5373187,77.9401191
Ankatatti,13.3098304,77.8158276
Bairaganahalli,13.6216646,77.9633266
Gangahalli,13.4941935,77.9692598
Gorlagummanahalli,13.5248192,77.9204288
Haleganjigunte,13.4985876,77.9927082
Hemarlahalli,13.2785409,77.911272
Kalinayakanahalli,13.2652529,77.9055472
Kalyapura,13.2387482,77.871439
Kamanahalli,13.6470319,77.8937663
Kyasagere,13.5300733,77.9846355
Laginayakanahalli,13.4991691,77.9331848
Lakkenahalli,13.5065242,78.0055358
Maddenahalli,13.5343535,77.9616276
Mittanahalli,13.2933064,77.8205647
Pulakuntahalli,13.5292055,77.9640847
Sonaganahalli,13.6598954,77.8724879
Vemagal,13.5292753,77.9946089
Ankalamadugu,13.6499404,78.1162635
Balareddihalli,13.6381785,78.1031846
Billandlahalli,13.6412859,78.134028
Bodampalli,13.5943287,78.1592491
Bommepalli,13.6220044,78.1150781
Chennarayanahalli,13.6022909,78.1682234
Chilakalanerpu,13.6568742,78.0753998
Chimalagutta,13.5995844,78.1261524
Chintapalli,13.578995,78.1779537
Deshamvarahalli,13.6203417,78.0184308
Devapalli,13.6245275,78.0542877
Gudivabanahalli,13.5597907,78.1366205
Gundlahalli,13.6212548,78.0984759
Guntipalli,13.5447559,78.1344333
Hanumayyagarahalli,13.6155835,78.1374308
Hunasenahalli,13.3815184,77.8892252
Kadadalamari,13.6328622,78.1252629
Kambalahalli,13.6013265,78.1835092
Kanchepalli,13.6182566,78.0842686
Kapalli,13.5252117,78.1715682
Kodigal,13.599704,78.1189933
Lakkepalli,13.5277955,78.181805
Mavukere,13.5894565,78.1231268
Somakalahalli,13.5931538,78.1299393
Sunnapagutta,13.6398375,78.1411135
Tuluvanuru,13.6243606,78.0431691
Yanamalapadi,13.6095853,78.1882115
Yarrayyagarahalli,13.5184778,78.1618474
Alapalli,13.4823854,78.1016854
Bandenahalli,13.5709124,78.005267
Bodanamari,13.5029303,78.069095
Chandrahalli,13.4236302,77.9980796
Channakeshavapura,13.3282001,78.0404212
Chikkakarakamakalahalli,13.4333005,78.1474271
Digavapalli,13.4673308,78.1762878
Doddabommanahalli,13.3098338,78.1197491
Doddihalli,13.5160609,78.0383676
Gaunicharuvupalli,13.4622326,78.1970687
Gopalli,13.4278684,78.1783301
Gundlahalli,13.4694377,78.12339
Jagatanahalli,13.4815334,78.0596447
Ketanayakanahalli,13.467618,77.9842823
Kondliganahalli,13.5522118,78.1802593
Korlaparti,13.5588816,77.9726949
Kottahudya,13.4814266,78.1522658
Muddalahalli,13.4476245,78.1774107
Mudlagollahalli,13.5536757,78.1710856
Nandanahosahalli,13.5473068,78.0170619
Nayindrahalli,13.3270422,78.0280468
Papatimmanahalli,13.5649403,77.9997997
Peddu,13.4826053,78.1799525
Raguttahalli,13.4758433,78.0527685
Shettihalli,13.4838198,78.0213372
Sikallu,13.3155606,78.1014638
Sujಞnahalli,13.5036395,78.0543527
Suladenahalli,13.3399126,78.0385615
Tammepalli,13.4738944,78.0332561
Tippanahalli,13.4810736,78.0562819
Yaramareddihalli,13.5342983,78.0031762
Kelagur,13.1648237,75.4571479
Sunkasale,13.1584097,75.4464008
Tavaradavarakoppalu,13.0616689,76.1007583
Shivapura,13.4277868,74.954544
Mudushedde,12.9277738,74.8869336
Addagallu,13.5221729,78.2805306
Ammagaripete,13.4982522,78.354523
Bhimaguntapalli,13.518776,78.2659895
Bhogaonripalli,13.5415564,78.3144438
Chintamanipalli,13.5749982,78.3570647
Dombarapalli,13.5448004,78.3549076
Gaudatatanagadda,13.4684276,78.3145673
Gollapalli,13.4498186,78.3383392
Goravimakalapalli,13.4440091,78.288542
Jedimakalapalli,13.435265,78.3371491
Jinkalavaripalli,13.5024323,78.3464953
Kadirampalli,13.5607084,78.312413
Kottahudya,13.5617804,78.2298299
Kottapalli,13.5804646,78.2251389
Lakshmipura,13.4474189,78.2982452
Buttuvaripalli,13.4657358,78.2951807
Manjevaripalli,13.5381835,78.3427231
Mulagollapalli,13.4842896,78.3636814
Nambuvaripalli,13.4550742,78.29392
Pachcharamakalapalli,13.4640475,78.312076
Patakote,13.4408167,78.2954025
Raghunathapura,13.5712575,78.3376988
Sunnakallu,13.5014652,78.350786
Timmanapalli,13.5023862,78.2611762
Yadaganapalli,13.540885,78.2608933
Upparapalli,13.5460047,78.3115936
Vangasavarapalli,13.5749805,78.3097678
Adavi Chambakuru,13.3914196,78.3501794
Agrahara,13.3119083,78.1304992
Attikunte,13.3234801,78.3217994
Avaganapalli,13.4885612,78.2157508
Avalakuppa,13.3484693,78.2357841
Bairappalli,13.3584186,78.2175634
Banalapalli,13.4281001,78.3714501
Bangavadi,13.2624229,78.15612
Bisanahalli,13.2764234,78.1363393
Chakapalli,13.4633138,78.273064
Chikkatimmanahalli,13.4012618,78.2397009
Chilepalli,13.4957451,78.2111044
Chokkareddipalli,13.408283,78.2582626
Diguvamarampalli,13.4992644,78.2379593
Gijaganahalli,13.3482042,78.2972728
Hosakota,13.320035,78.1304576
Huhalli,13.2648046,78.1831193
Jokunte,13.3323418,78.3077582
Jonnapalli,13.4053036,78.3151523
Kadudevanda Halli,13.2906172,78.1428166
Kallukunte,13.3436536,78.3055822
Kamatampalli,13.4369863,78.362578
Kambalapalli,13.3899489,78.2132079
Kathara Muddalahalli,13.3418624,78.1664546
Koneti Timmanahalli,13.2773291,78.1575327
Kornahalli,13.3748793,78.3215676
Kotapalli,13.4127678,78.2460578
Kulagurki,13.3809418,78.3561396
Lakshmisagara,13.4552755,78.2728535
Lingapura,13.4100821,78.32106
Maniganahalli,13.3839374,78.2034516
Mastenahalli,13.2772207,78.1293354
Mattakannasandra,13.3494061,78.3876552
Motakapalli,13.3890037,78.3431138
Muddepalli,13.435668,78.3551057
Muttakapalli,13.3265792,78.3330102
Narayanapura,13.3518551,78.341797
Pataballapalli,13.3885399,78.3195251
Patamuttaka Palli,13.3341027,78.3351312
Peddapalli,13.3206214,78.3140936
Pegalapalli,13.3797491,78.3355705
Pillakunte,13.4063804,78.193547
Pulagurakote,13.431624,78.3596525
Purnapalli,13.3941939,78.3317394
Rajagundlapalli,13.339909,78.399278
Reddampalli,13.4338293,78.2618347
Satandlahalli,13.3302426,78.1676352
Shettihalli,13.329438,78.1431166
Tadigol,13.4277749,78.2137622
Tantarlapalli,13.4020943,78.3277291
Ternahalli,13.2964377,78.1123601
Tinnali,13.3463044,78.2836963
Tummalapalli,13.5057705,78.214873
Unikili,13.3299893,78.2033177
Valageranahalli,13.2588602,78.1656559
Yalavakunte,13.3185123,78.1221913
Yammanuru,13.3178593,78.3428886
Kamatampalli,13.4180053,78.2028064
Iladoni,13.4272604,78.3300197
,12.9781592,76.1271584
Baiyyapalli,13.2946918,78.5711204
Byadarahalli,13.3152905,78.4787962
Chandamavanahalli,13.3066557,78.4783943
Chinnahalli,13.2279153,78.5304678
Dodda Attihalli,13.2885206,78.4980493
Ganganahalli,13.2570896,78.4752834
Gukunte,13.3011737,78.4097453
Kaggalanatta,13.2811688,78.430239
Kallarasanahalli,13.2940378,78.4487344
Kamasanahalli,13.2599908,78.4671047
Kambandinne,13.2723798,78.4728053
Kerasamangala,13.2194786,78.5144129
Kirumani,13.2729741,78.5107517
Nachagundlahalli,13.3132467,78.4180261
Nachahalli,13.3124309,78.4278728
Naganahalli,13.273997,78.5026544
Pedduru,13.2296962,78.5361508
Rajendrahalli,13.282077,78.4853835
Sunnapakunte,13.247093,78.5570671
Tammareddihalli,13.2787134,78.5450198
Allalasandra,13.1806026,78.4315349
Bevahalli,13.2156322,78.4760287
Chamakalahalli,13.1857975,78.5444294
Kadiripura,13.1700663,78.3661552
Kappalamadagu,13.1917898,78.4366585
Lingapura,13.1893906,78.3819497
Marandahalli,13.2027733,78.4235367
Shettikallu,13.124557,78.5045753
Shigehosahalli,13.1798671,78.5331173
Tippadoddi,13.1793267,78.5646495
Ugini,13.1853068,78.570671
Yalavahalli,13.2175513,78.4581167
Abbihalli,13.0332235,78.4571117
Bestarahalli,13.2165149,78.3209246
Bisanahalli,13.2893509,78.366477
Chaketimmanadinne,13.2220264,78.3320682
Gollahalli,13.2603227,78.3815259
Gujjamarandahalli,13.2225483,78.3422714
Gujjanahalli,13.2347838,78.3311793
Hanumanahalli,13.1723334,78.286571
Iragamuttanahalli,13.2350773,78.4771369
Kondenahalli,13.2080127,78.3150372
Kondenahalli,13.2704866,78.371364
Kottapalli,13.0559594,78.4602721
Meleri,13.1727723,78.2935549
Mopurahalli,13.0920762,78.4676824
Nallandahalli,13.1984786,78.2738789
Nalluru,13.1680568,78.2692604
Nichchanakunte,13.2467247,78.3360623
Pichchaguntlahalli,13.1465798,78.4487244
Pombarahalli,13.1920714,78.2643773
Pulipapenahalli,13.094042,78.490419
Shinigenahalli,13.1158791,78.5205145
Shivanarahalli,13.203065,78.2736804
Timmaravutanahalli,13.0681928,78.499213
Vammasandra,13.2474054,78.3948338
Vaniganahalli,13.1999322,78.3060079
Vegamadagu,13.0694508,78.4643585
Anantapura,13.159336,78.3334688
Anehalli,13.209331,78.4344907
Asali Attikunte,13.1314926,78.3693549
Bandarahalli,13.1820955,78.2741982
Bellamballi,13.1333642,78.2774222
Channapura,13.0882168,78.3726034
Chikka Padmaghatta,13.2022145,78.4625409
Chiyandahalli,13.0969353,78.2788883
Cholangunte,13.1197632,78.3302211
Doddaganahalli,13.1330225,78.2856893
Ganjigunte,13.1153596,78.3469729
Gummakallu,13.1508151,78.5018712
Hosakere,13.1149515,78.3056305
Jammanahalli,13.1504487,78.3452417
Kammadatti,13.1448079,78.2701094
Kempapura,13.1020183,78.3100148
Mannenahalli,13.1749552,78.4520338
Marandahalli,13.1534877,78.5238738
Nernahalli,13.151034,78.493138
Putteri,13.1012099,78.2857146
Ramapura,13.1011688,78.3358672
Reddihalli,13.0800812,78.3669236
Shettibanakanahalli,13.1258692,78.3799338
Shigenahalli,13.1851247,78.4139748
Surakunte,13.1707615,78.5045196
Tatikallu,13.198748,78.479679
Vaddahalli,13.1999828,78.4605122
Varadaganahalli,13.1375162,78.3394538
Vijalapura,13.124152,78.3529158
Virupakshi,13.1447309,78.3676655
Ajjappanahalli,13.1409778,78.217391
Ammerahalli,13.1147751,78.1035377
Annenahalli,13.2679089,78.2116417
Aralimarada Hosahalli,13.2140106,78.1918065
Arinaganahalli,13.213402,78.1527375
Balagere,13.2996072,78.0915788
Chadumanahalli,13.1428637,78.1923636
Chikka Hasala,13.0969248,78.142225
Chikkakurubarahalli,13.2483158,78.1934814
Chillapalli,13.2020869,78.213186
Dadireddihalli,13.2772034,78.2480835
Doddakurubarahalli,13.2261195,78.1947072
Gaddekannuru,13.1430979,78.1662127
Gajaladinne,13.108749,78.1337053
Gangatta,13.2018038,78.1862525
Garudapalya,13.1849518,78.2070607
Gottihalli,13.2354949,78.1276303
Hogari,13.1572609,78.1025903
Honnenahalli,13.1220467,78.1679429
Iragasandra,13.1627244,78.2094062
Kakinatta,13.244493,78.1123027
Kembattanahalli,13.2522263,78.1264376
Kittanduru,13.2425986,78.1278838
Kondasandra,13.2878356,78.2352649
Kondenahalli,13.2220893,78.1843716
Kotandahalli,13.1519342,78.1769475
Kuduvanahalli,13.1975199,78.1978185
Kuteri,13.0832916,78.1387773
Madanahalli,13.2912847,78.0711354
Mallasandra,13.2159659,78.1591438
Marenahalli,13.246671,78.2338123
Mattikunte,13.1843782,78.189366
Nayakarahalli,13.1990459,78.2284536
Nernahalli,13.1502533,78.2434166
Nukkanahalli,13.2105484,78.1683553
Parehosahalli,13.1675856,78.1875085
Ramasandra,13.1371478,78.2273826
Shettivarahalli,13.2984412,78.0811525
Shingundahalli,13.0854912,78.1269653
Sisandra,13.1471833,78.222372
Somasandra,13.2310279,78.1932562
Tambihalli,13.1410876,78.2512664
Tondala,13.19331,78.2249289
Totliganahalli,13.2490236,78.1844405
Turandahalli,13.2309293,78.1423374
Urati Agrahara,13.2338603,78.1170342
Varadenahalli,13.1528312,78.1806938
Venkatapura,13.1202876,78.2189868
Yanadahalli,13.1558706,78.2564364
Agrahara Somarasanahalli,13.073294,78.2586953
Bairandahalli,13.2329842,77.9888498
Begli Benajenahalli,13.0914821,78.1189072
Begli Hosahalli,13.0931857,78.1058678
Belaganahalli,13.1290409,78.2437387
Bhatrahalli,13.1112764,78.1854912
Chaldiganahalli,13.2776307,77.975521
Channasandra,13.252003,77.963371
Chunchadenahalli,13.1167851,78.0586945
Danavahalli,13.1582328,77.9739609
Dinnehosahalli,13.1578341,77.9871036
Dodda Ayyuru,13.1068194,78.0165224
Doddanahalli,13.1076366,78.223588
Guttahalli,13.0882096,78.0288126
Hale Somarasanahalli,13.0847782,78.2449838
Hogari Gollahalli,13.1583357,78.0909699
Holali,13.1150095,78.2714015
Hollamballi,13.1118513,78.2465809
Iragasandra,13.2557103,78.0608979
Jambapura,13.2863329,78.0556399
Jangalahalli,13.071029,78.1038335
Kadagatturu,13.2360879,77.9800777
Kalahastipura,13.1283451,78.1892241
Kallanduru,13.0951978,78.0913612
Kamandahalli,13.2281964,77.9864648
Karenahalli,13.2690372,77.9775808
Kenchapura,13.0777784,78.1772779
Khadripura,13.2621662,78.0617617
Konepura,13.0803541,78.0902251
Koragondahalli,13.08154,78.0944278
Kotiganahalli,13.0751732,78.2185601
Krushnapura,13.2983739,78.0024504
Kurki,13.1417408,78.0133205
Kurubarahalli,13.0904838,78.1730404
Kutandahalli,13.0792629,78.0103339
Lakshmisagara,13.125537,77.9684227
Mallandahalli,13.0737121,78.1983191
Marjenahalli,13.2543525,78.0171303
Nachahalli,13.280854,78.0103356
Nagalapura,13.1400445,78.0610751
Nandamballi,13.0878713,78.2613253
Nilakanthapura,13.0737275,78.2692089
Nuggalapura,13.1549237,78.0597919
Pachcharahalli,13.2624778,78.0793725
Pemmashettihalli,13.1513259,78.0494542
Raghupati Agrahara,13.2419252,77.9740078
Raghupati Hosahalli,13.2348803,77.9704608
Ramapura,13.2884889,77.9960832
Shapuru,13.1003062,78.2498879
Shettiganahalli,13.0741331,78.0684891
Shettikottanuru,13.0783485,78.0567058
Shitappanahalli,13.2652769,78.0708431
Siresandra,13.087086,78.2807719
Siti Hosuru,13.2364425,78.0054211
Talagunda,13.167753,78.0678361
Tippasandra,13.0940547,78.2288444
Tirumalakoppa,13.047906,78.0154828
Uddappanahalli,13.124863,77.976574
Venkatapura,13.1024215,78.0360214
Virenahalli,13.2798976,78.0168046
Yaragantta,13.0993902,78.2579634
Aivarahalli,12.9579118,78.3880832
Attigere,12.925768,78.1805712
Bandarlahalli,12.8320068,78.1972375
Chikkakarapanahalli,12.9296414,78.1731063
Dulapalli,13.0528511,78.4320275
Gandodahalli,13.019973,78.4435441
Gennerahalli,13.0147448,78.3768729
Gopasandra,13.064184,78.3747088
Guttahalli,12.9777984,78.3002447
Hirekarapanahalli,12.9298183,78.1654318
Hulkuru,13.0052968,78.4292157
Hurlahalli,12.9222282,78.1735979
Jangama Hosahalli,13.0319501,78.4147167
Kadariganakuppa,13.0143257,78.4545027
Kangandlahalli,12.9602988,78.3840251
Kaverahalli,12.9509258,78.3242811
Kirumande,12.8417363,78.1912537
Kodigepalli,13.019058,78.4180077
Kururu,12.8961078,78.3154
Madderi,13.0413097,78.4126753
Mindahalli,13.0381082,78.3867147
Mittahalli,12.8350814,78.2047284
Narinatta,12.8595708,78.2034604
Puganahalli,13.0109561,78.4314412
Putra Sonnenahalli,12.9248885,78.2038408
Ratenahalli,12.8477157,78.1981149
Sanganahalli,12.9272712,78.3841138
Shrinivasasandra,12.9165485,78.4306088
Somarasanahalli,13.029298,78.391174
Tatepalli,12.989777,78.4410287
Chikkavalagamadi,12.9470157,78.2118396
Hosakote,12.9586711,78.1844828
Tumatagere,12.9591008,78.1640378
Peelavara,12.9017502,78.4550552
Chinnanaganahalli,12.9205548,78.2997789
Kallikuppa,12.9275569,78.2958034
Marikuppa,12.9283483,78.2870864
Pujarahalli,12.9046784,78.3060394
Sonepalli,12.909573,78.4511462
Madhugirihalli,13.1279864,77.5074279
Thammarasanahalli,13.1260639,77.4969136
Kumbarahalli,13.1030959,77.4916565
Abbenahalli,13.0466399,77.9449858
Agara,13.0144088,78.0489005
Ajjapanahalli,12.8739845,78.0722555
Anepura,13.0366191,78.0425103
Angashetchihalli,12.988051,77.9795633
Appayyana Agrahara,12.8415551,77.978457
Aranighatta,12.9261228,77.9410576
Bairatnahalli,12.9999873,78.0344931
Baliganahalli,12.8930415,77.9642479
Bedishettihalli,12.8595503,78.0395973
Benaghatta,12.8578586,77.9351348
Bingipura,12.9918307,77.9759025
Bitnahalli,12.8538419,77.9682485
Boppanahalli,12.9952685,77.9054862
Buvanahalli,13.0147889,78.0239916
Byatarayanahalli,12.9916859,78.0254719
Chambe,13.0183069,78.0579825
Channigarayapura,12.9146095,77.9299831
Chavvenahalli,13.0282436,77.9614379
Chikka Sabbenahalli,13.0395072,77.9982583
Chikkakadaturu,13.0332751,77.9730709
Chikkakunturu,13.002911,78.0132057
Chikkanayakanahalli,12.9338536,78.1051456
Chikkapura,12.9880525,77.9003148
Chikkashivara,13.0213971,77.9807458
Chinapaganahalli,13.0232657,78.0692751
Dodda Sabbenahalli,13.0289731,78.0026707
Doddakunturu,13.0140519,78.0069265
Dombarahalli,13.0894237,77.9556435
Dyapasandra,12.982798,77.9543153
Ganiganahalli,12.8622877,78.0804334
Gerupura,13.0749761,77.9270843
Gonurukoppa,12.9099536,77.9457537
Gundlapalya,12.8871367,78.0869699
Halehalli,12.84166,77.9691613
Haripura,13.0156755,77.9995909
Harohalli,12.9488738,77.999611
Harohalli,13.0244417,77.9387307
Hosa Ballahalli,12.9760344,78.0647526
Hulimangala,12.9568281,77.8992322
Indumangala,12.8948769,77.9746975
Jagadenahalli,12.9084586,77.883079
Jakkasandra,13.0892847,77.9663942
Kadadanahalli,12.8670392,77.9662026
Kadadenahalli,13.0033883,77.9119314
Kalkere,12.8845798,77.8609487
Kambipura,13.0558284,77.9387039
Kanachikkanahalli,12.9917291,77.9298771
Kanivenahalli,13.049895,77.9653413
Kateri,13.0021279,77.9895361
Kavalagiriyanahalli,12.9865553,78.0711497
Kesaragere,12.8527641,77.9806609
Koduru,13.0014578,77.9752112
Kondanahalli,12.8510852,78.0818729
Kondashettahalli,12.9998486,78.0544732
Korachanuru,13.0663334,77.9535521
Krushnapura,12.8671184,78.0167137
Kuntanahalli,13.0328271,78.0654325
Kurandahalli,12.9834611,77.9127239
Lingapura,13.0225639,77.9555559
Madanahatti,12.9918356,77.8895882
Mailandahalli,12.96458,77.9478832
Malakanahalli,12.8391929,78.0105642
Mangapura,12.9721184,77.9331591
Marasandra,12.9804018,77.8739832
Minasandra,12.9210228,77.9172097
Mittiganahalli,12.9882868,78.0993588
Muttukadahalli,13.0728323,77.9940956
Nagapura,12.8869427,77.975712
Nakkanahalli,13.0282339,78.0584211
Dinnahalli,12.8723272,78.0609149
Nilakantha Agrahara,12.9981778,77.9583159
Nosagere,12.9896373,77.9147619
Nutave,12.9266623,78.0940509
Obalapura,13.038915,77.975106
Obatti,12.9490771,78.0163224
Obatti,13.0154701,78.0908431
Panamakanahalli,12.9940576,78.0456549
Puramakanahalli,13.0225335,78.0009576
Purasanahalli,12.9797563,77.9355399
Sitanayakanahalli,13.0634973,77.9295361
Sitappanahalli,13.0802806,77.9927777
Sonnahalli,13.004561,77.9896937
Talakunte,12.9296437,77.9195576
Tambihalli,13.0608424,77.9446567
Timmanayakanahalli,12.9435525,78.0686009
Timmanayakanahalli,12.9484186,78.0550838
Timmanayakanahalli,12.9717509,77.96344
Tippasandra,12.9174583,78.0315485
Upavasapura,12.9815142,77.9014126
Usarahalli,12.8943472,78.0949572
Vadaganahalli,13.0155513,77.9896944
Virakaputra,13.0057321,78.1094678
Chakanahalli,12.9807595,78.0164546
Garigadenahalli,12.9690018,77.9866227
Godagahalli,12.8737515,78.1166488
Guddanahalli,13.0027993,77.9653536
Hulkuru,12.9694415,78.0122993
Kshetranahalli,12.9514868,78.1239387
Mittiganahalli,12.9723194,77.9689363
Nariganahalli,12.9631867,77.9645136
Nellahalli,12.9543854,78.1105988
Saripalla,12.8773269,74.8981957
Aitandahalli,13.0226605,78.2057517
Alaganahalli,13.0375704,78.2096247
Aniganahalli,13.0557805,78.1608047
Ayyapali,13.0224021,78.3167641
Battalahalli,12.7951699,78.2283795
Bettakuru,13.0138237,78.3642382
Bodagurki,12.8746765,78.2354688
Bodenahalli,12.8570462,78.2188592
Boyinahalli,12.9254946,78.2168416
Boyisonnenahalli,12.9102261,78.2311429
Chalaganahalli,13.0407325,78.2157989
Chikkakarapanahalli,12.9670779,78.2057174
Dodduru Karapanahalli,13.0153038,78.2398819
Dodrahalli,13.0339873,78.2350169
Gajaga,12.9408287,78.1547087
Guttahalli,12.9783013,78.3296604
Hangala,13.0386764,78.3370608
Hulkuru,13.0322872,78.3499872
Hunukunda,13.0468912,78.2436171
Kadire Gaudanakote,13.0143194,78.2924908
Kadirenahalli,12.8726991,78.1486796
Kallikuppa,13.0551657,78.317036
Kamandahalli,13.0497295,78.2208654
Kammasandra,12.9964211,78.2918897
Kanganalluru,13.0636185,78.2678948
Kanamanahalli,12.7893517,78.1455871
Kavaraganahalli,13.0218981,78.349083
Kodihalli,13.013635,78.3445339
Kogilahalli,13.0550543,78.3243238
Madamuttanahalli,13.0373346,78.2437802
Magondi,12.9409169,78.1722279
Mallahalli,12.9164421,78.4119957
Mavahalli,13.0536322,78.2082966
Mittamalahalli,13.0608005,78.2391156
Muduguli,12.9161147,78.2150801
Nadampalli,12.8593941,78.2138925
Nagashettihalli,12.9992454,78.3067994
Natta,13.0463766,78.3150774
Nayanahalli,13.0481564,78.3478065
Neralekere,12.9964987,78.2142172
Parandahalli,12.9603421,78.2871088
Pedadampalli,13.0079442,78.290267
Pichchahalli,12.9902772,78.2801384
Polenahalli,12.8076266,78.2174503
Pottepali,12.9508542,78.2875366
Pura,12.8655565,78.2294043
Siddareddidinne,13.0380226,78.346631
Soregaudanakote,12.985983,78.2104985
Tanimadagu,12.8361037,78.2473099
Ukkarahalli,12.9169341,78.222877
Vadandahalli,13.0602711,78.2179028
Yalesandra,12.9008986,78.1556304
Aluru Duddanahalli,13.2737774,77.6030366
Arasanahalli,13.2018656,77.7997984
Attibele,13.2843213,77.7177506
Atturu,13.1004095,77.8587249
Bachchahalli,13.252962,77.5939359
Bannimangala,13.260932,77.5879117
Batrenahalli,13.3252903,77.8182811
Bennamangala,13.2552449,77.7426982
Bettahalli,13.1819797,77.8215974
Bidalapura,13.1871393,77.7756191
Bidaluru,13.2880984,77.6910029
Bidiganahalli,13.2544319,77.8115207
Bommanahalli,13.2356503,77.7594545
Chikkanahalli,13.314318,77.7871125
Chikkanallala,13.0973286,77.8961209
Chimachanahalli,13.2182348,77.7827215
Chinna Kempanahalli,13.2671612,77.6273252
Dabbagunte,13.0964312,77.8913139
Devanayakanahalli,13.1754621,77.7718557
Dharmapura,13.2683565,77.7999577
Doddamuddenahalli,13.3212908,77.7702297
Giddappanahalli,13.1757789,77.8140868
Godlamuddenahalli,13.3291649,77.777538
Haliyuru,13.2634077,77.7660111
Handenahalli,12.958577,77.8477565
Haraluru Nagenahalli,13.3277229,77.8111877
Hegganahalli,13.2187326,77.6104355
Honachanahalli,13.0190882,77.8547532
Hosahalli,13.3500993,77.7429078
Hosahudya,13.3303338,77.7229102
Hyadala,13.2497999,77.7897558
Irigenahalli,13.3389658,77.7329741
Juttanahalli,13.2396997,77.5780314
Kommasandra,13.319151,77.8037622
Kurubarakunte,13.2720516,77.7378897
Lakkondahalli,13.118144,77.7704722
Mailapura,13.1037272,77.8786954
Mallepura,13.2047617,77.7783223
Malluru,13.3399868,77.8171068
Mattabarlu,13.2462994,77.7693806
Medihalli,12.9681562,77.845242
Mugabala Hosahalli,13.1060681,77.8807384
Nakkanahalli,13.1284001,77.8687951
Pettanahalli,13.0504565,77.7917286
Polanahalli,13.2252298,77.7670061
Pura,13.3125631,77.7966922
Ranganathapura,13.337618,77.79034
Sarkara Guttahalli,13.0453886,77.7893069
Siddenahalli,13.1902078,77.8254301
Siddenahalli,13.208309,77.9272411
Sunnaghatta,13.2582147,77.5830474
Tammenahalli,13.2501672,77.7512763
Tellohalli Agrahara,13.2409903,77.7532585
Sulakunte,13.2540225,77.6005202
Adinarayana Hosahalli,13.2788452,77.5923749
Akkatammanahalli,13.3175315,77.4019896
Allalasandra,13.3592126,77.5115911
Antarahalli,13.354554,77.5108768
Arehalli Guddadahalli,13.2709759,77.5667142
Bachchahalli,13.3561444,77.516092
Bairapura,13.3571601,77.441424
Benakina Madagu,13.3868351,77.407684
Channadevi Agrahara,13.2178549,77.455611
Channaviranahalli,13.371032,77.4175557
Chikkanahalli,13.3191113,77.4430623
Chilenahalli,13.3633565,77.4604585
Chunchegauda Hosahalli,13.289896,77.4708213
Doddavadagere,13.2124712,77.4063564
Durgenahalli,13.3860857,77.5606948
Gangasandra,13.3553995,77.551506
Gundappanayakanahalli,13.4607739,77.3999357
Gunjuru,13.4279345,77.5131493
Halenahalli,13.2226448,77.3961677
Honnaghata,13.3206938,77.5067643
Hosahudya,13.2385482,77.5443928
Huskuru,13.2826895,77.4755418
Jodi Timmasandra,13.2049774,77.4210235
Kadabyadarahalli,13.3601995,77.4327235
Kadatippuru,13.3431441,77.3521665
Kalludevanahalli,13.3515188,77.4690036
Kallukote,13.4183556,77.5952377
Kallukunte,13.4487919,77.425693
Kamaluru,13.3594699,77.4902768
Kamana Agrahara,13.3035288,77.3799897
Kammasandra,13.2093654,77.3790069
Kanakenahalli,13.3838115,77.3835573
Kanasavadi,13.2084418,77.4364151
Kannamangala,13.1891552,77.4184611
Kodihalli,13.1892363,77.4545013
Kottigemachenahalli,13.4238386,77.4247775
Kugonahalli,13.3094066,77.4613585
Kuntanahalli,13.2802923,77.4872723
Lagumenahalli,13.4158141,77.5374947
Lakkenalli,13.3884702,77.3505999
Linganahalli,13.3198946,77.6173239
Machchenahalli,13.4077471,77.3492354
Madhurana Hosahalli,13.2819435,77.433107
Makali,13.4392417,77.4890962
Mallattahalli,13.3317621,77.5415054
Mandibyadarahalli,13.3060201,77.4709512
Marasandra,13.2004544,77.4426473
Melina Juganahalli,13.4301915,77.5220104
Menasi,13.2873637,77.4887069
Mukkadighatta,13.4285664,77.5987957
Nagenahalli,13.1989463,77.4015579
Naranahalli,13.2911368,77.4401671
Neralaghatta,13.3155603,77.4813983
Obadenahalli,13.2758434,77.5766641
Ojenahalli,13.4353285,77.4753345
Purushanahalli,13.2375981,77.3917084
Rameshvara,13.2852508,77.4515589
Shimpadipura,13.2270963,77.4131356
Shivapura,13.3075851,77.5660059
Shravanuru,13.3164748,77.4562014
Sonnenahalli,13.4302703,77.4851195
Suttahalli,13.3780309,77.4411851
Tapasihalli,13.3490636,77.5201876
Timmasandra,13.320256,77.5642229
Tippapura,13.272299,77.5391678
Ujjani Hosahalli,13.4407625,77.4604959
Vaddarahalli,13.3427922,77.5405822
Vanigarahalli,13.3495,77.452523
Virapura,13.2611515,77.543607
,13.2892685,77.5141383
,13.306505,77.5239939
Ajjanakatte,13.2913842,77.4271782
Avverahalli,13.192457,77.2529148
Ayyanahalli,13.2581747,77.3869119
Bairasandra,13.2484093,77.5201447
Baragenahalli,13.1941379,77.23709
Baraguru,13.320956,77.3249092
Bavikere,13.0864477,77.368339
Bidaluru,13.194278,77.3008826
Billinakote,13.1968364,77.2705576
Doddakarenahalli,13.0682157,77.3450953
Geddalahalli,13.1798508,77.2552288
Gejjegadahalli,13.2457952,77.4985417
Gollahalli,13.2591462,77.5057245
Goraghatta,13.2861109,77.3395172
Halenahalli,13.2787963,77.241407
Halenijagal,13.2528905,77.2025111
Hanchipura,13.0669867,77.3711043
Hanumantapura,13.1912693,77.2857756
Hattukunte,13.2525084,77.3462435
Heggunda,13.2775355,77.2599783
Honnadevipura,13.2428824,77.4158414
Honnasandra,13.0406063,77.3373727
Honnenahalli,13.2095248,77.2417445
Imachenahalli,13.2631983,77.2533488
Jakkasandra,13.0899115,77.3883363
Kanuvanahalli,12.9951095,77.3643526
Karepura,13.2513282,77.4003007
Karimanne,13.2583811,77.259965
Kempalinganahalli,13.047362,77.372442
Kempalinganahalli,13.0950634,77.3743271
Kengal,13.2102096,77.2272543
Kerekattiganuru,13.175183,77.272456
Kodappanahalli,13.0645114,77.3819314
Kodihalli,13.192702,77.3121011
Kukkanahalli,13.1749477,77.4417089
Madenahalli,13.2473075,77.2497468
Mahadevapura,13.0671165,77.3201264
Mallapura,13.0741989,77.3994248
Mallarabanavadi,13.0736036,77.3794648
Mandigere,13.1641058,77.3703249
Muddalinganahalli,13.2415596,77.2965643
Narasapura,13.2043595,77.3245045
Nijagal‌ Kempohalli,13.2557649,77.2471588
Shrinivasapura,13.0843466,77.3408547
Soladevanahalli,13.0071985,77.3501716
Somasagara,13.2708309,77.3171562
Tyagadahalli,13.1737158,77.3942523
Vaddarapalya,13.0786407,77.3680832
Virasagara,13.2160749,77.2039774
Yantaganahalli,13.0612696,77.3456126
Bairasandra,13.1102128,77.3287919
Ghantehosahalli,13.1592991,77.2506873
Hurulihalli,13.1192777,77.353016
Kambalu,13.1668703,77.2386203
Kasaraghatta,13.1664301,77.262252
Kempohalli,13.1194681,77.3295627
Lakkasandra,13.1487304,77.299127
Madalakote,13.1149481,77.3107842
Marohalli,13.1500443,77.3386527
Sulukunte,13.1611152,77.2965174
Timmasandra,13.1299821,77.299905
Yalachegere,13.1030523,77.3482004
Sunkadakatte,12.9805762,74.8985614
Adakamaranahalli,12.9468593,77.3095674
Adarangi,13.1217472,77.1931641
Ajjahalli,13.1116631,77.1924761
Angajanahalli,13.0314939,77.1303441
Arishinakunte,13.094563,77.2124344
Bachenahatti,12.9536631,77.3038281
Baginagere,13.0477107,77.1001298
Banavadi,13.1181137,77.2566101
Bettahalli,13.1388041,77.1775708
Biskuru,13.0881979,77.1407457
Byaladakere,13.0339696,77.2272958
Chikkamaskal,13.1779483,77.1779995
Gangonahalli,13.1203112,77.0864791
Gollahalli,13.1290246,77.1861306
Gororu,13.0800838,77.2615959
Gudemaranahalli,13.0514216,77.2638794
Hakkinalu,13.0383027,77.2827805
Harohalli,12.9660114,77.1918887
Harti,13.0190204,77.2442631
Hebbalalu,13.091131,77.0917198
Hosahalli,13.0492066,77.3006348
Hosalaya,13.0674984,77.1098473
Hulikal,13.1381615,77.1475462
Kagimadu,13.1232225,77.1812915
Kalari,13.0091082,77.1686161
Kalluru,12.9449827,77.3171088
Kanakenahalli,13.0990983,77.2704389
Kenkere,13.1626492,77.1359582
Kuduru,13.1067695,77.1643577
Mailanahalli,13.1399376,77.2404354
Manniganahalli,13.0534939,77.1879262
Marasandra,13.1615937,77.1636949
Marikuppe,13.0420279,77.2980295
Maruru,13.0668875,77.1607407
Motaganahalli,13.0053464,77.3112512
Narasandra,13.0642937,77.1729895
Neralekere,13.0715836,77.1131194
Netenahalli,12.9433034,77.2198372
Pemmanahalli,13.0171123,77.3035587
Sankighatta,13.0691707,77.092093
Shyanubhoganahalli,12.9584546,77.3255905
Sugganahalli,13.1081925,77.0908573
Sugganahalli,13.1597295,77.1297452
Talekere,13.0339164,77.1068517
Tippasandra,13.0632887,77.1259173
Udukunte,13.1317713,77.2352971
Virasagara,13.1668264,77.2039436
Agalakote,12.9067836,77.1683736
Attingere,12.8707557,77.2784605
Averahalli,12.8997472,77.3373986
Balenahalli,12.8959089,77.1927548
Byadarahalli,12.8442687,77.1636149
Chikkamaskal,12.9199377,77.3304661
Dandigepura,12.9020635,77.1765233
Gerahalli,12.8442479,77.2460348
Guddalahalli,12.8614892,77.2376304
Halasinganahalli,13.0117861,77.1872884
Hanchikuppe,12.8910383,77.2685179
Heligehalli,12.8916419,77.1923303
Hujagala,13.0014246,77.1983394
Huluvenahalli,12.8888178,77.1838013
Juttanahalli,12.9536998,77.1881438
Kalludevanahalli,12.8379111,77.1526738
Kempasagara,12.9444363,77.1794388
Kottagaranahalli,12.8440053,77.209689
Managal,12.9128378,77.2043812
Matta,12.8816493,77.2919181
Neralavadi,12.8503153,77.2113651
Pura,12.91788,77.2327085
Satanuru,12.936876,77.1660192
Sigekuppe,12.8524631,77.1465997
Tataval,12.954515,77.2000989
Vengalappanahalli,12.9463614,77.266164
Anumanahalli,12.7528373,77.2094615
Chamanahalli,12.7411953,77.1948243
Hippemaradadoddi,12.7344966,77.1927354
Jayapura,12.7388315,77.2371461
Kurubarahalli,12.7470321,77.2468512
Kyasapura,12.7463402,77.200459
Lakshmipura,12.8306075,77.294852
Timmasandra,12.8025965,77.2778547
Bembra,18.2052644,77.3256625
Bhavani Bijal‌gaon,18.2552996,77.3020641
Ganganabid,18.3717416,77.2611327
Koriyala,18.2050727,77.2721088
Mutakhed,18.3962104,77.2974415
Nandi Bijalgaon Thanda,18.4131842,77.3007938
Ramsingh Thanda,18.379353,77.3757539
Toranavadi,18.2370025,77.251161
Alandi,18.1446862,77.2498405
Baradapura,17.9441708,77.201685
Chalakapura,17.8921346,77.2358362
Chikalachanda,17.9964318,77.2321217
Chitta,17.9027181,77.2423507
Dongaragi,18.0450705,77.4043335
Ekalasapura,18.0272916,77.1726671
Enakura,17.9340699,77.1859086
Halagorta,17.9668054,77.0949629
Halasi,18.0564743,77.0887051
Honnalli,17.9764086,77.0863334
Hosa Korura,18.0229132,77.1394646
Jiragyala,18.0748877,77.0761617
Khanapura,17.9493477,77.3807235
Khataka Chincholi,17.9013931,77.2058512
Korura,18.0203716,77.1502106
Kotagera,18.0105482,77.117258
Kudli,18.1187288,77.3315523
Malachapura,17.9346877,77.3789702
Mashimadu,17.9236177,77.2478803
Morambi,17.9903277,77.0937814
Murala,18.0860801,77.3258792
Nagarala,18.1154044,77.3241156
Narada Sangama,18.1027951,77.0662048
Navadagi,17.9523233,77.1558114
Nelagi,17.9523186,77.2874267
Nelvada,17.9168832,77.2751143
Nideban,18.0415389,77.1508356
Ramatirtha Vadi,18.0192063,77.1960718
Rudanura,17.9242331,77.3372107
Sevanagara,17.9684605,77.3618254
Siddeshvara Vadi,17.9762099,77.2829728
Sikandrabada Vadi,17.9183724,77.2253735
Tamagyala,18.1106602,77.1083621
Taranalli,17.9749859,77.3054214
Vagalagaon,18.0812953,77.0860427
Ammallidoddi,12.7169333,77.1253619
Bairapattana,12.6429463,77.1661532
Bairashettihalli,12.5592027,77.2589584
Ballapattana,12.5545411,77.2212726
Banagahalli,12.5449758,77.1952015
Bevuru,12.7065886,77.139369
Brahmanipura,12.6400697,77.2379285
Devarahalli,12.654178,77.1561706
Dyavapattana,12.5784441,77.2682481
Govindahalli,12.6164865,77.1489035
Haniyuru,12.5459412,77.2763952
Kannasandra,12.6995189,77.147163
Karekoppa,12.5201949,77.2419979
Kondapura,12.5423508,77.2041349
Kukkuru,12.5912755,77.1294158
Mailanayakana Hosahalli,12.6773034,77.1639828
Mailanayakanahalli,12.6769032,77.16927
Makali Hosahalli,12.7648726,77.1691885
Mattikere,12.6400423,77.1498071
Mogenahalli,12.6993834,77.1321188
Mudigere,12.6467301,77.1287803
Nayidolle,12.7749613,77.1845784
Nilasandra,12.6221375,77.2271897
Sadahalli,12.5664051,77.2079991
Samandipura,12.481189,77.174436
Santemogenahalli,12.5879565,77.2080186
Shanuboganahalli,12.5343375,77.2389053
Tagachagere,12.6293396,77.2310894
Ujjanahalli,12.5506647,77.2987133
Vithalenahalli,12.5730431,77.2774118
Bampalli,18.0700552,77.4333983
Mamadapura,17.9822028,77.4564657
Nematabad,18.0273779,77.5768597
Sanganahalli,18.0090877,77.4632513
Sangavi,18.039873,77.4209823
Amadalapada,17.9502342,77.623022
Bagadala Tanda,17.7897881,77.4221515
Bambalagi,17.7537011,77.3593198
Chatnalli,17.7894679,77.4408171
Gausapura,17.7733877,77.525938
Hochakanalli,17.7846944,77.3262083
Hokrana (K),17.7198164,77.4902275
Honnikeri,17.9653869,77.4087369
Kapalapura,17.9470952,77.6157655
Kolara (B),17.9172983,77.4300711
Malik Mirjapura,17.8388312,77.4404244
Nidavancha,17.7437989,77.3698493
Sangolagi Tanda,17.8693328,77.3752331
Shekapura,17.7415172,77.44308
Sindola Tanda,17.7695623,77.452495
Telag Mirjapura,17.8215796,77.4785409
Ahmadabad,18.02419,77.3102883
Byalahalli,17.9750654,77.1268122
Ganeshapuravadi,18.0554245,77.2380484
Haranala,17.986801,77.1923342
Hupala,18.0446475,77.2959134
Kadalabad,18.024433,77.2534954
Kalasadala,18.1080637,77.2505846
Kalavadi,18.0080493,77.2109239
Karadiyala,18.0267426,77.2682228
Kuntesirsi,17.9839252,77.2092398
Metimelakunda Vadi,18.1080098,77.1358313
Saidapuravadi,18.0096585,77.2346454
Siddapuravadi,18.0650277,77.1947303
Valasanga,18.0742232,77.2885071
Thottipalam,12.0871474,75.717132
Atanura,18.1530959,77.1550154
Belura Tanda,17.9490071,76.9654529
Gadalegaon,17.7305079,76.7194227
Halli,17.8409798,76.8637276
Hattaraga,17.6674114,76.6961837
Janavada,17.6456393,76.9308645
Mallikarjuna Vadi,17.8106693,77.0590502
Mirakhala Tanda,17.9855376,76.9616968
Rachappa Gaundagaon,17.9918834,77.078898
Rampura Vadi,17.7791506,77.0461136
Anandanahalli,13.4022982,76.2454359
Bairambudi,13.3186609,76.1788421
Basavanahalli,13.4440125,76.1471113
Battihalli,13.4996636,76.2547728
Beluvalli,13.3625017,76.1122669
Bennigundihalli,13.5174928,76.384761
Bisalehalli,13.205018,76.2921295
Bommachihalli,13.1380494,76.2784297
Bommasamudra,13.5318647,76.3696592
Channapura,13.1374288,76.2837475
Chikkagandasi,13.1717016,76.3157021
Chikkajjikattehalli,13.3827358,76.0940164
Chikkammanahalli,13.4081171,76.2390907
Chikkerehalli,13.4378439,76.1495481
Chikkondihalli,13.4961068,76.3305223
Dasenahalli,13.1785152,76.302781
Diggenahalli,13.359418,76.0699072
Doddaghatta,13.2629527,76.0520068
Donanakatte,13.5204854,76.3564872
Guddenahalli,13.3489917,76.0376646
Heggatta,13.173159,76.3270098
Holalkere,13.4381994,76.3573211
Honnakumaranahalli,13.1429768,76.3048138
Hosahalli,13.4404527,76.2183726
Jikanahalli,13.1924144,76.3184095
Kamenahalli,13.3636435,76.0483807
Kumbaraghatta,13.5216525,76.3698127
Lingodanahalli,13.4173007,76.2074238
Mahadevarahalli,13.1467379,76.2718679
Manakatturu,13.4357888,76.170769
Mangalapura,13.1566416,76.2842106
Maragondanahalli,13.3753947,76.1143031
Maratagere,13.4188685,76.2321977
Melina Hosahalli,13.3663664,76.0954097
Mududi,13.2042023,76.2790864
Shankaranahalli,13.4769868,76.2360355
Shankaranahalli,13.5133284,76.3992569
Shyanegere,13.4381661,76.1968615
Somashettihalli,13.4983907,76.284489
Tippagatta,13.4254203,76.2209096
Tondiganahalli,13.4491925,76.1756514
Yachagodanahalli,13.4925414,76.3438006
Bedaravadi,17.8523098,76.8073214
Kaudiyala,17.76396,76.9729563
Kaudiyala,17.8159252,76.9619557
Kongevadi,17.8652987,76.8427133
Mangalura,17.7547263,76.9977943
Mannalli,17.812963,76.7904653
Antara Bharati Tanda,18.0526258,77.0220658
Bagaduri,17.740259,76.919683
Dasaravadi,17.7556125,76.9463132
Dhanagaravadi,17.7546713,76.9531508
Gaura Tanda,17.9156095,76.9395533
Hanamanta Vadi,17.7871097,77.0658353
Himmat Nagara,17.732209,76.9916045
Honnalli,17.7898394,76.7772977
Hulaguti,17.8397554,77.0252787
Kadarabad,18.0163602,77.0605458
Khanapura,17.7504554,76.9084249
Mudabivadi,17.7183547,76.9260399
Rola,17.7651235,76.9604951
Sharananagara,17.7282419,76.9774745
Shivapura,17.852723,76.962912
Vaddaraga,17.7471622,76.814412
Yalladagundi Tanda,17.73802,76.8559008
Bandagaravadi,17.8440512,76.8004067
Ghata Hipparga,17.753685,76.8961252
Harakuda Tanda,17.7042804,76.8887359
Kalakhora Tanda,17.6588387,76.9712919
Kamalevadi,17.8195726,76.8369224
Maisalaga Tanda,17.667223,76.8944332
Saidapura,17.7315474,76.8787005
Alipura,17.6420805,77.3497878
Allura,17.8026278,77.2512991
Basavantapura,17.7445931,77.0827023
Borala,17.7158218,77.3671606
Chinakera,17.8321021,77.1544982
Fatimapura,17.7096804,77.1931546
Hallikheda Vadi,17.7059914,77.0697069
Hipparaga,17.774312,77.2261141
Hosa Sonakera,17.8619627,77.1199781
Janata Nagara,17.7612919,77.1595829
Kabirabad Wadi,17.8484701,77.2278649
Kapparagaon,17.7665368,77.2182755
Madaragi,17.6187794,77.3025839
Marakhala,17.8125705,77.2865189
Mudanala,17.660937,77.1826239
Mustarivadi,17.6433962,77.2669335
Nirna Vadi,17.6708353,77.3276622
Polakapalli,17.6433959,77.3924157
Ramapura,17.6563953,77.1699282
Sindabandagi,17.8716942,77.2874862
Sonakera,17.860236,77.1268271
Vaddanakera,17.7808017,77.2351475
Varavatti,17.8445207,77.1680331
Chikkota,17.7140706,76.7793727
Gundura Tanda,17.7533188,76.8606449
Jagevadi,17.7525884,76.7743218
Kohinura Vadi,17.6586376,76.8235703
Appihalli,13.2431841,76.0901033
Ghattadahalli,13.2101707,76.042262
Kanakenahalli,13.2402793,76.0815839
Karagada,13.2332881,75.8532881
Kodanahalli,13.2379463,75.8425569
Kodihalli,13.1625044,76.0477102
Malenahalli,13.2435249,75.8752447
Suranayakanahalli,13.2688112,76.0712835
Matighatta,13.2329306,76.0564051
Rajanashiriyuru,13.2501301,75.9819347
Samshettihalli,13.2283529,75.8908569
Shivanenahalli,13.2645948,76.060598
Siddapura,13.1980665,75.9922692
Tattehalli,13.1787138,76.0197474
Andale,13.1262665,75.9503957
Angadihalli,13.1178925,76.0014707
Bakravalli,13.0670115,75.76549
Balaguppe,13.1880495,75.7586611
Bantenahalli,13.1782025,75.8849478
Basavapura,13.1100709,76.0001309
Devihalli,13.1608401,75.9656956
Gabbalagodu,13.1737018,75.8139818
Gutravalli,13.1670402,75.8472071
Haltore,13.0911036,75.9784024
Handralu,13.122262,75.9684752
Hanike,13.0835236,75.9615326
Hosamane,13.0228664,75.786438
Hulugundi,13.0991788,75.9463321
Kogilamane,13.1085535,75.8746596
Madagodu,13.1481975,75.7540126
Madhaghatta,13.0762007,75.9055673
Malasavara,13.0536906,75.7634523
Maluru,13.1586992,75.7354342
Mugalavalli,13.1252876,75.931071
Mulenahalli,13.1015428,76.0166105
Nandagodanahalli,13.0385807,75.766561
Narve,12.9981569,75.7697895
Navilahalli,13.1400364,75.8098267
Paduvalalu,13.0769646,75.939228
Rayapura,13.164228,75.8851572
Shankaradevarapete,13.1612842,75.8549006
Lingadalli,18.2082973,77.3110879
Ganeshapura,18.2631917,77.3973717
Jonnikeri,18.1918668,77.4607095
Karakyala,18.2692099,77.3221285
Mahadonagaon,18.1859634,77.3709704
Tulajapura,18.2187981,77.4320043
Bavana Gudi,17.5867846,77.2364476
Chauki Tanda,17.5638276,77.2916923
Dharitanda,17.6247894,77.2712437
Etebarapura,17.5748274,77.3200728
Gurampalli,17.5433461,77.3138071
Kasaratugaon Vadi,18.1372247,77.056024
Rummanaguda Tanda,17.4640197,77.1857425
Salagara,17.5939615,77.2865889
Shamashapuravadi,18.0776349,77.206416
Tajalapura,17.512195,77.3225835
Hosahalli,17.4174618,77.4082427
Javharanagara,17.4730046,77.5673379
Jilavarsha Tanda,17.4593042,77.5833411
Kodli Tanda,17.3933486,77.1933213
Kudahalli,17.3820315,77.2538877
Motimoka Thanda,17.5349751,77.5209366
Ontichinta,17.5315993,77.5534746
Pedda Thanda,17.5309065,77.5728728
Phatepura,17.5131841,77.4410499
Venkatapura,17.2782063,77.4044858
Betajevargi,17.5715836,76.7840974
Bilagunda,17.5849253,76.7268953
Bodhanavadi,17.5654332,76.7772665
Hodalura Tanda,17.6985806,76.6591244
Linganavadi,17.5620068,76.8014257
Tolanavadi,17.5505387,76.7701478
Bommanahalli,17.3808549,76.6151824
Chincholi Budruk,17.626006,76.4321316
Chincholi Khurd,17.6189625,76.4367485
Gudura,17.3320812,76.5988013
Jamaga Tanda,17.7169026,76.5078437
Khanapura,17.5732311,76.4738456
Kudamuda,17.6082625,76.9151825
Madaki Tanda,17.5747396,76.879466
Nasiravadi,17.6389938,76.6699561
Nimbarga Tanda,17.4067578,76.6039897
Sanagunda,17.62209,76.7253179
Tellur,17.4740943,76.6952683
Valavandi,17.6406002,76.701964
Agara,12.6201123,77.4793074
Arekoppa,12.3349091,77.4806354
Arjunahalli,12.389738,77.5176281
Chakanahalli,12.5466922,77.4637482
Chikka Muduvadi,12.6208714,77.3739911
Chikkakoppa,12.4001687,77.464577
Chiranakuppe,12.5370951,77.4322288
Dyapegaudanadoddi,12.5331413,77.4347159
Ganalu,12.6009596,77.3960353
Guddeviranahosahalli,12.3868651,77.5419147
Javanammanadoddi,12.5489522,77.4412676
Kebbehalli,12.4729003,77.4603701
Kempalanatha,12.3956998,77.5349186
Malligemetlu,12.6151231,77.4942269
Paduvanagere,12.6167702,77.4648539
Rampura,12.6071373,77.4096562
Timmasandra,12.6140183,77.3837122
Aikala,13.0793254,74.8609502
Lingappayyakadu,13.0754025,74.8018955
Ajjabasavanahalli,12.4467801,77.5209486
Arehosahalli,12.4917108,77.3322587
Bekuppe,12.5092508,77.4337356
Bommanahalli,12.4867846,77.3578348
Channasandra,12.4162567,77.4974363
Chaukasandra,12.5113537,77.416576
Chikkadasenahalli,12.6450914,77.4923616
Chikkamukkodlu,12.3565402,77.5802524
Dalimba,12.4662402,77.3210848
Dimbadahalli,12.3628893,77.5323265
Doddaguli,12.4767313,77.5115574
Doddakoppa,12.3792469,77.474496
Doddasadenahalli,12.6446299,77.4779571
Dunturu,12.4167249,77.3325992
Garalapura,12.4445155,77.4949358
Gollahalli,12.3793067,77.4651062
Harihara,12.416103,77.2916062
Hosahalli,12.6346039,77.4586017
Hunasanakodihalli,12.3708528,77.6034454
Kachuvanahalli,12.4860412,77.3253938
Kalligaudanadoddi,12.3845522,77.44199
Kebare,12.5087294,77.5269397
Kemmale,12.440843,77.3087822
Kiranagere,12.6517762,77.4562542
Konasandra,12.665059,77.5101575
Kunuru,12.4703678,77.4316103
Nidagallu,12.4828604,77.4329463
Sasalapura,12.4551931,77.2883779
Shigekote,12.4986267,77.3980148
Tattekere,12.6728678,77.5737943
Terigedoddi,12.3640987,77.4592612
Totahalli,12.4817296,77.3435478
Yalavalli,12.4990858,77.354479
Aranakuppe,12.5664781,77.443381
Bannikuppe,12.6734316,77.4285699
Belaguli,12.6520525,77.3926398
Bhimasandra,12.6909512,77.4573327
Budiguppe,12.561601,77.4313656
Gullahatti Kaval,12.7298601,77.5466497
Hanumanahalli,12.5297898,77.3762954
Hulugondanahalli,12.6896537,77.4320237
Kottagalu,12.6644649,77.3887453
Medamaranahalli,12.7015058,77.4515986
Narayanapura,12.6926837,77.4165476
Tamasa,12.5729151,77.4116333
Abburu Doddi,12.6933179,77.1686473
Agrahara Varagerahalli,12.574683,77.1602112
Akkuru Hosahalli,12.5734686,77.1980728
Ambadahalli,12.5249428,77.1898736
Angarahalli,12.7301487,77.2116012
Aralapura,12.6830317,77.0776703
Avverahalli,12.5676221,77.1837501
Avverahalli,12.6922936,77.102841
Bachahalli,12.5270438,77.2167762
Banantahalli,12.5228501,77.2035582
Bevuru Mandya,12.7167414,77.0839429
Chikkaboregaudana Doddi,12.4920621,77.1294207
Gaudagere,12.7219891,77.0957655
Gudde Timmasandra,12.7112542,77.1022931
Hanchipura,12.5283828,77.2067591
Hanumapura Doddi,12.6780146,77.1482349
Harokoppa,12.5211732,77.1705618
Haruru,12.6848861,77.1553048
Hunasanahalli,12.5460189,77.2098919
Kadaramangala,12.7360996,77.0880768
Madapura,12.5341024,77.1912186
Malagalu,12.5846677,77.19882
Sadahalli,12.5529363,77.1643868
Shagya,12.4743231,77.1890852
Sibanahalli,12.6578011,77.1079483
Siddanahalli,12.7283249,77.0833864
Sogala Palya,12.5294031,77.1700635
Sogala,12.5431461,77.1733028
Tenkanahalli,12.6833297,77.1060019
Tittamaranahalli,12.6662564,77.1849223
Vaddarahalli,12.5277472,77.2216487
Hodike Hosahalli,12.6075552,77.2038152
Marchanahalli,12.610204,77.1173454
Sunnaghatta,12.6176025,77.2149567
Alisandra,12.9745381,76.669663
Ambalajirahalli,12.9971254,76.739683
Anakanahalli,13.007121,76.6850318
Arani,13.0092127,76.7085336
Bairanahalli,12.9032654,76.7559175
Ballekere,12.846961,76.8821704
Begamangala,12.9147927,76.7574676
Bettadakote,12.9990149,76.801327
Bhuvanahalli,12.8716696,76.6069454
Byadarahalli,12.8588572,76.7828892
Byaladakere,13.016857,76.7655528
Chabbanahalli,13.0149522,76.696317
Chakenahalli,12.9890507,76.6898094
Chandanahalli,13.032196,76.7051259
Chunchanahalli,13.0217772,76.7386125
Doddabala,12.8604184,76.6629517
Ganasandra,12.9976756,76.7705771
Garudanahalli,12.8941487,76.6007153
Heraganahalli,12.9829574,76.6639602
Honnenahalli,13.0280069,76.6699763
Hosahalli,13.0206871,76.7049229
Hullenahalli,12.9887343,76.6768193
Irukanaghatta,12.8375149,76.6207297
Kabbinakere,12.9364416,76.7442179
Kanchahalli,12.8471334,76.6461493
Kanchanahalli,13.0226367,76.7184653
Kelaga,12.9185777,76.717133
Koppa,12.8897458,76.6659612
Kurudikere,12.9040335,76.6569089
Lakshmipura,12.9704472,76.6955558
Machanayakanahalli,12.8405513,76.6096006
Manchenahalli,13.0216363,76.6915269
Maniyuru,13.0167581,76.6634191
Mellahalli,12.9400434,76.7167238
Mudigere,13.0098893,76.7279755
Nagatihalli,13.0047948,76.7700808
Palagrahara,12.8388169,76.780857
Sanaba,12.9744471,76.6846482
Satenahalli,12.8259911,76.6244011
Shikharanahalli,13.0022942,76.6409026
Shilpapura,12.8807224,76.85004
Shrirangapura,12.9952213,76.7107153
Siddapura,13.0388763,76.6741006
Tattahalli,12.8115144,76.8090951
Tigalanahalli,12.9985043,76.701541
Tore Mallanayakanahalli,12.8792236,76.8757012
Upparahalli,12.8373168,76.758789
Yalachikere,12.9791246,76.7708868
Yaladahalli,12.9530705,76.7426998
Ankushapura,12.8770132,76.734864
Arehalli,12.9063927,76.7230946
Bommenahalli,12.948067,76.6681321
Cholenahalli,12.9021755,76.7041287
Gaudarahalli,12.9093968,76.7112123
Gondenahalli,12.9385745,76.6780567
Hallada Hosahalli,12.9383003,76.7013353
Hulikere,12.9005454,76.7162329
Naraganahalli,12.8972272,76.709297
Shivanahalli,12.8508246,76.6918912
Tittana Hosahalli,12.9500524,76.680832
Alpahalli,12.7226295,76.6806817
Bhireshvarapura,12.7971264,76.7691484
Bhusamudra,12.7031893,76.7156289
Bommanayakanahalli,12.7866597,76.6497987
Bonagere,12.8263632,76.656116
Buradagunte,12.7551635,76.7664694
Chattenahalli,12.9286256,76.6142498
Chikkayagati,12.7456822,76.8032003
Chinya,12.7049625,76.6934236
Devarahusuru,12.7654237,76.6883673
Gangasamudra,12.7767814,76.6981669
Gotakahalli,12.6848909,76.6821576
Gudehosahalli,12.6717332,76.7007174
Handenahalli,12.7842231,76.6709555
Haralahalli,12.9314159,76.6519748
Hindasahalli,12.7446512,76.6216366
Honnebettada Hosuru,12.7805314,76.7381939
Honnenahalli,12.8345812,76.6534166
Jodi Hosuru,12.7222771,76.6886814
Jodi Neralekere,12.7828951,76.7674423
Juttanahalli,12.7746031,76.7320478
Kalenahalli,12.7673598,76.6778209
Kallinathapura,12.764692,76.7875016
Karikyatanahalli,12.7623156,76.6690214
Kavadihalli,12.7113149,76.7202531
Kenchagonahalli,12.8697281,76.6761378
Kharadya,12.6751692,76.6895255
Kuppahalli,12.7511713,76.6906412
Madahalli,12.7408475,76.6395286
Mallasandra,12.796385,76.6628148
Mannahalli,12.7383693,76.7629644
Maranayakanahalli,12.7775634,76.641325
Naragonahalli,12.8948362,76.6399178
Neralekere,12.8258465,76.6695279
Shriraghuramapura,12.6921994,76.6888535
Turubanahalli,12.9046929,76.615113
Vaddarahalli,12.7290165,76.6978647
Ijjalaghatta,12.7558566,76.7215938
Shettahalli,12.7616007,76.7434358
Adaganahalli,12.6994919,77.0366946
Agaralinganadoddi,12.602245,77.0727861
Alamshettihalli,12.672608,77.0768883
Aluru,12.5741075,77.0683527
Ankanathapura,12.7500874,77.0211457
Avverahalli,12.7276079,76.9605363
Basavalinganadoddi,12.700992,77.0466627
Bolare,12.7798514,76.9214248
Byadarahalli,12.5857046,77.0995496
Gaudana Koppalu,12.7726175,76.9624093
Gattahalli,12.7827291,76.9417514
Hagalahalli,12.4740807,77.1203387
Hagalahalli,12.5542977,77.079945
Hallikere,12.5290623,77.0895774
Harakanahalli,12.758377,77.0331669
Kabbare,12.5366453,77.0781428
Kodihalli,12.6021104,77.065493
Madanayakanahalli,12.598853,77.092354
Mallanayakanahalli,12.7448979,77.0552574
Maradevanahalli,12.6543387,77.0912955
Marangere,12.7297775,76.94167
Muddenahalli,12.4728065,77.1056414
Mudya,12.7401469,76.9766325
Nidaghatta,12.6198989,77.0909835
Somanahalli,12.6161297,77.06658
Tailuru,12.5910659,77.080909
Tippuru,12.6103589,77.1015648
Aretippuru,12.5095357,77.1216418
Boppasamudra,12.4660985,77.0761282
Chandahalli,12.5804204,77.1121963
Chottanahalli,12.6589786,76.9627968
Devarahalli,12.4923749,77.0247284
Honnalagere,12.4505554,77.1221334
Upparadoddi,12.5424201,77.0526073
Nilakanthanahalli,12.5584687,77.0732072
Puttegaudanadoddi,12.4421036,77.0977846
Rampura,12.6165906,76.9897971
Shettahalli,12.4763014,76.9869554
Sollepura,12.6016501,76.987187
Sompura,12.5483282,77.0551441
Taramanakatte,12.7686265,76.9247529
Toppanahalli,12.5569826,77.1008412
Torebommanahalli,12.473854,77.0915504
Amachahalli,12.8187167,76.5511034
Appanahalli,12.7974911,76.5625169
Ballekere,12.7233868,76.502302
Bharatipura,12.7592783,76.4994276
Bikkasandra,12.7899911,76.5760063
Billenahalli,12.7642448,76.5545492
Chikkasomanahalli,12.792905,76.5297988
Doddaharanahalli,12.7766728,76.5291087
Hadavanahalli,12.8383053,76.5544274
Hettagonahalli,12.7599314,76.5416284
Hubbanahalli,12.8202932,76.5697426
Kodagahalli,12.8065368,76.5679186
Koratikere,12.7452712,76.501923
Kotagahalli,12.7379493,76.5570938
Lokanahalli,12.8161564,76.5579549
Mavinakattekoppalu,12.788067,76.5645303
Nagaragatta,12.808935,76.5039732
Narayanapura,12.8158062,76.5193954
Nayakanahalli,12.7931001,76.5843272
Ramanakoppalu,12.8203211,76.5337158
Ranganathapura,12.7658632,76.5782699
Yaladahalli,12.7688255,76.5184988
Anche Biranahalli,12.8309657,76.4034327
Annechakanahalli,12.7312355,76.4677028
Bairapura,12.6546266,76.5679389
Bidarahalli,12.7604858,76.3579497
Billaramanahalli,12.651854,76.4777757
Buvanahalli,12.7731069,76.4302518
Chikkaharanahalli,12.7439559,76.5416653
Chujjalakyatanahalli,12.7515643,76.3989719
Devarahalli,12.7872727,76.4447573
Gangenahalli,12.7226712,76.4726979
Gangenahalli,12.7636558,76.4149884
Guduganahalli,12.622412,76.5805344
Hakkimanchanahalli,12.6421267,76.537957
Hiralahalli,12.6486275,76.5262832
Honnenahalli,12.6511682,76.5071984
Kallanakere,12.7718761,76.4528713
Kodimaranahalli,12.7430386,76.4355024
Kyatanahalli,12.7156127,76.5470797
Madihalli,12.7756632,76.4428721
Mailanahalli,12.6817904,76.5802769
Mandalikanahalli,12.8128546,76.4084015
Nadabha,12.6321552,76.5051177
Navilumaranahalli,12.6346204,76.5733029
Rayasamudra,12.6964154,76.5748725
Shettihalli,12.7537476,76.456191
Shilanere,12.6293837,76.55852
Shivapura,12.6588644,76.5531456
Shyarahalli,12.7491109,76.5290707
Siddapura,12.7523547,76.4201333
Sindhaghatta,12.6947005,76.5486572
Sollepura,12.765296,76.4430663
Tenginaghatta,12.7535527,76.3956591
Yaladahalli,12.7952143,76.4604537
,12.6348378,76.5153568
Anchipura,12.7700717,77.4314208
Avaragere,12.8197863,77.3802898
Bannigiri,12.7570104,77.4359972
Basavanahalli,12.78744,76.418812
Bevinahalli,12.7279658,76.3635874
Chikkamandagere,12.7439552,76.3606112
Chilladahalli,12.7005139,76.50148
Gaddehusuru,12.7175312,76.3921655
Gollarapalya,12.8020215,77.4255335
Gondihalli,12.809206,76.3383873
Honnenahalli,12.6986836,76.3705164
Kariganahalli,12.7109028,76.4244271
Kenchanakuppe,12.7960196,77.3749572
Ketaganahalli,12.8132509,77.391074
Kodipalya,12.7816985,77.4520996
Lakshmipura,12.7698093,76.4220701
Madapura Koppalu,12.7993924,76.3515402
Mandagere,12.7282997,76.3773853
Manikyanahalli,12.7091841,76.4118792
Maragonahalli,12.7617388,76.380724
Margonahalli,12.7170072,76.5021031
Nagaruru,12.7099464,76.5038413
Ramenahalli,12.7304186,76.4159834
Shravananahalli,12.7256521,76.3526466
Shyanumangala,12.7935898,77.4316733
Timmegaudanadoddi,12.7629352,77.4149441
Uddinaborekavalu,12.7362369,76.3575032
Vaddarahalli,12.7811642,76.4283322
Vajarahalli,12.8238977,77.3911336
Valageramenasa,12.6935189,76.51817
,12.7311742,76.4294292
Anuvinakatte,12.6641887,76.5013269
Aralakuppe,12.5642681,76.4958071
Bukahalli,12.5265283,76.4635056
Chikkahosahalli,12.6801814,76.4894531
Chikkonahalli,12.6817715,76.4766265
Chokanahalli,12.5431891,76.534479
Dodda Gadiganahalli,12.5370069,76.5161372
Ganjigere,12.5264941,76.4730472
Guddenahalli,12.6615992,76.5163575
Hadanuru,12.6069136,76.5492768
Heggadahalli,12.6854052,76.4352133
Kabbalagerepura,12.4952753,76.5061838
Kagepura,12.6454697,76.5728408
Kallahalli,12.6685195,76.5125644
Kamanahalli,12.6120134,76.502065
Karoti,12.694512,76.4395564
Komanahalli,12.6250099,76.4598595
Kudalakuppe,12.5719279,76.4561385
Kuppahalli,12.6749511,76.4207945
Lingapura,12.7106462,76.4383094
Machagonahalli,12.5227657,76.5159324
Mallenahalli,12.6724845,76.4326431
Maradahalli,12.6224275,76.5462024
Mattighatta,12.619316,76.4752361
Mattikere,12.5399393,76.5000102
Mavinakere,12.5001891,76.4809253
Ballekere,12.6033449,76.5192966
Mudigere,12.5276812,76.4935756
Puvanahalli,12.5089294,76.4633474
Shirabillenahalli,12.6483923,76.5772714
Singanahalli,12.7375093,76.5043435
Teganahalli,12.7102608,76.4768402
Vaddarahalli,12.6888988,76.4224148
Vasantapura,12.6776204,76.5883788
Vithalapura,12.574753,76.474222
Yadahalli,12.6099766,76.4752227
Yagachaguppe,12.5589514,76.4688868
Yaraganahalli,12.4808219,76.503071
Aipanahalli,12.5567676,76.3934199
Alenahalli,12.6871431,76.3704608
Ambigarahalli,12.5468969,76.4320585
Arenahalli,12.6623148,76.369897
Attuppe,12.5559978,76.5129365
Basavanahalli,12.5838959,76.4206118
Belaturu,12.5495947,76.4469623
Bikanahalli,12.6652433,76.3617265
Chaudasamudra,12.6662813,76.3541948
Dudukanahalli,12.6338503,76.3755351
Gubbahalli,12.6459722,76.3642338
Guduganahalli,12.5692706,76.4262803
Hangaramuddanahalli,12.6586294,76.3516005
Kattahalli,12.5519259,76.4619072
Kyatanahalli,12.6770765,76.3601817
Machaholalu,12.6112671,76.3771207
Maddikyachenahalli,12.5948337,76.448466
Maduvinakodi,12.6007728,76.4359979
Mambahalli,12.5642809,76.4431098
Manchibidu,12.6733471,76.3711473
Mellahalli,12.600306,76.4100023
Mudanahalli,12.6849973,76.3837871
Mudlapura,12.5847125,76.3896061
Natanahalli,12.6723062,76.4091859
Pura,12.5501753,76.4254113
Shinganahalli,12.6017265,76.3728159
Ternenahalli,12.6283569,76.4327077
Alpahalli,12.4822839,76.5860889
Amruti,12.6361215,76.6790093
Anavalu,12.5456066,76.7123023
Anunahalli,12.611474,76.689429
Attiganahalli,12.5767497,76.701579
Bebi,12.493222,76.5968947
Bellale,12.6088491,76.6727795
Bolenahalli,12.6287794,76.7258702
Borapura,12.6294238,76.7002363
Chagashettihalli,12.4918989,76.6267087
Chikkabyadarahalli,12.508517,76.7330261
Chikkade,12.4951482,76.7027691
Chikkamarali,12.5198262,76.7136444
Damadahalli,12.4868683,76.6412096
Deshavalli,12.5412868,76.6364378
Devarahalli,12.648652,76.6749238
Doddegaudanakoppalu,12.43908,76.6611023
Elekere,12.4683264,76.6417954
Ennehole Koppalu,12.4322452,76.6481958
Eregaudanahalli,12.6021486,76.644388
Gaudagere,12.6324337,76.6632791
Gummanahalli,12.5443216,76.5740591
Halebidu,12.5923947,76.6913469
Hasuru,12.5406668,76.6587601
Heggadahalli,12.5646618,76.7323645
Hosayalekere,12.4805889,76.6479317
Hulikere,12.505686,76.6222719
Illenahalli,12.569372,76.6027652
Ingalaguppe,12.5529965,76.6726563
Kadaba,12.5812363,76.6143526
Kadalagere,12.6661075,76.6663233
Kadenahalli,12.6573267,76.6658632
Kanivekuppalu,12.5168852,76.6043685
Kenchanahalli,12.532237,76.6371908
Kodala,12.5937346,76.6419846
Kurahatti,12.5541621,76.7294945
Kurubara Bettahalli,12.4957692,76.6375161
Madarahalli,12.5078216,76.5931302
Madrahalli,12.5849738,76.7289852
Manikyanahalli,12.6190254,76.6661375
Menagara,12.605789,76.7200042
Mollenahalli,12.5712758,76.5838053
Nallahalli,12.5825866,76.740833
Nuggahalli,12.5364275,76.7173397
Pattanagere,12.5483742,76.6385502
Pattasomanahalli,12.4926532,76.7177462
Sangapura,12.6440718,76.7309409
Shambhunahalli,12.4961201,76.6487121
Shyadanahalli,12.4784461,76.6174591
Hosakote,12.5978331,76.6851747
Sitapura,12.4433042,76.6120765
Talashasana,12.4906001,76.7306427
Vaddarahalli,12.5179863,76.6316233
Vadesamudra,12.5552963,76.7456211
Kalamalli Tanda,15.8766052,76.3872171
Anasosalu,12.6648805,76.9149821
Ankushapura,12.7341202,76.7818155
Arakanakere,12.6521413,76.7150909
Balenahalli,12.712639,76.8562529
Bennahatti,12.7177299,76.7886778
Bettahalli,12.6439704,76.7842748
Bommanahalli,12.6652899,76.8048459
Chakanahalli,12.697285,76.8803078
Chikkakottagere,12.7130328,76.8821527
Dyapasandra,12.6494689,76.8901189
Gundapura,12.7173015,76.8100049
Hanaganahalli,12.6759482,76.8267531
Hodaghatta,12.666066,76.8289424
Honnemadu,12.6606483,76.7259624
Hosahalli,12.6159984,76.6307163
Hosahalli,12.7135702,76.9014293
Hullahalli,12.7182446,76.7717754
Javanahalli,12.6397113,76.7439854
Kambadahalli,12.7316587,76.8378587
Machagaudanahalli,12.7371637,76.8704861
Mallaghatta,12.6491777,76.8238124
Managanahalli,12.6571281,76.8253106
Marmahalli,12.6207787,76.6137747
Muddanaghatta,12.7331539,76.8290856
Nallenahalli,12.6068858,76.6108817
Naragalu,12.7450194,76.8345973
Narayanapura,12.6051978,76.6271328
Nayakanahalli,12.7148439,76.7634597
Sangapura,12.6281585,76.6141336
Shyanuboganahalli,12.7203248,76.7997423
Tenginabhaga,12.7192434,76.7514024
Tippapura,12.6549471,76.7374038
Valagere Devarahalli,12.6128015,76.6252577
Kirubele,14.5116243,74.360521
Aladahalli,12.4660149,76.8604353
Ambarahalli,12.5195791,76.9807313
Bellundagere,12.5692333,76.9366209
Bevinahalli,12.4854849,76.8674475
Biragaudanahalli,12.5605416,76.8655279
Chikkatammanahalli,12.5569986,76.8486242
Ganiga,12.7519185,76.8832952
Gaudagere,12.5441883,76.9859994
Haluvadi,12.4850437,76.9309179
Haniyambadi,12.4885843,76.9022348
Hebbakavadi,12.4444549,76.9177413
Hosahalli,12.5536095,76.8712021
Hulikere,12.4866963,76.8483423
Hunasanahalli,12.4721257,76.8356724
Kammanayakanahalli,12.4957117,76.9346807
Kannali,12.5277531,76.995348
Kattedoddi,12.5430895,76.9733611
Lokasara,12.4595062,76.9226847
Mallenahalli,12.6262308,76.7406775
Malligere,12.4819704,76.943943
Pihalli,12.4567916,76.8546847
Pura,12.4766009,76.9356938
Sante Kesalagere,12.4804266,76.8904857
Yarahalli,12.5332917,76.9601744
Kyadiguppa,15.8985312,76.1666028
Kadekoppa,15.868347,76.1762368
Haralipura,14.2430342,75.8013836
Ananduru,12.3888501,76.6217984
Ballenahalli,12.4616909,76.7142607
Bastipura,12.3776444,76.5819268
Belavadi,12.3720187,76.6960735
Chandagalu,12.394097,76.698756
Chandagiri Koppalu,12.4702566,76.7163707
Channahalli,12.3594211,76.7830312
Chinnenahalli,12.4758376,76.7281763
Chottanahalli,12.4743828,76.8265291
Gananguru,12.4701501,76.7542353
Gaudahalli,12.459935,76.7512834
Hampapura,12.3497161,76.7285939
Hanumantanagara,12.4641006,76.7061681
Hosuru,12.3875945,76.7135756
T.M Hosuru,12.4467317,76.7603109
Hunjanakere,12.4443788,76.8042039
Kalenahalli,12.4445491,76.7662018
Kiranguru,12.432138,76.6989846
Krishnarajasagara,12.408907,76.5797403
Kyatanahalli,12.3308102,76.7341657
Mollenahalli,12.4526954,76.8235844
Muttammana Shettihalli,12.4549373,76.7208774
Naguvanahalli,12.3874308,76.6859443
Sabbanakuppe,12.4633517,76.7316035
Sugganahalli,12.3262234,76.7524536
Doddaharohalli,12.4479313,76.8425041
Gamanahalli,12.433942,76.8924825
Kalakere,12.4298715,76.8770843
Keremegala Koppalu,12.4387566,76.8808147
Kodishettipura,12.4815878,76.7732525
Kokkarehundi,12.3142798,76.7492177
Marasinganahalli,12.4211583,76.8858043
Mundugadore,12.4183737,76.7626217
Amruteshvaranahalli,12.427288,77.0903385
Ankanahalli,12.4592407,77.1961373
Antaravalli,12.4403388,77.1668252
Attuvanahalli,12.3982083,77.1210714
Banasamudra,12.4010045,77.182582
Belatturu,12.4668112,77.1729642
Dadamahalli,12.4275854,77.179602
Devirahalli,12.4248263,77.2766591
Ganalu,12.3659908,77.2134662
Gaudagere,12.4058915,77.1029233
Halasahalli,12.3890907,77.1625135
Halasahalli,12.4841997,77.2189381
Hullagala,12.4243625,77.1613562
Hullahalli,12.4301638,77.1490037
Karadahalli,12.4558389,77.1980875
Kembutagere,12.429084,77.1114003
Kunturu,12.4962465,77.2276361
Linganapura,12.3787972,77.13915
Lingapattana,12.4677932,77.2349621
Maragaudanahalli,12.4444288,77.2012518
Megalapura,12.3929128,77.1320566
Nadakalapura,12.3946569,77.1412507
Nandipura,12.4159359,77.2602896
Sagyasaraguru,12.4760979,77.2006922
Yattambadi,12.4570651,77.1837096
Avverahalli,12.3207172,77.0033713
Bendaravadi,12.3549883,76.911181
Chottanahalli,12.3511221,77.1148947
Deshavalli,12.375194,76.9157055
Hanakola,12.2969281,76.9814879
Hebbani,12.3262618,77.1234872
Honaganahalli,12.3455661,76.9352373
Huvinakoppalu,12.3547487,76.9687646
Kalkuni,12.3357955,76.9416738
Kunduru,12.3233599,77.0635399
Maliyuru,12.2911255,76.9979736
Malligehalli,12.2872591,77.070474
Ravani,12.3394273,77.0411271
Shiramahalli,12.3205708,77.072658
Somanahalli,12.2517557,77.0368769
Tenkahalli,12.311842,77.0658658
Bagilughatta,13.4046482,76.146918
Chikkabanavara,13.4021825,76.1844179
Chilanahalli,13.1944048,76.2507457
Honnashettihalli,13.2951898,76.3176886
Kachighatta,13.3816404,76.150605
Kellangere,13.2837653,76.2874887
Kenkerehalli,13.386959,76.134947
Kodihalli,13.2966256,76.2788514
Kurubarahalli,13.2915518,76.1394753
Kurubarahalli,13.3909664,76.2083178
Lakshmidevarahalli,13.2972476,76.2975033
Mathada Hosahalli,13.2976468,76.1539876
Pannasamudra,13.2835971,76.3141428
Salapura,13.3939304,76.1640235
,13.349296,76.321652
Sulekere,13.3057923,76.3065725
Sunkadahalli,13.398568,76.2109249
Talaluru,13.2685781,76.2704608
Vithalapura,13.2589366,76.2497384
Kunthur,12.1276367,77.0346543
Alagudu,12.2024739,76.9097894
Birkodi,14.503111,74.3619755
Aadihalli,13.1633584,76.2500376
Halagenahalli,13.2026984,76.2733835
Adihalli,13.1110191,76.4326803
Adihalli,13.297097,76.3256439
Aladahalli,13.1357264,76.360497
Avverahalli,13.0057283,76.4521636
Bageshapura,13.1419261,76.2406352
Belaguli,13.0533955,76.4778646
Bhaktarahalli,13.091766,76.4265023
Bidarakere,13.0636819,76.6081785
Bidare,13.1405383,76.3887114
Buvanahalli,13.0245456,76.4316607
Byadarahalli,12.9966596,76.3536405
Challapura,13.2670399,76.3016364
Chattanahalli,13.1308857,76.4416067
Chavvenahalli,13.0978487,76.4342531
Chikkarasanahalli,13.1243053,76.3846221
Dasapura,13.0218179,76.4917575
Dasarahalli,13.0662693,76.5280108
Didaga Tumakuru,13.0591382,76.5945709
Didaga,13.0480871,76.5761089
Doddayaraganalu,13.0979944,76.3355047
Duggenahalli,13.0604049,76.5215764
Gijihalli,13.2873178,76.2445983
Gollarahalli,13.2873003,76.23065
Govinakere,13.048516,76.3882489
Guddenahalli,13.1831774,76.3760901
Hirisamudra,13.1105554,76.3557453
Hongehalli,13.0649075,76.3565236
Hullenahalli,13.0463302,76.4658821
Hullenahalli,13.243982,76.2637024
Hunasekatte,13.2863825,76.3295609
Jakkenahalli,13.0003455,76.3424575
Kabballi,13.0588579,76.5429007
Kakkihalli,13.10027,76.4011924
Kamanahalli,13.0781123,76.3928137
Karikyatanahalli,13.0473732,76.5841904
Kudukundi,13.0925578,76.3056172
Kuruvanka,12.990556,76.3869915
Lalanakere,13.1270081,76.3167146
Madalagere,13.0032365,76.5424828
Madalapura,13.0069686,76.3102235
Mailanahalli Koppalu,13.2787107,76.3516688
Mailanahalli,13.29312,76.2276137
Mangalapura,13.1493605,76.3632889
Marashettihalli,13.1765553,76.3538057
Maruvanahalli,12.9974919,76.3815751
Masakanahalli,13.048481,76.5201303
Mavinahalli,13.0147259,76.4470732
Mellahalli,13.0343675,76.6012863
Mukikere,13.0544853,76.554566
Narayana Ghattahalli,13.2786223,76.2714836
Nimbehalli,13.0020022,76.5547157
Pura,13.0263894,76.5724418
Rampura,13.0630715,76.4596881
Sanninahalli,13.219463,76.3724738
Shettihalli,13.0416856,76.5228324
Somanahalli,13.0802462,76.3876986
Tarabenahalli,13.0732551,76.3047562
Timmalapura,12.9981682,76.3149084
Ullavalli,13.0273687,76.5832341
Ungragere,13.0457468,76.5307316
Upanahalli,12.9830375,76.3166382
Virupakshipura,13.0240748,76.4696584
Yadavanahalli,13.2179974,76.3555905
Yaraganalu,13.1040993,76.345408
Adaguru,12.871595,76.3922781
Aladahalli,12.8048454,76.4698231
Baralu,12.8631369,76.447367
Bastihalli,12.8669371,76.4710951
Bekka,12.8817337,76.4711831
Belasinda,12.9230405,76.3891324
Chamadihalli,12.8987113,76.4237983
Chikkabilati,12.8396278,76.4271586
Chikkaganni,12.8448475,76.3439962
Doddamatigatta,12.9487882,76.3646428
Guramaranahalli,12.8961461,76.4035418
Gurigaranahalli,12.8197093,76.4559465
Honnashettihalli,12.8686061,76.3433387
Honnenahalli,12.7885876,76.4740496
Hosuru,12.923459,76.3643457
Jinnathapura,12.86565,76.4893049
Jinnenahalli,12.854447,76.4702781
Kagganti Kavalu,12.8930065,76.3701538
Kattarighatta,12.943301,76.3236653
Katte Cholenahalli,12.8535192,76.3893337
Manchiganahalli,12.870851,76.354556
Nagasamudra,12.9164557,76.3800297
Nalluru,12.8468675,76.3615
Shivapura,12.8916867,76.479697
Sugganahalli,12.8308177,76.4632937
Sundahalli,12.8698763,76.5160056
Agani,12.9613911,75.6778879
Baikere,12.9648424,75.7812544
Balegadde,12.9481133,75.8031391
Changadihalli,12.7299119,75.8495126
Chatanahalli,13.2259963,76.0947805
Dabbegadde,12.975595,75.7410257
Devaladakere,13.0060652,75.6524997
Devalapura,13.18277,75.7899326
Ganadahole,12.9599925,75.7433877
Goddu,12.7184553,75.7774632
Hadlahalli,12.7980994,75.7647656
Heruru,12.7232874,75.8317596
Hulagatturu,12.728461,75.7977038
Hullahalli,12.9059278,75.7542892
Ichalapura,12.853447,75.8164276
Intitolalu,13.0561594,75.8873789
Jambaradi,12.976689,75.7048699
Kalale,12.6910674,75.8608467
Kamenahalli,12.8745503,75.7986743
Kaukudi,12.6764248,75.8461367
Kelagalale,12.9885495,75.7908151
Kesaguli,13.0222286,75.8356923
Kurubatturu,12.8637742,75.7996313
Kyatalapura,13.18134,75.9631373
Lakkunda,12.7588209,75.8093577
Lakkunda,13.0080316,75.8562365
Makkihalli,12.9859392,75.6945765
Malali,12.9349637,75.7987872
Mavinahalli,12.9890373,75.7436705
Mugali,13.0027245,75.8678794
Nadahalli,12.8670869,75.790547
Nallulli,12.8713121,75.8133268
Nelagalli,12.9881313,75.6365053
Nikanahalli,12.9975919,75.6522782
Shidigalale,12.9976523,75.8532468
Singapura,13.1624212,75.7902793
Sullakki,12.8890034,75.7907673
Timmanahalli,13.2027259,75.9065944
,12.889353,75.7499365
Ajjenahalli,13.0387413,75.9248732
Banditimmanahalli,13.0143182,75.9894307
Basavanapura,13.0075067,76.0071072
Belame,12.9844422,75.8968606
Bellavara,13.0493178,75.9304412
Bettadahalli,12.946695,76.0198977
Bhaktarahalli,12.8769983,75.9830103
Bommachavalli,12.9247157,75.9699907
Chakanahalli,12.9247624,76.0173218
Chikkakanagalu,13.0419539,75.9630198
Devihalli,12.8689542,75.9798507
Gaulakatte,13.0295395,75.9510603
Gekaravalli,13.0031606,75.9825067
Hadya,12.8513579,75.8611189
Halliyaru,12.8760374,75.909979
Haluvalli,12.9876195,75.9305578
Hanchuru,12.917566,75.9846822
Hanjalige,12.8267677,75.9438382
Hanjihalli,12.9275863,75.9900523
Hemmige,12.828328,75.9034297
Hollahalli,12.9981151,75.8911399
Kadalu,12.937306,76.0257445
Kamati,13.0177076,75.9088451
Kanaturu,12.9982619,75.9593535
Kanigere,12.8377574,75.9402897
Kanive Basavanahalli,12.8522577,75.9421368
Karagodu,12.8606818,75.9191043
Karjuvalli,13.0049193,75.9294164
Kavalikere,13.0026512,76.0322992
Kiggatta,12.9928189,75.9970493
Kumbarahalli,13.020211,75.9640783
Malagalale,12.8844302,75.8891632
Megatavalli,12.9906667,75.8857114
Mudigere,13.0093567,76.0185988
Muruduru,12.9853158,75.9395366
Nagavara,12.8335097,75.8599655
Nakalagudu,13.008093,75.9656758
Niluvagilu,13.0535987,75.9379007
Purabairavanahalli,12.8178607,75.9497203
Samudravalli,13.0540677,75.9256297
Siddapura,12.993889,75.9426434
Sugganahalli,12.9846979,75.9614552
Taluru,13.0351798,75.9373419
Turaganahalli,12.9343617,76.0041508
Bekkadi,12.9027843,75.9221224
Belluru,12.9721233,75.9345048
Bettahalli,12.901993,75.9324011
Byaba,12.9416409,75.9800656
Channapura,12.8664312,75.961906
Daturu,12.9050323,75.9161086
Devarapura,12.8601545,75.9632209
Hanumanahalli,12.852065,75.9708799
Ishvarahalli,12.9660829,75.8932874
Kenchanahalli,12.965502,75.9561617
Kerehalli,13.0009588,75.9044437
Kodagatavalli,12.8384401,75.9479358
Kuduravalli,12.8753738,75.9614409
Madabalu,12.9870396,75.916381
Magge,12.8654066,75.9360061
Maranayakanahalli,12.9113003,75.9152626
Marasu,12.9733759,75.9727637
Mudanahalli,12.8178881,76.0045826
Nalluru,12.9072002,75.9436825
Nelligere,12.8334898,75.9975794
Sanenahalli,12.8555245,75.9754421
Sindhuvalli,12.9013264,75.9546085
Singapura,12.9452605,75.9634197
Soppinahalli,12.9591088,75.9737701
Tattekere,12.8325924,75.9886798
Timmanahalli,12.9983015,75.919752
Virupapura,13.0035687,75.951901
Aidallakaval,13.1893577,76.115339
Ammanagudikoppalu,12.9988311,76.2167913
Anehalli,13.0815108,76.2656023
Arasihalli,13.0777074,76.2758522
Attavara Hosahalli,13.0868996,76.2507873
Bailahalli,13.0483597,75.9828796
Bairapura,13.0582242,76.2797687
Bittahalli,13.0888707,76.2738204
Bommenahalli,13.0917136,76.2269208
Brahmadevarahalli,13.1624926,76.1280717
Chaudenahalli,13.1448436,76.1042758
Chaurikoppalu,13.0302186,76.2241245
Chhatranahalli,13.0664602,75.975022
Chikka Chakanahalli,12.9999252,76.2417658
Chiranahalli,13.0466208,76.1515432
Chittanahalli,13.0405613,76.1313899
Devarayapattana,12.9919372,76.0645148
Dodda Chakanahalli,13.0057736,76.2426233
Doddapura,13.0401699,76.143348
Doddenahalli,13.1615543,76.1427412
Dyapalapura,13.1204971,76.1205984
Dyavalapura,13.0492909,76.2764341
Ettinakatte,12.998436,76.0407669
Gadenahalli,13.0178175,76.2205723
Gekaravalli,13.0045632,76.1549675
Hachagodanahalli,13.0428889,76.0767989
Halasinahalli,13.0206,76.2117201
Halasinahalli,13.0863504,76.1101906
Hampanahalli,13.0288324,76.258689
Handinakere,12.9992369,76.0477591
Haralahalli,13.0236469,76.0551085
Hariharapura,13.0336127,76.2709795
Hegadihalli,13.0891711,76.012229
Heggadihalli,12.9919938,76.1842583
Hittala Aladahalli,12.9746542,76.2497863
Honnammanahalli,13.0809023,76.2317798
Honnenahalli,13.0570972,76.2315417
Hullenahalli,12.9978828,76.2503882
Ichalahalli,12.9889202,76.0421852
Jakkenahalli,13.0583133,76.1887836
Kabbali Hosahalli,13.0852002,76.1388928
Kabbali,13.0785648,76.1465624
Kabbinahalli,12.9410979,76.0929516
Kadaga,13.0814017,76.1012573
Kakkihalli,13.0956929,76.0907055
Kalenahalli,13.0401904,75.9852236
Kallahalli,13.0409451,75.9896363
Kammarige,13.0454593,76.2381537
Kanajanahalli,13.0345315,76.2530761
Kanive Aladahalli,12.9962054,76.272802
Karekere,12.9651629,76.259036
Kenchanahalli,13.0413631,76.2616426
Kenchatavalli,12.9446544,76.119929
Korahalli,13.0352272,76.0766044
Madenuru,12.9843893,76.2475709
Madvapura,13.0516778,75.9937886
Mailanahalli,13.010602,76.1935197
Makanahalli,13.0372473,76.2384663
Mallappanahalli,12.9366116,76.0816343
Melagodu,13.0287228,76.2332357
Muddanahalli,12.9886821,76.2582998
Nagatavalli,12.9636762,76.119724
Nagenahalli,13.1679373,76.1221769
Peramanahalli,12.9749345,76.18614
Samudravalli,12.9590593,76.1157345
Samudravalli,13.0046351,76.1648056
Singapattana,12.9571547,76.0862978
Singatagere,13.1693805,76.1354824
Somanahalli,13.0907652,76.1307416
Soppinahalli,13.1631158,76.1155746
Timmanahalli,13.0888751,76.082741
Tyavihalli,12.9837538,76.1834917
Ubbenahalli,13.1566619,76.1459764
Uddurahalli,13.064673,76.1994923
Ugane,13.068074,76.015137
Valagerehalli,13.0693766,76.267681
Yadiyuru,13.0309061,76.118696
Yogihalli,13.0330757,76.2100072
Ankanahalli,12.8611048,76.0948292
Avverahalli,12.8371821,76.1019462
Bachihalli,12.8981756,76.103301
Bantarahalli,12.8867431,76.1882305
Bejemaranahalli,12.9242469,76.2739435
Chikka Mallenahalli,12.8806428,76.1598732
Chikkanayakanahalli,12.8508188,76.0735334
Danayakanahalli,12.8727295,76.1930975
Dodda Mallenahalli,12.8887826,76.1608991
Dodda Nayakanahalli,12.9117275,76.0410495
Dorana Hosahalli,12.9093225,76.0501347
Dummagere,12.9136216,76.1967249
Halenahalli,12.8783221,76.1705967
Holalu,12.9558592,76.2374688
Hosahalli,12.9162828,76.265506
Javenahalli,12.9220857,76.0629158
Kabbatti,12.8637486,76.108591
Kallahalli,12.9043099,76.0260156
Kallenahalli,12.872605,76.1558266
Karlekavalu,12.8316753,76.1151209
Kattaya Kaval,12.8874862,76.0726566
Katte Hosahalli,12.9405872,76.0492649
Kurubarahalli,12.885665,76.1492698
Mallappanahalli,12.8468399,76.1048349
Malligevalu,12.9227737,76.0350636
Maranayakanahalli,12.8774465,76.1159419
Markuli Kaval,12.9232638,76.1850033
Mellahalli,12.9395361,76.2425259
Mukunduru Hosahalli,12.8307575,76.1396416
Mukunduru,12.8268518,76.1469015
Muttanahalli,12.8887807,76.0157009
Muttige Hirehalli,12.8877168,76.1947619
Muttige,12.8968757,76.1921129
Naganahalli,12.9052737,76.1972636
Nayakarahalli,12.8264352,76.1231252
Nellakkihalli,12.9325592,76.248635
Ramaghatta,12.8242424,76.0760031
Sattigarahalli,12.8445194,76.1123363
Tyagaturu,12.8222037,76.0869493
Hullenahalli,13.2477538,75.9250244
Agasarahatti,12.9923427,76.0234658
Mavanakere,12.9827004,76.0247004
Adikekere Hosuru,12.8224536,76.3431773
Ankanahalli,12.7947634,76.1769151
Ankanahalli,12.8914609,76.2218286
Ankavalli,12.7774748,76.1691859
Bandishettihalli,12.7485761,76.1954011
Banukuppe,12.898719,76.2565608
Basavanayakanahalli,12.8439743,76.1531948
Bichenahalli,12.8469208,76.2727575
Billenahalli,12.7687341,76.1959135
Biranahalli,12.7791538,76.2990165
Biranahalli,12.8781521,76.2233237
Bittagodanahalli,12.9099747,76.2621312
Buvanahalli,12.7565327,76.1668671
Chakenahalli,12.8197247,76.2152518
Chakenahalli,12.8836806,76.2444885
Chigahalli,12.7576515,76.1848762
Chikkabyagatavalli,12.7971237,76.1978334
Dalagodanahalli,12.6945408,76.2751023
Doddabyagatavalli,12.776187,76.1911543
Elejagahalli,12.7292999,76.2207657
Elleshapura,12.816137,76.2078362
Gaddehosuru,12.8043536,76.2973088
Galipura,12.7251937,76.2128837
Ganguru,12.7832678,76.1764535
Gavi Somanahalli,12.9039689,76.240851
Gohalli,12.6555384,76.2655461
Gondimallenahalli,12.8207828,76.2616084
Gulisatenahalli,12.8180158,76.2782363
Gunjevu,12.7929139,76.3246823
Halli Maisuru,12.6634882,76.257065
Hangara Hosuru,12.8346679,76.3417303
Hosahalli,12.8563023,76.2814772
Huchchanakoppalu,12.7823918,76.2187532
Jakkavalli,12.8222455,76.3159595
Kalenahalli Kavalu,12.845281,76.2518371
Kallenahalli,12.8997278,76.2479177
Kallikoppalu,12.7866971,76.1947181
Kamasamudra,12.8342688,76.1844783
Katte Hosuru,12.815231,76.3542077
Kattebelaguli,12.8152369,76.1922983
Kinnarahalli,12.8668314,76.1816561
Kotigana Hosuru,12.6951603,76.3569856
Krushnapura,12.7715986,76.2122851
Machagaudanahalli,12.8665877,76.1868098
Makavalli Koppalu,12.8242436,76.162199
Makavalli,12.8283905,76.1680962
Mallasamudra,12.8309177,76.3005963
Mallenahalli,12.7002574,76.3063025
Mallenahalli,12.7438141,76.2472533
Maluganahalli,12.7082695,76.3426901
Mangalapura,12.7987014,76.2623945
Maranayakanahalli,12.7837312,76.3309982
Marashettihalli,12.8279795,76.2903453
Mayagondanahalli,12.6853418,76.3471859
Mudalahippe,12.8148577,76.2957291
Mule Kalenahalli,12.8306243,76.3638829
Mundanahalli,12.762416,76.2016578
Nagaranahalli,12.689879,76.3407493
Nyamanahalli,12.8589969,76.1620181
Parasanahalli,12.9216113,76.2385481
Pillenahalli,12.8878865,76.2518496
Pujekoppalu,12.7733647,76.249759
Sabbanahalli,12.9025261,76.2197419
Singapura,12.8186484,76.3306538
Somanahalli,12.8054666,76.3227824
Suranahalli,12.7888924,76.2549179
Tavanandi,12.8725919,76.2294573
Tejuru,12.6786069,76.2465165
Teranya,12.8980872,76.2255183
Udduru Hosahalli,12.7274089,76.1664654
Ulivala,12.8415222,76.336128
,12.8396479,76.2620139
Anekannambadi,12.6408079,76.2996125
Ankanahalli,12.6268846,76.273254
Bandiganahalli,12.6837332,76.1636077
Bediganahalli,12.6420136,76.16684
Bidarakka,12.6381669,76.185224
Bindenahalli,12.8830099,76.3489292
Chaudenahalli,12.9913703,76.4238906
Chikkanayakanahalli,12.9672866,76.3854892
Cholenahalli,12.7050256,76.1937719
Devaraguddenahalli,12.6423567,76.2864882
Doddahalli Kavalu,12.6381747,76.3217586
Guddenahalli,12.6750181,76.2195441
Gummanalada Hosahalli,12.6334574,76.2891493
Guragundi,12.6685203,76.1686975
Hadya,12.6844631,76.2119683
Heggadigere,13.0216557,76.4196203
Jakkanahalli,12.7166937,76.1997584
Kachenahalli,12.8636023,76.3267564
Kalasinda,12.9617224,76.4007738
Kallenahalli,12.8515458,76.3395152
Keregodu,12.7190563,76.1787152
Kumbenahalli,12.8579427,76.3180065
Kuppe,12.6563531,76.1833403
Kurikavalu,12.6679109,76.2325316
Madihalli,12.6939246,76.2160235
Makaballi,12.6346318,76.272436
Malanayakanahalli,12.6289031,76.1941864
Mangalavadi,12.6314856,76.2578221
Motanayakanahalli,12.6728769,76.2021265
Mukkanahalli,12.6257052,76.2855512
Nerale,12.6249776,76.188737
Niduvani,12.6729946,76.1880469
Noranakki,12.8818721,76.3374998
Obalapura,13.0420065,76.409906
Potanahalli,12.868134,76.3085328
Ragihalli,12.6643948,76.3402877
Ramenahalli,12.7065102,76.1762912
Rangapura,13.0539168,76.4248012
Shidlahalli,12.6281965,76.1735983
Tejigere,12.8755003,76.3237211
Vaddarahalli,12.9749225,76.4010683
Yadegaudanahalli,12.6574092,76.3137036
Achchanahalli,12.9881634,75.6614769
Arani,12.7305494,75.7027491
Balagodu,13.0110915,75.8205987
Doddanagara,12.9599948,75.7738671
Halasulige,12.9735581,75.811687
Hennali,12.9684889,75.7598431
Jannapura,12.9699003,75.7922228
Karaguru,12.7366497,75.7856318
Kiruvale,13.0113251,75.844257
Kogaravalli,13.0224663,75.6586786
Manjuru,12.7056959,75.860711
Maragatturu,12.7466648,75.759992
Odahalli,12.6945178,75.7820728
Vanaguru Kuduraste,12.7363425,75.7578288
Aluvalli,12.9618551,75.8582677
Ballu,12.9449809,75.8772679
Boranamane,12.745168,75.7192189
Chikkanayakanahalli,12.9429731,75.9008545
Gulagalale,12.9631299,75.8385171
Hasugavalli,12.953967,75.8951966
Hosakote,12.6940176,75.8325154
Yaragalli,12.7603697,75.7295657
Agali,12.788406,75.9637313
Ammalli,12.6790912,75.9560505
Bembaluru,12.7687939,75.8852435
Besuru,12.7805041,75.9349769
Bettadalli,12.7409841,75.9183194
Bittiganahalli,12.7718601,75.9247908
Byadagotta,12.7828605,75.8990863
Chikkabandara,12.7724755,75.9377328
Chikkakolaturu,12.7200266,75.8824245
Dandalli,12.7336143,75.8847296
Doddabandara,12.7667886,75.9284756
Dundalli,12.7001427,75.9173279
Gangavara,12.7088567,75.9480135
Gaudalli,12.6553472,75.8821934
Gopalapura,12.7073275,75.8982209
Hallibailu,12.7388062,75.9320372
Hampapura,12.8268765,75.8817289
Hebbuluse,12.7314998,75.9256238
Hosahalli,12.803722,75.8810976
Hulukodu,12.750993,75.9135308
Ichalapura,12.7924173,75.882053
Ippugalale,12.7996046,75.9366847
Kanagalu,12.7457581,75.9086276
Kanive Basavanalli,12.6666613,75.9211731
Karkanalli,12.7627677,75.8798756
Katepura,12.794223,75.9381523
Kelakodli,12.8223328,75.8907969
Kiribilaha,12.7588124,75.8679948
Kitturu,12.751326,75.9321501
Koragallu,12.7662719,75.9180556
Kudluru,12.7757224,75.9239642
Lakani,12.7756714,75.91269
Malambi,12.655326,75.9194388
Maluganahalli,12.8123265,75.9142871
Managali,12.7476638,75.9239449
Mavinahalli,12.8077065,75.9223177
Menasa,12.6994533,75.9418867
Mudravalli,12.740582,75.8955656
Mulluru,12.6916959,75.9159722
Nandigunda,12.6809668,75.8915786
Ramenahalli,12.7935681,75.8977497
Shivaralli,12.7631987,75.8989809
Taluru,12.7552419,75.9235522
Vadayanapura,12.7153571,75.9007906
Arashinaguppe,12.5875757,75.939627
Chikka Aluvara,12.5633934,75.9507654
Hosapattana,12.3802593,75.9064704
Kalidevara Hosuru,12.5122039,75.9199309
Kiraganduru,12.6198406,75.8347932
Manajuru,12.5631631,75.9911666
Nagaruru,12.593964,75.8359367
Rampura,12.5112982,75.9627
Siddalingapura,12.59355,75.9432618
Virupakshapura,12.3894502,75.9036413
Yaduru,12.6195438,75.8198744
Arekadu,12.3234648,75.8250047
Aruvattoklu,12.3596966,75.7126288
Balamuri,12.2969127,75.7280834
Bavali,12.2494136,75.7116737
Bettageri,12.3622266,75.6951692
Hebbettageri,12.4590458,75.736215
Kadagadalu,12.395561,75.7774418
Kottamudi,12.3260828,75.6994952
Kunjila,12.2640526,75.655462
Makkanduru,12.4589608,75.7683415
Arameri,12.2329128,75.7615759
Balaji,12.1741181,75.9668376
Balugodu,12.1685531,75.8185504
Halligattu,12.1288939,75.9200156
Haturu,12.1726331,75.887466
Kaikeri,12.1766027,75.9083542
Kalatmadu,12.1987269,75.8831287
Kallubane,12.1828735,75.8049016
Kedamalluru,12.1949295,75.7497703
Mugutageri,12.1255902,75.9506465
Nadikeri,12.1128675,75.9499626
Yaduru,12.2783634,75.8273573
Jyotinagara,12.3376402,75.863
Hundi,12.2845616,75.9322163
Mekuru Hosakeri,12.2548305,75.913413
Adaganahalli,12.4340646,76.3448562
Adaguru,12.5410804,76.4056575
Ankanahalli,12.4905961,76.2337962
Bachahalli,12.5821018,76.3164099
Baluru Hosakoppalu,12.5123446,76.3748789
Bandahalli,12.5189705,76.1889612
Basavapattana,12.4016473,76.4224485
Batiganahalli,12.5826281,76.3481191
Benaganahalli,12.4647447,76.2397336
Bheriya,12.5895932,76.3498258
Bichanahalli,12.5364211,76.3422803
Biranahalli,12.4524885,76.3589456
Bommanahalli,12.5453366,76.3685468
Chandagalu,12.4785945,76.3823151
Chaukahalli,12.4250306,76.391305
Chennangere,12.5235317,76.1580032
Chibukahalli,12.4513506,76.2393525
Chikka Hanasoge,12.5284376,76.1790257
Chikkabherya,12.6091435,76.3502297
Chiranahalli,12.4651285,76.3697651
Diddahalli,12.5024503,76.2625323
Dodda Vaddaragudi,12.5489151,76.377963
Dornahalli,12.4109769,76.422676
Eremanuganahalli,12.5294437,76.1415334
Gayanahalli,12.5564345,76.206122
Geradada,12.597617,76.3360666
Goragundi,12.4674152,76.4093205
Guluvina Attiguppe,12.6362719,76.3386898
Gummanahalli,12.5549438,76.2178142
Hadya,12.5158794,76.2295012
Hale Mirle,12.5576163,76.317261
Hanasoge,12.5459268,76.1786413
Hangara Bayinahalli,12.4024019,76.428838
Haradanahalli,12.5822813,76.2093332
Hebbalu Kaval,12.4593183,76.3513577
Hebbalu,12.4644357,76.3498494
Hosa Agrahara,12.5589525,76.3637487
Hosahalli,12.4140659,76.4295337
Hosahalli,12.4595074,76.4119237
Hosakote,12.4346742,76.2481469
Hosuru,12.4993035,76.2669219
Kaggala,12.5287036,76.2217869
Kalenahalli,12.4223574,76.3829088
Kallahalli,12.472365,76.3496457
Kalyanapura,12.5187692,76.3832647
Kartalu,12.5682532,76.1698705
Katnalu,12.5785512,76.2712168
Kedaga,12.5423449,76.2261298
Kenchanahalli,12.6041311,76.315119
Kogiluru,12.4495033,76.2293309
Koluru,12.5288534,76.1976022
Kulume Hosuru,12.6177797,76.244484
Hosakote Koppalu,12.4397671,76.258373
Kuppe,12.4746645,76.2610137
Kurubahalli,12.5778679,76.2965324
Lakkikuppe,12.5661902,76.2161664
Lakshmipura,12.5308026,76.2567287
Maduvanahalli,12.441544,76.3700813
Malali,12.4498651,76.3001588
Maragaudanahalli,12.5515277,76.3996537
Mavanuru,12.5396627,76.2165126
Mavatturu,12.4354875,76.2985107
Mayigaudnahalli,12.4994817,76.2404687
Meluru,12.5869781,76.2966882
Muddanahalli,12.4611255,76.2610761
Munduru,12.6066476,76.2564613
Munjanahalli,12.6109574,76.3399091
Nadappanahalli,12.5098247,76.1966369
Nijaganahalli,12.4270218,76.2633943
Pashupati,12.5439069,76.2020537
Rampura,12.5736839,76.2562035
Sakkare,12.5128845,76.243332
Sankanahalli,12.5926638,76.313373
Saraguru,12.5587989,76.1833627
Siddana Koppalu,12.4558482,76.3429434
Siddapura,12.4541374,76.3261429
Somanahalli,12.4735821,76.2271068
Sugganahalli,12.5773351,76.3562177
Tandre,12.5558087,76.1719031
Tandre,12.6018631,76.266938
Adaguru,12.5252938,76.0306872
Aichanahalli,12.5474713,76.0463096
Avarti,12.4572898,75.9764364
Bailakuppe,12.5155393,76.0569176
Basavanahalli,12.5712292,76.0238541
Benagalu,12.4690145,75.9985369
Bilagunda,12.4872737,76.0204528
Chamarayanakote,12.5559645,76.0001698
Chikkamalali,12.4748504,76.1474989
Chikkanerale,12.4837943,76.0494981
Dindagadu,12.4894573,75.9639634
Doddahonnuru,12.4426901,76.0061747
Doddakamaravalli,12.5101032,75.977398
Gudibhadrana Hosahalli,12.5510315,76.0607488
Haliyuru,12.4968824,76.0558721
Harinahalli,12.5119079,76.1378126
Honnapura,12.5467408,76.0052649
Joganahalli,12.4481726,76.0711807
Kambipura,12.5292605,76.0207624
Kanagalu,12.5622697,76.0224251
Lakshmipura,12.4249375,75.9869894
Lakshmipura,12.4756923,75.9883669
Manuganahalli,12.5671014,76.0378442
Maradiyuru,12.4482418,75.9954875
Muttina Mullusoge,12.4768174,75.9711437
Naganahalli,12.4874977,76.1260343
Rajana Bilaguli,12.534589,76.064487
Shyanubhoganahalli,12.5173844,75.9936541
Sunkadahalli,12.4594822,75.9861005
Suragalli,12.5149859,76.0848225
Vadera Hosahalli,12.4643575,76.05062
Attiguppe,12.3928366,76.3842397
Hosakoppalu,12.3500881,76.1891717
Kallabetta Kaloni,12.3425718,76.2056751
Kalli Koppalu,12.4142953,76.3387101
Machabayanahalli,12.4034683,76.374766
Moduru Koppalu,12.3700713,76.2474561
Arekere Koppalu,12.4060534,76.3894454
Kirasodlu,12.34911,76.3387932
Krushnapura Koppalu,12.3965143,76.4021623
Kumbara Koppalu,12.4001355,76.3966628
Lakkanakoppalu,12.3978674,76.3701235
Shravananahalli,12.3615012,76.3822899
Tippalapura,12.3416741,76.2622744
Tulasikoppalu,12.3578639,76.3927183
Azad Nagara,12.2800528,76.2845524
Dallalu,12.3147466,76.4510794
Govindanahalli,12.2810637,76.2768466
Jinahalli,12.3190718,76.4432393
Kattemalalavadi Koppalu,12.346012,76.3088473
Kodagu Kaloni,12.2335192,76.2818865
Mudalakoppalu,12.3119458,76.3762118
Abburu,12.333156,76.1089833
Alaluru,12.261546,76.1018307
Ankanahalli Koppalu,12.316349,76.0929236
Ankanahalli,12.322718,76.0916809
Arenahalli,12.4160457,76.1772209
Ayarabidu,12.3505877,76.0005837
Basalapura,12.3475279,76.1427171
Chauti,12.3064039,76.0526598
Chikkabelalu,12.3706734,76.1479882
Chittanahalli,12.3565001,76.0628947
Habaturu,12.3054774,76.0758454
Haralahalli,12.4355202,76.1736051
Harilapura,12.3260462,76.1350725
Hosahalli,12.4082572,76.1911868
Ittagalli,12.2820941,76.1479201
Kalkere,12.3791753,76.1804274
Kiranalli,12.3478242,76.1270605
Kogilavadi,12.3006144,76.0393499
Kottavalli Koppalu,12.4671492,76.1756809
Kottavalli,12.4746707,76.1673149
Kurgallu,12.4478808,76.0954477
Lakshmipura,12.3013729,76.0653353
Magali,12.3335072,76.0623241
Makanahalli Koppalu,12.353508,76.1585713
Makanahalli,12.3623323,76.1588527
Malaganakere,12.3858609,76.2222313
Malangi,12.2847036,76.0983887
Mallinathapura,12.371783,76.0483052
Muddanahalli,12.2680136,76.1106656
Mutturu Koppalu,12.3302233,76.0144338
Nagaraghatta,12.4446519,76.2136697
Naralapura,12.3467366,76.0341298
Nilangala,12.4254726,76.1583716
Panchavalli,12.27845,76.1361318
Rajapura,12.3318943,76.1022653
Shettihalli,12.3832733,76.2040975
Tatanahalli,12.3278816,76.1239651
Halepete Kanthapura,12.3349583,76.0813565
Uttenahalli,12.2680112,76.1253154
Joganakoppa,15.308322,74.8211462
Salakinakoppa,15.4159747,74.9568638
Baad,15.4114864,74.9460716
Daddikamalapura,15.456904,74.9268037
Ragikallapur,15.352175,74.8774843
Tatwanagi,15.3292657,74.8273259
Doddagaudana Koppalu,12.4758084,76.12863
Ganguru,12.394963,76.2053971
Haralahalli,12.4009114,76.0607337
Hitne Hebbagilu,12.3887821,76.1063015
Honnenahalli,12.4533529,76.1851094
Kaggalikoppalu,12.4809907,76.1588384
Kailasapura,12.4106479,75.9817887
Kanuru,12.4135621,76.0613619
Kelaganahalli,12.4497447,76.1648417
Kelaginakoppalu,12.456864,76.1342292
Marigaudanakoppalu,12.491364,76.1589208
Megalakoppalu,12.457416,76.1283525
Nilavadi,12.4706564,76.0202701
Punadahalli,12.3941727,76.0453314
Ramanatha Tunga,12.3922789,76.1355106
Sanyasipura,12.3834642,76.1224209
Shettihalli,12.4330845,76.1607471
Tammadahalli,12.4693991,76.1967146
,12.4002231,76.1029086
Anagahalli,12.2560032,76.5396657
Ananduru Koppalu,12.3988238,76.4768612
Ananduru,12.413365,76.5349275
Chatnahalli Palya,12.2788891,76.7943262
Chikkanahalli,12.4040285,76.544211
Dadadahalli,12.2057683,76.6479325
Devegaudanahundi,12.211936,76.8064051
Doddahundi,12.2165502,76.5743923
Gopalapura,12.2402675,76.5424502
Hebya,12.1954021,76.6965316
Jantagalli,12.2395199,76.7295849
Kalalavadi,12.2255693,76.6193518
Kalastavadi,12.3802241,76.6659736
Kamana Koppalu,12.3479767,76.5392076
Karakanahalli,12.3676034,76.5295225
Kenchalagudu,12.2354808,76.5850072
Kilanapura,12.2512395,76.8155234
Kochanahalli,12.1946008,76.6914759
Kotehundi,12.2491325,76.6078089
Maidanahalli,12.3716164,76.5514643
Mallegaudana Koppalu,12.3998515,76.5574439
Mosambayanahalli,12.2343567,76.7457477
Mulluru,12.2441731,76.5524613
Naranahalli,12.2937151,76.7130764
Ratnahalli,12.3652114,76.5015815
Salundi,12.222489,76.5791563
Satagalli,12.3306612,76.7072252
Shiguru,12.4234358,76.1084963
Shyadanahalli,12.374895,76.6380875
Siddaramana Hundi,12.2141047,76.8136824
Undavadi,12.4049173,76.5571759
Yadahalli,12.4226534,76.5007287
Yalachahalli,12.3858889,76.522086
Yandahalli,12.2656332,76.7160021
Antanahalli,12.467972,76.5427026
Badagalahundi,12.2965948,76.7683798
Ballahalli,12.2715416,76.55896
Buchanahalli,12.3504725,76.4688004
Chikkagaudanahundi,12.2366613,76.6853574
Dasanakoppalu,12.2991119,76.5837416
Doddamara Gaudanahalli,12.293105,76.5101428
Ganigarahundi,12.3043572,76.5642119
Giriyarahalli,12.4639441,76.5543105
Gohalli,12.2893256,76.5541373
Gudamadanahalli,12.2481919,76.6691182
Gujjegaudanapura,12.1593937,76.5196975
Harohalli,12.1691097,76.5195517
Hosahundi,12.2989092,76.7696904
Kadanahalli,12.1284816,76.5460767
Kamaravalli,12.3066534,76.5100976
Kumarabidu,12.2837089,76.5454244
Mandanahalli,12.1464219,76.5149358
Marashe,12.2267929,76.6678383
Megalapura,12.3828813,76.5511714
Melahalli,12.3234666,76.7721535
Muganahundi,12.2602911,76.5772756
Nuggahalli,12.2801482,76.5233424
Saluhundi,12.2734719,76.5808695
Shettinayakanahalli,12.2705718,76.489636
Shettinayakanahalli,12.2839817,76.5325007
Sigahalli,12.3276535,76.5121231
Vadiyandahalli,12.4094235,76.7976306
Bachegaudanahalli,12.1623782,76.4277972
Bidagalu,12.0079121,76.386626
Dadadahalli,12.0085146,76.486849
Halasuru,11.9875579,76.4553237
Hosa Heggudilu,11.9579158,76.4684729
Kallambalu,12.0058164,76.4973917
Kallasaraguru,12.0258073,76.4136368
Kannenahalli,12.1518308,76.4022976
Karigala,12.1342289,76.4337415
Kodichamanahalli,12.1388678,76.4139393
Kunduru,12.0028442,76.4821193
Kunigalu,12.1343152,76.3936157
Kunnapattana,12.0132935,76.4199924
Malaradahundi,12.1028449,76.4783569
Mallahalli,12.1583891,76.4043497
Manchahalli,12.0351477,76.4114663
Nanjapura,12.0143282,76.500634
Puradakatte,11.9998606,76.4383823
Yashavantapura,11.8911789,76.465162
Bankavadi,11.880426,76.3577259
Beddalapura,11.9426707,76.4126571
Bidarahalli,11.9533025,76.3494933
Biramballi,11.9143284,76.2752219
Channagundi,11.8727646,76.4493908
Haliyuru,11.9536272,76.415051
Hegganuru,11.9334701,76.3741241
Heggudilu,11.9565756,76.4233388
Hullemala,11.9335187,76.4006782
Kalasuru,11.9156596,76.3303096
Kanakanahalli,11.9127839,76.2979923
Kenchanahalli,11.9121807,76.3208335
Kitturu,11.9618351,76.3353352
Lingenahalli,11.9418198,76.3856821
Moleyuru Kaval,11.8687267,76.3782459
Nanjanathapura,11.9387009,76.3494394
Narasipura,11.9696186,76.4069743
Adahalli,12.0807358,76.4287432
Akkadevanahalli,12.0678087,76.2961531
Belaganahalli,12.099309,76.3476717
Belatturu,12.0768512,76.3948665
Chaudahalli,12.0392285,76.3613371
Dasanapura,12.0848134,76.2843601
Devalapura,12.0435155,76.3786439
Edatore,12.1378835,76.3041894
Haropura,12.1164122,76.3478647
Heggadapura,12.0803929,76.3056406
Jiyara,12.0037997,76.3235798
Machhare,11.9973775,76.3175394
Motta,12.0825207,76.4820943
Niluvagilu,12.0162236,76.3720433
Penjahalli,12.0413161,76.2823338
Ramenahalli,12.0136842,76.326583
Sattigehundi,12.02511,76.2782638
Savve,12.1298583,76.3438732
Shantipura,12.1038991,76.3262233
Shiramahalli,12.0378899,76.3443817
Siddapura,12.1244649,76.2274255
Sogahalli,12.0063287,76.2816806
Sollapura,12.1360303,76.2261088
Sonahalli,12.0929849,76.293274
Toravalli,12.0273011,76.3912153
Toravalli,12.0905985,76.3491366
Yalamatturu,12.0173405,76.3426912
Elehundi,12.173822,76.2784106
Gollanabidu,12.2447262,76.484948
Gujjappanahundi,12.1153668,76.410415
Kolagala,12.1056857,76.4088831
Madapura,12.1087195,76.3950828
Muddayyanahundi,12.2601936,76.4952647
Shindenahalli,12.2326325,76.4774332
Baragi,11.8368435,76.4272169
Ankusharayanapura,12.015029,76.9187111
Bokkahalli,12.1475397,76.7364783
Devirammanahalli,12.1055092,76.6681241
Gattavadipura,11.9957411,76.7801668
Goluru,12.1143815,76.7031712
Hallididde,12.1683801,76.6682602
Haraganapura,11.9954582,76.7945204
Hosahalli,12.0903272,76.6766765
Hosakote Mole,12.1877876,76.7869889
Hosakote (Masage),12.0683106,76.6442223
Hosuru,12.0913704,76.6938731
Kadajetti,12.0051943,76.5098607
Kalihundi,12.0633609,76.7027425
Karepura,12.0985239,76.866084
Kasavanahalli,12.0166323,76.6208493
Kebbepura,12.0841195,76.6974728
Konanapura,12.0111394,76.8449294
Krushnapura,11.9986553,76.6406782
Lakshmanapura,12.0219512,76.6327187
Mallarajayyanahundi,12.171507,76.7644169
Maraluru,12.1403288,76.6357438
Mudahalli,12.1696333,76.767968
Nandigunda,12.1975571,76.8078111
Nandigundapura,12.2107124,76.7971637
Nellitalapura,12.0632613,76.4936585
Rajuru,12.0310243,76.4813135
Rajuru,12.0416357,76.5057596
Shettahalli,12.0413308,76.5150795
Siddayyanahundi,12.0067345,76.6338455
Sindhuvalli,12.0533633,76.6865798
Toravalli Mole,12.0227656,76.9207807
Toravalli,12.0228536,76.9326778
Toremavu,12.1289954,76.7071351
Tumnerale,12.1929605,76.7970532
Valagere,12.0732984,76.6095807
Adibettahalli,12.1359313,76.9135647
Alaganchipura,12.0967663,76.7659943
Alamburu,12.1292513,76.7402228
Bairapura,12.2205615,76.8986159
Danayakanapura,12.2224646,76.8456085
Hosahalli,12.1116474,76.933723
Hunasuru,12.2261961,76.8914252
Jimarahalli,12.1701106,76.8163369
Jodi Hariharapura,12.1884628,76.8278217
Kalmahalli,12.1409596,76.7832982
Kudluru,12.2275892,76.8539573
Nagarle,12.1477741,76.7655537
Saraguru,12.1460322,76.752725
Vaddarahundi,12.1965975,76.8504352
Viregaudanahundi,12.0850375,76.7408552
Banagavadi,12.3691355,76.8893252
Bommanahalli,12.3188572,76.9391643
Kaiyamballi,12.2435527,76.954802
Kallipura,12.3001225,76.9295336
Kempanapura,12.3066826,76.9710356
Menasi Kyatanahalli,12.4150238,76.9148504
Ramegaudanapura,12.3090581,76.990956
Ankanahalli,12.3961148,76.9263546
Aravattige Koppalu,12.384033,76.8245331
Bettahalli,12.2210206,77.0405725
Channaviregaudana Koppalu,12.3375566,76.9240868
Doddapura,12.3104211,76.962686
Hiriyuru,12.2103444,76.9560269
Hosapura,12.2045149,76.9470621
Kalabasavanahundi,12.2213773,77.071077
Kannahalli,12.1537927,76.9675986
Karihurulikoppalu,12.4124829,76.9304384
Kaveripura,12.2048393,77.1062716
Kempegaudanakoppalu,12.4071794,76.9159419
Kolatturu,12.2808681,76.9810274
Krushnapura,12.2374036,76.9590319
Madavadi,12.2362471,77.1201699
Madgaralingayyana Hundi,12.2997777,76.9161537
Medini,12.208428,77.1216124
Naripura,12.2553381,76.9853216
Nuggehalli Koppalu,12.3927505,76.9346942
Parinamipura,12.2026021,77.091176
Pattehundi,12.308615,76.8169957
Sujjaluru,12.1602831,76.8761846
Vaddara Koppalu,12.333183,76.9115393
Vatalupura,12.1482714,76.8950789
Vijayapura,12.2090684,77.0683439
Yadahalli,12.3613138,76.8860275
Yaraganahalli,12.1845769,76.8827554
Alagamule,12.1566859,77.2979948
Banuru,12.2312831,77.2721715
Chigatapura,12.0783494,77.3637718
Dhanagere,12.2109528,77.1437144
Halagapura,12.1756655,77.3758086
Hondarabalu,12.1426213,77.1442601
Kallidoddi,12.2151952,77.391481
Kenchayyanadoddi,12.0862805,77.3802234
Kottanuru,12.2143867,77.2721855
Mahalinganakatte,12.0486706,77.2778452
Prakash‌palya,12.2078082,77.2605584
Shagya,12.2077016,77.3951711
Sundralli,12.2451682,77.2691428
Tomiyarapalya,12.1577141,77.3966556
Alkere Agrahara,12.0749623,77.0768125
Ambale,12.0281125,77.0122185
Aralipura,11.9081708,77.0088315
Aval Kandahalli,12.039055,77.011407
Ayyanapura,11.9047327,77.034095
Badanaguppe,11.9880104,76.8694079
Banahalli,12.0964058,76.9546301
Basavatti,12.0562259,76.9852319
Bhogapura,11.9877348,76.9344764
Budamballi,12.0051398,77.0287662
Buditittu,11.9483891,76.9788975
Budibetta,12.0715929,77.0714511
Chamalapura,12.057384,77.059898
Changachahalli,12.019977,77.0260584
Chatipura,11.9986691,77.0437352
Dadahalli,11.9210154,77.0119096
Dasanahundi,12.0046554,77.071123
Deshavalli,12.0478486,76.9731318
Devalapura,11.8501862,76.8143585
Ganaganuru,12.1306405,76.8571424
Gangavadi,12.0014487,77.0659307
Ganiganuru,12.0525375,77.0545721
Gulipura,11.9992066,77.019396
Handrakalli Mole,11.9750127,76.9706015
Handrakalli,11.9665908,76.960274
Heggavadi,12.043238,76.9535784
Heggavadipura,12.0510002,76.9728402
Hondarabalu,11.921032,77.0690784
Jannuru,12.1035545,76.8906851
Kariyanakatte,11.9682224,77.00471
Kavudavadi,12.0616932,76.9861184
Kellamballi,11.9794987,76.91169
Ketahalli,11.9224509,76.7937803
Kiragasuru,11.9743621,76.9364962
Kuderu,12.041827,76.935646
Malarapalya,12.0648429,77.0798026
Mallayyanapura,11.9820785,76.8197833
Mallupura,11.9544893,76.9929695
Mariyala,11.9624867,76.9016822
Mariyaladahundi,11.9607603,76.9078126
Masanapura,11.9956206,77.0424205
Megalahundi,11.9773483,76.8223146
Melajipura,12.0014777,76.869072
Mellahalli,12.0504681,77.0010564
Mudala Hosahalli,11.7664112,76.8869575
Mudla Agrahara,12.062451,76.9253944
Narasamangala,11.802712,76.857495
Puttanapura,11.9293142,77.0351361
Sappayyanapura,12.0032674,76.9369785
Saraguru Mole,11.9540321,77.0018113
Saraguru,11.9416121,77.0105484
Singanapura,12.0005566,76.9774532
Tellanuru,12.1050654,76.9711155
Uppinamole,12.0456494,77.0431657
Vadagere,12.042289,77.0806979
Vaddarahalli,11.7532421,76.880514
Y. K. Mole,12.0340463,77.0317091
Yanagumba,11.7502094,76.8598408
Basavapura,11.8626794,76.9656764
Bokkepura,11.8342418,76.8657987
Channavadeyanapura,11.9715827,76.6305306
Chungadipura,12.0353721,76.9819067
Doddahundi,11.9914194,76.654085
Govindavadi,11.9423165,76.8387349
Honakanapura,11.9680621,76.6216551
Kurubarahundi,11.9326509,76.6089871
Muttige,11.9966277,76.8494602
Nanjarajapura,11.9747169,77.0439877
Panyadahundi,11.991975,76.8593024
Rechamballi,11.9738101,77.0247728
Shettahalli,11.8752667,76.6123488
Shrikanthapura,11.9747027,76.5996922
Vaddagalpura Hundi,11.8176915,76.8971396
Yadavanahalli,11.9619664,76.628175
Thotasagara,13.2551777,76.9435511
Annindadike,13.2659437,75.9263413
Kodkani,14.4951297,74.4092658
Kimani,14.5101987,74.3935878
Lukkeri,14.4618471,74.3985111
Aigalakurve,14.4835423,74.4077251
Bele,14.4849239,74.4050644
Varakada,15.4899832,74.4273694
Balekundri Khurd,15.8715266,74.6204981
Basarikatte,15.8426139,74.5986001
Basurte,15.8994108,74.4123796
Dharanatti,15.9636527,74.6183635
Kangrali Khurd,15.8939306,74.5004687
Konevadi,15.8887768,74.3973617
Mastamaradi,15.8321302,74.5913351
Mutyanatti,15.9227183,74.5368248
Panagutti,16.0101471,74.6118084
Yamanapura,15.9104921,74.5229146
Tubinakere,12.4949684,76.7942058
Sompura,12.8778283,77.4972385
Doddihalli,13.0579728,75.9557678
Toregazani,14.5485853,74.3572158
Dhareshvara,14.3704367,74.4105512
Kagala,14.4965779,74.3688273
Arabyanavadi,16.4841655,74.6155198
Baravada,16.5547242,74.428714
Gayakanavadi,16.4079734,74.349595
Hunnaragi,16.4989464,74.4253079
Jainavadi,16.4869576,74.3867812
Nanadivadi,16.4925174,74.5926708
Sidnala,16.4859356,74.4172294
Vadagola,16.5259461,74.5661516
Pāṅgēri,16.3756324,74.3414333
Budalamukha,16.3829869,74.3367926
Dattawade,16.5137085,74.3457893
Siddapuravadi,16.5272554,74.6531056
Hubbanageri,14.4875768,74.3717102
Lakkavana Halli,13.9432758,76.5957627
Gollarahatti,14.1242093,76.5282674
Bandlorahatti,14.120526,76.5468498
Obalapura,14.0088342,76.9569847
Mallashetty Halli,14.4024452,75.9997517
Bapuji Badavane,14.4059999,75.9992782
Karilakkena Halli,14.3956467,76.0050294
Kogganuru,14.4009776,76.0143728
Marikoppa,14.237314,75.6142898
Thuggalahally,14.2125995,75.5888064
Maravalli Thanda,14.3055083,75.4664739
Hosa Bisleri,14.3887266,75.8924939
Eelnekallu,14.3793407,75.8991334
Voderahally,14.3769576,75.8672871
Satyanarayana Camp,14.4444288,75.8494673
Dodavada,16.5861596,75.04967
Kare Chikkayyanaroppa,14.0502109,76.4896267
Aadiralu,14.047044,76.5237254
Mallarasanahatti,14.0412401,76.4968438
Chikkerennanamalige,14.0399079,76.5275927
Bovicolony,14.0041588,76.5748638
Kerekodihatti,13.9452668,76.5576155
Karemuddanahatti,13.950473,76.5449125
Kairangala,12.7919889,74.9429503
,13.3887323,74.7540212
Aladala,16.0916129,74.4568283
Bidrevadi,16.0902708,74.4445201
Chikkaladinni,16.0336909,74.5739649
Daddi,16.0643282,74.4389394
Gajapati,16.0276627,74.5954298
Gudaganatti,16.0721284,74.446684
Hosagada,16.0275715,74.5727858
Hosapete,16.1349323,74.6587264
Hosura,16.1785398,74.6306614
Ingali,16.1761309,74.6578675
Janevadi,15.7964011,74.4166392
Jarakiholi,16.0837534,74.5655992
Katabali,16.0666474,74.5240692
Khavanevadi,16.0753925,74.4206984
Navage,15.7951618,74.4265876
Nidasosivadi,16.2954448,74.4971355
Nirvanatti,16.1494399,74.6528399
Gugrenatti,15.9887795,74.4978407
Hosura,15.9922939,74.4887041
Kurihala,15.9926931,74.451263
Kansuli,15.6670402,74.4531571
Modekoppa,15.6861356,74.4435197
Amadalli,14.7619646,74.2202022
Angadi,14.8941052,74.1251444
Araga,14.7698666,74.1637212
Bada,14.8251136,74.153893
Chittakula,14.8595516,74.12589
Kharge,14.8648004,74.2549674
Kolage,14.8812368,74.1430328
Nandanagadda,14.8359343,74.1462735
Shirve,14.848214,74.2867063
Siddara,14.8557338,74.2189179
Todur,14.7740421,74.2010379
Hichkada,14.6166825,74.3486978
Bellangi,14.524544,74.5108381
Devagiri,14.3649934,74.417433
Handigona,14.3962152,74.4080127
Harita,14.5052516,74.5170213
Horabhaga,14.3494441,74.4117246
Kalabhaga,14.4078386,74.4036045
Kalakeri,14.4148374,74.4404148
Konalli,14.3886003,74.4514245
Matha,14.3751481,74.4130807
Talagoda,14.3894172,74.4290358
Vannalli,14.426912,74.3865975
Kondaskoppa,15.8011333,74.569229
Chandaguli,14.8988557,74.7425997
Heggumbali,14.8886612,74.7219737
Kanchanalli,14.9154931,74.7676061
Shigepala,14.9619857,74.6853727
Shistamudi,14.9906119,74.6767062
Tatagara,14.9726233,74.6743489
Balagimane,14.9543728,74.6766298
Bharatanahalli,14.8089044,74.8687906
Chavatti,14.77926,74.8142234
Halasinakoppa,14.8357714,74.8532746
Hasanagi,14.849007,74.823441
Hitlalli,14.7944207,74.8094019
Hunasemane,14.8251395,74.8646529
Kanenahalli,14.8147762,74.848242
Kundura,14.8380342,74.8022878
Lingadabaila,14.9464295,74.6369725
Tarehalli,14.7632811,74.8281374
Hunashettikoppa,14.9840296,74.8160955
Taragara,14.8974081,74.5764891
Hulagōḍa,14.9856705,74.8616682
Karaḍoḷḷi,14.9909076,74.8405597
Attimurdu,14.4860778,74.7932208
Balekoppa,14.5365791,74.6221069
Balesara,14.4699122,74.7978202
Hebre,14.5557702,74.6334882
Karjagi,14.4690395,74.8112754
Manajavalli,14.6176539,74.8011453
Manaki,14.4403349,74.4331468
Manikatta,14.4497562,74.3935423
Valagalli,14.4033622,74.4309577
,14.4345827,74.4883667
Keralapura,12.5817522,76.1756146
Bijuru,13.8461951,74.6394256
Halyani,14.0477753,74.6380602
Hasarolli,14.0634873,74.6477483
Jali,13.9961161,74.5189877
Karikallu,13.9808772,74.5275348
Marukeri,14.0121865,74.6252796
Uppunda,13.8313398,74.6223048
Uppinakudru,13.6587767,74.6908524
Kalyanapura,13.3935182,74.7362708
Varamballi,13.4284142,74.735618
Dombe,13.880616,74.6006722
Mettinahole,13.7952961,74.6806196
Teggarse,13.8541582,74.6515557
Yalajit,13.8457412,74.707385
Halkal,13.8248759,74.8009778
Hosuru,13.7735151,74.8077931
Iduru Kunjadi,13.7563922,74.7846306
Anagalli,13.6345338,74.7183989
Ankadakatte,13.6028393,74.6927469
Balkuru,13.6286839,74.7566664
Gopadi,13.5612531,74.6857126
Halladi Harkadi,13.5482939,74.8107348
Kodi,13.6192978,74.6712009
Koni,13.6078203,74.7176681
Vakvadi,13.56966,74.7133947
Gobrala,15.3230425,74.6022222
Ambevadi,15.2713548,74.6162202
Shingatagere,15.3668324,74.6338187
Vitnal,15.2967935,74.609298
Aregalli,15.310203,74.5862503
Guliwada,15.3191176,74.5578189
Barchi,15.3040789,74.6086028
Achladi,13.5246398,74.753241
Aruru,13.4150684,74.8009222
Cherkadi,13.4339958,74.8086206
Chitrapadi,13.5096532,74.7093218
Kaduru,13.4701908,74.832476
Karkada,13.4957737,74.723368
Kavadi,13.4937701,74.7453883
Manoor,13.5355432,74.703273
Neelavara,13.4512577,74.7836549
Kalkatta,12.7922621,74.9006994
Airodi,13.4584459,74.7105969
Avarse,13.5279173,74.8651643
Hiliyana,13.5416906,74.8880229
Shiriyara,13.537104,74.7926017
Yadtadi,13.4985422,74.7658953
Badanidiyuru,13.3887574,74.7060952
Belapu,13.2055538,74.7700672
Innanje,13.2527323,74.7697919
Kote,13.2805773,74.7402555
Mattu,13.2711323,74.7296777
Pade,13.3193799,74.7419763
Pernankila,13.3005219,74.8512944
Pitrodi,13.2938218,74.7286768
Tenka,13.1552962,74.7601445
Udyavara,13.3027326,74.7361627
Yenagudde,13.2874277,74.752479
Yermal,13.1686144,74.7629759
Mudu Alevuru,13.3129085,74.7804376
Kuthyaru,13.2028345,74.8165705
Mallaru,13.2204483,74.7642263
Pilaru,13.199856,74.8400262
Kabbinale,13.404485,75.0513017
Ragihalli,12.7386426,77.5745803
Narikombu,12.8782071,75.0573638
Shambhuru,12.8718918,75.0821988
Belma,12.8177111,74.9104476
Arala,12.9520485,75.0155512
Devasyamuduru,12.8992788,75.1298678
Kondemoola,13.0496366,74.872331
Maninalkuru,12.8675984,75.156513
Rayi,12.9685276,75.0386579
Uli,12.8888651,75.175451
Hirebandadi,12.8053993,75.2610832
Kombaru,12.7582636,75.5633701
Renjiladi,12.7802898,75.4807669
Balnadu,12.7452854,75.1754453
Kedambadi,12.7059859,75.2587729
Enekallu,12.6714319,75.5608064
Nemmaru,13.3888855,75.2178601
Muninagara,12.7483145,77.5370162
Tattaguppe,12.7724323,77.5305132
Banasavalli,13.1736401,75.7733058
Dabbe,13.1537148,75.7742479
Govinahalli,13.2018964,75.8286193
Halmidi Grama,13.2446599,75.8210583
Hosahalli,13.155565,75.755228
Kabbinamane,13.1852275,75.8248517
Madapura,13.1663678,75.7791146
Muttugadalu,13.173383,75.7850491
Nagenahalli,13.1205897,75.7766811
Yamasandhi,13.2198612,75.8217133
,13.2399002,75.8245759
Ballamavati,12.3271413,75.6160497
Badaga,12.2965416,75.7482759
Kiggalu,12.2891283,75.7685718
Manchadevanahalli,12.408015,76.0087764
Tirumalapura,12.4252602,76.0242775
Chikka Vaddarakere,12.3564468,76.1197781
Dodda Vaddarakere,12.3633646,76.1175966
Hemmige,12.36269,76.0793909
Telaganakuppe,12.3904712,76.0692319
Aimangala,12.2127372,75.819301
Bilugunda,12.2154646,75.8360794
Kukluru,12.2085703,75.7963502
Chikka Baragi,11.8287888,76.439728
Ettige,11.8917621,76.45654
Guddeangadi,13.3175938,74.885441
Belatturu,11.9516858,76.254883
Bhimanahalli,12.1865428,76.2771057
Gandatturu,11.9190103,76.2423897
Jakkahalli,11.9000051,76.2766255
Krushnarajapura,11.9745498,76.2596142
Malali,11.9621959,76.2581201
Agatagaudanahalli,11.8809608,76.6767128
Belachalavadi,11.9429936,76.6583954
Bendagalli,11.8623792,76.6735947
Bendaravadi,11.7642646,76.6763458
Chaudahalli,11.7138381,76.69704
Chikkahundi,11.9927225,76.6605135
Garaganahalli,11.8827132,76.6616537
Hangalapura,11.7488238,76.6613889
Heggadahalli,11.8792634,76.683914
Hirikati,11.9972879,76.6578963
Hundipura,11.7105092,76.6932323
Kalanahundi,11.9272262,76.6466795
Kodahalli,11.7675749,76.6946223
Shigevadi,11.9355919,76.7404167
Shindanapura,11.8087674,76.7362699
Vaddagere,11.7178299,76.794388
Viranapura,11.8439358,76.6890786
Depapura,11.7712196,76.784829
Devalapura,11.8445912,76.6185885
Katte Hunasuru,12.0236195,76.4953452
Chikkahole,11.8396616,76.9847099
Siddayyanapura,11.8529285,77.0039012
Avacharahatti,15.7753733,74.535737
Bamanavadi,15.7922769,74.4396038
Kuttalavadi,15.7943298,74.4493662
Ranakunde,15.7582916,74.4377167
Vaghavade,15.7555475,74.4642118
,15.7838381,74.542734
Banavasi,12.6413446,77.5457961
Bikkanahalli Hosahalli,12.8478047,77.7648328
Bikkanahalli,12.8376113,77.7599771
Handenahalli,12.8259815,77.7673455
Kallanakuppe,12.6232328,77.5635095
Kommasandra,12.8608656,77.7408671
Menasiganahalli.,12.6637253,77.7018851
Rachamanahalli.,12.7220464,77.7386277
Samanduru,12.7145217,77.7543649
Sollepura,12.8309661,77.7559609
Attiguppe,12.6778268,77.5285164
Chalaganahalli,12.9008561,77.9542609
Chikkadanava Halli,12.9002193,78.0675065
Doddadanavahalli,12.902724,78.0539163
Hasandahalli,12.8895051,78.0256541
Nagondahalli,12.9186278,77.9543867
Nallatimmanahalli,12.9127377,78.0907021
Rajakrishnapuram,12.8831659,77.9008618
Siddanahalli,12.8942382,77.9136136
Sonnuru,12.8960171,77.9006501
Baguru Sonnahalli,12.9128693,77.8681289
Banahalli,12.9710836,78.0876137
Bavarahalli,13.042754,78.1698427
Byatarayanahalli,13.0096144,78.2235328
Chikka Ankandahalli,13.0368262,78.1649254
Chinnakote,12.9823058,78.2250395
Dodda Ankandahalli,13.0062159,78.1632574
Guttahalli,13.0073475,78.1475551
Hulimangala Hosakote,12.9622166,77.8990054
Kanagala,12.958124,78.0709331
Karahalli,13.0019804,78.1839181
Karamangala,13.0025913,78.1279603
Kattihalli,12.987451,78.228719
Kundenahalli,12.9848826,77.9985051
Kurnahosahalli,12.9598864,78.023575
Majara,13.0236129,78.2332709
Maragal,13.0258664,78.1821847
Nernahalli,13.0116316,78.1959814
Nidaghatta,12.957876,77.9922401
Shettihalli,12.9612498,78.0656966
Sitanayakanahalli,12.9538292,77.9147154
Tirumalahatti,12.958821,78.0056227
Upparahalli,12.96928,77.9967264
Yalaburgi,13.0099427,78.1883047
Baluvanahalli,12.9665786,78.3525838
Eturu,12.9286979,78.4035711
Harohalli,12.936297,78.2051244
Jakkarasakuppa,12.9433777,78.3738763
Kirtikuppa,12.9231921,78.3295492
Nallaguttahalli,12.8895842,78.2052681
Paravanahalli,12.9146902,78.1964051
Sakkanahalli,12.9441983,78.1910242
Singarahalli,12.9524922,78.2179684
Tatnahalli,12.9515016,78.2031518
Tukal,12.9234796,78.343309
Vattigal,12.8828994,78.1959673
Balagere,12.8986079,78.3046187
Banagere,12.9180733,78.3141033
Byatarayanahalli,12.8795767,78.2813483
Doddakallahalli,12.8798593,78.2910541
Kaluvalahalli,12.8669068,78.2984598
Kogileru,13.0677265,78.4883789
Marikuppam,12.9168521,78.262181
Sanyasipalli,13.0696261,78.4774518
Yalachepalli,13.045703,78.43682
,12.8670698,78.2621703
Chigarapura,13.0141288,78.3010407
Jidamakanahalli,12.9953233,78.4562336
Kambampali,12.9426414,78.292149
Rayasandra,12.9991538,78.3987029
Shrinivasapura,13.0005633,78.4401932
Sonnakuppa,12.9881315,78.4570874
,13.002882,78.3853755
Batuvarahalli,13.1151215,78.4875172
Chokkadoddi,13.1244941,78.4521867
Lakkashettihalli,13.1530901,78.4721944
Chamareddihalli,13.1545335,78.4400946
Motakapalli,13.0550405,78.4011147
Sanyasipalli,13.0686088,78.4494721
,13.1331837,78.4936348
Achampalli,13.2911315,78.3198942
Baiyyanahalli,13.2993394,78.463967
Baiyyapalli,13.2363761,78.5238443
Bayyapalli,13.3742379,78.2136876
Biraganahalli,13.2529321,78.2589419
Byatanuru,13.2089695,78.5653686
Chintamakalahalli,13.2378072,78.2566265
Chokkanahalli,13.3556207,78.2850761
Honnekere,13.3020097,78.4576251
Kalluru,13.3507585,78.207671
Kaniganapalli,13.3854104,78.2391703
Kattibisanahalli,13.262982,78.2794652
Kotraguli,13.3800478,78.2656453
Kummagunte,13.3650241,78.2160207
Mudigere,13.1989231,78.5303941
Nagadenahalli,13.3608814,78.2316811
Patrahalli,13.1804036,78.5063438
Pindiganagara,13.2567919,78.3057401
Sangondahalli,13.1160554,78.4272441
Sheshapura,13.2223133,78.2901484
Shigepalli,13.2888221,78.2969759
Shitareddihalli,13.2682915,78.2899032
Shyagatturu,13.2335134,78.2628871
Timmasandra,13.3711065,78.240236
Uppukunte,13.2462496,78.3049092
Manigatta Gollahalli,13.2705965,78.5718956
,13.2749231,78.5506349
Marimakalapalli,13.4756107,78.3078434
Bachchireddigaripalli,13.5619631,78.2222612
Bagalahalli,13.2853341,78.1033627
Chillarapalli,13.5519136,78.2091614
Devarahalli,13.2856008,78.099729
Gudipalli,13.5729645,78.2806473
Gummareddipura,13.2722899,78.1983441
Karipalli,13.5146093,78.2076492
Kotekalluru,13.5269385,78.2177578
Kotturu,13.5692936,78.2686699
Muduvadi Hosahalli,13.2281115,78.1766788
Pindipapanahalli,13.2679831,78.0951214
Sonnepalli,13.4704655,78.2508226
ಯಾಗವಪಾಪಿಶೆಟ್ಟಿಪಲ್ಲಿ,13.5230473,78.2041954
Anuru,13.3442629,78.1107956
Chikkapura,13.3357086,78.125492
Dandupalya,13.4114173,78.1347162
Gajalahalli,13.3159958,78.0668561
Gandraganahalli,13.4221905,78.1315807
Korakonahalli,13.4721142,78.1901504
Kurapalli,13.4856962,78.1499011
Maniganahalli,13.488708,78.1665533
Marinayakanahalli,13.4149592,78.1455893
Mullahalli,13.293062,78.0961866
Nallaguttahalli,13.551555,78.1167002
Nilapalli,13.4992964,78.1861231
Patakote,13.5003657,78.1766824
Kubevoor,13.0846626,74.8107462
Bellibettu,13.1596936,74.8141472
Pavanje,13.0350246,74.7940768
Bachchahalli,13.5664681,77.9102029
Gummallapalli,13.8096127,77.9854544
Guttapalya,13.5297873,78.19945
Kamsanapalli,13.7525161,77.9561443
Kommepalli,13.5620181,78.0628482
Kondamari,13.4491255,78.231558
Kondarajanahalli,13.6077616,77.9915356
Kotturu,13.7367422,77.9340727
Lagumaddepalli,13.7598457,77.8523712
Penumale,13.7846641,77.8718889
Vangyarlapalli,13.8427077,77.9946241
Varasandra,13.6231445,77.9963401
Arigevarigutta,13.8189324,78.0293834
Charlopalli,13.8035424,77.854297
Devaragudipalli,13.7741053,77.818079
Dugginayakanapalli,13.81719,78.0005524
Etigaddapalli,13.7812086,77.7852693
Gyadivandlapalli,13.8020493,78.0243335
Hosakote,13.7546467,77.7955625
Kaganapalli,13.7786117,77.8603655
Kammaravaripalli,13.8052473,77.8640502
Kondamvarapalli,13.7786112,77.8096949
Mallepalli,13.8471631,78.0101845
Nallamallepalli,13.7186011,77.8492952
Peddatunkepalli,13.7688415,77.8449987
Potlavarapalli,13.6788846,77.8535846
Sadlavarapalli,13.7893866,77.8447398
Kambalahalli,13.7632449,77.6855244
Korenahalli,13.7216293,77.7645547
Nuligumba,13.7548905,77.7242284
Upparahalli,13.6842544,77.7188545
Kondavalahalli,13.6950403,77.7345437
Badimaraluru,13.668801,77.5647275
Chittavalahalli,13.7047183,77.5459356
Gollahalli,13.7183597,77.579806
Huchchodanahalli,13.701831,77.53335
Hunasenahalli,13.7398587,77.5417532
Jagareddihalli,13.7188281,77.555945
Sadarahalli,13.7405093,77.6163899
Chikkaboganahalli,12.5461112,76.612502
Honaganahalli,12.5265053,76.5984092
Kalenahalli,12.5693707,76.7450726
Kalenahalli,12.7533785,76.6420162
Somenahalli,12.7907569,76.5923565
Gangasagara,14.1760759,77.2570062
Gyadigunte,14.1555449,77.3727187
Kanikalabande,14.1552394,77.2639926
Timmanayakanapete,14.1101462,77.3067107
Gujjanadu,14.0904793,77.158673
Agrahara,13.6489894,77.3003076
Badakanahalli,13.7255388,77.2999182
Bandrehalli,13.7007263,77.2420523
Chikkahosahalli,13.6398128,77.3093514
Chinakavajra,13.625165,77.211761
Doddahatti,13.707175,77.2591019
Ganjalagunte,13.6960474,77.2616317
Guruvaderahalli,13.6674364,77.2280674
Halehatti,13.7017202,77.2606002
Hanumantapura,13.6420773,77.3219126
Immadagondanahalli,13.6985029,77.3242692
Kalenahalli,13.7177409,77.3493267
Kambhattanahalli,13.6757665,77.2204513
Lingenahalli,13.6681503,77.2057878
Mallenahalli,13.674312,77.2494084
Muddenapalya,13.6837125,77.2584573
Muddeneralekere,13.7416308,77.2760407
Ramanahalli,13.6934527,77.3247468
Sogenahalli,13.6670244,77.2514882
Talekere,13.7172267,77.3158505
Tavakadahalli,13.6916982,77.2370882
Timmalapura,13.6749233,77.2859558
Tungoti,13.6601001,77.16107
Upparahalli,13.7182719,77.431835
,13.6314265,77.2136624
Badenahalli,13.9039438,76.95609
Kariyala,13.8002484,76.7424245
Katanayakanahalli,13.84855,76.6967034
Nandihalli,13.9237368,76.6738684
Rangapura,13.8697712,76.9174452
Varadapura,14.0083346,76.9442846
Imampura,14.3069055,76.6164838
Todlarahatti,14.3489423,76.598973
Gundluru,14.7041938,76.7138813
Marammanahalli,14.749046,76.6298765
Hucchangidurga,14.7664717,76.7853255
Netranahalli,14.6461794,76.7274055
Udevu (,14.6312481,76.760862
Dattarajapura,13.8071306,75.2959712
Saru,13.7937681,75.2897914
Naduvalahalli,14.7579616,76.6001327
Shrikanthapura Tanda,14.8408212,76.5979367
Yarrobayyana Hatti,14.8356733,76.6034257
Ankanahalli,12.6535419,76.149674
Baichanahalli,12.7637494,76.1354016
Basavanahalli Kavalu,12.791482,76.1610072
Basavanahalli,12.58676,76.1517394
Beli Karpuravalli,12.6522903,76.1164147
Bittagodanahalli,12.7388174,76.1271206
Bolakyatanahalli,12.8146307,76.1072866
Chikkagavanahalli,12.7688993,76.1152959
Devarahalli,12.7679449,76.1049305
Doddagavanahalli,12.7609774,76.1221256
Garighatta,12.7848049,76.0894139
Goravanahalli,12.7577271,76.1282878
Hale Keralapura,12.5869706,76.1577824
Hanagallu Hosuru,12.6278335,76.1482191
Hanemaranahalli,12.6754756,76.1381228
Haradurupura,12.8065962,76.1586314
Honnagaudanahalli,12.8109892,76.0897816
Kalenahalli,12.6104538,76.1707065
Kallimuddanahalli,12.7635444,76.1632784
Kanchenahalli,12.7871369,76.1070761
Karehalli,12.673303,76.1566466
Kashipura,12.7825293,76.0691787
Kelluru,12.7634449,76.070173
Kote Karpuravalli,12.6630992,76.1139087
Mallitammanahalli,12.7195512,76.1345724
Maradi,12.8130205,76.0757799
Maravalalu,12.7495137,76.1379974
Naigere,12.7932568,76.0805473
Narasinakuppe,12.7928034,76.0965059
Rangapura,12.7439355,76.1437431
Santemaruru,12.7312199,76.1149277
Shambhunathapura,12.7640447,76.0479761
Shanavinakuppe,12.7486429,76.1047145
Tattavalu,12.6388668,76.1292941
Vaddarahalli,12.687967,76.1411605
Yalagatavalli,12.7082096,76.1406076
Ambigaudanahalli,12.7270162,76.0007977
Baisuru,12.733403,75.9545986
Bettasoge,12.5923721,76.1348389
Bisalahalli,12.6304217,76.015692
Channigarayana Abburu,12.6518744,75.9624726
Chaudenahalli,12.7874626,76.0372056
Chikka Arakalagudu,12.7778883,76.0338412
Chikka Bemmatti,12.6772939,75.985082
Dadadahalli,12.6965293,75.9938618
Doddabemmatti,12.6843627,75.9893303
Gabbali,12.5934779,76.0418574
Haralahalli,12.5525937,76.0837459
Hippali,12.7348254,75.9417188
Holalagodu,12.7158142,75.9783928
Honaganahalli,12.633892,75.9725399
Hondaravalli,12.7250655,75.9771884
Hosahalli,12.5928208,76.0940235
Jannegaudana Hosahalli,12.5812299,76.0958568
Jogi Hosahalli,12.713305,76.0168659
Kadavina Hosahalli,12.5745863,76.0172217
Kalluru,12.7511155,76.0113846
Kanthapura,12.5733729,76.146259
Kanthenahalli Kavalu(be),12.5901666,75.963916
Kanthenahalli,12.5839517,75.985914
Kattimallenahalli,12.7437838,76.0372769
Kavalanahalli,12.5224434,76.1253036
Kelagalale,12.7518642,75.9447718
Keragodu,12.5511718,76.1258866
Kesavatturu,12.6612155,76.0067979
Kongalale,12.6652431,75.9667127
Koratikere Kavalu,12.6784596,76.1218639
Kothi,12.758009,75.9522705
Kyatanahalli,12.7338303,76.0299293
Lakkanahalli,12.6539094,76.0448114
Lingadahalli,12.6921003,75.9903101
Madalapura,12.7613103,75.9406743
Madanuru,12.6829588,75.9705976
Madapura,12.7196749,76.0270289
Magodu,12.7662122,75.9650529
Majjanahalli,12.6350985,75.9860102
Malalikere,12.7414326,76.0624168
Mallapura,12.5388582,76.0954101
Mallinathapura,12.6074117,76.0771757
Manajuru,12.7674772,75.9763256
Masarangala,12.7730077,75.9863282
Mattigodu,12.5939228,76.1068132
Navile,12.6038634,76.0666921
Puttana Hosahalli,12.7809591,76.0095202
Ragimaruru,12.5520409,76.0954351
Ramenahalli,12.5990578,76.0089562
Sompura,12.5569962,76.1136969
Sulagodu Somavara,12.6519041,75.9452675
Vaddarahalli,12.5887575,76.1009559
Yaladahalli,12.5849264,76.0646868
Kalanja,12.6611974,75.3937362
Kodiyala,12.6930287,75.3783386
Ballawar,16.632176,75.9836005
Ballur,16.6053335,75.9267804
Bidnal,16.432272,75.9862923
Rajanal,16.4261413,75.9993018
Kadumane,12.8976636,75.6907973
Aladangady,13.0509997,75.2103302
Dasanapura,12.2226242,76.3363277
Santhipura,12.1982368,76.3523833
Ballamanja,12.9320916,75.2121251
Honnenahalli,14.6103416,75.9249419
,14.6279694,75.9140629
Vaderahalli,14.630043,75.9334928
Koracharahatti,14.6352672,75.9272272
Bikkikatti,14.6439142,75.9235901
Harogere,13.9392835,77.0222714
Huligere,13.8397311,76.9750105
Inakanahalli,13.8223191,76.9505855
Melukunte,13.8246925,76.9289253
Sigalahalli,13.8624074,76.9575057
Yalapenahalli,13.9388373,77.0047004
Papanakona,13.4824699,76.5544952
Kyathanayakanahalli,13.480235,76.5787819
Muddenahalli,13.4659153,76.5815488
Dasarahalli,13.5497639,77.0386238
Gollarahalli,13.5283595,76.9714801
Javanahalli,13.59328,76.9937637
Jogihalli,13.5629228,76.9868853
Kappenahalli,13.5706735,77.0038093
Karemadenahalli,13.5993297,76.789536
Kenchaganahalli,13.612053,76.9426503
Kuntegaudanahalli,13.5878398,76.9606114
Lakkanahalli,13.6118303,76.9295895
Malanahalli,13.6144684,76.8769351
Mekerahalli,13.7113773,76.8757831
Neladimmanahalli,13.5935522,77.0046862
,13.6445797,76.7484249
Dasarahalli,13.9400443,76.9658065
Gidaganahalli,13.8011083,76.975961
Karetimmanahalli,13.9888898,76.9954234
Rangavvanahalli,14.3343102,76.7444306
Ainahalli,14.0268813,76.6914624
Chigatanahalli,14.2111833,76.625961
Yalagatta Gollarahatti,14.1943097,76.7504922
Gulagondanahalli,14.0715091,76.6191035
Hosa Ainahalli,14.0307524,76.6904488
,14.0886752,76.8726203
Krushnapura,14.0735619,76.859104
Maranahalli,14.070128,76.6802639
Narayanapura,14.1720458,76.7684161
Upparahalli,14.072896,76.6952204
,14.126581,76.7357179
,14.2034982,76.7629585
Agrahara,14.7598147,76.3818889
Aigala Mallapura,14.8251198,76.4029545
Arjuna Chinnenahalli,14.7657853,76.5470148
Battanahalli,14.8959598,76.3162123
Biralagudda,14.8568256,76.3849529
Chikkobanahalli,14.7686715,76.4567014
Devarahatti,14.853424,76.6784955
Madlakanahalli,14.7650527,76.4737843
Morabanahalli,14.8686609,76.3943058
Narasimhagiri,14.8001037,76.5185293
Nunkanahalli,14.7417294,76.6466205
Suravvanahalli,14.67387,76.4012236
Tammayyanagudda,14.6674255,76.5777946
Ullanahalli,14.7653001,76.4490499
Uradihalli,14.7613125,76.6436167
Yarralinganahalli,14.7541,76.5583884
Itagi,14.33974,74.7738982
Hagari,15.1530042,77.0513771
,12.194314,76.2093202
Gaudappagudi Tanda,17.5857514,77.3495244
Itagyala,18.2506259,77.508567
Jakanala,18.2657898,77.5078904
Kalenagara,17.7041797,77.4109171
Medapalli,18.1752079,77.5304276
Nandyala,18.2738775,77.515089
Shikaramotakapalli,17.5400167,77.3835671
Chikka Padukote,12.1838188,76.3216272
Anandavadi,17.9898655,76.9255233
Talakalukoppa,14.2977523,75.0659008
Naga Idlayi Tanda,17.5830756,77.4095955
Bhusanagi,17.5150412,76.8941201
Chikka Gobbura,17.26764,76.6881366
Kannura,17.5171731,76.8751792
Navana,17.5813078,76.9645622
Bommanahalli,17.0286971,77.0740111
Maguta,17.2614811,77.0403239
Tari Tanda,17.2015546,76.9543555
Vaddaravadi,17.0860888,76.9241014
Peraje,12.833238,75.1427899
Tanniru Bavi,12.8879911,74.8163808
,12.9272844,74.8425458
Chikka Mandya,12.5458134,76.8959387
Doddarasinakere,12.5067265,77.018487
Guttalu,12.5246324,76.9232919
Yattagadahalli,12.5147924,76.9169729
Arechakanahalli,12.4706692,77.001271
Aruvanahalli,12.5144686,77.1078987
Belluru,12.5277989,76.9484892
Bhujavalli,12.4262845,76.9800411
Bidarahalli,12.463323,77.0175892
Doddi,12.5282498,76.9376077
Dundanahalli,12.7197352,77.0560956
Elechakanahalli,12.5037825,76.7922983
Gaudayyanadoddi,12.4970086,77.0112305
Gopanahalli,12.4574628,76.9705536
Hanumantanagara,12.4875631,77.0039265
Honnalagere,12.5623374,77.0915768
Hosahalli,12.4555535,77.1088335
Indavalu,12.5139477,76.8518304
Kadana Puradadoddi,12.4684334,77.0334227
Kadilavagilu,12.4848336,76.9621042
Kalenahalli,12.498048,76.8219065
Kaparekoppalu,12.4353628,76.9785868
Karadakere,12.4792721,77.0030712
Kiraganduru,12.5121221,76.8658067
Lakshmegaudanadoddi,12.4788552,76.96953
Lalanakere,12.4472421,76.8701982
Madapuradoddi,12.6251297,77.1132845
Madarahalli,12.4963961,76.9804692
Madenahalli,12.4831844,77.0800464
Manigere,12.4616884,77.0344005
Marasinganahalli,12.456843,76.9437954
Molekoppalu,12.4951626,76.8529692
Nodekoppalu,12.5056057,76.7679572
Ragimuddanahalli,12.4846178,76.7858257
Rajegaudanadoddi,12.5677045,77.1042454
Shingatagere,12.4939461,76.9756215
Sundahalli,12.5074103,76.8333647
Sunnadadoddi,12.4668232,77.0866827
Timmanahosuru,12.4550418,76.9342399
Tittamelanahalli,12.4825958,77.073375
Urumara Kasalagere,12.4741834,76.8046991
Yaliyuru,12.5069724,76.8139673
Yarahalli,12.5157468,76.8230859
,12.5258416,76.9744891
,12.5271998,76.9803441
,12.5421685,76.9308505
Hosa Koppalu,12.7675086,76.9587803
Alabujanahalli,12.4929529,77.0513813
Ankannana Doddi,12.6471704,76.9180881
Banasavadi,12.6061076,76.9217046
Bidarakatte,12.7005017,76.8458983
Bommanadoddi,12.5091621,77.0629833
Chikkagangavadi,12.6662699,76.7339425
Chikkankanahalli,12.7165763,77.0175589
Devarayapattana,12.5870108,76.8012579
Gantagaudanahalli,12.6513979,76.870473
Gudigenahalli,12.6655343,76.8737081
Gurudevarahalli,12.5133395,77.0494841
Harakadahalli,12.6939014,76.7895206
Haralahalli,12.4902604,76.9898332
Haralahalli,12.6564974,77.006081
Honnenahalli,12.613114,76.7835669
Honnenahalli,12.6493903,76.8003597
Hunnanadoddi,12.5213866,77.0335498
Kallimeladoddi,12.5022597,77.0727536
Kebbahalli,12.6305519,76.8843638
Kenchanahalli,12.7034606,76.7906515
Kodagahalli,12.7003036,76.78421
Kodihalli,12.6127237,76.9002298
Maralingana Doddi,12.6225922,76.9148373
Marasinganahalli,12.6531819,77.0303199
Mathadadoddi,12.4949319,77.0800197
Mullahalli,12.668553,77.0150994
Muttanahalli,12.516879,77.0108102
Naganadoddi,12.6683585,77.0113485
Panchegaudanadoddi,12.6506413,76.9249255
Shankarapura,12.6215773,77.0194471
Siddegaudana Doddi,12.6375145,76.9261804
Talemele Doddi,12.6391822,76.9096689
Torechakanahalli,12.509812,77.0698391
Vaidyanathapura,12.5729802,77.0622258
Avverahalli,12.5161622,76.8099811
Chikkadoddi,12.6893798,76.9543206
Chikkakoppalu,12.5300164,76.7869401
Chokanahalli,12.6386008,76.8238397
Hulikere Koppalu,12.5633479,76.7705307
Karadikoppalu,12.6327689,76.826763
Kebbehalli,12.6146297,76.8195331
Kodihalli,12.570643,76.8766436
Kuduragundi,12.5612422,77.0019919
Kuntanahalli,12.6896875,76.9969628
Machahalli,12.5683671,76.7826423
Madegaudanakoppalu,12.5334362,76.7909074
Malligere,12.6755894,76.7381637
Mariyanadoddi,12.5598737,76.970603
Puttikoppalu,12.5554624,76.7898757
Agachahalli,12.9718228,76.7154075
Ainorahundi,12.2719424,77.0416863
Akkamanakoppalu,12.3790708,77.0044796
Anchedoddi,12.3976396,77.0768147
Ankanahalli,12.9357091,76.8208379
Basavanapura,12.4000155,77.1541524
Bommanahalli,12.9623659,76.7387314
Chamalapura,12.9609175,76.7136831
Chandahalli,12.3652242,77.1299244
Chikkamaligekoppalu,12.3517418,76.9421788
Chikkonahallipura,12.9410225,76.6336166
Dabba,12.3607135,77.1512409
Dadadapura,12.4011866,76.9945037
Dadamudike,12.8926157,76.8292189
Devipura,12.4363068,77.0088206
Doddabuhalli,12.306863,77.0243544
Doddaelachigere,12.3994458,77.2260398
Doddegaudanakoppalu,12.3503587,76.9517802
Doddenahalli,12.9392303,76.6910952
Govindaghatta,12.955681,76.7245139
Hadenahalli,12.9406487,76.643275
Halalu,12.9580027,76.7861127
Halladasanahalli,12.2325343,77.0916903
Haradanahalli,12.8661401,76.8309328
Honaganahalli,12.2435991,77.0899939
Jadaganapura,12.3857846,76.9929027
Jadaganapura,12.3884754,76.9822529
Kachenahalli,12.8676528,76.7548212
Kagepura,12.4169905,77.0390264
Kanchinakote,12.9658811,76.7746738
Konnapura,12.4118903,77.1475938
Kotebetta,12.8458901,76.7953096
Kurubanapura,12.4366607,76.9379369
Kyategaudanadoddi,12.3904144,77.0787646
Metimellihalli,12.9466708,76.656668
Nalkundi,12.8518768,76.8134372
Nelligere,12.3084499,77.0042574
Nelligere,12.9596215,76.7598048
Nelluru,12.4332929,77.0604208
Netkal,12.3387864,77.1547579
Okkarahalli,12.2530401,77.085804
Shettahalli,12.3850579,77.0335911
Tammadahalli,12.4004259,77.0673143
Turaganuru,12.3871105,77.1221732
Uppanahalli,12.3682478,77.0104104
Valagerepura,12.9252602,76.7703011
Vasuhalli,12.2587948,77.0958733
Balehalli,13.3505225,75.7728639
Badrikoppalu,12.8303146,76.7646665
Bommanahalli,12.7566592,76.8907534
Gaddebuvanahalli,12.8174411,76.7779441
Kallenahalli,12.7883253,76.9047986
Kallukombari,12.8339416,76.7231319
Karagere,12.9136284,76.8046266
Kasalagere,12.8020604,76.8697038
Kyatanahalli,12.8640794,76.588053
Madahalli,12.8354556,76.8077994
Mavinakere,12.7551274,76.8997572
Muddenahatti,12.7626747,76.8954833
Sampanahalli,12.7817505,76.8982139
Sarimegakoppalu,12.8338518,76.7525013
Vaderahalli,12.9461462,76.8107807
Anchanahalli,12.5943702,76.5473909
Bommanaykanahalli,12.6867736,76.5188712
Buvanahalli,12.5948182,76.5102806
Byaladakere,12.6613314,76.5394823
Chattangere,12.6007367,76.585618
Chikkagadiganahalli,12.5512799,76.4904115
Chikkalale,12.7312761,76.4506894
Chikkanahalli,12.5611875,76.5770898
Dadadahalli,12.6218029,76.3960524
Hiralahalli,12.6762295,76.564978
Hirikalale,12.7162772,76.4583777
Kodihalli,12.5971192,76.5940614
Kunduru,12.7603877,76.4765052
Malkonahalli,12.5868278,76.5823466
Manchanahalli,12.6123867,76.5669393
Rajaghatta,12.6111475,76.584993
Uygonahalli,12.6753764,76.5355402
Agatahalli,12.5228421,76.7840402
Attikuppe,12.5495019,76.6887797
Haganahalli,12.4666568,76.5964943
Hebbadi Hundi,12.372939,76.7250551
Hebbadi,12.3763114,76.7346472
Hosuru,12.5291071,76.6998542
Karekura,12.4180957,76.6302362
Mallegaudanakoppalu,12.4709678,76.7343137
Malligere,12.563769,76.7965362
Mandibettahalli,12.4879953,76.631049
Manti,12.3768815,76.6264172
Nilanahalli,12.5814694,76.6621638
Sanabada Koppalu,12.5799766,76.6404382
Singrigaudana Koppalu,12.6058681,76.664379
ನೀಲನ ಕೊಪ್ಪಲು,12.4348432,76.7573875
Averahalli,13.1645099,76.9670674
Bilinandi,13.1597999,76.8337069
Changavi,13.1747022,76.9640305
Chikkakunnala,13.1954324,76.9157802
Chiranahalli,13.1200429,76.9629514
Doddakattigenahalli,13.2548388,76.932602
Doddakunnala,13.2027343,76.9040411
Dollenahalli,13.1764499,76.9756376
Gaddehalli,13.1563287,76.9222398
Gopalapura,13.2417195,76.9472261
Kalenahalli,13.1924696,76.9545255
Kodigehalli,13.196115,76.9634997
Kodihalli,13.1896721,76.8864095
Muddanahalli,13.2418885,76.9685901
Surigenahalli,13.2345641,76.9397984
Yalachihalli,13.2055435,76.8880865
Koravi Tanda,17.4079074,77.2786807
Seri Tanda,17.4411219,77.1888888
Tadapalli,17.4318086,77.2709975
Arjunagi,17.3641059,76.4325047
Basanalavadi,17.1850701,76.6577425
Jhalaki,17.4483717,76.4790241
Kalaganura,17.3057361,76.9115122
Kerura,17.4182949,76.9344443
Kulali,17.3534218,76.4516517
Kutanura,17.0786653,76.6407535
Madiyala Tanda,17.3733721,76.4994985
Sannura Tanda,17.282798,77.0038463
Sannuru,17.2916043,76.9878942
Venkata Bennura,17.3919579,76.9585458
Yalladagundi,17.7237931,76.8438913
Adarante,14.2307469,74.9981207
Halasinakoppa,14.2556876,75.0615244
Kakkarasi,14.3557733,75.0407853
Maruru,14.359241,75.0877286
Totlagondanakoppa,14.4382848,75.1075518
Alluru,17.0342889,77.0501012
Indiranagara,17.0533579,76.6841202
Konkanalli,17.1903266,77.2281313
Sevalal Nagara,17.041681,77.0125503
Tilagula,17.1689283,76.8190787
Gobbaravadagi,16.925618,76.6153673
Karakihalli,16.8822083,76.6017552
Rasanagi,17.0795175,76.7067189
Revanura,16.9939308,76.7082916
Varavi,16.903369,76.6006648
Chandanayaka Tanda,16.9107219,77.1010541
Motanalli Tanda,16.9064775,77.217187
Sadaba,16.5488399,76.4839764
Teggihalli,16.580182,76.533707
Benakotagi,16.97415,76.2455088
Bommanajogi,16.8263729,76.1442185
Chikka Yaragalla,16.9593125,76.3148568
Ganavalaga,17.0751567,75.9331336
Hittinahalli Tanda,16.9447996,75.9902538
Nandageri,16.8766803,76.3910583
Padanura,17.3320645,75.9734908
Shivapura,17.1678312,76.1309184
Teggihalli,17.0745837,76.1567747
,17.1296171,75.9019219
Adavi Somanala,16.3441551,76.2844877
Alamatti,16.3451718,75.8923516
Aremurala,16.311689,76.2180299
Bantanura,16.5631653,76.3799404
Basavanahatti,16.5885606,76.0221803
Chokavi,16.5371587,76.242467
Devara Hulagabala,16.4104481,76.243024
Gudihala,16.4292135,76.1605754
Kandaganura,16.292892,76.0402828
Kesapura,16.2404016,76.1967543
Kolhara,16.4348885,75.6824633
Marada,16.4049737,75.8270776
Mavinabavi,16.2930741,76.2750566
Mukartihala,16.4678208,75.90876
Nagarala,16.2716208,76.0670601
Nerabenchi,16.2748151,76.1939947
Phattepura,16.5571208,76.2912929
Sindageri,16.6481554,76.2052843
Tamadaddi,16.5325275,76.2444127
Babalada,16.5026421,75.4639251
Devapura,16.5032853,75.5478147
Hanama,16.5364404,75.5214301
Lingadalli,16.4946705,75.5502891
Sutagundi,16.4623356,75.4993531
Chikkalavala,16.4335425,74.4375293
Handyanavadi,16.407517,74.5165961
Kothali,16.4234114,74.5059278
Kuppanavadi,16.4232136,74.5191698
Kuthali,16.4118484,74.4910419
Manganura,16.3199093,74.4891988
Manuchivadi,16.4453507,74.4400345
Naganura,16.4484414,74.3765968
Navalihala,16.421876,74.4820573
Padalihala,16.4512379,74.3988183
Rampura,16.4192688,74.4159424
Sankanavadi,16.4442241,74.4954177
Shirapevadi,16.444416,74.3855088
Tapakaravadi,16.4565312,74.4956873
Dhulaganawadi,16.4067654,74.4784504
Chandura,16.6009393,74.6636637
Hanjanatti,16.284514,74.5922467
Kalarakoppa,16.1978618,74.9056917
Konanakeri,16.2954403,74.4038844
Manjari,16.5592955,74.6902645
Yadanavadi,16.5342435,74.5841882
Yaduravadi,16.5984203,74.6804619
,16.596578,74.7041311
Madamakkanala,16.1908417,74.6158652
Artagal,15.9023886,75.1717517
Basaragi Inam,15.8987688,75.175675
Chinchakhandi,15.9335893,75.3165789
Dadibavi Tanda,16.0468386,75.2825615
Dadibavi,16.05201,75.2995434
Gorabala,15.851914,75.208378
Gudumakeri,16.0228798,75.0290082
Halaki,15.928001,74.9274969
Haleyaragudri,16.302368,75.1308752
Halolli,15.9633999,75.2483339
Hirehatti,16.0327982,74.9112967
Hiremulangi,15.9223614,75.389142
Hosuru,16.1040108,75.1648184
Iranatti,16.0506227,74.7281987
Jalikatti,15.8998458,75.0395073
Jivapura,15.9274772,75.0513027
Kallapura,15.9828703,75.3866076
Keshapanatti,15.9970582,74.8061163
Khanapeta,15.945789,75.2094664
Kilabanura,15.9391305,75.3044353
Kutaranatti,15.9801616,74.8659572
Lagameshvara,16.0155113,74.7000478
Mabanura,15.8857539,75.077008
Madlura,15.8858453,75.0545037
Malagali,15.9643738,74.9189766
Mutavada,15.8759962,74.8177995
Nugganatti,15.9400358,74.97726
Obaladinni,15.9774697,74.8879354
Revadikoppa,15.8826797,75.3934223
Shivapetha,15.8798199,75.4023999
Shrirangapura,15.8819298,75.0525777
Telaginahatti,16.0464212,74.746673
Alatage,15.9010862,74.4856733
Aralikatti,15.7887996,74.6547223
Basapura,15.7911155,74.6472181
Bodakyanatti,15.9820001,74.4498672
Devagiri,15.9519901,74.4975421
Hulikatti,15.7898496,74.6450145
Japhavadi,15.9196073,74.4932736
Devalapura,15.7813837,74.8235295
Gejapati,15.7209649,74.6241091
Mutnala,15.7460942,74.6594909
Nagenahatti,15.7475088,74.5678202
Sanikoppa,15.7962034,74.7823121
Sunakumpi,15.9895739,74.8023162
Sutagatti,15.7522084,74.6063256
Virapanakoppa,15.7310496,74.6637583
Amboli,15.6456171,74.4340839
Bhuranaki,15.4892175,74.6857136
Buttevadi,15.5585604,74.594505
Devarayi,15.4527433,74.5738776
Golihalli,15.5541815,74.6564957
Hattaravada,15.5197043,74.6144958
Jainakoppa,15.6540119,74.5715371
Lakkebaila,15.6562507,74.5790141
Mugavade,15.6488402,74.400108
Nerase,15.5995838,74.42882
Shivathana,15.4632676,74.5425325
Taravada,15.4389865,74.5718217
Gaddanakeri Tanda,16.1479207,75.6359715
Chinnapura,16.0086249,76.1295012
Huvanura,16.1721755,76.0098948
Adavibhavi,15.9815573,76.5787061
Aidabhavi,16.3155456,76.5715257
Aidanala,16.1833687,76.5210882
Ankanala,16.1509412,76.2485382
Ankasadoddi,16.035212,76.6079454
Gauduru Tanda,16.2694471,76.6820297
Gonavatla Tanda,16.2488056,76.5087337
Gonavatla,16.2794181,76.5046995
Gorebala,16.2100664,76.4676793
Halabhavi,16.210056,76.4347783
Halkavatigi,16.1276122,76.2761272
Hanchinala,16.2543838,76.4824264
Hosur,16.1997302,76.7514714
Hunakunti,16.1150733,76.5004401
Jangiramapura Tanda,16.2111715,76.3796292
Katagal,16.0083583,76.6067452
Kesaratti,16.1743994,76.4843094
Kumarakheda,15.8733023,76.4603347
Maragattanala,16.1318749,76.4239331
Maraladinni,16.0101526,76.5669252
Mudavala,16.01788,76.6305532
Navali,16.1615287,76.306598
Palagaladinni,16.1243768,76.2906976
Pulabhavi,16.2291214,76.5312789
Rayadurga,16.3219633,76.6203065
Rodalabanda,16.2018556,76.3643678
Sunakal,16.2067279,76.4062707
Tanamanakal,16.3309338,76.6056921
Toralabenchi,16.1784453,76.4052081
Virapura,16.1622028,76.684066
Yalagaladinni,16.1705274,76.5250814
Yaradona,16.2238203,76.5676281
Hadagali,15.9244703,76.4797139
Kannala,15.9608605,76.4688278
Timmapura,15.963323,76.4853125
Bommanahalli,16.3289876,76.7615621
Bommanala,16.3669837,77.1760058
Gajaladinni,16.3595967,76.83447
Govindapalli,16.2854057,77.044949
Herura,16.4768909,77.093557
Huligudda,16.2993018,76.8245552
Kakkaladoddi,16.3190806,76.8019791
Kammaladinni,16.3252327,76.8002607
Karadigudda,16.3770529,76.8169209
Lingadahalli,16.4128866,76.75429
Marakamadinni,16.222873,77.0253326
Masid Pura,16.2636491,77.1328079
Matpalli,16.4459943,77.1013803
Mudagota,16.4087324,76.7919556
Myakaladoddi,16.3141114,76.7871509
Navalagudda,16.3892389,76.8429297
Nilagal,16.2022851,77.1310047
Tippaladinni,16.1894915,77.0726319
Yaramarasa,16.2029192,77.0237206
Kambadala,16.4341093,76.9872574
Madarakal,16.2313592,76.8007275
Mudalagunda,16.2506355,76.7957988
Sunnadakal,16.2760737,76.8117907
Uti,16.2698708,76.7955185
Yaramasala,16.4147624,76.9938038
Ayajapura,16.1413539,77.4515629
Budadinni,15.9638091,77.4468115
Bullapura,15.9543425,77.4015135
Chikkamanchali,15.9535171,77.4194969
Devanapalli,16.1440605,77.4107951
Duganuru,15.989954,77.3575343
Gadhara,16.0712126,77.3642496
Ganadhala,15.9754435,77.4090695
Gattubichchali,15.9838865,77.3052401
Gonvara,16.1117438,77.383213
Hanumanadoddi,16.3355169,77.3924876
Hanumapura,15.9769837,77.2957129
Hirapura,15.9991465,77.2932569
Kamalapura,16.1086042,77.3586031
Katlatakuru,16.2444122,77.4174446
Madamanaduddi,16.286313,77.454185
Mamadapura,16.1638,77.3036229
Manjarla,16.0917762,77.3796009
Mittimalkapura,16.1420185,77.39811
Raladoddi,16.2916579,77.4661728
Sarjapura,16.3177537,77.5569276
Siddarampura,16.172415,77.3852452
Tungabhadra,15.9648343,77.366508
Tuntapura,16.1140724,77.404334
Undraladoddi,16.1436926,77.4765394
Vaddepalli,16.3161781,77.4770675
Ashapura,16.1467252,77.3235588
Jalibenchi,16.1300182,77.3303174
,16.0885234,77.4365207
,16.2893505,77.3325775
Adavi Khanapura,16.0050749,77.2581421
Amareshvara Camp,15.945655,76.9298625
Aroli,16.0296274,77.2528637
Hokrani,16.1127307,77.1559181
Kambaletti,15.9863328,77.2204915
Rampura,16.1933316,77.3264236
Tammapura,15.9655414,77.1941647
Yadivala,15.8658593,77.0241739
Amarapura,15.7439393,76.7735545
Bettaduru,16.0436421,77.1213567
Bhagyanagara Camp,16.1500847,77.0627394
Donamaradi,16.1788145,76.8537045
Gunjalli Camp,15.7594268,76.6305856
Jalapura Camp,16.1538849,77.0153464
Konganahatti,15.7868946,76.7711505
Machanuru,16.1063109,77.1151723
Muddanguddi,15.9060206,76.9132443
Nakkundi,16.023995,76.9125506
Nugudoni Hosuru,16.1112742,76.9486909
Nugudoni,16.1114849,76.9409086
Patakanadoddi,16.1693797,76.8941464
Potapura,16.1300852,76.8730739
Rajaladinni,15.9755437,77.0055337
Shakhapura,16.1630561,77.1036995
Shavantagal,16.2007149,76.9156653
Tupadora,16.0915884,77.1159843
,16.0044576,77.0928717
,16.1464737,76.8284249
Gunavanthe,14.2224347,74.4657814
Chiratanala,15.8113422,76.693243
Ginivara,15.7665377,76.9186136
Gorebala camp,15.7092174,76.7310458
Gudadura,15.9132145,76.6736052
Kannari,15.7417523,76.8343062
Rangapura,15.898941,76.6797848
Chinnapura,15.3016658,76.6196579
Kariganuru,15.2544508,76.4264651
Kotnakal,15.5086276,76.6462451
Ramadurga,15.3723223,76.5150796
Mudlapura,15.289432,76.3865096
Arhala,15.4803968,76.4835182
Dasanala,15.4543151,76.4706095
Gaddi,15.4784748,76.4282272
Kotayya Camp,15.5050757,76.5750881
Mohamad Nagara,15.3377552,76.3887103
Naganahalli,15.4152673,76.5764935
Udamakal,15.4805609,76.4397201
Kudagundi,14.5792698,74.4488736
Kodsani,14.6028325,74.3826145
Hosur,14.5945463,74.3819922
Markal,14.6512137,74.4528433
Adavibhavi,15.852239,76.3450508
Gotagi,15.9257479,76.2044674
Gumageri,15.7620153,76.2514839
Hosalli,15.8456902,76.0858092
Jalihala,15.8663845,76.2311084
Kalamalli,15.8957346,76.3994619
Kidadura,15.9080721,76.3631916
Kilarahatti,15.8418818,76.4364253
Lingadahalli,15.673364,76.3415452
Muktagudadura,15.8094829,76.2831367
Takkalaki,15.7955691,76.1966513
Tengunti,15.8009363,76.2494122
Tonsihala,15.9092173,76.196792
Vanageri,15.7999885,76.1714516
Bommanala,15.8933603,75.8393108
Chikkanandihala,15.7434195,76.1143829
Ganganala,15.7548809,76.2626699
Gudadurakalla,15.8681243,76.0051049
Kaula Boduru,15.8259583,76.184586
Konapura,15.8660652,75.9427534
Madapura,15.8378139,76.2950788
Mastakatti,15.8220134,75.9193966
Mavina Itagi,15.8714097,76.0222759
Mittalakoda,15.9038232,75.8818486
Nidashesi,15.7669812,76.1672744
Niraluti,15.7378183,76.2942122
Tumarikoppa,15.8286725,75.9614156
Virupapura,15.6739768,76.37481
Yalaburti,15.7355253,76.1272961
Hire Temminala,15.697799,76.4135595
Balutagi,15.8726347,76.2602053
Jumlapura,15.8328202,76.3314357
Ryavanaki,15.8604236,76.2373495
Shiragumpi,15.875788,76.2555869
Chikkamukartinala,15.731144,76.3607485
Chikkabidanala,15.4791119,76.1500773
Chikkoppa Tanda,15.6573507,76.0036237
Ganadala,15.6542788,76.3161949
Honnunasi,15.4752503,76.1690638
Kadralli,15.4909255,76.1417722
Somapura,15.6858686,75.9158653
Arasinakeri,15.5025309,76.2946141
Budihala,15.2749213,76.1020947
Danagaladoddi,15.4015377,76.2871185
Ganganala,15.5461856,76.3085345
Lingadalli,15.3468004,76.2890962
Mudlapura,15.4450898,76.1136507
Shahapura,15.3449307,76.3061833
Huyil‌dore Kaval,13.6836439,76.8028022
Ranaganathapura,13.6566342,76.83221
Kambadahalli,13.6926733,76.8086588
Bhopalapura,15.7802767,75.5445262
Gulagundi,15.8260134,75.5599676
Jigeri,15.7929029,75.9878967
Megura,15.7837795,75.5749756
Melmatha,15.7253237,75.6104832
Nagarashikoppa,15.7355586,76.0260282
Totaganti,15.5893389,75.7892846
Belleri,15.8599297,75.4639033
Gangapura,15.7531068,75.5206798
Gurlakatti,15.7155132,75.3000557
Khanapura,15.7623436,75.5245281
Lakhamapura,15.8803112,75.4577966
Vasana,15.8632142,75.4799996
Hanganakatti,15.2272748,75.608572
Hosahalli,15.4090205,75.5118866
Narasapura,15.4504796,75.6574364
Shirunda,15.284765,75.6009941
Shivajinagara,15.3340176,75.6802143
,15.5155648,75.4804161
Bettahalli,13.0173894,77.4373676
Giddenahalli,12.9931426,77.4187702
Kadabageri,12.9965497,77.4333751
Machohalli Kaloni,12.9961571,77.4513037
Jayapura,13.4018109,75.3728416
Aivarakandapura,13.1372991,77.4929592
Arjuna Bettahalli,13.1598408,77.4192655
Bairanahalli,13.1593755,77.3456573
Budihala,13.1359521,77.3615921
Dibburu,13.1679457,77.5289978
Gangadharanapalya,13.1209102,77.386151
Kasaghattapura,13.11009,77.5043316
Mallapura,13.1032741,77.3846049
Muthkuru,13.1566323,77.5086613
Tonachinakuppe,13.1405021,77.3468394
Yaramanchanahalli,13.1560064,77.3556823
Bananduru,12.7767253,77.397516
Bommachanahalli,12.8044245,77.3140927
Chikkakalbalu,12.6532818,77.4099876
Heggadagere,12.7622112,77.3777255
Hejjala,12.8553687,77.4169835
Kakaramanahalli,12.8296975,77.362826
Karenahalli,12.8178377,77.3651779
Ketohalli,12.7526581,77.3366953
Lakkasandra,12.7943249,77.3278888
Sheshagirihalli,12.8430892,77.4229732
Toredoddi,12.758082,77.3978557
Arebommanahalli,13.1431502,77.2852137
Averahalli,13.035354,77.4157394
Byadarahalli,13.1484996,77.3126103
Dodderi,13.1717322,77.3094979
Dombarahalli,13.0487558,77.4608658
Ganakallu,12.8522396,77.3566934
Gopalapura,13.1414688,77.4277167
Harokyatanahalli,13.0495627,77.4446266
Hosahalli,12.9657981,77.2171111
Hosapete,12.9517672,77.2348276
Kammasandra,13.0345017,77.4391224
Kodagi Bommanahalli,13.1302895,77.2713232
Lakkenahalli,13.0434903,77.3972985
Talekere,13.1560241,77.3087114
Tattekere,13.0839543,77.2439159
Varadenahalli,12.9610386,77.3128068
Viregaudanadoddi,12.8945739,77.2776919
Baiyappanahalli,13.355337,77.3541755
Bhaktarahalli,13.3556463,77.3686734
Bhumenahalli,13.3787378,77.6110384
Bidikere,13.3455965,77.6075744
Bikkalahalli,13.4400468,77.6097141
Bommanahalli,13.3457317,77.4333346
Chogondahalli,13.3542802,77.6269857
Dargajogihalli,13.3188535,77.5323651
Dasaga,13.3205764,77.6000681
Gulyanandigunda,13.3475392,77.6421779
Hasanaghatta,13.3244287,77.5253402
Isturu,13.2263799,77.4358346
Kanchiganala,13.3388232,77.5885911
Kantanakunte,13.333532,77.5278079
Kuruvigere,13.356974,77.5944467
Machagondahalli,13.350603,77.6398356
Maralenahalli,13.3282266,77.4767056
Menasi Kaloni,13.2917942,77.4927274
Nagadenahalli,13.2840699,77.598312
Nagenahalli,13.3797401,77.552688
Nandigunda,13.3397072,77.6460915
Shyakaladevanapura,13.2469014,77.4288809
Somashettihalli,13.338439,77.4705051
Sonnamaranahalli,13.3324654,77.6467328
Turuvanahalli,13.4043566,77.5641758
Birasandra,13.2842554,77.6136524
Bullahalli,13.3068084,77.7312692
Byadarahalli,13.2908479,77.6083775
Chikkagollahalli,13.298437,77.654218
Chikkasanni,13.2312154,77.6893976
Chikkatattamangala,13.27266,77.7688915
Doddasagarahalli,13.3347387,77.7073134
Ellupura,13.2475279,77.5613751
Gaddada Nagenalli,13.2628863,77.7802939
Gobbaragunte,13.2922262,77.7328761
Gokere,13.2476329,77.7403531
Gonuru,13.3435414,77.7495634
Kasavanahalli,13.2414761,77.5675665
Kuduregere,13.1859044,77.6096602
Mudugurki,13.3420468,77.7243128
Nelluka,13.2213947,77.5414033
Panditapura,13.2461711,77.5799947
Shetterahalli,13.2623009,77.6767241
Shyanappanahalli,13.2895045,77.6458858
Timmahalli,13.322135,77.7581831
Tindlu,13.2338969,77.5947061
Varadanahalli,13.2566993,77.5654678
Venkatenahalli,13.30569,77.8111558
Yaluvahalli,13.2926141,77.8233305
Yartiganahalli,13.1956796,77.6751617
Belamangala,13.0515684,77.8647628
Dalasagere,13.241693,77.9565122
Gonakanahalli,13.0511629,77.8691213
Kallahalli,13.1065809,77.7881984
Kondrahalli,13.1799564,77.9150976
Marasandahalli,13.1598316,77.9444926
Tammarasanahalli,13.1958218,77.8328111
Ummalu,13.0733142,77.938355
Vabasandra,13.1221455,77.7797076
Venkatapura,13.1141369,77.7819989
Ammanapura Doddi,12.6317105,77.3221778
Annihalli,12.7003417,77.3840328
Avverahalli,12.6486807,77.3371738
Chikka Ankanahalli,12.6581924,77.3068458
Dodda Ankanahalli,12.6621647,77.3071043
Gaudanadoddi,12.6734213,77.3236347
Gopahalli,12.7279458,77.405396
Hosadoddi,12.6231706,77.290551
Kadanakuppe,12.6173888,77.2964524
Kadirenahalli,12.7825519,77.4679906
Kavanapura,12.6461187,77.3019129
Kodihalli,12.7412114,77.4227561
Kolliganahalli,12.7111621,77.4073992
Lakkojanahalli,12.6410179,77.2779274
Nelamale,12.6299188,77.3339176
Puttirammanadoddi,12.7395743,77.3772978
Ramanahalli,12.7412519,77.4009508
Tenginakallu,12.5978962,77.314796
Uragahalli,12.7436101,77.3753958
Aralalusandra,12.5871353,77.4113344
Balechannavalase,12.626596,77.4551521
Bettahalli Kaval,12.7354786,77.5082535
Chiluru,12.6470471,77.4174347
Doddakalbalu,12.670824,77.4050735
Manchanayakanahalli,12.835017,77.4172925
Nettigere,12.7590559,77.4952108
Ravugodlu,12.7482973,77.5006684
Rayasandra,12.5909982,77.4377298
Siddanahalli,12.6800632,77.4037604
Tamasandra,12.6729428,77.4668095
Vaderahalli,12.7405372,77.4799901
Ankanahalli,12.8304835,77.2497581
Chikkasulikere,12.8472948,77.3037981
Doddasulikere,12.8592055,77.2959299
Hombegaudanadoddi,12.8128112,77.1676374
Karadigaudanadoddi,12.7503778,77.3739348
Lingegaudana Doddi,12.8556744,77.3343137
Tadikavagilu,12.8161523,77.2323514
Vaderahalli,12.7374961,77.3013277
Aijuru,12.7206427,77.2722289
Archakarahalli,12.7125552,77.266294
Arehalli,12.7744807,77.2585215
Chikkenahalli,12.6970868,77.2724339
Danayakanahalli,12.752425,77.2225082
Gungarahalli,12.82147,77.2877346
Kannamangaladoddi,12.7103076,77.2497092
Kempayyanadoddi,12.7401046,77.280244
Kumbapura,12.7018784,77.2641289
Kunamuddanahalli,12.7804959,77.2722803
Melehalli,12.8187795,77.27662
Palabhavidoddi,12.7492251,77.2862793
Rangarayara Doddi,12.7184547,77.2569967
Yarahalli,12.8018153,77.2538332
,14.5794168,74.7494224
Bannikatta,14.5773293,74.7684334
Belenalli,14.5626902,74.7268698
Hiregutti,14.5688271,74.3891057
Honnalli,14.6773937,74.4380823
Mastikatte,14.6857168,74.4604101
Tonka,14.2723459,74.4309379
Mavinakurve,14.2745928,74.4708879
Malakoda,14.2529305,74.4903156
Allimaranahalli,12.6101319,77.388306
Attiguppe,12.6255547,77.2805235
Chikkenahalli,12.6369422,77.3551705
Gopasandra,12.6023196,77.4179202
Kotahalli,12.642607,77.3519877
Mukkodlu,12.7563302,77.5280118
Singasandra,12.6477419,77.3625356
Virupasandra,12.551516,77.4334639
Angarahalli,12.6457737,77.4053322
Bandiganahalli,12.618082,77.3991198
Dimbadahalli,12.6085731,77.4003391
Gugaredoddi,12.6212349,77.4023267
Arakere,12.4607165,77.5015469
Arekattedoddi,12.4827098,77.3169413
Attihalli,12.5040597,77.3287978
Bachahalli,12.6143763,77.3521791
Basavanahalli,12.574565,77.3194141
Belikottanuru,12.5887988,77.3145331
Byalalu,12.5989348,77.3400921
Chikka Alahalli,12.4318987,77.3511739
Gerahalli,12.5058857,77.3489795
Gollahalli,12.4181941,77.4830207
Guluganahalli,12.4778603,77.5313291
Halanatha,12.3822176,77.5196406
Halasinamaradadoddi,12.4819336,77.2868424
Halasuru,12.4816044,77.5176862
Honnahalli,12.5181652,77.3373024
Horalagallu,12.4769413,77.3990413
Hosadoddi,12.4283878,77.5101083
Hunasemaradoddi,12.4938647,77.5241593
Kadahalli,12.4209127,77.309336
Kamsagara,12.5118937,77.300885
Kempegaudanadoddi,12.4160842,77.2854322
Kokkare Hosahalli,12.4269861,77.4558142
Marasandra,12.4334426,77.4627776
Mugguru,12.3201882,77.5283494
Nagarasanakote,12.4387234,77.3396489
Palya,12.4346904,77.3303963
Shettikeredoddi,12.3976309,77.4553708
Tavarekatte,12.4344225,77.4230436
Vaddaradoddi,12.4729143,77.3205856
Venkatarayana Doddi,12.5342935,77.3295469
Kadike,13.0495889,74.7908975
Begihalli,12.7950999,77.6147255
Chatekere Palya,12.8329658,77.6087925
Chikkahosahalli,12.7051078,77.6450613
Chudenahalli.,12.680118,77.61229
Dodda Hagade,12.7461886,77.6896369
Haldenahalli.,12.7177119,77.7084231
Haragadde,12.7637369,77.655377
Harappanahalli,12.7904755,77.6226863
Hulimangala,12.8188956,77.6384041
Hullahalli,12.8267311,77.6170537
Kadajakkanahalli,12.7377358,77.6344478
Kalkere,12.8328089,77.5906929
Koppa,12.805379,77.6274177
Nanjapura,12.8092342,77.6403353
Nosenuru,12.7498067,77.6495298
Sab‌mangala,12.700065,77.7300685
Sakalavara,12.8210611,77.6084813
Tammanayakanahalli,12.6980371,77.6415422
Avadadenahalli,12.7471354,77.7110012
Bandenallasandra,12.7938347,77.6509362
Bukkasagara,12.7798042,77.6200371
Byatarayanadoddi,12.8160473,77.5510074
Halehalli,12.7390577,77.7513903
Kallubalu,12.7712034,77.6227944
Maranayakanahalli,12.722277,77.7676847
Muttagatti.,12.7038588,77.7212847
Rajapura,12.7764707,77.6739438
Timmasandra,12.7074104,77.7543917
Aimareddihalli,13.3989122,78.1147462
Amitahalli,13.5346657,78.0351222
Appasanahalli,13.5708659,78.0322039
Bachchavarahalli,13.4170128,78.0965314
Bairasandra,13.4812797,78.0825436
Basavapura,13.5736661,78.0208904
Byalahalli,13.2962522,78.0210889
Chokkanahalli,13.6072001,78.0766803
Devappalli,13.5684398,78.1756431
Doddakondrahalli,13.3768139,77.9948676
Gaudanahalli,13.5312834,78.0524385
Gollahalli,13.3606791,78.1030947
Gollahalli,13.4335527,78.123389
Gopalapura,13.468946,78.0710986
Gubalahalli,13.4537918,78.0172479
Gudamarlahalli,13.4801294,78.1100095
Gudarlahalli,13.4494471,78.1150252
Gudisilahalli,13.4867962,78.0787349
Gunnahalli,13.3256295,78.00322
Guttahalli,13.396457,77.9932475
Kani,13.4480228,78.0740196
Kappalli,13.4533809,78.0960834
Kempadenahalli,13.375958,77.9884625
Kondavenakapalli,13.4948855,78.140356
Madarakallu,13.3000293,78.0245811
Mudachintalahalli,13.3499847,78.0988783
Nadampalli,13.5792092,78.070243
Nallarallahalli,13.5127637,78.0930311
Nelamachanahalli,13.4527222,78.0071977
Palepalli,13.4766603,78.0092281
Panasachaudanahalli,13.293279,78.1328565
Siddepalli,13.4732342,78.0874199
Sitaramapura,13.5430089,78.1155831
Sunnapagutta,13.6231982,78.1380171
Upparlahalli,13.485286,78.0723083
Virapalli,13.4766081,78.0687142
Yarrakote,13.4590474,78.1096225
Yasagalahalli,13.5741407,78.1133944
Guttapalya,13.8657131,77.9375093
Jilajirlu,13.8349794,77.7973706
Kadirannagaripalli,13.7400755,77.768628
Koyishnapura,13.9265969,77.8549121
Madappalli,13.9085731,77.8575433
Nanjireddipalli,13.8480531,77.8286076
Potepalli,13.8204321,77.8065571
Timmampalli,13.8555258,77.9171246
Hejamady Kodi,13.093731,74.7734009
Kolachikambala,13.0845777,74.7817694
Abludu,13.4400129,77.8535071
Ambiga,13.2365956,77.9087607
Chikkatekahalli,13.4963658,77.8774807
Chimanahalli,13.4268801,77.8542957
Gadiminchenahalli,13.6029183,77.8593283
Gaudanahalli,13.5212174,77.8555679
Goramillahalli,13.4771951,77.8579248
Gudihalli,13.4359119,77.8433469
Gunturapalli,13.7483137,78.0583107
Haralahalli,13.4257948,77.8396508
Kachahalli,13.330569,77.8210068
Kannappanahalli,13.4766892,77.8903661
Kempanahalli,13.4454965,77.8621331
Lakkahalli,13.4027623,77.8385511
Mallahalli,13.4516894,77.8553686
Muttakadahalli,13.4160346,77.8320495
Palicherlu,13.4793601,77.9046354
Saddahalli,13.4824379,77.8901515
Shettihalli,13.4535989,77.852107
Tatahalli,13.4302247,77.8766332
Turakeshapalli,13.8282742,78.0619585
Uppakuntahalli,13.6315098,77.8567749
Vanturu,13.5337845,77.8415391
Varadanayakanahalli,13.4214014,77.850841
Yarranagenahalli,13.6012863,77.8433907
Bhogaparti,13.5624757,77.7421885
Biraganahalli,13.5707372,77.8356206
Chikka Kurubarahalli,13.6847815,77.7655291
Chikkanagavalli,13.5979431,77.7627503
Chikkatammanahalli,13.6602154,77.7437174
Lakkenahalli,13.7198461,77.7507448
Machahalli,13.7140875,77.7320015
Shettigere,13.5507356,77.7546179
Kuthanahalli,13.5808143,77.8163945
Tumakalahalli,13.5750992,77.7910154
Angatta,13.3631679,77.7042967
Chimanahalli,13.4597769,77.8146669
Doddakirugumbe,13.4019556,77.8098738
Elehalli,13.3929277,77.8169816
Hennuru Kadirenahalli,13.4242342,77.8258946
Kadirenahalli,13.391352,77.6864968
Mannarapura,13.4071895,77.8017574
Nugatahalli,13.4089481,77.7928578
Soppahalli,13.494601,77.7736559
Alakapura,13.5532607,77.5277531
Alas‌timmanahalli,13.450119,77.5997734
Bommasandra,13.5538448,77.4983132
Gulaginjalahalli,13.6433764,77.6253952
Guyyalahalli,13.456964,77.6047355
Hanumantapura,13.5456063,77.6130598
Heggenahalli,13.5291726,77.594751
Kadirenahalli,13.6686824,77.4966928
Kamaganahalli,13.4693531,77.6033233
Kamareddihalli,13.4432217,77.5991726
Kurubarapalya,13.6314986,77.3882991
Marimakalahalli,13.4287533,77.5778759
Middilu,13.6287846,77.6312746
Murumanehalli,13.5855396,77.5295984
Nagenahalli,13.518371,77.6281821
Nandiganahalli,13.5567235,77.530328
Rayanakallu,13.4991343,77.6262455
Rayarekhalahalli,13.5529009,77.5393939
Vaichakurahalli,13.6147478,77.4622426
Vedalaveni,13.5653384,77.4939358
Yarragunte,13.4876305,77.4823601
Baragal,14.8499969,74.2599718
Chibbalageri,15.2871035,74.786475
Neelavani,15.2309453,74.7715362
Pandrawal Hosur,15.2107083,74.7941762
Malawadi,15.2745143,74.7961288
Kamathikoppa,15.2380673,74.7794755
Kalaginakoppa,15.2554553,74.8012336
Kamadolli,15.2927355,74.7682521
Ayyanahalli,15.0031671,75.8519663
Honnuru,15.027532,75.8782439
Kaganuru,15.0671938,75.9224038
Kandagallu,15.1228248,75.9205853
Mirakoranahalli,14.9705027,75.9205048
Sogi,14.9686799,75.9965997
Madaninagara,12.817481,74.8811901
Ankali,15.1247284,75.967786
Basarahalli,15.1033501,75.9692666
Bityana Tanda,15.1150856,76.021343
Hakkandi,15.1212276,75.9816463
Handiganura,15.0234886,75.8328655
Kalvi Tanda,15.1116546,76.0083866
Pashchima Kalvi,15.1234907,76.0027781
Sovenahalli Tande,15.1149458,75.9478008
Tippapura,15.0082895,75.9131682
Nagendramatti,14.8028867,75.4089952
Chiranahalli,14.7479036,76.1920137
Gollarahatti,14.9013041,76.4136955
Haravadi,14.83243,76.4952334
Hirehegdal,14.9323827,76.3287228
Ichala Bommanahalli,14.8959517,76.3508456
Jangama Sovenahalli,14.9563073,76.3423484
Kaivalyapura,14.9309418,76.3702755
Kalarahatti,14.8930834,76.4140804
Shivapura,14.955988,76.3635211
Bommalapura,13.5492112,75.304694
Hokkalike,13.566668,75.2996756
Jarkala,13.276577,74.9528173
Sogivala,15.1000862,75.5781634
Chikkaharakuni,15.1854216,75.2677089
Devanura,15.2148023,75.2302572
Haripura,15.2321847,75.5674054
Hosa Hanchinala,15.1946315,75.2160227
Hosahalli,15.1848348,75.703388
Mallikarjunapura,15.0894662,75.750479
Sutagatti,15.1769296,75.058129
Panjimogaru,12.9249573,74.8392071
Shiragunji,14.6309788,74.4228873
Belgod,14.6081084,74.4096158
Ulgadde,14.6554873,74.4132421
Togase,14.6695725,74.496445
Onibail,14.6142524,74.4177702
Melina Kodasani,14.6064868,74.3925253
Janagod,14.5944437,74.3961194
Gundabala,14.6328894,74.4299147
Kuntagani,14.6594212,74.5500511
Akkaragod,14.6673402,74.5312512
Mabage,14.6149192,74.5467306
Kiragar,14.5998421,74.6674839
Kalasa,14.6179052,74.6685653
Huklebail,14.6086156,74.6600284
Malali,14.5746141,74.7626476
Kelaginamalali,14.5750491,74.7716812
Hanumanti,14.5794517,74.7906177
Kolagibees,14.5600869,74.7598795
Chinnapura,14.9159028,74.6563139
Bore,14.9095807,74.3308815
Belabandar,14.6598675,74.286459
Jainapur,16.5388222,75.9338434
Malagondanahalli,13.8336321,76.6453302
Arlahalli,14.0958605,77.2081302
,14.0427272,77.1642496
Rudrayyanaroppa,14.2828181,77.1986986
Ainorahalli,14.0721147,77.3080873
Nagalapura,13.9141933,77.4237496
Gangavara,13.932464,77.4043035
Dasarammanahalli,14.1956012,77.3160138
,13.4319425,78.001568
Todur Colony,14.7795615,74.2078819
Vajralli,14.7849655,74.5537241
Chikkumane,14.8200099,74.6007961
Kaigadi,14.82476,74.6779433
Hoskeri,14.5767819,74.3321038
Harumaskeri,14.5832404,74.3093197
Nadumaskeri,14.590171,74.311727
Kharviwada,14.6319341,74.2849128
Shilva,14.6378629,74.3072509
Bole,14.6492332,74.321136
Gabitawada,14.7191992,74.2745487
Manigadde,14.6324575,74.5683609
,14.6310016,74.5371601
Adlura,14.679655,74.3900084
,13.1858884,77.1603619
Vadageri,14.344809,74.9519076
Kalammana Koppalu,12.5990996,76.2437951
Shegavalu,12.5952596,76.2031435
,12.8437127,77.4521112
,12.8443482,77.4445715
Avalahalli,13.1356316,77.5651737
Gundarlahalli,14.0726213,77.2378035
Gollarahatti,14.0856399,77.222236
,13.9704293,77.3869504
,14.0964299,77.3001244
Gaura Khurd.,17.2498322,76.2914722
Bidarakere,14.0587497,76.7212117
,16.8297891,77.3551303
Drepung Monastery,15.0291049,75.004671
Gaden Monastery,14.9920923,75.0042161
,12.1792825,75.9256458
,12.1777119,76.7766029
,12.1799497,76.7727802
,12.1429068,76.6955997
Hulimavu,12.1597985,76.7332897
Salagundi,16.1901027,75.7052181
Krishnapura,12.9060688,76.782087
Kuppe,12.9209025,76.7892609
,12.1466219,75.7572208
Cherambane,12.3646304,75.6328809
,12.3469307,76.0715953
Pethri,13.4192868,74.8253489
Banasawadi,13.0150607,77.3649316
,13.4743955,76.4240928
,13.4799105,76.3964858
Ramaghatta Palya,13.4963719,76.4214303
Tarikere,13.7880911,76.4404466
,13.6239394,76.3055905
Bommenahalli,13.6599879,76.3240816
Aremallapura,14.6383673,75.7578435
Toravalli,11.984389,76.7311704
Maralapura,11.9468038,76.7099703
ಹಾಲಹಳ್ಳಿ,11.9528025,76.6961461
Kamarahalli,11.9450089,76.6847897
Arepura,11.9634244,76.6626078
Rangupura,11.9696064,76.6476625
Madapattana,11.9179597,76.7028941
Mallammanahundi,11.835053,76.7612
Kelasuru,11.8256546,76.7411907
Channanjayyana Hundi,11.8250666,76.7245824
,11.8431542,76.7100824
Mudaguru,11.8578741,76.7615661
Kaggalada Hundi,11.810064,76.7528543
,11.723872,76.8066714
Karakala Madahalli,11.7246074,76.7784868
Kandegalada Hosahalli,11.781935,76.7245449
Annuru Keri,11.7779465,76.6976504
Hulasagundi,11.8041016,76.6297301
Madarahalli,11.847315,76.6745271
Honnashettara Hundi,11.8193461,76.6276689
Mukhahalli,11.8184744,76.615041
Honnegowdanahalli,11.7586467,76.6191555
Shettahalli,11.7077962,76.7182873
Ranganathapura,11.9816045,76.7109258
Dadadahalli,11.9013549,76.7151637
Savukanahalli,11.8833335,76.6060212
Ammanapura,11.9552136,77.0367023
Kagalawadi Mole,11.9577327,77.0307156
Kolipalya,11.7771069,77.0769502
Kebbepura,11.9989028,76.7409257
Chikka Beguru,11.9855116,76.7456464
Kilalipura,11.9776455,76.7725811
Aralikatte,11.9913887,76.7601947
Bhujaganapura,12.0089064,76.8000564
Benderawadi,12.0054329,76.8214979
Kallahalli,11.985934,76.9208362
Mukahalli,11.993931,77.0288756
,12.0129886,76.9690623
Nadakalamole,12.0249513,76.9888678
Mahantalapura,12.0168503,76.9749096
,12.019904,76.9804564
Yalakkuru,12.0301246,76.9500669
Hosamole,12.0328108,76.9937387
,12.0445628,76.9282069
Linganapura,12.0891738,76.9207879
Alasrikattehundi,12.1780484,76.8633672
Alduru,12.1644512,76.8570747
Jannuru Hosuru,12.120608,76.889154
Ganaganurupura,12.1293772,76.8519973
Venkataiahana Chatra Hosuru,11.8551427,76.954057
Nalluru Mole,11.9479145,77.0385608
,11.965952,77.0455989
Deshigaudanapura,11.9476701,76.8436965
Teramballi,12.1437928,77.0596885
Uttamballi,12.1424765,77.0764899
Bastipura,12.1449938,77.1094918
Surapura,12.1099015,77.0835602
Kunagalli,12.1162794,77.0812427
Kajjihundi,12.1324647,77.0010769
Uppina Mole,12.115566,77.026869
Chilakavadi,12.1167199,77.0099818
,12.1208739,76.9889962
Tagarapura,12.1185294,76.9956481
Alahalli,12.1133238,76.9869899
Malligahalli,12.1114357,76.9946932
Ganigamangala,12.252775,77.3480978
Gundapura,12.1349779,77.2497047
Mariyapura,12.1896395,77.2482643
Yadakuria,12.2408174,77.1325458
Jakkalli,12.096332,77.1301204
Lakkarasanapalya,12.1377195,77.127685
Kempanepalya,12.1322127,77.1264833
Thimmarajepura,12.1247548,77.1324271
Siddalyanapura,12.1587281,77.1258181
Harale,12.1881248,77.1123856
Dasanapura,12.1866357,77.0997954
Anagalli,12.1797325,77.1039528
Uppalageri,12.1668432,77.0985884
Hosa Hampapura,12.1616779,77.0876664
Shankanapura,12.1551962,77.0889324
Goblipura,12.1479277,77.0479483
Mulluru,12.1590034,77.0636767
Hale Hampapura,12.172344,77.0773453
Ikkadahalli,12.1702882,77.2136399
Chennalinganahalli,12.0874959,77.2383592
Naganatta,12.1352648,77.3628271
Anagalli,12.1422767,77.3771393
Pushapura,12.1892519,77.3986131
Doddalaturu,12.0398834,77.4185703
Palanimedu,12.0222785,77.413973
Oddaradoddi,12.011609,77.5019817
Hale Martalli,11.9914546,77.4976472
Sulavadi,11.983956,77.4793626
Sandanapalya,11.9718708,77.4720616
Gajanuru,11.8136716,77.3330378
Minya,11.8194474,77.3546779
Gopichettipalya,11.8510757,77.4606841
Peddanapalya,11.8722379,77.4615049
Dinnalli,11.9317627,77.3444104
Venkashettidoddi,11.851917,77.2637027
Hosapalya,11.8151917,77.2478347
,11.8319989,77.2499161
Kottekoppa,12.3689618,77.4827577
Kanakana Basapura,14.6794282,76.0561104
Kumbarakoppa,15.4753852,74.7875626
Hosawala,15.5187347,74.8675756
Madikoppa,15.5230754,74.8542707
Chinchewadi,15.4263726,74.5419415
Tinaighat,15.4475919,74.4019516
Astoli,15.432399,74.4742597
Jalakatti,15.436424,74.341912
Mundwad,15.4341281,74.5238945
Gudnapura,14.5576809,74.9866285
Shanavalli,14.5834827,75.0770364
Somapura,14.7156534,75.2221112
,14.7248627,75.2300935
Virapura,14.7318771,75.2197509
Baluru,14.7178818,75.1490532
Yallapura,14.6975631,75.1742552
Kondoji Wadageri,14.6810358,75.1738636
Yattinahalli,14.6993766,75.191813
Kondoji,14.6808101,75.168113
Hosamuttagi,14.4002306,75.2975907
Manchikoppa,14.3883187,75.2847885
Shirinayakanakoppa,14.4916103,75.1791023
,14.3826117,75.0050232
Shadalakoppa,14.2888389,75.2245065
Jiralekoppa,14.3445855,75.2034244
Bilavani,14.3861311,75.2106764
Gollarahatti,14.4080569,76.2046402
Aitolu,14.2856272,76.3505209
Hirekabbigere Gollarahatti,14.3323559,76.2873455
Kallenahalli,14.2991066,76.4255517
Tirumalapura,14.1552947,76.253634
,14.1174497,76.3373458
Ganjigatti,14.1632899,76.3339152
Mallapura Gollarahatti,14.2625399,76.4044868
Malappanahatti,14.2175192,76.3729441
Katanahalli,14.2225373,76.3360798
Benakanahalli,14.1907683,76.3104486
Kelagote,14.2437804,76.526975
,14.2442536,76.5611141
Bidaragaddi,14.2122518,75.6905007
Benakanahalli,14.1429926,75.8155444
Diggenahalli,14.0114684,75.9285137
Gullahalli,14.0660753,75.9552821
Hirevuda Tanda,14.0854019,75.9461599
Hirevuda,14.1002928,75.9415465
Yaraganahal,13.8450396,75.5767081
Machenahalli,13.886084,75.6483612
Hole Benavalli,13.939343,75.6268526
Karadiga,13.8031151,75.2096792
Gundibailu,13.8454802,75.2361204
Hullatti,13.8140158,75.2694093
,13.8162284,75.2930838
Kannangi,13.7967647,75.3684606
Hirebailu,13.7552584,75.3516941
Neelikeri,14.2111917,74.4574989
Chattanahalli,13.687627,75.908898
Hogarehalli,13.5747535,75.8892481
Maradihalli,13.4994356,76.0158407
Pattanagere,13.5008335,75.9994256
Chikkangala,13.5437797,75.9685158
Lakshmipura,13.4975369,75.9586345
,13.4889612,75.966767
Kamsagara,13.5097009,75.9800278
Channapura,13.504151,75.9823453
Saraswatipura,13.510911,75.9652006
Kanakatte,13.8657602,75.724152
Mattigatta,13.9318259,75.7004252
Belagalu,13.9679882,75.6898359
Nagati Belagalu Tanda,13.9232088,75.7273063
Nagati Belagalu,13.9280902,75.7193965
Aradotlu,13.9426763,75.722414
Kallahalli,13.9549005,75.7133159
Nanjapura,13.8190376,75.6731281
Siriyuru Tanda,13.8529545,75.6545699
Hosa Siddapura,13.8341905,75.6749842
Kadadakatte,13.8541134,75.6815449
,13.8742324,75.6756601
Bullapura,13.8214325,75.6869133
Bommanakatte,13.8117851,75.6788077
Tarikatte,13.7819052,75.6780808
Hosakoppa,13.9886681,75.7070847
Vaderahatti,13.9487072,75.7402167
Bedarahosahalli (New),13.9806713,75.6387863
Hakkipikki Camp,13.9296367,75.6675833
Chikkamaradi,13.9343148,75.6587562
Shettihalli Hosuru,13.9234172,75.6877187
Gudrukoppa,13.9157891,75.6951591
Lingadahalli,13.7789255,76.944822
,13.924899,77.0262029
Viraganahalli,13.8692371,76.8988892
Manangi,13.7699588,76.8569474
,13.7684583,76.8483215
Dasarahalli,13.8055018,76.9466795
Gollarahalli,14.0150973,76.3587439
Devagondanahalli,13.6624416,76.9869805
Bhasmangi Kaval,13.7490928,77.0396299
Singravutanahalli,13.763229,77.0461236
Kittagali,13.7502756,77.0510964
Basavanahalli,13.758352,77.0257656
Balenahalli,13.6501736,76.9361746
Ajjaiyanapalya,13.5710807,76.9636994
Hanumantapura,13.7084424,77.5899754
Bachareddihalli,13.6491268,77.6315872
Vaddenahall,13.6401343,77.6154215
Kengenahalli,13.5839615,77.5581322
Gundlahalli,13.5721324,77.5912743
Addekoppa,13.4827632,77.6034978
Sadenahalli,13.4754912,77.6015103
Gidaganahalli,13.5147804,77.5912267
Bisalahalli,13.5466577,77.5679075
Jakkenahalli,13.5803531,77.5678847
,13.588152,77.4765403
Dimmagattanahalli,13.5776606,77.4794639
Reddydyavarahalli,13.5347414,77.5081689
,13.5294872,77.4915952
Laxmipura,13.9401931,76.7018628
Mailaganahalli,13.5304689,77.6031813
Biramangala,13.5594446,77.5569212
Jekkanahalli,13.6488433,77.4475799
Kadirenahalli,13.6887605,77.6234953
Siddenahalli,13.6027982,77.5748239
Saragondlu,13.5973548,77.5974671
Chinnagenahalli,13.4895348,77.5685207
Honnappanahalli,13.4980218,77.5826948
Navanagere,14.5701503,74.9541231
Motihalli,13.5856089,76.4405278
Kadalamage,13.5041212,76.3791052
Kumbaragatte Palya,13.5152834,76.3791159
Gundappa Chikkenahalli,13.9028203,76.8844544
Huchigaranahalli,13.8378844,76.9251878
Hosahalli,14.1567127,75.8579206
Mudiajjanahalli,13.8184135,76.6472298
Mundkuru,13.1247263,74.8704478
Kottigere,13.566989,76.1907851
Sanehalli,13.5655289,76.1372482
Patenahalli,13.5648822,76.1576544
Naganahalli,13.8967221,76.4405002
Timmanahalli,13.8932956,76.4433755
Kenchikoppa,13.691872,75.6523994
Mudugodu,13.7035517,75.6973639
Kesarukoppa,13.708237,75.6817749
Dasarahalli,13.6205672,76.0430472
Chinnapura,13.715558,76.0759923
Sautanahalli,13.7221451,76.0707566
Mallenahalli,13.7093875,76.0036317
Kallashettihalli,13.7361475,75.9684357
Karugunda,13.6433352,75.4980124
Mallenahalli,13.5385429,76.2297178
Bidare,13.5392679,76.2185544
Madapura,13.5938975,76.1061806
Garagadahalli,13.7768502,76.1040236
Heggadehalli,13.7653005,76.1242394
Nagodanahalli,13.5961297,76.0783469
Pirumenahalli,13.7349019,75.7836017
Rangapura,13.7220668,75.814313
Uppara Basavanahalli,13.7110759,75.8304974
Vaderapura,13.1783254,77.0589155
Honnenahalli,13.169613,77.081489
Beguru,13.1884267,77.1104568
,13.200669,77.0862526
Mulakunte,13.203719,77.1054357
Banavara,13.230405,77.0860594
Cholenahalli,13.2590462,77.0762962
Chikkasarangi,13.2650194,77.0639151
Shettappanahalli,13.2514228,77.0620269
Dommanakuppe,13.2429741,77.0473927
Ajjanahatti,13.7334212,76.4685485
Halasina Nagenahalli,13.3764763,76.8577514
Somalapura,13.3901651,76.8782113
Hosahalli,13.3362614,76.740571
Taggihalli,13.3086735,76.7785297
Bandanahalli,13.4016561,76.8051586
Haradagere,13.4159696,76.7910502
Sagasandra,13.4024441,76.8334613
Badakanahalli,13.8092774,76.8410599
Chikkagula,13.6752751,76.9658579
Kembalalu,13.1902643,77.0243046
Doddagollahalli,13.1525129,76.9846401
Kuduvanakunte,13.1361204,76.9851122
Rayavara,13.1595635,77.0180202
Bommanahalli,13.2018131,76.9873465
Ragimuddanahalli,13.1940482,76.9845076
Sirivara,13.2196791,76.9963694
Kodimuddanahalli,13.2056047,77.0172638
Rayapura,13.2047299,77.0087988
Timmasandra,13.170692,77.0088739
Kanakuppe,13.1766099,76.9998187
Habbattanahalli,13.326028,77.0102617
Kunkumanahalli,13.3248744,77.0487675
Adalapura,13.2991071,77.0231685
Kottihalli Kavalu,13.3157392,77.0308611
Halanuru,13.3053247,77.0110664
Hosahalli,13.2823746,77.0390418
Kambhattanahalli,13.3072849,77.0555911
Doddasarangi,13.2918112,77.0431242
Sarangipalya,13.2934192,77.0370946
Makanahalli,13.2534359,77.0110128
Karadigere,13.2704523,77.0239517
Konanakallu,13.3816232,76.951456
Ainapura,13.2342736,77.1600539
Haraluru,13.252491,77.1669338
Nagenahalli,13.2152088,77.0443541
Katenahalli,13.4663526,77.0659398
Batsandra,13.4956778,77.0558064
Kempana Dodderi,13.4886592,77.0575177
Rangapura,13.3879056,77.0991477
Maralenahalli,13.3886739,77.0873384
,13.3174592,77.2663449
Kuruvelu,13.3137096,77.2389715
Hikkallu,13.3178701,77.2402375
Kodagihalli,13.3237688,77.2272932
Aregujjanahalli,13.3341825,77.2129916
Kesarumadu,13.2909632,77.1374349
Machanahalli,13.2835549,77.1576052
Hettenahalli,13.2924179,77.069835
Gulaharavi,13.302076,77.1059268
Kaidala,13.3009902,77.0801776
Palasandra,13.2862226,77.1204557
Mudalakodi,13.2891097,77.1135893
Sankapura,13.2864158,77.105607
Kittaganahalli,13.2791918,77.1092674
Gauripura,13.2750202,77.1386966
Manchagondanahalli,13.2820529,77.1294645
Honnenahalli,13.2641053,77.1121964
Holakallu,13.2463365,77.1158067
Naruganahalli,13.2450337,77.0962695
Virupasandra,13.2171429,77.096425
Viranayakanahalli,13.2216249,77.114487
Hullenahalli,13.2312388,77.1081302
,13.1563724,77.0761851
Dasarahalli,13.1663414,77.0504895
Bidanagere,13.1694728,77.0928791
Tondagere,13.1587987,77.1049276
Varadanahalli,13.2036605,77.1548489
Sasalu,13.2120243,77.1501711
Yallapura,13.2660613,77.0560712
Vaddarahalli,13.2625056,77.086584
Muganahunase,13.4247003,76.8849641
Bidarehalli Kaval,13.3355057,76.8178016
Kodimallenahalli,13.2802559,76.8321246
Donnere,13.2936473,76.8276507
Kari Ramanahalli,13.911978,76.9574844
Ramanahalli,13.1897149,77.143432
Manangi,13.2710874,77.100329
Cholamballi,13.234889,77.1360694
Bhairasandra,13.2658381,77.1584592
,14.3218819,77.1525539
Srirangapura Thanda,14.1375664,77.3520244
Taggihalli,13.6627285,77.3216414
Hale Timmanahalli,13.6882273,77.2911501
Muddenahalli,13.7027841,77.2767949
Sanjivapura,13.6980648,77.28158
Gundlahalli,13.6686265,77.1774566
Gurammanakatte,13.6597755,77.1975625
Maritimmanahalli,13.6935148,77.1779448
Pujarahalli,13.6375475,77.0981598
Vithalapura,13.7345344,77.1344608
Kotagaralahalli,13.733388,77.108261
Jivagondanahalli,13.7467071,77.1324599
Pulumaghatta,13.7500836,77.0927525
Chaulahalli,13.8277308,77.3057091
Battagere,13.626081,77.3233822
Shingaragondanahalli,13.6300692,77.3077986
Sunnavadi,13.6110084,77.2903642
Keregalapalya,13.6188342,77.2347727
Palavalli Thanda,14.1726478,77.2939163
Megalapalya Tanda,14.2545951,77.1594571
Bankahalli,11.8865548,76.4696842
Hadanuru,11.9085174,76.4848548
Telagumasahalli,11.9166937,76.3649505
Singapattana,11.9351269,76.3216812
Mushkare,12.1840352,76.2989126
Rajegaudanahundi,12.17639,76.2691615
Malara,12.1103894,76.3642619
,12.0660966,76.4215217
Chamegowdana Hundi,11.9972668,76.427782
Huvinakola,12.0242652,76.4420031
Nitturu,12.1261032,76.0716822
Manchalli,11.9586026,76.0075399
Chokandalli,12.2049041,75.8401969
Maggula,12.2007462,75.8179131
Mallayyanapura,11.7892801,76.6498722
Vaddana Hosahalli,11.7725701,76.6805621
Hangalada Hosahalli,11.7327287,76.612434
Katnavadi,12.1150836,77.0458355
Shivakalli,12.0888891,77.0822385
Kote,12.2450269,77.1458804
Buditittu,12.1228649,77.0894497
Kanchanahalli,12.0324717,77.3448055
Kurubaradoddi,12.0373667,77.3554941
Pudunagara,12.0678259,77.4134808
,12.0494044,77.4402948
,12.0264748,77.4019299
Yapalparvi,15.90971,76.8926052
Tadkal,15.9445995,76.8409589
Ponnachi,12.1128036,77.6005905
Asturu,12.1275259,77.6021113
Maruru,12.1068925,77.6229628
Balagunase,12.2398121,77.2952558
Dodda Malapura,12.0575932,77.2361793
Andipalya,11.948815,77.252235
Chakahalli,12.0935306,76.3035282
Hirehalli A Colony,12.0708854,76.261903
Hirehalli B,12.0484704,76.2607034
Taraka,12.0320701,76.2633668
Tumneralekaval,12.1877585,76.7955565
Haniyamballi,12.1362622,76.7698395
Kahalli,12.1624521,76.8409717
Hadya,12.1107411,76.8556353
Chikkahomma,12.0217287,76.9052427
Chinnamballi,12.092834,76.8300712
Kakkarahatti,12.0733205,76.8195247
Varahalli,12.0758385,76.8039143
Viradevanapura,12.0778843,76.7353811
Devirammanahalli Hundi,12.101473,76.6614192
Katvadipura,12.144711,76.6727811
,12.1273726,76.6630446
Chamalapura,12.1302047,76.6733175
Kallahalli,12.1367133,76.6552501
Handuvinahalli,12.1173655,76.6490891
Byalaru,12.1156662,76.6281142
Byalaru Hundi,12.0391221,76.6291586
Haratale,12.0891369,76.6251514
Kottanahalli,11.9276754,76.5671272
Devarayashettipura,11.9331864,76.5484537
Kellupura,11.9746568,76.5549392
Kaggaluru,12.0402921,76.5520129
,12.0575522,76.5527801
Madanahalli,12.0923655,76.4879444
Allayanapura,12.0571002,76.4437823
Jalahalli,11.9917786,76.5066292
Ballura Hundi,11.9024854,76.5293797
Naganapura,11.9067949,76.5322751
Venkatachalapura,11.9159161,76.4951947
Chilkahalli,11.9502137,76.4953502
Horalavadi,12.1348646,76.7311164
Baguru,11.9988604,76.7071307
Taradele,11.9998416,76.7215235
Mallahalli,12.0158818,76.7355246
Vaddarahundi,12.0057912,76.8450526
Ishvaragaudanahalli,12.2008827,76.859546
,12.1539095,76.7137625
Makanapura,12.0058181,76.5990934
Depegaudanapura,11.9859756,76.5863234
Kodagapura,11.9344917,76.7229297
Shambudevanapura,12.1991139,76.9958714
,12.2231611,76.8637646
Biligerehundi,12.2231113,76.8812177
Helavarahundi,12.2036965,76.8910399
Jayapura,12.1617135,77.0148909
Tadimalingi,12.1682239,77.0203224
Mangipachana Hundi,12.1584281,77.0239058
,12.1782756,76.9703562
Kebbehundi,12.2582265,76.910108
Butagahalli,12.3681726,76.8545326
Kattekoppalu,12.3604434,76.9294572
,12.270129,76.840174
Bommanayakanahalli,12.2640825,76.8278492
Megalahundi,12.2651125,76.8953738
Kullana Koppalu,12.286554,76.8934292
Sonahalli,12.129118,76.8045784
Karalapura,12.0841478,76.6544779
Belale,12.1146279,76.5726062
Hallikere Hundi,12.1466434,76.6074614
Maratikyatanahalli,12.2961166,76.570214
Chuncharayana Hundi,12.1725692,76.4737549
Kongara Nanjayyana Hundi,12.2073767,76.6648677
Kumbarahalli Matha,12.2119651,76.7124521
Rayanahundi,12.2161064,76.7204914
Uttanahalli,12.2568364,76.686082
,12.3221899,76.7164888
Naganahalli Hosa Badavane,12.3842065,76.6465435
Gopalapura,11.7532365,76.5981449
Viranahosahalli,12.1818524,76.208968
Mudaganuru,12.1985161,76.1689173
Kolavige,12.1955746,76.1584942
Madahalli,12.23097,76.2271097
Haralahalli,12.2396464,76.2289443
Ayyanakere Hadi,12.234243,76.113664
Hindagudlu,12.2259091,76.1967984
Dasanapura,12.2167053,76.1953044
Hosuru,12.2313117,76.2041771
Kiranguru,12.2372725,76.2029594
Vaddarahalli,12.3729603,76.4655613
Chikkakadanahalli,12.3492366,76.5045278
Harave Mallarajapattana,12.3544557,76.0965211
Asvalu,12.3756881,76.1282034
,12.3895469,76.1455948
Borehosahalli,12.3285548,76.1766494
Naviluru,12.3723713,75.9926472
Aralikumari,12.4239733,75.9701274
Doddahosuru,12.4372586,75.9476397
Giriguru,12.4444379,75.9642587
Guddenahalli,12.435446,75.9759746
Mudalu Koppalu,12.4919993,76.2183015
Tarikallu,12.4778723,76.0484506
Galaganakere,12.4689838,76.2170435
Bavalalu,12.4534949,76.20021
Malanayakanahalli,12.5312529,76.2984858
Dodda Koppalu,12.4842748,76.260381
Sale Koppalu,12.4882867,76.2700531
Kodiyala,12.5670218,76.3299522
Narachanahalli,12.5546464,76.3278708
Hanumanahalli,12.5517482,76.3393828
Katnalu,12.4712577,76.3807693
Gaudena Halli,12.4392735,76.3104096
Madahalli,12.4095408,76.2965158
Aichanahalli,12.4239269,76.2811521
Kanchugara Koppalu,12.4625994,76.3138482
Shrirampura,12.4904171,76.3063165
Kamanakere Hundi,12.3529298,76.6907431
Kalisiddana Hundi,12.3519709,76.7140381
Gumachanahalli,12.1935237,76.4876495
Baradanapura,12.2115191,76.5526019
Kalluru Naganahalli,12.407244,76.5132188
Hosakote,12.4074156,76.4888361
Kakotu Parambu,12.256227,75.7590747
,11.7390014,76.7664102
Megadahalli,12.2250322,76.9349265
,12.2255198,76.9436222
Kebbehundi,12.229022,76.9517708
Senapatihalli,12.3092177,76.8643576
Nagartahalli,12.2508229,76.5830594
Yadahalli,12.2467103,76.5920716
Birihundi,12.2755652,76.5408548
,12.2215636,76.816248
Maranapura,12.2345627,77.0131976
Hosa Kukkuru,12.1991676,77.0572556
Nagalagere,12.2792454,76.9362397
Chauhalli,12.1986551,76.9227173
Hallada Koppalu,12.4427482,76.9534944
,12.4256232,76.9502757
Balihonniga,12.4387185,77.2559453
Konnapura,12.4359525,77.2341121
Hagaduru,12.4169935,77.2350241
,12.4202862,77.24111
Kempayyanadoddi,12.4166058,77.2696568
Dalavayi Kodihalli,12.4257345,77.2627662
Huskuru,12.4260856,77.1159152
Sahalli,12.4121815,77.1099178
Banduru,12.3962701,77.0035039
Maganuru,12.3952484,77.0379488
Sasiyalapura,12.3929352,77.0172582
Tigadahalli,12.2706261,77.0648145
Annekoppalu,12.3577433,77.0829389
Marehalli,12.3738195,77.0660464
Vaddarahalli,12.3573136,77.0966504
Appajayyana Doddi,12.4527019,77.1362777
Srinivasapura Agrahara,12.4303101,76.7111904
Jakkanahalli,12.4704682,76.7917039
Channanakere,12.4607623,76.7913445
,12.3847801,76.7713423
Chaluvarasina Koppalu,12.4355655,76.6385114
Kalegaudana Koppalu,12.5637319,76.5997535
Chittanahalli,12.6205306,76.6511071
Valalekattekoppalu,12.5400904,76.5499234
Lalanakatte,13.1936124,76.7239721
Koppa,13.2083547,76.7200287
Kallaboranahalli,13.2071356,76.7232315
Soppanahalli,13.1945368,76.7474018
Kadahemmige,12.8221792,76.3744426
Mayigonahalli,12.865412,76.6901493
Hullenahalli,12.7684965,76.816889
Haralakere,12.7843273,76.7925346
ಬಾಳನಕೊಪ್ಪಲು,12.8033873,76.7156383
Tandasanahalli,12.5259883,76.8519294
Bettageri,14.3619377,74.4095404
Danayakanapura,12.6187507,76.9756758
Hucchalagere,12.5349063,76.9900203
,12.5034956,77.1021366
Chunchagahalli,12.5285071,77.0794451
Hullenahalli,12.583455,76.9874829
Kodihalli,12.6877131,77.0179903
Kanchanahalli,12.4842953,77.2423625
Guruvinapura,12.4849343,77.2304749
Muradi Hosahalli,12.5511705,77.3545271
Melekote,12.5570664,77.4151933
Hosahalli,12.5317486,77.0392281
Gabballikavalu,12.5846802,76.0422563
Konapura,12.6577473,76.0728443
Chikkahalli,12.6476716,76.0644194
Hirehalli,12.642275,76.0726404
Kerehosahalli,12.6313664,76.0389519
Banugondi,12.6030353,76.039381
Madapura,12.5850571,76.0297787
Kuppahalli,12.6215566,76.2964547
Mudiguppe,12.6178896,76.303179
Singanakuppe,12.6438872,76.2645471
Channahalli,12.9528276,75.9386372
Rangenahalli,12.9685109,75.9067726
Honnavalli,12.9441073,75.9226084
Chigaluru,12.9346966,75.9276831
Nidanuru,12.9381263,75.9101844
Kuradahalli,13.0274816,76.3769531
Dyavanuru,13.0342444,76.3902676
Yachanagatta,13.0876191,76.4850676
Gonamakanahalli,12.92951,78.2776093
Surapalli,12.9262945,78.280651
Banahalli,12.9212699,78.1524682
Kadirenahalli,12.9578882,78.1719303
Toraganadoddi,12.9659755,78.1296694
Abbigiri Hosahalli,12.960293,78.1391001
Hulibele,12.9697864,78.1428015
Ainorahosahalli,12.9946893,78.1576395
Gunduru,12.8764674,77.8380918
Siddanapura,12.874067,77.8533053
Dodduru,12.8462337,78.1350821
Gullahalli,12.8517463,78.1278348
Yaragola,12.8191454,78.1681001
Karadaguru,12.9381681,78.4031367
Chikka Kallahalli,12.8750973,78.2968676
Buchepali,12.9411743,78.3314574
Biranakuppa,12.94331,78.3160695
Nachandlahalli,12.9356099,78.3241287
Reddihalli,13.0025193,78.2830274
Krushnarajapura,12.9950134,78.2660973
Harjenahalli,13.2136052,77.9898941
Holerahalli,13.2192975,78.0114806
Hullankallu,13.2200078,78.0159008
Singahalli,13.189487,78.0037236
Girijampete,13.205855,78.0449223
Tokalagatta,13.2129367,78.0333566
Shettihalli,13.2086961,78.0481839
Urigili,13.199003,78.0708646
Baipanahalli,13.1942398,78.0939102
Toradevandahalli,13.2010398,78.1481337
Biramana Halli,13.1930124,78.1438315
Yalachipura,13.1641964,78.1636906
Yalavara,13.1769413,78.1676387
Hodalavadi,13.1601481,78.143574
Huhalli,13.1704644,78.1103468
Tirumanahalli,13.0754235,78.4254741
Sunnanguru,13.0599246,78.399387
Belapanahalli,13.0527236,78.3814859
Madivala,13.21595,77.9652742
Siddanahalli,13.2177361,78.4879965
Mallekuppa,13.1879097,78.5110795
Amblikal,13.2288332,78.4476614
Kottamangala,13.1686885,78.3199668
Banahalli,13.1804616,78.3182073
,13.2930039,78.188206
Chaldiganahalli,13.3041447,78.1933879
,13.3037688,78.155837
Arikere,13.2982977,78.2510233
,13.3177592,78.1554294
Channayyagaripalli,13.3545167,78.3787393
Hosahalli,13.3120379,78.2984018
Haralakunte,13.2685594,78.3128858
Gottikunte,13.3020147,78.2952261
Gundamanatta,13.2963348,78.2057905
Ketaganahalli,13.3150134,78.2280689
Doddabandarlapalli,13.4569197,78.2452083
Kurapalli,13.4547807,78.2315075
Kussandra,13.4311874,78.2573533
Kodipalli,13.4978499,78.2267546
Mallaganahalli,13.3041446,78.317129
Mudivarapalli,13.5303344,78.3124888
Yagavachintapalli,13.5252858,78.2746911
Diguvachintapalli,13.5304179,78.2746267
Patturu,13.5546949,78.2903552
Nadugaddi,16.0369073,76.8560132
Nagarhalli,16.7695607,76.487358
Medihalli,12.7145618,77.6773417
Krishnadoddi,12.7526726,77.6125583
Surajakkanahalli,12.7391813,77.6673585
Hennagara,12.7883084,77.6733345
Kambalipura,12.7607848,77.7430772
Kempavaderahalli,12.7397987,77.6878399
,12.9853693,77.4015999
Metipalya,12.9939026,77.4029195
,12.9107812,77.3732811
Kalakabandi,15.691312,76.1337344
Bugadihalli,13.2740521,77.2445941
Makenahalli,13.2977286,77.2360378
Guddegaudana Channohalli,13.1946367,77.3502302
Tippashettihalli,13.2231463,77.3014033
Tavarekere,13.2327079,77.3012799
Honnarayanahalli,13.1148611,77.2979593
,13.0186333,75.983149
Anatihalli,12.8233926,77.0427096
Kadaboranahalli,12.8164411,77.1047383
Siddaramayyana Palya,12.9247521,77.1073186
Lakshmipura,12.8687485,76.996243
Kichchavadi,12.8668789,77.012516
,12.7874871,77.1421766
Herohalli,12.8778323,77.1017182
Nilasandra,12.8762478,77.1107197
Madalagatte,15.7561093,76.1806524
Bidanagere,13.0230183,77.058835
Alkere,13.0139241,77.1031988
Hosahalli,13.0179172,77.0909571
Kallanaykanahalli,13.0201124,77.0836401
Yaliyuru,13.0056554,77.0817518
Bairanayakanahalli,12.9914903,77.0621395
Hanumapura,12.99793,77.0258546
Basavanamattikere,12.981245,76.9687772
Jodihosahalli,12.9265403,77.143212
Yadehalli,12.9222424,77.1192384
Nanjegaudanapalya,12.9102217,77.0484093
Kempanahalli,12.9257089,77.0301139
Kadarapura,12.9321504,77.0395714
Arepalya,12.9374309,77.039322
Singonahalli,12.8762792,77.0501017
Doddakallahalli,12.8493038,76.9076228
Gujjenahalli,12.9577366,77.0595539
Gantiganahalli,12.9545999,77.0638668
Hosakere,12.9458378,77.0671284
Kadaramanahalli,12.9384818,77.0642531
Sinappanahalli,12.9408188,77.0747137
,13.087849,77.0164078
Arepalya,13.0762073,77.0439166
Yalachavadi,12.9362912,77.1209791
Kodipalya,13.0314549,76.9394606
Singonahalli Agrahara,12.9913858,76.9168925
Mantya,12.96826,76.9096076
Jaladigere,12.9926612,76.8628192
Biraganahalli,12.9838586,76.8624651
Kodipalya,13.0345266,76.8584418
Tuvvekere,13.0277952,76.9362634
Manavalli,13.0044741,76.9008315
Sankenapura,12.9727766,76.9331467
Hosahalli,12.949189,76.938951
Chinnahalli,12.9326261,76.9193172
Puttanapalya,12.9120465,76.9522655
Handalagere,12.8959466,76.948666
Kachchonahalli,12.8973428,76.9257331
Bettahalli,12.8899383,76.9098758
,12.9795853,77.0589007
Ittigehalli,13.070381,76.8852371
Kempanahalli,12.8438592,77.1447247
Mavinahalli,13.0942444,76.5796852
Dasihalli,13.0839511,76.7904478
,13.0316522,76.6227883
Vadakeghatta,13.0266976,76.6431355
Vithaladevarahalli,13.1183511,76.6161203
Muddanahalli,13.1110002,76.5355602
Ayarahalli,13.1727,76.7985749
D. Kalkere,13.1687303,76.7856038
Bhuvanahalli,13.1890012,76.6321546
Mallaghatta,13.1829896,76.6097957
Mavinahalli,13.2095526,76.6391873
Shriramapura,13.1827075,76.7024821
Chandrapura,13.1263757,76.5849262
Rayasandra,13.210033,76.7026377
Chimmanahalli,13.194292,76.7779702
Sampige Hosahalli,13.2194333,76.8036174
Vadavanaghatta,13.133585,76.7866123
Siddarahalli,13.702197,75.7549703
,13.3031841,76.3765669
,13.2701519,76.6844201
Chakenahalli,13.2123831,76.9240379
,13.2042465,76.974147
Mattighatta,13.2097406,76.8252253
Bochihalli,13.1751027,76.8075442
Benakanagondi,13.1824777,76.837821
Kallahalli,13.1577714,76.8495637
Dwaranahalli,13.1430875,76.7192405
Naduvapalya,13.2928056,76.9374704
Bommarasanahalli,13.3706753,76.8049371
Chokkenahalli,13.2930039,77.1601152
Ayyanapalya,13.3206198,77.1803445
Janapanahalli,13.3399699,77.1816105
Kadaranahalli,13.3351417,77.1948123
Bommanahalli,13.4544989,77.0536047
Ajjagonahalli,13.4429478,77.0552623
Kelasegaudana Palya,13.4058072,77.0607877
Benachanamaradi,15.7844383,74.6687722
Chinivaranahalli,13.4442939,77.1833324
Timmanayakanahalli,13.3925994,77.1992272
Gundanapalya,13.3549656,77.2618675
Dananayakanapura,13.2911558,77.2066354
Nandihalli,13.2675779,77.2042429
Panditanahalli,13.2965279,77.1811652
Chikka Koratagere,13.1972794,77.1953809
Bommanahalli,13.1901921,77.1720993
Maskal,13.2050299,77.1777213
Cholapura,13.1921715,77.0356071
D. Rampura,13.2923357,76.8139601
Galaga,13.2184724,76.97927
,13.1547522,76.8627977
Anupanahalli,13.1960939,77.1254611
,13.3967638,77.0980918
Mutsandra,13.3698455,77.1379816
Lakshmanasandra,13.3143269,77.0561743
Duggenahalli,13.5275598,77.3130655
Bidaloti,13.519173,77.2809648
Kyamenahalli,13.5175665,77.295599
Kambadahalli,13.4816372,77.3049009
Timmanahalli,13.4920076,77.2847521
Chikkavalli,13.494887,77.2905028
Honnaranahalli,13.5037755,77.2911787
Shingalikapura,13.4350589,77.3167509
Vengalammanahalli,13.4206578,77.32005
Bairagondlu,13.4099296,77.3357892
Sunkadahalli,13.3823761,77.3339438
,13.440193,77.2135395
Duddanahalli,13.4400469,77.285133
Gidda Chikkanahalli,13.5753767,77.356056
Madenahalli,13.5837564,77.3585987
Agrahara,13.5890437,77.3529875
Rayavara,13.591072,77.3243496
Reddihalli,13.5912128,77.3073363
Yadagere,13.5762893,77.2856426
Kattinagenahalli,13.5550965,77.2881746
Vaddagere,13.5672158,77.2723174
Buragonahalli,13.5539284,77.2701072
Malapanahalli,13.5577457,77.2715449
Chilaganahalli,13.5677373,77.287209
Kereyagalahalli,13.4734575,77.2491646
Baichenahalli,13.3986894,77.2444868
Dinkanahalli,13.5722897,76.4490241
Kallenahalli,13.4344954,76.5676904
Kengalapura,13.4749599,76.430254
Kankere,13.4805574,76.4555258
Tumbuganahalli,13.4865982,77.2882819
Gollarahatti,13.7926763,76.7907643
Jayanagara,13.7651465,76.8318128
Panjiganahalli,13.763771,76.8419408
,13.6749015,76.9098759
Kanchiganahalli,13.6640127,76.9057774
Byadarahalli,13.5110257,76.9344985
Obalapura,13.8156397,77.3956132
Dadagondanahalli,13.7787555,77.3153829
Huvinahalli,13.7704818,77.2937107
Sadarahalli,13.7948228,77.2810506
Tippagondanahalli,13.7785367,77.2009063
Nilihalli,13.7893004,77.2060776
Galihalli,13.7691167,77.197516
Chandrabhavi,13.894421,77.241472
Gollarahatti,13.8494086,77.1676469
Kempapura,13.6971103,77.3415613
Chikkatimmanahalli,13.6145817,77.0975017
Madenahalli,13.6337256,77.0883393
Virannanahalli,13.6344241,77.0492971
Borakunte,13.6086224,77.0478219
Virapura,13.7031873,77.3438626
Venkatapura,13.7065957,77.3552513
,13.7650215,77.2653436
Gollarahatti,13.7560386,77.2546792
Shobenahalli,13.7668222,77.2382935
Narappanahalli,13.8794543,77.2148403
Dandapalya,14.1115633,77.2131156
Yarrapalya,14.1230502,77.2276211
Gaudatimmanahalli,14.1206363,77.2350669
Reddivarehalli,14.2140925,77.4628401
Ramayyanapalya,14.1084105,77.1385181
Hosur,16.3113039,75.9164329
Nagasampagi,16.3014172,75.9366118
Chitaginakoppa,16.2642008,75.9568976
Devalapura,16.2482086,75.9607074
Kotanalli,16.0224525,75.8463999
Kataginahalli,16.017192,75.8418271
Lakkasakoppa,16.0609429,75.6223604
Hangaragi,16.0608231,75.6587088
Akkivata,16.3102359,74.4916397
Kagihal Tanda,15.8489115,74.9987825
Kunabenchi,16.0318288,75.9259658
Madapur,16.0978944,75.9479244
Kootaranatti,15.9587648,74.8747876
Nayanagara,15.7679509,74.8688335
Inam Budihal,16.1224553,75.9182771
Nagadenahalli,13.361187,78.0176067
Narayanahalli,13.3788691,78.0261469
Vaddahalli,13.3860605,78.0102146
Chokkahalli,13.4228494,78.0385923
Shinganahalli,13.3593916,78.1378126
Brahmanadinne Jodi,13.3481595,78.0783319
Kachihalli,13.3583947,78.0769157
Nernakallu,13.3095947,78.0213833
Kariyapalli,13.5968545,78.1099605
Phasalanaykanahalli,13.507711,78.1562743
Naravamakalahalli,13.5087516,78.1323409
Devaganahalli,13.5653803,77.96628
Siddhapura,13.4529442,77.9345655
Marihalli,13.497829,77.9084086
Amurutimmanahalli,13.5527915,77.8551292
Dyavarahalli,13.5575788,77.8674245
Ammagarahalli,13.5512269,77.8622264
Hanumantapura,13.4084945,77.8562128
Brahmanarahalli,13.6590711,77.6953769
Gummanayakana Palya,13.8011993,77.9300862
Tungetidinne,13.7941819,77.9218304
Maddepalli,13.8468096,77.9361534
Hirenagavalli,13.6270629,77.7580547
Venkatapura,13.7443901,78.0679719
Akkamanahalli,13.9518938,77.4325579
,11.9733754,76.0279012
Lamani Thanda,15.0448621,75.1374985
Podakote,12.228964,75.7973814
Chembebelluru,12.2326811,75.8106261
Puliyeri,12.2677047,75.8695596
Maragalli,12.7423259,75.8398246
Hanase,12.6777825,75.8822465
Hosuru,12.6929491,75.8436119
Ammagodanahalli,12.9017613,76.1317563
Heggodu,14.0968292,75.0697946
Hosuru,17.0360377,77.13711
Malluru,13.0101948,77.2916937
Nagashettihalli,13.0196942,77.2194725
,12.9883723,77.2051656
Chandurayanahalli,12.9727713,77.1963197
Nesepalya,12.9331699,77.2137272
Shambudevanahalli,12.9066086,77.231698
Hombalammanapete,12.9491785,77.2256791
Bestarapalya,12.9368506,77.2298312
Guddahalli,12.9322392,77.2635627
Gattipura,12.8666567,77.1822166
Karalamangala,12.9284591,77.2597003
Taggikuppe,12.9872929,77.220304
,13.0834077,78.1581116
Ikamballi,13.1000127,78.1598389
Dimba,13.0853305,78.1542921
Maraganadibba,13.7685645,76.2549448
Garuda Halli,13.1563611,78.0803489
,13.1148403,78.1413316
Sangonda Halli,13.1568207,78.1182432
Kondarajanahalli,13.1254562,78.1057119
Maderahalli,13.1184138,78.0814218
ಚೌಡದೇನಹಳ್ಳಿ,13.1116428,78.0938083
Cholaghatta,13.0677525,78.1115377
Nernahalli,13.0692261,78.0804992
Parshvaganahalli,13.0602068,78.0824947
Sulibhavi,16.0412509,75.9401822
Baledoni,13.869,75.0729593
Jodi Holuru,13.2916779,78.246367
Tadkal,15.9446169,76.8409929
Jyalikatti K. D.,16.15986,75.3740644
Naganapura,16.1722152,75.3601491
Bommanabudni,16.20404,75.2851653
Kasaba Jambagi,16.254828,75.3539586
Jiragala,16.2911938,75.3110862
Malapura,16.366772,75.2764589
Bisanala,16.388198,75.0730991
Marapura,16.3361499,75.047012
Handaragalla,16.2686191,76.040014
Domanala,16.2896593,75.9999418
Honnakatti,16.1692579,75.7461834
Niralakeri,16.1271288,75.6943846
Muchakhandi,16.1435054,75.6752765
Mudavinakopa,16.279379,75.949012
Halage,14.8843741,74.2278492
Bolasitta,14.8854421,74.21844
Balni,14.8976458,74.2849696
,14.9027158,74.2789936
Ulaga,14.8803976,74.2438728
Hotegali,14.8738702,74.1773164
Benakanaholi,16.0781147,74.5208859
Majati,16.0698363,74.4756102
Ankale,16.2740287,74.4901291
Channamallanahalli,13.7848147,77.2364241
Gollarahatti (M),13.8974934,77.1747923
Lakshmipura,13.887495,77.1812725
Sankapura,13.6821205,77.3210478
Belladamadu,13.6969852,77.149086
Tonachagondanahalli,13.6838718,77.1162236
Bhutanahalli,13.6855918,77.1084827
Lakshmidevipura,13.7612595,77.1908212
Gaddetimmanahalli,13.7433245,77.1821737
Appenahalli,13.7561741,77.1574894
Krushnapura,13.754663,77.150588
Katagondanahalli,13.7503069,77.1599221
Shibinaiyanapalya,13.6109321,77.0927811
Thimmanahalli,13.6237784,77.3362613
Hosapattana,14.2481095,74.4599783
Surinje,13.0226628,74.8392534
Abasi,14.3446548,75.013884
Keduru,13.5532817,74.7399473
Halanadu,13.6269065,74.7827714
Chimegaon Tanda,18.324483,77.2878474
Kumbrakodu,13.4935852,75.1877195
Hallibail,14.3792263,74.7656214
Huvinamane,14.3649254,74.7741723
Kadakeri,14.3509614,74.8596382
Tyarsi,14.3360351,74.8565054
Kolasirsi,14.3813308,74.8666119
Kastura,14.3866102,74.895494
Swarnakodige,13.4960455,75.2134208
Talekeri,14.3207543,74.6954763
Kanalli,14.2941612,74.7637439
Marasanige,13.2004014,75.3901373
Venkatarayanakota,13.5352161,78.1613302
Boluru,13.4974224,75.2048337
Nalluru,13.4768352,75.2133145
Shinginakoppa,15.6961672,74.5177209
Ramagurawadi,15.6659224,74.487699
Dukkarwadi,15.66248,74.5156101
Toranahalli,16.3789135,74.5392859
Yabaratti,16.5339737,74.9794578
Garabarawadi,16.5517149,74.390788
Muttaga,17.1712782,77.0019507
Butanala,17.0147778,76.8008548
Avarada,16.971797,76.7621827
R H Colony 5,15.8001822,76.8815088
R H Colony 2,15.8015397,76.8471605
Chikkadinni,16.0261188,76.801579
Gugebala,16.0611142,76.7887044
Akkatangerahala,15.7512843,77.0199966
Basarahalli,15.7559929,77.0232153
Gobbarakal,15.6391962,76.7893695
Juratagi,15.5871181,76.6394877
Challura Camp,15.6028669,76.6189956
Siravara,15.6292363,76.4320135
Gudaduru,15.6447339,76.4645004
Malligivada,15.6016889,76.4588785
Chikkavadrakal,15.6149361,76.3551092
Hosa Ayodhya,15.4316115,76.5827322
Bhattara Hanchinala Camp,15.4800893,76.5338945
Hampasadurga,15.4799963,76.3521159
Bannura Tanda,16.0178897,75.2673125
Arebenchi Thanda,16.0068759,75.2635145
Arebenchi,16.0019978,75.2792484
Budihala,15.8546156,75.512504
Hosuru,15.9064343,76.0744429
ಭೀಮರಾಜ ಕ್ಯಾಂಪ್,15.6707466,76.7035389
Hosahalli,15.7322785,76.6437739
Mavinakatti,15.8447334,74.6320581
Kolikoppa,15.7975791,74.6036135
Alaravada,15.8355746,74.569114
Shaganamatti,15.815846,74.5820034
Jhadashahapura,15.7658501,74.4899171
Bhadaravadi,15.768411,74.4220548
Betageri,15.7548501,74.3345162
Kabalapura,15.9436274,74.6297943
Modage,15.8826705,74.6466064
Gaddikaravinakoppa,15.7554869,74.7047675
Mardi Nagalapura,15.7702832,74.7196483
Basavanna Camp,15.6570381,76.6535747
Devi Camp,15.5998288,76.690278
Chhotakhanasirda,15.1871893,74.7393787
Shiramapura,14.8973037,75.5160713
Gotti Dasappana Palya,13.8467291,77.1385675
Krishnarajapuram,12.9186282,78.4463677
Chinnaranganipalle,13.440609,78.3786548
Pamenahalli,14.417127,75.9486549
Chikkavvanagtihalli,14.4741936,76.1186807
Chadaragolla,14.4706911,76.1879288
Betta Halasuru,13.1616786,77.6098037
Anemale,13.1582372,76.7229981
Arisinadahalli,13.1632217,76.6917333
Doddaghatta,13.1679176,76.6021367
Sera Je,12.4182253,75.9521609
Gangolli,13.650741,74.6686542
Havalada Hindasageri,15.1120567,74.8954618
Muduru,14.6695808,75.1372575
Hunasikatti,14.8398768,75.1964807
Aladakatti,14.8345046,75.2065444
Kalangi,14.6820873,75.0220835
Inam Niralagi,14.6694563,75.0388097
Chikkahullala,14.7457086,75.2734709
Kalve Yallapura,14.7798101,75.1972318
Hotanahalli,14.7708159,75.182147
Chikkeri,14.7637508,75.0950718
Gotagodi Koppa,14.7610223,75.036149
Bhadrapura,14.7928912,75.0308275
Haraganalli,14.7345443,75.02851
Naganura,14.8709149,75.0212628
Alalli,14.8739947,75.0598383
Mudasali,14.8821344,75.052017
Arashinakeri,15.0489475,75.0577032
Agadi,15.0641257,75.0026107
Kalaganakoppa,14.9454484,75.0330591
Salagaon,14.9219579,75.0377476
,14.9271258,75.0494582
Kalakatti,14.9313917,75.1614404
Jakkanayakanakuppa,14.8065653,75.2278063
Hanumapura,14.8770432,74.9941349
Ganeshapura,14.9038978,75.0378013
Sullalli,14.8971378,74.9361563
Kyasanakeri,14.9697964,75.0150883
Andalagi,14.9123319,74.9890923
Kendalageri,15.0439017,74.9492454
Yerebailu,15.0483362,74.927895
Baddigeri,14.9767926,74.9637508
Shidlagindi,14.9703561,74.8736715
Bailanduru,15.0909878,74.8701203
Karakundi,15.095411,74.7553539
Somapura,15.115599,74.8319363
Panigundi,15.0877455,74.8231172
,14.9178214,75.0220433
Savane,14.8195176,74.8855805
Sampekoppa,14.7802407,74.9022639
Uchageri,14.8225982,74.9285602
Kartoli,15.2004836,74.4021606
Abbanakuppe,12.7705892,77.4077475
Kumbalagodu,12.8786167,77.4467629
Heepanalli,14.6070507,74.8046179
Keravada,15.3529453,74.7722733
Mundawada,15.2933752,74.8355627
,15.286079,74.8145449
,15.2784205,74.8310888
Naranalli,15.2039467,74.743402
Sankanakoppa,15.2203199,74.85304
Hampihole,15.1979987,74.8657536
Jataga Gouliwada,15.2244402,74.8197269
Basavalli,15.2277321,74.8416567
Nandigadda,15.2375716,74.8429227
Alakeri Gaulivada,15.0379336,74.8325157
Jogikoppa,15.0317814,74.8200756
Madevakoppa,15.0253959,74.8507762
,15.0979799,74.8774695
,15.0689949,74.8698521
Kharewada,15.0659698,74.8849797
Khurda Kanchanalli,15.2645204,74.8361957
Mugadakoppa,15.2575235,74.8150921
,15.2607943,74.7517598
Agasalakatta,15.2797556,74.7064304
Muttalamuri,15.3857498,74.7652673
,15.3981005,74.7392929
Bidrolli,15.3517762,74.7248411
Satamani,15.3212119,74.7065055
Yadoga,15.3370533,74.7292507
Ammanakoppa,15.312168,74.8329019
Kanchalapura,15.2979287,74.8706245
Shivapura,15.2844128,74.8911166
Amaga,15.1267746,74.6552539
Kulagi,15.1661382,74.638533
Bapeli,15.2224525,74.5361638
Alakeri,15.0375813,74.8415279
Tammanagi,15.0252509,74.5551646
Wagalli,14.8773543,74.5354235
Basala,14.8687684,74.5526326
Vajralli,14.8903517,74.5809753
Sondrihalli,14.8549246,74.550468
Benadaguli,14.7969678,74.5259714
Varadahalli,14.1163495,74.9816251
Hondageri,14.8395761,74.1796124
Balekoppa,14.7342642,74.9605107
Halligadde,14.8709305,74.8147702
Belli Belaku,14.9873225,74.8902368
Kudurenala,14.9776968,74.9068129
Devagere,12.8571436,77.4655706
Katammana Doddi,12.8211696,77.3231989
Rampura,12.8411343,77.327131
Guddadahalli,12.8337491,77.345075
Vajarahalli,13.1016741,77.406047
Maragundi,14.6028123,74.9824512
Kalli,14.547499,74.9198377
Sahasrahalli,14.5306645,74.9383449
Venkatapura,14.5598255,74.9714541
,14.5530029,75.0110006
Ajjarani,14.5341125,75.0009155
Kantraji,14.537062,74.9854874
Kalagadde,14.6427206,74.9445704
Kandraji,14.6409742,74.9653816
Unchalli,14.5809046,74.9049783
Gadigeri,14.5905556,74.9547493
Gopura,14.5394298,74.8369789
Bisalakoppa,14.5363376,74.8505723
Mashigadde,14.5539687,74.8130107
,14.5596593,74.8251128
Horale,14.5326975,74.8344684
Kanakoppa,14.6118239,74.9187326
,14.6137393,74.9095139
Kabbe,14.5948541,74.8963844
Pura,14.6683353,74.9036908
Vakkalakoppa,14.6569698,74.8869109
Vadageri,14.7229436,74.9642014
Danaganahalli,14.6842252,74.989661
,14.665481,74.981153
Hallikoppa,14.6304273,74.9783206
Achanalli,14.6462058,74.9215221
Narebail,14.6421263,74.8824853
Dodnalli,14.6501917,74.9035513
Byagadde,14.6372267,74.9088943
Kuppalli,14.6747352,74.9387996
Hebballi,14.6812881,74.9250626
Kundawada,14.4586213,75.8760596
Ramapura,14.6222158,75.0278395
,14.6251122,74.8219371
Onikeri,14.6624191,74.7472
Kalave,14.6260984,74.7621453
Bisalakoppa,14.658314,74.9204493
Bommanalli,14.6785222,74.8255742
Arasapura,14.7206815,74.8413777
Golikoppa,14.7061485,74.8413455
Bhairumbe,14.6997404,74.8285997
Koppa,14.6653253,74.7876799
Sannakere,14.6774895,74.9020171
Arasikere,14.5645814,74.8425901
,13.1249233,77.4886751
Koleranga,15.1863609,74.7469854
Kanamuski,14.7424922,74.6728921
Vanalli,14.7321059,74.6995425
Ragihosalli,14.5252639,74.5967173
Manaduru,14.6636646,74.7048479
Jaddigadde,14.6520135,74.6918392
Kudragoda,14.6544683,74.6590197
Nilkani,14.6680707,74.6827411
Halagadde,14.6994394,74.6499324
,15.4221535,76.6497499
Taragoda,14.6687557,74.8350799
Satnalli,15.3855015,74.7374153
Sankanakoppa,15.2943117,74.8201346
Wada,15.2610116,74.7018868
ಘೋಶೆ ಕೆಎಚ್,15.4814748,74.5048141
Balthamari,13.5623646,78.3294924
Kusanuru Tanda,17.2825561,76.8923664
Kotnuru,17.2897374,76.8212128
Kachavi,14.5874356,75.0891709
Kalakoppa,14.505239,75.0096917
Chikalagodu,14.5198372,74.9577534
Mutalakoppa,14.5085627,75.0197017
Muddinapala,14.6880756,74.7164619
Haklamane,14.4665861,74.8356807
Gavinagudda,14.4843292,74.8407823
Hirekai,14.4761227,74.8305201
Hirekai,14.4640409,74.8763323
Shigehalli,14.5201955,74.893434
Selura,14.5103284,74.8770511
Madanakala,14.5178482,74.8470211
Kanasura,14.5122707,74.8416781
Goravanahalli,13.4721428,77.2827029
Venkatapura,14.0171698,74.5288896
Taggaragoda,13.9961836,74.5263147
Tattihakkala,14.0330747,74.5138693
,14.0350419,74.5024323
Tenginagundi,14.0135265,74.515543
Niddodi,13.0474918,74.9090064
Kallamundukur,13.068727,74.9203693
Jattinamakki,13.6005883,75.3036209
Haralimatha,13.6458195,75.2522341
,13.6202953,75.2926131
Ramakrishnapura,13.6179159,75.2145523
Sasithota,13.6382919,75.2543112
Hosagadde,13.5130616,75.1612922
Dombaragundi,13.6530717,75.2531782
Niluvagilu,13.5208467,75.2570113
Hillikere,13.6146219,75.2948662
Kavalwada,15.2150815,74.866333
Kotnanahalli,13.0109553,77.3309505
Chowdasandra,13.0173893,77.3313957
Kinnimulki,13.3234807,74.7388074
Hiremaggi,14.3039234,74.9033904
Akkunji,14.3054725,74.8935199
Melavarige,14.2424421,74.9881267
Tattigundi,14.3322514,74.986453
Sannamane,14.2933086,74.9788892
Jiddi,14.2432013,74.8381376
Mandagalale,14.2601199,74.8367858
Kilara,14.2707934,74.8210949
Halageri,14.2966771,74.8403048
Kumbarakuli,14.3076453,74.8468065
Sunkatti,14.3033101,74.8440599
Hale Bedkani,14.3278127,74.836024
Joladagudde,14.4188866,74.9753594
Badadabailu,14.3476561,74.9605751
Karehonda,14.369909,74.9850851
Hosakoppa,14.3757499,74.9966562
Hulemaradi,14.4400934,75.0093913
Ballibailu,14.4726322,75.0004434
Bennuru,14.4671159,74.9729562
,14.4407324,74.961707
Mavinaballikoppa,14.4540934,74.9221337
Vadageri,14.3899773,74.9140119
Hallibail,14.381019,74.9289894
Kanagod,14.3841368,74.9374008
Nidagoda,14.4194478,74.8864603
Heggodamane,14.4142003,74.8694122
,14.3870467,74.8862994
Hulkutri,14.4200764,74.7863066
Channamav,14.3725281,74.8760909
,14.4416,74.9836421
Malenalli,14.7376415,74.8387277
Belale,14.7154827,74.8476112
Tuppajaddi,14.7016602,74.810822
Mogadde,14.7651307,74.7594094
Jambesala,14.9050642,74.7586369
Bidaragaddi,15.1149258,75.0326729
Nelliharavi Tanda,15.0821982,75.0168103
Singahalli,15.1108552,74.9439615
Masalikatti,15.1668321,74.8552179
Chavaragudda,15.2707098,75.0698805
Nirasagara,15.3317609,74.978047
Teganalli,15.3073354,74.7849709
Allolli,15.3047121,74.7707337
Modalagera,15.3423094,74.709177
Antrolli,15.3818344,74.7576392
Sannamane,14.479021,74.9901437
Ambalikoppa,14.4758214,74.983449
Tattikere,14.3424382,74.9966133
Kasaraguppe,14.3359623,75.0509763
Jedegere,14.3534976,75.0714469
Kuchagaon,14.9719626,74.7536373
Hosa Malalagadde,14.297197,75.1081824
Kerekoppa,14.2848872,75.0753307
,14.4252094,75.1485658
Chitrattihalli,14.4139405,75.0826049
Bilavagodu,14.4272824,75.0724124
Dugli,14.4876637,75.0206136
Ennekoppa,14.5445185,75.2054286
Thimmapura,14.5477379,75.1554107
Hosuru,14.4731049,75.0150669
Hasanagi,14.3923467,74.8268294
Bidrakan,14.3858307,74.8512054
Kanagodu,14.3227918,75.0927329
,14.2833309,74.7784443
Manakoda,14.3703555,74.922231
Hosalli,14.2538912,74.8898238
Manamane,14.2244926,74.881289
Yakshi,14.4652563,75.0933123
,14.2754776,74.8534906
Shettalli,14.2500229,74.847182
Korlakai,14.2341331,74.8409325
Kannekoppa,14.220096,74.8860311
Vanikeri,14.8121016,75.0821113
Vittalanagara,14.2745314,75.4418921
Chaudihalli,14.1509951,75.3505254
Guddada Hosahalli,14.3980883,75.1811036
Hunasikatte,14.4090566,75.1761389
,14.3789093,75.2626669
Voddageri,14.379959,75.2820647
Kutrahalli,14.2858333,75.3008723
Madaga Haranahalli,14.3580813,75.3919279
,14.5063711,75.2226859
,14.5713206,75.1827156
Jade Kote,14.5784749,75.0391102
Mugalikoppa,14.4034868,75.2755952
Yadurabail,14.5306645,75.0280058
Hulaginahalli,14.6670068,75.0608682
Mattihalli,14.6588278,75.0540876
Mattihalli,14.475354,74.8605394
Shiragikoppa,14.4695053,74.8973179
Ghattakai,14.5280681,74.8509586
Haladakatta,14.3388001,74.9020815
Kyadagi,14.3524582,74.760375
Harekoppa,14.2584145,74.9158895
Hittalakoppa,14.2760286,74.8997211
Husuru,14.294629,74.8538661
Honnehadda,14.4316774,74.808864
Mattigara,14.4328931,74.8423326
Baluru,14.4826672,74.8074424
Gadihalli,14.5725978,74.8832416
Koravikoppa,15.7855223,74.9200845
,14.4854846,74.9873774
Hosatatturu,14.5021229,75.1987392
Kodikoppa,14.5582263,75.1487374
Gadiyankanahalli,14.718959,75.1169801
Vaddarageri,14.5857951,75.1942062
Chikka Basuru,14.6486036,75.3024495
Timmapura,14.6052417,75.2891027
Kadebagilu,15.3656187,76.5004957
Harkali,14.4476052,74.4511807
Divagi,14.4482701,74.4404197
Malavalli,14.4476831,74.5267439
Shiragunji,14.4638227,74.5114392
Ulluru,14.3870986,74.5831239
,14.4488831,74.4770479
Holanagadde,14.459075,74.3793082
Kadle,14.4440104,74.3843937
Kudle,14.4612359,74.4727349
Hebballi,14.4863133,74.5459056
Devaragadde,14.4826308,74.5320546
Kabbaragi,14.5133302,74.4976902
Bavikodla,14.5699525,74.3112498
Surve,14.6332302,74.3126607
Badageri,14.6758185,74.2881238
Kantri,14.6718019,74.300816
Puralakkibena,14.6607584,74.3150425
Vandige,14.6523716,74.3136907
Hosakambi,14.6415866,74.3067169
Bela,14.6525169,74.2888105
Angaragudde,13.0750392,74.8146535
Herangadi,14.2356826,74.5826411
Valki,14.2711209,74.5071101
Murukatte,14.2925289,74.4663191
Hallikoppa,14.6958591,74.9720764
Kotekoppa,14.68422,74.9681765
Hale Unchalli,14.5864284,74.9020278
Onikeri,14.5779349,74.9723339
Bidrahalli,14.5774262,74.9285603
Kelagina Korse,14.739836,74.8913097
Korse,14.7423677,74.9104983
Hosathota,14.4301085,74.748981
Balekoppa,14.4371583,74.7665924
Hegge,14.4402545,74.7150993
Heggarabailu,14.4653498,74.7540021
Heggari,14.3460138,74.7512662
Kallala,14.3623946,74.7460842
Mavinakuli,14.3738895,74.6897471
Naginamane,14.346731,74.6937919
Sampakhanda,14.30357,74.7733891
Puradamatha,14.2497318,74.8674864
Onithota,14.4496208,74.8174202
Kalyanapura,14.2914684,74.8845613
Harakanahalli,14.3316693,74.8209714
Ainakai,14.3561168,74.7709644
Alagoda,14.3012308,74.8243189
Heggarakai,14.3789457,74.7934815
Hosahalli,14.3473651,74.8212719
Dasanagadde,14.3441636,74.8135686
Vadageri,14.3292836,74.8023999
Kalgar,14.2160998,74.857707
Kodgibail,14.3708444,74.8302841
Arolli,14.2992243,74.4711739
,14.2883182,74.5222807
Jamboli,14.292009,74.5157576
Badoli,14.3636523,74.4595599
Chandavara,14.3907048,74.4810819
Wadegere,14.4131924,74.4812965
Talageri,14.4277395,74.4854057
,14.3453694,74.6007943
Kanakki,14.3379373,74.5288575
Salakoda,14.3129576,74.5047444
Hosakuli,14.3125261,74.487986
Mahime,14.2833379,74.6348798
Anegadde,14.2544475,74.6422237
,14.235667,74.6524751
Saralagi,14.2427957,74.6325731
Upponi,14.2371802,74.5993137
Yadagoda,14.3158684,74.6022534
Hunasanalu,12.0153539,76.6930246
Kembala,14.2726494,74.5879948
Tolasani,14.3501247,74.5672935
Toppalakeri,14.3073438,74.4315147
Gajanigudi,14.3409414,74.4146705
Mavinakurve,13.9700001,74.533385
Tondemakki,13.8755381,74.6444606
Dabrabad,17.3497628,76.7988753
Devaragudda,16.5302093,76.7805317
Sungathana,17.7544854,76.9785887
Halamberu,13.8615597,74.6736216
Bolamballi,13.7921554,74.7175348
Upparahalli,13.7813814,74.6550822
,13.6829962,74.7241974
Movadi,13.7045631,74.6656394
Badakere,13.7406357,74.6530437
,13.7767757,74.6371436
Koderi,13.8030539,74.6279168
Tudalli,13.9445842,74.6522927
Kodi Kanyana,13.4904218,74.691233
,13.4913816,74.70407
Pangala,13.5396179,74.7023534
Haradi,13.4289438,74.7208071
Baikadi,13.4199534,74.72615
Honnala,13.4312396,74.7095632
Madhuvana,13.5174413,74.7438526
Kokkarne,13.4590039,74.8424882
Acchada,13.2761615,74.7562122
Thottam,13.3664844,74.7017473
Uliyaragoli,13.24523,74.7432089
Arebettu,13.2204046,74.8021638
Pandeshwara,13.4712873,74.7244549
Chantaru,13.4294029,74.761641
Mudduru,13.480573,74.9004185
Doddanagudde,13.372669,74.8287391
Herga,13.3702474,74.8051357
,13.3468755,74.8491239
Halekatte,13.1883902,74.9202346
Bailuru,13.2854338,74.914248
Ennehole,13.298684,74.9863994
Matibettu,13.3759308,74.993121
,13.4242895,75.0397968
Chara,13.468032,74.9753165
Kucchuru,13.4882935,74.9916029
Belanje,13.5026696,74.9757027
Atturu,13.2115789,74.9733317
Kukkunduru,13.2376062,74.9795007
Doopadakatte,13.194763,74.9716532
Renjala,13.1629845,75.0454509
Borkatte,13.175625,75.0339818
Kadeshwalya,12.8319128,75.1704465
Tavarekere,13.2407967,78.3730262
Pamburu,13.2573336,74.8055005
,13.2493029,74.8347044
Koragahalli,13.6961096,75.8986187
Panchavalli Gate,12.2864177,76.1347389
Halaganahalli,12.5247891,76.0927999
Hirehalli Koppalu,12.7685174,76.1845851
Gaudagere,12.9185301,76.473797
Heggarukodige,13.3687652,75.3161287
Paduru,13.2264519,74.7798693
,16.09131,74.4126964
Naravi,13.1229172,75.1476645
Malali,12.9560271,74.959352
Chelairu,13.0272516,74.8034406
Kadandale,13.1087171,74.9188399
Guttakadu,13.0853096,74.846195
,12.9749931,74.9483442
Yadapadavu,12.9936439,74.9631929
Ashwatapura,13.0445241,74.9435216
,12.7929486,74.8587477
Kotepura,12.8293555,74.8361367
Malahalli,16.6326145,76.5493602
Manjanadi,12.7864408,74.9064803
Badriya Nagara,12.9067445,74.9511123
Malluru,12.9065877,74.9615514
Nuyi,12.9355331,74.939096
Adduru,12.9262893,74.9512303
Montepadavu,12.7948632,74.9264145
Kumpanamajalu,12.8808183,74.9546206
Bolyar,12.8309874,74.9677634
Nirakaje,12.7293076,75.1256704
Chandalike,12.7637774,75.1155209
Kanatadka,12.7392702,75.0987196
Alakemajalu,12.7824231,75.1420426
Kambalabettu,12.7768096,75.1279557
Saja,12.695482,75.1847273
,12.6771335,75.1922965
Kanyana,12.7442932,75.0491953
Peruvai,12.7101347,75.0654173
Manila,12.6807656,75.0635934
Sendragaya,12.7454757,74.9922144
Vijayadka,12.7484162,75.0138116
,12.8390003,74.9706387
Kinya,12.7803409,74.8909128
Panjala,12.7719285,74.8863852
Kuddupadavu,12.7104801,75.1058543
Mitthanadka,12.7316727,75.0225127
Kukkaje,12.8241927,75.0184437
Ira,12.8152223,74.996109
Dambe,12.7150118,75.1404118
Okketthuru,12.778196,75.0970566
Kadambu,12.7725877,75.0790965
Bolanturu,12.8144339,75.0559057
Ballamajalu,12.8134543,75.1487803
Iranduru,12.7944133,75.1066804
Mucchira Padavu,12.7154095,75.0778091
Sajipamuda,12.8520339,75.0114083
Bolle,12.8451982,75.0314122
Haladi,12.8672842,75.013833
Sajipanadu,12.8557786,74.9945426
Kere Tanda,15.2927801,76.4748913
Benakapura,15.3003605,76.4146972
Ashok Nagar,17.3457484,77.0886826
Valathadka,12.7217726,75.1977038
Toranakatte,12.6983812,75.146935
Adkar,12.587434,75.3447533
,12.5930988,75.3834199
Iranthamajalu,12.5553071,75.3599453
Ajjavara,12.5535791,75.3429294
,12.5220555,75.440669
Parivarakana,12.5399647,75.4024529
Paichar,12.5826487,75.3838062
Markanja,12.5662923,75.5069732
Avanduru,12.3800989,75.6836879
Kallumotte,12.323672,75.6892133
Gutthigar,12.6310419,75.532465
Puneri,12.6163008,75.6304407
Shetty Koppa,13.6587826,75.4870272
Kukkujadka,12.620028,75.4313993
Padpinangadi,12.6714916,75.4411518
Bilimale,12.5443738,75.6274795
Doddadka,12.5089841,75.5195474
Gunadka,12.5103876,75.4965877
Nettana,12.7248704,75.5568838
Kaikamba,12.7067856,75.6018805
Nekkiladi,12.8360505,75.2389025
Ramakunja,12.7959409,75.319916
Golitottu,12.8433519,75.3599882
Gadiyara,12.8294496,75.150336
Perne,12.8264107,75.195204
Karuvelu,12.8295176,75.2157551
,16.4877002,74.8729312
Pandavarakallu,12.9163027,75.1862991
Bambila,12.9277114,75.1098883
Vogga,12.9230476,75.0997495
Madva,12.9314132,75.124383
Pallipadi,12.9478924,74.9735355
Naddyodi,12.9958288,75.0734424
,12.9454666,75.0403654
Vamanapadavu,12.9619345,75.0962412
Kukkipadi,12.9749617,75.0728202
Mulara Pattana,12.9526394,74.9981636
Panela,12.8359668,74.9568093
Badaga Belluru,12.9350625,74.9878585
Sultan Katte,12.8876688,75.0942135
Bondala,12.8586655,75.0706959
Badakabailu,12.9292172,74.9706602
Navuru,12.8999364,75.07797
Badila Koyila,12.8100019,75.3004646
Keremule,12.8384564,75.2784276
Periyadka,12.82855,75.2862382
Nirakatte,12.8471804,75.3118801
Berike,12.8185559,75.2254488
Padadka,12.6182063,75.2191079
Mavinakatte,12.6044697,75.4958153
Panakaje,12.9592788,75.2152455
Pilichamundikallu,12.9846477,75.2448617
Saralikatte,12.8532682,75.2027035
Kalanjibailu,12.8879303,75.2073383
Perinje,13.0316731,75.1011443
Belalu,12.9350521,75.3289604
Karaya,12.8648995,75.2431726
,12.8435454,75.2440846
Kanalu,13.0601859,75.3257417
Jakribettu,12.9020385,75.0520384
Goliyangadi,13.0021848,75.1568699
Gardadi,12.9941405,75.1949197
Alakke,12.8925948,75.2324438
Kuppetti,12.8867903,75.2495777
Kudradka,12.911691,75.2268112
Hokkila,13.0025402,75.3109252
Jarigebailu,12.9308276,75.2575707
Gerukatte,12.9531622,75.2636003
Ayyangeri,12.3532914,75.5807447
,12.3775577,75.5116403
Gundikere,12.174791,75.7670188
,12.5122205,75.8095908
Kudigana,12.6365381,75.7297575
Hassikhera,18.2318734,77.3451769
Hulikura,12.0411673,76.3982391
Muttige Chikkatolalu,11.8796246,76.4259088
Ganeshapura,12.1575909,76.3173222
Gendegowdara Colony,12.1436071,76.3489106
,11.9252496,76.3939047
Heragalli,12.1367185,76.4511323
Vaddarapalya,12.1305719,76.4565718
Vishwakarma K,12.1939195,76.3146829
Chamanahalli Hundi,12.1577062,76.3837767
Chinnappana Palya,12.1673972,76.4144504
Jompanahalli,12.1744449,76.4134312
Annappa Nayakanahalli,12.4885272,76.0867757
Basavanahalli,12.3766198,76.0768247
Buditittu,12.2908887,76.0710418
Tavarekattemole,11.880328,76.9358289
Dommanagadde,12.060935,77.4019432
Vaddaradoddi,12.0583146,77.4065754
Shivanagaudanadoddi,12.3343814,77.4725068
Achalu,12.4748989,77.3630136
Jakkegaudana Doddi,12.4847038,77.3700785
Chudahalli,12.540237,77.3339009
,12.534037,77.3760974
Doddatandya,12.5249645,77.3935747
Gadasahalli,12.5283919,77.403059
,12.4943931,77.4775922
Srinivasanahalli,12.5035793,77.4507487
Jogamana Hosahalli,12.5009319,77.4357632
,12.7675862,77.6306713
Devasandra,12.7572271,77.6472795
Siddanapalya,12.7241639,77.6599771
Adigar Kallahalli,12.8254221,77.80406
Billapura,12.8370233,77.7856386
Makarahalli,12.970994,78.106766
Hosahalli,12.9021404,77.9965541
Geratiganabele,12.6787245,77.7346256
,13.0737095,78.1469777
Mageri,13.0545421,78.1104836
ಉಕ್ಕುಂದ,12.913406,78.1118488
Sakarasanahalli,12.7982478,78.2169029
Kolamuru,12.7851643,78.1760073
Maradagatta,12.9423298,78.3665299
,12.9412841,78.3816791
Guttahalli,13.0312341,78.3547604
ಮಾದಮಂಗಲ,13.0397946,78.124187
,12.8684557,78.1237149
Virupakshipura,12.8742318,78.2625085
Vaddarahalli,12.9993622,78.3768511
Mahadevapura,12.9897392,78.3784121
ಯಾಚಮಾನಹಳ್ಳಿ,12.8905946,78.1222612
Virupaksha Guttahalli,13.1632091,78.3520085
Sonnawadi,13.1488024,78.4074229
Upparahalli,13.2051186,78.5560065
Bandahalli,13.0801262,78.3356953
,13.1077766,78.4278667
,13.2688518,78.5229349
Nadumpalli,13.2461124,78.4440136
Kunibande,13.2495718,78.4314743
Maravemane,13.2150439,78.5279641
Koravenuru,13.0389087,78.3781332
,13.384067,78.1572532
Gaudahalli,13.2531355,78.1328881
Salamakalahalli,13.6419884,78.0338019
ಪಲ್ಲಿಗಡ್ಡೆ,13.5303553,78.1704926
Pataliputra,13.2780619,78.0427444
Maniyanhalli,13.2693217,78.0392897
Ragimakalahalli,13.6163335,78.1893325
,13.4405582,77.9810643
Kanganahalli,13.4260896,77.9634207
Digavakote,13.4954582,78.17141
ನಾಗನಾಯಕನಹಳ್ಳಿ,13.2600174,78.1945467
Mel Tayaluru,13.0748382,78.4067416
,13.2661577,78.4850621
Chikkuru,13.2560282,78.4863442
Kappalli,13.4447478,78.2106507
Aramakalahalli,13.3284916,78.149043
Madderi Mallandahalli,13.2444362,78.0356848
Karasawadi,12.4959736,76.8895001
ಕೊಟಾಲದಿನ್ನೆ,13.5977617,77.4380457
Mariyappanapalya,13.5950191,77.509135
Charakamattenahalli,13.5153549,77.536177
,13.4632115,77.5764263
ಹುದೂತಿ,13.6429711,77.5044867
Subramanya Ghati,13.4091833,77.5296324
,13.388722,77.5403908
Dyavarahalli,13.4667173,77.5294769
Koligere,13.3021321,77.3921505
ಕೋಡಿಹಳ್ಳಿ,13.30972,77.5887001
Hamam,13.3044161,77.5581765
Minakunte Hosuru,13.181851,77.6422369
,13.3442083,77.5671297
Kamaluru Palya,13.3546159,77.4816155
Madagondanahalli,13.3238484,77.5162509
Perumakanahalli,13.2318724,78.5060102
Charmadi,13.059099,75.4298329
Chibidre,13.0404217,75.4040944
Kanyadi,12.9701419,75.3624987
Aniyuru,13.0074221,75.4461622
Hemmige,12.5071407,76.9654082
ಕೋಲಕಾರನ ದೊಡ್ಡಿ,12.4951997,76.9504308
Honaganahalli Matha,12.5849628,76.9778967
,12.5937689,76.8424344
Thaggahalli,12.4866731,76.9362688
Shivanasamudra,12.3015339,77.1572184
ಜವನಗಹಳ್ಳಿ,12.263595,77.1353316
Ballagere,12.2631651,77.0266485
Belejagali Mole,12.2421202,77.0394587
Hombe Gaudana Doddi,12.4391591,77.0514911
,12.4041165,77.0499086
Karalakatte,12.3830332,77.2251749
Volagere Doddi,12.6660903,77.08018
Chandupura,12.4608089,77.1255791
,12.6371977,76.9795489
Mellahalli,12.4771983,77.0368248
Gudigere,12.471861,77.0251358
Chattenahalli,12.6499694,76.55061
,12.3965798,76.5686586
Chikkenahalli,12.8504649,76.6675115
Thibbanahalli,12.8101588,76.8851888
,15.8687906,75.3039515
,15.8692162,75.2978409
Telasanga,16.7945586,75.3394015
Perjenahalli,13.2078918,78.0064917
Bilagunda,13.0041893,76.8182409
Devaramavinakere,12.9915949,76.6431355
,12.8341152,76.7805183
Balapada Mantikoppalu,12.8113619,76.7703795
Brahmadevarahalli,12.7527589,76.7286712
Padigowdana Koppalu,12.7047028,76.7436111
Elemaddanahalli,12.57368,76.3070708
ಹೊಸಯರಗನಹಳ್ಳಿ,12.5043963,76.5257191
Bedadahalli,12.74591,76.4788449
ಕೃಷ್ಣಾಪುರ,12.7235229,76.4455023
Kalenahalli,12.7328657,76.3985395
Kalligaudanahalli,11.7212557,76.6613746
Kaniyapura,11.6324812,76.6818988
Tenkalahundi,11.8159562,76.6281527
Madduru Colony,11.7820185,76.548239
Chaudareddihalli,13.5008805,77.9001582
Battalahalli,13.509534,78.102909
Dharmavarahalli,13.6389596,78.0532264
ಕೃಷ್ಣರಾಜಪುರ,13.4338745,78.0785519
Vaddivandlapalli,13.808878,78.0884331
Budalapalli,13.7507967,78.0054456
Gerigereddipalya,13.7172481,78.088417
,13.5474721,77.7015781
Golluchinnappanahalli,13.4975369,77.8022093
,13.4646305,77.7339148
Chikkakadiganahalli,13.3921663,77.7523899
Hanumanthapura,13.4685745,77.7084553
Gavikuntahalli,13.6885835,77.7484631
Thattahalli,13.7192075,77.778933
Belachikkanahalli,13.5011674,77.5241125
Nagappa Badavane,13.6264529,77.5077295
Jalahalli,13.6285774,77.4642026
Kadirehalli,14.1315401,77.0373773
Chittaganahalli,14.101314,77.1568215
Chinnammanahalli,14.0903411,77.1350527
Hanumanayyana Palya,14.0323253,77.1836328
Aladamarada Hatti,14.0451172,77.2140813
Chennammareddihalli,13.9785061,77.4248761
Chikkadasarahalli,13.6465394,76.9137597
Ajjenahalli,13.6421501,76.9388222
Yaliyuru Hosa Badavane,13.6943376,76.9166779
Nalluru Pala,12.2469825,76.267578
Rabgyaling,12.2115944,76.2605399
Bullasandra,13.7253621,77.1209389
Chimpugaanahalli,13.4940681,77.3164236
Gatlagollahalli,13.5161373,77.1753609
,13.5475451,77.2438001
,13.2134381,76.8163204
Gantiganahalli,13.4849445,77.0005345
,13.2291987,77.0635343
,13.0297132,77.0711732
Siddanayakana Palya,13.1459867,77.0297921
Kempayyana Palya,13.1664058,77.1032658
Hosahalli,13.5730563,76.5138316
Kamashettipalya,13.5931603,76.5486199
Lingappana Palya,13.5978764,76.5417158
Gandhinagara,13.4315865,76.4843166
Havenahalli,13.2431204,76.4855182
,13.3811549,76.4131576
Adilakshmi Nagara,13.276553,76.4835387
Gudi Gondanahalli,13.3072038,76.4171809
Dharmegaudana Palya,13.1748729,76.5722394
Gopalapura,13.183444,76.5606791
Channathimmana Palya,13.0228719,77.0669031
Kulumepalya,12.9944175,77.1362543
Mayasandra,13.1217783,77.1248388
Chikkahalli,13.1379941,77.0982742
Hullenahalli Palya,13.0946101,77.1137023
Hosapalya,13.085887,77.1314907
Mutthusagara,13.0808551,77.1548259
Boregowdanapalya,13.033173,76.9888294
Tavarekere,12.8208192,76.9866568
Kebbahalli,12.7699771,77.0719457
Chattanahalli,13.1050389,76.8865621
,13.0814743,76.7401564
Karadigere,13.0562091,76.7108238
Kadashettihalli,12.915738,76.8872702
Hodaghatta,12.9511338,77.1448803
Turuvekere Hosahalli,13.1716135,76.6451472
Hadavanahalli,13.2728826,76.7135167
Appasandra,13.2820141,76.7393357
Barangaya,12.9161328,75.4198337
Muddige,12.8811739,75.4358625
Tonchi,17.4069738,77.0265949
Sulahalli,17.0471634,77.0442653
,13.2509111,76.5039289
ಕಲ್ಲೇಗೌಡನಪಾಳ್ಯ,13.2775502,76.5023088
Bennayakanahalli,13.2888065,76.5166318
Chikka Marappanahalli,13.2971491,76.5160846
Vaddarahatti,13.3525647,76.491065
Doddabele,12.8898598,77.4755591
Javali,13.1656746,75.4862505
Avathi,13.3395054,75.6378436
Narigudde,13.3442918,75.6336111
Kunduru,13.2309116,75.5582034
Rampura,13.2970552,75.7591975
Sirivase,13.4070908,75.6121051
ಉಜ್ಜನಿ,13.3941285,75.5375719
Shiraguru,13.3614375,75.6434011
Bagamane,13.3716565,75.6514263
Mallanduru,13.3672412,75.6590599
Ajjanahatti,13.3671577,75.9261033
Kyathanabidu,13.3376576,75.8973527
Gavanahalli,13.2919598,75.7558662
Adishakti Nagara,13.2835334,75.7591331
Gaudanahalli,13.2807716,75.7833373
,13.287731,75.8384514
Mallanduru,13.2991748,75.8269929
Kelaguru,13.2229009,75.6824648
Machagondanahalli,13.1958275,75.6701159
,13.2114953,75.6556964
Gullan Pete,13.2046225,75.6574559
Chendugudu,13.2392092,75.6134945
Mannenahalli,13.2869583,75.853579
Kurubarahalli,13.2883157,75.8496523
,13.2564355,75.6561899
Doddamagaravalli,13.2668156,75.652982
Mailimane,13.3089109,75.7058001
Muguluvalli,13.2755401,75.8482629
Tamminakodige,13.2063877,75.4759562
Haluvalli,13.2514071,75.3875023
Balehole,13.267818,75.4169154
Thanudi,13.2941316,75.4245114
Bettadamane,13.0623284,75.6773258
Hurudi,13.0415192,75.6837845
Daradahalli,13.0824462,75.6152809
Angadi,13.0610848,75.6497848
Uggehalli,13.0586234,75.6644457
Kannehalli,13.0373226,75.659591
Hallur,13.0812967,75.636363
Kaimara,13.1217286,75.6282896
Kunnahalli,13.128946,75.6569087
Lokavalli Estate,13.129761,75.6311703
Lokavalli,13.1307379,75.6369638
Vasudevapura,12.8174977,77.5201696
,12.8103628,77.5070322
Vaddarapalya,12.8364532,77.5270414
,13.0132185,75.7263726
Uduse,13.0551535,75.6979305
Kabbinagadde,12.9223679,75.8293855
ಕಾಟಿಹಳ್ಳಿ,12.982165,75.8201265
Kudugarahalli,12.9699433,75.8048916
Kadabanahalli,12.9828132,75.7898497
Saragalli,12.7829619,75.8295786
,12.9208203,75.7162821
Kerodi,12.8135275,75.8519536
Balekere,12.7767521,75.847764
Yasaluru,12.7875813,75.8604348
Aiguru,12.7874662,75.8263278
Ichalabidu,12.700846,75.8723491
Doddakunduru Koppalu,12.7569759,75.826714
Dodda Kunduru,12.7666654,75.825727
Birahalli,12.749787,75.8095908
,12.8532473,75.9234881
Rakshidi,12.9596813,75.7300794
Kollahalli,12.9471501,75.8157706
Kudhurgere Colony,13.0688447,77.4767393
Kumbarageri,12.7978659,75.8181095
Nudarahalli,12.8481584,75.7441825
Kalmakaru,12.5218879,75.6324792
Bilisare,12.9702778,75.6586683
Heggadahalli,12.6674982,75.7099253
Bachalli,12.6720777,75.7562095
Hanagallu,12.5975173,75.8339667
Bajegundi,12.5778162,75.8399588
Madre,12.7441467,75.8651876
Mulemane,12.565821,75.8625805
Ponnathmotte,12.3949582,75.8415627
Takeri,12.5819577,75.8048486
Garaganduru,12.4970118,75.8196115
Bellaralli,12.7294541,75.9067324
Hosmane,14.6414724,74.7530579
,14.6265448,74.7514486
,14.6178349,74.7584009
,14.6092803,74.7500431
Palemadu Paisari village,12.3064397,75.7285881
Nadu Beguru,13.5047665,75.1933694
Kigga,13.4182367,75.1875329
Vaikuntapura,13.4033963,75.2627957
Valavi,13.3435245,75.2545506
Talagaru,13.3524081,75.2367031
Thekkuru,13.3793492,75.257163
Shidle,13.4071952,75.2854872
Menase,13.4177567,75.2727628
Miga,13.452339,75.1978326
Shirlu,13.3066348,75.1568591
Vidyaranyapura,13.4061933,75.2498674
Kalkatte,13.4176419,75.2590191
Yadahalli,13.3849489,75.2085292
Marigebailu,13.4723202,75.2154654
Gandaghatta,13.4174592,75.2144033
Kerekatte,13.3257589,75.1437619
Hadi Kiruru,13.3215177,75.2057075
Bennegudde,13.4484417,75.3075457
Halanduru,13.4510347,75.2945959
Begane,13.4666964,75.2586114
Hulimane,13.4612134,75.2659929
Ranjada Thota,13.3924585,75.2891189
Kunchebailu,13.388054,75.2981472
Holekoppa,13.4603108,75.2308345
Haruru,13.3626849,75.2377063
Hadlukoppa,13.4793002,75.2740288
Kaimane,13.4466887,75.233404
Bettagere,13.144033,75.4264641
Kajuru,13.1166061,75.3730988
Bakki,13.1025833,75.593968
Makonahalli,13.1482643,75.6930756
Bilagola,13.1490583,75.6502139
Nandipura,13.158555,75.7034182
,13.1634337,75.7123446
Pura,13.1393942,75.7329011
Dinnekere,13.0524309,75.6876898
Hanthuru,13.0635408,75.6321895
,13.0427316,75.6293142
,13.0643978,75.61836
Bharatibail,13.168059,75.5609795
,13.2472455,75.5074239
Kelabhaga,13.251381,75.4265821
Abdare,13.0805233,75.6752658
Chandrapura,13.1145163,75.6976569
Niduvale,13.1860448,75.4956952
,13.1886722,75.3693867
Hesagal,13.1440643,75.6400752
Taruve,13.1141349,75.5254859
,13.1545197,75.5776334
Bilagali,13.195838,75.4523098
Narve,13.4830561,75.330913
Kallugudde,13.3130349,75.3284079
Bilagadde,13.4943445,75.2533114
Belagola,13.4665399,75.332576
Ardikoppa,13.4729766,75.3317147
,13.3536503,75.3570914
Kumbaragodu,13.5778745,75.2136898
Kelasanuvalli,13.516878,75.2502644
Holagodu,13.555472,75.2882659
Kuduregundi,13.5514147,75.4218721
ವಿಠಲಮಕ್ಕಿ,13.5490157,75.4111326
Bintravalli,13.5230952,75.3907531
Jammatige,13.5176551,75.3043699
Bikkali,13.5090906,75.2587348
Nagalapura,13.5128409,75.3116119
Devaramane,13.5094714,75.2945423
Kunjehadlu,13.5704072,75.2433228
Aranuru,13.3380126,75.4284381
Sigodu,13.3494017,75.4292214
Bhairedevaru,13.3555919,75.3216004
Shantigrama,13.337642,75.346309
Basarikatte,13.3087699,75.3842461
Bailukoppa,13.3092711,75.3601062
Kotethota,13.3400169,75.3215897
Balegadde,13.4526312,75.3491092
Bappunji,13.5030035,75.4007578
Mattikoppa,13.3981571,75.3623485
Huligaradi,13.3618551,75.338037
Shantipura,13.3738746,75.3965253
Kupalli,13.498215,75.2647912
Badavanadinne,13.1303199,75.5982327
Jakkanakki,13.3007513,75.4851723
,13.2820925,75.467813
Shantinagara,13.2801398,75.4839921
Menasuru,13.6152282,75.4967594
Kicchabbe,13.4328048,75.4755378
Situru,13.5645042,75.4094106
Hampanakodige,13.5249415,75.4726624
Karkkeshwara,13.4337493,75.4270005
Melpal,13.4263081,75.4331133
Aduvalli,13.441706,75.4959226
Ichikere,13.5932437,75.4840377
Yadadalu,13.5978452,75.4889381
Nagaramakki,13.5695833,75.4152095
Kamalapura,13.5824945,75.4059505
Jayanti,13.7428972,75.4852581
Bandihalli,13.4147302,75.4813099
,13.6293881,75.4630923
Gubbiga,13.5914891,75.4490966
Basavana Yeni,12.4016122,75.9914553
Gollarahosahalli,12.4131907,75.9926891
,12.9671527,76.0090565
ಕೆರೆಹರ,13.4114637,75.6027818
Hosapete,13.481199,75.8081102
Bhaktarahalli,13.4415391,75.8046019
Ningenahalli,13.4176314,75.811801
Mugathihalli,13.2854808,75.746752
Kambihalli,13.2436008,75.776267
Krushnaraja Pete,13.2364364,75.7591975
Malehalli,13.1955873,75.6785166
Manimakki,13.2360865,75.699529
Tondavalli,13.2520807,75.7158637
Kodihalli,13.2696193,75.7834581
Valagerehalli,13.2407444,75.7232827
Kunduru,13.2261856,75.7486081
ಸತಿಹಳ್ಳಿ,13.2073905,75.6469738
Sadarahalli,13.3569124,75.8928573
Heddarahalli,13.3549238,75.7296503
Godabanahalli,13.3236631,75.7203484
Kesarike,13.296909,75.7063955
Belogodu,13.2539135,75.6101739
Hosakote,13.3027873,75.8589649
Keremakki,13.3223372,75.6363255
Kunnalu,13.3907051,75.9124643
,13.4785907,76.1030352
Huligundi,13.5147864,76.115883
Chandrashekharapura,13.4036051,75.9758019
Haruvanahalli,13.5388669,76.0192054
Megalahalli - Chomanahalli,13.6774086,76.0263669
Melanahalli,13.6680003,76.0132348
Kasuvanahalli,13.5277475,76.1702943
Basavanahalli,13.516951,76.1895633
Chatnahalli,13.5228657,76.1442768
Chaudipalya,13.5270225,76.3513568
Yaradakere,13.6468209,76.2033713
Halasina Maradahalli,13.4840891,75.8524311
Hosa Siddarahalli,13.4926909,75.8491158
Hale Siddarahalli,13.4967753,75.8573288
Gollarahatti,13.5470861,76.2258589
Kodihalli,13.5595396,76.0590684
Hosuru,13.6119018,76.0138035
Mallapura,13.5398057,76.119225
Yaradakere,13.5274554,76.1260807
Byaladalu,13.4360607,76.0074734
Banjara Tandya,13.4393373,75.9771216
Gundusagara,13.4463417,76.0678419
Siddapura,13.3414262,76.0234594
Geddalhalli,13.4055045,76.0801291
Devarahalli,13.4721846,76.0719538
Gopalapura,13.52678,75.9053403
Biranahalli,13.5064461,76.086266
Kanagondanahalli,13.5280709,76.06763
Biluvala,13.5810762,76.0800862
Sangamapura,13.1168308,75.7254446
Sangamapura,13.154256,75.7298165
Rangapura,13.4900202,76.196537
Channenahalli,13.5163355,75.9433365
Honnenahalli,13.6083043,76.2312072
,13.5765604,76.2528634
Huligere,13.5589373,76.197626
Mudigere,13.6958777,76.1115512
Kesaluru,13.5450314,75.2148378
Rangenahalli,13.7074087,75.6985688
Uchila,12.7782844,74.865246
Bandikoppalu,13.5263758,76.0046732
,13.5003902,76.0379595
Senabinagondi,13.4435786,76.0891557
Bhusenahalli,13.7591441,75.7043195
Hanumanahalli,13.6024178,76.1552632
Gujjenahalli,13.5509036,76.1616147
Siddarahalli,13.5897997,76.0482645
Parpunja,12.6992395,75.2408445
Hegderakeri,13.611834,75.1480937
Muttana,13.6190758,75.1533186
Mekeri,13.5352787,75.1944101
Markal,13.4315735,75.1908159
Koduru,13.4428591,75.2845645
Makkimane,13.4353511,75.2463698
Honnavalli,13.4392329,75.2386236
Megaramakki,13.4291838,75.4747867
Mahamadapura,13.2235171,76.033802
Devappanakoppalu,13.2273919,76.0301864
Pakshirajapura,12.2588142,76.2752438
Hemmigekaloni,12.2804318,76.1739635
Chamundipuram,12.2729623,76.6714999
Basavanala Gollarahatti,14.4655966,75.9818637
Tumbadevanahalli,12.9991741,75.747149
Hasangi,13.5489845,75.1964056
Bettangi,13.5585853,75.127328
Malanduru,13.480693,75.1281112
ನಂಟೂರು,13.5463612,75.1522082
Hosuru,13.5546793,75.1242435
Tondahalli,13.2135007,78.4949434
Budaderu,13.2587747,78.5036284
Manighatta,13.272397,78.5814393
Chikkagollahalli,13.1696496,78.5173935
Hosahalli,13.3252344,78.435688
Emmenatha,13.0986385,78.4140104
Rakshala,18.1431296,77.3562705
Vaddinakoppa,13.9061063,75.595808
Puradalu,13.9310265,75.4849362
Holehatti Hosa Grama,14.0272146,75.6642473
Purale,13.9325885,75.6094551
Lakkinakoppa Vrutta,13.826933,75.5963444
Paddandandka,13.0344221,75.1091105
Kasturahalli,12.9976808,76.1438643
Devaranarasipura,13.8413666,75.7284969
Tuppadamane,13.7275263,75.2525533
Gandhinagara,13.3789968,76.1949243
Gollarahatti,13.379095,76.1885458
ಮರಲಾಹಳ್ಳಿ,12.9902306,78.1240743
,13.6775837,77.2414298
,13.4462556,75.0084686
Balladi,13.416233,75.0074386
Mirupanahalli,12.8665416,77.9756463
Yarehalli,13.0035949,76.0566081
Kuppalli,13.0489516,76.0470791
Punaroor,13.0676864,74.8187985
Kogilabana,15.2393366,74.6279919
Bailapara,15.2322767,74.6182394
Nandolli,14.9099292,74.7087385
Dadadahalli,11.9400543,76.4045489
Badagalapura,11.913365,76.4865665
Ramapura,14.7736298,75.6388977
Shivanagara,14.832897,75.6068802
Hulyala,14.9005696,75.6847715
Chikkakabbara,14.3474794,75.59937
Hosa Nidanegilu,14.3998419,75.3970966
Yallapura,14.5208706,75.3004968
Gururayapattana,14.7288997,75.1551694
Sevalala,14.7226271,75.1476753
Hemanuru,16.3465843,76.9527054
Kohalli,14.0197096,75.4402399
Chamenahalli,14.0512215,75.440492
,15.0260833,76.1193235
Venkatapura,15.5249972,75.5194858
Nada,17.1215253,76.0988939
K G Pura,13.2883001,77.91498
Pradhani,15.2044489,74.5701635
Bankikodla,14.5780803,74.3244731
Bhaire,14.9151466,74.2550146
Gunda,15.0698462,74.5455791
Kashanatti,15.4353346,74.7665656
Gijagaru,14.1409973,74.9803162
Chikkamallanahole Gollarahatti,14.5512219,76.492846
,14.5190478,76.4415514
Hiremallanahole,14.5210264,76.4476776
,14.6970422,76.4557833
Kyasankeri,14.9560213,75.0210106
Melina Arehalla,14.5430802,74.8806882
,12.773024,75.6839125
,13.7833195,76.7258978
Kilaradahalli,13.7848694,76.6883415
,13.8129465,76.7582828
Belaghatta,13.9424913,76.4897132
Hanmantawadi,17.767201,76.9251001
Namadapura,17.8818411,77.2399378
,14.3051554,76.2173724
,14.3122195,76.2136334
Pichaguntarya Palya,12.8045303,77.4222475
Girigowdana Doddi,12.7445287,77.5233722
Agasanal,17.0448452,75.7761061
Ainapura,16.8295999,75.7689285
Arakeri,16.9306435,75.6829691
Ittangihala,16.8769047,75.6742465
Benala,16.4052115,75.9118742
Yalparatti,16.5642176,74.9463782
Halihal,16.4713215,75.9814882
Hale Upparahalli,13.5788705,77.4462318
Bobruwada,14.6540998,74.2944109
Sunkadakatte,12.7497504,77.5120023
Allipade,12.8901502,75.1066859
Nandi Nagura,18.1559142,77.4846947
Gopanapalli,17.0705104,77.4333411
Kottapalli,17.0383828,77.4187982
Munkanapallii,17.0441169,77.3515069
Itkal Tanda,16.9204615,77.3467916
Sevanagara Tanda,16.7277086,76.5881717
,16.7413659,76.864509
Managinala,16.7182581,77.0367765
Kembhavi,16.6173225,76.5108651
,16.7978599,76.9208729
Malli,16.7782386,76.4902416
Gugalagatti,16.3560942,76.6055095
Manjalapura,16.4214054,76.5383953
Channur,16.4826334,76.5581202
Kalladevanahalli Health Colony,16.4794827,76.5756673
Ballur,13.1543343,75.8229589
Anajooru,13.0826448,75.666157
Baggasagodu,13.136824,75.5710459
Phalguni,13.1308452,75.5758813
Honkatmalli,16.3355837,76.9744635
Chamundipura,12.7367717,77.2636217
,16.441557,76.8993777
Revanakatta,14.5183779,74.7268742
Butaldinni,15.8016274,76.7501342
Allipura Thanda,16.8466257,77.1018255
Shivaji Nagara,16.677363,76.5089554
Gundahalli Thanda,16.7292626,76.9660762
Yadallapura Tanda,16.8697897,77.3055982
Kamalanagara,16.8519343,77.3183012
Bandagudda,16.2498118,76.9630909
Malledevaragudda,16.248653,76.9783956
Amarapura,16.376999,76.8371773
Parapura,16.3424044,76.8280792
Ganajali,16.316376,76.8504623
Bunkaladoddi,16.3682698,76.7038393
Hulikunte,13.6793372,77.621777
Nadimi Thanda,13.7183216,77.6902994
Chandlapura,16.4615934,76.799798
Baguru,16.4155444,76.8222427
Shivayyana Koppalu,12.865183,76.1332873
Guddada Teranya,12.8735978,76.1313276
Chachpurada Koppalu,12.8805562,76.1328477
Jodi Thattekere,12.9750005,76.077587
Jakkaladinni,16.1825553,77.0664203
Adderi,14.1454162,75.1546624
Avinahalli,14.0781189,75.0094557
Gutti Yadehalli,13.7410891,75.3812313
Bandagadde,14.2410798,75.0246477
Malidevihalli,13.3328982,76.074755
Sultanpura,16.2829036,77.1732044
Palawaladoddi,16.2740776,77.4947208
Kalawala Doddi,16.3138868,77.5222805
Gastikempanahalli,13.0904929,77.6150501
Srinivasapura,13.1062092,77.6239014
Thirumenahalli,13.0901794,77.6334125
Mitaganahalli,13.110031,77.6438731
Chinnapura,13.1597877,78.1528115
Marjenahalli,13.1689993,78.1714314
Kurubadoddi,16.2150249,77.4297899
Korvihala,16.3572035,77.4324131
Gantiganahalli,13.1444979,77.5890869
Andapura,12.8251799,77.7047945
,16.165945,76.3712062
Bagi,12.9539151,75.8566046
Markal,13.1999012,75.5016196
Melnemmaru,13.3753724,75.2274442
Balagundi,12.5888685,75.8562183
Hanumanahalli,15.3480621,76.4658622
,15.3467613,76.4512434
Jigarikoppa,14.5747361,75.0506939
Sidaganahalli,13.0258442,77.2552367
,13.2805471,77.3345661
Dodda Honnenahalli,13.0353665,76.1256957
Gauripura,13.0609962,76.1403038
Avalakuppe,12.9999686,77.3291802
Hosahalli,12.9892113,77.3353815
Goravanahalli,12.9816632,77.346282
Narasimhapalya,12.998275,77.3640168
Bolamaranahalli,13.0270949,77.3667955
Bhattarahalli,13.0497553,77.3464107
Donnakonda,13.8992433,77.9549642
Duparwadi,18.337076,77.3033935
Gogi Thanda,17.5461403,77.0688021
Nirnahalli,14.643372,74.789021
Nagoda,15.1962826,74.4694975
Shiravante,14.1787077,74.9672484
Khurda Virapura,14.6827826,75.426861
Shuntikatte,13.6107027,75.2683318
Shankarapura,13.7164611,75.4652274
Maslapuradahatti,13.5161308,75.8942011
Lakkadikote,13.6026968,76.0554072
Rachenahalli,13.0571472,76.0921156
Attihalli,13.0502671,76.071523
Mahadevarahalli,13.0602472,76.1570487
Halekoppalu,13.0640001,76.1262904
Urulikoppalu,13.0654246,76.1176403
Shanka,13.0634523,76.0715784
Bommenahalli,13.0595015,76.0572564
Shanubhoganahalli,12.8271011,77.5611484
Sigadalu,13.516983,75.3198526
Saukuru,13.650814,74.7596562
Shedimane,13.5536572,74.95785
Gandamvaripalli,13.8632961,78.0121926
Bovipalli,13.8648476,78.006068
Chemulavaripalli,13.8651052,77.9934219
Malavalli,14.8140017,74.5169735
Shankada Koppalu,13.056113,76.0702196
Sasthan,13.4701877,74.7127206
Navrathna Agrahara,13.1998803,77.6349682
Seegehalli,13.0164845,77.71748
Anambi,13.1816159,75.4370803
Panchody,12.5932537,75.2525074
Galimukha,12.5743314,75.2210684
Karike,12.453638,75.3872512
Thayappana Doddi,12.7116968,77.4266946
Tore Bekuppe,12.5088741,77.4260241
Bandarlahalli,13.7728825,77.6751507
Vaddarahalli,13.9327853,77.822269
Bairaganapalli,13.5759022,78.2695326
Indabettu,13.0682594,75.3465611
Haidalapura,13.0912975,78.397437
Kannasandra,13.0850392,78.4103143
Biranahalli,13.956725,76.5439582
Salapur,16.0944626,75.3063082
Parasapura,15.1593244,75.1010263
Shivanapura,15.1471667,74.9959159
Nilekani,14.6051855,74.8227995
Inamkoppa,15.2125295,75.1824582
Siddepalli Cross,13.4631906,78.0815399
,13.4614077,78.0895878
Kesturu Koppalu,12.4663769,76.3020229
,13.1627233,78.1416964
Murandahalli,13.1676699,78.1369489
Vammasandra,13.1902756,78.1205606
Kalluru,13.2017553,78.1131953
Madhava Gurjena Halli,13.2104365,78.0871658
Talagunda Purahalli,13.1735357,78.07109
Bussanahalli,13.187215,78.070752
Torahalli,12.9424343,78.0347836
Muttenahatti,12.9095053,78.0374497
,12.976799,77.4184276
,13.073863,77.4118398
A Ranganathapura,13.3263486,77.7965493
Kalavara,13.5943643,74.7298898
Dabbekatte,13.5897959,74.7593553
Jansale,13.6597408,74.8847068
Hangluru,13.6095037,74.6928414
ಕಾರಗಹಳ್ಳಿ,12.8623447,78.0751106
Boyiluru,12.8593218,78.1636289
Alambadi,12.9220228,78.1414497
Karamanahalli,12.9213588,78.1332314
Gundmi,13.4809178,74.7118275
Kundarasanahalli,12.8013969,78.2147652
Chikka Kalavanchi,12.8219281,78.2096314
Chikkakarappanahalli,12.7795091,78.1662118
Bannadi,13.5079411,74.7227959
Lokanathapura,13.423379,75.3628638
Tuluvinakoppa,13.456378,75.3505622
Rabbanahalli Village,13.3219196,77.6335734
Marasandra,13.223632,77.5496042
Kadathanamale,13.2096988,77.5459134
Balthila,12.8594496,75.1023005
Tumbenahalli,12.7151165,77.3461103
,12.8454126,78.2005387
Suriganahalli,12.8688819,78.1603056
Majara Gollahalli,12.8731388,78.1947988
Chikka Hosahalli,12.9549502,78.1311876
Sanganahalli,12.9354546,78.1225133
Dodda Nayakanahalli,12.9388269,78.1154376
Baralkota,15.4416844,74.3894523
Badakanshirada,15.2215197,74.6454684
Rajawala,15.4359137,74.4348675
,15.2274216,74.6706498
Birampali,15.2230995,74.613795
Holtikoti,15.3632548,74.8781294
,12.8697631,77.7113521
Honnikoppa,14.9219164,74.9885291
Hattikeri,14.7170704,74.2907309
Bargi,14.5267283,74.4063985
Halekote,14.8303405,74.181565
Bharadi,15.0102772,74.3400782
Mavinamane,14.8455134,74.5333528
Upleshwara,14.9260062,74.7638646
Aluru,15.3287965,75.810138
,15.1385607,75.7602167
Ballupalli,12.8958689,78.4536091
Nandyalagadda,12.9030848,78.4486655
,12.9036535,78.4611536
Kandenahalli,15.0793131,76.0757142
Koyilaragatti Thanda,15.0719578,75.9286594
Enigi,15.1377321,76.0778922
Nagalapura,15.1119479,76.0305512
Mudlapura Dodda Thanda,15.1119583,75.957123
Motikal Tanda,14.874202,76.238476
Goravinagondana Halli,13.7704323,76.3100505
Mavallipura,13.1277392,77.5292462
Muttukuru,15.0300018,76.1819136
Haregondanahalli,15.0197278,76.1975563
Gollanahatti,14.959732,76.3583815
Motalakunta,14.9694725,76.7064679
Telagara Basapura,14.8158355,76.3566435
Bandi Basapura,14.9430693,76.386137
Devara Budenahalli,14.9155873,76.5797174
Sovenahalli,14.9603125,76.6488647
Yaradammanahalli,14.9635775,76.6334313
Obalapura,14.7002333,76.5453154
Megala Karnarahatti,14.701022,76.5789986
Hosahatti,14.7838611,76.6712344
Bhatrahalli,14.7926163,76.7101425
Shantahalli,14.722225,76.3944867
Gollarahatti,14.6955971,76.4267778
Naduvalahatti,14.6435472,76.6011764
Kolamatti,14.6529269,76.4737272
Gangammanahalli,14.8047475,76.325798
,12.8011772,77.6518902
Karadihalli,14.7577646,76.5131879
Kurihatti,14.7315664,76.5076303
Kottadoddi,14.7495683,76.5328431
Nallabanda,14.8891437,76.5002865
Vaderahalli,14.9130369,76.5279776
Hosa Gollarahatti,14.9046494,76.535756
Yakkanahalli,14.2991429,75.76676
Kulambi,14.2993613,75.7988783
Dombara Siddapura,14.8564905,76.7017686
Appayyanahalli Thanda,14.8546031,76.6848063
Hosuru,14.8189109,76.845637
Banakal,13.135768,75.5515528
Narayanapura,14.9941003,76.6615677
Devagiri,15.0097746,76.6268277
Hanumangudda,15.0224945,76.6792542
Devagirihalli,15.0171217,76.6165763
Nimanahalli Thanda,17.9150427,77.3640275
Salikeri,13.4353092,74.7263042
Ladwanti Wadi,17.7124378,76.7544068
Laman Tanda,17.7821108,76.802432
Tumati Thanda,15.1041639,76.7845738
Narasimhapura,15.0525064,76.5991956
Kadekal Tanda,14.5956352,76.0181574
Channapura,14.594477,76.0389084
Honnapura,14.619225,76.0356741
Guladahalli,14.6215774,76.0177697
Hosahalli,14.5856463,75.9782076
Chaudapura,14.5756284,75.969646
Kalenayakana Tanda,14.5560027,75.9946931
Balenahalli,14.6822702,75.9739463
Hanumanahalli,14.5795722,76.086323
Pothalakatte,14.5378448,76.0023263
Nagappa Camp,15.2350768,76.4426994
Jambunathanahalli,15.2567368,76.3764703
Sankalapura,15.2627091,76.4161026
Chittavadigi,15.2803144,76.3746035
Alamarashikeri,14.8430435,75.9186706
Minahalli Tanda,14.8462042,75.9304906
Venkatapura Camp,15.3258708,76.507456
Aladahalli,15.1311918,76.8786281
Guggarahatti,15.122154,76.9102889
Batri,15.1697379,76.8947613
,15.2108057,77.019487
Charakunte,15.0874451,76.942234
Bevinahalli,15.1429,76.9915652
Hosa Moka,15.235478,77.0502198
Lakshminagara,15.2263967,76.9084275
,15.2963659,76.4824498
Giriyapura Tanda,14.7103466,75.8555132
,15.3131329,76.3670263
Rangapura,14.6747889,75.9513655
Rangapura camp,14.6726956,75.9652653
Lingapura,15.294855,76.3264632
Bevinala,15.451126,76.5013486
Vaddarahatti,15.4451901,76.51057
Maruti Nagara,15.3944107,76.5960271
Viprasayi Nagar,15.4046273,76.5411365
Koramma Camp,15.3791603,76.507287
Hosuru Javuku,15.3311349,76.6671547
Oruvayi,15.3496708,76.7275956
Pattanaserugu,15.331673,76.7246532
Karikeri,15.3625462,76.7764735
Ujjalapeta,15.3509072,76.8422091
Hirejayaganuru,15.3526867,76.6720685
Gerasamudra,15.3508709,76.6490471
Kakorlatota,15.1217203,76.917429
,15.0997927,76.8505239
Andralu,15.1234396,76.9323313
Gonala,15.1296487,76.9489717
Jodi Srirangapura,13.8120248,76.3067964
Hosa Madapura,15.2375768,76.6964579
Vidyanagara,15.17144,76.6317576
Gopalapura,15.3297587,76.9148862
,15.2303771,76.9479418
Shankar Singh Camp,15.4014674,76.6621309
Gangavati,15.5261576,76.7824387
Banjarahatti,15.5988686,76.8596245
,15.4731935,76.606176
Pragati Nagara,15.4811774,76.5794085
Gollanaganahalli,15.2124311,77.0835221
Hale Erragudi,15.2661195,77.0595753
Jinnapura Thanda,15.4855796,76.2590432
Bommasagara,15.4861741,76.3132721
,13.0282472,77.6849672
Devinagara,15.5035693,76.8816429
Sirigeri Cross,15.4164753,76.902253
Lakshmi Camp,15.6739592,76.7497051
,14.8105898,76.7978829
Somasandra,13.6871765,76.3736117
Keremundrahatti,14.4149121,76.631602
Haligondana halli,14.3486643,76.8156391
Gaudarahatti,14.3704702,76.7754114
Huralikatte,14.2501997,76.8710375
Ajjanahalli,14.4640668,76.750896
Marayyanahatti,14.4350439,76.6525125
Belavina Maradahatti,14.6511831,76.7236072
Hosahatti,14.4084435,76.3679087
Akkanuru,14.4793066,76.3950741
Halehalli,14.5212004,76.464884
Mucchukunte,14.3003055,76.5264594
Kenche Viranahalli,14.2671698,76.6934216
Nandanahalli,14.2851523,76.5934288
Borappanahatti,14.3479887,76.6289735
,14.3086173,76.5876836
Benchikottala,15.031994,76.9660105
,14.251016,76.8756133
Chauluru Kavalu,14.2470593,76.8457603
Mangamma Camp,15.0974787,76.9396858
Dasarahalli,14.481057,76.9114423
Jagjivanram Kaloni,14.2473297,76.8626046
Horaghatta,14.2144461,76.9335544
Oddarahatti,14.0745182,77.2238499
,14.0914441,77.1497458
Balammanahalli,14.0846437,77.2405976
Sitarampura,14.1213386,77.0591998
Virahanumakkana Palya,14.0665829,77.0828354
Pemmanahalli,14.0666401,77.1451592
Bandurihatti,14.0787069,76.7645377
Siddayyanakote,14.0850704,76.7297172
Gollarahatti,14.238688,76.3305402
Gollarahatti,14.2936101,76.704483
Hosa Kallahalli,14.2458634,76.5091216
Dodda Cheemanahalli,13.2462012,77.6211655
Kottapalli,13.9005345,77.8287578
Pichalavaripalli,13.8893333,77.8664374
Rachavaripalli,13.7586647,78.0241835
Nakkalapalli,13.7590816,77.9956448
Digava Nettikuntapalli,13.7107285,77.9958111
Chinaganapalli,13.7779948,78.0349553
Kotturu,13.8677053,78.0010843
Sasropalli,13.8849433,77.8368956
Konanakunte,14.0932964,77.177394
Vaderahalli,14.226323,76.8025446
Uddaramanahalli,13.861169,76.93533
Ashok Nagar,15.5972609,74.4503653
,13.8047137,76.2609157
Boyikere,12.432569,75.7868725
Guddadahatti,13.7684446,76.8855321
Dawud Palya,13.7620099,76.9657945
Ingalawadi,11.8426523,76.7096275
Satanuru,13.8057837,76.901561
Gollarahatti,13.7022491,76.9546258
,13.7121773,76.9568253
Taggihalli,13.7138554,76.9341928
Maralegaudana Palya,13.6360089,76.9373095
Kenchappanahalli,13.6510747,76.8868947
Gollarahatti,13.722449,76.9173217
Junjaramanahalli,13.7094829,76.9230938
Panjanadasappanapalya,13.7378114,77.2671246
Muttarayanahalli,13.7713259,77.3706257
Vaddarahatti,13.7958334,77.2533274
Mudangaduru,12.6494355,76.8100119
Shirguni,14.496989,74.7241903
Uratota,14.5609575,74.789966
Itloni,14.4940684,74.7180274
Tumbemane,14.5685108,74.796656
Ayyowaripalli,13.8505805,77.8445077
Chancharayanapalle,13.8660283,77.8779709
Bommayyagaripalli,13.8753297,77.8824878
Timakalapalli,13.7724096,77.7908313
,13.8640153,77.8836814
Mokkalapalli,13.5936426,77.7752852
Kashapura,13.7677516,77.7693414
Doddapyalagurki,13.5404419,77.7714658
Niragantipalli,13.748379,77.8784537
,12.818413,77.5936407
Suranayakanahalli,13.6678387,77.6087737
Satoli,17.7918839,77.4747598
Guttamidavaripalli,13.5783699,78.2831293
Tamatampalli,13.5392059,78.2916963
Murramakandatoli,13.5753246,78.3919573
Sigapalya,13.4365355,78.2031619
Kurmakalapalli,13.4151268,78.2152641
Somayajilapalli,13.3692036,78.3462739
Meladepalli,13.3690366,78.320632
Panasamakalapalli,13.3224155,78.2073998
Kodahalli,13.2683924,78.5634899
Padmaghatta,13.1983658,78.4681535
Jallapalli,13.1504322,78.5385883
Dodda Madenahalli,13.1461121,78.3582097
Mallanayakanahalli,13.0977869,78.4666783
Chaluvanahalli,13.1133983,78.067823
Gollahalli,13.0358018,78.2949471
Maliyangurki,12.9723584,78.2153928
Devara Guttahalli,12.7942616,78.127293
Ramapura,12.9425336,77.9408419
Chudagondahalli,12.9412684,77.9011238
Koduru,12.942748,77.8933105
Kesaki Hanchinala,15.5216608,76.4981621
,15.9092408,77.0529717
,15.8644613,76.9931263
Channaviranagara,15.9668992,77.3189449
Nirmala Hanumapura,15.9692123,77.2970179
,15.9886786,77.1597097
Maliyabad,16.1555885,77.371071
ದಾಮಜಗರ,15.9628042,77.3837364
,14.3539029,75.9767756
Baswantpura,16.4145976,77.212826
Kolakunda Thanda,16.9644701,77.3499888
Devapura,17.0162756,77.0373237
Kumbarahalli,16.9387518,77.0231187
Yagapura Tanda,16.9229609,77.0990413
Chankuniya,17.0029229,77.3833448
Polakapalli Tanda,17.4108947,77.4490642
Gadilingahalli,17.5491785,77.2133303
Gandhi Nagara,17.5368516,77.2983026
Nimbur Thanda,17.7891256,77.2630906
Chillaragi,17.9949378,77.6233649
Murugoli,12.8749188,75.2120584
,18.4504433,77.3247385
Jalagaranahalli,13.2033734,76.361953
kodikopallu,13.2008997,76.3744321
Hosur,13.2072172,76.3830522
Shivapura,13.2276741,76.3705343
Mallena Halli,13.2383438,76.3603741
Chaukiwadi,17.889264,76.8503094
Bandenawajwadi,17.8038614,76.942631
Kaulevadi,15.7993356,74.3964422
Athravalli,13.5030526,75.2602421
Kargadde,13.5097436,75.264484
Nandigodu,13.5140822,75.2770885
Gabitawada,14.8956136,74.0998328
Hodilebag,14.8871633,74.1337251
Asnoti,14.8784534,74.1517711
Parappu,12.8031778,74.9907993
Balepuni,12.7924679,74.9982666
Monthimar,12.8123289,75.0093245
Suribail,12.8159969,75.0451239
Narsha,12.8070872,75.0516101
Serkala,12.7985781,75.0449177
Kudthamugeru,12.7754736,75.0490804
Kolnadu,12.7913705,75.0309016
Marpalli,13.317825,74.765808
Ballur,12.7545754,77.7878126
Nelganti,15.9697874,74.7104644
