village_id,gp_id,gp_name
597114,215779,Appachiwadi
597115,215779,Appachiwadi
597116,215779,Appachiwadi
597117,215813,Kurli
597118,215813,Kurli
597120,215810,Koganolli
597121,215810,Koganolli
597122,215776,Adi
597123,215784,Benadi
597124,215784,Benadi
597125,215777,Akkol
597126,215814,Lakhanapur
597127,215814,Lakhanapur
597128,215799,Jathrat
597129,215776,Adi
597130,215834,Soundalga
597131,215839,Yamagarani
597132,215839,Yamagarani
597133,215834,Soundalga
597134,215839,Yamagarani
597135,215809,Kodani
597136,215809,Kodani
597137,215832,Shiraguppi
597138,215832,Shiraguppi
597139,215832,Shiraguppi
597140,215829,Shendur
597141,215829,Shendur
597142,215840,Yarnal
597144,215840,Yarnal
597145,215840,Yarnal
597146,215840,Yarnal
597147,215817,Manakapur
597148,215817,Manakapur
597149,273233,Doniwadi
597151,273233,Doniwadi
597152,215815,Malikawad
597153,215798,Janwad
597154,215830,Shiradawad
597155,215805,Kardaga
597156,215781,Barwad
597157,215818,Mangur
597158,215812,Kunnur
597159,215812,Kunnur
597160,215812,Kunnur
597161,215785,Bhoj
597162,215794,Hunnaragi
597163,215833,Sidnal
597164,215816,Mamadapur
597165,215791,Galataga
597166,215791,Galataga
597167,215791,Galataga
597168,215782,Bedkihal
597169,215828,Shamanewadi
597170,215826,Nej
597171,215821,Nagaral
597172,215824,Nanadi
597173,215824,Nanadi
597174,215815,Malikawad
597176,215803,Kallol
597178,215838,Yadoor
597179,215787,Chandur
597180,215787,Chandur
597181,215838,Yadoor
597182,215838,Yadoor
597183,215795,Ingali
597184,215819,Manjari
597186,215778,Ankali
597187,215778,Ankali
597188,215802,Kadapur
597189,215800,Jodakurali
597190,215807,Kerur
597191,215807,Kerur
597192,215793,Hirekodi
597193,215789,Chinchani
597194,215789,Chinchani
597195,215831,Shiragoan
597196,215831,Shiragoan
597197,215831,Shiragoan
597198,215808,Khadaklat
597199,215808,Khadaklat
597200,215788,Chikkalawal
597201,215788,Chikkalawal
597202,215788,Chikkalawal
597203,215808,Khadaklat
597204,215825,Navalihal
597205,215825,Navalihal
597206,215808,Khadaklat
597207,215827,Pattankudi
597208,215837,Walaki
597209,215823,Nainglaj
597210,215823,Nainglaj
597211,215823,Nainglaj
597212,215825,Navalihal
597213,215811,Kothali
597214,215789,Chinchani
597215,215789,Chinchani
597216,215835,Umarani
597217,215835,Umarani
597218,215822,Nagarmunoli
597219,215783,Belakud
597220,215780,Bambalawad
597221,215780,Bambalawad
597222,215806,Karoshi
597223,215797,Jainapur
597224,215797,Jainapur
597225,215792,Hattarawat
597226,215792,Hattarawat
597227,215792,Hattarawat
597228,215836,Vadral
597229,215836,Vadral
597230,215836,Vadral
597231,215820,Mugali
597232,215820,Mugali
597233,215780,Bambalawad
597234,215804,Karagaon
597235,215804,Karagaon
597236,215804,Karagaon
597237,215822,Nagarmunoli
597242,215796,Jagnur
597243,215796,Jagnur
597244,215796,Jagnur
597245,215796,Jagnur
597246,215665,Shirur
597247,215638,Khelegaon
597248,215638,Khelegaon
597249,215623,Ananthpur
597250,215646,Malabad
597251,215646,Malabad
597252,215655,Sambaragi
597253,215655,Sambaragi
597254,215665,Shirur
597255,215655,Sambaragi
597256,215624,Aralihatti
597257,215624,Aralihatti
597258,273222,Jakkaratti
597259,273222,Jakkaratti
597260,215631,Jambagi
597261,215631,Jambagi
597262,215628,Gundewadi
597263,215626,Balligeri
597264,215628,Gundewadi
597265,215631,Jambagi
597266,215644,Madhabhavi
597267,215644,Madhabhavi
597268,273225,Siddewadi
597269,215631,Jambagi
597270,215654,Parthanahalli
597271,215654,Parthanahalli
597272,215654,Parthanahalli
597273,215654,Parthanahalli
597274,273221,Chamkeri
597275,273221,Chamkeri
597277,215632,Jugul
597278,215632,Jugul
597279,215632,Jugul
597280,215663,Shiraguppi
597281,215643,Kusnal
597282,215643,Kusnal
597283,215668,Ugar B K
597287,215647,Mangasuli
597288,215647,Mangasuli
597289,215637,Kempawad
597290,215637,Kempawad
597291,215637,Kempawad
597292,215648,Mole
597293,215648,Mole
597295,215642,Krishna Kittur
597296,215642,Krishna Kittur
597297,215649,Muragundi
597298,215649,Muragundi
597299,215656,Athani (Grameen)
597300,215656,Athani (Grameen)
597301,215666,Tangadi
597302,215666,Tangadi
597303,215656,Athani (Grameen)
597304,215630,Hulagabali
597305,215650,Nadi Ingalagaon
597306,215657,Saptasagar
597307,215657,Saptasagar
597308,215657,Saptasagar
597309,215627,Darur
597310,215629,Halyal
597311,215651,Naganur P K
597312,215651,Naganur P K
597313,215660,Shankaratti
597314,215660,Shankaratti
597315,215662,Shegunashi
597316,215651,Naganur P K
597317,215658,Satti
597318,273224,Radderahatti
597319,215653,Nandeshwar
597320,215645,Maheshwadi
597321,215645,Maheshwadi
597322,215659,Savadi
597323,273223,Kannala
597324,215635,Kakamari
597325,215641,Kottalagi
597326,273223,Kannala
597327,215667,Telsang
597328,273223,Kannala
597329,215621,Aigali
597330,215621,Aigali
597331,215639,Kohalli
597332,215639,Kohalli
597333,215620,Adahalli
597334,215620,Adahalli
597335,215670,Yeli Hadagali
597336,215670,Yeli Hadagali
597337,273220,Badachi
597338,273220,Badachi
597339,273220,Badachi
597340,215625,Aratal
597341,215625,Aratal
597342,215625,Aratal
597343,215640,Kokatanur
597344,215636,Katageri
597345,215640,Kokatanur
597346,215636,Katageri
597347,215636,Katageri
597348,215636,Katageri
597349,215652,Nandagaon
597350,215652,Nandagaon
597351,215664,Shirahatti
597352,215664,Shirahatti
597353,215633,Junjarwadi
597354,273226,Suttatti
597355,216102,Savadatti
597356,216079,Diggewadi
597357,262923,Jalalpur
597358,216076,Bhirdi
597360,216101,Raibag(R)
597361,216101,Raibag(R)
597362,274439,Yadrav
597363,216095,Nasalapur
597364,216094,Nandikurli
597365,274151,Kempatti
597366,216091,Mekhali
597367,216091,Mekhali
597368,216083,Hubbarwadi
597369,216083,Hubbarwadi
597370,216091,Mekhali
597371,216083,Hubbarwadi
597372,216096,Nidgundi
597373,216077,Byakud
597374,216077,Byakud
597375,216077,Byakud
597376,216075,Bendwad
597377,216075,Bendwad
597378,216075,Bendwad
597379,216075,Bendwad
597380,277523,Mantur
597381,216098,Nipnal
597383,216090,Kudachi(R)
597384,216104,Sirgur
597385,216104,Sirgur
597386,216100,Parmanandwadi
597387,216088,Khemlapur
597388,275455,Yalparatti
597389,273244,Siddapura
597390,216089,Koligudda
597391,273245,Yabaratti
597394,216073,Alaknoor
597395,216097,Niliji
597396,276042,Sutatti
597397,216092,Morab
597398,216074,Bekkeri
597399,216096,Nidgundi
597400,216072,Alagwadi
597401,216072,Alagwadi
597402,216082,Hidkal
597404,273243,Khanadal
597405,216103,Savsuddi
597406,216087,Katakbhavi
597407,216087,Katakbhavi
597408,216084,Itnal
597409,216086,Kappalgudi
597410,216099,Palbhavi
597411,216086,Kappalgudi
597412,216080,Handigund
597413,216086,Kappalgudi
597414,273235,Dandapura
597415,215888,Tukkanatti
597417,273238,Khanatti
597418,273238,Khanatti
597419,215855,Hallur
597420,215882,Shivapur (H)
597421,273238,Khanatti
597422,215875,Munyal
597423,215875,Munyal
597424,215875,Munyal
597425,215849,Dharmatti
597426,273240,Patagundi
597427,273236,Gujanatti
597428,273236,Gujanatti
597430,215880,Rajapur
597431,215852,Duradundi
597432,273235,Dandapura
597433,215845,Badigavad
597434,215879,Phamaladinni
597436,215878,Nandagaon
597437,215878,Nandagaon
597438,215878,Nandagaon
597439,215863,Konnur (Rural)
597440,215863,Konnur (Rural)
597441,215863,Konnur (Rural)
597443,215883,Sidhikurabet
597445,215867,Lolasur
597446,215877,Nallanatti
597447,215877,Nallanatti
597449,216048,Hanamapur
597450,215846,Balobal
597451,215846,Balobal
597452,215858,Hunashyala P G
597453,215890,Vaderahatti
597454,215890,Vaderahatti
597455,215873,Masaguppi
597456,215866,Kundaragi
597457,215867,Lolasur
597458,215862,Kolavi
597459,215870,Maladinni
597460,215870,Maladinni
597461,215872,Mamadapur
597462,215872,Mamadapur
597463,215872,Mamadapur
597464,215847,Benachinamardi
597465,215862,Kolavi
597466,215887,Tawaga
597467,273234,Benachinamaradi
597468,215847,Benachinamardi
597469,215847,Benachinamardi
597470,215847,Benachinamardi
597471,215866,Kundaragi
597472,215866,Kundaragi
597473,215854,Gujanal
597474,215854,Gujanal
597477,215868,Madaval
597478,215868,Madaval
597479,215868,Madaval
597480,215887,Tawaga
597481,215861,Khanagaon
597482,215862,Kolavi
597483,215869,Makkalageri
597484,215856,Hirenandi
597485,215856,Hirenandi
597486,215856,Hirenandi
597487,215869,Makkalageri
597488,215881,Shiltibhavi
597489,215861,Khanagaon
597490,273239,Midakanatti
597491,215868,Madaval
597494,215885,Sunadholi
597495,215854,Gujanal
597496,215854,Gujanal
597497,215884,Suladhala
597498,215884,Suladhala
597500,273239,Midakanatti
597501,215861,Khanagaon
597502,215861,Khanagaon
597503,215881,Shiltibhavi
597504,215869,Makkalageri
597505,215881,Shiltibhavi
597506,215857,Hunashyal P Y
597507,215857,Hunashyal P Y
597508,215850,Dhavaleshwar
597509,215850,Dhavaleshwar
597510,215844,Avaradi
597511,215844,Avaradi
597512,215844,Avaradi
597513,215844,Avaradi
597514,273237,Kamanakatti
597515,273237,Kamanakatti
597516,273237,Kamanakatti
597517,215891,Yadawad
597518,215844,Avaradi
597519,215865,Kulagod
597520,215857,Hunashyal P Y
597521,215857,Hunashyal P Y
597522,215885,Sunadholi
597524,215885,Sunadholi
597525,274212,Tigadi
597526,274212,Tigadi
597527,215886,Talakatnal
597528,215889,Udagatti
597529,215889,Udagatti
597530,215889,Udagatti
597531,215874,Melawanki
597532,215874,Melawanki
597533,215874,Melawanki
597534,273242,Tapasi
597535,215848,Betageri
597536,273242,Tapasi
597537,215886,Talakatnal
597538,215853,Gosabal
597539,215853,Gosabal
597540,215853,Gosabal
597541,215859,Kalliguddi
597542,215864,Koujalagi
597543,215859,Kalliguddi
597544,215859,Kalliguddi
597545,215910,Hittani
597546,215910,Hittani
597547,215926,Mathiwade
597548,215926,Mathiwade
597549,215894,B Alur
597550,215894,B Alur
597551,215894,B Alur
597552,215926,Mathiwade
597553,215920,Konankeri
597554,215920,Konankeri
597555,215920,Konankeri
597556,215916,Kanagala
597557,215896,Bad
597558,215936,Solapur
597559,215908,Haragapur
597560,215896,Bad
597561,215918,Kesthi
597562,215918,Kesthi
597563,215918,Kesthi
597564,215902,Borgal
597565,215902,Borgal
597566,215892,Ammangi
597567,215892,Ammangi
597568,215929,Nedasosi
597569,215893,Ankali
597570,215905,Gotur
597571,215915,Kamatnur
597572,215930,Nerali
597573,215930,Nerali
597574,215915,Kamatnur
597575,215905,Gotur
597576,215909,Hebbal
597577,215919,Kocheri
597578,215907,Hanchinal
597579,215939,U Khanapur
597580,215907,Hanchinal
597581,215923,Kurani
597582,215923,Kurani
597583,215919,Kocheri
597584,215940,Yadagud
597585,215900,Belavi
597586,215900,Belavi
597587,215934,Sarapur
597588,215934,Sarapur
597589,215934,Sarapur
597590,215895,B Bagewadi
597591,215895,B Bagewadi
597592,274150,Shiradaana
597593,274150,Shiradaana
597594,215906,Gudas
597595,215922,Kotabagi
597596,215913,Hulloli
597597,215913,Hulloli
597598,215942,Yelimunalli
597599,215942,Yelimunalli
597600,215942,Yelimunalli
597601,215922,Kotabagi
597602,215924,Madhihalli
597603,215922,Kotabagi
597604,215924,Madhihalli
597605,215937,Sulthanaput
597606,215937,Sulthanaput
597607,215937,Sulthanaput
597608,215901,Benawad
597609,215901,Benawad
597610,215899,Bastwad
597611,215897,Badakundhri
597612,215897,Badakundhri
597613,215897,Badakundhri
597614,215912,Hosur
597615,215912,Hosur
597616,215912,Hosur
597617,215911,Hospet
597618,215911,Hospet
597619,215932,Rustampur
597620,215917,Karaguppi
597621,215911,Hospet
597622,215911,Hospet
597623,215904,Gotageri
597624,215927,Mavanur
597625,215904,Gotageri
597626,215938,Thana Hatergi
597627,215941,Yamakanmardi
597628,215907,Hanchinal
597629,215941,Yamakanmardi
597630,215925,Managuthi
597631,215938,Thana Hatergi
597632,215925,Managuthi
597633,215925,Managuthi
597634,215925,Managuthi
597635,215928,Naganur K D
597636,215928,Naganur K D
597637,215928,Naganur K D
597638,215928,Naganur K D
597639,215903,Daddi
597640,215921,Kot
597641,215921,Kot
597642,215921,Kot
597643,215933,Salamwadi
597644,215933,Salamwadi
597645,215921,Kot
597646,215933,Salamwadi
597647,215903,Daddi
597648,215903,Daddi
597649,215914,Islampur
597650,215914,Islampur
597651,215935,Shabandar
597652,215935,Shabandar
597653,215935,Shabandar
597654,215935,Shabandar
597655,215898,Basapur
597656,215898,Basapur
597657,215898,Basapur
597658,215898,Basapur
597659,215914,Islampur
597660,215917,Karaguppi
597661,215917,Karaguppi
597662,215932,Rustampur
597663,215932,Rustampur
597664,215932,Rustampur
597665,215931,Pachapur
597666,215931,Pachapur
597667,215927,Mavanur
597668,215694,Hosa Vantamari
597669,215694,Hosa Vantamari
597670,215680,Bambarga
597671,215680,Bambarga
597672,215694,Hosa Vantamari
597673,215694,Hosa Vantamari
597674,215694,Hosa Vantamari
597675,215693,Honga
597676,215680,Bambarga
597677,215691,Handiganur
597678,215691,Handiganur
597679,215680,Bambarga
597680,215691,Handiganur
597681,215691,Handiganur
597682,215671,Agasage
597683,215671,Agasage
597684,215701,Kedhanur
597685,215701,Kedhanur
597686,215671,Agasage
597687,215697,Kadoli
597690,215700,Kangrali K.H
597691,215699,Kangrali B.K
597692,215693,Honga
597694,215698,Kakti
597695,215714,Rangadolhi
597697,215714,Rangadolhi
597698,215714,Rangadolhi
597699,215714,Rangadolhi
597700,215714,Rangadolhi
597701,215714,Rangadolhi
597702,215695,Hudali
597703,215721,Thumergudi
597704,215721,Thumergudi
597706,273228,Kalakhamba
597707,215708,Muchhandi
597708,215675,Aste
597709,215675,Aste
597710,215682,Bekkinkeri
597711,215682,Bekkinkeri
597712,215694,Hosa Vantamari
597713,215672,Ambewadi
597714,215672,Ambewadi
597715,215672,Ambewadi
597716,215718,Sulage(U)
597717,215718,Sulage(U)
597718,215723,Uchangaon
597720,215722,Turmari
597721,215722,Turmari
597722,215703,Kudramani
597723,215684,Belgundhi
597724,215684,Belgundhi
597725,215684,Belgundhi
597727,215705,Mandoli
597728,215705,Mandoli
597729,215687,Bijagarni
597731,215687,Bijagarni
597732,215687,Bijagarni
597733,215683,Belawatti
597734,215683,Belawatti
597735,215683,Belawatti
597736,215683,Belawatti
597737,215702,Kinye
597738,215702,Kinye
597739,215702,Kinye
597742,215716,Santibastwad
597743,215702,Kinye
597744,215702,Kinye
597745,273232,Waghawade
597746,215688,Desur
597747,215717,Sulage Y
597748,215717,Sulage Y
597749,215711,Nandhihalli
597750,215711,Nandhihalli
597751,215688,Desur
597752,215689,Dhamane S
597753,215717,Sulage Y
597754,215675,Aste
597755,215719,Sulebhavi
597756,215719,Sulebhavi
597757,215721,Thumergudi
597758,273229,Kardiguddi
597759,215706,Marihal
597760,215719,Sulebhavi
597761,273231,Modaga
597762,215679,Balikundir B K
597763,273231,Modaga
597764,215678,Balekundir K H
597765,215712,Nilaji
597766,215712,Nilaji
597767,215707,Mastmardi
597768,215678,Balekundir K H
597769,215720,Tarihal
597770,215720,Tarihal
597771,215707,Mastmardi
597772,215690,Halaga
597773,215681,Bastawada
597774,215707,Mastmardi
597775,215681,Bastawada
597776,215681,Bastawada
597777,215720,Tarihal
597778,215674,Aralikatti
597779,215674,Aralikatti
597780,215674,Aralikatti
597782,215696,K K Koppa
597783,215696,K K Koppa
597784,215673,Ankalagi
597785,215673,Ankalagi
597786,215686,Bendugeri
597787,215676,Badas K H
597788,215676,Badas K H
597789,273230,Kukadolli
597790,215710,Muthnal
597791,215710,Muthnal
597792,215698,Kakti
597794,215700,Kangrali K.H
597795,215699,Kangrali B.K
597796,215719,Sulebhavi
597797,215715,Sambra
597798,215709,Mutaga
597802,215724,Yallur
597803,215988,Parawad
597804,215969,Kanakumbi
597805,215969,Kanakumbi
597806,215988,Parawad
597807,215988,Parawad
597808,215988,Parawad
597809,215969,Kanakumbi
597810,215954,Golalli
597811,215954,Golalli
597812,215954,Golalli
597813,215954,Golalli
597814,215943,Amate
597815,215943,Amate
597816,215943,Amate
597817,215966,Jamboti
597818,215943,Amate
597819,215943,Amate
597820,215944,Bailur
597821,215944,Bailur
597822,215944,Bailur
597823,215944,Bailur
597824,215944,Bailur
597825,215966,Jamboti
597826,215966,Jamboti
597827,215986,Nilawade
597828,215986,Nilawade
597829,215986,Nilawade
597830,215986,Nilawade
597831,215985,Nerase
597832,215986,Nilawade
597833,215986,Nilawade
597834,215986,Nilawade
597835,215986,Nilawade
597836,215986,Nilawade
597837,215986,Nilawade
597838,215982,Nagurda
597839,215982,Nagurda
597840,215944,Bailur
597841,215982,Nagurda
597842,215982,Nagurda
597843,215990,Ramagurwadi
597844,215990,Ramagurwadi
597845,215990,Ramagurwadi
597846,215987,Nittur
597847,215987,Nittur
597848,215964,Iddalahonda
597849,215957,Gurlagunji
597850,215964,Iddalahonda
597851,215964,Iddalahonda
597852,215964,Iddalahonda
597853,215945,Baragaon
597854,215993,Topinakatti
597855,215993,Topinakatti
597856,215951,Devalatti
597857,215976,Lokoli
597858,215976,Lokoli
597859,215993,Topinakatti
597860,215945,Baragaon
597861,215945,Baragaon
597862,215959,Halakarni
597863,215959,Halakarni
597864,215959,Halakarni
597865,215959,Halakarni
597866,215990,Ramagurwadi
597867,215979,Manturga
597868,215971,Karmbla
597869,215971,Karmbla
597870,215971,Karmbla
597871,215971,Karmbla
597872,215945,Baragaon
597873,215990,Ramagurwadi
597874,215976,Lokoli
597875,215976,Lokoli
597876,215976,Lokoli
597877,215976,Lokoli
597878,215951,Devalatti
597879,215989,Parisawad
597880,215962,Hirehattiholi
597881,215962,Hirehattiholi
597882,215962,Hirehattiholi
597883,215962,Hirehattiholi
597884,215963,Hiremunolli
597885,215963,Hiremunolli
597886,215963,Hiremunolli
597887,215974,Kodacawad
597888,215974,Kodacawad
597889,215974,Kodacawad
597890,215950,Chapagaon
597891,215950,Chapagaon
597892,215950,Chapagaon
597893,215950,Chapagaon
597894,215961,Hebbal
597895,215961,Hebbal
597896,215961,Hebbal
597897,215972,Kasaba Nandagad
597898,215972,Kasaba Nandagad
597899,215972,Kasaba Nandagad
597900,215972,Kasaba Nandagad
597901,215947,Bekawad
597902,215947,Bekawad
597903,215974,Kodacawad
597904,215974,Kodacawad
597905,215947,Bekawad
597906,215947,Bekawad
597907,215967,Kadatanabagewadi
597908,215952,Gandigawad
597909,215967,Kadatanabagewadi
597910,215965,Itagi
597911,215965,Itagi
597912,215952,Gandigawad
597913,215992,Shiroli
597914,215992,Shiroli
597915,215992,Shiroli
597916,215992,Shiroli
597917,215985,Nerase
597918,215985,Nerase
597919,215985,Nerase
597920,215992,Shiroli
597921,215992,Shiroli
597922,215992,Shiroli
597923,215985,Nerase
597924,215979,Manturga
597925,215985,Nerase
597926,215992,Shiroli
597927,215992,Shiroli
597928,215980,Mohisett
597929,215980,Mohisett
597930,215980,Mohisett
597931,215956,Gunji
597932,215956,Gunji
597933,215956,Gunji
597934,215992,Shiroli
597935,215979,Manturga
597936,215979,Manturga
597937,215991,Shindolli
597938,215991,Shindolli
597939,215991,Shindolli
597940,215991,Shindolli
597941,215979,Manturga
597942,215991,Shindolli
597943,215956,Gunji
597944,215956,Gunji
597945,215980,Mohisett
597946,215970,Kapoli Kg
597947,215970,Kapoli Kg
597948,215970,Kapoli Kg
597949,215956,Gunji
597950,215956,Gunji
597951,215956,Gunji
597952,215949,Bijagarni
597953,215949,Bijagarni
597954,215949,Bijagarni
597955,215949,Bijagarni
597956,215970,Kapoli Kg
597957,215970,Kapoli Kg
597958,215970,Kapoli Kg
597959,215980,Mohisett
597960,215980,Mohisett
597961,215980,Mohisett
597962,215980,Mohisett
597963,215980,Mohisett
597964,215981,Nagargali
597965,215955,Gotagali
597966,215955,Gotagali
597967,215955,Gotagali
597968,215955,Gotagali
597969,215955,Gotagali
597970,215970,Kapoli Kg
597971,215955,Gotagali
597972,215955,Gotagali
597973,215955,Gotagali
597974,215981,Nagargali
597975,215981,Nagargali
597976,215981,Nagargali
597977,215955,Gotagali
597978,215981,Nagargali
597979,215981,Nagargali
597980,215981,Nagargali
597981,215949,Bijagarni
597982,215960,Halasi
597983,215958,Halaga
597984,215958,Halaga
597985,215958,Halaga
597986,215958,Halaga
597987,215958,Halaga
597988,215958,Halaga
597989,215984,Nanjanakodal
597990,215984,Nanjanakodal
597991,215984,Nanjanakodal
597992,215984,Nanjanakodal
597993,215984,Nanjanakodal
597994,215946,Beedi
597995,215946,Beedi
597996,215952,Gandigawad
597997,215973,Kherawad
597998,215973,Kherawad
597999,215978,Mangenkopp
598000,215978,Mangenkopp
598001,215946,Beedi
598002,215946,Beedi
598003,215948,Bhurunaki
598004,215948,Bhurunaki
598005,215948,Bhurunaki
598006,215948,Bhurunaki
598007,215953,Godoli
598008,215981,Nagargali
598009,215953,Godoli
598010,215953,Godoli
598011,215975,Linganamath
598012,215968,Kakkeri
598013,215948,Bhurunaki
598014,215973,Kherawad
598015,215948,Bhurunaki
598016,215968,Kakkeri
598017,215975,Linganamath
598018,215975,Linganamath
598019,215953,Godoli
598020,215975,Linganamath
598021,215983,Nandagad
598022,215977,Londa
598023,215739,Deshanur
598024,215739,Deshanur
598025,215762,Nesargi
598026,273227,Mallapur K.N
598027,273227,Mallapur K.N
598028,215758,Mekalamardi
598029,215744,Hanabaratti
598030,215744,Hanabaratti
598031,215744,Hanabaratti
598032,215775,Vannur
598033,215775,Vannur
598034,215775,Vannur
598035,215758,Mekalamardi
598036,215758,Mekalamardi
598037,215758,Mekalamardi
598038,215759,Murakibhavi
598039,215767,Sutagatti
598040,215767,Sutagatti
598041,215767,Sutagatti
598042,215767,Sutagatti
598043,215745,Hannnikeri
598044,215732,Bhavihal
598045,215732,Bhavihal
598046,215759,Murakibhavi
598047,215760,Naganur
598048,215732,Bhavihal
598049,215769,Tigadi
598050,215732,Bhavihal
598051,215745,Hannnikeri
598052,215745,Hannnikeri
598053,215757,Marikatti
598054,215757,Marikatti
598055,215757,Marikatti
598056,215757,Marikatti
598057,215757,Marikatti
598058,215734,Chikkabagewadi
598059,215734,Chikkabagewadi
598060,215734,Chikkabagewadi
598061,215769,Tigadi
598062,215734,Chikkabagewadi
598063,215755,M. Nagalapur
598064,215755,M. Nagalapur
598065,215747,Holihosur
598066,215747,Holihosur
598067,215755,M. Nagalapur
598068,215765,Sampgaon
598069,215730,Bailwad
598070,215761,Neginhal
598071,215761,Neginhal
598072,299807,Veerapura
598074,299807,Veerapura
598075,215736,D.Shigihalli
598076,215737,Dastikoppa
598077,215736,D.Shigihalli
598078,215749,Kadrolli
598079,215748,Hunasikatti
598080,215771,Turmari
598081,215750,Kalabhavi
598082,215752,Khodanpur
598083,215752,Khodanpur
598084,215752,Khodanpur
598085,215750,Kalabhavi
598086,215750,Kalabhavi
598087,215726,Ambadgatti
598088,215726,Ambadgatti
598089,215726,Ambadgatti
598090,215770,Tigadolli
598091,215770,Tigadolli
598092,215773,Ugarkhod
598093,215773,Ugarkhod
598094,215773,Ugarkhod
598095,215746,Hirenandihalli
598096,215746,Hirenandihalli
598097,215746,Hirenandihalli
598098,215763,Nichanaki
598099,215728,Avaradi
598100,215728,Avaradi
598101,215728,Avaradi
598102,215728,Avaradi
598103,215773,Ugarkhod
598104,215738,Degaon
598105,215729,Bailur
598106,215729,Bailur
598107,215738,Degaon
598108,215738,Degaon
598109,215738,Degaon
598112,215763,Nichanaki
598113,215763,Nichanaki
598114,215763,Nichanaki
598115,215763,Nichanaki
598116,215738,Degaon
598117,215754,Kulavalli
598118,215754,Kulavalli
598119,215735,Chivatgundi
598120,215735,Chivatgundi
598121,215730,Bailwad
598122,215725,Amatur
598123,215740,Devalapur
598124,215725,Amatur
598125,215727,Anigol
598126,215774,Vakkund
598127,215774,Vakkund
598128,215725,Amatur
598129,215725,Amatur
598130,215725,Amatur
598131,215743,H.Nagalapur
598132,215743,H.Nagalapur
598133,215766,Sangolli
598134,215766,Sangolli
598135,215751,Kenganur
598136,215751,Kenganur
598137,215751,Kenganur
598138,215751,Kenganur
598139,215772,Udakeri
598140,215772,Udakeri
598141,215772,Udakeri
598142,215731,Belavadi
598143,215764,Pattihal K.B
598144,215731,Belavadi
598145,215768,T. Shigihalli
598146,215768,T. Shigihalli
598147,215768,T. Shigihalli
598148,215733,Budarkatti
598149,215733,Budarkatti
598150,215742,Govankoppa
598151,215742,Govankoppa
598152,215742,Govankoppa
598153,215741,Dodavad
598154,215741,Dodavad
598155,215994,Akkisagar
598156,216020,Mugalihal
598157,216020,Mugalihal
598158,216020,Mugalihal
598159,215994,Akkisagar
598160,216016,Madamageri
598161,216016,Madamageri
598162,215994,Akkisagar
598163,216025,Sattigeri
598164,216028,Soppadla
598165,216025,Sattigeri
598166,216025,Sattigeri
598167,216016,Madamageri
598168,216016,Madamageri
598169,216015,Kotur - Shivapur
598170,216015,Kotur - Shivapur
598171,216012,Kadabi
598172,216012,Kadabi
598173,216012,Kadabi
598174,216036,Yarazarvi
598175,216036,Yarazarvi
598177,216028,Soppadla
598178,216028,Soppadla
598179,273247,Aladakatti K.M
598180,216036,Yarazarvi
598181,216031,Tallur
598182,216031,Tallur
598183,216031,Tallur
598184,216031,Tallur
598185,216017,Madlur
598186,216017,Madlur
598187,216017,Madlur
598188,273249,Mabanur
598189,215999,Chachadi
598190,216005,Hirebudnur
598191,216005,Hirebudnur
598192,216005,Hirebudnur
598193,216030,Tadasalur
598194,216030,Tadasalur
598195,215999,Chachadi
598196,216004,Harogoppa
598197,216011,Inchal
598198,216011,Inchal
598199,216004,Harogoppa
598200,216004,Harogoppa
598201,216030,Tadasalur
598202,216030,Tadasalur
598203,216030,Tadasalur
598204,216022,Murgod
598205,216022,Murgod
598206,216023,Rudrapur
598207,216023,Rudrapur
598208,216023,Rudrapur
598209,216023,Rudrapur
598210,216019,Marakumbi
598211,216019,Marakumbi
598212,216019,Marakumbi
598213,216009,Hosur
598214,216018,Mallur
598215,216018,Mallur
598216,216018,Mallur
598217,216018,Mallur
598218,216018,Mallur
598219,216029,Sutagatti
598220,216029,Sutagatti
598221,216029,Sutagatti
598222,216027,Sirasangi
598223,216029,Sutagatti
598224,216029,Sutagatti
598225,216034,Yakkundi
598226,216034,Yakkundi
598227,215997,Badli
598228,216034,Yakkundi
598229,216034,Yakkundi
598230,215997,Badli
598231,215997,Badli
598232,215997,Badli
598233,215997,Badli
598234,216002,Goravanakolla
598235,215996,Asundi
598236,215996,Asundi
598237,215996,Asundi
598238,215996,Asundi
598239,216014,Karikatti
598240,216024,Sangreshkop
598241,216024,Sangreshkop
598242,216024,Sangreshkop
598243,216010,Inamahongal
598244,216010,Inamahongal
598245,216010,Inamahongal
598246,216002,Goravanakolla
598247,215998,Betasur
598248,215998,Betasur
598249,216033,Ugaragol
598250,216033,Ugaragol
598251,216006,Hirekumbi
598252,216006,Hirekumbi
598253,216006,Hirekumbi
598254,216006,Hirekumbi
598255,216003,Hanchinal
598257,216032,Teggihal
598258,216032,Teggihal
598259,215995,Aratagal
598260,215995,Aratagal
598261,215995,Aratagal
598262,273248,Bhandarahalli
598263,273248,Bhandarahalli
598264,273248,Bhandarahalli
598265,273248,Bhandarahalli
598266,216026,Shindogi
598267,216002,Goravanakolla
598268,216002,Goravanakolla
598269,216002,Goravanakolla
598270,216002,Goravanakolla
598271,216002,Goravanakolla
598272,216002,Goravanakolla
598273,216026,Shindogi
598274,216001,Gorabal
598275,216001,Gorabal
598276,216027,Sirasangi
598277,216027,Sirasangi
598278,216027,Sirasangi
598279,216013,Kagadal
598280,216008,Hoolikatti
598281,216008,Hoolikatti
598282,216007,Hooli
598283,216000,Chulaki
598284,216000,Chulaki
598285,216013,Kagadal
598286,216013,Kagadal
598287,216052,Hulakund
598288,216040,Chipalkatti
598289,216068,Thondikatti
598290,216051,Hosakoti
598291,216051,Hosakoti
598292,216051,Hosakoti
598293,216068,Thondikatti
598294,216040,Chipalkatti
598295,216049,Hirekop K S
598296,216049,Hirekop K S
598297,216049,Hirekop K S
598298,216054,K Chandargi
598299,216054,K Chandargi
598300,216054,K Chandargi
598301,216054,K Chandargi
598302,216056,Kandhapur
598303,216068,Thondikatti
598304,216056,Kandhapur
598305,216056,Kandhapur
598306,216056,Kandhapur
598307,216056,Kandhapur
598308,216071,Udhapudi
598309,216071,Udhapudi
598310,216071,Udhapudi
598311,216071,Udhapudi
598312,216042,D Salapur
598313,216071,Udhapudi
598314,216071,Udhapudi
598315,216071,Udhapudi
598316,216042,D Salapur
598317,216039,Batakurki
598318,216039,Batakurki
598319,216039,Batakurki
598320,216063,Nandhihal
598321,216063,Nandhihal
598322,216063,Nandhihal
598323,216063,Nandhihal
598324,216039,Batakurki
598325,274152,Obalapura
598326,216048,Hanamapur
598327,216048,Hanamapur
598328,216048,Hanamapur
598329,216050,Hosakeri
598330,216060,Mudhakavi
598331,216060,Mudhakavi
598332,216060,Mudhakavi
598333,216048,Hanamapur
598334,216048,Hanamapur
598335,216061,Mudhinur
598336,216046,Halagathi
598337,216060,Mudhakavi
598338,216053,Idagal
598339,216053,Idagal
598340,216053,Idagal
598341,216053,Idagal
598342,216050,Hosakeri
598343,216050,Hosakeri
598344,216050,Hosakeri
598345,216050,Hosakeri
598346,216054,K Chandargi
598347,216044,Godachi
598348,216044,Godachi
598349,216044,Godachi
598350,216064,Narasapur
598351,216038,Bannur
598352,216038,Bannur
598353,274152,Obalapura
598354,274152,Obalapura
598355,216061,Mudhinur
598356,216066,Sunnahal
598357,216066,Sunnahal
598358,216066,Sunnahal
598359,216066,Sunnahal
598360,216064,Narasapur
598361,216057,Katakol
598362,216069,Thorangatti
598363,216041,Chunchunur
598364,216041,Chunchunur
598365,216041,Chunchunur
598366,273246,Hanamasagar
598367,216055,K Junipeth
598368,216055,K Junipeth
598369,216047,Haletorgal
598370,216047,Haletorgal
598371,216047,Haletorgal
598372,216055,K Junipeth
598373,216055,K Junipeth
598374,216047,Haletorgal
598375,216047,Haletorgal
598376,275456,Turanur
598377,275456,Turanur
598378,275456,Turanur
598379,216043,Ghatakanur
598380,216043,Ghatakanur
598381,216043,Ghatakanur
598382,216043,Ghatakanur
598383,216045,Gonnagar
598384,216045,Gonnagar
598385,216067,Surebhan
598386,216045,Gonnagar
598387,216037,Awardhi
598388,216059,Manihal
598389,216058,Kithur
598390,216058,Kithur
598391,216062,Mullur
598392,216062,Mullur
598393,216062,Mullur
598394,216062,Mullur
598395,216058,Kithur
598396,216067,Surebhan
598397,216037,Awardhi
598398,216037,Awardhi
598399,216065,Sangal
598400,216065,Sangal
598401,216065,Sangal
598402,215261,Halingali
598403,215261,Halingali
598404,273117,Tamadaddi
598405,215261,Halingali
598406,215255,Asangi
598407,215255,Asangi
598408,215272,Kolahalli
598409,215263,Hipparagi
598410,215277,Madarkhandi
598411,273118,Yallatti
598412,273118,Yallatti
598413,215267,Jagdal
598414,215267,Jagdal
598415,215262,Hangandi
598416,215262,Hangandi
598417,215262,Hangandi
598418,215281,Saslatti
598419,215259,Golabavi
598420,215259,Golabavi
598421,215262,Hangandi
598422,215258,Chimmad
598423,215280,Navalagi
598424,215277,Madarkhandi
598425,215278,Maigur
598426,215278,Maigur
598427,215279,Muttur
598428,215270,Kankanwadi
598429,215279,Muttur
598430,215269,Kadapatti
598431,215270,Kankanwadi
598432,215274,Kumbar- Hall
598433,215254,Algur
598434,215275,Kunchanoor
598435,215274,Kumbar- Hall
598436,215269,Kadapatti
598437,215269,Kadapatti
598438,215266,Hunnur
598439,215269,Kadapatti
598440,215275,Kunchanoor
598441,215275,Kunchanoor
598442,215276,Linagnoor
598443,215265,Hulyal
598444,215265,Hulyal
598445,273116,Siddapura
598446,273115,Mareguddhi
598447,215273,Konnur
598448,215276,Linagnoor
598449,215276,Linagnoor
598450,215285,Tungal
598451,215271,Kannolli
598452,273114,Khajibilagi
598453,215260,Gote
598454,215260,Gote
598455,215271,Kannolli
598456,215271,Kannolli
598457,215282,Savalagi
598458,215283,Surapalli
598459,215283,Surapalli
598460,215283,Surapalli
598461,215268,Jambagi B.K.
598462,215268,Jambagi B.K.
598463,215268,Jambagi B.K.
598464,273113,Adihudi
598465,215284,Todalbagi
598466,215264,Hire-Padsalgi
598467,215264,Hire-Padsalgi
598468,215256,Bidari
598469,215257,Chikka-Padsalgi
598470,215257,Chikka-Padsalgi
598471,215256,Bidari
598472,215256,Bidari
598473,215223,Yadahalli
598474,215208,Galgalli
598475,215216,Kollur
598476,215216,Kollur
598477,215216,Kollur
598478,215216,Kollur
598479,215216,Kollur
598480,215223,Yadahalli
598481,215206,Badagi
598482,215206,Badagi
598483,215222,Teggi
598484,215222,Teggi
598485,215219,Siddapur
598486,273105,Nagarala
598487,273105,Nagarala
598488,215219,Siddapur
598489,215222,Teggi
598490,215206,Badagi
598491,215213,Inam - Hanchinal
598492,215213,Inam - Hanchinal
598493,215213,Inam - Hanchinal
598494,215222,Teggi
598495,273105,Nagarala
598496,215220,Sonna
598497,215217,Korti
598498,215217,Korti
598499,215217,Korti
598500,215217,Korti
598501,215217,Korti
598502,273101,Badagandi
598503,215217,Korti
598504,273101,Badagandi
598505,273103,Heggura
598506,273103,Heggura
598507,273103,Heggura
598508,273103,Heggura
598509,273103,Heggura
598510,215207,Chikkalagundi
598511,215207,Chikkalagundi
598512,215215,Kataraki
598513,215215,Kataraki
598514,215215,Kataraki
598515,215205,Arakeri
598516,215205,Arakeri
598517,273104,Janamatti
598518,215221,Sunag
598519,215212,Honnihal
598520,215209,Girisagar
598521,273103,Heggura
598522,273103,Heggura
598523,215214,Kandagal
598524,215214,Kandagal
598525,273103,Heggura
598526,273103,Heggura
598527,215214,Kandagal
598528,215214,Kandagal
598529,215212,Honnihal
598530,215212,Honnihal
598531,215212,Honnihal
598532,215211,Herkal
598533,215221,Sunag
598534,215204,Anagwadi
598535,215221,Sunag
598536,273104,Janamatti
598537,215218,Kundargi
598538,273102,Budihal-Sh
598539,273102,Budihal-Sh
598540,273102,Budihal-Sh
598541,215204,Anagwadi
598542,215204,Anagwadi
598543,215211,Herkal
598544,215306,Saidapur
598545,215300,Madhabavi
598546,215295,Kesarkoppa
598547,215295,Kesarkoppa
598548,215295,Kesarkoppa
598551,215304,Mugalkhoda
598552,215296,Kulalli
598553,215307,Shirol
598554,273123,Soragavi
598555,273123,Soragavi
598556,215301,Malali
598557,215305,Nagaral
598558,215305,Nagaral
598559,273122,Nandagav
598560,215300,Madhabavi
598561,215300,Madhabavi
598562,215290,Dhavaleshwar
598563,215310,Vantgodi
598564,215310,Vantgodi
598565,215310,Vantgodi
598566,215310,Vantgodi
598567,215308,Uttur
598568,215308,Uttur
598569,215308,Uttur
598570,273120,Gulagal-Jambagi
598571,215302,Mantur
598572,215302,Mantur
598573,215302,Mantur
598574,215302,Mantur
598575,273121,Melligeri
598576,273121,Melligeri
598577,215291,Halgali
598578,215303,Metagud
598579,273120,Gulagal-Jambagi
598580,215288,Chinchakhandi K.D.
598581,215288,Chinchakhandi K.D.
598582,215288,Chinchakhandi K.D.
598583,215293,Ingalagi
598584,215293,Ingalagi
598585,273119,Baragi
598586,215309,Vajarmatti
598587,215309,Vajarmatti
598588,215299,Machaknur
598589,215299,Machaknur
598590,215299,Machaknur
598591,215299,Machaknur
598592,273119,Baragi
598593,273119,Baragi
598594,215288,Chinchakhandi K.D.
598595,215294,Kasaba-Jambagi
598596,215294,Kasaba-Jambagi
598597,215292,Hebbal
598598,215303,Metagud
598599,215303,Metagud
598600,215303,Metagud
598601,215292,Hebbal
598602,215292,Hebbal
598603,215292,Hebbal
598604,215286,Bantnur
598605,215286,Bantnur
598606,215286,Bantnur
598607,215286,Bantnur
598608,215297,Laxanatti
598609,215297,Laxanatti
598610,215289,Dadnatti
598611,215289,Dadnatti
598612,215289,Dadnatti
598613,215289,Dadnatti
598614,215297,Laxanatti
598617,215297,Laxanatti
598618,215297,Laxanatti
598619,215297,Laxanatti
598620,215297,Laxanatti
598622,273089,Kainakatti
598623,215149,Anawal
598624,215178,Neerbhudihal
598625,215172,Mustigeri
598626,215178,Neerbhudihal
598627,215178,Neerbhudihal
598628,215181,Sulikeri
598629,215181,Sulikeri
598630,215181,Sulikeri
598631,215158,Huligeri
598632,215158,Huligeri
598633,215178,Neerbhudihal
598634,215178,Neerbhudihal
598635,215149,Anawal
598636,215149,Anawal
598637,273089,Kainakatti
598638,273089,Kainakatti
598639,273089,Kainakatti
598640,273089,Kainakatti
598641,273089,Kainakatti
598642,273089,Kainakatti
598643,215152,Fakirbhudihal
598644,215152,Fakirbhudihal
598645,215158,Huligeri
598646,215158,Huligeri
598647,215158,Huligeri
598648,215159,Hullikeri
598649,215159,Hullikeri
598650,215159,Hullikeri
598651,215159,Hullikeri
598652,215170,Mamtageri
598653,215152,Fakirbhudihal
598654,215152,Fakirbhudihal
598655,215152,Fakirbhudihal
598656,215159,Hullikeri
598657,215159,Hullikeri
598658,215154,Halkurki
598659,215161,Jamankatti
598660,215161,Jamankatti
598661,215163,Katageri
598662,273088,Hangaragi
598663,273088,Hangaragi
598664,215165,Kelavadi
598665,215165,Kelavadi
598666,215165,Kelavadi
598667,215168,Kotikal
598668,215153,Haldur
598669,215153,Haldur
598670,215153,Haldur
598671,215153,Haldur
598672,215153,Haldur
598673,215169,Layadgundi
598674,215153,Haldur
598675,215179,Parvati
598676,215179,Parvati
598677,273087,Hanapur-Sp
598678,215168,Kotikal
598679,215165,Kelavadi
598680,273088,Hangaragi
598681,215161,Jamankatti
598682,215163,Katageri
598683,215155,Hansanur
598684,215155,Hansanur
598685,273087,Hanapur-Sp
598686,273087,Hanapur-Sp
598687,215179,Parvati
598688,215169,Layadgundi
598689,215169,Layadgundi
598690,215169,Layadgundi
598691,215174,Nagaral S.P.
598692,215174,Nagaral S.P.
598693,273091,Mangalagudda
598694,273091,Mangalagudda
598695,273091,Mangalagudda
598696,215177,Neeralkeri
598697,215177,Neeralkeri
598698,273086,Haligeri
598699,215170,Mamtageri
598700,215170,Mamtageri
598701,215172,Mustigeri
598702,215178,Neerbhudihal
598703,215176,Neelgund
598704,215170,Mamtageri
598705,215172,Mustigeri
598706,215170,Mamtageri
598707,215170,Mamtageri
598708,215162,Kaknur
598709,215162,Kaknur
598710,215166,Kulageri Cross
598711,215166,Kulageri Cross
598712,215166,Kulageri Cross
598713,215173,Mutalgeri
598714,215173,Mutalgeri
598715,215156,Hebbali
598716,215156,Hebbali
598717,273092,Narasapur
598718,273092,Narasapur
598719,215176,Neelgund
598720,273092,Narasapur
598721,215166,Kulageri Cross
598722,215162,Kaknur
598723,273085,Alur-Sk
598724,273085,Alur-Sk
598725,273085,Alur-Sk
598726,273085,Alur-Sk
598727,273085,Alur-Sk
598728,273092,Narasapur
598729,215167,Kittali
598730,215167,Kittali
598731,215167,Kittali
598732,215156,Hebbali
598733,215156,Hebbali
598734,215154,Halkurki
598735,215154,Halkurki
598736,215155,Hansanur
598737,273090,Kenduru
598738,273090,Kenduru
598739,215175,Nandikeshwar
598740,215180,Pattadkal
598741,215180,Pattadkal
598742,215180,Pattadkal
598743,215171,Mangalore
598744,215171,Mangalore
598745,215171,Mangalore
598746,215175,Nandikeshwar
598747,215175,Nandikeshwar
598748,215148,Adagal
598749,215148,Adagal
598750,215148,Adagal
598751,215151,Cholachagud
598752,215171,Mangalore
598753,215157,Hosur
598754,215171,Mangalore
598755,215164,Kataraki
598756,215151,Cholachagud
598757,215173,Mutalgeri
598758,215164,Kataraki
598759,215164,Kataraki
598760,215164,Kataraki
598761,215164,Kataraki
598762,215164,Kataraki
598763,215151,Cholachagud
598764,215164,Kataraki
598765,215150,Belur
598766,215150,Belur
598767,215160,Jalihal
598768,215157,Hosur
598769,215157,Hosur
598770,215157,Hosur
598771,215194,Khajidoni
598772,215194,Khajidoni
598773,215194,Khajidoni
598774,215193,Kaladagi
598775,215187,Chikka- Shellikeri
598776,273095,Devanal
598777,273095,Devanal
598778,273095,Devanal
598779,273095,Devanal
598780,215203,Yadahalli
598781,215203,Yadahalli
598782,215203,Yadahalli
598783,215196,Murnal
598784,215192,Kadampur
598785,215192,Kadampur
598786,215196,Murnal
598787,215192,Kadampur
598788,215192,Kadampur
598789,215192,Kadampur
598790,215192,Kadampur
598791,215192,Kadampur
598792,215192,Kadampur
598793,215192,Kadampur
598794,215196,Murnal
598795,215196,Murnal
598796,215188,Gaddankeri
598797,273098,Seemikeri
598798,215202,Tulasigeri
598799,215194,Khajidoni
598800,215187,Chikka- Shellikeri
598801,215187,Chikka- Shellikeri
598802,215187,Chikka- Shellikeri
598803,215188,Gaddankeri
598804,215185,Bennur
598805,215185,Bennur
598806,215190,Hire - Gulbal
598807,215190,Hire - Gulbal
598808,215190,Hire - Gulbal
598809,215190,Hire - Gulbal
598810,215190,Hire - Gulbal
598811,215190,Hire - Gulbal
598812,273100,Timmapur
598813,215190,Hire - Gulbal
598814,215199,Rampur
598815,215199,Rampur
598816,215190,Hire - Gulbal
598817,273096,Hosur
598818,273096,Hosur
598819,215199,Rampur
598820,273100,Timmapur
598821,215191,Kadalimatti
598822,215185,Bennur
598823,215185,Bennur
598824,215195,Mugalolli
598825,215195,Mugalolli
598826,215191,Kadalimatti
598827,215183,Bel-Kerur
598828,215183,Bel-Kerur
598829,273096,Hosur
598830,273096,Hosur
598831,273096,Hosur
598832,273096,Hosur
598833,215197,Nainegalli
598834,215201,Sutagundar
598835,215201,Sutagundar
598836,215201,Sutagundar
598837,273094,Chikkamyageri
598838,273094,Chikkamyageri
598839,273094,Chikkamyageri
598840,273094,Chikkamyageri
598841,215197,Nainegalli
598842,215197,Nainegalli
598843,215197,Nainegalli
598845,273093,Bevinamatti-S.H
598846,215182,Bagavati
598847,215182,Bagavati
598848,215191,Kadalimatti
598849,215191,Kadalimatti
598850,215189,Hallur
598851,215183,Bel-Kerur
598852,273100,Timmapur
598853,215186,Bevoor
598854,215186,Bevoor
598855,215184,Benakatti
598856,215189,Hallur
598857,215184,Benakatti
598858,215184,Benakatti
598859,215195,Mugalolli
598860,273093,Bevinamatti-S.H
598861,273099,Sheegikeri
598862,215198,Neeralkeri
598863,273099,Sheegikeri
598864,215198,Neeralkeri
598866,273097,Neelanagar
598867,215248,Mugnoor
598868,215248,Mugnoor
598869,215248,Mugnoor
598870,215248,Mugnoor
598871,215248,Mugnoor
598872,215248,Mugnoor
598873,215248,Mugnoor
598874,215248,Mugnoor
598875,215237,Hire-Magi
598876,215237,Hire-Magi
598877,215237,Hire-Magi
598878,215237,Hire-Magi
598879,273111,Huvinahalli
598880,273111,Huvinahalli
598881,273111,Huvinahalli
598882,215240,Iahole
598883,215240,Iahole
598884,215240,Iahole
598885,215230,Chikkanal
598886,215245,Kelur
598887,215251,Rakkasagi
598888,215252,Sulibavi
598889,215253,Vadgeri
598890,215245,Kelur
598891,215245,Kelur
598892,215230,Chikkanal
598893,215230,Chikkanal
598894,215230,Chikkanal
598895,215230,Chikkanal
598896,215230,Chikkanal
598897,215230,Chikkanal
598898,273112,Muradi
598899,273112,Muradi
598900,215253,Vadgeri
598901,215253,Vadgeri
598902,215253,Vadgeri
598903,273110,Hiremalagavi
598904,273110,Hiremalagavi
598905,273110,Hiremalagavi
598906,273110,Hiremalagavi
598907,273110,Hiremalagavi
598908,215233,Ganjihal
598909,215233,Ganjihal
598910,215227,Belgal
598911,215246,Kodal-Sangam
598912,215246,Kodal-Sangam
598913,273106,Bisaladinni
598914,273106,Bisaladinni
598915,273106,Bisaladinni
598916,273106,Bisaladinni
598917,273106,Bisaladinni
598918,215246,Kodal-Sangam
598919,215246,Kodal-Sangam
598920,215232,Dhannur
598921,215227,Belgal
598922,215227,Belgal
598923,215227,Belgal
598924,215231,Chittargi
598925,215227,Belgal
598926,215224,Amarawati
598927,215231,Chittargi
598928,215231,Chittargi
598929,215251,Rakkasagi
598930,215251,Rakkasagi
598931,215251,Rakkasagi
598932,215251,Rakkasagi
598933,215251,Rakkasagi
598934,215251,Rakkasagi
598935,215249,Nagur
598936,215249,Nagur
598937,273109,Hire Badawadagi
598938,273109,Hire Badawadagi
598939,273109,Hire Badawadagi
598940,273109,Hire Badawadagi
598941,273109,Hire Badawadagi
598942,215224,Amarawati
598943,215232,Dhannur
598944,215232,Dhannur
598945,215232,Dhannur
598946,215232,Dhannur
598947,215247,Marol
598948,215247,Marol
598949,215247,Marol
598950,273108,Havaragi
598951,273108,Havaragi
598952,273108,Havaragi
598953,273108,Havaragi
598954,215244,Karadi
598955,215244,Karadi
598956,215244,Karadi
598957,215244,Karadi
598958,215244,Karadi
598959,273108,Havaragi
598960,273108,Havaragi
598961,215228,Binjawadgi
598962,215228,Binjawadgi
598963,273108,Havaragi
598964,215229,Budihal S.K.
598965,215244,Karadi
598966,215250,Nandwadgi
598967,215244,Karadi
598968,215229,Budihal S.K.
598969,215229,Budihal S.K.
598970,215228,Binjawadgi
598971,215228,Binjawadgi
598972,215228,Binjawadgi
598973,215228,Binjawadgi
598974,215224,Amarawati
598975,215224,Amarawati
598976,215228,Binjawadgi
598977,215228,Binjawadgi
598978,215229,Budihal S.K.
598979,215229,Budihal S.K.
598980,215229,Budihal S.K.
598981,215229,Budihal S.K.
598982,215229,Budihal S.K.
598983,215250,Nandwadgi
598984,215250,Nandwadgi
598985,215241,Jambaldinni
598986,215241,Jambaldinni
598987,215241,Jambaldinni
598988,215229,Budihal S.K.
598989,215241,Jambaldinni
598990,215241,Jambaldinni
598991,215239,Hire-Shingangutti
598992,215250,Nandwadgi
598993,215250,Nandwadgi
598994,215239,Hire-Shingangutti
598995,215239,Hire-Shingangutti
598996,215241,Jambaldinni
598997,215241,Jambaldinni
598998,215241,Jambaldinni
598999,215234,Gorabal
599000,215234,Gorabal
599001,215239,Hire-Shingangutti
599002,215239,Hire-Shingangutti
599003,215243,Kandagal
599004,215243,Kandagal
599005,215238,Hire-Oatgeri
599006,215238,Hire-Oatgeri
599007,215234,Gorabal
599008,215234,Gorabal
599009,215226,Balkundi
599010,215234,Gorabal
599011,215238,Hire-Oatgeri
599012,215235,Gudur S.C.
599013,215236,Hire-Kodagalli
599014,273107,Chikka Kodagali
599015,273107,Chikka Kodagali
599016,215226,Balkundi
599017,215226,Balkundi
599018,273107,Chikka Kodagali
599019,215236,Hire-Kodagalli
599020,273107,Chikka Kodagali
599021,215236,Hire-Kodagalli
599022,215236,Hire-Kodagalli
599023,215238,Hire-Oatgeri
599024,215238,Hire-Oatgeri
599025,215238,Hire-Oatgeri
599028,215236,Hire-Kodagalli
599029,216534,Kanmadi
599030,216515,Bijjaragi
599031,216518,Ghonasagi
599032,216518,Ghonasagi
599033,216518,Ghonasagi
599034,216549,Takkalaki
599035,216549,Takkalaki
599036,216530,Jalageri
599037,216549,Takkalaki
599038,216530,Jalageri
599039,216510,Arakeri
599040,216510,Arakeri
599041,216514,Baratagi
599042,216514,Baratagi
599043,216539,Lohaga0n
599044,216539,Lohaga0n
599045,216539,Lohaga0n
599046,216547,Siddapur-K
599047,216547,Siddapur-K
599048,216547,Siddapur-K
599049,216547,Siddapur-K
599050,216513,Babanagar
599051,216526,Honawad
599052,216537,Kotyal
599053,216548,Tajapur .H
599054,216537,Kotyal
599055,216548,Tajapur .H
599058,216552,Torvi
599059,216552,Torvi
599060,216552,Torvi
599061,216535,Kannur
599062,216535,Kannur
599063,216541,Makhanapur
599064,216541,Makhanapur
599065,216541,Makhanapur
599066,216550,Tidagundi
599067,216550,Tidagundi
599068,216550,Tidagundi
599069,216520,Gunaki
599070,216520,Gunaki
599071,216520,Gunaki
599072,216520,Gunaki
599073,216543,Nagathan
599074,216509,Aliyabad
599075,216509,Aliyabad
599076,216509,Aliyabad
599077,216509,Aliyabad
599078,216543,Nagathan
599079,216531,Jambagi (A)
599080,216531,Jambagi (A)
599081,216507,Aheri
599083,273047,Jumanal
599085,216508,Ainapur
599086,216508,Ainapur
599087,216540,Madabhavi
599088,216540,Madabhavi
599089,216527,Honnutagi
599090,273048,Kumatagi
599091,216521,Hadagali
599092,216507,Aheri
599093,216546,Shivanagi
599094,216546,Shivanagi
599095,216521,Hadagali
599096,273048,Kumatagi
599097,216527,Honnutagi
599098,216540,Madabhavi
599099,216523,Hegadihal
599101,273047,Jumanal
599102,216524,Hittanahalli
599103,216524,Hittanahalli
599104,216523,Hegadihal
599105,216523,Hegadihal
599106,216524,Hittanahalli
599107,216523,Hegadihal
599108,216538,Kumathe
599109,216538,Kumathe
599110,216544,Nidoni
599111,216544,Nidoni
599112,216545,Sarawad
599113,216545,Sarawad
599114,216545,Sarawad
599115,216525,Honaganhalli
599116,216525,Honaganhalli
599117,216536,Karajol
599120,216544,Nidoni
599121,216511,Arjungi
599122,216511,Arjungi
599123,216511,Arjungi
599124,216544,Nidoni
599125,216522,Halagani
599126,216522,Halagani
599127,216511,Arjungi
599128,216516,Bolachikkalaki
599129,216516,Bolachikkalaki
599130,216533,Kambagi
599131,216533,Kambagi
599132,216533,Kambagi
599133,216522,Halagani
599134,216532,Kakhandaki
599135,216532,Kakhandaki
599136,216536,Karajol
599137,216536,Karajol
599138,216516,Bolachikkalaki
599139,216519,Gunadal
599140,216519,Gunadal
599141,216519,Gunadal
599142,216519,Gunadal
599143,216528,Hosur
599144,216528,Hosur
599145,216528,Hosur
599146,216528,Hosur
599147,216517,Devar Gennur
599148,216517,Devar Gennur
599149,216517,Devar Gennur
599150,216517,Devar Gennur
599151,216517,Devar Gennur
599152,216517,Devar Gennur
599153,216529,Jainapur
599154,216517,Devar Gennur
599155,216542,Mamadapur
599156,216542,Mamadapur
599157,216542,Mamadapur
599158,216529,Jainapur
599159,216529,Jainapur
599160,273056,Umaraja
599161,273056,Umaraja
599162,216586,Nivaragi
599163,216588,Revatagaon
599164,216588,Revatagaon
599165,216588,Revatagaon
599166,216586,Nivaragi
599167,216571,Hattalli
599168,216595,Kerur
599169,216571,Hattalli
599170,216571,Hattalli
599173,216566,Devarnimbaragi
599174,216560,Baradol
599175,216595,Kerur
599176,216595,Kerur
599177,216595,Kerur
599178,216595,Kerur
599179,216567,Dhulkhed
599180,216567,Dhulkhed
599181,216567,Dhulkhed
599182,216567,Dhulkhed
599183,216567,Dhulkhed
599184,216569,Halasangi
599185,216569,Halasangi
599186,216569,Halasangi
599187,216569,Halasangi
599188,216580,Loni.Bk
599189,216580,Loni.Bk
599190,216580,Loni.Bk
599191,216560,Baradol
599192,216566,Devarnimbaragi
599193,216575,Jigajivani
599194,216575,Jigajivani
599195,216574,Inchageri
599196,216574,Inchageri
599197,216574,Inchageri
599198,216575,Jigajivani
599199,216575,Jigajivani
599200,216584,Nandaragi
599201,216584,Nandaragi
599202,216584,Nandaragi
599203,216559,Ballolli
599204,216559,Ballolli
599205,216596,Zalaki
599206,216596,Zalaki
599207,216596,Zalaki
599208,216563,Bhatagunki
599209,216554,Ahirasang
599210,273052,Hingani
599211,273052,Hingani
599212,216587,Padanur
599213,216578,Lachyan
599214,216578,Lachyan
599215,216554,Ahirasang
599216,216563,Bhatagunki
599217,216556,Anjutagi
599218,273054,Kapanimbaragi
599219,273054,Kapanimbaragi
599220,216568,Hadalasang
599221,216568,Hadalasang
599222,216568,Hadalasang
599223,216577,Koluragi
599224,216577,Koluragi
599225,216573,Horti
599226,216558,Babalad
599227,273054,Kapanimbaragi
599228,273050,Chavadihal
599229,273050,Chavadihal
599230,216558,Babalad
599231,216570,Hanjagi
599232,216585,Nimbal. Kd
599233,216585,Nimbal. Kd
599234,216577,Koluragi
599235,216561,Basanal
599236,216561,Basanal
599237,216561,Basanal
599238,216561,Basanal
599239,216557,Atharga
599240,216585,Nimbal. Kd
599241,216592,Tadavalaga
599242,216557,Atharga
599243,216562,Benakanhalli
599244,216562,Benakanhalli
599245,216592,Tadavalaga
599246,216589,Rugi
599247,273051,Gubbewada
599248,216553,Agarakhed
599249,216644,Gubbewad
599250,273051,Gubbewada
599251,216572,Hirebevanur
599252,216555,Alur
599253,273053,Ingalagi
599255,216565,Chikkabevanur
599259,273053,Ingalagi
599260,216572,Hirebevanur
599261,216576,Khyadagi
599262,216576,Khyadagi
599263,216576,Khyadagi
599264,216579,Lalasangi
599265,216583,Nada. Kd
599266,216590,Salotagi
599267,216589,Rugi
599268,216594,Tenahalli
599269,216594,Tenahalli
599270,216581,Masali.Bk
599271,216590,Salotagi
599272,216583,Nada. Kd
599273,216583,Nada. Kd
599274,216582,Miragi
599275,216579,Lalasangi
599276,216579,Lalasangi
599277,216582,Miragi
599278,273049,Arjunagi B K
599279,273049,Arjunagi B K
599280,273049,Arjunagi B K
599281,273049,Arjunagi B K
599282,273055,Sangogi
599283,216591,Shirashyad
599284,273055,Sangogi
599285,216581,Masali.Bk
599286,216594,Tenahalli
599287,216593,Tamba
599288,216562,Benakanhalli
599289,216562,Benakanhalli
599290,216593,Tamba
599291,216593,Tamba
599292,216593,Tamba
599293,216651,Kadani
599294,216651,Kadani
599295,216651,Kadani
599296,216651,Kadani
599297,216639,Devangaon
599298,216639,Devangaon
599299,216639,Devangaon
599300,216639,Devangaon
599301,216641,Devar Navadagi
599302,216634,Bommanahalli
599303,216639,Devangaon
599305,273064,Ramanalli
599306,273064,Ramanalli
599307,273064,Ramanalli
599308,273064,Ramanalli
599309,216631,Balaganur
599310,273064,Ramanalli
599311,216657,Korahalli
599312,216657,Korahalli
599313,216657,Korahalli
599314,216657,Korahalli
599315,216641,Devar Navadagi
599316,216634,Bommanahalli
599317,216641,Devar Navadagi
599318,216630,Bagalur
599319,216630,Bagalur
599320,216630,Bagalur
599321,216630,Bagalur
599322,273062,Kakkalameli
599323,216659,Malaghan
599324,216659,Malaghan
599325,216659,Malaghan
599326,216659,Malaghan
599327,216642,Gabbasavalagi
599328,216642,Gabbasavalagi
599329,216642,Gabbasavalagi
599330,273062,Kakkalameli
599331,273062,Kakkalameli
599332,216661,Moratagi
599333,216661,Moratagi
599334,216642,Gabbasavalagi
599335,273060,Guttaragi
599336,273060,Guttaragi
599337,216636,Chandakavate
599338,216637,Chattaraki
599339,216637,Chattaraki
599340,216636,Chandakavate
599341,273061,Hikkanagutti
599342,273061,Hikkanagutti
599343,216663,Rampur .Pa
599344,273061,Hikkanagutti
599345,216663,Rampur .Pa
599347,216667,Yaragal .Bk
599348,216667,Yaragal .Bk
599349,216667,Yaragal .Bk
599350,273063,Nagavi B.K
599351,273063,Nagavi B.K
599352,273063,Nagavi B.K
599353,216666,Yankanchi
599354,216664,Sungathan
599355,216664,Sungathan
599356,216664,Sungathan
599357,216666,Yankanchi
599358,216667,Yaragal .Bk
599359,216635,Byakod
599360,216635,Byakod
599361,216635,Byakod
599362,216635,Byakod
599363,216632,Bandal
599364,216632,Bandal
599365,216663,Rampur .Pa
599366,216637,Chattaraki
599367,216632,Bandal
599368,216632,Bandal
599369,216653,Kannolli
599370,216655,Kokatanur
599372,216644,Gubbewad
599373,216644,Gubbewad
599374,216644,Gubbewad
599375,216635,Byakod
599376,216644,Gubbewad
599377,216644,Gubbewad
599378,216645,Handiganur
599379,216645,Handiganur
599380,216644,Gubbewad
599381,216643,Golageri
599382,216643,Golageri
599383,216643,Golageri
599384,216643,Golageri
599385,216643,Golageri
599386,216648,Honnalli
599387,216648,Honnalli
599388,216648,Honnalli
599389,216648,Honnalli
599390,216647,Hitnalli
599392,216647,Hitnalli
599393,216638,Chikk Rugi
599394,216638,Chikk Rugi
599395,216662,Mulasavalagi
599396,216662,Mulasavalagi
599398,216662,Mulasavalagi
599399,216646,Haranal
599400,216646,Haranal
599402,216660,Mannur
599404,216660,Mannur
599405,216660,Mannur
599406,216650,Jalawad
599408,216650,Jalawad
599409,216650,Jalawad
599410,216658,Korawar
599411,216658,Korawar
599412,216656,Kondaguli
599413,216654,Kerutagi
599415,216665,Yalgod
599416,216665,Yalgod
599417,216665,Yalgod
599418,216649,Hunashyal
599419,216649,Hunashyal
599420,216649,Hunashyal
599421,216649,Hunashyal
599422,216633,Bekinal
599423,216649,Hunashyal
599424,216649,Hunashyal
599425,216654,Kerutagi
599426,216654,Kerutagi
599427,216656,Kondaguli
599428,216656,Kondaguli
599429,216656,Kondaguli
599430,216656,Kondaguli
599431,216656,Kondaguli
599432,216652,Kalakeri
599433,216652,Kalakeri
599434,216652,Kalakeri
599435,216633,Bekinal
599436,216633,Bekinal
599437,216633,Bekinal
599438,216633,Bekinal
599439,216633,Bekinal
599440,216633,Bekinal
599441,216629,Aski
599442,216629,Aski
599443,216493,Mulawad
599444,216500,Talewad
599445,216500,Talewad
599446,216486,Kudagi
599447,216486,Kudagi
599448,216492,Masuti
599449,216487,Malaghan
599450,216497,Ronihal
599451,216497,Ronihal
599452,216497,Ronihal
599453,216497,Ronihal
599455,216497,Ronihal
599456,216497,Ronihal
599457,216487,Malaghan
599458,216487,Malaghan
599459,216492,Masuti
599460,216478,Hanamapur
599461,216478,Hanamapur
599462,216478,Hanamapur
599463,273046,Siddanatha R.C
599464,216478,Hanamapur
599465,273046,Siddanatha R.C
599466,273046,Siddanatha R.C
599467,216470,Arashanagi
599468,216501,Telagi
599469,216501,Telagi
599470,216476,Golasangi
599471,216471,Beeraladinni
599472,216471,Beeraladinni
599473,216470,Arashanagi
599474,216470,Arashanagi
599475,216470,Arashanagi
599476,273045,Gani R.C
599477,273045,Gani R.C
599478,273045,Gani R.C
599479,273045,Gani R.C
599480,216473,Chimmalagi
599481,273045,Gani R.C
599482,216473,Chimmalagi
599483,216473,Chimmalagi
599484,216504,Vandal
599485,216471,Beeraladinni
599486,216471,Beeraladinni
599487,216504,Vandal
599488,273044,Benala R.C
599489,216469,Alamatti
599490,273044,Benala R.C
599491,216469,Alamatti
599492,273044,Benala R.C
599493,216504,Vandal
599496,216502,Ukkali
599497,216475,Donur
599498,216475,Donur
599499,216475,Donur
599500,216475,Donur
599501,216475,Donur
599502,216475,Donur
599503,216481,Ingaleshwar
599504,216481,Ingaleshwar
599505,216491,Masabinal
599506,216491,Masabinal
599507,216502,Ukkali
599508,216506,Yaranal
599509,216506,Yaranal
599510,216506,Yaranal
599511,216494,Muttagi
599512,216494,Muttagi
599513,216494,Muttagi
599514,216489,Mannur
599515,216489,Mannur
599516,216471,Beeraladinni
599517,216504,Vandal
599518,216504,Vandal
599519,216479,Hebbal
599520,216489,Mannur
599521,216489,Mannur
599522,216489,Mannur
599523,216495,Narasalagi
599524,216495,Narasalagi
599525,216490,Markabbinahalli
599526,216499,Sathihal
599527,216481,Ingaleshwar
599528,216499,Sathihal
599529,216474,Dindawar
599530,216474,Dindawar
599531,216474,Dindawar
599532,216499,Sathihal
599533,216505,Yalawar
599534,216505,Yalawar
599535,216474,Dindawar
599536,216474,Dindawar
599537,216505,Yalawar
599538,216503,Vadavadagi
599539,216503,Vadavadagi
599540,216498,Sasanur
599541,216498,Sasanur
599542,216498,Sasanur
599543,216503,Vadavadagi
599544,216503,Vadavadagi
599545,216503,Vadavadagi
599546,216483,K.Salawadagi
599547,216480,Hunshyal. Pb
599548,216480,Hunshyal. Pb
599549,216477,H.Hipparagi
599550,216472,Byakod
599551,216477,H.Hipparagi
599552,216480,Hunshyal. Pb
599553,216495,Narasalagi
599554,216472,Byakod
599555,216472,Byakod
599556,216484,Kanakal
599557,216484,Kanakal
599558,216495,Narasalagi
599559,216479,Hebbal
599560,216482,Itagi
599561,216482,Itagi
599562,216482,Itagi
599563,216482,Itagi
599564,216482,Itagi
599565,216482,Itagi
599566,216482,Itagi
599567,216482,Itagi
599568,216623,Rudagi
599569,216623,Rudagi
599570,216609,Hullur
599571,216609,Hullur
599572,273057,Balabatti
599573,216609,Hullur
599574,216611,Kalagi
599575,216611,Kalagi
599576,216609,Hullur
599577,216603,Bidarakundi
599578,216614,Kolur
599579,216603,Bidarakundi
599580,216600,Basarakod
599581,216600,Basarakod
599582,216623,Rudagi
599583,216623,Rudagi
599584,216605,Dhavalagi
599585,216605,Dhavalagi
599586,216605,Dhavalagi
599587,216605,Dhavalagi
599588,216615,Konnur
599589,216615,Konnur
599590,216617,Madikeshwar
599591,216617,Madikeshwar
599592,216617,Madikeshwar
599593,216617,Madikeshwar
599594,216617,Madikeshwar
599595,216610,Ingalageri
599596,216617,Madikeshwar
599597,216601,Bavur
599598,216601,Bavur
599599,216601,Bavur
599600,216601,Bavur
599601,216610,Ingalageri
599602,216610,Ingalageri
599603,216610,Ingalageri
599604,216619,Mukihal
599605,216626,Yalagur
599606,216626,Yalagur
599607,273059,Nagarabetta
599608,273057,Balabatti
599609,273057,Balabatti
599610,216611,Kalagi
599611,216627,Yarazari
599612,216627,Yarazari
599613,216627,Yarazari
599614,216606,Hadalageri
599615,216606,Hadalageri
599616,216627,Yarazari
599617,216627,Yarazari
599618,216627,Yarazari
599619,216607,Hiremural
599620,216606,Hadalageri
599621,216616,Kuntoji
599622,216616,Kuntoji
599623,216612,Kavadimatti
599624,216612,Kavadimatti
599625,216606,Hadalageri
599626,216614,Kolur
599627,216614,Kolur
599628,216614,Kolur
599629,216614,Kolur
599630,216614,Kolur
599631,216624,Tangadagi
599632,216624,Tangadagi
599633,216624,Tangadagi
599634,216624,Tangadagi
599635,216624,Tangadagi
599636,216598,Alur
599637,216598,Alur
599638,216598,Alur
599639,216598,Alur
599640,216598,Alur
599641,216622,Rakkasagi
599642,216622,Rakkasagi
599643,216598,Alur
599644,216616,Kuntoji
599645,216616,Kuntoji
599646,216597,Adavi Somanal
599647,216597,Adavi Somanal
599648,216597,Adavi Somanal
599649,216597,Adavi Somanal
599650,216603,Bidarakundi
599651,216616,Kuntoji
599652,216612,Kavadimatti
599653,216607,Hiremural
599654,216607,Hiremural
599655,216607,Hiremural
599656,216612,Kavadimatti
599657,216607,Hiremural
599658,216626,Yalagur
599659,273059,Nagarabetta
599660,216597,Adavi Somanal
599661,273059,Nagarabetta
599662,273059,Nagarabetta
599663,273059,Nagarabetta
599664,273059,Nagarabetta
599665,216607,Hiremural
599666,216607,Hiremural
599667,216598,Alur
599668,216622,Rakkasagi
599669,216622,Rakkasagi
599670,216622,Rakkasagi
599671,216622,Rakkasagi
599672,216604,Bijjur
599673,216604,Bijjur
599674,216604,Bijjur
599675,216604,Bijjur
599677,216620,Nagabenal
599678,216620,Nagabenal
599679,216620,Nagabenal
599680,216623,Rudagi
599681,216604,Bijjur
599682,216604,Bijjur
599683,216604,Bijjur
599684,216604,Bijjur
599685,216608,Hirur
599686,216608,Hirur
599687,216625,Tumbagi
599688,216625,Tumbagi
599689,216625,Tumbagi
599690,216613,Kodaganur
599691,216602,Bhantanur
599692,216602,Bhantanur
599693,216602,Bhantanur
599694,216602,Bhantanur
599695,216613,Kodaganur
599696,216613,Kodaganur
599697,273058,Bommanahalli
599698,273058,Bommanahalli
599699,216625,Tumbagi
599700,273058,Bommanahalli
599701,216608,Hirur
599702,216618,Minajagi
599703,216618,Minajagi
599705,216613,Kodaganur
599706,216613,Kodaganur
599707,216613,Kodaganur
599708,216613,Kodaganur
599709,216599,B.Salawadagi
599710,216599,B.Salawadagi
599711,216599,B.Salawadagi
599712,273058,Bommanahalli
599713,216599,B.Salawadagi
599714,273058,Bommanahalli
599715,216619,Mukihal
599716,216619,Mukihal
599717,216619,Mukihal
599718,216619,Mukihal
599719,216619,Mukihal
599720,216619,Mukihal
599721,216353,Mirkal
599722,216353,Mirkal
599723,216340,Gadigundgaon
599724,216345,Hulsoor
599725,216345,Hulsoor
599726,216364,Toglur
599727,216364,Toglur
599728,216340,Gadigundgaon
599729,216340,Gadigundgaon
599730,216333,Belura
599731,216333,Belura
599732,216355,Muchlam
599733,216355,Muchlam
599734,216355,Muchlam
599735,216355,Muchlam
599736,216355,Muchlam
599737,216364,Toglur
599738,216342,Gorta B
599739,216357,Narayanpur
599740,216334,Betbalkunda
599741,216334,Betbalkunda
599742,216334,Betbalkunda
599743,216334,Betbalkunda
599744,216338,Dhanura (K)
599745,216349,Kitta
599746,216349,Kitta
599747,216359,Partapur
599748,216354,Moorkhandi
599749,216354,Moorkhandi
599750,216337,Chndkapur
599751,216359,Partapur
599752,216359,Partapur
599753,216362,Sastapur
599754,216357,Narayanpur
599755,216357,Narayanpur
599756,216349,Kitta
599757,216367,Yerrandi
599758,216363,Tadola
599759,216363,Tadola
599760,216361,Rajola
599761,216361,Rajola
599762,216360,Rajeshwar
599763,216363,Tadola
599764,216358,Nirgudi
599765,216358,Nirgudi
599766,216358,Nirgudi
599767,216346,Islampur
599768,216346,Islampur
599769,216366,Yerbag
599770,216346,Islampur
599771,216348,Kherda B
599772,216348,Kherda B
599773,216366,Yerbag
599774,216366,Yerbag
599775,216341,Ghotala
599776,216341,Ghotala
599777,216341,Ghotala
599778,216337,Chndkapur
599779,216337,Chndkapur
599780,216337,Chndkapur
599781,216362,Sastapur
599782,216362,Sastapur
599783,216362,Sastapur
599784,216352,Mathala
599785,216337,Chndkapur
599786,216352,Mathala
599787,216343,Gundur
599788,216332,Algud
599789,216365,Ujalam
599790,216332,Algud
599791,216336,Bhosga
599792,216332,Algud
599793,216343,Gundur
599794,216367,Yerrandi
599795,216343,Gundur
599796,216365,Ujalam
599797,216365,Ujalam
599798,216365,Ujalam
599799,216336,Bhosga
599800,216336,Bhosga
599801,216336,Bhosga
599802,216351,Ladwanti
599803,216351,Ladwanti
599804,216335,Betgera
599805,216335,Betgera
599806,216351,Ladwanti
599807,216351,Ladwanti
599808,216335,Betgera
599809,216335,Betgera
599810,216335,Betgera
599811,216335,Betgera
599812,216350,Kohinoor
599813,216350,Kohinoor
599814,216336,Bhosga
599815,216344,Harkud
599816,216344,Harkud
599817,216356,Mudbi
599818,216367,Yerrandi
599819,216356,Mudbi
599820,216346,Islampur
599821,216356,Mudbi
599822,216348,Kherda B
599823,272850,Chikkanagaon
599824,216339,Eklura
599825,216339,Eklura
599826,216344,Harkud
599827,216350,Kohinoor
599828,216344,Harkud
599829,216344,Harkud
599830,216344,Harkud
599831,216339,Eklura
599832,272850,Chikkanagaon
599833,272850,Chikkanagaon
599834,216347,Kalkura
599835,216347,Kalkura
599836,216400,Tugaon (H)
599837,216368,Alwai
599838,216368,Alwai
599839,272852,Attarga
599840,272852,Attarga
599841,272852,Attarga
599842,216400,Tugaon (H)
599843,216391,Mehkar
599844,216391,Mehkar
599845,216391,Mehkar
599846,216401,Wanjerkhed
599847,216401,Wanjerkhed
599848,216401,Wanjerkhed
599849,216381,Inchoor
599850,216381,Inchoor
599851,216381,Inchoor
599852,216395,Saigaon
599853,216381,Inchoor
599854,216381,Inchoor
599855,216395,Saigaon
599856,216393,Morambi
599857,216393,Morambi
599858,216381,Inchoor
599859,216396,Shivani
599860,216396,Shivani
599861,216396,Shivani
599862,216388,Lakhangaon
599863,272858,Lanjawada
599864,272858,Lanjawada
599865,216399,Telgaon
599866,272858,Lanjawada
599867,216392,Methimelkunda
599868,216392,Methimelkunda
599869,272858,Lanjawada
599870,216378,Dongapur
599871,216378,Dongapur
599872,216371,Beeri(B)
599873,216371,Beeri(B)
599874,216392,Methimelkunda
599875,216392,Methimelkunda
599876,216372,Bhatambra
599877,216399,Telgaon
599878,216399,Telgaon
599879,216399,Telgaon
599880,216371,Beeri(B)
599881,216371,Beeri(B)
599882,272853,Beeri-K
599883,272853,Beeri-K
599884,272853,Beeri-K
599885,216394,Nittur(B)
599886,216394,Nittur(B)
599887,216370,Baloor
599888,216394,Nittur(B)
599889,272853,Beeri-K
599890,216369,Ambesangvi
599891,216369,Ambesangvi
599892,216399,Telgaon
599893,216369,Ambesangvi
599894,272853,Beeri-K
599895,216370,Baloor
599896,216370,Baloor
599897,216386,Konmelkunda
599898,216370,Baloor
599899,272854,Kosam
599900,216370,Baloor
599901,216379,Gorchincholli
599902,216379,Gorchincholli
599903,216372,Bhatambra
599904,216371,Beeri(B)
599905,216369,Ambesangvi
599906,216389,Madkatti
599907,216389,Madkatti
599908,216379,Gorchincholli
599909,216379,Gorchincholli
599910,216389,Madkatti
599911,216375,Dadgi
599913,216398,Talwad(K)
599914,216398,Talwad(K)
599915,216398,Talwad(K)
599916,216398,Talwad(K)
599917,216398,Talwad(K)
599918,216375,Dadgi
599919,216389,Madkatti
599920,216387,Kurubkhelgi
599921,216375,Dadgi
599922,216375,Dadgi
599923,216397,Siddeshwar
599924,216397,Siddeshwar
599925,216383,Joldapka
599926,216397,Siddeshwar
599927,216393,Morambi
599928,216393,Morambi
599929,216393,Morambi
599930,216393,Morambi
599931,216402,Warwatti
599932,216402,Warwatti
599933,216402,Warwatti
599934,272856,Enikoora
599935,216387,Kurubkhelgi
599936,216387,Kurubkhelgi
599937,216376,Dawargaon
599938,272856,Enikoora
599939,216376,Dawargaon
599940,216385,Khatakchincholli
599941,216385,Khatakchincholli
599942,216376,Dawargaon
599943,216374,Chalkapur
599944,216376,Dawargaon
599945,216374,Chalkapur
599946,216374,Chalkapur
599947,216386,Konmelkunda
599948,216380,Halbarga
599949,272854,Kosam
599950,272854,Kosam
599951,272854,Kosam
599952,272854,Kosam
599953,216380,Halbarga
599954,216380,Halbarga
599955,216382,Janthi
599956,216382,Janthi
599957,216377,Dhanoora
599958,216377,Dhanoora
599959,216390,Malchapur
599960,216390,Malchapur
599961,216390,Malchapur
599962,216384,Kanji
599963,216384,Kanji
599964,216383,Joldapka
599965,216373,Byalhalli(K)
599966,216373,Byalhalli(K)
599967,216373,Byalhalli(K)
599968,216373,Byalhalli(K)
599969,216302,Chikli U
599970,216302,Chikli U
599971,216302,Chikli U
599972,216312,Hokrana
599973,216312,Hokrana
599974,216302,Chikli U
599975,216305,Dabka
599976,216305,Dabka
599977,216309,Ekamaba
599978,216305,Dabka
599979,216298,Bhandarkumta
599980,216299,Bonti
599981,216299,Bonti
599982,216299,Bonti
599983,216299,Bonti
599984,216298,Bhandarkumta
599985,216303,Chimegaon
599986,216323,Murki
599987,216323,Murki
599988,216303,Chimegaon
599989,216323,Murki
599990,216303,Chimegaon
599991,216296,Belkhuni (Bh)
599992,216309,Ekamaba
599993,216298,Bhandarkumta
599994,216321,Madnur
599995,216323,Murki
599996,216308,Dongaon M
599997,216321,Madnur
599998,216308,Dongaon M
599999,216296,Belkhuni (Bh)
600000,216296,Belkhuni (Bh)
600001,216330,Torna
600002,216308,Dongaon M
600003,216307,Digi
600004,216316,Kamalnagar
600005,216316,Kamalnagar
600006,216327,Sonal
600007,216307,Digi
600008,216307,Digi
600009,216313,Holasamudra
600010,216313,Holasamudra
600011,216313,Holasamudra
600012,216327,Sonal
600013,216327,Sonal
600014,216317,Khed
600015,216317,Khed
600016,216313,Holasamudra
600017,216295,Balat (B)
600018,216330,Torna
600019,216322,Mudhol (B)
600020,216322,Mudhol (B)
600021,216322,Mudhol (B)
600022,216318,Korekal
600023,216318,Korekal
600024,216300,Chanduri
600025,216317,Khed
600026,216295,Balat (B)
600027,216295,Balat (B)
600028,216300,Chanduri
600029,216329,Thana Kushnoor
600030,216318,Korekal
600031,216297,Belkuni (Ch)
600032,216325,Santpur
600033,216311,Hedgapur
600034,216297,Belkuni (Ch)
600035,216329,Thana Kushnoor
600036,216311,Hedgapur
600037,216311,Hedgapur
600038,216311,Hedgapur
600039,216306,Dhupatmagaon
600040,216306,Dhupatmagaon
600041,216306,Dhupatmagaon
600042,216320,Ladha
600043,216320,Ladha
600044,216309,Ekamaba
600045,216309,Ekamaba
600046,216309,Ekamaba
600047,216294,Badalgaon
600048,216294,Badalgaon
600049,216294,Badalgaon
600050,216294,Badalgaon
600051,216294,Badalgaon
600052,216305,Dabka
600053,216309,Ekamaba
600054,216297,Belkuni (Ch)
600055,216309,Ekamaba
600057,216294,Badalgaon
600058,216294,Badalgaon
600059,216328,Sundal
600060,216310,Eklara
600061,216310,Eklara
600062,216310,Eklara
600063,216310,Eklara
600064,216297,Belkuni (Ch)
600065,216297,Belkuni (Ch)
600066,216325,Santpur
600067,216325,Santpur
600068,216328,Sundal
600069,216328,Sundal
600070,216328,Sundal
600071,216324,Nagmarpalli
600072,216324,Nagmarpalli
600073,216324,Nagmarpalli
600074,216324,Nagmarpalli
600075,216324,Nagmarpalli
600076,216328,Sundal
600077,216328,Sundal
600078,216328,Sundal
600079,216304,Chintaki
600080,216304,Chintaki
600081,216304,Chintaki
600083,216304,Chintaki
600084,216310,Eklara
600085,216315,Jojna
600086,216315,Jojna
600087,216315,Jojna
600088,216315,Jojna
600089,272849,Gudapalli
600090,272849,Gudapalli
600092,272849,Gudapalli
600093,216301,Chikli J
600094,216301,Chikli J
600095,216326,Shambelli
600096,216306,Dhupatmagaon
600097,216325,Santpur
600098,216326,Shambelli
600099,216326,Shambelli
600100,216326,Shambelli
600101,216315,Jojna
600102,216331,Wadgaon (D)
600103,216314,Jambgi
600104,216314,Jambgi
600105,216326,Shambelli
600106,216320,Ladha
600107,216319,Kouta B
600108,216320,Ladha
600109,216320,Ladha
600110,216331,Wadgaon (D)
600111,216331,Wadgaon (D)
600112,216319,Kouta B
600113,216319,Kouta B
600114,216319,Kouta B
600115,216319,Kouta B
600116,216319,Kouta B
600117,216314,Jambgi
600119,216314,Jambgi
600120,216316,Kamalnagar
600121,216435,Yerrnalli
600122,216435,Yerrnalli
600123,216435,Yerrnalli
600124,216435,Yerrnalli
600125,216435,Yerrnalli
600126,216435,Yerrnalli
600127,216404,Aliamber
600128,216404,Aliamber
600129,216417,Janwada
600130,216417,Janwada
600131,216411,Chambol
600132,216411,Chambol
600133,272860,Srimandal
600134,272860,Srimandal
600135,272860,Srimandal
600136,272860,Srimandal
600137,216404,Aliamber
600138,216404,Aliamber
600139,216404,Aliamber
600140,216417,Janwada
600141,216426,Markal
600142,216417,Janwada
600143,216411,Chambol
600144,216411,Chambol
600145,216426,Markal
600146,216414,Chimkod
600147,272860,Srimandal
600148,216414,Chimkod
600149,216413,Chillargi
600150,216413,Chillargi
600151,216414,Chimkod
600152,216414,Chimkod
600153,216416,Gadgi
600154,216416,Gadgi
600156,216426,Markal
600158,216416,Gadgi
600160,216416,Gadgi
600161,216414,Chimkod
600162,216413,Chillargi
600163,216413,Chillargi
600164,216422,Malegaon
600165,216422,Malegaon
600166,216422,Malegaon
600167,216422,Malegaon
600168,216416,Gadgi
600173,216416,Gadgi
600174,216408,Austoor
600175,216422,Malegaon
600176,216422,Malegaon
600177,216408,Austoor
600178,216423,Malkapur
600179,216408,Austoor
600180,216423,Malkapur
600181,216423,Malkapur
600182,216423,Malkapur
600183,216415,Chita
600187,216415,Chita
600190,216420,Kaplapur (A)
600191,216420,Kaplapur (A)
600195,216420,Kaplapur (A)
600196,216406,Andur
600197,216406,Andur
600198,216420,Kaplapur (A)
600200,216406,Andur
600203,216434,Yadlapur
600204,216419,Kamthana
600205,216434,Yadlapur
600206,216434,Yadlapur
600207,216434,Yadlapur
600208,216429,Ranjolkheni
600209,216431,Sangolgi
600210,216431,Sangolgi
600211,216431,Sangolgi
600212,216424,Mandaknalli
600213,216424,Mandaknalli
600214,216424,Mandaknalli
600215,216418,Kadwad
600216,216418,Kadwad
600217,216418,Kadwad
600218,216433,Sirsi (A)
600219,216429,Ranjolkheni
600220,216429,Ranjolkheni
600221,216407,Aurad (S)
600222,216433,Sirsi (A)
600223,216412,Chatnalli
600224,216412,Chatnalli
600225,216412,Chatnalli
600226,216409,Bagdal
600227,216407,Aurad (S)
600228,216430,Rekulgi
600230,216432,Sindhol
600231,216432,Sindhol
600232,216412,Chatnalli
600233,216428,Nagur
600234,216428,Nagur
600235,216428,Nagur
600236,216428,Nagur
600237,216428,Nagur
600238,216425,Manhalli
600239,216410,Barur
600240,216410,Barur
600241,272859,Hokrana B
600242,272859,Hokrana B
600243,272859,Hokrana B
600244,272859,Hokrana B
600245,216432,Sindhol
600247,216432,Sindhol
600248,216430,Rekulgi
600249,216430,Rekulgi
600250,216427,Markunda
600251,216427,Markunda
600252,216427,Markunda
600253,216427,Markunda
600254,216432,Sindhol
600257,216444,Ghatboral
600258,216445,Ghodwadi
600259,216445,Ghodwadi
600260,216465,Sultanabad
600261,216445,Ghodwadi
600262,216465,Sultanabad
600263,216465,Sultanabad
600264,216443,Dubulgundi
600265,216439,Chandanhalli
600266,216439,Chandanhalli
600267,216439,Chandanhalli
600268,216451,Kankatta
600269,216451,Kankatta
600270,216462,Sedol
600271,272861,Jalasangi
600272,216462,Sedol
600273,272861,Jalasangi
600274,216438,Benchincholi
600275,216438,Benchincholi
600277,216441,Dakulgi
600278,216441,Dakulgi
600279,216441,Dakulgi
600280,216441,Dakulgi
600281,216464,Sitalgera
600282,216441,Dakulgi
600283,216464,Sitalgera
600284,216464,Sitalgera
600285,216453,Madargaon
600286,216438,Benchincholi
600287,216453,Madargaon
600288,216453,Madargaon
600289,216464,Sitalgera
600290,216464,Sitalgera
600291,216456,Maniknagar
600292,216456,Maniknagar
600293,216456,Maniknagar
600294,216442,Dhumunsur
600295,216460,Nadgaon
600296,216460,Nadgaon
600297,216448,Hudgi
600298,216442,Dhumunsur
600299,216446,Hallikhed (K)
600300,216446,Hallikhed (K)
600301,216450,Kallur
600302,216450,Kallur
600303,216446,Hallikhed (K)
600304,216450,Kallur
600305,216463,Sindankerea
600306,216463,Sindankerea
600308,216466,Talmadgi
600309,216466,Talmadgi
600310,216466,Talmadgi
600311,216466,Talmadgi
600312,216436,Belkera
600313,216436,Belkera
600315,216449,Itga
600316,216449,Itga
600317,216449,Itga
600318,216449,Itga
600319,216452,Kodambal
600320,216452,Kodambal
600321,216458,Mustari
600322,216436,Belkera
600323,216436,Belkera
600324,216455,Mangalgi
600325,216455,Mangalgi
600326,216461,Nirna
600327,216467,Udbal
600328,216459,Mutangi
600329,216457,Meenkera
600330,216459,Mutangi
600331,216459,Mutangi
600332,216440,Changlera
600333,216440,Changlera
600334,216457,Meenkera
600335,216454,Manekheli
600336,216457,Meenkera
600337,216437,Bemalkheda
600338,216440,Changlera
600339,216468,Udbanalli
600340,216440,Changlera
600341,216468,Udbanalli
600342,216468,Udbanalli
600343,216468,Udbanalli
600344,273072,Halkavatagi
600345,273072,Halkavatagi
600346,273072,Halkavatagi
600347,219711,Gurugunta
600348,273072,Halkavatagi
600349,273072,Halkavatagi
600350,219724,Nagaral
600351,219726,Narakaladinni
600352,219724,Nagaral
600353,219704,Bayyapur
600354,219704,Bayyapur
600355,273073,Khairawadgi
600356,219704,Bayyapur
600357,219704,Bayyapur
600358,219704,Bayyapur
600359,219704,Bayyapur
600360,219733,Upparnandihal
600361,219733,Upparnandihal
600362,219733,Upparnandihal
600363,219733,Upparnandihal
600364,273073,Khairawadgi
600365,219715,Kachapur
600366,219733,Upparnandihal
600367,219699,Amadihal
600368,219703,Bannigol
600369,219703,Bannigol
600370,219703,Bannigol
600371,219699,Amadihal
600372,219699,Amadihal
600373,219699,Amadihal
600374,219703,Bannigol
600375,219699,Amadihal
600376,219713,Hunur
600377,219713,Hunur
600378,219713,Hunur
600379,219713,Hunur
600380,219713,Hunur
600381,219713,Hunur
600382,219713,Hunur
600383,219713,Hunur
600384,219713,Hunur
600385,219703,Bannigol
600386,219725,Naglapur
600387,219725,Naglapur
600388,219725,Naglapur
600389,219725,Naglapur
600390,219725,Naglapur
600391,219725,Naglapur
600392,219725,Naglapur
600393,219725,Naglapur
600394,219726,Narakaladinni
600395,219726,Narakaladinni
600396,273070,Chittapura
600397,273070,Chittapura
600398,273070,Chittapura
600399,219729,Rodalabanda (U.K.P.)
600400,219729,Rodalabanda (U.K.P.)
600401,219729,Rodalabanda (U.K.P.)
600402,219729,Rodalabanda (U.K.P.)
600403,219708,Gorebal
600404,219708,Gorebal
600405,219708,Gorebal
600406,219708,Gorebal
600407,219729,Rodalabanda (U.K.P.)
600408,273070,Chittapura
600409,273070,Chittapura
600410,219726,Narakaladinni
600411,219726,Narakaladinni
600412,273073,Khairawadgi
600413,219700,Anahosur
600414,219706,Eachanal
600415,219706,Eachanal
600416,219716,Kalapur
600417,219716,Kalapur
600418,219716,Kalapur
600419,219716,Kalapur
600420,219716,Kalapur
600423,273074,Neeranakera
600424,273074,Neeranakera
600425,273074,Neeranakera
600426,273074,Neeranakera
600427,219715,Kachapur
600428,219715,Kachapur
600429,219722,Mavinabhai
600430,219722,Mavinabhai
600431,219722,Mavinabhai
600432,219722,Mavinabhai
600433,219722,Mavinabhai
600435,219731,Sarjapur
600436,219731,Sarjapur
600437,219730,Santhekallur
600438,219731,Sarjapur
600439,219730,Santhekallur
600440,219746,Halapur
600441,219701,Ankushadoddi
600442,219721,Mattur
600443,219701,Ankushadoddi
600444,219710,Guntagol
600445,219710,Guntagol
600446,219710,Guntagol
600447,219710,Guntagol
600448,219710,Guntagol
600449,219708,Gorebal
600450,219710,Guntagol
600451,219710,Guntagol
600452,219705,Devarabhupur
600453,219705,Devarabhupur
600454,219727,Paidoddi
600455,219727,Paidoddi
600456,219727,Paidoddi
600457,219727,Paidoddi
600458,219727,Paidoddi
600459,219727,Paidoddi
600460,219709,Goudur
600461,219709,Goudur
600462,219709,Goudur
600463,219711,Gurugunta
600464,219711,Gurugunta
600465,219705,Devarabhupur
600466,219705,Devarabhupur
600467,219712,Honnalli
600468,219716,Kalapur
600469,219712,Honnalli
600470,219712,Honnalli
600471,219718,Kota
600472,219718,Kota
600473,219709,Goudur
600474,219709,Goudur
600475,219728,Rodalabanda
600476,219728,Rodalabanda
600477,219728,Rodalabanda
600478,219728,Rodalabanda
600479,219728,Rodalabanda
600480,219702,Anwari
600481,219702,Anwari
600482,219702,Anwari
600483,219707,Gejjalagatta
600484,219707,Gejjalagatta
600485,219707,Gejjalagatta
600486,219702,Anwari
600487,219707,Gejjalagatta
600488,219707,Gejjalagatta
600489,219731,Sarjapur
600490,219721,Mattur
600491,219721,Mattur
600492,219701,Ankushadoddi
600493,219721,Mattur
600494,219721,Mattur
600495,219721,Mattur
600496,219721,Mattur
600497,219730,Santhekallur
600498,219730,Santhekallur
600499,219730,Santhekallur
600500,219701,Ankushadoddi
600501,219701,Ankushadoddi
600502,219701,Ankushadoddi
600503,219719,Maraladinni
600504,219719,Maraladinni
600505,219719,Maraladinni
600506,219719,Maraladinni
600507,219717,Kannal
600508,219717,Kannal
600509,219717,Kannal
600510,219717,Kannal
600511,219717,Kannal
600512,219717,Kannal
600513,273071,Digganayakanabhavi
600514,273071,Digganayakanabhavi
600515,273071,Digganayakanabhavi
600516,273071,Digganayakanabhavi
600517,273071,Digganayakanabhavi
600518,273071,Digganayakanabhavi
600519,219719,Maraladinni
600521,219723,Medakinal
600522,219723,Medakinal
600523,219723,Medakinal
600524,219723,Medakinal
600525,219723,Medakinal
600526,219723,Medakinal
600527,219732,Telekhan
600528,219732,Telekhan
600529,219732,Telekhan
600530,219732,Telekhan
600531,219732,Telekhan
600532,219732,Telekhan
600533,219732,Telekhan
600534,219732,Telekhan
600536,219674,Chinchodi
600537,219674,Chinchodi
600538,219674,Chinchodi
600539,219674,Chinchodi
600540,219684,Jalahalli
600541,219687,Karadigudda
600542,219683,Jagirajadaladinni
600543,219687,Karadigudda
600544,219687,Karadigudda
600545,273065,Amarapur
600546,273065,Amarapur
600547,219687,Karadigudda
600548,219684,Jalahalli
600549,219684,Jalahalli
600550,219684,Jalahalli
600551,219674,Chinchodi
600552,219682,Hosur Siddapur
600553,219682,Hosur Siddapur
600554,219682,Hosur Siddapur
600555,219682,Hosur Siddapur
600557,273065,Amarapur
600558,219692,Maladakal
600559,273065,Amarapur
600560,273065,Amarapur
600561,273065,Amarapur
600562,273065,Amarapur
600563,273065,Amarapur
600564,219694,Mundaragi
600565,219694,Mundaragi
600566,219694,Mundaragi
600567,219694,Mundaragi
600568,219694,Mundaragi
600569,219678,Ganadhal (Deodurga)
600570,219678,Ganadhal (Deodurga)
600571,219682,Hosur Siddapur
600572,273069,Somanamaradi
600573,273069,Somanamaradi
600574,273069,Somanamaradi
600575,273069,Somanamaradi
600576,219678,Ganadhal (Deodurga)
600577,219697,Palakanamardi
600578,219697,Palakanamardi
600579,219697,Palakanamardi
600580,219697,Palakanamardi
600581,219685,Jeerabandi
600582,219697,Palakanamardi
600583,219678,Ganadhal (Deodurga)
600584,219677,Galaga
600585,219677,Galaga
600586,219688,Karigudda
600587,219688,Karigudda
600588,219675,Dondambli
600589,219675,Dondambli
600590,219675,Dondambli
600591,219675,Dondambli
600592,219675,Dondambli
600593,219675,Dondambli
600594,219675,Dondambli
600595,219689,Koppar
600596,219689,Koppar
600597,219689,Koppar
600598,219675,Dondambli
600599,219679,Gugal
600600,219679,Gugal
600601,219695,Mustur
600602,219681,Hirebudur
600603,219681,Hirebudur
600604,219685,Jeerabandi
600605,219689,Koppar
600606,219689,Koppar
600607,219689,Koppar
600608,219689,Koppar
600609,219675,Dondambli
600611,219688,Karigudda
600612,219687,Karadigudda
600613,219688,Karigudda
600614,219688,Karigudda
600615,219673,B.Ganekal
600616,219686,K.Irabgera
600617,219686,K.Irabgera
600618,219686,K.Irabgera
600619,219686,K.Irabgera
600620,219686,K.Irabgera
600621,219686,K.Irabgera
600622,219687,Karadigudda
600623,219685,Jeerabandi
600624,219685,Jeerabandi
600625,219685,Jeerabandi
600626,219685,Jeerabandi
600627,219697,Palakanamardi
600628,219696,Nagadadinni
600629,219693,Masarkal
600630,219693,Masarkal
600631,219693,Masarkal
600632,219693,Masarkal
600633,219693,Masarkal
600634,219679,Gugal
600635,219679,Gugal
600636,219679,Gugal
600637,219679,Gugal
600638,219679,Gugal
600639,273068,Shavantagera
600640,273068,Shavantagera
600641,219680,Hemanal
600642,219680,Hemanal
600643,219680,Hemanal
600644,219680,Hemanal
600645,219680,Hemanal
600646,273068,Shavantagera
600647,219681,Hirebudur
600648,219681,Hirebudur
600649,219681,Hirebudur
600650,273068,Shavantagera
600651,219680,Hemanal
600652,219680,Hemanal
600653,219680,Hemanal
600654,219680,Hemanal
600655,219698,Ramadurga
600656,273068,Shavantagera
600657,219681,Hirebudur
600658,219698,Ramadurga
600659,219698,Ramadurga
600660,219695,Mustur
600661,219698,Ramadurga
600662,219698,Ramadurga
600663,219698,Ramadurga
600664,219698,Ramadurga
600665,219698,Ramadurga
600666,219685,Jeerabandi
600667,219698,Ramadurga
600668,219692,Maladakal
600669,219692,Maladakal
600670,219676,Gabbur
600671,219692,Maladakal
600672,219692,Maladakal
600673,219696,Nagadadinni
600674,219673,B.Ganekal
600675,219690,Kothadoddi
600676,219690,Kothadoddi
600677,219690,Kothadoddi
600678,219690,Kothadoddi
600679,219690,Kothadoddi
600680,219690,Kothadoddi
600681,219695,Mustur
600682,219695,Mustur
600683,219685,Jeerabandi
600684,219698,Ramadurga
600685,219692,Maladakal
600686,219695,Mustur
600687,219695,Mustur
600688,219695,Mustur
600689,219695,Mustur
600690,219695,Mustur
600691,219690,Kothadoddi
600692,219690,Kothadoddi
600693,219690,Kothadoddi
600694,219690,Kothadoddi
600695,219695,Mustur
600696,219672,Arkera
600697,219672,Arkera
600698,219673,B.Ganekal
600699,219673,B.Ganekal
600700,273066,Bhumanagunda
600701,273066,Bhumanagunda
600702,273066,Bhumanagunda
600703,219671,Alkod
600704,219671,Alkod
600705,219671,Alkod
600706,219671,Alkod
600707,219691,Kyadigera
600708,273067,Malledevaragudda
600709,273067,Malledevaragudda
600710,273067,Malledevaragudda
600711,273067,Malledevaragudda
600713,219683,Jagirajadaladinni
600714,219683,Jagirajadaladinni
600715,273067,Malledevaragudda
600716,219683,Jagirajadaladinni
600717,219683,Jagirajadaladinni
600718,219683,Jagirajadaladinni
600719,219685,Jeerabandi
600720,219696,Nagadadinni
600721,219696,Nagadadinni
600722,219696,Nagadadinni
600723,219696,Nagadadinni
600724,219784,Kadloor
600725,219784,Kadloor
600726,219783,Jegarkal
600727,219783,Jegarkal
600728,219783,Jegarkal
600729,219783,Jegarkal
600730,219784,Kadloor
600731,219783,Jegarkal
600732,219784,Kadloor
600733,219795,Shakwadi
600734,219784,Kadloor
600735,219784,Kadloor
600736,219798,Yadlapur
600737,273081,Udamagal
600738,219798,Yadlapur
600739,219776,Devasugur
600740,219798,Yadlapur
600741,219772,Bichali
600742,219798,Yadlapur
600743,219794,Sagamakunta
600744,219794,Sagamakunta
600745,219794,Sagamakunta
600746,219770,Athkoor
600747,219794,Sagamakunta
600748,219794,Sagamakunta
600749,219794,Sagamakunta
600750,219784,Kadloor
600751,219799,Yapaladinni
600752,219799,Yapaladinni
600753,219799,Yapaladinni
600754,219770,Athkoor
600755,219770,Athkoor
600756,219770,Athkoor
600757,219770,Athkoor
600758,219770,Athkoor
600759,219799,Yapaladinni
600760,219770,Athkoor
600761,219770,Athkoor
600762,219799,Yapaladinni
600763,219799,Yapaladinni
600764,219799,Yapaladinni
600765,219799,Yapaladinni
600766,219774,Chandrabanda
600767,219799,Yapaladinni
600768,219774,Chandrabanda
600769,219795,Shakwadi
600770,219795,Shakwadi
600771,219774,Chandrabanda
600772,219771,Baidoddi
600773,219774,Chandrabanda
600774,219774,Chandrabanda
600775,219796,Singanodi
600776,219796,Singanodi
600777,219796,Singanodi
600778,219775,Chicksugur
600779,219795,Shakwadi
600787,219771,Baidoddi
600788,219771,Baidoddi
600789,219771,Baidoddi
600790,219771,Baidoddi
600791,219771,Baidoddi
600792,219771,Baidoddi
600793,219773,Bijangera
600794,219773,Bijangera
600795,219792,Mittimalkapur
600796,219792,Mittimalkapur
600797,219773,Bijangera
600798,219792,Mittimalkapur
600799,219798,Yadlapur
600800,219773,Bijangera
600801,219773,Bijangera
600802,219796,Singanodi
600803,219773,Bijangera
600804,219782,Jambaladinni
600805,219783,Jegarkal
600806,219775,Chicksugur
600807,219775,Chicksugur
600808,219789,Manchlapur
600809,219789,Manchlapur
600810,219789,Manchlapur
600811,219781,Jagir Venkatapur
600812,219781,Jagir Venkatapur
600813,219781,Jagir Venkatapur
600814,219781,Jagir Venkatapur
600815,219781,Jagir Venkatapur
600816,219785,Kalmala
600817,219781,Jagir Venkatapur
600818,219781,Jagir Venkatapur
600819,219781,Jagir Venkatapur
600820,219785,Kalmala
600821,219788,Mamdapur
600822,219788,Mamdapur
600823,219790,Marchathal
600824,219790,Marchathal
600825,219788,Mamdapur
600826,219788,Mamdapur
600827,273081,Udamagal
600828,219790,Marchathal
600829,219790,Marchathal
600830,273081,Udamagal
600831,273081,Udamagal
600832,219786,Kamlapur
600833,219786,Kamlapur
600834,219786,Kamlapur
600835,219787,Linganakhanadodi
600836,219787,Linganakhanadodi
600837,219782,Jambaladinni
600838,219787,Linganakhanadodi
600839,219787,Linganakhanadodi
600840,219787,Linganakhanadodi
600841,219782,Jambaladinni
600842,219783,Jegarkal
600843,219800,Yergera
600844,219786,Kamlapur
600845,219786,Kamlapur
600846,219798,Yadlapur
600847,219793,Purthipli
600848,219793,Purthipli
600849,219800,Yergera
600850,219800,Yergera
600851,219779,Gunjalli
600852,219782,Jambaladinni
600853,219782,Jambaladinni
600854,219787,Linganakhanadodi
600855,219782,Jambaladinni
600856,219782,Jambaladinni
600857,219782,Jambaladinni
600858,219791,Matmari
600859,273079,Heerapura
600860,273079,Heerapura
600861,219772,Bichali
600862,273079,Heerapura
600863,273079,Heerapura
600864,219772,Bichali
600865,219772,Bichali
600866,219772,Bichali
600867,219793,Purthipli
600868,219778,Gillesugur
600869,219778,Gillesugur
600870,219779,Gunjalli
600871,219777,Ganadhal
600872,219778,Gillesugur
600873,219778,Gillesugur
600874,219777,Ganadhal
600875,219777,Ganadhal
600876,273080,Nadigaddi Malkapura
600877,273080,Nadigaddi Malkapura
600878,273080,Nadigaddi Malkapura
600879,273080,Nadigaddi Malkapura
600880,219780,Idapanur
600881,219780,Idapanur
600882,219780,Idapanur
600883,219797,Talmari
600885,219734,Ameenagada
600886,219734,Ameenagada
600887,273078,Vatagal
600888,273078,Vatagal
600889,219734,Ameenagada
600890,219734,Ameenagada
600891,219734,Ameenagada
600892,219762,Pamanakallur
600893,219762,Pamanakallur
600894,219746,Halapur
600895,219762,Pamanakallur
600896,219743,Ganadinni
600897,219762,Pamanakallur
600898,219746,Halapur
600899,219762,Pamanakallur
600900,273075,Chincharaki
600901,273078,Vatagal
600902,219762,Pamanakallur
600903,273078,Vatagal
600904,273078,Vatagal
600905,219746,Halapur
600906,219746,Halapur
600907,219746,Halapur
600908,219746,Halapur
600909,219746,Halapur
600910,219762,Pamanakallur
600911,219746,Halapur
600912,219746,Halapur
600913,219746,Halapur
600914,219746,Halapur
600915,219746,Halapur
600916,219746,Halapur
600917,219746,Halapur
600918,219769,Utakanur
600919,219768,Toranadinni
600920,219768,Toranadinni
600921,273076,Hiredinni
600922,219768,Toranadinni
600923,273077,Malladagudda
600924,273076,Hiredinni
600925,273076,Hiredinni
600926,273077,Malladagudda
600927,219748,Heera
600928,219762,Pamanakallur
600929,273075,Chincharaki
600930,219748,Heera
600931,219748,Heera
600932,219748,Heera
600933,273077,Malladagudda
600934,219748,Heera
600935,273075,Chincharaki
600936,273075,Chincharaki
600937,273075,Chincharaki
600938,219749,Hirehanagi
600939,219749,Hirehanagi
600940,219749,Hirehanagi
600942,219749,Hirehanagi
600943,219749,Hirehanagi
600944,219749,Hirehanagi
600945,219749,Hirehanagi
600946,219749,Hirehanagi
600947,219738,Ballatagi
600948,219748,Heera
600949,219748,Heera
600950,219758,Mallat
600951,219758,Mallat
600952,219758,Mallat
600953,219758,Mallat
600954,219760,Navalakal
600955,219760,Navalakal
600956,219760,Navalakal
600957,219760,Navalakal
600958,219760,Navalakal
600959,219758,Mallat
600960,219758,Mallat
600961,219738,Ballatagi
600962,219737,Bagalawad
600963,219737,Bagalawad
600964,219759,Nakkundi
600965,219751,Janekal
600966,219751,Janekal
600968,219736,Athanur
600969,219736,Athanur
600970,219736,Athanur
600971,219743,Ganadinni
600972,219743,Ganadinni
600973,219741,Chagabhavi
600974,219741,Chagabhavi
600975,219745,Gudadinni .K
600976,219741,Chagabhavi
600977,219745,Gudadinni .K
600978,219765,Sangapur
600979,219756,Madagiri
600980,219741,Chagabhavi
600981,219756,Madagiri
600982,219756,Madagiri
600983,219743,Ganadinni
600984,219752,Kallur
600985,219743,Ganadinni
600986,219753,Kapgal
600987,219743,Ganadinni
600988,219762,Pamanakallur
600989,219747,Haravi
600990,219765,Sangapur
600991,219765,Sangapur
600992,219765,Sangapur
600993,219747,Haravi
600994,219747,Haravi
600995,219761,Nirmanvi
600996,219753,Kapgal
600997,219753,Kapgal
600998,219767,Sunkeshwar
600999,219755,Kurdi
601000,219735,Aroli
601001,219735,Aroli
601002,219744,Gorkal
601003,219744,Gorkal
601004,219744,Gorkal
601005,219767,Sunkeshwar
601006,219764,Sadapur
601007,219753,Kapgal
601008,219764,Sadapur
601009,219764,Sadapur
601010,219764,Sadapur
601011,219764,Sadapur
601012,219767,Sunkeshwar
601013,219744,Gorkal
601014,219744,Gorkal
601015,219744,Gorkal
601016,219735,Aroli
601017,219739,Bhogavathi
601018,219765,Sangapur
601019,219757,Madlapur
601020,219764,Sadapur
601021,219757,Madlapur
601022,219757,Madlapur
601023,219757,Madlapur
601024,219757,Madlapur
601025,219757,Madlapur
601026,219739,Bhogavathi
601027,219755,Kurdi
601028,219739,Bhogavathi
601029,219739,Bhogavathi
601030,219739,Bhogavathi
601031,219742,Chickkotnekal
601032,219742,Chickkotnekal
601033,219742,Chickkotnekal
601034,219742,Chickkotnekal
601035,219757,Madlapur
601036,219742,Chickkotnekal
601037,219769,Utakanur
601038,219769,Utakanur
601039,219769,Utakanur
601040,219769,Utakanur
601041,219769,Utakanur
601042,219769,Utakanur
601043,219740,Byagavata
601044,219763,Pothnal
601045,219763,Pothnal
601046,219759,Nakkundi
601047,219751,Janekal
601048,219751,Janekal
601049,219739,Bhogavathi
601050,219750,Hirekotnekal
601051,219763,Pothnal
601052,219763,Pothnal
601053,219763,Pothnal
601054,219742,Chickkotnekal
601055,219742,Chickkotnekal
601056,219814,Gunda
601057,219814,Gunda
601058,219814,Gunda
601059,219814,Gunda
601060,219814,Gunda
601061,219814,Gunda
601062,219814,Gunda
601063,219804,Bappur
601064,219819,Kalmangi
601065,219819,Kalmangi
601066,219814,Gunda
601067,219833,Umaloti
601068,219833,Umaloti
601069,219833,Umaloti
601070,219833,Umaloti
601071,219833,Umaloti
601072,219833,Umaloti
601073,219819,Kalmangi
601075,219819,Kalmangi
601076,219815,Gunjalli
601077,219805,Bassapur K.
601078,219805,Bassapur K.
601079,273384,Gandhinagar
601080,219817,Jalihal
601081,219817,Jalihal
601082,219817,Jalihal
601083,219814,Gunda
601084,219814,Gunda
601085,219804,Bappur
601086,219830,Tidigol
601087,219804,Bappur
601088,219830,Tidigol
601089,219830,Tidigol
601090,219830,Tidigol
601091,219830,Tidigol
601092,219815,Gunjalli
601093,219834,Virupapur
601094,219834,Virupapur
601095,219832,Udbal (U)
601096,219832,Udbal (U)
601097,219832,Udbal (U)
601098,219832,Udbal (U)
601099,219832,Udbal (U)
601100,219832,Udbal (U)
601101,219813,Gudadur
601102,219813,Gudadur
601103,219813,Gudadur
601104,219813,Gudadur
601105,219813,Gudadur
601106,219804,Bappur
601107,219804,Bappur
601108,219804,Bappur
601109,219804,Bappur
601110,219820,Kolbal
601111,219820,Kolbal
601112,219813,Gudadur
601113,219813,Gudadur
601114,219813,Gudadur
601115,219820,Kolbal
601116,219820,Kolbal
601117,219820,Kolbal
601118,273084,Yelekudlagi
601119,273084,Yelekudlagi
601120,219808,Devaragudi
601121,219808,Devaragudi
601122,219808,Devaragudi
601123,219808,Devaragudi
601124,219808,Devaragudi
601125,273084,Yelekudlagi
601126,219823,Pagadadinni
601127,219823,Pagadadinni
601128,219823,Pagadadinni
601129,219823,Pagadadinni
601130,219806,Bhootaladinni
601131,219806,Bhootaladinni
601132,219806,Bhootaladinni
601133,219832,Udbal (U)
601134,219832,Udbal (U)
601136,219812,Goudanabhavi
601137,219812,Goudanabhavi
601138,219812,Goudanabhavi
601139,219812,Goudanabhavi
601140,219826,Ramathnal
601141,219812,Goudanabhavi
601142,219812,Goudanabhavi
601143,219812,Goudanabhavi
601144,219812,Goudanabhavi
601145,219812,Goudanabhavi
601146,219826,Ramathnal
601147,219826,Ramathnal
601148,219818,Javalgera
601149,219818,Javalgera
601150,219818,Javalgera
601151,219818,Javalgera
601152,219818,Javalgera
601153,219812,Goudanabhavi
601154,219812,Goudanabhavi
601155,219818,Javalgera
601156,219818,Javalgera
601157,219818,Javalgera
601158,219818,Javalgera
601159,219818,Javalgera
601160,219826,Ramathnal
601161,219826,Ramathnal
601162,219825,Ragalaparvi
601163,219825,Ragalaparvi
601164,219802,Badarli
601165,219825,Ragalaparvi
601166,219825,Ragalaparvi
601167,219825,Ragalaparvi
601168,219810,Gonawara
601169,219810,Gonawara
601170,219810,Gonawara
601171,273082,Hedaginala
601172,273082,Hedaginala
601173,273082,Hedaginala
601174,273082,Hedaginala
601175,273082,Hedaginala
601176,273083,Vala Ballary
601177,273083,Vala Ballary
601178,273083,Vala Ballary
601179,219821,Madasirwar
601180,219821,Madasirwar
601181,219821,Madasirwar
601182,219801,Alabanur
601183,219801,Alabanur
601184,219801,Alabanur
601185,219801,Alabanur
601186,219801,Alabanur
601187,219802,Badarli
601188,219802,Badarli
601189,219802,Badarli
601190,219802,Badarli
601191,219802,Badarli
601192,219801,Alabanur
601193,219809,Dhadesugur
601194,219806,Bhootaladinni
601196,219801,Alabanur
601197,219824,R.H.Camp
601198,219816,Hosalli E.J.
601199,219816,Hosalli E.J.
601200,219816,Hosalli E.J.
601201,219816,Hosalli E.J.
601202,219816,Hosalli E.J.
601203,219816,Hosalli E.J.
601204,219801,Alabanur
601205,219821,Madasirwar
601206,219821,Madasirwar
601207,219829,Somalapur
601208,219828,Salagunda
601209,219809,Dhadesugur
601210,219809,Dhadesugur
601211,219809,Dhadesugur
601212,219809,Dhadesugur
601213,219816,Hosalli E.J.
601214,219811,Gorebal
601215,219811,Gorebal
601216,219816,Hosalli E.J.
601217,219829,Somalapur
601218,219807,Chennalli
601219,219807,Chennalli
601220,219807,Chennalli
601221,219807,Chennalli
601222,219827,Roudakunda
601223,219834,Virupapur
601224,219829,Somalapur
601225,219822,Mukkunda
601226,219822,Mukkunda
601227,219822,Mukkunda
601228,219834,Virupapur
601229,219822,Mukkunda
601230,274149,Sankanooru
601231,274149,Sankanooru
601232,274149,Sankanooru
601233,219184,Hiremyageri
601234,219184,Hiremyageri
601235,219194,Mudhol
601236,219174,Bellutagi
601237,273148,Tummaraguddhi
601238,219174,Bellutagi
601239,219172,Bandi
601240,219172,Bandi
601241,219172,Bandi
601242,219201,Vajrabandi
601243,219201,Vajrabandi
601244,219172,Bandi
601245,219172,Bandi
601246,219172,Bandi
601247,273148,Tummaraguddhi
601248,219201,Vajrabandi
601249,219195,Muradi
601250,219201,Vajrabandi
601251,219179,Gaddigeri
601252,219179,Gaddigeri
601253,219201,Vajrabandi
601254,219175,Benakal
601255,219178,Chikkamyageri
601256,273148,Tummaraguddhi
601257,219174,Bellutagi
601258,219188,Karmudi
601259,219188,Karmudi
601260,219188,Karmudi
601261,219197,Sanganahal
601262,219171,Baligeri
601263,219178,Chikkamyageri
601264,219178,Chikkamyageri
601265,219187,Kallur
601266,219182,Hirearalihalli
601267,219182,Hirearalihalli
601268,219182,Hirearalihalli
601269,219193,Mataladinni
601270,219193,Mataladinni
601271,219193,Mataladinni
601272,273146,Bhudura
601273,273146,Bhudura
601274,273146,Bhudura
601275,273146,Bhudura
601276,273146,Bhudura
601277,273146,Bhudura
601278,219200,Talikeri
601279,219200,Talikeri
601280,219200,Talikeri
601281,219193,Mataladinni
601283,219193,Mataladinni
601284,219182,Hirearalihalli
601285,219182,Hirearalihalli
601286,219182,Hirearalihalli
601287,219195,Muradi
601288,219195,Muradi
601289,219185,Hirevankalakunta
601290,219185,Hirevankalakunta
601291,219185,Hirevankalakunta
601292,219185,Hirevankalakunta
601293,219185,Hirevankalakunta
601294,219200,Talikeri
601295,219180,Ganadal
601296,219180,Ganadal
601297,219180,Ganadal
601298,219180,Ganadal
601299,219185,Hirevankalakunta
601300,219181,Gunnal
601301,219181,Gunnal
601302,219181,Gunnal
601303,219176,Bevoor
601304,219176,Bevoor
601305,219179,Gaddigeri
601306,219179,Gaddigeri
601307,219179,Gaddigeri
601308,219179,Gaddigeri
601309,219195,Muradi
601310,219195,Muradi
601311,219202,Vanageri
601312,219202,Vanageri
601313,219178,Chikkamyageri
601314,219171,Baligeri
601315,219192,Mangalur
601316,219202,Vanageri
601317,219202,Vanageri
601318,219176,Bevoor
601319,273149,Nelzeri
601320,273149,Nelzeri
601321,219189,Kudarimothi
601322,219192,Mangalur
601323,219192,Mangalur
601324,219198,Shirur
601325,219198,Shirur
601326,219198,Shirur
601327,219171,Baligeri
601328,219171,Baligeri
601329,219198,Shirur
601330,219198,Shirur
601331,219183,Hirebidanal
601332,219183,Hirebidanal
601333,219183,Hirebidanal
601334,219183,Hirebidanal
601335,219189,Kudarimothi
601336,219189,Kudarimothi
601337,219183,Hirebidanal
601338,219203,Yerehanchinal
601339,219203,Yerehanchinal
601340,219191,Mandalageri
601341,219196,Rajoor
601342,219196,Rajoor
601343,219196,Rajoor
601344,219171,Baligeri
601345,219171,Baligeri
601346,219171,Baligeri
601347,219171,Baligeri
601349,219186,Itagi
601350,219191,Mandalageri
601351,219191,Mandalageri
601352,219203,Yerehanchinal
601353,219191,Mandalageri
601354,219186,Itagi
601355,273147,Masabahanchinal
601356,273147,Masabahanchinal
601357,273147,Masabahanchinal
601358,219175,Benakal
601359,219179,Gaddigeri
601360,219177,Bhanapur
601361,219177,Bhanapur
601362,219173,Bannikoppa
601363,219186,Itagi
601364,219173,Bannikoppa
601365,219173,Bannikoppa
601366,219191,Mandalageri
601367,219173,Bannikoppa
601368,219173,Bannikoppa
601369,219199,Talakal
601370,219199,Talakal
601371,219177,Bhanapur
601372,219177,Bhanapur
601373,219177,Bhanapur
601374,219165,Nilogal
601375,219165,Nilogal
601376,219165,Nilogal
601377,219169,Tuggaladoni
601378,219165,Nilogal
601379,219165,Nilogal
601380,219165,Nilogal
601381,273135,Bilekal
601382,219169,Tuggaladoni
601383,219169,Tuggaladoni
601384,219169,Tuggaladoni
601385,219148,Hanumanal
601386,219148,Hanumanal
601387,273135,Bilekal
601388,273135,Bilekal
601389,219162,Malagitti
601390,219162,Malagitti
601391,219154,Jahagirgudadur
601392,219159,Kilarhatti
601393,219154,Jahagirgudadur
601394,219154,Jahagirgudadur
601395,273139,Habalakatti
601396,219162,Malagitti
601397,219162,Malagitti
601398,273139,Habalakatti
601399,273139,Habalakatti
601400,273141,Hirenandihal
601401,273145,Tumarikoppa
601402,273142,Kesur
601403,273145,Tumarikoppa
601404,219170,Yeragera
601405,219170,Yeragera
601406,219170,Yeragera
601407,273145,Tumarikoppa
601408,273145,Tumarikoppa
601409,219151,Hiregonnagar
601410,219151,Hiregonnagar
601411,219151,Hiregonnagar
601412,219144,Benakanahal
601413,219144,Benakanahal
601414,219144,Benakanahal
601415,219151,Hiregonnagar
601416,219158,Katapur
601417,273134,Antarathana
601418,273134,Antarathana
601419,273134,Antarathana
601420,273134,Antarathana
601421,273134,Antarathana
601422,273134,Antarathana
601423,273134,Antarathana
601424,219158,Katapur
601425,273134,Antarathana
601426,219156,Kabbaragi
601427,219153,Hulagera
601428,219153,Hulagera
601429,219156,Kabbaragi
601430,219156,Kabbaragi
601431,219156,Kabbaragi
601432,219156,Kabbaragi
601433,219170,Yeragera
601434,219170,Yeragera
601436,219143,Adavibhavi
601437,219143,Adavibhavi
601438,219143,Adavibhavi
601439,219143,Adavibhavi
601440,219161,Kyadiguppa
601441,219161,Kyadiguppa
601442,273142,Kesur
601443,273145,Tumarikoppa
601444,219143,Adavibhavi
601445,219143,Adavibhavi
601446,219143,Adavibhavi
601447,219143,Adavibhavi
601448,219146,Chalagera
601449,219144,Benakanahal
601450,219146,Chalagera
601451,219146,Chalagera
601452,219143,Adavibhavi
601453,219167,Taluvagera
601454,219146,Chalagera
601455,273145,Tumarikoppa
601456,273141,Hirenandihal
601457,273141,Hirenandihal
601458,273141,Hirenandihal
601459,273141,Hirenandihal
601460,273141,Hirenandihal
601461,219160,Koradakera
601462,219150,Hirebannigol
601463,219150,Hirebannigol
601464,219150,Hirebannigol
601465,273142,Kesur
601466,219161,Kyadiguppa
601467,273144,Shiragumpi
601468,273144,Shiragumpi
601469,219164,Mudenoor
601470,219164,Mudenoor
601471,219164,Mudenoor
601472,219164,Mudenoor
601473,273144,Shiragumpi
601474,273144,Shiragumpi
601475,219147,Dotihal
601476,219147,Dotihal
601477,273142,Kesur
601478,273142,Kesur
601479,273142,Kesur
601480,219147,Dotihal
601481,219145,Bijakal
601482,219145,Bijakal
601483,219147,Dotihal
601484,273144,Shiragumpi
601485,219145,Bijakal
601486,219145,Bijakal
601487,219164,Mudenoor
601488,219164,Mudenoor
601489,219155,Jumlapur
601490,219145,Bijakal
601491,219145,Bijakal
601492,219145,Bijakal
601493,219145,Bijakal
601494,219167,Taluvagera
601495,219145,Bijakal
601497,219167,Taluvagera
601498,219160,Koradakera
601499,219160,Koradakera
601500,219160,Koradakera
601501,219160,Koradakera
601502,219157,Kandakur
601503,219157,Kandakur
601504,219157,Kandakur
601505,273137,Gumageri
601506,219166,Sanganal
601507,219152,Hiremannapur
601508,219152,Hiremannapur
601509,219152,Hiremannapur
601510,219152,Hiremannapur
601511,219163,Menedal
601512,219152,Hiremannapur
601513,273137,Gumageri
601514,219155,Jumlapur
601515,219155,Jumlapur
601516,219155,Jumlapur
601517,219155,Jumlapur
601518,219159,Kilarhatti
601519,219159,Kilarhatti
601520,219159,Kilarhatti
601521,219154,Jahagirgudadur
601522,219159,Kilarhatti
601523,219159,Kilarhatti
601524,219159,Kilarhatti
601525,219159,Kilarhatti
601526,219155,Jumlapur
601527,219155,Jumlapur
601528,219155,Jumlapur
601529,219155,Jumlapur
601530,219155,Jumlapur
601531,219167,Taluvagera
601533,219163,Menedal
601534,273143,Lingadahalli
601535,219163,Menedal
601536,219163,Menedal
601537,219163,Menedal
601538,219166,Sanganal
601539,219166,Sanganal
601540,219166,Sanganal
601541,219166,Sanganal
601542,273137,Gumageri
601543,219166,Sanganal
601544,219166,Sanganal
601545,273143,Lingadahalli
601546,219163,Menedal
601547,219163,Menedal
601548,273143,Lingadahalli
601549,273143,Lingadahalli
601550,273143,Lingadahalli
601551,219088,Hulihaider
601552,219088,Hulihaider
601553,219088,Hulihaider
601554,219086,Hirekheda
601555,219091,Karadona
601556,219086,Hirekheda
601557,219088,Hulihaider
601558,219088,Hulihaider
601559,219088,Hulihaider
601560,273125,Basarihal
601561,219082,Gouripur
601562,219082,Gouripur
601563,219082,Gouripur
601564,273125,Basarihal
601565,273125,Basarihal
601566,219082,Gouripur
601567,273125,Basarihal
601568,219097,Musalapur
601569,219097,Musalapur
601570,219097,Musalapur
601571,219097,Musalapur
601572,219097,Musalapur
601573,219097,Musalapur
601574,219080,Chikkamadinal
601575,219097,Musalapur
601576,219097,Musalapur
601577,219080,Chikkamadinal
601578,219080,Chikkamadinal
601579,219080,Chikkamadinal
601581,219086,Hirekheda
601582,219086,Hirekheda
601583,219086,Hirekheda
601584,219086,Hirekheda
601585,219086,Hirekheda
601586,219086,Hirekheda
601587,219086,Hirekheda
601588,219103,Sulekal
601589,219103,Sulekal
601590,219103,Sulekal
601591,219103,Sulekal
601592,219080,Chikkamadinal
601593,219080,Chikkamadinal
601594,219080,Chikkamadinal
601595,219070,Agoli
601596,219070,Agoli
601597,219070,Agoli
601598,219106,Venkatagiri
601599,219093,Kesarahatti
601600,219093,Kesarahatti
601601,219093,Kesarahatti
601602,219093,Kesarahatti
601603,219105,Vaddarahatti
601604,219105,Vaddarahatti
601605,219106,Venkatagiri
601606,219106,Venkatagiri
601607,219106,Venkatagiri
601608,219106,Venkatagiri
601609,219106,Venkatagiri
601610,219077,Chikkabenakal
601611,219077,Chikkabenakal
601612,219077,Chikkabenakal
601613,219077,Chikkabenakal
601614,219077,Chikkabenakal
601615,219072,Basapattana
601616,219094,Mallapur
601617,219094,Mallapur
601618,273129,Sanapur
601619,219100,Sangapur
601620,273129,Sanapur
601621,273129,Sanapur
601622,273129,Sanapur
601623,219071,Anegundi
601624,219094,Mallapur
601625,219094,Mallapur
601626,219094,Mallapur
601627,219071,Anegundi
601628,273129,Sanapur
601630,219079,Chikkajanthakal
601631,219079,Chikkajanthakal
601633,219100,Sangapur
601635,219100,Sangapur
601636,219100,Sangapur
601637,219071,Anegundi
601638,219100,Sangapur
601639,219071,Anegundi
601640,219093,Kesarahatti
601641,219084,Hanaval
601642,219093,Kesarahatti
601643,219085,Herur
601644,219085,Herur
601645,219085,Herur
601646,219084,Hanaval
601647,219087,Hosakera
601648,219095,Marali
601649,219102,Sriramnagar
601650,219081,Dhanapur
601651,219095,Marali
601652,219081,Dhanapur
601653,273126,Jangamar Kalgudi
601654,219079,Chikkajanthakal
601655,219079,Chikkajanthakal
601656,219079,Chikkajanthakal
601657,219091,Karadona
601658,219091,Karadona
601659,219099,Navali
601660,219099,Navali
601661,219099,Navali
601662,219099,Navali
601663,219099,Navali
601664,219091,Karadona
601665,219091,Karadona
601666,219091,Karadona
601667,219091,Karadona
601668,219091,Karadona
601669,219091,Karadona
601670,219099,Navali
601671,219099,Navali
601672,219078,Chikkadhanakanakal
601673,219078,Chikkadhanakanakal
601674,273127,Jiral
601675,273127,Jiral
601676,219078,Chikkadhanakanakal
601677,273128,Mailapur
601678,273128,Mailapur
601679,219074,Bevinal
601680,219074,Bevinal
601682,219076,Challur
601683,273128,Mailapur
601684,219089,Hulkihal
601685,219089,Hulkihal
601686,219096,Marlanahalli
601687,219089,Hulkihal
601688,219096,Marlanahalli
601689,219107,Yeradona
601690,219075,Boodgumpa
601691,219075,Boodgumpa
601692,219075,Boodgumpa
601693,219083,Gundur
601694,219083,Gundur
601695,219101,Siddapur
601696,219101,Siddapur
601697,273124,Baragur
601698,219098,Mushtur
601699,273124,Baragur
601700,273124,Baragur
601701,219104,Ulenur
601702,219104,Ulenur
601703,219104,Ulenur
601704,219073,Bennur
601705,219073,Bennur
601706,219073,Bennur
601707,219073,Bennur
601709,219133,Kavaloor
601710,219133,Kavaloor
601711,219125,Hiresindhogi
601712,219121,Halageri
601713,219121,Halageri
601714,219121,Halageri
601715,219135,Kolur
601716,219125,Hiresindhogi
601717,219125,Hiresindhogi
601718,219135,Kolur
601719,219132,Katharaki Gudlanur
601720,219132,Katharaki Gudlanur
601721,219114,Bisaralli
601722,219114,Bisaralli
601723,219114,Bisaralli
601724,219109,Alavandi
601725,219123,Hatti
601726,219123,Hatti
601727,219123,Hatti
601728,219123,Hatti
601729,219123,Hatti
601730,219123,Hatti
601731,219109,Alavandi
601732,219123,Hatti
601733,219115,Bochanahalli
601734,219115,Bochanahalli
601735,219115,Bochanahalli
601736,219139,Mattur
601737,219139,Mattur
601738,219115,Bochanahalli
601739,219115,Bochanahalli
601740,219109,Alavandi
601741,219112,Betageri
601742,219112,Betageri
601743,219132,Katharaki Gudlanur
601744,219139,Mattur
601745,219139,Mattur
601746,219138,Madinoor
601747,219138,Madinoor
601748,273132,Kalakera
601749,273132,Kalakera
601750,219141,Ojanahalli
601751,219141,Ojanahalli
601752,219141,Ojanahalli
601753,219141,Ojanahalli
601754,219141,Ojanahalli
601755,219137,Lebageri
601756,273131,Halavarthi
601757,219120,Guladalli
601758,219118,Ginigera
601759,273130,Bevinahalli
601760,273130,Bevinahalli
601761,219120,Guladalli
601762,219118,Ginigera
601763,219124,Hirebagnal
601764,273131,Halavarthi
601765,273131,Halavarthi
601766,219136,Kunikeri
601767,219135,Kolur
601768,219135,Kolur
601769,219135,Kolur
601770,219135,Kolur
601771,219135,Kolur
601772,219110,Bahaddurbandi
601773,219110,Bahaddurbandi
601774,219110,Bahaddurbandi
601775,273131,Halavarthi
601776,219124,Hirebagnal
601777,219136,Kunikeri
601778,219110,Bahaddurbandi
601779,219119,Gondbal
601780,219125,Hiresindhogi
601781,219119,Gondbal
601782,219110,Bahaddurbandi
601783,219110,Bahaddurbandi
601784,219136,Kunikeri
601785,219124,Hirebagnal
601786,219124,Hirebagnal
601787,219122,Hasagal
601788,219122,Hasagal
601789,219117,Chikkabommanal
601790,219117,Chikkabommanal
601791,219117,Chikkabommanal
601792,219117,Chikkabommanal
601793,219117,Chikkabommanal
601794,219117,Chikkabommanal
601795,219122,Hasagal
601796,219122,Hasagal
601797,219122,Hasagal
601798,219122,Hasagal
601799,219130,Irakalgada
601800,219130,Irakalgada
601801,219122,Hasagal
601802,273133,Vanaballari
601803,273133,Vanaballari
601804,273133,Vanaballari
601805,273133,Vanaballari
601806,219131,Kaltavarageri
601807,219131,Kaltavarageri
601808,219130,Irakalgada
601809,219130,Irakalgada
601810,219130,Irakalgada
601811,219138,Madinoor
601812,219134,Kinnal
601813,273132,Kalakera
601814,273132,Kalakera
601815,219130,Irakalgada
601816,219131,Kaltavarageri
601817,219131,Kaltavarageri
601818,219131,Kaltavarageri
601819,219131,Kaltavarageri
601820,219137,Lebageri
601821,219137,Lebageri
601822,219137,Lebageri
601823,219137,Lebageri
601824,219131,Kaltavarageri
601825,219131,Kaltavarageri
601826,219116,Boodagumpa
601827,219116,Boodagumpa
601828,219116,Boodagumpa
601829,219116,Boodagumpa
601830,219116,Boodagumpa
601831,219116,Boodagumpa
601832,219129,Indaragi
601833,219116,Boodagumpa
601834,219116,Boodagumpa
601835,219116,Boodagumpa
601836,219116,Boodagumpa
601837,219120,Guladalli
601838,219120,Guladalli
601839,219142,Shivpur
601840,219142,Shivpur
601841,219111,Bandiharlapur
601842,219111,Bandiharlapur
601843,219111,Bandiharlapur
601844,219142,Shivpur
601845,219142,Shivpur
601846,219142,Shivpur
601847,219111,Bandiharlapur
601848,219142,Shivpur
601849,219108,Agalakera
601850,273130,Bevinahalli
601851,219124,Hirebagnal
601852,219124,Hirebagnal
601853,219126,Hitnal
601854,219108,Agalakera
601855,219126,Hitnal
601856,219128,Huligi
601857,219128,Huligi
601858,219127,Hosalli
601859,219140,Munirabad Dam
601861,272962,Benakanakoppa
601862,272962,Benakanakoppa
601863,217802,Hirekoppa
601864,217802,Hirekoppa
601865,217802,Hirekoppa
601866,217800,Chikkanaragund
601867,217804,Kanakikoppa
601868,217804,Kanakikoppa
601869,217804,Kanakikoppa
601872,217804,Kanakikoppa
601873,217804,Kanakikoppa
601874,217803,Hunsikatti
601875,217804,Kanakikoppa
601876,217803,Hunsikatti
601877,217803,Hunsikatti
601878,217798,Banahatti
601879,217798,Banahatti
601880,217798,Banahatti
601881,217809,Vasan
601882,217809,Vasan
601883,217809,Vasan
601884,217805,Konnur
601885,217805,Konnur
601886,217807,Shirol
601887,217807,Shirol
601888,217807,Shirol
601889,217806,Radder-Naganur
601890,217806,Radder-Naganur
601891,217806,Radder-Naganur
601892,217799,Bhiranahatti
601893,217799,Bhiranahatti
601894,217801,Hadli
601895,217808,Surkod
601896,217831,Menasgi
601897,217831,Menasgi
601898,217831,Menasgi
601899,217819,Holemannur
601900,217819,Holemannur
601901,217818,Hole-Alur
601902,272963,Amaragol
601903,272963,Amaragol
601904,272963,Amaragol
601905,272963,Amaragol
601906,217821,Hunagundi
601907,217821,Hunagundi
601908,217820,Hullur
601909,217820,Hullur
601910,217811,Asuti
601911,217811,Asuti
601912,217811,Asuti
601913,217811,Asuti
601914,217813,Chikkamannur
601915,272966,Koujageri
601916,217839,Yavagal
601917,217839,Yavagal
601918,272966,Koujageri
601919,217812,Belavanaki
601920,217830,Mallapur
601921,217813,Chikkamannur
601922,217836,Savadi
601923,272963,Amaragol
601924,217829,Madalageri
601925,217829,Madalageri
601926,217817,Hirehal
601927,217817,Hirehal
601928,217837,Shanthageri
601929,217837,Shanthageri
601930,217837,Shanthageri
601931,217832,Mushigeri
601932,217828,Lakkalakatti
601933,217832,Mushigeri
601934,217832,Mushigeri
601935,272964,Gulaguli
601936,272964,Gulaguli
601937,217822,Itagi
601938,217817,Hirehal
601939,217824,Kothabal
601940,217824,Kothabal
601941,217824,Kothabal
601942,217827,Kurahatti
601943,217827,Kurahatti
601944,217830,Mallapur
601945,217813,Chikkamannur
601946,217831,Menasgi
601947,217813,Chikkamannur
601948,217836,Savadi
601949,272965,Hosalli
601950,272965,Hosalli
601951,217822,Itagi
601952,217838,Sudi
601953,272964,Gulaguli
601954,217838,Sudi
601955,217814,D.S.Hadagali
601956,217814,D.S.Hadagali
601957,217826,Kuradagi
601958,217826,Kuradagi
601959,217826,Kuradagi
601960,217810,Abbigeri
601961,217823,Jakkali
601962,272967,Maranabasari
601963,272967,Maranabasari
601964,272965,Hosalli
601965,217833,Nidagundi
601966,217816,Halakeri
601967,272964,Gulaguli
601968,272964,Gulaguli
601969,217828,Lakkalakatti
601970,217828,Lakkalakatti
601971,217834,Rajuru
601972,217825,Kuntoji
601973,217825,Kuntoji
601974,217825,Kuntoji
601975,217825,Kuntoji
601976,217825,Kuntoji
601977,217834,Rajuru
601978,217834,Rajuru
601979,217835,Rampur
601980,217825,Kuntoji
601981,217815,Gogeri
601982,217815,Gogeri
601983,217815,Gogeri
601984,217835,Rampur
601985,217835,Rampur
601986,217835,Rampur
601987,217835,Rampur
601988,217835,Rampur
601989,217778,Lingadal
601990,217761,Balaganur
601991,217773,Kadhadi
601992,217773,Kadhadi
601993,217772,Huyelagola
601994,217770,Hombala
601995,217763,Belahooda
601996,217763,Belahooda
601997,217763,Belahooda
601998,217765,Chikkahandigol
601999,217765,Chikkahandigol
602000,217765,Chikkahandigol
602001,217772,Huyelagola
602002,217772,Huyelagola
602003,217772,Huyelagola
602004,217780,Neeralagi
602005,217780,Neeralagi
602006,217775,Kotamachagi
602007,217780,Neeralagi
602008,217769,Hatalageri
602010,217774,Kanaginahal
602011,217767,Haralapur
602012,272958,Timmapur
602013,217769,Hatalageri
602014,217758,Adavisomapur
602015,217769,Hatalageri
602016,217758,Adavisomapur
602017,217758,Adavisomapur
602018,217758,Adavisomapur
602019,217777,Lakkundi
602020,217764,Binkadakatti
602021,217771,Hulakoti
602022,217764,Binkadakatti
602023,217760,Asundi
602024,217760,Asundi
602025,272957,Kalasapur
602026,272957,Kalasapur
602027,217760,Asundi
602028,217776,Kurtakoti
602029,217759,Antur
602030,217759,Antur
602031,217779,Nagavi
602032,217779,Nagavi
602033,217762,Beladhadi
602034,217762,Beladhadi
602035,217762,Beladhadi
602036,217768,Harti
602037,217768,Harti
602038,217766,Chinchali
602039,217766,Chinchali
602040,217766,Chinchali
602041,217782,Yelishirur
602042,217782,Yelishirur
602043,217782,Yelishirur
602044,217762,Beladhadi
602046,217782,Yelishirur
602047,217781,Soratur
602050,217781,Soratur
602051,217781,Soratur
602052,217781,Soratur
602053,272970,Madalli
602054,272970,Madalli
602055,217863,Yalavatti
602056,217855,Magadi
602057,217855,Magadi
602058,217848,Gojnuru
602059,217857,Ramagiri
602060,217857,Ramagiri
602061,217857,Ramagiri
602062,217844,Batturu
602063,217848,Gojnuru
602064,217844,Batturu
602065,217844,Batturu
602066,217844,Batturu
602067,217844,Batturu
602068,217840,Adarakatti
602069,217840,Adarakatti
602070,217840,Adarakatti
602071,217856,P-Badni
602072,217841,Adharahalli
602073,217841,Adharahalli
602074,217841,Adharahalli
602075,217841,Adharahalli
602076,217856,P-Badni
602077,217840,Adarakatti
602078,217847,Dodduru
602079,272968,Govanala
602080,272968,Govanala
602081,272968,Govanala
602082,217859,Shigli
602083,217847,Dodduru
602084,217847,Dodduru
602085,217847,Dodduru
602086,272969,Hullura
602087,272969,Hullura
602088,272969,Hullura
602089,217860,Suranagii
602090,217860,Suranagii
602091,217847,Dodduru
602092,217842,Balehosuru
602093,217855,Magadi
602094,217855,Magadi
602095,217855,Magadi
602096,217846,Chebbi
602097,217846,Chebbi
602098,217851,Kadakol
602099,217851,Kadakol
602100,274217,Majjooru
602101,274217,Majjooru
602102,274217,Majjooru
602103,217846,Chebbi
602104,217854,Machenhalli
602105,217854,Machenhalli
602106,217854,Machenhalli
602107,217858,Ranathura
602108,217858,Ranathura
602109,217845,Bellatti
602110,217843,Bannikoppa
602111,217843,Bannikoppa
602112,217854,Machenhalli
602113,217843,Bannikoppa
602114,217845,Bellatti
602115,217853,Konchigeri
602116,272969,Hullura
602117,217853,Konchigeri
602118,217853,Konchigeri
602119,217862,Vadavi
602120,217861,Tarikoppa
602121,217861,Tarikoppa
602122,217861,Tarikoppa
602123,217862,Vadavi
602124,217862,Vadavi
602125,217862,Vadavi
602126,217852,Koganur
602127,217853,Konchigeri
602128,217852,Koganur
602129,217852,Koganur
602130,217852,Koganur
602131,217852,Koganur
602132,217849,Hebbal
602133,217849,Hebbal
602134,217849,Hebbal
602135,217849,Hebbal
602136,217850,Itagi
602137,217850,Itagi
602138,217857,Ramagiri
602139,217849,Hebbal
602140,272961,Shivajinagar
602141,217797,Shingatarayankere
602142,217797,Shingatarayankere
602143,274216,Jantli Shirura
602144,274216,Jantli Shirura
602145,217788,Hallikeri
602146,217788,Hallikeri
602147,217788,Hallikeri
602148,217783,Alur
602149,272961,Shivajinagar
602150,272961,Shivajinagar
602151,272961,Shivajinagar
602152,217797,Shingatarayankere
602153,217787,Doni
602154,217786,Dambal
602155,217795,Meundi
602156,217795,Meundi
602157,217795,Meundi
602158,217795,Meundi
602159,217790,Harogeri
602160,217792,Hirewaddatti
602161,272960,Muradi
602162,272960,Muradi
602163,272960,Muradi
602164,272960,Muradi
602165,217790,Harogeri
602166,217790,Harogeri
602167,217790,Harogeri
602168,217784,Bagewadi
602169,217793,Kalkeri
602170,217793,Kalkeri
602175,217794,Korlahalli
602176,272959,Bidanala
602177,272959,Bidanala
602178,217793,Kalkeri
602179,217793,Kalkeri
602180,272959,Bidanala
602181,272959,Bidanala
602182,217794,Korlahalli
602183,217791,Hesarur
602184,217791,Hesarur
602185,217791,Hesarur
602186,217791,Hesarur
602187,217794,Korlahalli
602188,217796,Shingatalur
602189,217784,Bagewadi
602190,217784,Bagewadi
602191,217785,Bidarhalli
602192,217785,Bidarhalli
602193,217785,Bidarhalli
602194,217789,Hammagi
602195,217789,Hammagi
602196,217796,Shingatalur
602197,217796,Shingatalur
602198,217651,Madhanbhavi
602199,217651,Madhanbhavi
602200,217638,Hangarki
602201,217663,Tadakoda
602202,217663,Tadakoda
602203,217646,Kotabagi
602204,217646,Kotabagi
602205,217646,Kotabagi
602206,217650,Lokur
602207,217638,Hangarki
602208,217638,Hangarki
602209,217651,Madhanbhavi
602210,217664,Tegur
602211,217664,Tegur
602212,301643,Guledakoppa
602213,217638,Hangarki
602214,217636,Garag
602215,217636,Garag
602216,217648,Kurbagatti
602217,217650,Lokur
602218,217666,Yadawad
602219,217648,Kurbagatti
602220,217648,Kurbagatti
602221,217633,Belur
602222,217647,Kotur
602223,217647,Kotur
602224,301643,Guledakoppa
602225,301643,Guledakoppa
602226,217647,Kotur
602227,217633,Belur
602228,217658,Narendra
602229,217666,Yadawad
602230,217658,Narendra
602231,217658,Narendra
602232,217633,Belur
602233,217658,Narendra
602234,217658,Narendra
602235,217658,Narendra
602236,217642,Kadabagatti
602237,217642,Kadabagatti
602238,217642,Kadabagatti
602239,217634,Benachi
602240,217632,Arwatagi
602241,217632,Arwatagi
602242,217664,Tegur
602243,217661,Ramapur
602244,217661,Ramapur
602245,217661,Ramapur
602246,217661,Ramapur
602247,217641,Honnapur
602248,217632,Arwatagi
602249,217632,Arwatagi
602250,217634,Benachi
602251,217634,Benachi
602252,217641,Honnapur
602253,217653,Mandihal
602254,217653,Mandihal
602255,217653,Mandihal
602256,217656,Mugad
602257,217643,Kalakeri
602258,217637,Halligeri
602259,217637,Halligeri
602260,217643,Kalakeri
602261,217649,Kyarakoppa
602262,217643,Kalakeri
602263,217635,Devarhubbali
602265,217635,Devarhubbali
602266,217635,Devarhubbali
602267,217637,Halligeri
602268,217637,Halligeri
602269,217657,Mummigatti
602270,273020,Chikkamalligawada
602271,273020,Chikkamalligawada
602272,217649,Kyarakoppa
602278,273021,Manasura
602279,217659,Nigadi
602280,217635,Devarhubbali
602281,217659,Nigadi
602282,217659,Nigadi
602283,273021,Manasura
602286,217667,Yerikoppa
602287,217652,Managundi
602288,217667,Yerikoppa
602289,217667,Yerikoppa
602291,217665,Uppin Betageri
602292,217660,Pudkalakatti
602293,217639,Harobelawadi
602294,217665,Uppin Betageri
602295,217639,Harobelawadi
602296,217665,Uppin Betageri
602297,217665,Uppin Betageri
602298,217660,Pudkalakatti
602299,217645,Karadigudda
602300,217631,Amminbhavi
602301,217655,Marewad
602302,217655,Marewad
602303,217644,Kanakur
602304,217644,Kanakur
602305,217644,Kanakur
602306,217644,Kanakur
602307,217644,Kanakur
602308,217644,Kanakur
602309,217640,Hebballi
602310,217654,Maradagi
602311,217654,Maradagi
602312,217654,Maradagi
602313,217654,Maradagi
602314,217654,Maradagi
602315,217662,Shivalli
602316,217752,Shirur
602317,217752,Shirur
602318,217740,Gummagola
602319,217740,Gummagola
602320,217751,Shirakol
602321,217745,Javur
602322,217743,Hebbal
602323,217736,Alagawadi
602324,217737,Belavatagi
602325,217737,Belavatagi
602326,217737,Belavatagi
602327,217741,Halakusugal
602328,217741,Halakusugal
602329,217745,Javur
602330,217751,Shirakol
602331,217747,Morab
602332,217747,Morab
602333,217755,Tirlapur
602334,217757,Yemanur
602335,217757,Yemanur
602336,217757,Yemanur
602337,217757,Yemanur
602338,273341,Belahar(Chilakawad)
602339,217746,Kalawad
602340,217746,Kalawad
602341,273341,Belahar(Chilakawad)
602342,217739,Gudisagar
602343,217754,Tadahala
602344,217754,Tadahala
602345,217754,Tadahala
602346,217739,Gudisagar
602347,217739,Gudisagar
602348,217739,Gudisagar
602349,217749,Nayakanur
602350,217749,Nayakanur
602351,217749,Nayakanur
602352,217750,Shalawadi
602353,217749,Nayakanur
602354,217744,Ibrahimpur
602355,273033,Navalli
602356,217756,Tuppadakurahatti
602357,273033,Navalli
602358,273033,Navalli
602359,217742,Hallikeri
602360,217753,Shisuvinahalli
602361,217738,Bhadrapur
602362,273034,Saswihalli
602363,273034,Saswihalli
602364,217753,Shisuvinahalli
602365,217753,Shisuvinahalli
602366,217753,Shisuvinahalli
602367,217753,Shisuvinahalli
602368,217748,Nalawadi
602369,217748,Nalawadi
602370,217738,Bhadrapur
602371,217738,Bhadrapur
602373,273034,Saswihalli
602382,273025,Devaragudihal
602385,217669,Anchatgeri
602388,217685,Sulla
602389,217672,Byahatti
602390,217675,Hebsur
602391,273026,Kiresur
602392,217680,Kusugal
602393,217676,Ingalhalli
602394,273023,Bhandiwada
602395,217681,Mantur
602396,217674,Hallyal
602397,217681,Mantur
602398,217684,Shiraguppi
602399,273028,Umachagi
602400,217679,Koliwad
602401,273028,Umachagi
602402,273025,Devaragudihal
602403,273025,Devaragudihal
602404,217683,Rayanal
602405,217683,Rayanal
602406,217669,Anchatgeri
602407,217678,Katnur
602408,217678,Katnur
602409,217668,Adargunchi
602410,217668,Adargunchi
602411,217668,Adargunchi
602412,217678,Katnur
602413,273024,Channapura
602414,273024,Channapura
602415,273024,Channapura
602416,217671,Belagali
602417,217678,Katnur
602418,217671,Belagali
602419,217682,Nulavi
602420,273027,Sharewada
602421,217671,Belagali
602422,217671,Belagali
602423,217677,Kardikoppa
602424,217677,Kardikoppa
602425,217686,Varur
602426,217673,Chabbi
602427,217670,B.Aralikatti
602428,217686,Varur
602429,273022,Agadi
602430,273022,Agadi
602431,273022,Agadi
602432,217696,Galagi
602433,217695,G.Basavankoppa
602434,217695,G.Basavankoppa
602435,217695,G.Basavankoppa
602436,217692,Devalingekoppa
602437,217692,Devalingekoppa
602438,217695,G.Basavankoppa
602439,217692,Devalingekoppa
602440,217697,Gambyapur
602441,217696,Galagi
602442,217696,Galagi
602443,217697,Gambyapur
602444,217694,Dummawad
602445,217697,Gambyapur
602446,217706,Muttagi
602447,217706,Muttagi
602448,217696,Galagi
602449,217706,Muttagi
602450,217702,Kuruvinakoppa
602451,217702,Kuruvinakoppa
602452,217713,Ugginakeri
602453,217713,Ugginakeri
602454,217713,Ugginakeri
602455,217700,Hirehonnihalli
602456,217700,Hirehonnihalli
602457,217706,Muttagi
602458,217689,Begur
602459,217689,Begur
602460,217689,Begur
602461,217713,Ugginakeri
602462,217704,Mishrikoti
602463,217713,Ugginakeri
602464,273029,Bhogenagarakoppa
602465,217707,Sangameshwar
602466,217689,Begur
602467,217689,Begur
602468,217691,Dastikoppa
602469,217691,Dastikoppa
602470,217703,Madakihonnahalli
602471,217703,Madakihonnahalli
602472,217708,Sulikatti
602473,217707,Sangameshwar
602474,217708,Sulikatti
602475,217708,Sulikatti
602476,217708,Sulikatti
602477,217708,Sulikatti
602478,217708,Sulikatti
602479,217693,Devikoppa
602480,217693,Devikoppa
602481,217693,Devikoppa
602482,217690,Belavantar
602483,217690,Belavantar
602484,217712,Tavargeri
602485,217711,Tambur
602486,217711,Tambur
602487,217711,Tambur
602488,217711,Tambur
602489,217711,Tambur
602490,217711,Tambur
602491,273029,Bhogenagarakoppa
602492,217698,Ganjigatti
602493,217709,Surashettikoppa
602494,217709,Surashettikoppa
602495,217709,Surashettikoppa
602496,217699,Guddadahulikati
602497,217699,Guddadahulikati
602498,217701,Jinnur
602499,217703,Madakihonnahalli
602500,217701,Jinnur
602501,217690,Belavantar
602502,217690,Belavantar
602503,217701,Jinnur
602504,217705,Mukkal
602505,217710,Tabakadahonnihalli
602506,217699,Guddadahulikati
602507,217699,Guddadahulikati
602508,217688,Beeravalli
602509,217705,Mukkal
602510,217712,Tavargeri
602511,217712,Tavargeri
602512,217687,Bammigatti
602513,217712,Tavargeri
602514,217687,Bammigatti
602515,217687,Bammigatti
602516,217688,Beeravalli
602517,217688,Beeravalli
602518,217688,Beeravalli
602519,217718,Gudenakatti
602520,217718,Gudenakatti
602522,217732,Shirur
602523,273031,Devanur
602524,273031,Devanur
602525,217714,Betadur
602526,217714,Betadur
602527,217734,Yeliwal
602528,217727,Kubihal
602529,217726,Kamadolli
602530,217722,Hireharkuni
602531,217722,Hireharkuni
602532,217715,Bhu.Tarlagatta
602533,217715,Bhu.Tarlagatta
602534,217727,Kubihal
602535,273032,Guruvinahalli
602536,217729,Ramanakoppa
602537,217729,Ramanakoppa
602538,217719,Malali
602539,273032,Guruvinahalli
602540,217724,Ingalagi
602541,217728,Mattigatti
602542,217719,Malali
602543,217729,Ramanakoppa
602544,217729,Ramanakoppa
602545,217719,Malali
602546,217728,Mattigatti
602547,217728,Mattigatti
602548,217724,Ingalagi
602549,217715,Bhu.Tarlagatta
602550,217718,Gudenakatti
602551,217735,Yeraguppi
602552,217730,Rottigawad
602553,300566,Baradwada
602554,217730,Rottigawad
602555,217735,Yeraguppi
602556,217735,Yeraguppi
602557,217723,Hirenarti
602558,217723,Hirenarti
602559,217723,Hirenarti
602560,273030,Chakalabbi
602561,300566,Baradwada
602562,217721,Hiregunjal
602563,217721,Hiregunjal
602564,217721,Hiregunjal
602565,217733,Yarebudihal
602566,273030,Chakalabbi
602567,217731,Saunsi
602568,274157,Pashupathihala
602569,217717,Gudageri
602570,217720,Harlapur
602571,217720,Harlapur
602572,217725,Kalas
602573,217717,Gudageri
602574,217716,Goudageri
602575,217716,Goudageri
602576,217716,Goudageri
602577,220655,Majali
602578,220657,Mudgeri
602579,220657,Mudgeri
602580,220657,Mudgeri
602581,220646,Chittakula
602582,220644,Asnoti
602583,220644,Asnoti
602584,220644,Asnoti
602585,220644,Asnoti
602586,220650,Hankon
602587,220650,Hankon
602588,220650,Hankon
602589,220650,Hankon
602590,220650,Hankon
602591,220648,Ghadsai
602592,220648,Ghadsai
602593,220648,Ghadsai
602594,220648,Ghadsai
602595,220653,Kerwadi
602596,220653,Kerwadi
602597,220653,Kerwadi
602598,220649,Gotegali
602599,220649,Gotegali
602600,220649,Gotegali
602601,220649,Gotegali
602602,220649,Gotegali
602603,220656,Mallapur
602604,220656,Mallapur
602605,220651,Kadra
602606,220656,Mallapur
602607,220656,Mallapur
602608,220651,Kadra
602609,220656,Mallapur
602610,220656,Mallapur
602611,220654,Kinner
602612,220658,Shirwad
602613,220658,Shirwad
602614,220659,Wailwada
602615,220659,Wailwada
602616,220647,Devalmakki
602617,220647,Devalmakki
602618,220647,Devalmakki
602619,220647,Devalmakki
602620,220647,Devalmakki
602621,220647,Devalmakki
602622,220647,Devalmakki
602624,220645,Chendiya
602625,220645,Chendiya
602626,273205,Thoduru
602627,220642,Amdalli
602628,220652,Kadwad
602629,220646,Chittakula
602630,220741,Akheti
602631,220741,Akheti
602632,220741,Akheti
602633,220741,Akheti
602634,220741,Akheti
602635,220741,Akheti
602636,220741,Akheti
602637,220741,Akheti
602638,220741,Akheti
602639,220748,Castle Rock (Kalamboli)
602640,220741,Akheti
602641,220741,Akheti
602642,220743,Asu
602643,220743,Asu
602644,220748,Castle Rock (Kalamboli)
602645,220745,Bazaar Kulang
602646,220745,Bazaar Kulang
602647,220743,Asu
602648,220743,Asu
602649,220743,Asu
602650,220753,Ramnagar
602651,220743,Asu
602652,220743,Asu
602653,220743,Asu
602654,220743,Asu
602655,220743,Asu
602656,220743,Asu
602657,220743,Asu
602658,220743,Asu
602659,220743,Asu
602660,220745,Bazaar Kulang
602661,220745,Bazaar Kulang
602662,220745,Bazaar Kulang
602663,220745,Bazaar Kulang
602664,220745,Bazaar Kulang
602665,220745,Bazaar Kulang
602666,220745,Bazaar Kulang
602667,220754,Shingaragaon
602668,220754,Shingaragaon
602669,220754,Shingaragaon
602670,220754,Shingaragaon
602671,220754,Shingaragaon
602672,220746,Jagalbate
602673,220746,Jagalbate
602674,220746,Jagalbate
602675,220746,Jagalbate
602676,220746,Jagalbate
602677,220754,Shingaragaon
602678,220754,Shingaragaon
602679,220754,Shingaragaon
602680,220754,Shingaragaon
602681,220754,Shingaragaon
602682,220754,Shingaragaon
602683,220746,Jagalbate
602684,220754,Shingaragaon
602685,220744,Aveda
602687,220744,Aveda
602688,220744,Aveda
602689,220744,Aveda
602690,220744,Aveda
602691,220750,Nagoda
602692,220750,Nagoda
602693,220750,Nagoda
602694,220750,Nagoda
602695,220750,Nagoda
602696,220750,Nagoda
602697,220750,Nagoda
602698,220750,Nagoda
602700,220752,Pradhani
602701,220752,Pradhani
602702,220750,Nagoda
602703,220752,Pradhani
602704,220752,Pradhani
602705,220752,Pradhani
602706,220752,Pradhani
602707,220752,Pradhani
602708,220752,Pradhani
602709,220752,Pradhani
602710,220752,Pradhani
602711,220749,Kateli
602712,220749,Kateli
602713,220749,Kateli
602714,220749,Kateli
602715,220749,Kateli
602716,220749,Kateli
602717,220742,Anshi
602718,220742,Anshi
602719,220742,Anshi
602720,220742,Anshi
602721,220749,Kateli
602722,220749,Kateli
602723,274155,Gangoda
602724,274155,Gangoda
602725,274155,Gangoda
602726,220747,Joida
602727,220747,Joida
602728,220747,Joida
602729,274155,Gangoda
602730,220751,Nandigadde
602731,274155,Gangoda
602732,220755,Ulvi
602733,220751,Nandigadde
602734,220751,Nandigadde
602735,220751,Nandigadde
602736,220751,Nandigadde
602737,220755,Ulvi
602738,220755,Ulvi
602739,220755,Ulvi
602740,220755,Ulvi
602741,220751,Nandigadde
602742,220751,Nandigadde
602743,220751,Nandigadde
602744,220755,Ulvi
602745,220755,Ulvi
602746,220755,Ulvi
602747,220755,Ulvi
602748,220755,Ulvi
602749,220755,Ulvi
602750,273197,Ambewadi
602751,273197,Ambewadi
602752,220617,Yadoga
602753,220598,Alur
602754,220617,Yadoga
602755,273197,Ambewadi
602756,220605,Gundolli
602757,273197,Ambewadi
602758,220598,Alur
602759,273199,Modalagera
602760,273199,Modalagera
602761,273199,Modalagera
602762,273199,Modalagera
602763,220617,Yadoga
602764,220606,Havagi
602765,220617,Yadoga
602766,220617,Yadoga
602767,220609,Kesarolli
602768,220617,Yadoga
602769,220617,Yadoga
602770,220617,Yadoga
602771,220617,Yadoga
602772,220598,Alur
602773,220598,Alur
602774,220598,Alur
602775,220609,Kesarolli
602777,220598,Alur
602778,220598,Alur
602779,273198,Badakanashirada
602780,273198,Badakanashirada
602781,220598,Alur
602782,220602,Bhagvati
602783,220602,Bhagvati
602784,220602,Bhagvati
602785,273198,Badakanashirada
602786,273198,Badakanashirada
602787,220599,Ambikanagar
602788,220599,Ambikanagar
602789,220599,Ambikanagar
602790,220599,Ambikanagar
602791,220599,Ambikanagar
602792,220599,Ambikanagar
602793,220602,Bhagvati
602794,220599,Ambikanagar
602795,220599,Ambikanagar
602796,220602,Bhagvati
602797,220602,Bhagvati
602798,220602,Bhagvati
602799,220602,Bhagvati
602800,220602,Bhagvati
602801,220602,Bhagvati
602802,220602,Bhagvati
602803,220598,Alur
602804,220609,Kesarolli
602805,220609,Kesarolli
602806,220614,Sambrani
602807,220609,Kesarolli
602808,220609,Kesarolli
602809,220609,Kesarolli
602810,220609,Kesarolli
602811,220609,Kesarolli
602812,220609,Kesarolli
602813,220598,Alur
602814,220605,Gundolli
602815,220605,Gundolli
602816,220605,Gundolli
602817,220605,Gundolli
602818,220605,Gundolli
602819,220614,Sambrani
602820,220602,Bhagvati
602821,220602,Bhagvati
602822,220614,Sambrani
602823,220614,Sambrani
602824,220605,Gundolli
602825,273200,Tattigeri
602826,273200,Tattigeri
602827,220607,Janaga
602828,273200,Tattigeri
602829,273200,Tattigeri
602830,273200,Tattigeri
602831,273200,Tattigeri
602832,220600,Aralwad
602833,220600,Aralwad
602834,220610,Madnalli
602835,220610,Madnalli
602836,220610,Madnalli
602837,220610,Madnalli
602838,220610,Madnalli
602839,220600,Aralwad
602840,220600,Aralwad
602841,220611,Mangalwad
602842,220611,Mangalwad
602843,220611,Mangalwad
602844,220611,Mangalwad
602845,220611,Mangalwad
602846,220616,Tergaon
602847,220606,Havagi
602848,220606,Havagi
602849,220606,Havagi
602850,220603,Buzurkanchanalli
602851,220615,Tatwanagi
602852,220615,Tatwanagi
602853,220615,Tatwanagi
602854,220603,Buzurkanchanalli
602855,220604,Chibbalgeri`
602856,220604,Chibbalgeri`
602857,220604,Chibbalgeri`
602858,220604,Chibbalgeri`
602859,220604,Chibbalgeri`
602860,220613,Nagashettikoppa
602861,220613,Nagashettikoppa
602862,220615,Tatwanagi
602863,220612,Murukwad
602864,220601,Belwatgi
602865,220601,Belwatgi
602866,220612,Murukwad
602867,220612,Murukwad
602868,220613,Nagashettikoppa
602869,220604,Chibbalgeri`
602870,220612,Murukwad
602871,220612,Murukwad
602872,220607,Janaga
602873,220607,Janaga
602874,220607,Janaga
602875,220607,Janaga
602876,220607,Janaga
602877,220608,Kavalwad
602878,220608,Kavalwad
602880,220757,Dehalli
602881,220757,Dehalli
602882,220756,Angod
602883,220756,Angod
602884,220762,Kannigeri
602885,220762,Kannigeri
602886,220762,Kannigeri
602887,220762,Kannigeri
602888,220762,Kannigeri
602889,220762,Kannigeri
602890,220756,Angod
602891,220756,Angod
602892,220756,Angod
602893,220757,Dehalli
602894,220756,Angod
602895,220756,Angod
602896,220756,Angod
602897,220756,Angod
602898,220757,Dehalli
602899,220757,Dehalli
602900,220769,Vajralli
602901,220766,Mavinmane
602902,220766,Mavinmane
602903,220766,Mavinmane
602904,220766,Mavinmane
602905,220766,Mavinmane
602906,220769,Vajralli
602907,220769,Vajralli
602908,220769,Vajralli
602909,220769,Vajralli
602910,220769,Vajralli
602911,220760,Idgundi
602912,220760,Idgundi
602913,220760,Idgundi
602914,220760,Idgundi
602915,220760,Idgundi
602916,220760,Idgundi
602917,220760,Idgundi
602918,220760,Idgundi
602919,220769,Vajralli
602920,220769,Vajralli
602921,220769,Vajralli
602922,220769,Vajralli
602923,220760,Idgundi
602924,220760,Idgundi
602925,220760,Idgundi
602926,220760,Idgundi
602927,220760,Idgundi
602928,220760,Idgundi
602929,220767,Nandolli
602930,220767,Nandolli
602931,220767,Nandolli
602932,220767,Nandolli
602933,220767,Nandolli
602934,220767,Nandolli
602935,220767,Nandolli
602936,220767,Nandolli
602937,220767,Nandolli
602938,220767,Nandolli
602939,220767,Nandolli
602940,220767,Nandolli
602941,273217,Chandhaguli
602942,273217,Chandhaguli
602943,273217,Chandhaguli
602944,220765,Madnur
602945,220765,Madnur
602946,220765,Madnur
602947,220762,Kannigeri
602948,220763,Kirwatti
602949,220763,Kirwatti
602950,220763,Kirwatti
602951,220765,Madnur
602952,220758,Hasangi
602953,220758,Hasangi
602954,220758,Hasangi
602955,220761,Kampli
602956,220761,Kampli
602957,220761,Kampli
602958,220759,Hithalli
602959,220759,Hithalli
602960,220758,Hasangi
602961,220758,Hasangi
602962,220758,Hasangi
602963,220758,Hasangi
602964,220758,Hasangi
602965,220758,Hasangi
602966,220758,Hasangi
602967,220761,Kampli
602968,220758,Hasangi
602969,220758,Hasangi
602970,220758,Hasangi
602971,220758,Hasangi
602972,220758,Hasangi
602973,220758,Hasangi
602974,220758,Hasangi
602975,220758,Hasangi
602976,220768,Ummachagi
602977,220768,Ummachagi
602978,220768,Ummachagi
602979,220759,Hithalli
602980,220759,Hithalli
602981,220759,Hithalli
602982,220759,Hithalli
602983,220768,Ummachagi
602984,220768,Ummachagi
602985,220768,Ummachagi
602986,220768,Ummachagi
602987,220768,Ummachagi
602988,220768,Ummachagi
602989,220768,Ummachagi
602990,220764,Kundargi
602991,220768,Ummachagi
602992,220768,Ummachagi
602993,220764,Kundargi
602994,220764,Kundargi
602995,220764,Kundargi
602996,220764,Kundargi
602997,220768,Ummachagi
602998,220764,Kundargi
602999,220764,Kundargi
603000,220764,Kundargi
603001,220764,Kundargi
603002,220764,Kundargi
603003,220764,Kundargi
603004,220764,Kundargi
603005,220690,Nandikatta
603006,220687,Kattur
603007,220685,Hungund
603008,220690,Nandikatta
603009,220684,Gunjavati
603010,220684,Gunjavati
603011,273207,Mainalli
603012,220684,Gunjavati
603013,220684,Gunjavati
603014,220686,Indoor
603015,220685,Hungund
603016,220680,Bachanki
603017,220680,Bachanki
603018,220686,Indoor
603019,220682,Chawdalli
603020,220682,Chawdalli
603021,220682,Chawdalli
603022,220682,Chawdalli
603023,220682,Chawdalli
603024,220686,Indoor
603025,220680,Bachanki
603026,220680,Bachanki
603027,220692,Salgaon
603028,220692,Salgaon
603029,220692,Salgaon
603030,220692,Salgaon
603031,220682,Chawdalli
603032,220682,Chawdalli
603033,220682,Chawdalli
603034,273208,Naganuru
603035,273208,Naganuru
603036,220682,Chawdalli
603037,273208,Naganuru
603038,220683,Chigalli
603039,220692,Salgaon
603040,220683,Chigalli
603041,220683,Chigalli
603042,273208,Naganuru
603043,273208,Naganuru
603044,220687,Kattur
603045,273208,Naganuru
603046,273208,Naganuru
603047,273208,Naganuru
603048,273208,Naganuru
603049,273208,Naganuru
603050,273208,Naganuru
603051,273208,Naganuru
603052,273208,Naganuru
603053,220687,Kattur
603054,220687,Kattur
603055,220687,Kattur
603056,220687,Kattur
603057,220687,Kattur
603058,220687,Kattur
603059,220690,Nandikatta
603060,273209,Onikeri
603061,273209,Onikeri
603062,220691,Pala
603063,220688,Kodambi
603064,220688,Kodambi
603065,220688,Kodambi
603066,220688,Kodambi
603067,220691,Pala
603068,220691,Pala
603069,220691,Pala
603070,220688,Kodambi
603071,220681,Bedasgaon
603072,220681,Bedasgaon
603073,220681,Bedasgaon
603074,220681,Bedasgaon
603075,220681,Bedasgaon
603076,220681,Bedasgaon
603077,220681,Bedasgaon
603078,220681,Bedasgaon
603079,220681,Bedasgaon
603080,220681,Bedasgaon
603081,220681,Bedasgaon
603082,220689,Malagi
603083,220689,Malagi
603084,220689,Malagi
603085,220689,Malagi
603086,220689,Malagi
603087,220689,Malagi
603088,220689,Malagi
603089,220689,Malagi
603090,220689,Malagi
603091,220689,Malagi
603092,220689,Malagi
603093,220689,Malagi
603094,220689,Malagi
603095,273208,Naganuru
603096,220739,Vanalli
603097,220732,Kodnagadde
603098,220732,Kodnagadde
603099,220732,Kodnagadde
603100,220732,Kodnagadde
603101,220732,Kodnagadde
603102,220739,Vanalli
603103,220739,Vanalli
603104,220739,Vanalli
603105,220739,Vanalli
603106,220739,Vanalli
603107,220739,Vanalli
603108,220739,Vanalli
603109,273216,Sondha
603110,273216,Sondha
603111,273216,Sondha
603112,220725,Hulekal
603113,220725,Hulekal
603114,220725,Hulekal
603115,273214,Malina Onikeri
603116,220735,Salkani
603117,220735,Salkani
603118,220735,Salkani
603119,220735,Salkani
603120,220735,Salkani
603121,220735,Salkani
603122,220735,Salkani
603123,273214,Malina Onikeri
603124,220725,Hulekal
603125,273216,Sondha
603126,220719,Bhairumbe
603127,220719,Bhairumbe
603128,220719,Bhairumbe
603129,220719,Bhairumbe
603130,220719,Bhairumbe
603131,220719,Bhairumbe
603132,273215,Sadashivalli
603133,220719,Bhairumbe
603134,220725,Hulekal
603135,273214,Malina Onikeri
603136,273214,Malina Onikeri
603137,220735,Salkani
603138,220735,Salkani
603139,220735,Salkani
603140,273214,Malina Onikeri
603141,220729,Itguli
603142,220729,Itguli
603143,220729,Itguli
603144,220729,Itguli
603145,273215,Sadashivalli
603146,220729,Itguli
603147,220727,Huttagaar
603148,220729,Itguli
603149,220727,Huttagaar
603150,273215,Sadashivalli
603151,273215,Sadashivalli
603152,220722,Devanalli
603153,220722,Devanalli
603154,220722,Devanalli
603155,220722,Devanalli
603156,220722,Devanalli
603157,273213,Manjaguni
603158,220722,Devanalli
603159,220736,Shivalli
603160,273213,Manjaguni
603161,273213,Manjaguni
603162,273213,Manjaguni
603163,220717,Bandal
603164,220717,Bandal
603165,220717,Bandal
603166,220717,Bandal
603167,220717,Bandal
603168,273213,Manjaguni
603169,220736,Shivalli
603170,220736,Shivalli
603171,220736,Shivalli
603172,220736,Shivalli
603173,220721,Bisalkoppa
603174,220736,Shivalli
603175,220736,Shivalli
603176,220730,Janmane
603177,220730,Janmane
603178,220730,Janmane
603179,220730,Janmane
603180,220717,Bandal
603181,220730,Janmane
603182,220730,Janmane
603183,220734,Neggu
603184,220734,Neggu
603185,220736,Shivalli
603186,220726,Hunasekoppa
603187,220726,Hunasekoppa
603188,220726,Hunasekoppa
603189,220726,Hunasekoppa
603190,220726,Hunasekoppa
603191,220726,Hunasekoppa
603192,220734,Neggu
603193,220734,Neggu
603194,220734,Neggu
603195,220730,Janmane
603196,220730,Janmane
603197,220730,Janmane
603198,220730,Janmane
603199,220734,Neggu
603200,220734,Neggu
603201,220734,Neggu
603202,220734,Neggu
603203,220734,Neggu
603204,220734,Neggu
603205,220728,Isalooru
603206,220728,Isalooru
603207,220728,Isalooru
603208,220723,Dodnalli
603209,220728,Isalooru
603210,220728,Isalooru
603211,220728,Isalooru
603212,220728,Isalooru
603213,220728,Isalooru
603214,220723,Dodnalli
603215,220723,Dodnalli
603216,220723,Dodnalli
603217,220723,Dodnalli
603218,220723,Dodnalli
603219,220723,Dodnalli
603220,220723,Dodnalli
603222,220727,Huttagaar
603223,220729,Itguli
603224,220726,Hunasekoppa
603225,220740,Yadalli
603226,220740,Yadalli
603227,220740,Yadalli
603228,220740,Yadalli
603229,220740,Yadalli
603230,220740,Yadalli
603231,220733,Kulave
603232,220733,Kulave
603233,220740,Yadalli
603234,220740,Yadalli
603235,220731,Kangod
603236,220731,Kangod
603237,220740,Yadalli
603238,220740,Yadalli
603239,220733,Kulave
603240,220731,Kangod
603241,220731,Kangod
603242,220731,Kangod
603243,220731,Kangod
603244,220731,Kangod
603245,220731,Kangod
603246,220721,Bisalkoppa
603247,220733,Kulave
603248,220733,Kulave
603249,220733,Kulave
603250,220736,Shivalli
603251,220721,Bisalkoppa
603252,220721,Bisalkoppa
603253,220721,Bisalkoppa
603254,220721,Bisalkoppa
603255,220731,Kangod
603256,220721,Bisalkoppa
603257,220721,Bisalkoppa
603258,220721,Bisalkoppa
603259,220728,Isalooru
603260,220721,Bisalkoppa
603261,220721,Bisalkoppa
603262,220721,Bisalkoppa
603263,220718,Bankanaal
603264,220715,Badangod
603265,220715,Badangod
603266,220715,Badangod
603267,220715,Badangod
603268,220715,Badangod
603269,220718,Bankanaal
603270,220718,Bankanaal
603271,220718,Bankanaal
603272,220721,Bisalkoppa
603273,220718,Bankanaal
603274,220718,Bankanaal
603275,220718,Bankanaal
603276,220718,Bankanaal
603277,220718,Bankanaal
603278,220714,Andagi
603279,220714,Andagi
603280,220715,Badangod
603281,220715,Badangod
603282,220714,Andagi
603283,220714,Andagi
603284,220714,Andagi
603285,273212,Halgadde
603286,273212,Halgadde
603287,220737,Sugavi
603288,273212,Halgadde
603289,220738,Unchalli
603290,220738,Unchalli
603291,220738,Unchalli
603292,220738,Unchalli
603293,220738,Unchalli
603294,220737,Sugavi
603295,220737,Sugavi
603296,220737,Sugavi
603297,220737,Sugavi
603298,220737,Sugavi
603299,220714,Andagi
603300,220714,Andagi
603301,220724,Guadnapur
603302,220724,Guadnapur
603303,220724,Guadnapur
603304,220724,Guadnapur
603305,220724,Guadnapur
603306,220738,Unchalli
603307,220738,Unchalli
603308,220738,Unchalli
603309,220738,Unchalli
603310,220738,Unchalli
603311,220738,Unchalli
603312,220738,Unchalli
603313,220724,Guadnapur
603314,220724,Guadnapur
603315,220724,Guadnapur
603316,220716,Banavasi
603317,220720,Bhasi
603318,220716,Banavasi
603319,220720,Bhasi
603320,220720,Bhasi
603321,220720,Bhasi
603322,220720,Bhasi
603323,220720,Bhasi
603324,220574,Harwada
603325,220575,Hattikeri
603326,220575,Hattikeri
603327,220575,Hattikeri
603328,220570,Belekeri
603329,220568,Bavikeri
603330,220566,Alageri
603331,220566,Alageri
603332,220566,Alageri
603333,220575,Hattikeri
603334,220575,Hattikeri
603335,220575,Hattikeri
603336,220575,Hattikeri
603337,220575,Hattikeri
603338,220575,Hattikeri
603339,220575,Hattikeri
603340,220575,Hattikeri
603341,220575,Hattikeri
603342,220565,Agsur
603343,220565,Agsur
603344,220565,Agsur
603345,220565,Agsur
603346,220565,Agsur
603347,220565,Agsur
603348,220580,Sunkasal
603349,220580,Sunkasal
603350,220580,Sunkasal
603351,220580,Sunkasal
603352,220573,Dongri
603353,220580,Sunkasal
603354,220573,Dongri
603355,220573,Dongri
603356,220573,Dongri
603357,220573,Dongri
603358,220573,Dongri
603359,220572,Bobruwada
603360,220579,Shetgeri
603361,220581,Vandige
603362,220581,Vandige
603363,220579,Shetgeri
603364,220579,Shetgeri
603365,220579,Shetgeri
603366,220569,Belambar
603367,220569,Belambar
603368,273194,Honnebailu
603369,273194,Honnebailu
603370,220579,Shetgeri
603371,220579,Shetgeri
603372,220579,Shetgeri
603373,220579,Shetgeri
603374,273194,Honnebailu
603375,273194,Honnebailu
603376,220564,Agragone
603377,220564,Agragone
603378,220564,Agragone
603379,220571,Belse
603380,220571,Belse
603381,220571,Belse
603382,220564,Agragone
603383,220578,Sagadgeri
603384,220578,Sagadgeri
603385,220578,Sagadgeri
603386,220578,Sagadgeri
603387,273195,Vasarakudrige
603388,273195,Vasarakudrige
603389,220577,Mogta
603390,220577,Mogta
603391,220578,Sagadgeri
603392,220577,Mogta
603393,220577,Mogta
603394,220577,Mogta
603395,220577,Mogta
603396,273195,Vasarakudrige
603397,220576,Hillur
603398,220576,Hillur
603399,220563,Achve
603400,220563,Achve
603401,220563,Achve
603402,220577,Mogta
603403,220577,Mogta
603404,220567,Aversa
603405,220572,Bobruwada
603406,220566,Alageri
603407,220572,Bobruwada
603409,220581,Vandige
603410,220676,Nadumaskeri
603411,220676,Nadumaskeri
603412,220676,Nadumaskeri
603413,220666,Hanehalli
603414,220666,Hanehalli
603415,220666,Hanehalli
603416,220666,Hanehalli
603417,220678,Torke
603418,220666,Hanehalli
603419,220665,Gokarna
603420,220678,Torke
603421,220678,Torke
603422,220678,Torke
603423,220678,Torke
603424,220678,Torke
603425,220678,Torke
603426,220668,Hiregutti
603427,220668,Hiregutti
603428,220668,Hiregutti
603429,220668,Hiregutti
603430,220668,Hiregutti
603431,220670,Kagal
603432,220670,Kagal
603433,220661,Baad
603434,220661,Baad
603435,220661,Baad
603436,220669,Holangadde
603437,220669,Holangadde
603438,220669,Holangadde
603439,220669,Holangadde
603440,220662,Bargi
603441,220662,Bargi
603442,220662,Bargi
603443,220662,Bargi
603444,220662,Bargi
603445,220662,Bargi
603446,220672,Kodakani
603447,220672,Kodakani
603448,220672,Kodakani
603449,220672,Kodakani
603450,220672,Kodakani
603451,220667,Hegde
603452,220667,Hegde
603453,220674,Mirjan
603454,220672,Kodakani
603455,220662,Bargi
603456,220674,Mirjan
603457,220674,Mirjan
603458,220674,Mirjan
603459,220674,Mirjan
603460,220674,Mirjan
603461,220674,Mirjan
603462,220674,Mirjan
603463,220674,Mirjan
603464,220663,Deevgi
603465,220663,Deevgi
603466,220663,Deevgi
603467,220660,Alakod
603468,220660,Alakod
603469,220660,Alakod
603470,220660,Alakod
603471,220660,Alakod
603472,220660,Alakod
603473,220660,Alakod
603474,220660,Alakod
603475,220660,Alakod
603476,220660,Alakod
603477,220660,Alakod
603478,220660,Alakod
603479,220660,Alakod
603480,220660,Alakod
603481,220660,Alakod
603482,220671,Kalbhag
603483,220679,Walgalli
603484,220679,Walgalli
603485,220664,Devagiri
603486,220664,Devagiri
603487,220664,Devagiri
603488,220664,Devagiri
603489,220664,Devagiri
603490,220664,Devagiri
603491,220679,Walgalli
603492,220679,Walgalli
603493,220679,Walgalli
603494,220679,Walgalli
603495,220673,Koojali
603496,220673,Koojali
603497,220673,Koojali
603498,220675,Murur
603499,220675,Murur
603500,220675,Murur
603501,220675,Murur
603502,273206,Kallabbe
603503,273206,Kallabbe
603504,273206,Kallabbe
603505,220677,Santeguli
603506,245295,Soppinahosalli
603507,245295,Soppinahosalli
603508,245295,Soppinahosalli
603509,245295,Soppinahosalli
603510,245295,Soppinahosalli
603511,245295,Soppinahosalli
603512,245295,Soppinahosalli
603513,220677,Santeguli
603514,220677,Santeguli
603515,220677,Santeguli
603516,220677,Santeguli
603517,220677,Santeguli
603518,220677,Santeguli
603519,220677,Santeguli
603520,220677,Santeguli
603521,220677,Santeguli
603522,220677,Santeguli
603523,220677,Santeguli
603524,245295,Soppinahosalli
603525,245295,Soppinahosalli
603526,245295,Soppinahosalli
603527,245295,Soppinahosalli
603528,220671,Kalbhag
603529,220708,Nilkund
603530,220708,Nilkund
603531,220708,Nilkund
603532,220708,Nilkund
603533,273211,Tandagundi
603534,273211,Tandagundi
603535,273211,Tandagundi
603536,273211,Tandagundi
603537,273211,Tandagundi
603538,220708,Nilkund
603539,220701,Heggarani
603540,220708,Nilkund
603541,220708,Nilkund
603542,220693,Analebail
603543,220693,Analebail
603544,220693,Analebail
603545,220693,Analebail
603546,220693,Analebail
603547,220701,Heggarani
603548,220701,Heggarani
603549,273211,Tandagundi
603550,220701,Heggarani
603551,220701,Heggarani
603552,220701,Heggarani
603553,220701,Heggarani
603554,220693,Analebail
603555,220693,Analebail
603556,220693,Analebail
603557,220693,Analebail
603558,220693,Analebail
603559,220693,Analebail
603560,220700,Hasaragod
603561,220700,Hasaragod
603562,220693,Analebail
603563,220700,Hasaragod
603564,220698,Haarsikatta
603565,220698,Haarsikatta
603566,220698,Haarsikatta
603567,220698,Haarsikatta
603568,220698,Haarsikatta
603569,220698,Haarsikatta
603570,220698,Haarsikatta
603571,220700,Hasaragod
603572,220700,Hasaragod
603573,220700,Hasaragod
603574,220711,Tarehalli - Kansur
603575,220711,Tarehalli - Kansur
603576,220711,Tarehalli - Kansur
603577,220711,Tarehalli - Kansur
603578,220700,Hasaragod
603579,220700,Hasaragod
603580,220700,Hasaragod
603581,220700,Hasaragod
603582,220711,Tarehalli - Kansur
603583,220700,Hasaragod
603584,220698,Haarsikatta
603585,220698,Haarsikatta
603586,220698,Haarsikatta
603587,220712,Tyagali
603588,220712,Tyagali
603589,220711,Tarehalli - Kansur
603590,220711,Tarehalli - Kansur
603591,220711,Tarehalli - Kansur
603592,220711,Tarehalli - Kansur
603593,220711,Tarehalli - Kansur
603594,220711,Tarehalli - Kansur
603595,220711,Tarehalli - Kansur
603596,220711,Tarehalli - Kansur
603597,220711,Tarehalli - Kansur
603598,220711,Tarehalli - Kansur
603599,220712,Tyagali
603600,220712,Tyagali
603601,220712,Tyagali
603602,220712,Tyagali
603603,220711,Tarehalli - Kansur
603604,220712,Tyagali
603605,220712,Tyagali
603606,220712,Tyagali
603607,220712,Tyagali
603608,220712,Tyagali
603609,220697,Dodmane
603610,220697,Dodmane
603611,220697,Dodmane
603612,220697,Dodmane
603613,220697,Dodmane
603614,220697,Dodmane
603615,220697,Dodmane
603616,220697,Dodmane
603617,220697,Dodmane
603618,220697,Dodmane
603619,220697,Dodmane
603620,220697,Dodmane
603621,220697,Dodmane
603622,220697,Dodmane
603623,220713,Wajgod
603624,220706,Kyadagi
603625,220706,Kyadagi
603626,220706,Kyadagi
603627,220710,Sovinkoppa
603628,220710,Sovinkoppa
603629,220710,Sovinkoppa
603630,220710,Sovinkoppa
603631,220710,Sovinkoppa
603632,220710,Sovinkoppa
603633,220706,Kyadagi
603634,220706,Kyadagi
603635,220706,Kyadagi
603636,220706,Kyadagi
603637,220713,Wajgod
603638,220713,Wajgod
603639,220713,Wajgod
603640,220713,Wajgod
603641,220713,Wajgod
603642,220713,Wajgod
603643,220706,Kyadagi
603644,220706,Kyadagi
603645,220710,Sovinkoppa
603646,220710,Sovinkoppa
603647,220696,Bilgi
603648,220696,Bilgi
603649,220696,Bilgi
603650,220696,Bilgi
603651,220696,Bilgi
603652,220702,Itgi
603653,220702,Itgi
603654,220713,Wajgod
603655,220713,Wajgod
603656,220699,Halgeri
603657,220699,Halgeri
603658,220713,Wajgod
603659,220713,Wajgod
603660,220699,Halgeri
603661,220699,Halgeri
603662,220699,Halgeri
603663,220699,Halgeri
603664,220699,Halgeri
603665,220699,Halgeri
603666,220699,Halgeri
603667,220699,Halgeri
603668,220699,Halgeri
603669,220699,Halgeri
603670,220699,Halgeri
603671,273210,Korlakai(Adukatta)
603672,273210,Korlakai(Adukatta)
603673,273210,Korlakai(Adukatta)
603674,273210,Korlakai(Adukatta)
603675,273210,Korlakai(Adukatta)
603676,220704,Kavanchoor
603677,220707,Manmane
603678,220707,Manmane
603679,220707,Manmane
603680,220695,Bidrakan
603681,220695,Bidrakan
603682,220695,Bidrakan
603683,220695,Bidrakan
603684,220695,Bidrakan
603685,220695,Bidrakan
603686,220695,Bidrakan
603687,220695,Bidrakan
603688,220695,Bidrakan
603689,220705,Kolsirsi
603690,220705,Kolsirsi
603691,220703,Kangod
603692,220705,Kolsirsi
603693,220705,Kolsirsi
603694,220705,Kolsirsi
603695,220705,Kolsirsi
603696,220695,Bidrakan
603697,220695,Bidrakan
603698,220705,Kolsirsi
603699,220705,Kolsirsi
603700,220695,Bidrakan
603701,220694,Bedkani
603702,220694,Bedkani
603703,220702,Itgi
603704,220699,Halgeri
603705,220694,Bedkani
603706,220694,Bedkani
603707,220705,Kolsirsi
603708,220705,Kolsirsi
603709,220703,Kangod
603710,220703,Kangod
603711,220705,Kolsirsi
603712,220703,Kangod
603713,220703,Kangod
603714,220709,Shiralgi
603715,220709,Shiralgi
603716,220709,Shiralgi
603717,220709,Shiralgi
603718,220709,Shiralgi
603719,220704,Kavanchoor
603720,220704,Kavanchoor
603721,220704,Kavanchoor
603722,220704,Kavanchoor
603723,220704,Kavanchoor
603724,220704,Kavanchoor
603725,220619,Chandavar
603726,220619,Chandavar
603727,220619,Chandavar
603728,220619,Chandavar
603729,220626,Kadatoka
603730,220626,Kadatoka
603731,220639,Navilgone
603732,220639,Navilgone
603733,220639,Navilgone
603734,220639,Navilgone
603735,220627,Kadle
603736,220622,Haldipur
603737,220628,Karki
603738,220628,Karki
603739,220628,Karki
603740,220627,Kadle
603741,220627,Kadle
603742,220640,Salkod
603743,220624,Hosakuli
603744,220637,Mugwa
603745,220629,Kasarkod
603746,220630,Kelginor
603747,220630,Kelginor
603748,220629,Kasarkod
603749,220629,Kasarkod
603750,220636,Melin Idgunji
603751,220630,Kelginor
603752,220636,Melin Idgunji
603753,220636,Melin Idgunji
603754,220618,Balkoor
603755,220618,Balkoor
603756,220618,Balkoor
603757,220618,Balkoor
603759,220618,Balkoor
603760,273204,Manki C (Chithara)
603761,220618,Balkoor
603762,220632,Kodani
603763,220632,Kodani
603764,220632,Kodani
603765,220632,Kodani
603766,273201,Magoda
603767,273201,Magoda
603768,273201,Magoda
603769,273204,Manki C (Chithara)
603770,273204,Manki C (Chithara)
603771,273204,Manki C (Chithara)
603772,273203,Manki B (Ananthawadi)
603773,273203,Manki B (Ananthawadi)
603774,273203,Manki B (Ananthawadi)
603775,273203,Manki B (Ananthawadi)
603776,273203,Manki B (Ananthawadi)
603777,273204,Manki C (Chithara)
603778,273204,Manki C (Chithara)
603779,220637,Mugwa
603780,220637,Mugwa
603781,220635,Mavinkurve
603782,220635,Mavinkurve
603783,220636,Melin Idgunji
603784,220635,Mavinkurve
603785,220621,Hadinbal
603786,220637,Mugwa
603787,220637,Mugwa
603788,220621,Hadinbal
603789,220621,Hadinbal
603790,220620,Chikkankod
603791,220620,Chikkankod
603792,220620,Chikkankod
603793,220620,Chikkankod
603794,220620,Chikkankod
603795,220620,Chikkankod
603796,220631,Kharwa
603797,220631,Kharwa
603798,220625,Jalvalli
603799,220625,Jalvalli
603800,220625,Jalvalli
603801,220625,Jalvalli
603802,220623,Hereangadi
603803,220623,Hereangadi
603804,220623,Hereangadi
603805,220623,Hereangadi
603806,220623,Hereangadi
603807,220641,Upponi
603808,220641,Upponi
603809,220638,Nagarbastikeri
603810,220638,Nagarbastikeri
603811,220641,Upponi
603812,220633,Kudrigi
603813,220633,Kudrigi
603814,220638,Nagarbastikeri
603815,220638,Nagarbastikeri
603816,220638,Nagarbastikeri
603817,220638,Nagarbastikeri
603818,220582,Bailur
603819,220592,Mavalli
603820,220588,Kaikini
603821,220584,Bengre
603822,220596,Shirali
603823,220590,Koppa
603824,220586,Heble
603826,220593,Mavinakurve
603827,220593,Mavinakurve
603828,220593,Mavinakurve
603829,220593,Mavinakurve
603830,220594,Mundalli
603831,220597,Yelavadikavoor
603832,220597,Yelavadikavoor
603833,220594,Mundalli
603834,220597,Yelavadikavoor
603835,220595,Mutalli
603836,220595,Mutalli
603837,220595,Mutalli
603838,220595,Mutalli
603839,220595,Mutalli
603840,220591,Marukeri
603841,220591,Marukeri
603842,220585,Hadavalli
603843,220585,Hadavalli
603844,220585,Hadavalli
603845,220585,Hadavalli
603846,220585,Hadavalli
603847,220585,Hadavalli
603848,220585,Hadavalli
603849,220585,Hadavalli
603850,220591,Marukeri
603851,220591,Marukeri
603852,220589,Konar
603853,220597,Yelavadikavoor
603854,220597,Yelavadikavoor
603855,220583,Belake
603856,220583,Belake
603857,220597,Yelavadikavoor
603858,220589,Konar
603859,220589,Konar
603860,220589,Konar
603861,220585,Hadavalli
603862,220585,Hadavalli
603863,220585,Hadavalli
603864,220585,Hadavalli
603865,220585,Hadavalli
603866,220585,Hadavalli
603867,220585,Hadavalli
603868,220589,Konar
603869,220589,Konar
603870,220589,Konar
603871,220597,Yelavadikavoor
603872,220583,Belake
603873,220585,Hadavalli
603874,220585,Hadavalli
603875,220589,Konar
603876,220583,Belake
603879,218663,Tadasa
603880,218663,Tadasa
603881,218663,Tadasa
603882,218661,Nmtadasa
603883,218657,Kunnoor
603884,218657,Kunnoor
603885,218657,Kunnoor
603886,218657,Kunnoor
603887,218661,Nmtadasa
603888,218661,Nmtadasa
603889,218659,Madli
603890,218646,Dundsi
603891,218651,Hosur
603892,218651,Hosur
603893,218646,Dundsi
603894,218659,Madli
603895,218659,Madli
603896,218650,Hiremanakatti
603897,218664,Vanahalli
603898,218664,Vanahalli
603899,218646,Dundsi
603900,218664,Vanahalli
603901,218664,Vanahalli
603902,218651,Hosur
603903,218651,Hosur
603904,218651,Hosur
603905,218651,Hosur
603906,218655,Konanakeri
603907,218655,Konanakeri
603908,218655,Konanakeri
603909,218655,Konanakeri
603910,218645,Chandapura
603911,218645,Chandapura
603912,218648,Hirebendigeri
603913,218648,Hirebendigeri
603914,218658,Kyalakonda
603915,218658,Kyalakonda
603916,218644,Basavanal
603917,218641,Attigeri
603918,218662,Shishuvinahala
603919,218653,Hulgur
603920,218658,Kyalakonda
603921,218654,Kabanoor
603922,218650,Hiremanakatti
603923,218650,Hiremanakatti
603924,218654,Kabanoor
603925,218643,Bannur
603926,218643,Bannur
603927,218643,Bannur
603928,218643,Bannur
603929,218649,Hiremallur
603930,218649,Hiremallur
603931,218655,Konanakeri
603932,218655,Konanakeri
603933,218655,Konanakeri
603934,218649,Hiremallur
603935,218647,Hanumarahalli
603936,218640,Andalagi
603937,273005,Hunagund
603938,218645,Chandapura
603939,218645,Chandapura
603940,218645,Chandapura
603941,218642,Bada
603942,218642,Bada
603943,218642,Bada
603944,218647,Hanumarahalli
603945,218647,Hanumarahalli
603946,218647,Hanumarahalli
603947,218647,Hanumarahalli
603948,218660,Narayanapura
603949,218642,Bada
603950,218642,Bada
603951,218645,Chandapura
603952,273005,Hunagund
603953,218640,Andalagi
603954,218640,Andalagi
603955,273005,Hunagund
603956,273005,Hunagund
603957,218652,Hotanahalli
603958,273004,Halebankapur
603959,273004,Halebankapur
603960,218660,Narayanapura
603961,218660,Narayanapura
603964,273004,Halebankapur
603965,273003,Guddadachannapur
603966,218652,Hotanahalli
603967,218652,Hotanahalli
603968,273003,Guddadachannapur
603969,218656,Kundur
603970,218656,Kundur
603971,218634,Mantrodi
603972,218631,Karadagi
603973,218620,Chillurbadni
603974,218620,Chillurbadni
603975,218631,Karadagi
603976,218634,Mantrodi
603977,218620,Chillurbadni
603978,218620,Chillurbadni
603979,218635,Shirabadagi
603980,218635,Shirabadagi
603981,218636,Teggihalli
603982,218634,Mantrodi
603983,218636,Teggihalli
603984,218636,Teggihalli
603985,218636,Teggihalli
603986,218635,Shirabadagi
603987,218633,Kurubaramallur
603988,218636,Teggihalli
603989,218636,Teggihalli
603990,218636,Teggihalli
603991,218633,Kurubaramallur
603992,218633,Kurubaramallur
603993,218626,Huralikuppi
603994,218628,Jallapur
603995,218638,Tondur
603996,218638,Tondur
603997,218632,Kunimellihalli
603998,218633,Kurubaramallur
603999,218637,Tevaramellihalli
604000,218637,Tevaramellihalli
604001,218637,Tevaramellihalli
604002,218632,Kunimellihalli
604003,218632,Kunimellihalli
604004,218639,Yalavigi
604005,218625,Hoovinashigli
604006,218622,Hesarur
604007,218622,Hesarur
604008,218622,Hesarur
604009,218625,Hoovinashigli
604010,218625,Hoovinashigli
604011,218639,Yalavigi
604012,218639,Yalavigi
604013,218635,Shirabadagi
604014,218620,Chillurbadni
604015,218629,Kadakola
604016,218629,Kadakola
604017,218627,Ichangi
604018,218627,Ichangi
604019,218627,Ichangi
604020,218629,Kadakola
604021,218621,Hattimattur
604022,218628,Jallapur
604023,218628,Jallapur
604024,273002,Dambaramattur
604025,218624,Hiremaralihalli
604026,218624,Hiremaralihalli
604027,273002,Dambaramattur
604028,273002,Dambaramattur
604029,218630,Kalasur
604030,218630,Kalasur
604031,218630,Kalasur
604032,218623,Hiremagadur
604033,218623,Hiremagadur
604034,218623,Hiremagadur
604035,218623,Hiremagadur
604036,218495,Hullatti
604037,218484,Bammanahalli
604038,218484,Bammanahalli
604039,218484,Bammanahalli
604040,218518,Yalavatti
604041,218518,Yalavatti
604042,218507,Masanakatti
604043,218507,Masanakatti
604044,218501,Koodala
604045,218501,Koodala
604046,218506,Maranabeeda
604047,218507,Masanakatti
604048,272992,Aladakatti
604049,272992,Aladakatti
604050,218499,Kargudari
604051,218518,Yalavatti
604052,218495,Hullatti
604053,218495,Hullatti
604054,218503,Kopparasikoppa
604055,218495,Hullatti
604056,218495,Hullatti
604057,218489,Havanagi
604058,218518,Yalavatti
604059,218499,Kargudari
604060,218499,Kargudari
604061,272992,Aladakatti
604062,272992,Aladakatti
604063,218506,Maranabeeda
604064,218506,Maranabeeda
604065,218501,Koodala
604066,218501,Koodala
604067,218508,Naregal
604068,218508,Naregal
604069,218506,Maranabeeda
604070,218506,Maranabeeda
604071,218498,Kanchinegalur
604072,218485,Belagalapete
604073,218499,Kargudari
604075,218499,Kargudari
604076,218482,Baichavalli
604077,218503,Kopparasikoppa
604078,218518,Yalavatti
604079,218482,Baichavalli
604080,218482,Baichavalli
604081,218499,Kargudari
604082,218499,Kargudari
604083,218510,Sanwasagi
604084,218510,Sanwasagi
604085,218498,Kanchinegalur
604086,218503,Kopparasikoppa
604087,218503,Kopparasikoppa
604088,218482,Baichavalli
604089,218510,Sanwasagi
604090,218510,Sanwasagi
604091,218510,Sanwasagi
604092,218481,Araleswara
604093,218483,Balabeeda
604094,218481,Araleswara
604095,218481,Araleswara
604096,218515,Suraleswara
604097,218492,Hirekanagi
604098,218492,Hirekanagi
604100,218492,Hirekanagi
604101,218492,Hirekanagi
604102,218492,Hirekanagi
604103,218492,Hirekanagi
604104,218492,Hirekanagi
604105,218515,Suraleswara
604106,272993,Dolleshwar
604107,218487,Gejjehalli
604108,218487,Gejjehalli
604109,218505,Manthagi
604110,218505,Manthagi
604112,218505,Manthagi
604113,218505,Manthagi
604114,218509,Sammasagi
604115,218509,Sammasagi
604116,218493,Hirur
604117,218493,Hirur
604118,218493,Hirur
604119,218512,Shiragoda
604120,218497,Kallapura
604121,218493,Hirur
604122,218509,Sammasagi
604123,218509,Sammasagi
604124,218509,Sammasagi
604125,218509,Sammasagi
604126,218486,Chikkanshihosur
604127,218486,Chikkanshihosur
604128,218486,Chikkanshihosur
604129,218512,Shiragoda
604130,218486,Chikkanshihosur
604131,218512,Shiragoda
604132,218512,Shiragoda
604134,218513,Shyadaguppi
604135,218513,Shyadaguppi
604136,218488,Gondi
604137,218488,Gondi
604138,218488,Gondi
604139,218483,Balabeeda
604140,218479,Adur
604141,218511,Seegehallisingapurplot
604142,218511,Seegehallisingapurplot
604143,218511,Seegehallisingapurplot
604144,218511,Seegehallisingapurplot
604145,218491,Hirehullala
604146,218491,Hirehullala
604147,218483,Balabeeda
604148,218489,Havanagi
604149,218487,Gejjehalli
604150,272993,Dolleshwar
604151,272993,Dolleshwar
604152,218480,Akkialur
604153,218489,Havanagi
604154,218491,Hirehullala
604155,218490,Herur
604156,218490,Herur
604157,218517,Uppunasi
604158,218490,Herur
604159,218491,Hirehullala
604160,218482,Baichavalli
604161,218489,Havanagi
604162,218504,Malgund
604163,218497,Kallapura
604164,218497,Kallapura
604165,218497,Kallapura
604166,218504,Malgund
604167,218502,Koosanur
604168,218502,Koosanur
604169,218514,Somasagara
604170,218514,Somasagara
604171,218517,Uppunasi
604172,218517,Uppunasi
604173,218514,Somasagara
604174,218514,Somasagara
604175,218496,Kalavarkoppa
604176,218496,Kalavarkoppa
604177,218502,Koosanur
604178,218513,Shyadaguppi
604179,218494,Honkana
604180,218494,Honkana
604181,218494,Honkana
604182,218496,Kalavarkoppa
604183,218496,Kalavarkoppa
604184,218516,Tilavalli
604185,218500,Kirawadi
604186,218500,Kirawadi
604187,218500,Kirawadi
604188,218500,Kirawadi
604189,218500,Kirawadi
604190,218516,Tilavalli
604191,218546,Naganur
604192,218546,Naganur
604193,218523,Devagiri
604194,218546,Naganur
604195,218524,Devihosur
604196,218524,Devihosur
604197,218520,Aladakatti
604198,218520,Aladakatti
604199,218541,Kulenur
604200,218541,Kulenur
604201,218548,Sangur
604202,218548,Sangur
604203,218541,Kulenur
604204,218541,Kulenur
604205,218520,Aladakatti
604206,218534,Kanakapura
604207,218530,Hombaradi
604208,218534,Kanakapura
604209,218532,Kabbur
604210,218541,Kulenur
604211,218548,Sangur
604212,218532,Kabbur
604213,218532,Kabbur
604214,218543,Kurubagonda
604215,218543,Kurubagonda
604216,218543,Kurubagonda
604217,218539,Kolur
604218,218537,Karjagi
604219,218549,Yalagacha
604220,218549,Yalagacha
604221,218540,Konanatambigi
604222,218540,Konanatambigi
604223,218527,Handiganur
604224,218527,Handiganur
604225,272995,Hosakittura
604226,218540,Konanatambigi
604227,218540,Konanatambigi
604228,218549,Yalagacha
604229,272994,Budagatti
604230,272994,Budagatti
604231,218539,Kolur
604232,218523,Devagiri
604233,218537,Karjagi
604234,218519,Agadi
604235,218519,Agadi
604236,272994,Budagatti
604237,272994,Budagatti
604238,218533,Kallihala
604239,218533,Kallihala
604240,272996,Nelogall
604241,218534,Kanakapura
604242,272996,Nelogall
604243,218533,Kallihala
604244,218538,Katenahalli
604245,218538,Katenahalli
604246,218535,Kanavalli
604247,272995,Hosakittura
604248,218526,Halagi
604249,218526,Halagi
604250,218545,Meundi
604251,218545,Meundi
604252,218545,Meundi
604253,218522,Belavigi
604254,218544,Marola
604255,218526,Halagi
604256,218526,Halagi
604257,272995,Hosakittura
604258,218531,Hosaritti
604259,218531,Hosaritti
604260,218531,Hosaritti
604261,218544,Marola
604262,218544,Marola
604263,218522,Belavigi
604264,218545,Meundi
604265,218547,Negalur
604266,218521,Basapura
604267,218531,Hosaritti
604268,218521,Basapura
604270,218529,Havanur
604272,218528,Hanvasi
604273,218528,Hanvasi
604274,218536,Kancharagatti
604275,218536,Kancharagatti
604276,218536,Kancharagatti
604278,218542,Kurgunda
604279,218542,Kurgunda
604280,218536,Kancharagatti
604281,218469,Kaginele
604282,218465,Hedikonda
604283,218465,Hedikonda
604284,218473,Mallur
604285,218471,Keravadi
604286,218469,Kaginele
604287,218472,Kummur
604288,218472,Kummur
604289,218462,Chikkabasur
604290,218462,Chikkabasur
604291,218467,Hirehalli
604292,218467,Hirehalli
604293,218472,Kummur
604294,218472,Kummur
604295,218469,Kaginele
604296,218471,Keravadi
604297,218474,Masanagi
604298,218474,Masanagi
604299,218476,Shidenur
604300,218471,Keravadi
604301,218471,Keravadi
604302,272991,Mattura
604303,218466,Hireanaji
604304,218462,Chikkabasur
604305,218463,Ghalapooji
604306,218463,Ghalapooji
604307,218477,Sudambi
604308,218463,Ghalapooji
604309,218477,Sudambi
604310,218477,Sudambi
604311,218466,Hireanaji
604312,218466,Hireanaji
604313,272991,Mattura
604314,218466,Hireanaji
604315,218478,Tadasa
604316,218464,Gundenahalli
604317,218464,Gundenahalli
604318,218470,Kalledevara
604319,218470,Kalledevara
604320,218470,Kalledevara
604321,218464,Gundenahalli
604322,218464,Gundenahalli
604323,218461,Budapanahalli
604324,218461,Budapanahalli
604325,218475,Motebennur
604326,218473,Mallur
604327,218473,Mallur
604328,218465,Hedikonda
604329,218473,Mallur
604330,218473,Mallur
604332,218461,Budapanahalli
604333,218468,Kadaramandalagi
604335,218474,Masanagi
604336,218476,Shidenur
604337,218459,Bannihatti
604338,218459,Bannihatti
604339,218460,Bisalahalli
604340,218459,Bannihatti
604341,218459,Bannihatti
604342,218476,Shidenur
604343,218478,Tadasa
604344,218460,Bisalahalli
604345,218460,Bisalahalli
604346,218460,Bisalahalli
604347,218567,Kachavi
604348,218567,Kachavi
604349,218573,Madlur
604350,218581,Satenahali
604351,218560,Chinnamulagunda
604353,218553,Aralikatti
604354,218555,Bhogavi
604355,218562,Hamsabhavi
604356,218581,Satenahali
604357,218581,Satenahali
604358,218573,Madlur
604359,218567,Kachavi
604360,218559,Chikkonathi
604361,218559,Chikkonathi
604362,218562,Hamsabhavi
604363,218562,Hamsabhavi
604364,218583,Suttkoti
604365,218555,Bhogavi
604367,218583,Suttkoti
604368,218550,Abalur
604369,218586,Yattinahallimk
604370,218555,Bhogavi
604371,218554,Betakerur
604372,218559,Chikkonathi
604373,218558,Chikkerur
604374,218558,Chikkerur
604375,218558,Chikkerur
604376,218558,Chikkerur
604377,218554,Betakerur
604378,218554,Betakerur
604379,218586,Yattinahallimk
604380,218586,Yattinahallimk
604381,218550,Abalur
604382,218586,Yattinahallimk
604383,218550,Abalur
604384,218556,Buradikatti
604385,218586,Yattinahallimk
604386,218556,Buradikatti
604387,218585,Tavaragi
604388,218585,Tavaragi
604389,218565,Hullatti
604390,218570,Koda
604391,218570,Koda
604392,218570,Koda
604393,218570,Koda
604394,218583,Suttkoti
604395,218553,Aralikatti
604396,218553,Aralikatti
604397,218551,Aladageri
604398,218551,Aladageri
604399,218551,Aladageri
604400,272997,Kunchura
604401,272997,Kunchura
604402,272997,Kunchura
604403,218551,Aladageri
604404,218578,Neswi
604405,218578,Neswi
604406,218578,Neswi
604407,218578,Neswi
604408,218565,Hullatti
604409,218570,Koda
604410,274438,Chikka Yadachi
604411,218585,Tavaragi
604412,218585,Tavaragi
604413,218566,Ingalagondi
604414,218557,Channalli
604416,218556,Buradikatti
604417,218556,Buradikatti
604418,218557,Channalli
604419,218566,Ingalagondi
604420,218557,Channalli
604421,218579,Nidanegilu
604422,218579,Nidanegilu
604423,218579,Nidanegilu
604424,218575,Masur
604425,218564,Hiremoraba
604426,218564,Hiremoraba
604427,218571,Kodamaggi
604428,218579,Nidanegilu
604429,274438,Chikka Yadachi
604430,274438,Chikka Yadachi
604431,218574,Makari
604432,218574,Makari
604433,218574,Makari
604434,218572,Kudapali
604435,218572,Kudapali
604436,218572,Kudapali
604437,218568,Kadur
604439,218582,Shiragambi
604440,218566,Ingalagondi
604441,218582,Shiragambi
604442,218564,Hiremoraba
604443,218564,Hiremoraba
604444,218569,Kanavisiddageri
604445,218569,Kanavisiddageri
604446,218569,Kanavisiddageri
604448,218569,Kanavisiddageri
604449,218569,Kanavisiddageri
604450,218569,Kanavisiddageri
604451,218568,Kadur
604452,218568,Kadur
604453,218561,Hallur
604454,218561,Hallur
604455,218561,Hallur
604456,218563,Hirekabbar
604457,218563,Hirekabbar
604458,218563,Hirekabbar
604459,218584,Tadakanahalli
604460,218584,Tadakanahalli
604461,218584,Tadakanahalli
604462,218576,Medur
604463,218584,Tadakanahalli
604464,218571,Kodamaggi
604465,218571,Kodamaggi
604466,218576,Medur
604467,218552,Anaji
604468,218577,Nagavanda
604469,218577,Nagavanda
604470,218552,Anaji
604471,218561,Hallur
604472,218561,Hallur
604473,218561,Hallur
604474,218552,Anaji
604475,218552,Anaji
604476,218598,Hanumapura
604477,274147,Y.T.Honnathi
604478,218594,Chikkakuravatti
604479,218594,Chikkakuravatti
604480,218594,Chikkakuravatti
604481,218598,Hanumapura
604482,218594,Chikkakuravatti
604483,218599,Haranagiri
604484,218595,Gudagur
604485,218595,Gudagur
604486,218599,Haranagiri
604487,218590,Belur
604488,218590,Belur
604489,273001,Somalapur
604490,218590,Belur
604491,218595,Gudagur
604492,218595,Gudagur
604493,218595,Gudagur
604494,218615,Medleri
604495,273001,Somalapur
604496,273001,Somalapur
604497,218600,Hirebidari
604498,273001,Somalapur
604499,218588,Aremallapura
604500,244391,Rahutanakatti
604501,244391,Rahutanakatti
604502,218602,Irani
604503,218593,Chalageri
604504,218608,Karur
604505,218608,Karur
604506,218608,Karur
604507,273000,Nadiharalahalli
604508,273000,Nadiharalahalli
604509,273000,Nadiharalahalli
604510,218606,Kakola
604511,218606,Kakola
604512,218605,Kajjari
604513,272998,Guddadanveri
604514,218596,Guudaguddapura
604515,274147,Y.T.Honnathi
604516,218601,Honnatti
604517,218601,Honnatti
604518,218601,Honnatti
604519,272998,Guddadanveri
604520,274147,Y.T.Honnathi
604521,272998,Guddadanveri
604522,218589,Asundi
604523,218589,Asundi
604524,244391,Rahutanakatti
604525,218607,Kamadod
604526,244391,Rahutanakatti
604527,244391,Rahutanakatti
604528,218619,Ukkunda
604529,218591,Benakanakonda
604530,218619,Ukkunda
604531,218619,Ukkunda
604532,218619,Ukkunda
604533,218604,Joisaraharalahalli
604534,218591,Benakanakonda
604535,218591,Benakanakonda
604536,218617,Sunakalbidari
604537,218617,Sunakalbidari
604538,272999,Hediyal
604539,272999,Hediyal
604540,218607,Kamadod
604541,218607,Kamadod
604542,218607,Kamadod
604543,218592,Biillalli
604544,218587,Antaravalli
604545,218597,Halageri
604546,218603,Itagi
604547,218593,Chalageri
604548,218616,Mudenur
604549,218616,Mudenur
604550,218603,Itagi
604551,218587,Antaravalli
604552,244390,Nittur
604553,218592,Biillalli
604554,218592,Biillalli
604555,218592,Biillalli
604556,244390,Nittur
604557,244390,Nittur
604558,244390,Nittur
604559,218587,Antaravalli
604560,218611,Lingadahalli
604561,218611,Lingadahalli
604562,218616,Mudenur
604563,218616,Mudenur
604564,218613,Makanur
604565,218610,Kodiyala
604566,218616,Mudenur
604567,218616,Mudenur
604568,218611,Lingadahalli
604569,218611,Lingadahalli
604570,218612,Kuppelur
604571,218612,Kuppelur
604572,218592,Biillalli
604573,218612,Kuppelur
604574,218614,Malanayakanahalli
604575,218614,Malanayakanahalli
604576,218614,Malanayakanahalli
604577,218614,Malanayakanahalli
604578,218614,Malanayakanahalli
604579,218614,Malanayakanahalli
604580,218618,Tumminakatti
604581,218614,Malanayakanahalli
604582,218609,Kavalettu
604584,216160,Makarabbi
604585,216160,Makarabbi
604586,216160,Makarabbi
604587,216155,Kattebennur
604588,273254,Birabbi
604589,216148,Hire Hadagali
604590,273254,Birabbi
604591,216145,Dasanahalli
604592,216145,Dasanahalli
604593,216151,Holalu
604594,216162,Mylara
604595,216162,Mylara
604596,216145,Dasanahalli
604597,216145,Dasanahalli
604598,216152,Hyarada
604599,216157,Kuruvatthi
604600,216157,Kuruvatthi
604601,216157,Kuruvatthi
604602,273254,Birabbi
604603,216160,Makarabbi
604604,273254,Birabbi
604605,216158,Magala
604606,216158,Magala
604607,216165,Navali
604608,216165,Navali
604609,216165,Navali
604610,216156,Kombali
604611,216167,Sovenahalli
604612,216154,Kalvi
604613,216154,Kalvi
604614,216156,Kombali
604615,216149,Hiremallanakeri
604616,273255,K.Ayyanahalli
604617,273255,K.Ayyanahalli
604618,216147,Hagaranur
604619,216146,Devagondanahalli
604620,273255,K.Ayyanahalli
604621,216146,Devagondanahalli
604622,216163,Nagati Basapura
604623,216146,Devagondanahalli
604624,216161,Manyaramasalavada
604625,216147,Hagaranur
604626,216161,Manyaramasalavada
604627,216161,Manyaramasalavada
604628,216163,Nagati Basapura
604629,216149,Hiremallanakeri
604630,216150,Holagundi
604631,216164,Nandihalli
604632,216164,Nandihalli
604633,216164,Nandihalli
604634,216166,Sogi
604635,216168,Uttangi
604636,216166,Sogi
604637,216159,Mahajanadahalli
604638,216159,Mahajanadahalli
604639,216153,Ittigi
604640,216159,Mahajanadahalli
604641,216181,Hampasagar
604642,216181,Hampasagar
604643,216181,Hampasagar
604644,273256,Gaddhikeri
604645,216173,Bannikallu
604646,216173,Bannikallu
604647,273256,Gaddhikeri
604648,216187,Murageri
604649,216187,Murageri
604650,216189,Sonna
604651,216172,Bannigola
604652,216172,Bannigola
604653,216172,Bannigola
604654,216188,Muthkur-Kithnur
604655,216188,Muthkur-Kithnur
604656,216188,Muthkur-Kithnur
604657,216190,Thambralli
604658,216174,Basigideri
604659,216171,Bachigundanahalli
604660,216183,Kadlebalu
604661,216171,Bachigundanahalli
604662,276043,Vallabhapura
604663,216186,Morabbihal
604664,216186,Morabbihal
604665,216186,Morabbihal
604666,216186,Morabbihal
604667,216174,Basigideri
604669,216180,Hampapatna
604670,216180,Hampapatna
604671,216180,Hampapatna
604672,216179,Halagapura
604673,216179,Halagapura
604674,276043,Vallabhapura
604677,273257,Madhuru
604678,273258,Nelkudri-1
604679,273258,Nelkudri-1
604680,216189,Sonna
604681,216185,Malvi
604682,216185,Malvi
604683,216175,Benakal
604684,273257,Madhuru
604685,273257,Madhuru
604686,216177,Dasamapura
604687,216177,Dasamapura
604688,216182,Hansi
604689,216182,Hansi
604690,216175,Benakal
604691,216184,Kogali
604692,216184,Kogali
604693,216184,Kogali
604694,216169,Alabur
604695,216170,Ambali
604696,216170,Ambali
604698,216191,114.Danapura
604699,216191,114.Danapura
604700,216191,114.Danapura
604701,216191,114.Danapura
604703,216195,Dananayakanakere
604705,216195,Dananayakanakere
604706,216206,Nagalapura
604707,216195,Dananayakanakere
604708,216194,Chilakanahatti
604709,216194,Chilakanahatti
604710,216206,Nagalapura
604711,216206,Nagalapura
604712,216194,Chilakanahatti
604713,216194,Chilakanahatti
604714,216194,Chilakanahatti
604715,216194,Chilakanahatti
604716,216194,Chilakanahatti
604717,216201,Hosur
604718,216207,Nagenahalli
604719,216200,Hampi
604720,216207,Nagenahalli
604721,216207,Nagenahalli
604722,216207,Nagenahalli
604724,216202,Kallahalli
604725,216202,Kallahalli
604726,216207,Nagenahalli
604727,216200,Hampi
604728,216200,Hampi
604729,216200,Hampi
604730,216200,Hampi
604731,216200,Hampi
604732,216200,Hampi
604733,216192,Bukkasagara
604734,216192,Bukkasagara
604736,216203,Malapanagudi
604737,216209,P.K.Halli
604738,216209,P.K.Halli
604739,216209,P.K.Halli
604740,216193,Byluvaddigeri
604741,216193,Byluvaddigeri
604742,216193,Byluvaddigeri
604743,216193,Byluvaddigeri
604744,216198,Gadiganur
604745,216198,Gadiganur
604746,216198,Gadiganur
604747,216198,Gadiganur
604748,216208,No.10 Muddapura
604749,216211,Sanapura
604750,216211,Sanapura
604751,216211,Sanapura
604752,216211,Sanapura
604753,216208,No.10 Muddapura
604754,216210,Ramasagara
604755,216208,No.10 Muddapura
604756,216197,Devasamudra
604757,216199,Hampadevanahalli
604758,216197,Devasamudra
604759,216199,Hampadevanahalli
604760,216199,Hampadevanahalli
604761,216205,Metri
604762,216205,Metri
604763,216196,Devalapura
604764,216199,Hampadevanahalli
604765,216199,Hampadevanahalli
604766,216213,Suggenahalli
604767,216196,Devalapura
604769,216213,Suggenahalli
604770,216213,Suggenahalli
604771,216280,Kenchanagudda
604772,216280,Kenchanagudda
604773,216275,Halekote
604774,216292,Uppara Hosahalli
604775,216292,Uppara Hosahalli
604776,216292,Uppara Hosahalli
604777,216275,Halekote
604778,216286,Nadavi
604779,216286,Nadavi
604780,216286,Nadavi
604781,216284,M.Sugur
604782,216284,M.Sugur
604783,216285,Muddatanur
604784,216285,Muddatanur
604785,216285,Muddatanur
604786,216285,Muddatanur
604787,216290,Sirigeri
604788,216281,Konchigeri
604789,216281,Konchigeri
604790,216281,Konchigeri
604791,216273,Deshanur
604792,216269,Bagewadi
604793,216269,Bagewadi
604794,216282,Kududarahal
604795,216282,Kududarahal
604796,216282,Kududarahal
604797,216282,Kududarahal
604798,216272,Boggur
604799,216283,Kuruvalli
604800,216283,Kuruvalli
604801,216272,Boggur
604802,216269,Bagewadi
604803,216272,Boggur
604804,216283,Kuruvalli
604805,216287,Raravi
604806,216272,Boggur
604807,216287,Raravi
604808,216278,K.Sugur
604809,216278,K.Sugur
604810,216278,K.Sugur
604811,216276,Hatcholli
604812,216276,Hatcholli
604813,216276,Hatcholli
604814,216276,Hatcholli
604815,216276,Hatcholli
604816,216271,Beerahalli
604817,216271,Beerahalli
604818,216271,Beerahalli
604819,216271,Beerahalli
604820,216271,Beerahalli
604821,216271,Beerahalli
604822,216271,Beerahalli
604823,216271,Beerahalli
604824,216288,Ravihal
604825,216288,Ravihal
604826,216288,Ravihal
604827,216288,Ravihal
604828,216288,Ravihal
604829,216268,B.M.Sugur
604830,216268,B.M.Sugur
604831,216268,B.M.Sugur
604832,216268,B.M.Sugur
604833,216268,B.M.Sugur
604834,216268,B.M.Sugur
604835,216268,B.M.Sugur
604836,216292,Uppara Hosahalli
604837,216278,K.Sugur
604838,216278,K.Sugur
604839,216277,K.Belalgal
604840,216270,Balakundhi
604841,216270,Balakundhi
604842,216293,Uttanur
604843,216270,Balakundhi
604844,273271,Byrapura
604845,273271,Byrapura
604846,216279,Karur
604847,216293,Uttanur
604848,216293,Uttanur
604849,216289,Shanavasapura
604850,216289,Shanavasapura
604851,216274,H. Hosahalli
604852,216291,Talur
604853,216291,Talur
604854,216274,H. Hosahalli
604855,216126,Nelludi
604856,216126,Nelludi
604857,216142,Yemmiganur
604858,216113,H.Veerapura
604859,216112,Ganakihal
604860,216112,Ganakihal
604861,216116,Kallukamba
604862,216113,H.Veerapura
604863,216116,Kallukamba
604864,216113,H.Veerapura
604865,216127,Orvai
604866,216127,Orvai
604867,216127,Orvai
604868,216116,Kallukamba
604869,216116,Kallukamba
604871,216107,Badanahatti
604872,216133,Siddammanahalli
604873,216141,Yelabenchi
604874,216141,Yelabenchi
604876,216141,Yelabenchi
604877,216143,Yerangaligi
604878,216111,Dammuru
604879,216135,Sindhigeri
604880,216135,Sindhigeri
604881,273253,Chanalu
604882,273253,Chanalu
604883,216108,Basarakod
604884,216108,Basarakod
604885,216108,Basarakod
604886,216115,Handihal
604887,216115,Handihal
604888,216111,Dammuru
604889,216121,Koralgundhi
604890,216120,Kolur
604891,216143,Yerangaligi
604892,216137,Somasamudra
604893,216138,Sridharagadda
604894,216138,Sridharagadda
604895,216117,Kappagal
604896,216125,Moka
604897,216125,Moka
604898,216139,Vanenoor
604899,216139,Vanenoor
604900,216139,Vanenoor
604901,216139,Vanenoor
604902,216139,Vanenoor
604903,216124,M.Gonal
604904,216144,Yerragudi
604905,216124,M.Gonal
604906,216124,M.Gonal
604907,216124,M.Gonal
604908,216144,Yerragudi
604909,216118,Karekal
604910,216118,Karekal
604911,216106,B.D.Halli
604912,216136,Sirivar
604913,216130,Sanganakal
604914,216106,B.D.Halli
604915,216118,Karekal
604916,216118,Karekal
604917,216118,Karekal
604918,216134,Sidiginamola
604919,216109,Belagallu
604920,216109,Belagallu
604921,216109,Belagallu
604922,216119,Kolagallu
604924,216105,Amarapura
604930,216114,Halakundi
604931,216114,Halakundi
604932,216131,Sanjeevarayanakote
604933,216131,Sanjeevarayanakote
604934,216105,Amarapura
604935,216105,Amarapura
604936,216105,Amarapura
604937,216105,Amarapura
604938,216105,Amarapura
604939,216134,Sidiginamola
604940,216134,Sidiginamola
604941,216110,Chalagurki
604942,216128,P.D.Halli
604943,216128,P.D.Halli
604944,216110,Chalagurki
604945,216110,Chalagurki
604946,216110,Chalagurki
604947,216129,Rupanagudi
604948,216132,Shankarabanda
604949,216132,Shankarabanda
604950,216132,Shankarabanda
604951,216132,Shankarabanda
604952,216140,Yathenabudihal
604953,216140,Yathenabudihal
604954,216140,Yathenabudihal
604955,216140,Yathenabudihal
604956,216129,Rupanagudi
604957,216129,Rupanagudi
604962,216267,Yeshwanthanagar
604963,216248,Bandri
604964,216260,Nidagurthi
604965,216260,Nidagurthi
604966,216260,Nidagurthi
604967,273267,H.K.Halli
604968,273267,H.K.Halli
604969,216255,Kalingeri
604970,216255,Kalingeri
604971,216255,Kalingeri
604972,216250,Bommagatta
604973,216254,Gollalingamanahalli
604974,216254,Gollalingamanahalli
604975,216254,Gollalingamanahalli
604976,216254,Gollalingamanahalli
604977,216254,Gollalingamanahalli
604978,216254,Gollalingamanahalli
604979,273270,Yerrayyanahalli
604980,216250,Bommagatta
604981,273270,Yerrayyanahalli
604982,216255,Kalingeri
604983,216262,Sovenahalli
604984,273265,Agrahara
604985,273265,Agrahara
604986,216251,Chornur
604987,216250,Bommagatta
604988,216250,Bommagatta
604989,216250,Bommagatta
604990,216250,Bommagatta
604991,216250,Bommagatta
604992,216250,Bommagatta
604993,216267,Yeshwanthanagar
604994,216261,Shusilanagar
604995,216261,Shusilanagar
604996,216261,Shusilanagar
604997,216261,Shusilanagar
604998,216261,Shusilanagar
604999,216261,Shusilanagar
605000,216256,Krishnanagar
605001,216256,Krishnanagar
605002,216249,Bhujanganagar
605003,216263,Taranagar
605004,216263,Taranagar
605005,216249,Bhujanganagar
605006,216259,Narasingapura
605007,216259,Narasingapura
605008,216259,Narasingapura
605009,216253,Devagiri
605010,216253,Devagiri
605011,216253,Devagiri
605012,273269,Thaluru
605013,273269,Thaluru
605014,216265,Vaddu
605015,216252,Daroji
605016,216264,Torangal
605017,273266,Bannihatti
605018,273266,Bannihatti
605019,216263,Taranagar
605020,273266,Bannihatti
605021,216247,Anthapura
605022,216264,Torangal
605023,216264,Torangal
605024,216247,Anthapura
605025,216247,Anthapura
605026,216247,Anthapura
605027,216247,Anthapura
605028,216247,Anthapura
605029,216263,Taranagar
605030,273268,Rajapura
605031,216266,Vittalapura
605032,216266,Vittalapura
605033,216266,Vittalapura
605034,216266,Vittalapura
605035,216266,Vittalapura
605036,216266,Vittalapura
605037,273268,Rajapura
605038,273268,Rajapura
605039,216266,Vittalapura
605040,216258,Metriki
605041,216258,Metriki
605042,216258,Metriki
605043,216258,Metriki
605044,216258,Metriki
605046,216265,Vaddu
605048,216231,Hyalya
605049,216231,Hyalya
605050,216221,Dupadahalli
605051,216221,Dupadahalli
605052,216221,Dupadahalli
605053,216221,Dupadahalli
605054,216236,Kandagallu
605055,216236,Kandagallu
605056,216236,Kandagallu
605057,273259,Chirabi
605058,216242,Rampura
605059,216242,Rampura
605060,216242,Rampura
605061,216234,K.Ayyanahalli
605062,216234,K.Ayyanahalli
605063,216234,K.Ayyanahalli
605064,216234,K.Ayyanahalli
605065,273261,Nagarakatte
605066,216235,Kalapura
605067,216235,Kalapura
605068,273261,Nagarakatte
605069,216245,Tulahalli
605070,216246,Ujjini
605071,216226,Hirehegdal
605072,216226,Hirehegdal
605073,216243,Shivapura
605074,216243,Shivapura
605075,216238,Marabha
605076,273260,Kakuppi
605077,216216,Badeladaku
605078,216216,Badeladaku
605079,216216,Badeladaku
605080,216238,Marabha
605081,273260,Kakuppi
605082,273260,Kakuppi
605083,216232,Jermali
605084,216232,Jermali
605085,216241,Ramadurga
605086,216241,Ramadurga
605087,216241,Ramadurga
605088,216223,Gudekote
605089,216215,Appenhalli
605090,216215,Appenhalli
605091,216215,Appenhalli
605092,216223,Gudekote
605093,216223,Gudekote
605094,216223,Gudekote
605095,216218,Bellagatta
605096,216218,Bellagatta
605097,216218,Bellagatta
605098,216224,Gundumunugu
605099,216217,Banavikallu
605100,216237,Makanadaku
605101,216237,Makanadaku
605102,216224,Gundumunugu
605103,216218,Bellagatta
605104,216222,Gandabommanahalli
605105,216222,Gandabommanahalli
605106,216222,Gandabommanahalli
605107,216230,Huralihal
605108,216219,Chiratagundu
605109,216219,Chiratagundu
605110,216230,Huralihal
605111,216233,Jumbobanahalli
605112,216242,Rampura
605113,216244,Suladahalli
605114,216244,Suladahalli
605115,216220,Choudapur
605116,216220,Choudapur
605117,216220,Choudapur
605118,216217,Banavikallu
605119,216244,Suladahalli
605120,216239,Nimbalageri
605121,216239,Nimbalageri
605122,216239,Nimbalageri
605123,216225,Harakbhavi
605124,216225,Harakbhavi
605125,216228,Hosahalli
605126,216228,Hosahalli
605127,216228,Hosahalli
605128,216227,Hirekumbalagunte
605129,216227,Hirekumbalagunte
605130,216227,Hirekumbalagunte
605131,216214,Alooru
605132,216214,Alooru
605133,216233,Jumbobanahalli
605134,216233,Jumbobanahalli
605135,216229,Hudem
605136,216240,Pujarahalli
605137,216240,Pujarahalli
605138,216240,Pujarahalli
605139,217195,Santhegudda
605140,217195,Santhegudda
605141,217195,Santhegudda
605142,217195,Santhegudda
605143,217196,Thammenahalli
605144,217196,Thammenahalli
605145,217196,Thammenahalli
605146,217196,Thammenahalli
605147,217196,Thammenahalli
605148,217196,Thammenahalli
605149,217196,Thammenahalli
605150,217195,Santhegudda
605151,217188,J.B.Halli
605152,217188,J.B.Halli
605153,217188,J.B.Halli
605154,217188,J.B.Halli
605155,217188,J.B.Halli
605156,217184,Chikkirahalli
605157,217196,Thammenahalli
605158,217196,Thammenahalli
605159,217196,Thammenahalli
605160,217196,Thammenahalli
605161,217185,Dhevasamudra
605162,217185,Dhevasamudra
605163,217193,Rampura
605164,217193,Rampura
605165,217188,J.B.Halli
605166,217188,J.B.Halli
605167,217188,J.B.Halli
605168,217188,J.B.Halli
605169,217188,J.B.Halli
605170,217188,J.B.Halli
605171,217188,J.B.Halli
605172,217188,J.B.Halli
605173,217193,Rampura
605174,217185,Dhevasamudra
605175,217185,Dhevasamudra
605176,217185,Dhevasamudra
605177,217185,Dhevasamudra
605178,217182,Ashokasiddapura
605179,217182,Ashokasiddapura
605180,217182,Ashokasiddapura
605181,217182,Ashokasiddapura
605182,217182,Ashokasiddapura
605183,217182,Ashokasiddapura
605184,217182,Ashokasiddapura
605185,217184,Chikkirahalli
605186,217184,Chikkirahalli
605187,217184,Chikkirahalli
605188,217191,Nagasamudra
605189,217186,Hangal
605190,217187,Herekerehalli
605191,217184,Chikkirahalli
605192,217188,J.B.Halli
605193,217187,Herekerehalli
605194,217187,Herekerehalli
605195,217187,Herekerehalli
605196,217187,Herekerehalli
605197,217187,Herekerehalli
605198,217186,Hangal
605199,217194,Rayapura
605200,217186,Hangal
605201,217194,Rayapura
605202,217194,Rayapura
605203,217194,Rayapura
605204,217194,Rayapura
605205,217194,Rayapura
605206,217194,Rayapura
605207,217186,Hangal
605208,217192,Nerlahalli
605209,217192,Nerlahalli
605210,217192,Nerlahalli
605211,217197,Thumkurlahalli
605212,217197,Thumkurlahalli
605213,217197,Thumkurlahalli
605214,217194,Rayapura
605215,217197,Thumkurlahalli
605216,217197,Thumkurlahalli
605217,217183,B.G.Kere
605218,217183,B.G.Kere
605219,217183,B.G.Kere
605220,217183,B.G.Kere
605221,217183,B.G.Kere
605222,217183,B.G.Kere
605223,217183,B.G.Kere
605224,217190,Kondlahalli
605225,217190,Kondlahalli
605226,217189,Konasagara
605227,217189,Konasagara
605228,217013,Abbenahalli
605229,217013,Abbenahalli
605230,217013,Abbenahalli
605231,217013,Abbenahalli
605232,217013,Abbenahalli
605233,217013,Abbenahalli
605234,217013,Abbenahalli
605235,217028,Hirehalli
605236,217031,Mallurahalli
605237,217031,Mallurahalli
605238,217031,Mallurahalli
605239,217031,Mallurahalli
605240,217031,Mallurahalli
605241,217013,Abbenahalli
605242,217026,Gowdagere
605243,217026,Gowdagere
605244,217026,Gowdagere
605245,217038,Nelagethanahatti
605246,217038,Nelagethanahatti
605247,217038,Nelagethanahatti
605248,217026,Gowdagere
605250,217031,Mallurahalli
605251,217041,P.Mahadevapura
605252,217051,Thimmappaiyanahalli
605253,217051,Thimmappaiyanahalli
605254,217051,Thimmappaiyanahalli
605255,217051,Thimmappaiyanahalli
605256,217051,Thimmappaiyanahalli
605257,217032,Mannekote
605258,217051,Thimmappaiyanahalli
605259,272693,N.Devarahally
605260,217039,Neralagunte
605261,217020,Devareddihalli
605262,217047,Siddeshvaranadurga
605263,217034,S.Mahadevapura
605264,217034,S.Mahadevapura
605265,217038,Nelagethanahatti
605266,217038,Nelagethanahatti
605267,217038,Nelagethanahatti
605268,217038,Nelagethanahatti
605269,272693,N.Devarahally
605270,217039,Neralagunte
605271,217039,Neralagunte
605272,217039,Neralagunte
605273,217039,Neralagunte
605274,217039,Neralagunte
605275,272693,N.Devarahally
605276,217028,Hirehalli
605277,217027,Gowrasamudra
605278,217027,Gowrasamudra
605279,217027,Gowrasamudra
605280,217027,Gowrasamudra
605281,217027,Gowrasamudra
605282,217027,Gowrasamudra
605283,217020,Devareddihalli
605284,272693,N.Devarahally
605285,217020,Devareddihalli
605286,217020,Devareddihalli
605287,217014,Bedareddihalli
605288,217032,Mannekote
605289,217014,Bedareddihalli
605290,217014,Bedareddihalli
605291,217014,Bedareddihalli
605292,217024,Ghataparthi
605293,217020,Devareddihalli
605294,217045,Renukapura
605295,217045,Renukapura
605296,217030,Mailanahalli
605297,217024,Ghataparthi
605298,217030,Mailanahalli
605299,217024,Ghataparthi
605300,217024,Ghataparthi
605301,217050,Talaku
605302,217050,Talaku
605303,217050,Talaku
605304,217050,Talaku
605305,217050,Talaku
605306,217022,Doddaullarthi
605307,217022,Doddaullarthi
605308,217022,Doddaullarthi
605309,272694,Kaluvehalli
605310,272694,Kaluvehalli
605311,272694,Kaluvehalli
605312,217030,Mailanahalli
605313,217045,Renukapura
605314,217045,Renukapura
605315,217045,Renukapura
605316,217040,Obalapura
605317,217040,Obalapura
605318,217040,Obalapura
605319,217040,Obalapura
605320,217040,Obalapura
605321,217040,Obalapura
605322,217040,Obalapura
605323,217044,Ramajogihalli
605324,217036,Nannivala
605325,217036,Nannivala
605326,217036,Nannivala
605327,217016,Budnahatti
605328,217016,Budnahatti
605329,217016,Budnahatti
605330,217023,Dodderi
605331,217033,Meerasaabihalli
605332,217033,Meerasaabihalli
605333,217033,Meerasaabihalli
605334,217033,Meerasaabihalli
605335,217033,Meerasaabihalli
605336,217023,Dodderi
605337,217023,Dodderi
605338,217035,Nagaramgere
605339,217035,Nagaramgere
605340,217035,Nagaramgere
605341,217048,Somaguddu
605342,217048,Somaguddu
605343,217044,Ramajogihalli
605344,217044,Ramajogihalli
605345,217044,Ramajogihalli
605346,217044,Ramajogihalli
605347,217044,Ramajogihalli
605348,217048,Somaguddu
605349,217048,Somaguddu
605350,217048,Somaguddu
605351,217046,Sanikere
605352,217035,Nagaramgere
605353,217025,Gopanahalli
605354,217025,Gopanahalli
605355,217025,Gopanahalli
605356,217017,Chennamanagathihalli
605357,217019,Devaramarikunte
605358,217019,Devaramarikunte
605359,217019,Devaramarikunte
605360,217019,Devaramarikunte
605361,217025,Gopanahalli
605362,217025,Gopanahalli
605363,217025,Gopanahalli
605364,217025,Gopanahalli
605365,217046,Sanikere
605366,217048,Somaguddu
605367,217046,Sanikere
605368,217046,Sanikere
605369,217046,Sanikere
605370,217046,Sanikere
605371,217046,Sanikere
605372,217029,Jajur
605373,217045,Renukapura
605374,217045,Renukapura
605375,217029,Jajur
605376,217029,Jajur
605377,217029,Jajur
605378,217017,Chennamanagathihalli
605379,217042,Pagadalabande
605380,217042,Pagadalabande
605381,217042,Pagadalabande
605382,217042,Pagadalabande
605383,217042,Pagadalabande
605384,217042,Pagadalabande
605385,217042,Pagadalabande
605386,217018,Chowlur
605388,217017,Chennamanagathihalli
605389,217017,Chennamanagathihalli
605390,217017,Chennamanagathihalli
605391,217017,Chennamanagathihalli
605392,217017,Chennamanagathihalli
605393,217018,Chowlur
605394,217018,Chowlur
605396,217043,Parashuramapura
605397,217034,S.Mahadevapura
605398,217047,Siddeshvaranadurga
605399,217047,Siddeshvaranadurga
605400,217034,S.Mahadevapura
605401,217041,P.Mahadevapura
605402,217021,Doddachellur
605405,217049,T.N.Kote
605406,217049,T.N.Kote
605407,217049,T.N.Kote
605408,217049,T.N.Kote
605409,217019,Devaramarikunte
605410,217015,Belagere
605411,217015,Belagere
605414,217015,Belagere
605415,217015,Belagere
605416,217049,T.N.Kote
605417,217049,T.N.Kote
605418,217049,T.N.Kote
605419,217021,Doddachellur
605420,217021,Doddachellur
605421,217041,P.Mahadevapura
605422,217047,Siddeshvaranadurga
605423,217074,Kogunde
605424,217074,Kogunde
605425,217074,Kogunde
605426,272696,Byalahal
605427,217073,Kalagere
605428,217073,Kalagere
605429,217073,Kalagere
605430,217069,Issamudra
605431,217069,Issamudra
605432,217073,Kalagere
605433,217073,Kalagere
605434,217073,Kalagere
605435,217074,Kogunde
605436,217074,Kogunde
605437,217074,Kogunde
605438,217056,Bharamasagara
605439,217056,Bharamasagara
605440,217073,Kalagere
605441,217056,Bharamasagara
605442,217069,Issamudra
605443,217069,Issamudra
605444,217087,Yelagodu
605445,217087,Yelagodu
605446,217087,Yelagodu
605447,217087,Yelagodu
605448,217087,Yelagodu
605449,217087,Yelagodu
605450,272696,Byalahal
605451,272696,Byalahal
605452,272696,Byalahal
605453,217075,Kolahal
605454,217075,Kolahal
605455,217075,Kolahal
605456,217056,Bharamasagara
605457,217075,Kolahal
605458,217075,Kolahal
605459,217052,Alagavadi
605460,217075,Kolahal
605461,217075,Kolahal
605462,217075,Kolahal
605463,217059,Chikkabennur
605464,217059,Chikkabennur
605465,217059,Chikkabennur
605466,217059,Chikkabennur
605467,217059,Chikkabennur
605468,217084,Sirigere
605469,217084,Sirigere
605470,217052,Alagavadi
605471,217052,Alagavadi
605472,217052,Alagavadi
605473,217052,Alagavadi
605474,217052,Alagavadi
605475,217052,Alagavadi
605476,217084,Sirigere
605477,217084,Sirigere
605478,217071,J.N. Kote
605479,217053,Alaghatta
605480,217084,Sirigere
605481,217084,Sirigere
605482,217052,Alagavadi
605483,217052,Alagavadi
605484,217052,Alagavadi
605485,217052,Alagavadi
605486,217084,Sirigere
605487,217084,Sirigere
605488,217053,Alaghatta
605489,217053,Alaghatta
605490,217053,Alaghatta
605491,217082,Muddapura
605492,217082,Muddapura
605493,217082,Muddapura
605494,217060,Chikkagondanahalli
605495,217060,Chikkagondanahalli
605496,217086,Turuvanur
605497,217086,Turuvanur
605498,217086,Turuvanur
605499,217086,Turuvanur
605500,217086,Turuvanur
605501,217086,Turuvanur
605502,217086,Turuvanur
605503,217076,Kunubevu
605504,217076,Kunubevu
605505,217076,Kunubevu
605506,217055,Belaghatta
605507,217055,Belaghatta
605508,217076,Kunubevu
605509,217076,Kunubevu
605510,217076,Kunubevu
605511,217079,Madanayakanahalli
605512,217079,Madanayakanahalli
605513,217082,Muddapura
605514,217079,Madanayakanahalli
605515,217082,Muddapura
605516,217079,Madanayakanahalli
605517,217079,Madanayakanahalli
605518,217079,Madanayakanahalli
605519,217055,Belaghatta
605520,217055,Belaghatta
605521,217055,Belaghatta
605522,217059,Chikkabennur
605523,217070,Iyyanahalli
605524,217070,Iyyanahalli
605525,217070,Iyyanahalli
605526,217070,Iyyanahalli
605527,217070,Iyyanahalli
605528,217070,Iyyanahalli
605529,217070,Iyyanahalli
605530,217070,Iyyanahalli
605531,217077,Lakshmisagara
605532,217077,Lakshmisagara
605533,217053,Alaghatta
605534,217053,Alaghatta
605535,217053,Alaghatta
605536,217053,Alaghatta
605537,217063,Dyamavvanahalli
605538,217077,Lakshmisagara
605539,217070,Iyyanahalli
605540,217080,Matadakurubarahatti
605541,217080,Matadakurubarahatti
605542,217061,Cholaghatta
605543,217077,Lakshmisagara
605544,217066,Hireguntanur
605545,217077,Lakshmisagara
605546,217066,Hireguntanur
605547,217066,Hireguntanur
605548,217058,Bommenahalli
605549,217058,Bommenahalli
605550,217058,Bommenahalli
605551,217058,Bommenahalli
605552,217058,Bommenahalli
605553,217058,Bommenahalli
605554,217066,Hireguntanur
605555,217066,Hireguntanur
605556,217066,Hireguntanur
605557,217067,Hullur
605558,217066,Hireguntanur
605559,217067,Hullur
605561,217057,Bheemasamudra
605562,217057,Bheemasamudra
605563,217057,Bheemasamudra
605564,217057,Bheemasamudra
605565,217057,Bheemasamudra
605566,217057,Bheemasamudra
605567,217057,Bheemasamudra
605568,217057,Bheemasamudra
605569,217067,Hullur
605570,217065,Guddadarangavvanahalli
605571,217064,Gonur
605572,217064,Gonur
605573,217058,Bommenahalli
605574,217053,Alaghatta
605575,217071,J.N. Kote
605576,217071,J.N. Kote
605577,217063,Dyamavvanahalli
605578,217062,Doddasiddavvanahalli
605579,217068,Ingaladalu
605581,217078,Madakaripura
605582,217078,Madakaripura
605583,217064,Gonur
605584,217081,Medehalli
605585,217081,Medehalli
605586,217080,Matadakurubarahatti
605587,217065,Guddadarangavvanahalli
605588,217061,Cholaghatta
605589,217083,Siddapura
605590,217083,Siddapura
605591,217083,Siddapura
605592,217072,Janukonda
605593,217072,Janukonda
605594,217072,Janukonda
605595,217072,Janukonda
605596,217083,Siddapura
605597,217061,Cholaghatta
605598,217061,Cholaghatta
605599,217083,Siddapura
605600,217061,Cholaghatta
605601,217068,Ingaladalu
605602,217068,Ingaladalu
605603,217071,J.N. Kote
605604,217068,Ingaladalu
605605,217085,Sondekola
605606,217085,Sondekola
605607,217085,Sondekola
605608,217085,Sondekola
605609,272695,Godabanahal
605610,272695,Godabanahal
605611,217054,Annehal
605612,217054,Annehal
605613,217054,Annehal
605614,217054,Annehal
605615,217054,Annehal
605616,217068,Ingaladalu
605617,217068,Ingaladalu
605618,217080,Matadakurubarahatti
605619,217121,Andanur
605620,217121,Andanur
605621,217121,Andanur
605622,217121,Andanur
605623,217121,Andanur
605624,217121,Andanur
605625,217121,Andanur
605626,217136,Muthugadur
605627,217136,Muthugadur
605628,217123,B.Durga
605629,217123,B.Durga
605630,217123,B.Durga
605631,217136,Muthugadur
605632,217136,Muthugadur
605633,217121,Andanur
605634,217136,Muthugadur
605635,217121,Andanur
605636,217133,Hire Yemmiganur
605637,217136,Muthugadur
605638,217136,Muthugadur
605639,217123,B.Durga
605640,217123,B.Durga
605641,217123,B.Durga
605642,217123,B.Durga
605643,217123,B.Durga
605644,217126,Chikkajajur
605645,217131,Gungiganur
605646,217131,Gungiganur
605647,217131,Gungiganur
605648,217131,Gungiganur
605649,217125,Chikka Yemmiganur
605650,217125,Chikka Yemmiganur
605651,217133,Hire Yemmiganur
605652,217133,Hire Yemmiganur
605653,217133,Hire Yemmiganur
605654,217133,Hire Yemmiganur
605655,217133,Hire Yemmiganur
605656,217133,Hire Yemmiganur
605657,217125,Chikka Yemmiganur
605658,217125,Chikka Yemmiganur
605659,217125,Chikka Yemmiganur
605660,217125,Chikka Yemmiganur
605661,217125,Chikka Yemmiganur
605662,217133,Hire Yemmiganur
605663,217133,Hire Yemmiganur
605664,217133,Hire Yemmiganur
605665,217133,Hire Yemmiganur
605666,217125,Chikka Yemmiganur
605667,217125,Chikka Yemmiganur
605668,217125,Chikka Yemmiganur
605669,217126,Chikkajajur
605670,217128,Dummi
605671,217135,Malladihalli
605672,217141,Shivapura
605673,217135,Malladihalli
605674,217135,Malladihalli
605675,217138,R.Nulenur
605676,217138,R.Nulenur
605677,217138,R.Nulenur
605678,217128,Dummi
605679,217128,Dummi
605680,217128,Dummi
605681,217128,Dummi
605682,217138,R.Nulenur
605683,217138,R.Nulenur
605684,217138,R.Nulenur
605685,217138,R.Nulenur
605686,217139,Ramagiri
605687,217143,Talikatte
605688,217143,Talikatte
605689,217139,Ramagiri
605690,217139,Ramagiri
605691,217139,Ramagiri
605692,217139,Ramagiri
605694,217137,N.G.Halli
605695,217137,N.G.Halli
605696,217137,N.G.Halli
605697,217129,Gangasamudra
605698,217129,Gangasamudra
605699,217146,Tuppadahalli
605700,217146,Tuppadahalli
605701,217143,Talikatte
605702,217146,Tuppadahalli
605703,217146,Tuppadahalli
605704,217146,Tuppadahalli
605705,217124,Bidarakere
605706,217124,Bidarakere
605707,217124,Bidarakere
605708,217129,Gangasamudra
605709,217129,Gangasamudra
605710,217124,Bidarakere
605711,217124,Bidarakere
605712,217124,Bidarakere
605713,217124,Bidarakere
605714,217131,Gungiganur
605715,217131,Gungiganur
605716,217127,Chithrahalli
605717,217127,Chithrahalli
605718,217120,Adanur
605719,217131,Gungiganur
605720,217120,Adanur
605721,217120,Adanur
605722,217120,Adanur
605723,217120,Adanur
605724,217140,Shivaganga
605725,217140,Shivaganga
605726,217140,Shivaganga
605727,217120,Adanur
605728,217120,Adanur
605729,217120,Adanur
605730,217141,Shivapura
605731,217141,Shivapura
605732,217141,Shivapura
605733,217141,Shivapura
605734,217141,Shivapura
605735,217141,Shivapura
605736,217122,Arehalli
605737,217120,Adanur
605738,217134,Madderu
605739,217140,Shivaganga
605740,217130,Gunderi
605741,217122,Arehalli
605742,217122,Arehalli
605743,217122,Arehalli
605744,217122,Arehalli
605745,217130,Gunderi
605746,217130,Gunderi
605747,217130,Gunderi
605748,217148,Viswanathanahalli
605749,217148,Viswanathanahalli
605750,217148,Viswanathanahalli
605751,217148,Viswanathanahalli
605752,217130,Gunderi
605753,217130,Gunderi
605754,217148,Viswanathanahalli
605755,217148,Viswanathanahalli
605756,217148,Viswanathanahalli
605757,217127,Chithrahalli
605758,217142,T.Nulenur
605759,217142,T.Nulenur
605760,217142,T.Nulenur
605761,217127,Chithrahalli
605762,217127,Chithrahalli
605763,217127,Chithrahalli
605764,217127,Chithrahalli
605765,217127,Chithrahalli
605766,217127,Chithrahalli
605767,217127,Chithrahalli
605768,217127,Chithrahalli
605769,217142,T.Nulenur
605770,217142,T.Nulenur
605771,217142,T.Nulenur
605772,217127,Chithrahalli
605773,217127,Chithrahalli
605774,217140,Shivaganga
605775,217140,Shivaganga
605776,217132,H.D.Pura
605777,217132,H.D.Pura
605778,217132,H.D.Pura
605779,217132,H.D.Pura
605780,217132,H.D.Pura
605781,217134,Madderu
605782,217134,Madderu
605783,217134,Madderu
605784,217134,Madderu
605785,217134,Madderu
605786,217144,Talya
605787,217132,H.D.Pura
605788,217132,H.D.Pura
605789,217132,H.D.Pura
605790,217132,H.D.Pura
605791,217145,Tekalavatti
605792,217132,H.D.Pura
605793,217132,H.D.Pura
605794,217145,Tekalavatti
605795,217145,Tekalavatti
605796,217145,Tekalavatti
605797,217145,Tekalavatti
605798,217145,Tekalavatti
605799,217145,Tekalavatti
605800,217147,Upparigenahalli
605801,217147,Upparigenahalli
605802,217145,Tekalavatti
605803,217147,Upparigenahalli
605804,217144,Talya
605805,217144,Talya
605806,217144,Talya
605807,217144,Talya
605808,217144,Talya
605809,217144,Talya
605810,217144,Talya
605811,217147,Upparigenahalli
605812,217147,Upparigenahalli
605813,217147,Upparigenahalli
605814,217147,Upparigenahalli
605815,217147,Upparigenahalli
605816,217147,Upparigenahalli
605817,217147,Upparigenahalli
605818,217147,Upparigenahalli
605819,217147,Upparigenahalli
605820,217126,Chikkajajur
605821,217162,Hebballi
605822,217162,Hebballi
605823,217162,Hebballi
605824,217157,Devigere
605825,217157,Devigere
605826,217157,Devigere
605827,217162,Hebballi
605828,217162,Hebballi
605829,217162,Hebballi
605830,217162,Hebballi
605831,217157,Devigere
605832,217157,Devigere
605833,217157,Devigere
605834,217157,Devigere
605835,217157,Devigere
605836,217162,Hebballi
605837,217162,Hebballi
605838,217176,Mallappanahalli
605839,217176,Mallappanahalli
605840,217176,Mallappanahalli
605841,217176,Mallappanahalli
605842,217176,Mallappanahalli
605843,217149,Anivala
605844,217149,Anivala
605845,217151,Baguru
605846,217175,Madhure
605847,217175,Madhure
605848,217175,Madhure
605850,217175,Madhure
605851,217175,Madhure
605852,217154,Bokikere
605853,217175,Madhure
605854,217151,Baguru
605855,217151,Baguru
605856,217151,Baguru
605857,217151,Baguru
605858,217149,Anivala
605859,217179,Sanihalli
605860,217179,Sanihalli
605861,217151,Baguru
605862,217151,Baguru
605863,217154,Bokikere
605864,217154,Bokikere
605865,217154,Bokikere
605866,217164,Hunuvinadu
605867,217164,Hunuvinadu
605868,217164,Hunuvinadu
605869,217164,Hunuvinadu
605870,217164,Hunuvinadu
605871,217164,Hunuvinadu
605872,217171,Kellodu
605873,217171,Kellodu
605874,217154,Bokikere
605875,217154,Bokikere
605876,217179,Sanihalli
605877,217179,Sanihalli
605878,217179,Sanihalli
605879,217179,Sanihalli
605880,217179,Sanihalli
605881,217179,Sanihalli
605882,217169,Kanguvalli
605883,217154,Bokikere
605884,217171,Kellodu
605885,217171,Kellodu
605886,217171,Kellodu
605887,217171,Kellodu
605888,217171,Kellodu
605889,217171,Kellodu
605890,217171,Kellodu
605891,217154,Bokikere
605892,217169,Kanguvalli
605893,217169,Kanguvalli
605894,217169,Kanguvalli
605895,217169,Kanguvalli
605896,217169,Kanguvalli
605897,217169,Kanguvalli
605898,217169,Kanguvalli
605899,217169,Kanguvalli
605900,217169,Kanguvalli
605901,217171,Kellodu
605902,217171,Kellodu
605903,217171,Kellodu
605904,217171,Kellodu
605905,217158,Doddagatta
605906,217158,Doddagatta
605907,217158,Doddagatta
605908,217158,Doddagatta
605909,217158,Doddagatta
605910,217165,Jankal
605912,217159,Doddakittadahalli
605913,217159,Doddakittadahalli
605914,217159,Doddakittadahalli
605915,217159,Doddakittadahalli
605916,217159,Doddakittadahalli
605917,217159,Doddakittadahalli
605918,217173,Lakkihalli
605919,217174,Madadakere
605920,217174,Madadakere
605921,217165,Jankal
605922,217150,Attimagge
605923,217156,Devapura
605924,217156,Devapura
605925,217165,Jankal
605926,217158,Doddagatta
605927,217158,Doddagatta
605928,217158,Doddagatta
605929,217156,Devapura
605930,217156,Devapura
605931,217156,Devapura
605932,217156,Devapura
605933,217150,Attimagge
605934,217150,Attimagge
605935,217174,Madadakere
605936,217150,Attimagge
605937,217150,Attimagge
605938,217174,Madadakere
605939,217150,Attimagge
605940,217173,Lakkihalli
605941,217173,Lakkihalli
605942,217173,Lakkihalli
605943,217152,Ballalasamudra
605944,217152,Ballalasamudra
605945,217152,Ballalasamudra
605946,217152,Ballalasamudra
605947,217152,Ballalasamudra
605948,217152,Ballalasamudra
605949,217152,Ballalasamudra
605950,217152,Ballalasamudra
605951,217167,Kainadu
605952,217167,Kainadu
605953,217166,Kabbala
605954,217166,Kabbala
605955,217166,Kabbala
605956,217166,Kabbala
605957,217153,Belaguru
605958,217181,Thandaga
605959,217166,Kabbala
605960,217166,Kabbala
605961,217181,Thandaga
605962,217166,Kabbala
605963,217167,Kainadu
605964,217167,Kainadu
605965,217167,Kainadu
605966,217167,Kainadu
605967,217167,Kainadu
605968,217167,Kainadu
605969,217167,Kainadu
605970,217167,Kainadu
605971,217178,S Nerlakere
605972,217178,S Nerlakere
605973,217163,Heggere
605974,217163,Heggere
605975,217178,S Nerlakere
605976,217178,S Nerlakere
605977,217178,S Nerlakere
605978,217178,S Nerlakere
605979,217178,S Nerlakere
605980,217178,S Nerlakere
605981,217172,Kurubarahalli
605982,217181,Thandaga
605983,217181,Thandaga
605984,217181,Thandaga
605985,217181,Thandaga
605986,217153,Belaguru
605987,217153,Belaguru
605988,217153,Belaguru
605989,217181,Thandaga
605990,217172,Kurubarahalli
605991,217172,Kurubarahalli
605992,217172,Kurubarahalli
605993,217172,Kurubarahalli
605994,217172,Kurubarahalli
605995,217163,Heggere
605996,217172,Kurubarahalli
605997,217163,Heggere
605998,217180,Srirampura
605999,217180,Srirampura
606000,217163,Heggere
606001,217180,Srirampura
606002,217178,S Nerlakere
606003,217170,Karehalli
606004,217171,Kellodu
606005,217170,Karehalli
606006,217170,Karehalli
606007,217170,Karehalli
606008,217170,Karehalli
606009,217170,Karehalli
606010,217170,Karehalli
606011,217170,Karehalli
606012,217177,Mathodu
606013,217177,Mathodu
606014,217177,Mathodu
606015,217161,Guddadanerlakere
606016,217161,Guddadanerlakere
606017,217161,Guddadanerlakere
606018,217161,Guddadanerlakere
606019,217161,Guddadanerlakere
606020,217161,Guddadanerlakere
606021,217161,Guddadanerlakere
606022,217168,Kanchipura
606023,217168,Kanchipura
606024,217161,Guddadanerlakere
606025,217161,Guddadanerlakere
606026,217177,Mathodu
606027,217168,Kanchipura
606028,217170,Karehalli
606029,217160,Doddathekalavatti
606030,217160,Doddathekalavatti
606031,217160,Doddathekalavatti
606032,217160,Doddathekalavatti
606033,217160,Doddathekalavatti
606034,217160,Doddathekalavatti
606035,217168,Kanchipura
606036,217168,Kanchipura
606037,217168,Kanchipura
606038,217155,Chikkabyladakere
606039,217168,Kanchipura
606040,217168,Kanchipura
606041,217168,Kanchipura
606042,217168,Kanchipura
606043,217155,Chikkabyladakere
606044,217155,Chikkabyladakere
606045,217155,Chikkabyladakere
606046,217091,Buruginarolppa
606047,217091,Buruginarolppa
606048,217091,Buruginarolppa
606049,217109,Maradihally
606050,217108,M.D.Kote
606051,217108,M.D.Kote
606052,217108,M.D.Kote
606053,217108,M.D.Kote
606054,217108,M.D.Kote
606055,217119,Yeraballi
606056,217119,Yeraballi
606057,217119,Yeraballi
606058,217108,M.D.Kote
606059,217109,Maradihally
606060,217101,Imangala
606061,217101,Imangala
606062,217101,Imangala
606063,217101,Imangala
606064,217101,Imangala
606065,217115,Suragondanahally
606066,217111,Metikurke
606067,217111,Metikurke
606068,217111,Metikurke
606069,217098,Harthikote
606070,217098,Harthikote
606071,217119,Yeraballi
606072,217119,Yeraballi
606073,217098,Harthikote
606074,217098,Harthikote
606075,217095,Gananaikanahally
606076,217111,Metikurke
606077,217115,Suragondanahally
606078,217115,Suragondanahally
606079,217115,Suragondanahally
606080,217115,Suragondanahally
606081,217115,Suragondanahally
606082,217115,Suragondanahally
606083,217111,Metikurke
606084,217111,Metikurke
606085,217095,Gananaikanahally
606086,217095,Gananaikanahally
606087,217095,Gananaikanahally
606088,217114,Rangenahally
606089,217114,Rangenahally
606090,217114,Rangenahally
606091,217088,Abbenahole
606092,217114,Rangenahally
606093,217114,Rangenahally
606094,217114,Rangenahally
606095,272697,Byadarahalli
606096,272697,Byadarahalli
606097,217088,Abbenahole
606098,217088,Abbenahole
606099,217088,Abbenahole
606100,217088,Abbenahole
606101,217097,Hariyebbe
606102,217097,Hariyebbe
606103,217104,Kanajanahalli
606104,217106,Khandenahally
606105,217106,Khandenahally
606106,217112,P.D.Kote
606107,217112,P.D.Kote
606108,217092,Dharampura
606109,217092,Dharampura
606110,217097,Hariyebbe
606111,217097,Hariyebbe
606112,217097,Hariyebbe
606113,217088,Abbenahole
606114,217094,Eshwaragere
606115,217088,Abbenahole
606116,272697,Byadarahalli
606117,217094,Eshwaragere
606118,217094,Eshwaragere
606119,217092,Dharampura
606120,217092,Dharampura
606121,217112,P.D.Kote
606122,217100,Ikkanur
606123,217100,Ikkanur
606124,217100,Ikkanur
606125,217100,Ikkanur
606126,217100,Ikkanur
606127,217100,Ikkanur
606128,217100,Ikkanur
606129,217100,Ikkanur
606130,217117,V.V.Pura
606131,217107,Kunikere
606132,217107,Kunikere
606133,217107,Kunikere
606134,217107,Kunikere
606135,217090,Babbur
606136,217090,Babbur
606137,217110,Maskal
606138,217099,Hosayelanadu
606139,217090,Babbur
606140,217090,Babbur
606141,217107,Kunikere
606142,217107,Kunikere
606143,217107,Kunikere
606144,217117,V.V.Pura
606145,217117,V.V.Pura
606146,217117,V.V.Pura
606147,217117,V.V.Pura
606148,217116,Uduvally
606149,217116,Uduvally
606150,217116,Uduvally
606151,217116,Uduvally
606152,217116,Uduvally
606153,217116,Uduvally
606154,217116,Uduvally
606155,217116,Uduvally
606156,217116,Uduvally
606157,217116,Uduvally
606158,217089,Adivala
606159,217099,Hosayelanadu
606160,217099,Hosayelanadu
606161,217089,Adivala
606162,217103,K R Hally
606163,217103,K R Hally
606164,217099,Hosayelanadu
606165,217094,Eshwaragere
606166,217113,Ranganathapura
606167,217113,Ranganathapura
606168,217113,Ranganathapura
606169,217113,Ranganathapura
606170,217103,K R Hally
606171,217103,K R Hally
606172,217103,K R Hally
606173,217096,Gowdanahally
606174,217096,Gowdanahally
606175,217103,K R Hally
606176,217089,Adivala
606177,217089,Adivala
606178,217096,Gowdanahally
606179,217096,Gowdanahally
606180,217116,Uduvally
606181,217096,Gowdanahally
606182,217096,Gowdanahally
606183,217093,Dindavara
606184,217096,Gowdanahally
606185,217102,Javanagondanahally
606186,217102,Javanagondanahally
606187,217102,Javanagondanahally
606188,217105,Kariyala
606189,217105,Kariyala
606190,217093,Dindavara
606191,217093,Dindavara
606192,217118,Yelladakere
606193,217118,Yelladakere
606194,217118,Yelladakere
606195,217118,Yelladakere
606196,217118,Yelladakere
606197,217118,Yelladakere
606198,217118,Yelladakere
606199,217093,Dindavara
606200,217093,Dindavara
606201,217093,Dindavara
606202,217093,Dindavara
606203,217093,Dindavara
606204,217561,Yelehole
606205,217561,Yelehole
606206,217555,Nandigavi
606207,217555,Nandigavi
606208,217555,Nandigavi
606209,217555,Nandigavi
606210,217560,Yelavatti
606211,217546,Holesirigere
606212,217561,Yelehole
606213,273038,Ukkadagathri
606214,217561,Yelehole
606215,217549,Kadaranayakanahalli
606216,217559,Vasana
606218,273038,Ukkadagathri
606219,217549,Kadaranayakanahalli
606220,217560,Yelavatti
606221,217547,Jigali
606222,217550,Kokkanur
606223,217550,Kokkanur
606224,217550,Kokkanur
606225,217559,Vasana
606226,273038,Ukkadagathri
606227,217550,Kokkanur
606228,217550,Kokkanur
606229,217550,Kokkanur
606230,217547,Jigali
606231,217547,Jigali
606232,217552,Kumbalur
606233,217553,Kunibelekere
606234,217553,Kunibelekere
606235,217540,Devarabelakere
606236,217540,Devarabelakere
606237,217552,Kumbalur
606239,217542,Halivana
606240,217542,Halivana
606241,217542,Halivana
606242,217542,Halivana
606243,217542,Halivana
606244,217544,Haralahalli
606245,217544,Haralahalli
606246,217544,Haralahalli
606247,217544,Haralahalli
606248,217544,Haralahalli
606249,217556,Rajanahalli
606250,217556,Rajanahalli
606251,217556,Rajanahalli
606252,217543,Hanagavadi
606253,217556,Rajanahalli
606254,217556,Rajanahalli
606255,217538,Banuvalli
606256,217538,Banuvalli
606257,217560,Yelavatti
606258,217539,Belludi
606259,217539,Belludi
606260,217539,Belludi
606261,217543,Hanagavadi
606262,217543,Hanagavadi
606265,217558,Sarati
606266,217558,Sarati
606267,217558,Sarati
606268,217558,Sarati
606269,217551,Kondajji
606270,217551,Kondajji
606271,217558,Sarati
606272,217551,Kondajji
606273,217551,Kondajji
606274,217551,Kondajji
606275,217551,Kondajji
606277,217558,Sarati
606278,217543,Hanagavadi
606279,217543,Hanagavadi
606280,217537,Bannikodu
606281,217537,Bannikodu
606282,217548,K Bevenahalli
606283,217548,K Bevenahalli
606284,217548,K Bevenahalli
606285,217540,Devarabelakere
606286,217557,Salkatte
606287,217557,Salkatte
606291,217513,Harakanahall
606292,217513,Harakanahall
606293,217513,Harakanahall
606294,217513,Harakanahall
606295,217513,Harakanahall
606296,217522,Madligere
606297,217535,Togarikatte
606298,217535,Togarikatte
606299,217526,Neelagunda
606300,217526,Neelagunda
606301,217526,Neelagunda
606302,217535,Togarikatte
606303,217520,Koolahalli
606304,217520,Koolahalli
606305,217506,Bhagali
606306,217506,Bhagali
606307,217506,Bhagali
606308,217506,Bhagali
606309,217502,Adavihalli
606310,217502,Adavihalli
606311,217525,Nandibehuru
606312,217525,Nandibehuru
606313,217525,Nandibehuru
606314,217524,Mydur
606315,217508,Chigateri
606316,217524,Mydur
606317,217505,Bennehalli
606318,217505,Bennehalli
606319,217505,Bennehalli
606320,217505,Bennehalli
606321,217527,Nichchvvanahalli
606322,217511,Gundagatti
606323,217527,Nichchvvanahalli
606324,217518,Kadabagere
606325,217518,Kadabagere
606326,217518,Kadabagere
606327,217531,Sasvihalli
606328,217523,Mathihalli
606329,217523,Mathihalli
606330,217531,Sasvihalli
606331,217521,Kunachur
606332,217517,K.Kallahalli
606333,217517,K.Kallahalli
606334,217521,Kunachur
606335,217512,Halavagalu
606336,217528,Nittur
606337,217528,Nittur
606338,217528,Nittur
606339,272699,Kadathi
606340,217528,Nittur
606341,217509,Chirasthahalli
606342,217509,Chirasthahalli
606343,217509,Chirasthahalli
606344,217526,Neelagunda
606345,217511,Gundagatti
606346,217536,Yadihalli
606347,217536,Yadihalli
606348,217533,Teligi
606349,217510,Duggavathi
606350,217530,Ragimasalawada
606351,217530,Ragimasalawada
606352,217534,Thouduru
606353,217534,Thouduru
606354,217504,Arasikeri
606355,217504,Arasikeri
606356,217515,Hosakote
606357,217515,Hosakote
606358,217503,Anajigere
606359,217503,Anajigere
606360,217529,Punabhagatta
606361,217529,Punabhagatta
606362,217519,Kanchikeri
606363,217519,Kanchikeri
606364,217532,Shingrihalli
606365,272701,Lakshmipura
606366,272701,Lakshmipura
606367,217514,Hiremagalagere
606368,217516,Huchhangidurga
606369,217507,Chatnihalli
606370,217507,Chatnihalli
606371,217611,Basavanakote
606372,217611,Basavanakote
606373,217618,Gurusiddapura
606374,217618,Gurusiddapura
606375,217618,Gurusiddapura
606376,217611,Basavanakote
606377,217616,Diddige
606378,217616,Diddige
606379,217611,Basavanakote
606380,217611,Basavanakote
606381,217611,Basavanakote
606382,217629,Sokke
606383,217629,Sokke
606384,217629,Sokke
606385,217629,Sokke
606386,217618,Gurusiddapura
606387,217623,Hosakere
606388,217613,Bilichodu
606389,217623,Hosakere
606390,217623,Hosakere
606391,217623,Hosakere
606392,217623,Hosakere
606393,217623,Hosakere
606394,217618,Gurusiddapura
606395,217618,Gurusiddapura
606396,217625,Kechhenahalli
606397,217625,Kechhenahalli
606398,217625,Kechhenahalli
606399,217623,Hosakere
606400,217626,Kyasenahalli
606401,217626,Kyasenahalli
606402,217623,Hosakere
606403,217626,Kyasenahalli
606404,217615,Devikere
606405,217623,Hosakere
606406,217626,Kyasenahalli
606407,217626,Kyasenahalli
606408,217626,Kyasenahalli
606409,217626,Kyasenahalli
606410,217609,Anabur
606411,217609,Anabur
606412,217626,Kyasenahalli
606413,217626,Kyasenahalli
606414,217626,Kyasenahalli
606415,217626,Kyasenahalli
606416,217621,Hanumanthapura
606417,217625,Kechhenahalli
606418,217625,Kechhenahalli
606419,217625,Kechhenahalli
606420,217625,Kechhenahalli
606421,217625,Kechhenahalli
606422,217616,Diddige
606423,217616,Diddige
606424,217616,Diddige
606425,217616,Diddige
606426,217628,Pallagatte
606427,217628,Pallagatte
606428,217628,Pallagatte
606429,217616,Diddige
606430,217610,Asagodu
606431,217610,Asagodu
606432,217610,Asagodu
606433,217610,Asagodu
606434,217610,Asagodu
606435,217628,Pallagatte
606436,217628,Pallagatte
606437,217615,Devikere
606438,217615,Devikere
606439,217628,Pallagatte
606440,217628,Pallagatte
606441,217628,Pallagatte
606442,217610,Asagodu
606443,217610,Asagodu
606444,217613,Bilichodu
606445,217613,Bilichodu
606446,217613,Bilichodu
606448,217615,Devikere
606449,217615,Devikere
606450,217615,Devikere
606451,217615,Devikere
606452,217615,Devikere
606453,217615,Devikere
606454,217615,Devikere
606455,217615,Devikere
606456,217615,Devikere
606457,217614,Bistuvalli
606458,217614,Bistuvalli
606459,217614,Bistuvalli
606460,217614,Bistuvalli
606461,217614,Bistuvalli
606462,217614,Bistuvalli
606463,217619,Guttidurga
606464,217615,Devikere
606465,217615,Devikere
606466,217619,Guttidurga
606467,217615,Devikere
606468,217620,Halekallu
606469,217613,Bilichodu
606470,217620,Halekallu
606471,217620,Halekallu
606473,217620,Halekallu
606474,217620,Halekallu
606475,217620,Halekallu
606476,217620,Halekallu
606477,217619,Guttidurga
606478,217619,Guttidurga
606479,217619,Guttidurga
606480,217619,Guttidurga
606481,217619,Guttidurga
606482,217619,Guttidurga
606483,217621,Hanumanthapura
606484,217621,Hanumanthapura
606485,217621,Hanumanthapura
606486,217609,Anabur
606487,217609,Anabur
606488,217609,Anabur
606489,217609,Anabur
606490,217609,Anabur
606491,217621,Hanumanthapura
606492,217621,Hanumanthapura
606493,217621,Hanumanthapura
606494,217621,Hanumanthapura
606495,217609,Anabur
606496,217609,Anabur
606497,217609,Anabur
606499,217609,Anabur
606500,217622,Hiremallanahole
606501,217622,Hiremallanahole
606502,217622,Hiremallanahole
606503,217622,Hiremallanahole
606504,217622,Hiremallanahole
606505,217622,Hiremallanahole
606506,217622,Hiremallanahole
606507,217622,Hiremallanahole
606508,217622,Hiremallanahole
606509,217622,Hiremallanahole
606510,217622,Hiremallanahole
606511,217617,Donnehalli
606512,217617,Donnehalli
606513,217627,Mustur
606514,217627,Mustur
606515,217627,Mustur
606516,217617,Donnehalli
606517,217617,Donnehalli
606518,217617,Donnehalli
606519,217630,Thoranagatte
606520,217614,Bistuvalli
606521,217614,Bistuvalli
606522,217614,Bistuvalli
606523,217614,Bistuvalli
606524,217612,Biderakere
606525,217612,Biderakere
606526,217612,Biderakere
606527,217612,Biderakere
606528,217630,Thoranagatte
606529,217630,Thoranagatte
606530,217630,Thoranagatte
606531,217630,Thoranagatte
606532,217624,Kalledevarapura
606533,217630,Thoranagatte
606534,217630,Thoranagatte
606535,217617,Donnehalli
606536,217617,Donnehalli
606537,217624,Kalledevarapura
606538,217624,Kalledevarapura
606539,217624,Kalledevarapura
606540,217624,Kalledevarapura
606541,217624,Kalledevarapura
606542,217481,Iguru
606543,272698,Halebathi
606544,272698,Halebathi
606545,217472,Doddabati
606546,217467,Avaragolla
606547,217485,Kakkaragolla
606548,217485,Kakkaragolla
606549,217483,Kadlebalu
606550,217483,Kadlebalu
606551,217483,Kadlebalu
606552,217467,Avaragolla
606553,217467,Avaragolla
606554,217467,Avaragolla
606555,217483,Kadlebalu
606556,217482,Kadajji
606557,217471,Beturu
606558,217482,Kadajji
606559,217462,Aluru
606560,217482,Kadajji
606561,217469,Basavanalu
606562,217469,Basavanalu
606563,217469,Basavanalu
606564,217500,Shiramagondanahally
606565,217500,Shiramagondanahally
606566,217496,Mudahadadi
606567,217496,Mudahadadi
606568,217496,Mudahadadi
606569,217470,Belavanuru
606570,217475,Hadadi
606571,217475,Hadadi
606572,217475,Hadadi
606573,217486,Kanagondanahalli
606574,217486,Kanagondanahalli
606575,217486,Kanagondanahalli
606576,217486,Kanagondanahalli
606577,217486,Kanagondanahalli
606578,217486,Kanagondanahalli
606579,217490,Kukkavada
606580,217490,Kukkavada
606581,217484,Kaidale
606582,217484,Kaidale
606583,217484,Kaidale
606584,217470,Belavanuru
606585,217470,Belavanuru
606586,217463,Anagodu
606587,217473,Gopnalu
606588,217480,Hunnuru
606589,217481,Iguru
606590,217481,Iguru
606591,217469,Basavanalu
606592,217481,Iguru
606593,217481,Iguru
606594,272700,Sriramanagara
606595,217462,Aluru
606596,217464,Anaji
606597,217464,Anaji
606598,217464,Anaji
606599,217477,Hemmanabetur
606600,217477,Hemmanabetur
606601,217477,Hemmanabetur
606602,217477,Hemmanabetur
606603,217477,Hemmanabetur
606604,217479,Hulikatte
606605,217479,Hulikatte
606606,217464,Anaji
606607,217488,Kandavakovi
606608,217481,Iguru
606609,217481,Iguru
606610,217481,Iguru
606611,217480,Hunnuru
606612,217480,Hunnuru
606613,217501,Tolahunase
606614,217501,Tolahunase
606615,217491,Kurki
606616,217491,Kurki
606617,217501,Tolahunase
606618,217480,Hunnuru
606619,217480,Hunnuru
606620,217491,Kurki
606621,217463,Anagodu
606622,217463,Anagodu
606623,217488,Kandavakovi
606624,217472,Doddabati
606625,217488,Kandavakovi
606626,217474,Gudalu
606627,217488,Kandavakovi
606628,217488,Kandavakovi
606629,217463,Anagodu
606630,217463,Anagodu
606631,217498,Nerlige
606632,217498,Nerlige
606633,217498,Nerlige
606634,217476,Hebbalu
606635,217474,Gudalu
606636,217488,Kandavakovi
606637,217488,Kandavakovi
606638,217474,Gudalu
606639,217474,Gudalu
606640,217476,Hebbalu
606641,217476,Hebbalu
606642,217476,Hebbalu
606643,217476,Hebbalu
606644,217476,Hebbalu
606645,217476,Hebbalu
606646,217476,Hebbalu
606647,217498,Nerlige
606648,217497,Naraganahalli
606649,217497,Naraganahalli
606650,217497,Naraganahalli
606651,217497,Naraganahalli
606652,217497,Naraganahalli
606653,217473,Gopnalu
606654,217484,Kaidale
606655,217484,Kaidale
606656,217473,Gopnalu
606657,217491,Kurki
606658,217491,Kurki
606659,217491,Kurki
606660,217478,Huchchavanahally
606661,217498,Nerlige
606662,217489,Kudaganuru
606663,217498,Nerlige
606664,217489,Kudaganuru
606665,217497,Naraganahalli
606666,217489,Kudaganuru
606667,217489,Kudaganuru
606668,217489,Kudaganuru
606669,217491,Kurki
606670,217478,Huchchavanahally
606671,217478,Huchchavanahally
606672,217478,Huchchavanahally
606673,217478,Huchchavanahally
606674,217478,Huchchavanahally
606675,217478,Huchchavanahally
606676,217478,Huchchavanahally
606677,217495,Mayakonda
606678,217465,Anberu
606679,217466,Attigere
606680,217466,Attigere
606681,217489,Kudaganuru
606682,217466,Attigere
606683,217466,Attigere
606684,217466,Attigere
606685,217493,Malalkere
606686,217492,Lokikere
606687,217484,Kaidale
606688,217492,Lokikere
606689,217490,Kukkavada
606690,217494,Matthi
606691,217494,Matthi
606692,217494,Matthi
606693,217499,Shaygale
606694,217499,Shaygale
606695,217487,Kandagallu
606696,217499,Shaygale
606697,217493,Malalkere
606698,217468,Bada
606699,217468,Bada
606700,217468,Bada
606701,217468,Bada
606702,217465,Anberu
606703,217465,Anberu
606704,217465,Anberu
606705,217465,Anberu
606706,217465,Anberu
606707,217478,Huchchavanahally
606708,217577,Guddehalli
606709,217577,Guddehalli
606710,217577,Guddehalli
606711,217577,Guddehalli
606712,217577,Guddehalli
606713,217566,Belagutti
606714,217566,Belagutti
606715,217573,Chinnikatte
606716,217573,Chinnikatte
606717,217573,Chinnikatte
606718,217573,Chinnikatte
606719,217573,Chinnikatte
606720,217573,Chinnikatte
606721,217573,Chinnikatte
606722,217573,Chinnikatte
606723,217573,Chinnikatte
606724,217573,Chinnikatte
606725,217573,Chinnikatte
606726,217573,Chinnikatte
606727,217566,Belagutti
606728,217608,Yaraganahal
606729,217608,Yaraganahal
606730,217602,Savalanga
606731,217602,Savalanga
606732,217602,Savalanga
606733,217602,Savalanga
606734,217608,Yaraganahal
606735,217603,Surahonne
606737,217574,Ganganakote
606738,217574,Ganganakote
606739,217594,Kunkova
606740,217594,Kunkova
606741,217599,Palavanahalli
606742,217603,Surahonne
606743,217602,Savalanga
606744,217602,Savalanga
606745,217570,Chatnihalli
606746,217570,Chatnihalli
606747,217570,Chatnihalli
606748,217599,Palavanahalli
606749,217599,Palavanahalli
606750,217599,Palavanahalli
606751,217599,Palavanahalli
606752,217594,Kunkova
606753,217594,Kunkova
606754,217594,Kunkova
606755,217606,Vaderahathuru
606756,217606,Vaderahathuru
606757,217606,Vaderahathuru
606758,217587,Kathige
606759,217587,Kathige
606760,217604,Suraturu
606761,217604,Suraturu
606762,217588,Kenchikoppa
606763,217588,Kenchikoppa
606764,217574,Ganganakote
606765,217565,Basavanahalli
606766,217562,Arabhagatta
606767,217604,Suraturu
606768,217579,H.Kadadakatte
606769,217578,H.Gopagundanahalli
606770,217582,Hathur
606771,217582,Hathur
606772,217582,Hathur
606773,217578,H.Gopagundanahalli
606774,217578,H.Gopagundanahalli
606775,217580,Hanumasagara
606776,217583,Hiregonigere
606777,217583,Hiregonigere
606778,217583,Hiregonigere
606779,217583,Hiregonigere
606780,217567,Belimalluru
606781,217568,Benakanahalli
606782,217563,Arakere
606783,217563,Arakere
606784,217596,Masadi
606785,217567,Belimalluru
606786,217596,Masadi
606787,217596,Masadi
606788,217596,Masadi
606789,217586,Kammaragatta
606790,217586,Kammaragatta
606791,217586,Kammaragatta
606792,217605,Thimmalapur
606793,217605,Thimmalapur
606794,217586,Kammaragatta
606795,217605,Thimmalapur
606796,217605,Thimmalapur
606797,217605,Thimmalapur
606798,217605,Thimmalapur
606799,217593,Kunduru
606800,217607,Yakkanahalli
606801,217607,Yakkanahalli
606802,217607,Yakkanahalli
606803,217564,Bannikodu
606804,217564,Bannikodu
606805,217597,Mukthenhalli
606806,217597,Mukthenhalli
606807,217597,Mukthenhalli
606808,217591,Kulambi
606809,217592,Kumbalur
606810,217592,Kumbalur
606811,217588,Kenchikoppa
606812,217582,Hathur
606813,217578,H.Gopagundanahalli
606814,217580,Hanumasagara
606815,217580,Hanumasagara
606816,217580,Hanumasagara
606817,217580,Hanumasagara
606818,217580,Hanumasagara
606821,217562,Arabhagatta
606822,217562,Arabhagatta
606823,217579,H.Kadadakatte
606825,217579,H.Kadadakatte
606826,217579,H.Kadadakatte
606827,217581,Haralahalli
606828,217581,Haralahalli
606829,217565,Basavanahalli
606830,217576,Govinakovi
606831,217574,Ganganakote
606832,217574,Ganganakote
606833,217574,Ganganakote
606834,217574,Ganganakote
606835,217576,Govinakovi
606836,217576,Govinakovi
606837,217571,Chi. Kadadakatte
606838,217571,Chi. Kadadakatte
606839,217571,Chi. Kadadakatte
606840,217571,Chi. Kadadakatte
606841,217571,Chi. Kadadakatte
606842,217606,Vaderahathuru
606843,217572,Chiluru
606844,217572,Chiluru
606845,217575,T Gopagondanahalli
606846,217575,T Gopagondanahalli
606847,217575,T Gopagondanahalli
606848,217575,T Gopagondanahalli
606849,217569,Biragondanahalli
606850,217569,Biragondanahalli
606851,217568,Benakanahalli
606852,217568,Benakanahalli
606853,217568,Benakanahalli
606854,217567,Belimalluru
606855,217569,Biragondanahalli
606856,217569,Biragondanahalli
606857,217600,Rampur
606858,217600,Rampur
606859,217600,Rampur
606860,217601,Sasvehalli
606861,217601,Sasvehalli
606862,217601,Sasvehalli
606863,217590,Kolaghatte
606864,217590,Kolaghatte
606865,217590,Kolaghatte
606866,217584,Hosahalli
606867,217584,Hosahalli
606868,217584,Hosahalli
606869,217584,Hosahalli
606870,217595,Lingapura
606871,217595,Lingapura
606872,217585,Hunsagatta
606873,217585,Hunsagatta
606874,217589,Kesanakere
606875,217589,Kesanakere
606876,217589,Kesanakere
606877,217589,Kesanakere
606878,217585,Hunsagatta
606879,217585,Hunsagatta
606880,217585,Hunsagatta
606881,217410,Daginakatte
606882,217410,Daginakatte
606883,217410,Daginakatte
606884,217438,Kotehal
606885,217404,Belalagere
606886,217404,Belalagere
606887,217404,Belalagere
606888,217438,Kotehal
606889,217404,Belalagere
606890,217438,Kotehal
606891,217438,Kotehal
606892,217438,Kotehal
606893,217427,Kamsagara
606894,217403,Basavapattana
606895,217403,Basavapattana
606896,217449,Nillogal
606897,217449,Nillogal
606898,217449,Nillogal
606899,217449,Nillogal
606900,217461,Vaddanal
606901,217416,Guddada Kumarana Halli
606902,217416,Guddada Kumarana Halli
606903,217453,Rudrapura
606904,217403,Basavapattana
606905,217427,Kamsagara
606906,217427,Kamsagara
606907,217427,Kamsagara
606908,217409,Chiradoni
606909,217407,Channeshapura
606910,217409,Chiradoni
606911,217427,Kamsagara
606912,217429,Kanivebilachi
606913,217429,Kanivebilachi
606914,217429,Kanivebilachi
606915,217429,Kanivebilachi
606916,217417,Haronahalli
606917,217453,Rudrapura
606918,217432,Kattalagere
606919,217432,Kattalagere
606920,217431,Kariganur
606921,217431,Kariganur
606922,217431,Kariganur
606923,217431,Kariganur
606924,217432,Kattalagere
606925,217460,Tyavanagi
606926,217460,Tyavanagi
606927,217460,Tyavanagi
606928,217445,Nalkudure
606929,217448,Navilehal
606930,217448,Navilehal
606931,217448,Navilehal
606932,217448,Navilehal
606933,217424,Kabbala
606934,217424,Kabbala
606935,217424,Kabbala
606936,217455,Siddanamatha
606937,217439,Lingadahalli
606938,217435,Kogaluru
606939,217435,Kogaluru
606940,217433,Kempanahalli
606941,217433,Kempanahalli
606942,217433,Kempanahalli
606943,217457,Tanigere
606944,217457,Tanigere
606945,217457,Tanigere
606946,217443,Medikere
606947,217443,Medikere
606948,217455,Siddanamatha
606949,217424,Kabbala
606950,217455,Siddanamatha
606951,217455,Siddanamatha
606952,217455,Siddanamatha
606953,217443,Medikere
606954,217443,Medikere
606955,217405,Belliganadu
606956,217435,Kogaluru
606957,217405,Belliganadu
606958,217405,Belliganadu
606959,217405,Belliganadu
606960,217454,Santhebennur
606961,217455,Siddanamatha
606962,217412,Doddabbigere
606963,217412,Doddabbigere
606964,217412,Doddabbigere
606965,217412,Doddabbigere
606966,217426,Kakanur
606967,217426,Kakanur
606968,217426,Kakanur
606969,217426,Kakanur
606970,217426,Kakanur
606971,217434,Kerebilachi
606972,217434,Kerebilachi
606973,217425,Kagathooru
606974,217456,Somlapura
606975,217424,Kabbala
606976,217441,Mallapura
606977,217430,Karekatte
606978,217441,Mallapura
606979,217441,Mallapura
606980,217430,Karekatte
606981,217436,Kondadahalli
606982,217436,Kondadahalli
606983,217436,Kondadahalli
606984,217456,Somlapura
606985,217425,Kagathooru
606986,217411,Devarahalli
606987,217411,Devarahalli
606988,217436,Kondadahalli
606989,217450,Nuggehalli
606990,217450,Nuggehalli
606991,217450,Nuggehalli
606992,217450,Nuggehalli
606993,217411,Devarahalli
606994,217411,Devarahalli
606995,217420,Hodigere
606996,217408,Chikkaganganur
606997,217450,Nuggehalli
606998,217408,Chikkaganganur
606999,217408,Chikkaganganur
607000,217437,Koratikere
607001,217437,Koratikere
607002,217420,Hodigere
607003,217416,Guddada Kumarana Halli
607004,217439,Lingadahalli
607005,217424,Kabbala
607006,217439,Lingadahalli
607007,217439,Lingadahalli
607008,217422,Ittigi
607009,217406,Bulasagara
607010,217406,Bulasagara
607011,217413,Duravigere
607012,217414,Garaga
607013,217414,Garaga
607014,217401,Agarabannihatti
607015,217406,Bulasagara
607016,217406,Bulasagara
607017,217422,Ittigi
607018,217422,Ittigi
607019,217447,Nalluru
607020,217447,Nalluru
607021,217419,Hiremalali
607022,217419,Hiremalali
607024,217439,Lingadahalli
607025,217419,Hiremalali
607026,217419,Hiremalali
607027,217419,Hiremalali
607028,217419,Hiremalali
607029,217419,Hiremalali
607030,217444,Mudigere
607031,217444,Mudigere
607032,217444,Mudigere
607033,217444,Mudigere
607034,217444,Mudigere
607035,217407,Channeshapura
607037,217419,Hiremalali
607038,217419,Hiremalali
607039,217419,Hiremalali
607040,217413,Duravigere
607041,217407,Channeshapura
607042,217407,Channeshapura
607043,217407,Channeshapura
607044,217407,Channeshapura
607045,217423,Joldal
607046,217402,Ajjihalli
607047,217402,Ajjihalli
607048,217402,Ajjihalli
607049,217402,Ajjihalli
607050,217444,Mudigere
607051,217414,Garaga
607052,217421,Honnebagi
607053,217421,Honnebagi
607054,217444,Mudigere
607055,217459,Thippagondanahalli
607056,217402,Ajjihalli
607057,217417,Haronahalli
607058,217417,Haronahalli
607059,217417,Haronahalli
607060,217423,Joldal
607061,217423,Joldal
607062,217417,Haronahalli
607063,217417,Haronahalli
607064,217453,Rudrapura
607065,217417,Haronahalli
607066,217416,Guddada Kumarana Halli
607067,217417,Haronahalli
607068,217459,Thippagondanahalli
607069,217459,Thippagondanahalli
607070,217459,Thippagondanahalli
607071,217452,Rajagondanahalli
607072,217452,Rajagondanahalli
607073,217452,Rajagondanahalli
607074,217459,Thippagondanahalli
607075,217421,Honnebagi
607076,217414,Garaga
607077,217414,Garaga
607078,217420,Hodigere
607079,217437,Koratikere
607080,217418,Hebbalagere
607081,217418,Hebbalagere
607082,217418,Hebbalagere
607083,217413,Duravigere
607084,217452,Rajagondanahalli
607085,217442,Maravanji
607086,217451,Pandomatti
607087,217452,Rajagondanahalli
607088,217421,Honnebagi
607089,217418,Hebbalagere
607090,217461,Vaddanal
607091,217428,Kanchiganal
607092,217461,Vaddanal
607093,217417,Haronahalli
607094,217428,Kanchiganal
607095,217428,Kanchiganal
607096,217428,Kanchiganal
607097,217415,Goppenahalli
607098,217415,Goppenahalli
607099,217440,Malahalu
607100,217442,Maravanji
607101,217442,Maravanji
607102,217442,Maravanji
607103,217442,Maravanji
607104,217446,Nallihankalu
607105,217446,Nallihankalu
607106,217446,Nallihankalu
607107,217446,Nallihankalu
607108,217446,Nallihankalu
607109,217446,Nallihankalu
607110,217446,Nallihankalu
607111,217446,Nallihankalu
607112,217414,Garaga
607113,217413,Duravigere
607114,217413,Duravigere
607115,217413,Duravigere
607116,217413,Duravigere
607117,217404,Belalagere
607118,217413,Duravigere
607119,217413,Duravigere
607120,217458,Tavarekere
607121,217458,Tavarekere
607122,217458,Tavarekere
607123,217446,Nallihankalu
607124,217446,Nallihankalu
607125,217458,Tavarekere
607126,217458,Tavarekere
607127,217446,Nallihankalu
607128,217458,Tavarekere
607129,217458,Tavarekere
607130,219907,Banukuli
607131,219907,Banukuli
607132,219907,Banukuli
607133,219907,Banukuli
607134,219911,Channagonda
607135,219911,Channagonda
607136,219907,Banukuli
607137,219907,Banukuli
607138,219910,Bhimaneri
607139,219905,Aralagodu
607140,219905,Aralagodu
607141,219905,Aralagodu
607142,219905,Aralagodu
607143,219905,Aralagodu
607144,219905,Aralagodu
607145,219932,Talavata
607146,219932,Talavata
607147,219932,Talavata
607148,219905,Aralagodu
607149,219905,Aralagodu
607150,219905,Aralagodu
607151,219905,Aralagodu
607152,219932,Talavata
607153,219905,Aralagodu
607154,219936,Yadajigalemane
607155,219936,Yadajigalemane
607156,219932,Talavata
607157,219913,Heggodu
607158,219931,Talaguppa
607159,219924,Maratturu
607160,219931,Talaguppa
607161,219924,Maratturu
607162,219918,Kandika
607163,219918,Kandika
607164,219924,Maratturu
607165,219924,Maratturu
607166,219924,Maratturu
607167,219919,Kanle
607168,219930,Syduru
607169,219930,Syduru
607170,219914,Herenelluru
607171,219914,Herenelluru
607172,219924,Maratturu
607173,219929,Shiravanthe
607174,219918,Kandika
607175,219918,Kandika
607176,219929,Shiravanthe
607177,219929,Shiravanthe
607178,219929,Shiravanthe
607179,219929,Shiravanthe
607180,219918,Kandika
607181,219918,Kandika
607182,219918,Kandika
607183,219936,Yadajigalemane
607184,219920,Keladi
607185,219925,Masuru
607186,219925,Masuru
607187,219923,Malve
607188,219920,Keladi
607189,219910,Bhimaneri
607190,219910,Bhimaneri
607191,219910,Bhimaneri
607192,219923,Malve
607193,219923,Malve
607194,219923,Malve
607195,219910,Bhimaneri
607196,219910,Bhimaneri
607197,219917,Kalmane
607198,219909,Bhimanakone
607199,219935,Ulluru
607200,219926,Nadakalasi
607201,219926,Nadakalasi
607202,219926,Nadakalasi
607203,219926,Nadakalasi
607204,219927,Padavagodu
607205,219927,Padavagodu
607206,219927,Padavagodu
607207,219926,Nadakalasi
607208,219926,Nadakalasi
607209,219935,Ulluru
607210,219935,Ulluru
607211,219935,Ulluru
607212,219935,Ulluru
607213,219935,Ulluru
607214,219935,Ulluru
607215,219935,Ulluru
607216,219935,Ulluru
607217,219935,Ulluru
607218,219935,Ulluru
607219,219935,Ulluru
607220,219915,Hirebilagunji
607221,219927,Padavagodu
607222,219927,Padavagodu
607223,219908,Baruru
607224,219908,Baruru
607225,219908,Baruru
607226,219908,Baruru
607227,219908,Baruru
607228,219908,Baruru
607229,219908,Baruru
607230,219915,Hirebilagunji
607231,219915,Hirebilagunji
607232,219915,Hirebilagunji
607233,219909,Bhimanakone
607234,219909,Bhimanakone
607235,219909,Bhimanakone
607236,219909,Bhimanakone
607237,219909,Bhimanakone
607238,219913,Heggodu
607239,219913,Heggodu
607240,219913,Heggodu
607241,219913,Heggodu
607242,219913,Heggodu
607243,219913,Heggodu
607244,219913,Heggodu
607245,219913,Heggodu
607246,219913,Heggodu
607247,219913,Heggodu
607248,219913,Heggodu
607249,219932,Talavata
607250,219935,Ulluru
607251,219935,Ulluru
607252,219935,Ulluru
607253,219935,Ulluru
607254,219935,Ulluru
607255,219916,Hosuru
607256,219916,Hosuru
607257,219916,Hosuru
607258,219916,Hosuru
607259,219916,Hosuru
607260,219916,Hosuru
607261,219916,Hosuru
607262,219916,Hosuru
607263,219915,Hirebilagunji
607264,219915,Hirebilagunji
607265,219934,Tyagarthi
607266,219934,Tyagarthi
607267,219934,Tyagarthi
607268,219934,Tyagarthi
607269,219934,Tyagarthi
607270,219915,Hirebilagunji
607271,219915,Hirebilagunji
607272,219916,Hosuru
607273,219917,Kalmane
607274,219937,Yadehalli
607275,219937,Yadehalli
607276,219937,Yadehalli
607277,219937,Yadehalli
607278,219937,Yadehalli
607279,219904,Anandapura
607280,219904,Anandapura
607281,219912,Gowthamapura
607282,219912,Gowthamapura
607283,219912,Gowthamapura
607284,219912,Gowthamapura
607285,219934,Tyagarthi
607286,219912,Gowthamapura
607287,219912,Gowthamapura
607288,219912,Gowthamapura
607289,219912,Gowthamapura
607290,219912,Gowthamapura
607291,219904,Anandapura
607292,219904,Anandapura
607293,219937,Yadehalli
607294,219937,Yadehalli
607295,219903,Achapura
607296,219903,Achapura
607297,219903,Achapura
607298,219903,Achapura
607299,219903,Achapura
607300,219903,Achapura
607301,219936,Yadajigalemane
607302,219936,Yadajigalemane
607303,219936,Yadajigalemane
607304,219936,Yadajigalemane
607305,219921,Koluru
607306,219921,Koluru
607307,219921,Koluru
607308,219921,Koluru
607309,219921,Koluru
607310,219921,Koluru
607311,219936,Yadajigalemane
607312,219936,Yadajigalemane
607313,219936,Yadajigalemane
607314,219906,Avinahalli
607315,219906,Avinahalli
607316,219906,Avinahalli
607317,219921,Koluru
607318,219921,Koluru
607319,219921,Koluru
607320,219921,Koluru
607321,219921,Koluru
607322,219906,Avinahalli
607323,219906,Avinahalli
607324,219906,Avinahalli
607325,219917,Kalmane
607326,219917,Kalmane
607327,219936,Yadajigalemane
607328,219936,Yadajigalemane
607329,219917,Kalmane
607330,219917,Kalmane
607331,219917,Kalmane
607332,219917,Kalmane
607333,219917,Kalmane
607334,219917,Kalmane
607335,219909,Bhimanakone
607336,219916,Hosuru
607337,219906,Avinahalli
607338,219921,Koluru
607339,219921,Koluru
607340,219913,Heggodu
607341,219913,Heggodu
607342,219911,Channagonda
607343,219911,Channagonda
607344,219933,Tumari
607345,219933,Tumari
607346,219933,Tumari
607347,219922,Kudaruru
607348,219922,Kudaruru
607349,219911,Channagonda
607350,219922,Kudaruru
607351,219922,Kudaruru
607352,219933,Tumari
607353,219933,Tumari
607354,219933,Tumari
607355,219933,Tumari
607356,219933,Tumari
607357,219933,Tumari
607358,219928,Sannashanubhog
607359,219928,Sannashanubhog
607360,219928,Sannashanubhog
607361,219928,Sannashanubhog
607362,219928,Sannashanubhog
607363,219933,Tumari
607364,219933,Tumari
607365,219933,Tumari
607366,219933,Tumari
607367,219933,Tumari
607368,220050,Thelagunda
607369,220049,Talagaddi
607370,220047,Shakunavalli
607371,220047,Shakunavalli
607372,220049,Talagaddi
607373,220049,Talagaddi
607374,220050,Thelagunda
607375,220050,Thelagunda
607376,220036,Jade
607377,220050,Thelagunda
607378,220036,Jade
607379,220050,Thelagunda
607380,220049,Talagaddi
607381,220049,Talagaddi
607382,220049,Talagaddi
607383,220049,Talagaddi
607384,220049,Talagaddi
607385,220047,Shakunavalli
607386,220047,Shakunavalli
607387,220047,Shakunavalli
607388,220047,Shakunavalli
607389,220047,Shakunavalli
607390,220049,Talagaddi
607391,220049,Talagaddi
607392,220050,Thelagunda
607393,220050,Thelagunda
607394,220036,Jade
607395,220036,Jade
607396,220036,Jade
607397,220036,Jade
607398,220036,Jade
607399,220036,Jade
607400,220036,Jade
607401,220036,Jade
607402,220036,Jade
607403,220037,Katuvalli
607404,220037,Katuvalli
607405,220018,Agasanahalli
607406,220018,Agasanahalli
607407,220018,Agasanahalli
607408,220018,Agasanahalli
607409,220018,Agasanahalli
607410,220042,Mudi--Doddikoppa
607412,220034,Hurali
607414,220018,Agasanahalli
607416,220037,Katuvalli
607417,220037,Katuvalli
607418,220037,Katuvalli
607419,220023,Chandragutti
607420,220037,Katuvalli
607421,220025,Dyavanahalli
607427,220034,Hurali
607428,220034,Hurali
607429,220034,Hurali
607431,220056,Ennekoppa
607432,220056,Ennekoppa
607433,220056,Ennekoppa
607434,220056,Ennekoppa
607435,220034,Hurali
607436,220056,Ennekoppa
607437,220029,Hanchi
607438,220056,Ennekoppa
607439,220056,Ennekoppa
607440,220056,Ennekoppa
607441,220052,Tatturu
607442,220052,Tatturu
607443,220029,Hanchi
607444,220029,Hanchi
607445,220029,Hanchi
607446,220020,Barangi
607447,220020,Barangi
607448,220020,Barangi
607449,220020,Barangi
607450,220020,Barangi
607451,220029,Hanchi
607452,220020,Barangi
607453,220026,Gendla
607454,220037,Katuvalli
607455,220025,Dyavanahalli
607456,220025,Dyavanahalli
607457,220025,Dyavanahalli
607458,220025,Dyavanahalli
607459,220053,Tavanandi
607460,220025,Dyavanahalli
607461,220025,Dyavanahalli
607462,220025,Dyavanahalli
607463,220026,Gendla
607464,220026,Gendla
607465,220026,Gendla
607466,220026,Gendla
607467,220026,Gendla
607468,220026,Gendla
607469,220026,Gendla
607470,220025,Dyavanahalli
607471,220053,Tavanandi
607472,220044,Nisarani
607473,220053,Tavanandi
607474,220053,Tavanandi
607475,220053,Tavanandi
607476,220053,Tavanandi
607477,220053,Tavanandi
607478,220040,Kuppagadde
607479,220040,Kuppagadde
607480,220054,Udri
607481,220054,Udri
607482,220040,Kuppagadde
607483,220040,Kuppagadde
607484,220040,Kuppagadde
607485,220026,Gendla
607486,220026,Gendla
607487,220026,Gendla
607488,220026,Gendla
607489,220026,Gendla
607490,220026,Gendla
607491,220054,Udri
607492,220027,Guduvi
607493,220052,Tatturu
607494,220052,Tatturu
607495,220052,Tatturu
607496,220052,Tatturu
607497,220052,Tatturu
607498,220030,Harishi
607499,220030,Harishi
607500,220030,Harishi
607501,220030,Harishi
607502,220030,Harishi
607503,220021,Bennur
607504,220030,Harishi
607505,220030,Harishi
607506,220030,Harishi
607507,220030,Harishi
607508,220030,Harishi
607509,220021,Bennur
607510,220030,Harishi
607511,220030,Harishi
607512,220021,Bennur
607513,220021,Bennur
607514,220021,Bennur
607515,220021,Bennur
607516,220021,Bennur
607517,220045,Nyarsi
607518,220021,Bennur
607519,220030,Harishi
607520,220023,Chandragutti
607521,220045,Nyarsi
607522,220045,Nyarsi
607523,220045,Nyarsi
607524,220045,Nyarsi
607525,220045,Nyarsi
607526,220023,Chandragutti
607527,220037,Katuvalli
607528,220023,Chandragutti
607529,220023,Chandragutti
607530,220023,Chandragutti
607531,220023,Chandragutti
607532,220031,Heche
607533,220043,Mutuguppe
607534,220043,Mutuguppe
607535,220043,Mutuguppe
607536,220043,Mutuguppe
607537,220043,Mutuguppe
607538,220043,Mutuguppe
607539,220043,Mutuguppe
607540,220027,Guduvi
607541,220027,Guduvi
607542,220027,Guduvi
607543,220031,Heche
607544,220031,Heche
607545,220027,Guduvi
607546,220052,Tatturu
607547,220027,Guduvi
607548,220027,Guduvi
607549,220053,Tavanandi
607550,220027,Guduvi
607551,220031,Heche
607552,220031,Heche
607553,220043,Mutuguppe
607554,220031,Heche
607555,220053,Tavanandi
607556,220053,Tavanandi
607557,220053,Tavanandi
607559,220031,Heche
607560,220043,Mutuguppe
607566,220054,Udri
607570,272954,Andige
607571,272954,Andige
607572,272954,Andige
607573,272954,Andige
607574,220054,Udri
607575,220054,Udri
607576,272954,Andige
607577,220041,Mavali
607578,220041,Mavali
607579,220041,Mavali
607580,272954,Andige
607581,220041,Mavali
607582,220041,Mavali
607583,220022,Bilavalni
607584,220022,Bilavalni
607585,220022,Bilavalni
607586,220022,Bilavalni
607587,220022,Bilavalni
607588,220022,Bilavalni
607589,220022,Bilavalni
607590,220022,Bilavalni
607591,220041,Mavali
607592,220041,Mavali
607593,220041,Mavali
607594,220033,Hosabale
607595,220033,Hosabale
607596,220033,Hosabale
607597,220033,Hosabale
607598,220044,Nisarani
607599,220044,Nisarani
607600,220044,Nisarani
607601,220044,Nisarani
607602,220033,Hosabale
607603,220033,Hosabale
607604,220033,Hosabale
607605,220033,Hosabale
607606,220033,Hosabale
607607,220033,Hosabale
607608,220033,Hosabale
607609,220033,Hosabale
607610,220033,Hosabale
607611,220044,Nisarani
607612,220044,Nisarani
607613,220044,Nisarani
607614,220044,Nisarani
607615,220044,Nisarani
607616,220044,Nisarani
607617,220055,Ulavi
607618,220032,Heggodu
607619,220032,Heggodu
607620,220032,Heggodu
607621,220032,Heggodu
607622,220032,Heggodu
607623,220032,Heggodu
607624,220032,Heggodu
607625,220032,Heggodu
607626,220055,Ulavi
607627,220055,Ulavi
607628,220044,Nisarani
607629,220044,Nisarani
607630,272956,Duguru
607631,272956,Duguru
607632,272956,Duguru
607633,220044,Nisarani
607634,272956,Duguru
607635,220055,Ulavi
607636,272956,Duguru
607637,272956,Duguru
607638,272956,Duguru
607639,272956,Duguru
607640,272956,Duguru
607641,272956,Duguru
607642,272956,Duguru
607643,220055,Ulavi
607644,220055,Ulavi
607645,220048,Shigga
607646,220048,Shigga
607647,220032,Heggodu
607648,220032,Heggodu
607649,220032,Heggodu
607650,220048,Shigga
607651,220048,Shigga
607652,220048,Shigga
607653,220055,Ulavi
607654,220055,Ulavi
607655,220055,Ulavi
607656,220055,Ulavi
607657,220035,Induvalli
607658,220048,Shigga
607659,220048,Shigga
607660,220048,Shigga
607661,220048,Shigga
607662,220035,Induvalli
607663,220035,Induvalli
607664,220024,Chitturu
607665,220035,Induvalli
607666,220035,Induvalli
607667,220035,Induvalli
607668,220035,Induvalli
607669,220024,Chitturu
607670,220024,Chitturu
607671,220024,Chitturu
607672,220024,Chitturu
607673,220024,Chitturu
607674,219947,Chikkamagadi
607675,219947,Chikkamagadi
607676,219938,Inam Agraharamuchadi
607677,219938,Inam Agraharamuchadi
607678,219966,Malavalli
607679,219966,Malavalli
607680,219938,Inam Agraharamuchadi
607681,219938,Inam Agraharamuchadi
607682,219938,Inam Agraharamuchadi
607683,219972,Narasapura
607684,219972,Narasapura
607685,219972,Narasapura
607686,219972,Narasapura
607687,219947,Chikkamagadi
607688,219979,Thogarsi
607689,219979,Thogarsi
607690,219972,Narasapura
607691,219945,Bilaki
607692,219965,Koratigere
607693,219965,Koratigere
607694,219966,Malavalli
607695,219965,Koratigere
607696,219975,Sunnadakoppa
607697,219965,Koratigere
607698,219977,Thalagunda
607699,219977,Thalagunda
607700,219945,Bilaki
607701,219945,Bilaki
607702,219979,Thogarsi
607703,219979,Thogarsi
607704,219954,Harigi
607705,219954,Harigi
607706,219954,Harigi
607707,219954,Harigi
607708,219954,Harigi
607709,219944,Belagavi
607710,219979,Thogarsi
607711,219979,Thogarsi
607712,219944,Belagavi
607713,219977,Thalagunda
607714,219977,Thalagunda
607715,219977,Thalagunda
607716,219944,Belagavi
607717,219977,Thalagunda
607718,219967,Manchikoppa
607719,219965,Koratigere
607720,219975,Sunnadakoppa
607721,219975,Sunnadakoppa
607722,219975,Sunnadakoppa
607723,219975,Sunnadakoppa
607724,219967,Manchikoppa
607725,219967,Manchikoppa
607726,219967,Manchikoppa
607729,219967,Manchikoppa
607730,219946,Chikkajamburu
607731,219946,Chikkajamburu
607732,219946,Chikkajamburu
607733,219953,Guddadathummenakatte
607734,219953,Guddadathummenakatte
607735,219946,Chikkajamburu
607736,219946,Chikkajamburu
607737,219956,Herejamburu
607738,219980,Udagani
607742,219980,Udagani
607743,219978,Tharalagatta
607744,219956,Herejamburu
607745,219956,Herejamburu
607746,219956,Herejamburu
607747,219956,Herejamburu
607748,219956,Herejamburu
607749,219953,Guddadathummenakatte
607750,219956,Herejamburu
607751,219956,Herejamburu
607752,219940,Ambaragoppa
607753,219940,Ambaragoppa
607754,219940,Ambaragoppa
607755,219940,Ambaragoppa
607756,219959,Jakkanahalli
607757,219959,Jakkanahalli
607758,219959,Jakkanahalli
607759,219939,Amatekoppa
607760,219939,Amatekoppa
607761,219939,Amatekoppa
607762,219939,Amatekoppa
607763,219939,Amatekoppa
607764,219939,Amatekoppa
607765,219963,Kappanahalli
607766,219973,Nelavagilu
607767,219963,Kappanahalli
607768,219963,Kappanahalli
607769,219963,Kappanahalli
607770,219963,Kappanahalli
607771,219971,Mudubasiddapura
607772,219971,Mudubasiddapura
607773,219971,Mudubasiddapura
607774,219974,Saluru
607775,219974,Saluru
607776,219941,Arasinagere
607777,219971,Mudubasiddapura
607778,272948,Hothana Katte
607779,272948,Hothana Katte
607780,272948,Hothana Katte
607781,219953,Guddadathummenakatte
607782,219969,Mattikote
607783,219953,Guddadathummenakatte
607784,219969,Mattikote
607785,219951,Goddanakoppa
607786,219951,Goddanakoppa
607787,219973,Nelavagilu
607788,219973,Nelavagilu
607789,219973,Nelavagilu
607790,219943,Beguru
607791,219943,Beguru
607792,219942,Baganakatte
607793,219964,Kittadahalli
607794,219964,Kittadahalli
607795,219964,Kittadahalli
607796,219968,Maravalli
607797,219942,Baganakatte
607798,219942,Baganakatte
607799,219958,Hosuru
607800,219970,Muddanahalli
607801,219970,Muddanahalli
607802,219970,Muddanahalli
607803,219978,Tharalagatta
607804,219978,Tharalagatta
607805,219970,Muddanahalli
607806,219970,Muddanahalli
607807,219970,Muddanahalli
607808,219958,Hosuru
607809,219952,Gogga
607810,219961,Kaginalli
607811,219968,Maravalli
607812,219961,Kaginalli
607813,219960,Jakkinakoppa
607814,219960,Jakkinakoppa
607815,219960,Jakkinakoppa
607816,219952,Gogga
607817,219958,Hosuru
607818,219958,Hosuru
607819,219974,Saluru
607820,219950,Gama
607821,219980,Udagani
607822,219948,Churchugundi
607823,219949,Esuru
607824,219949,Esuru
607825,219941,Arasinagere
607826,219941,Arasinagere
607827,219941,Arasinagere
607828,219962,Kalmane
607829,219957,Hittala
607830,219957,Hittala
607831,219948,Churchugundi
607832,219948,Churchugundi
607833,219978,Tharalagatta
607834,219978,Tharalagatta
607835,219978,Tharalagatta
607836,219955,Harogoppa
607837,219955,Harogoppa
607838,219955,Harogoppa
607839,219955,Harogoppa
607840,219955,Harogoppa
607841,219955,Harogoppa
607842,219955,Harogoppa
607843,219955,Harogoppa
607844,219955,Harogoppa
607845,219955,Harogoppa
607846,219955,Harogoppa
607847,219955,Harogoppa
607848,219955,Harogoppa
607849,219955,Harogoppa
607850,219896,Nitturu
607851,219896,Nitturu
607852,219896,Nitturu
607853,219896,Nitturu
607854,219896,Nitturu
607855,219896,Nitturu
607856,219896,Nitturu
607857,219896,Nitturu
607858,219896,Nitturu
607859,219896,Nitturu
607860,219896,Nitturu
607861,219886,Jeni
607862,219886,Jeni
607863,219886,Jeni
607864,219886,Jeni
607865,219886,Jeni
607866,219886,Jeni
607867,219886,Jeni
607868,219886,Jeni
607869,219887,Karimane
607870,219893,Melinabesige
607871,219893,Melinabesige
607872,219893,Melinabesige
607873,219893,Melinabesige
607874,219893,Melinabesige
607875,219893,Melinabesige
607876,219890,M.Guddekoppa
607877,219890,M.Guddekoppa
607878,219890,M.Guddekoppa
607879,219890,M.Guddekoppa
607880,219890,M.Guddekoppa
607881,219886,Jeni
607882,219886,Jeni
607883,219886,Jeni
607884,219886,Jeni
607885,219886,Jeni
607886,219891,Maruthipura
607887,219891,Maruthipura
607888,219891,Maruthipura
607889,219891,Maruthipura
607890,219882,Haridravathi
607891,219891,Maruthipura
607892,219886,Jeni
607893,219891,Maruthipura
607894,219890,M.Guddekoppa
607895,219894,Mumbaru
607896,219894,Mumbaru
607897,219891,Maruthipura
607898,219891,Maruthipura
607899,219891,Maruthipura
607900,219882,Haridravathi
607901,219891,Maruthipura
607902,219891,Maruthipura
607903,219891,Maruthipura
607904,219897,Purappemane
607905,219897,Purappemane
607906,219897,Purappemane
607907,219897,Purappemane
607908,219897,Purappemane
607909,219897,Purappemane
607910,219897,Purappemane
607911,219897,Purappemane
607912,219882,Haridravathi
607913,219882,Haridravathi
607914,219886,Jeni
607915,219882,Haridravathi
607916,219882,Haridravathi
607917,219882,Haridravathi
607918,219882,Haridravathi
607919,219882,Haridravathi
607920,219881,Harathalu
607921,219881,Harathalu
607922,219881,Harathalu
607923,219881,Harathalu
607924,219881,Harathalu
607925,219880,Chikkajeni
607926,219880,Chikkajeni
607927,219889,Koduru
607928,219889,Koduru
607929,219899,Sonale
607930,219889,Koduru
607931,219880,Chikkajeni
607932,219880,Chikkajeni
607933,219881,Harathalu
607934,219881,Harathalu
607935,219878,Baluru
607936,219878,Baluru
607937,219878,Baluru
607938,219878,Baluru
607939,219878,Baluru
607940,219880,Chikkajeni
607941,219898,Reppanpete
607942,219898,Reppanpete
607943,219898,Reppanpete
607944,219878,Baluru
607945,219888,Kenchanala
607946,219888,Kenchanala
607947,219888,Kenchanala
607948,219888,Kenchanala
607949,219877,Arasalu
607950,219898,Reppanpete
607951,219883,Heddharipura
607952,219883,Heddharipura
607953,219877,Arasalu
607954,219877,Arasalu
607955,219877,Arasalu
607956,219877,Arasalu
607957,219879,Belluru
607958,219879,Belluru
607959,219879,Belluru
607960,219879,Belluru
607961,219879,Belluru
607962,272947,Ramachandrapura
607963,272947,Ramachandrapura
607964,272947,Ramachandrapura
607965,272947,Ramachandrapura
607966,272947,Ramachandrapura
607967,219893,Melinabesige
607968,219893,Melinabesige
607969,219894,Mumbaru
607970,219899,Sonale
607971,219893,Melinabesige
607972,219901,Trinive
607973,219901,Trinive
607974,219901,Trinive
607975,219901,Trinive
607976,219899,Sonale
607977,219899,Sonale
607978,219899,Sonale
607979,219899,Sonale
607980,219899,Sonale
607981,219894,Mumbaru
607982,219894,Mumbaru
607983,219889,Koduru
607984,219889,Koduru
607985,219889,Koduru
607986,219894,Mumbaru
607987,219899,Sonale
607988,219885,Humcha
607989,219885,Humcha
607990,219885,Humcha
607991,219885,Humcha
607992,219889,Koduru
607993,219880,Chikkajeni
607994,219889,Koduru
607995,219874,Amrutha
607996,219885,Humcha
607997,219885,Humcha
607998,219874,Amrutha
607999,219883,Heddharipura
608000,219883,Heddharipura
608001,219880,Chikkajeni
608002,219883,Heddharipura
608003,219874,Amrutha
608004,219874,Amrutha
608005,219874,Amrutha
608006,219874,Amrutha
608007,219883,Heddharipura
608008,219883,Heddharipura
608009,219883,Heddharipura
608010,219883,Heddharipura
608011,219883,Heddharipura
608012,219883,Heddharipura
608013,219883,Heddharipura
608014,219896,Nitturu
608015,219884,Hosuru(Sampekatte)
608016,219884,Hosuru(Sampekatte)
608017,219876,Aramanekoppa
608018,219884,Hosuru(Sampekatte)
608019,219884,Hosuru(Sampekatte)
608020,219884,Hosuru(Sampekatte)
608021,219887,Karimane
608022,219876,Aramanekoppa
608023,219876,Aramanekoppa
608024,219876,Aramanekoppa
608025,272947,Ramachandrapura
608026,219895,Mudugoppa-Nagara
608027,219895,Mudugoppa-Nagara
608028,219893,Melinabesige
608029,219887,Karimane
608030,219887,Karimane
608031,219887,Karimane
608032,219895,Mudugoppa-Nagara
608033,219895,Mudugoppa-Nagara
608034,219895,Mudugoppa-Nagara
608035,219875,Andagadhudhuru
608036,219875,Andagadhudhuru
608037,219875,Andagadhudhuru
608038,219892,Kairagunda
608039,219875,Andagadhudhuru
608040,219902,Yaduru
608041,219900,Sulagodu
608042,219892,Kairagunda
608043,219900,Sulagodu
608044,219902,Yaduru
608045,219902,Yaduru
608046,219900,Sulagodu
608047,219900,Sulagodu
608048,219900,Sulagodu
608049,219900,Sulagodu
608050,219900,Sulagodu
608051,219902,Yaduru
608052,219902,Yaduru
608053,219902,Yaduru
608054,220076,Hunchadakatte
608055,220076,Hunchadakatte
608056,220076,Hunchadakatte
608057,220076,Hunchadakatte
608058,220076,Hunchadakatte
608059,220076,Hunchadakatte
608060,220065,Demlapura
608061,220065,Demlapura
608062,220065,Demlapura
608063,220065,Demlapura
608064,220065,Demlapura
608065,220065,Demlapura
608066,220078,Konanduru
608067,220068,Hadigallu
608068,220068,Hadigallu
608069,220068,Hadigallu
608070,220087,Nonaburu
608071,220068,Hadigallu
608072,220068,Hadigallu
608073,220068,Hadigallu
608074,220078,Konanduru
608075,220068,Hadigallu
608076,220065,Demlapura
608077,220094,Triambakapura
608078,220094,Triambakapura
608079,220078,Konanduru
608080,220078,Konanduru
608081,220078,Konanduru
608082,220068,Hadigallu
608083,220068,Hadigallu
608084,220068,Hadigallu
608085,220068,Hadigallu
608086,220087,Nonaburu
608087,220087,Nonaburu
608088,220059,Aralasurali
608089,220059,Aralasurali
608090,220059,Aralasurali
608091,220059,Aralasurali
608092,220059,Aralasurali
608093,220059,Aralasurali
608094,220087,Nonaburu
608095,220087,Nonaburu
608096,220058,Araga
608097,220067,Guddekoppa
608098,220067,Guddekoppa
608099,220067,Guddekoppa
608100,220072,Heggodu
608101,220067,Guddekoppa
608102,220067,Guddekoppa
608103,220067,Guddekoppa
608104,220095,Tudur
608105,220094,Triambakapura
608106,220094,Triambakapura
608107,220094,Triambakapura
608108,220094,Triambakapura
608109,220094,Triambakapura
608110,220065,Demlapura
608111,220069,Hanagere
608112,220069,Hanagere
608113,220069,Hanagere
608114,220069,Hanagere
608115,220069,Hanagere
608116,220092,Singinabidre
608117,220077,Kannangi
608118,220069,Hanagere
608119,220069,Hanagere
608120,220077,Kannangi
608121,220077,Kannangi
608122,220077,Kannangi
608123,220077,Kannangi
608124,220077,Kannangi
608125,220077,Kannangi
608126,220077,Kannangi
608127,220092,Singinabidre
608128,220092,Singinabidre
608129,220092,Singinabidre
608130,220092,Singinabidre
608131,220092,Singinabidre
608132,220092,Singinabidre
608133,220092,Singinabidre
608134,220092,Singinabidre
608135,220095,Tudur
608136,220095,Tudur
608137,220077,Kannangi
608138,220077,Kannangi
608139,220077,Kannangi
608140,220077,Kannangi
608141,220063,Bandya
608142,220063,Bandya
608143,220063,Bandya
608144,220063,Bandya
608145,220063,Bandya
608146,220063,Bandya
608147,220079,Kudumallige
608148,220079,Kudumallige
608149,220062,Bejjavalli
608150,220062,Bejjavalli
608151,220063,Bandya
608152,220062,Bejjavalli
608153,220062,Bejjavalli
608154,220062,Bejjavalli
608155,220077,Kannangi
608156,220095,Tudur
608157,220091,Shedgaru
608158,220095,Tudur
608159,220095,Tudur
608160,220095,Tudur
608161,220062,Bejjavalli
608162,220062,Bejjavalli
608163,220062,Bejjavalli
608164,220062,Bejjavalli
608165,220095,Tudur
608166,220067,Guddekoppa
608167,220095,Tudur
608168,220080,Mandagadde
608169,220080,Mandagadde
608170,220080,Mandagadde
608171,220080,Mandagadde
608172,220080,Mandagadde
608173,220080,Mandagadde
608174,220089,Saluru
608175,220058,Araga
608176,220058,Araga
608177,220089,Saluru
608178,220089,Saluru
608179,220089,Saluru
608180,220089,Saluru
608181,220089,Saluru
608182,220089,Saluru
608183,220089,Saluru
608184,220089,Saluru
608185,220058,Araga
608186,220058,Araga
608187,220058,Araga
608188,220058,Araga
608189,220058,Araga
608190,220067,Guddekoppa
608191,220067,Guddekoppa
608192,220058,Araga
608193,220086,Neraturu
608194,220086,Neraturu
608195,220089,Saluru
608196,220075,Hosahalli
608197,220084,Mulubagilu
608198,220086,Neraturu
608199,220086,Neraturu
608200,220086,Neraturu
608201,220086,Neraturu
608202,220086,Neraturu
608203,220073,Hodala-Aralapura
608204,220094,Triambakapura
608205,220073,Hodala-Aralapura
608206,220079,Kudumallige
608207,220079,Kudumallige
608208,220079,Kudumallige
608209,220079,Kudumallige
608210,220073,Hodala-Aralapura
608211,220073,Hodala-Aralapura
608212,220086,Neraturu
608213,220084,Mulubagilu
608214,220084,Mulubagilu
608215,220084,Mulubagilu
608216,220075,Hosahalli
608217,220075,Hosahalli
608218,220075,Hosahalli
608219,220075,Hosahalli
608220,220072,Heggodu
608221,220072,Heggodu
608222,220072,Heggodu
608223,220075,Hosahalli
608224,220067,Guddekoppa
608225,220072,Heggodu
608226,220083,Melinakuruvalli
608227,220083,Melinakuruvalli
608228,220073,Hodala-Aralapura
608229,220083,Melinakuruvalli
608230,220082,Melige
608231,220062,Bejjavalli
608232,220062,Bejjavalli
608233,220071,Hedduru
608234,220071,Hedduru
608235,220071,Hedduru
608236,220071,Hedduru
608237,220062,Bejjavalli
608238,220082,Melige
608239,220082,Melige
608240,220066,Devangi
608241,220070,Harogulige
608242,220070,Harogulige
608243,220061,Basavani
608244,220070,Harogulige
608245,220066,Devangi
608246,220066,Devangi
608247,220088,Salgadi
608248,220088,Salgadi
608249,220088,Salgadi
608250,220091,Shedgaru
608251,220071,Hedduru
608252,220091,Shedgaru
608253,220091,Shedgaru
608254,220091,Shedgaru
608255,220091,Shedgaru
608256,220091,Shedgaru
608257,220091,Shedgaru
608258,220088,Salgadi
608259,220088,Salgadi
608260,220066,Devangi
608261,220066,Devangi
608262,220066,Devangi
608263,220061,Basavani
608264,220061,Basavani
608265,220061,Basavani
608266,220061,Basavani
608267,220066,Devangi
608268,220088,Salgadi
608269,220088,Salgadi
608270,220091,Shedgaru
608271,220088,Salgadi
608272,220085,Naalur Kolige
608273,220085,Naalur Kolige
608274,220085,Naalur Kolige
608275,220081,Megaravalli
608276,220081,Megaravalli
608277,220085,Naalur Kolige
608278,220085,Naalur Kolige
608279,220085,Naalur Kolige
608280,220081,Megaravalli
608281,220085,Naalur Kolige
608282,220072,Heggodu
608283,220074,Honnetalu
608284,220074,Honnetalu
608285,220057,Agumbe
608286,220057,Agumbe
608287,220064,Bidaragodu
608288,220074,Honnetalu
608289,220074,Honnetalu
608290,220060,Arehalli
608291,220072,Heggodu
608292,220072,Heggodu
608293,220093,Thirthamatturu
608294,220093,Thirthamatturu
608295,220093,Thirthamatturu
608296,220093,Thirthamatturu
608297,220060,Arehalli
608298,220060,Arehalli
608299,220074,Honnetalu
608300,220064,Bidaragodu
608301,272950,Tuppuru
608302,272950,Tuppuru
608303,219987,Choradi
608304,272950,Tuppuru
608305,272950,Tuppuru
608306,272950,Tuppuru
608307,219987,Choradi
608308,219987,Choradi
608309,219987,Choradi
608310,219987,Choradi
608311,219987,Choradi
608312,220002,Kumsi
608313,219985,Balekoppa
608314,219985,Balekoppa
608315,219982,Agasavalli
608316,219985,Balekoppa
608317,219985,Balekoppa
608318,219985,Balekoppa
608319,219985,Balekoppa
608320,219985,Balekoppa
608321,219985,Balekoppa
608322,219985,Balekoppa
608323,219985,Balekoppa
608324,220005,Mandagatta
608325,220005,Mandagatta
608326,220005,Mandagatta
608327,220005,Mandagatta
608328,220005,Mandagatta
608329,220005,Mandagatta
608330,220005,Mandagatta
608331,220005,Mandagatta
608332,220005,Mandagatta
608333,220005,Mandagatta
608334,220005,Mandagatta
608335,220011,Ramanagara
608336,220011,Ramanagara
608337,220011,Ramanagara
608338,220011,Ramanagara
608339,220004,Mallapura
608340,220004,Mallapura
608341,220004,Mallapura
608342,220004,Mallapura
608343,220004,Mallapura
608344,220011,Ramanagara
608345,220011,Ramanagara
608346,220000,Koteganguru
608347,220011,Ramanagara
608348,219991,Haranahalli
608349,219991,Haranahalli
608350,219991,Haranahalli
608351,219998,Konagavalli
608352,219998,Konagavalli
608353,219998,Konagavalli
608354,219998,Konagavalli
608355,219998,Konagavalli
608356,219998,Konagavalli
608357,219998,Konagavalli
608358,219998,Konagavalli
608359,219998,Konagavalli
608360,219998,Konagavalli
608361,219998,Konagavalli
608362,219983,Ayanuru-I
608363,219991,Haranahalli
608364,219983,Ayanuru-I
608365,272949,Kohalli
608366,272949,Kohalli
608367,219983,Ayanuru-I
608368,272949,Kohalli
608369,219983,Ayanuru-I
608370,219983,Ayanuru-I
608371,272949,Kohalli
608372,272951,Muddinakoppa
608373,220014,Sirigere
608374,272949,Kohalli
608375,219983,Ayanuru-I
608376,220014,Sirigere
608377,219983,Ayanuru-I
608378,220005,Mandagatta
608379,220005,Mandagatta
608380,220005,Mandagatta
608381,220016,Thammadihalli
608382,220005,Mandagatta
608383,220016,Thammadihalli
608384,220016,Thammadihalli
608385,220016,Thammadihalli
608386,220016,Thammadihalli
608387,220016,Thammadihalli
608388,220016,Thammadihalli
608389,220010,Puradalu
608390,220014,Sirigere
608391,220014,Sirigere
608392,220014,Sirigere
608393,220014,Sirigere
608394,220014,Sirigere
608395,220014,Sirigere
608396,272951,Muddinakoppa
608397,220000,Koteganguru
608398,220000,Koteganguru
608399,219981,Abbalagere
608400,220011,Ramanagara
608401,220000,Koteganguru
608402,272951,Muddinakoppa
608403,220016,Thammadihalli
608404,220010,Puradalu
608405,272951,Muddinakoppa
608406,220010,Puradalu
608407,220010,Puradalu
608408,220010,Puradalu
608409,220010,Puradalu
608410,219982,Agasavalli
608411,219982,Agasavalli
608412,220010,Puradalu
608413,220010,Puradalu
608414,219982,Agasavalli
608415,219982,Agasavalli
608416,219982,Agasavalli
608417,219982,Agasavalli
608418,220007,Melinahanasavadi
608419,220003,Kunchenahalli
608420,220003,Kunchenahalli
608421,220003,Kunchenahalli
608422,219997,Kommanalu
608423,219997,Kommanalu
608424,219990,Haramagatta
608425,219990,Haramagatta
608426,219989,Hadonahalli
608427,219989,Hadonahalli
608428,219993,Holaluru
608429,220015,Suguru
608430,220015,Suguru
608431,220015,Suguru
608432,219990,Haramagatta
608433,219990,Haramagatta
608434,219997,Kommanalu
608435,219997,Kommanalu
608436,219997,Kommanalu
608437,219981,Abbalagere
608438,219981,Abbalagere
608439,219981,Abbalagere
608440,219981,Abbalagere
608441,219981,Abbalagere
608442,219981,Abbalagere
608443,220007,Melinahanasavadi
608444,220007,Melinahanasavadi
608445,272952,Bedara Hosahalli
608446,272952,Bedara Hosahalli
608447,220007,Melinahanasavadi
608448,272952,Bedara Hosahalli
608449,220015,Suguru
608450,220001,Kudli
608451,220009,Pillangere
608452,220009,Pillangere
608453,220009,Pillangere
608454,220001,Kudli
608455,220001,Kudli
608456,219984,B.Beeranahalli
608457,220013,Shettyhalli
608458,219984,B.Beeranahalli
608459,219984,B.Beeranahalli
608460,219984,B.Beeranahalli
608461,219984,B.Beeranahalli
608462,220013,Shettyhalli
608463,220013,Shettyhalli
608464,220013,Shettyhalli
608465,219984,B.Beeranahalli
608466,219984,B.Beeranahalli
608467,220013,Shettyhalli
608468,220013,Shettyhalli
608469,219988,Gajanuru
608470,219988,Gajanuru
608471,219995,Hosahalli
608472,219995,Hosahalli
608473,219995,Hosahalli
608474,219995,Hosahalli
608475,220006,Matturu
608476,219988,Gajanuru
608477,219988,Gajanuru
608478,219995,Hosahalli
608479,219988,Gajanuru
608480,219988,Gajanuru
608481,219988,Gajanuru
608482,219988,Gajanuru
608483,219996,Kadekallu
608484,219996,Kadekallu
608485,219996,Kadekallu
608486,219996,Kadekallu
608487,219999,Koralahalli
608488,220006,Matturu
608489,220012,Santhekaduru
608490,220008,Nidige-I
608491,219986,Bidare
608492,219994,Holebenavalli
608493,219994,Holebenavalli
608494,219994,Holebenavalli
608496,219992,Hasudi
608497,219986,Bidare
608498,220008,Nidige-I
608499,220008,Nidige-I
608500,272953,Sogane
608501,220012,Santhekaduru
608502,219999,Koralahalli
608503,219999,Koralahalli
608504,219999,Koralahalli
608505,220017,Umblebilu
608506,220017,Umblebilu
608507,220017,Umblebilu
608508,220017,Umblebilu
608509,220017,Umblebilu
608510,220017,Umblebilu
608511,220017,Umblebilu
608512,220017,Umblebilu
608513,220017,Umblebilu
608514,220017,Umblebilu
608515,219865,Nimbegondi
608516,219868,Sydarakallahalli
608517,219868,Sydarakallahalli
608518,219868,Sydarakallahalli
608519,219868,Sydarakallahalli
608520,219865,Nimbegondi
608521,219865,Nimbegondi
608522,219836,Anaveri
608523,219836,Anaveri
608524,219856,Kambadalu Hosuru
608525,219847,Dodderi
608526,219850,Gudumagatta
608527,219850,Gudumagatta
608528,219860,Mangote
608529,219860,Mangote
608530,219863,Mydolalu
608531,219863,Mydolalu
608532,219863,Mydolalu
608533,219850,Gudumagatta
608534,219870,Thadasa
608535,219866,Sidlipura
608536,272946,Sanyasikodamagge
608537,272946,Sanyasikodamagge
608538,219865,Nimbegondi
608541,272945,Hanumanthapura
608542,272945,Hanumanthapura
608543,219838,Arahatholalu
608549,219846,Dasarakallahalli
608550,219846,Dasarakallahalli
608551,219846,Dasarakallahalli
608552,219872,Yedehalli
608553,219872,Yedehalli
608554,219872,Yedehalli
608555,219835,Agaradahalli
608556,219835,Agaradahalli
608557,219835,Agaradahalli
608558,219835,Agaradahalli
608559,219835,Agaradahalli
608560,219854,Kallahal
608561,219854,Kallahal
608562,219854,Kallahal
608563,219861,Marashettyhalli
608564,219861,Marashettyhalli
608565,219861,Marashettyhalli
608566,219842,Arebilachi
608567,219839,Arakere
608568,219839,Arakere
608569,219839,Arakere
608570,219839,Arakere
608571,219847,Dodderi
608572,219847,Dodderi
608573,219839,Arakere
608574,219839,Arakere
608575,219864,Nagathibelagalu
608576,219864,Nagathibelagalu
608577,219864,Nagathibelagalu
608578,219858,Kudligere
608579,219843,Attigunda
608580,219853,Kagekodamaggi
608581,219853,Kagekodamaggi
608582,219871,Veerapura
608583,219871,Veerapura
608584,219871,Veerapura
608585,219853,Kagekodamaggi
608586,219840,Aralahalli
608587,219859,Kummaranahalli
608588,219859,Kummaranahalli
608589,219837,Antharagange
608590,219837,Antharagange
608591,219873,Yerehalli
608592,219873,Yerehalli
608593,219873,Yerehalli
608594,219837,Antharagange
608595,219847,Dodderi
608596,219859,Kummaranahalli
608597,219843,Attigunda
608598,219843,Attigunda
608599,219858,Kudligere
608600,219858,Kudligere
608601,219858,Kudligere
608602,219858,Kudligere
608603,219858,Kudligere
608604,219847,Dodderi
608605,219847,Dodderi
608606,219847,Dodderi
608607,219847,Dodderi
608608,219847,Dodderi
608609,219847,Dodderi
608610,219837,Antharagange
608611,219837,Antharagange
608612,219847,Dodderi
608613,219847,Dodderi
608614,219847,Dodderi
608615,219845,Bilaki
608616,219845,Bilaki
608617,219870,Thadasa
608618,219870,Thadasa
608619,219850,Gudumagatta
608620,219848,Donabagatta
608621,219845,Bilaki
608622,219845,Bilaki
608623,219845,Bilaki
608624,219845,Bilaki
608625,219862,Mavinakere
608626,219862,Mavinakere
608627,219862,Mavinakere
608628,219844,Baranduru
608629,219844,Baranduru
608630,219857,Karehalli
608631,219857,Karehalli
608632,219857,Karehalli
608633,219862,Mavinakere
608634,219855,Kallahalli
608635,219855,Kallahalli
608636,219855,Kallahalli
608637,219855,Kallahalli
608638,219855,Kallahalli
608639,219855,Kallahalli
608640,219855,Kallahalli
608641,219856,Kambadalu Hosuru
608642,219856,Kambadalu Hosuru
608643,219851,Hiriyuru
608644,219851,Hiriyuru
608645,219841,Aralikoppa
608646,219856,Kambadalu Hosuru
608647,219856,Kambadalu Hosuru
608648,219856,Kambadalu Hosuru
608649,219869,Tavaragatta
608650,219869,Tavaragatta
608651,219869,Tavaragatta
608652,219867,Singanamane
608653,219867,Singanamane
608654,219869,Tavaragatta
608655,219869,Tavaragatta
608656,219841,Aralikoppa
608657,219841,Aralikoppa
608658,219841,Aralikoppa
608659,219841,Aralikoppa
608660,220494,Shiruru
608663,220499,Uppunda
608664,220456,Bijooru
608665,220481,Kergal
608666,220481,Kergal
608667,220482,Kirimanjeshwara
608668,220476,Kambadakone
608669,220471,Herooru
608670,220491,Navunda
608671,220490,Nada
608672,220488,Maravanthe
608673,220490,Nada
608674,220490,Nada
608675,220471,Herooru
608676,220475,Kalthodu
608677,220476,Kambadakone
608680,220460,Golihole
608681,220483,Kolluru
608682,220460,Golihole
608683,220473,Jadkal
608684,220473,Jadkal
608685,220464,Hallihole
608686,220498,Trasi
608687,273015,Hosaadu
608688,220461,Gujjadi
608689,220459,Gangolli
608690,220496,Talluru
608691,220496,Talluru
608692,220468,Hattiangadi
608693,220468,Hattiangadi
608694,273040,Kattabelthuru
608695,220469,Hemmadi
608696,220462,Hakladi
608697,273015,Hosaadu
608698,220447,Aluru
608699,220462,Hakladi
608700,220462,Hakladi
608701,273040,Kattabelthuru
608702,220468,Hattiangadi
608703,273014,Gulwadi
608704,220477,Karkunje
608705,220500,Vandse
608706,220447,Aluru
608707,273016,Iduru Kunjyadi
608708,220458,Chitturu
608709,273016,Iduru Kunjyadi
608710,220480,Keradi
608711,220480,Keradi
608712,220446,Ajri
608713,220478,Kavradi
608714,220478,Kavradi
608715,220449,Amparu
608716,220493,Shankaranarayana
608717,220495,Siddapura
608718,220446,Ajri
608719,220446,Ajri
608720,273043,Yedamogge
608721,220472,Hosangadi
608722,220448,Amasbail
608723,273042,Ullur 74
608724,220493,Shankaranarayana
608725,220466,Hangluru
608726,220484,Koni
608727,220455,Bijadi
608728,273013,Gopadi
608729,220474,Kalavara
608730,220497,Tekkatte
608731,220479,Keduru
608732,220453,Belooru
608733,220479,Keduru
608734,220486,Kumbashi
608735,220474,Kalavara
608736,220474,Kalavara
608737,273039,Kandavara
608738,220450,Anagali
608739,220452,Basruru
608740,220451,Balkuru
608741,220465,Hambadi-Mandadi
608742,220465,Hambadi-Mandadi
608743,273041,Korgi
608744,273041,Korgi
608745,220467,Hardalli-Mandalli
608746,220465,Hambadi-Mandadi
608747,220489,Molahalli
608748,220467,Hardalli-Mandalli
608749,220463,Haladi
608750,220463,Haladi
608751,220470,Hengavalli
608752,220454,Belve
608753,220454,Belve
608754,220487,Madamakki
608755,220448,Amasbail
608756,220448,Amasbail
608757,220487,Madamakki
608758,220485,Koteshwara
608759,220536,Kota
608760,220537,Kotathattu
608761,220536,Kota
608762,220559,Vaddarse
608763,220559,Vaddarse
608764,220533,Kodi
608765,220525,Irodi
608766,220525,Irodi
608767,220550,Pandeshwara
608768,220550,Pandeshwara
608769,220511,Barkur
608770,220559,Vaddarse
608771,220559,Vaddarse
608772,220552,Shiriyara
608773,220507,Avarse
608774,220514,Billadi
608775,220561,Yadthadi
608776,220561,Yadthadi
608777,220511,Barkur
608778,220519,Hanehalli
608779,220527,Kadur
608780,220522,Heggunje
608781,220514,Billadi
608782,220507,Avarse
608783,220507,Avarse
608784,220522,Heggunje
608785,220527,Kadur
608786,220532,Kemmannu
608787,220520,Haradi
608788,220518,Handadi
608789,220518,Handadi
608790,220518,Handadi
608791,220516,Chantharu
608792,220520,Haradi
608793,220558,Uppoor
608794,220521,Havanje
608795,220540,Aroor
608796,273018,Neelavara
608797,220517,Cherkadi
608798,220539,Kukkehalli
608799,220539,Kukkehalli
608800,220529,Karje
608801,220535,Kokkarne
608802,220535,Kokkarne
608803,220547,Nalkur
608804,220547,Nalkur
608805,220502,38 Kalathur
608806,220502,38 Kalathur
608807,220529,Karje
608808,220551,Perdoor
608809,220510,Bairampalli
608810,220510,Bairampalli
608811,220510,Bairampalli
608812,220509,Badanidiyur
608813,220506,Athradi
608814,220534,Kodibettu
608815,220515,Bommarabettu
608816,220534,Kodibettu
608817,220506,Athradi
608818,220545,Manipura
608819,220534,Kodibettu
608820,220538,Kote
608821,220538,Kote
608822,220541,Kurkalu
608823,220513,Belle
608824,220513,Belle
608825,220553,Shirva
608826,220543,Majur
608827,220543,Majur
608828,220543,Majur
608829,220524,Innanje
608830,220524,Innanje
608834,220512,Belapu
608835,220542,Kuthyaru
608836,220542,Kuthyaru
608837,220546,Mudarangadi
608838,220562,Yellur
608839,220554,Thenka
608840,220548,Padubidri
608841,220523,Hejamadi
608842,220549,Palimaru
608843,220549,Palimaru
608844,220546,Mudarangadi
608845,220560,Varamballi
608846,220516,Chantharu
608847,220528,Kalyanpura
608848,220555,Thenkanidiyur
608849,220504,Alevoor
608850,220503,80 Badagubettu
608851,220504,Alevoor
608852,220556,Udyavara
608853,220545,Manipura
608854,220530,Katapadi
608855,220530,Katapadi
608857,220508,Bada
608858,220548,Padubidri
608859,220555,Thenkanidiyur
608860,220505,Ambalapadi
608861,220505,Ambalapadi
608862,220505,Ambalapadi
608863,220526,Kadekaru
608864,220526,Kadekaru
608865,220428,Kuchchuru
608866,220428,Kuchchuru
608867,220436,Nadpalu
608868,220422,Hebri
608869,273008,Chara
608870,220444,Shivapura
608871,220444,Shivapura
608872,220434,Mudradi
608873,220434,Mudradi
608874,220445,Varanga
608875,220445,Varanga
608876,220426,Kadthala
608877,220426,Kadthala
608878,220426,Kadthala
608879,220431,Marne
608880,220421,Erlapadi
608881,220423,Hirgana
608882,220431,Marne
608883,220445,Varanga
608884,220443,Shirlal
608885,220443,Shirlal
608886,273011,Kervashe
608887,220430,Mala
608888,220438,Neere
608889,220438,Neere
608890,220417,Bailoor
608891,220417,Bailoor
608892,220440,Palli
608893,220440,Palli
608894,273010,Kalya
608895,220429,Kukkundoor
608896,220439,Nitte
608897,273012,Nandalike
608898,220418,Belman
608899,220418,Belman
608900,220425,Inna
608901,220435,Mundkoor
608902,220435,Mundkoor
608903,220419,Bola
608904,273012,Nandalike
608905,220427,Kanthavara
608906,220432,Miyaru
608907,220420,Durga
608908,220433,Mudaru
608909,220424,Idu
608910,220424,Idu
608911,220437,Nalloor
608912,220441,Renjala
608913,273009,Irvathauru
608914,220442,Sanoor
608915,216959,Begaru
608916,216959,Begaru
608917,216959,Begaru
608918,216959,Begaru
608919,216959,Begaru
608920,216959,Begaru
608921,216963,Markal ( Kigga )
608922,216963,Markal ( Kigga )
608923,216963,Markal ( Kigga )
608924,216963,Markal ( Kigga )
608925,216963,Markal ( Kigga )
608926,216961,Kere
608927,216961,Kere
608928,216961,Kere
608929,216965,Nemmaru
608930,216965,Nemmaru
608931,216965,Nemmaru
608932,216961,Kere
608933,216961,Kere
608934,216961,Kere
608935,216961,Kere
608936,216961,Kere
608937,216961,Kere
608938,216965,Nemmaru
608939,216961,Kere
608940,216961,Kere
608941,216960,Dharekoppa
608942,216960,Dharekoppa
608943,216960,Dharekoppa
608944,216958,Addagadde
608945,216958,Addagadde
608946,216958,Addagadde
608947,216958,Addagadde
608948,216960,Dharekoppa
608949,216966,Vidyaranayapura
608950,216966,Vidyaranayapura
608951,216964,Menase
608952,216964,Menase
608953,216964,Menase
608954,216964,Menase
608955,216966,Vidyaranayapura
608956,216962,Kuthagodu
608957,216962,Kuthagodu
608958,216962,Kuthagodu
608959,216964,Menase
608960,216964,Menase
608961,216962,Kuthagodu
608962,216962,Kuthagodu
608963,216964,Menase
608964,216899,Chavalmane
608965,216899,Chavalmane
608966,216899,Chavalmane
608967,216896,Bhandigadi
608968,216899,Chavalmane
608969,216899,Chavalmane
608970,216896,Bhandigadi
608971,216896,Bhandigadi
608972,216911,Niluvagilu
608973,216911,Niluvagilu
608974,216913,Shanuvalli
608975,216913,Shanuvalli
608976,216913,Shanuvalli
608977,216913,Shanuvalli
608978,216913,Shanuvalli
608979,216911,Niluvagilu
608980,216894,Asagodu
608981,216902,Hariharapura
608982,216902,Hariharapura
608983,216894,Asagodu
608984,216894,Asagodu
608985,216894,Asagodu
608986,216897,Bhuvanakote (Uttameswara)
608987,216897,Bhuvanakote (Uttameswara)
608988,216897,Bhuvanakote (Uttameswara)
608989,216905,Hirekodige
608990,216905,Hirekodige
608991,216905,Hirekodige
608992,216907,Kesave
608993,216901,Harandur (Koppa)
608994,216905,Hirekodige
608995,216905,Hirekodige
608996,216908,Koppa (Rural)
608997,216908,Koppa (Rural)
608998,216901,Harandur (Koppa)
608999,216907,Kesave
609000,216898,Binthravalli
609001,216898,Binthravalli
609002,216908,Koppa (Rural)
609003,216910,Narasipura (Narve)
609004,216910,Narasipura (Narve)
609005,216909,Marithotlu (Andhagaru)
609006,216909,Marithotlu (Andhagaru)
609007,216898,Binthravalli
609008,216912,Nuggi (Bappunji)
609009,216909,Marithotlu (Andhagaru)
609010,216914,Tuluvinakoppa (Kalkere)
609011,216914,Tuluvinakoppa (Kalkere)
609012,216914,Tuluvinakoppa (Kalkere)
609013,216910,Narasipura (Narve)
609014,216914,Tuluvinakoppa (Kalkere)
609015,216914,Tuluvinakoppa (Kalkere)
609016,216914,Tuluvinakoppa (Kalkere)
609017,216914,Tuluvinakoppa (Kalkere)
609018,216893,Agalagandi
609019,216914,Tuluvinakoppa (Kalkere)
609020,216912,Nuggi (Bappunji)
609021,216893,Agalagandi
609022,216893,Agalagandi
609023,216906,Jayapura
609024,216906,Jayapura
609025,216904,Hiregadde
609026,216904,Hiregadde
609027,216903,Heruru
609028,216900,Guddethota
609029,216900,Guddethota
609030,216900,Guddethota
609031,216893,Agalagandi
609032,216900,Guddethota
609033,216893,Agalagandi
609034,216900,Guddethota
609035,216895,Atthikodige
609036,216895,Atthikodige
609037,216895,Atthikodige
609038,216903,Heruru
609039,216903,Heruru
609040,216895,Atthikodige
609041,216895,Atthikodige
609042,216903,Heruru
609043,216903,Heruru
609044,216955,Muthinakoppa
609045,216955,Muthinakoppa
609046,216955,Muthinakoppa
609047,216955,Muthinakoppa
609048,216955,Muthinakoppa
609049,216955,Muthinakoppa
609050,216955,Muthinakoppa
609051,216950,Kadahinabylu
609052,216950,Kadahinabylu
609053,216950,Kadahinabylu
609054,216950,Kadahinabylu
609055,216954,Mensur
609056,216950,Kadahinabylu
609057,216950,Kadahinabylu
609058,216950,Kadahinabylu
609059,216954,Mensur
609060,216954,Mensur
609061,216954,Mensur
609062,216956,Nagalapura ( G.H.Kaimara)
609063,216954,Mensur
609064,216956,Nagalapura ( G.H.Kaimara)
609065,216946,Bale ( Mudabagilu )
609066,216949,Honnekudige ( Hanthuvine)
609067,216949,Honnekudige ( Hanthuvine)
609068,216949,Honnekudige ( Hanthuvine)
609069,216949,Honnekudige ( Hanthuvine)
609070,216949,Honnekudige ( Hanthuvine)
609071,216949,Honnekudige ( Hanthuvine)
609072,216949,Honnekudige ( Hanthuvine)
609073,216949,Honnekudige ( Hanthuvine)
609074,216949,Honnekudige ( Hanthuvine)
609075,216957,Seethur
609076,216957,Seethur
609077,216957,Seethur
609078,216957,Seethur
609079,216957,Seethur
609080,216957,Seethur
609081,216957,Seethur
609082,216948,Gubbiga
609083,216948,Gubbiga
609084,216948,Gubbiga
609085,216946,Bale ( Mudabagilu )
609086,216951,Kanur
609087,216951,Kanur
609088,216946,Bale ( Mudabagilu )
609089,216951,Kanur
609090,216951,Kanur
609091,216946,Bale ( Mudabagilu )
609092,216944,Aduvalli (Gadigeshwara)
609093,216952,Karekeshwara ( Melpal)
609094,216944,Aduvalli (Gadigeshwara)
609095,216944,Aduvalli (Gadigeshwara)
609096,216945,B.Kanabur ( Balehonnur )
609097,216945,B.Kanabur ( Balehonnur )
609098,216947,Bannur
609099,216947,Bannur
609100,216947,Bannur
609101,216953,Magundi
609102,216992,Karkuchi
609103,216983,Gopala
609104,216983,Gopala
609105,216992,Karkuchi
609106,216987,Halasur
609107,216976,Bhavikere
609108,216976,Bhavikere
609109,216976,Bhavikere
609110,217000,Mudugodu
609111,216992,Karkuchi
609112,216987,Halasur
609113,216993,Kenchikoppa
609114,216997,Lakkavalli
609115,216997,Lakkavalli
609116,216993,Kenchikoppa
609117,216987,Halasur
609118,217000,Mudugodu
609119,216980,Shyanuboganahalli
609120,216972,Baragenahalli
609121,217000,Mudugodu
609122,217000,Mudugodu
609123,216972,Baragenahalli
609124,216993,Kenchikoppa
609125,216993,Kenchikoppa
609126,216997,Lakkavalli
609127,216972,Baragenahalli
609128,216972,Baragenahalli
609129,216972,Baragenahalli
609130,216993,Kenchikoppa
609131,216993,Kenchikoppa
609132,216972,Baragenahalli
609133,216999,Malalichannenahalli
609134,216999,Malalichannenahalli
609135,216974,Belenahalli
609136,216974,Belenahalli
609137,216974,Belenahalli
609138,216999,Malalichannenahalli
609139,216974,Belenahalli
609140,216999,Malalichannenahalli
609141,216974,Belenahalli
609142,216974,Belenahalli
609143,217006,Siddarahalli
609144,216974,Belenahalli
609145,216974,Belenahalli
609146,216974,Belenahalli
609147,216975,Bettadahalli
609148,217006,Siddarahalli
609149,217006,Siddarahalli
609150,217006,Siddarahalli
609151,217006,Siddarahalli
609152,216994,Koranahalli
609153,217000,Mudugodu
609154,217006,Siddarahalli
609155,217006,Siddarahalli
609156,217006,Siddarahalli
609157,216981,Doranalu
609158,216975,Bettadahalli
609159,216975,Bettadahalli
609160,216971,Baggavalli
609161,216981,Doranalu
609162,216981,Doranalu
609163,216981,Doranalu
609164,216981,Doranalu
609165,216981,Doranalu
609166,216981,Doranalu
609167,216975,Bettadahalli
609168,216986,Hadikere
609169,216986,Hadikere
609170,216968,Amruthapura
609171,216988,Hunasaghatta
609172,217004,Nerlekere
609173,217004,Nerlekere
609174,217004,Nerlekere
609175,216988,Hunasaghatta
609176,216988,Hunasaghatta
609177,216988,Hunasaghatta
609178,217004,Nerlekere
609179,217004,Nerlekere
609180,216986,Hadikere
609181,216974,Belenahalli
609182,216974,Belenahalli
609183,216974,Belenahalli
609184,216986,Hadikere
609185,216971,Baggavalli
609186,216986,Hadikere
609187,216968,Amruthapura
609188,216968,Amruthapura
609189,217004,Nerlekere
609190,217004,Nerlekere
609191,216988,Hunasaghatta
609192,216988,Hunasaghatta
609193,216988,Hunasaghatta
609194,216988,Hunasaghatta
609195,217004,Nerlekere
609196,217004,Nerlekere
609197,216968,Amruthapura
609198,216968,Amruthapura
609199,217006,Siddarahalli
609200,216994,Koranahalli
609201,216994,Koranahalli
609202,216980,Shyanuboganahalli
609203,216988,Hunasaghatta
609204,216988,Hunasaghatta
609205,217007,Sokke
609206,216980,Shyanuboganahalli
609207,216997,Lakkavalli
609208,216980,Shyanuboganahalli
609209,216980,Shyanuboganahalli
609210,216980,Shyanuboganahalli
609211,216994,Koranahalli
609212,216977,Bukkambudi
609213,216994,Koranahalli
609214,216994,Koranahalli
609215,216994,Koranahalli
609216,216994,Koranahalli
609217,216980,Shyanuboganahalli
609218,216973,Begur
609219,216980,Shyanuboganahalli
609220,216996,Kudlur
609221,216994,Koranahalli
609222,216996,Kudlur
609223,217006,Siddarahalli
609224,216996,Kudlur
609225,216996,Kudlur
609226,216979,Chikkanavangala
609227,216979,Chikkanavangala
609228,216977,Bukkambudi
609229,216977,Bukkambudi
609230,216978,Cheeranahalli
609231,217011,Tyagadakatte
609232,216978,Cheeranahalli
609233,216978,Cheeranahalli
609234,216978,Cheeranahalli
609235,216990,Kallenahalli
609236,216990,Kallenahalli
609237,216978,Cheeranahalli
609238,216994,Koranahalli
609239,216977,Bukkambudi
609240,216977,Bukkambudi
609241,216979,Chikkanavangala
609242,216979,Chikkanavangala
609243,216979,Chikkanavangala
609244,216979,Chikkanavangala
609245,216977,Bukkambudi
609246,216977,Bukkambudi
609247,216977,Bukkambudi
609248,216977,Bukkambudi
609249,217005,Shivani
609250,217005,Shivani
609251,216990,Kallenahalli
609252,216990,Kallenahalli
609253,217011,Tyagadakatte
609254,217011,Tyagadakatte
609255,216995,Koratikere
609256,216969,Anuvanahalli
609257,216989,Javoor
609258,216977,Bukkambudi
609259,216979,Chikkanavangala
609260,216979,Chikkanavangala
609261,216979,Chikkanavangala
609262,216989,Javoor
609263,216989,Javoor
609264,216989,Javoor
609265,217003,Naranapura
609266,217003,Naranapura
609267,216984,Gowrapura
609268,216969,Anuvanahalli
609269,217011,Tyagadakatte
609270,216978,Cheeranahalli
609271,217011,Tyagadakatte
609272,217011,Tyagadakatte
609273,217011,Tyagadakatte
609274,216982,Gadihalli
609275,216970,Attimogge
609276,216970,Attimogge
609277,216970,Attimogge
609278,216984,Gowrapura
609279,216982,Gadihalli
609280,216982,Gadihalli
609281,217011,Tyagadakatte
609282,216982,Gadihalli
609283,217001,Mugali
609284,216973,Begur
609285,216973,Begur
609286,216973,Begur
609287,217001,Mugali
609288,216982,Gadihalli
609289,216982,Gadihalli
609290,217008,Sollapura
609291,216984,Gowrapura
609293,216970,Attimogge
609294,216970,Attimogge
609295,217007,Sokke
609296,217007,Sokke
609297,217007,Sokke
609298,217007,Sokke
609299,217007,Sokke
609300,217007,Sokke
609301,217008,Sollapura
609302,217001,Mugali
609303,217001,Mugali
609304,216973,Begur
609305,216973,Begur
609306,216973,Begur
609307,217008,Sollapura
609308,217008,Sollapura
609309,216998,Lingadahalli
609310,216971,Baggavalli
609311,216971,Baggavalli
609312,216971,Baggavalli
609313,216971,Baggavalli
609314,216995,Koratikere
609315,216971,Baggavalli
609316,216995,Koratikere
609317,216995,Koratikere
609318,216995,Koratikere
609319,216971,Baggavalli
609320,217008,Sollapura
609321,217008,Sollapura
609322,216973,Begur
609323,216985,Gulladamane
609324,216985,Gulladamane
609325,217009,Sunnadahalli
609326,217009,Sunnadahalli
609327,217009,Sunnadahalli
609328,217009,Sunnadahalli
609329,216985,Gulladamane
609330,216986,Hadikere
609331,217002,Nandi Battlu
609332,217002,Nandi Battlu
609333,216998,Lingadahalli
609334,216998,Lingadahalli
609335,216998,Lingadahalli
609336,216998,Lingadahalli
609337,216998,Lingadahalli
609338,217002,Nandi Battlu
609339,217010,Thigada
609340,217002,Nandi Battlu
609341,217010,Thigada
609342,217012,Udeva
609343,217012,Udeva
609344,217012,Udeva
609345,217012,Udeva
609346,217012,Udeva
609347,216991,Kamanadurga
609348,217010,Thigada
609349,216991,Kamanadurga
609350,217012,Udeva
609351,216839,Balliganur
609352,216860,Jodithimmapura
609353,216845,Cheelanahalli
609354,216858,Hullehalli
609355,216836,Antharagatta
609356,216858,Hullehalli
609357,216860,Jodithimmapura
609358,216860,Jodithimmapura
609359,216860,Jodithimmapura
609360,216860,Jodithimmapura
609361,216860,Jodithimmapura
609362,216839,Balliganur
609363,216843,Bislehalli
609364,216858,Hullehalli
609365,216858,Hullehalli
609366,216878,S.Madapura
609367,216839,Balliganur
609368,216839,Balliganur
609369,216839,Balliganur
609370,216839,Balliganur
609371,216858,Hullehalli
609372,216848,Chikkangala
609373,216858,Hullehalli
609374,216858,Hullehalli
609375,216858,Hullehalli
609376,216865,Keresanthe
609377,216848,Chikkangala
609378,216848,Chikkangala
609379,216848,Chikkangala
609380,216848,Chikkangala
609381,272692,Haralagatta
609382,216892,Yemmedoddi
609383,216892,Yemmedoddi
609384,216843,Bislehalli
609385,216880,Saraswathipura
609386,216880,Saraswathipura
609387,216848,Chikkangala
609388,216848,Chikkangala
609389,216853,Giriyapura
609390,216853,Giriyapura
609391,216853,Giriyapura
609392,216837,Asandi
609393,216837,Asandi
609394,216836,Antharagatta
609395,216858,Hullehalli
609396,216836,Antharagatta
609397,216863,Kalkere
609398,216863,Kalkere
609399,216836,Antharagatta
609400,216836,Antharagatta
609401,216836,Antharagatta
609402,216846,Chikkaballekere
609403,216855,Hirenallur
609404,216855,Hirenallur
609405,216855,Hirenallur
609406,216855,Hirenallur
609407,216855,Hirenallur
609408,216855,Hirenallur
609409,216841,Basur
609410,216844,Bislere
609411,216846,Chikkaballekere
609412,216846,Chikkaballekere
609413,216870,Nagenahalli
609414,216836,Antharagatta
609415,216863,Kalkere
609416,216863,Kalkere
609417,216842,Biluvala
609418,216849,Chowlahiriyur
609419,216849,Chowlahiriyur
609420,216849,Chowlahiriyur
609421,216846,Chikkaballekere
609422,216890,Yagati
609423,216846,Chikkaballekere
609424,216844,Bislere
609425,216844,Bislere
609426,216841,Basur
609427,216864,Kamanakere
609428,216864,Kamanakere
609429,216864,Kamanakere
609430,216864,Kamanakere
609431,216841,Basur
609432,216841,Basur
609433,216844,Bislere
609434,216849,Chowlahiriyur
609436,216849,Chowlahiriyur
609437,216849,Chowlahiriyur
609438,216844,Bislere
609439,216876,Pura
609440,216876,Pura
609441,216855,Hirenallur
609442,216888,Vokkalagere
609443,216888,Vokkalagere
609444,216888,Vokkalagere
609445,216888,Vokkalagere
609446,216888,Vokkalagere
609447,216885,Udugere
609448,216835,Annegere
609449,216876,Pura
609450,216876,Pura
609451,216876,Pura
609452,216876,Pura
609453,216876,Pura
609454,216844,Bislere
609455,216852,Garje
609456,216852,Garje
609457,216890,Yagati
609458,216890,Yagati
609459,216856,Hochihalli
609460,216882,Somanahalli
609461,216856,Hochihalli
609462,216850,Devanur
609463,216885,Udugere
609464,216890,Yagati
609465,216846,Chikkaballekere
609466,216890,Yagati
609467,216852,Garje
609468,216891,Yellambalse
609469,216891,Yellambalse
609470,216891,Yellambalse
609471,216891,Yellambalse
609472,216890,Yagati
609473,216885,Udugere
609474,216866,Kunkanadu
609475,216842,Biluvala
609476,216845,Cheelanahalli
609477,216886,Uligere
609478,216886,Uligere
609479,216886,Uligere
609480,244975,Anigere
609481,216891,Yellambalse
609482,216847,Chikkadevanur
609483,216891,Yellambalse
609484,216889,Y.Mallapura
609485,216891,Yellambalse
609486,216889,Y.Mallapura
609487,216889,Y.Mallapura
609488,216889,Y.Mallapura
609489,216891,Yellambalse
609490,216889,Y.Mallapura
609491,216891,Yellambalse
609492,216887,V.Yaradakere
609493,216835,Annegere
609494,216866,Kunkanadu
609495,216862,Kadurhalli
609496,216867,Malleshwara
609497,216867,Malleshwara
609498,216841,Basur
609499,216842,Biluvala
609500,216866,Kunkanadu
609501,216842,Biluvala
609502,216842,Biluvala
609503,216845,Cheelanahalli
609504,216867,Malleshwara
609505,216867,Malleshwara
609506,216883,Tangali
609507,216874,Patnagere
609508,216880,Saraswathipura
609509,216880,Saraswathipura
609510,216880,Saraswathipura
609511,216874,Patnagere
609512,216862,Kadurhalli
609513,216862,Kadurhalli
609514,216883,Tangali
609515,216867,Malleshwara
609516,216842,Biluvala
609517,216842,Biluvala
609518,216842,Biluvala
609519,216842,Biluvala
609520,216883,Tangali
609521,216865,Keresanthe
609522,216883,Tangali
609523,216845,Cheelanahalli
609524,216883,Tangali
609525,216862,Kadurhalli
609526,216874,Patnagere
609527,216874,Patnagere
609528,216880,Saraswathipura
609529,216843,Bislehalli
609530,216843,Bislehalli
609531,216874,Patnagere
609532,216874,Patnagere
609533,216838,Ballekere
609534,216869,Nagarahal
609535,216847,Chikkadevanur
609536,216845,Cheelanahalli
609537,216866,Kunkanadu
609538,216847,Chikkadevanur
609539,216845,Cheelanahalli
609540,216859,Jiganehalli
609541,216859,Jiganehalli
609542,216860,Jodithimmapura
609543,216859,Jiganehalli
609544,216859,Jiganehalli
609545,216859,Jiganehalli
609546,216838,Ballekere
609547,216839,Balliganur
609548,216868,Mathigatta
609549,216868,Mathigatta
609550,216868,Mathigatta
609551,216868,Mathigatta
609552,216887,V.Yaradakere
609553,216890,Yagati
609554,216887,V.Yaradakere
609555,216881,Singatagere
609556,216881,Singatagere
609557,216861,K.Bidre
609558,216861,K.Bidre
609559,216881,Singatagere
609560,216851,Ganganahalli
609561,216872,Niduvalli
609562,216851,Ganganahalli
609563,216851,Ganganahalli
609564,216861,K.Bidre
609565,216861,K.Bidre
609566,216861,K.Bidre
609567,216861,K.Bidre
609568,216881,Singatagere
609569,216887,V.Yaradakere
609570,216865,Keresanthe
609571,216865,Keresanthe
609572,216865,Keresanthe
609573,216882,Somanahalli
609574,216881,Singatagere
609575,216881,Singatagere
609576,216861,K.Bidre
609577,216835,Annegere
609578,216851,Ganganahalli
609579,216872,Niduvalli
609580,216873,Panchanahalli
609581,216881,Singatagere
609582,216873,Panchanahalli
609583,216884,Thimlapura
609584,244975,Anigere
609585,216861,K.Bidre
609586,216881,Singatagere
609587,216881,Singatagere
609588,216882,Somanahalli
609589,216865,Keresanthe
609590,216865,Keresanthe
609591,216847,Chikkadevanur
609592,216865,Keresanthe
609593,216883,Tangali
609594,216882,Somanahalli
609595,216843,Bislehalli
609596,216868,Mathigatta
609597,216878,S.Madapura
609598,216878,S.Madapura
609599,216878,S.Madapura
609600,216835,Annegere
609601,216884,Thimlapura
609602,216884,Thimlapura
609603,216878,S.Madapura
609604,216878,S.Madapura
609605,216879,Sakrepatna
609606,216843,Bislehalli
609607,216843,Bislehalli
609608,216843,Bislehalli
609609,216840,Banur
609610,216857,Jodihochihalli
609611,216869,Nagarahal
609612,216869,Nagarahal
609613,216850,Devanur
609614,216850,Devanur
609615,216860,Jodithimmapura
609616,216850,Devanur
609617,216850,Devanur
609618,216850,Devanur
609619,216869,Nagarahal
609620,216869,Nagarahal
609621,216869,Nagarahal
609622,216857,Jodihochihalli
609623,216840,Banur
609624,216870,Nagenahalli
609625,216879,Sakrepatna
609626,216875,Pillenahalli
609627,216875,Pillenahalli
609628,216870,Nagenahalli
609629,216857,Jodihochihalli
609630,216870,Nagenahalli
609631,216870,Nagenahalli
609632,216840,Banur
609633,216871,Nidghatta
609634,216871,Nidghatta
609635,216850,Devanur
609636,216850,Devanur
609637,216847,Chikkadevanur
609638,216849,Chowlahiriyur
609639,216865,Keresanthe
609640,216847,Chikkadevanur
609641,216847,Chikkadevanur
609642,216847,Chikkadevanur
609643,216850,Devanur
609644,216838,Ballekere
609645,216871,Nidghatta
609646,216871,Nidghatta
609647,216841,Basur
609648,216840,Banur
609649,216854,Halikere
609650,216875,Pillenahalli
609651,216870,Nagenahalli
609652,216875,Pillenahalli
609653,216875,Pillenahalli
609654,216875,Pillenahalli
609655,216854,Halikere
609656,216854,Halikere
609657,216877,S.Bidre
609658,216871,Nidghatta
609659,216871,Nidghatta
609660,216866,Kunkanadu
609661,216877,S.Bidre
609662,216877,S.Bidre
609663,216797,Bidare
609664,216797,Bidare
609665,216812,Kadavanthi
609666,216812,Kadavanthi
609667,216812,Kadavanthi
609668,216802,Devadana
609669,216802,Devadana
609670,216809,Huyigere
609671,216809,Huyigere
609672,216809,Huyigere
609673,216809,Huyigere
609675,216829,Shiravase
609676,216829,Shiravase
609677,216825,Melina Huluvatthi
609678,216826,Moogthihalli
609679,216833,Thogarihunkal
609680,216833,Thogarihunkal
609681,216825,Melina Huluvatthi
609682,216829,Shiravase
609683,216829,Shiravase
609684,216829,Shiravase
609685,216825,Melina Huluvatthi
609686,216825,Melina Huluvatthi
609687,216804,Enam Dattathreyapeeta
609688,216833,Thogarihunkal
609689,216833,Thogarihunkal
609690,216804,Enam Dattathreyapeeta
609691,216825,Melina Huluvatthi
609692,216804,Enam Dattathreyapeeta
609693,216804,Enam Dattathreyapeeta
609694,216833,Thogarihunkal
609695,216833,Thogarihunkal
609696,216833,Thogarihunkal
609697,216793,Basaravalli
609698,216792,Avuthi
609699,216799,Byaravalli (Mallanduru)
609700,216799,Byaravalli (Mallanduru)
609701,216799,Byaravalli (Mallanduru)
609702,216799,Byaravalli (Mallanduru)
609703,216799,Byaravalli (Mallanduru)
609704,216792,Avuthi
609705,216792,Avuthi
609706,216793,Basaravalli
609707,216793,Basaravalli
609708,216793,Basaravalli
609709,216793,Basaravalli
609710,216793,Basaravalli
609711,216800,Byguru
609712,216792,Avuthi
609713,216800,Byguru
609714,216800,Byguru
609715,216819,Lakya
609716,216793,Basaravalli
609717,216800,Byguru
609718,216808,Hirekolale
609719,216801,Dasarahalli
609720,216801,Dasarahalli
609721,216801,Dasarahalli
609722,216801,Dasarahalli
609723,216801,Dasarahalli
609724,216823,Mallenahalli (Bindiga)
609725,216823,Mallenahalli (Bindiga)
609726,216823,Mallenahalli (Bindiga)
609727,216789,Allampura
609728,216798,Bilekallahalli
609729,216789,Allampura
609730,216808,Hirekolale
609731,216810,Indavara
609732,216789,Allampura
609733,216789,Allampura
609734,216795,Beekanahalli
609735,216795,Beekanahalli
609736,216795,Beekanahalli
609737,216795,Beekanahalli
609738,216810,Indavara
609739,216826,Moogthihalli
609740,216826,Moogthihalli
609741,216826,Moogthihalli
609742,216826,Moogthihalli
609743,216826,Moogthihalli
609744,216832,Thegur
609745,216832,Thegur
609746,216832,Thegur
609747,216832,Thegur
609748,216795,Beekanahalli
609749,216814,Kartikere
609750,216814,Kartikere
609751,216823,Mallenahalli (Bindiga)
609752,216823,Mallenahalli (Bindiga)
609753,216798,Bilekallahalli
609755,216798,Bilekallahalli
609756,216798,Bilekallahalli
609757,216805,Eswarahalli
609758,216798,Bilekallahalli
609759,216798,Bilekallahalli
609760,216798,Bilekallahalli
609761,216798,Bilekallahalli
609762,216798,Bilekallahalli
609763,216798,Bilekallahalli
609764,216807,Hiregouja
609765,216807,Hiregouja
609766,216807,Hiregouja
609767,216818,Lakkammanahalli
609768,216818,Lakkammanahalli
609769,216818,Lakkammanahalli
609770,216807,Hiregouja
609771,216807,Hiregouja
609772,216807,Hiregouja
609773,216819,Lakya
609774,216800,Byguru
609775,216807,Hiregouja
609776,216818,Lakkammanahalli
609777,216818,Lakkammanahalli
609778,216830,Sindigere
609779,216813,Kalasapura
609780,216819,Lakya
609781,216819,Lakya
609782,216819,Lakya
609783,216819,Lakya
609784,216819,Lakya
609785,216813,Kalasapura
609786,216830,Sindigere
609787,216830,Sindigere
609788,216830,Sindigere
609789,216820,Machenahalli
609790,216820,Machenahalli
609791,216801,Dasarahalli
609792,216796,Belavadi
609793,216796,Belavadi
609794,216813,Kalasapura
609795,216813,Kalasapura
609796,216813,Kalasapura
609797,216813,Kalasapura
609798,216813,Kalasapura
609799,216805,Eswarahalli
609800,216805,Eswarahalli
609801,216805,Eswarahalli
609802,216805,Eswarahalli
609803,216796,Belavadi
609804,216796,Belavadi
609805,216820,Machenahalli
609806,216820,Machenahalli
609807,216820,Machenahalli
609808,216796,Belavadi
609809,216796,Belavadi
609810,216796,Belavadi
609811,216817,Kurubarabudihalu
609812,216817,Kurubarabudihalu
609813,216831,Thalihalla
609814,216831,Thalihalla
609815,216831,Thalihalla
609816,216821,Mailimane
609817,216831,Thalihalla
609818,216791,Anooru
609819,216791,Anooru
609820,216791,Anooru
609821,216821,Mailimane
609822,216821,Mailimane
609823,216791,Anooru
609824,216791,Anooru
609825,216791,Anooru
609826,216816,Kuduvalli
609827,216816,Kuduvalli
609828,216816,Kuduvalli
609829,216834,Vasthare
609830,216834,Vasthare
609831,216834,Vasthare
609832,216834,Vasthare
609833,216816,Kuduvalli
609834,216816,Kuduvalli
609835,216816,Kuduvalli
609836,216816,Kuduvalli
609837,216834,Vasthare
609838,216794,Baskal
609839,216794,Baskal
609840,216816,Kuduvalli
609841,216834,Vasthare
609842,216794,Baskal
609843,216794,Baskal
609844,216794,Baskal
609845,216794,Baskal
609846,216794,Baskal
609847,216794,Baskal
609848,216794,Baskal
609849,216803,Doddamagaravalli
609850,216803,Doddamagaravalli
609851,216803,Doddamagaravalli
609852,216788,Aldur
609853,216803,Doddamagaravalli
609854,216803,Doddamagaravalli
609855,216788,Aldur
609856,216788,Aldur
609857,216815,Kelagooru
609858,216828,Satthihalli
609859,216828,Satthihalli
609860,216828,Satthihalli
609861,216815,Kelagooru
609862,216815,Kelagooru
609863,216804,Enam Dattathreyapeeta
609864,216826,Moogthihalli
609865,216790,Amble
609866,216827,Mugulavalli
609867,216806,Hariharadahalli
609868,216806,Hariharadahalli
609869,216806,Hariharadahalli
609870,216824,Marle
609871,216827,Mugulavalli
609872,216790,Amble
609873,216790,Amble
609874,216822,Malaloor
609875,216811,K.R.Pete (Bigganahallidakale)
609876,216811,K.R.Pete (Bigganahallidakale)
609877,216811,K.R.Pete (Bigganahallidakale)
609878,216811,K.R.Pete (Bigganahallidakale)
609879,216811,K.R.Pete (Bigganahallidakale)
609880,216811,K.R.Pete (Bigganahallidakale)
609881,216811,K.R.Pete (Bigganahallidakale)
609882,216811,K.R.Pete (Bigganahallidakale)
609883,216822,Malaloor
609884,216822,Malaloor
609885,216811,K.R.Pete (Bigganahallidakale)
609886,216811,K.R.Pete (Bigganahallidakale)
609887,216822,Malaloor
609888,216822,Malaloor
609889,216822,Malaloor
609890,216824,Marle
609891,216824,Marle
609892,216938,Samse
609893,216938,Samse
609894,216927,Hornadu
609895,216941,Thotadur
609896,216941,Thotadur
609897,216941,Thotadur
609898,216930,Kalasa (Mavinakere
609899,216930,Kalasa (Mavinakere
609900,216928,Idkani
609901,216928,Idkani
609902,216934,Marasanige
609903,216934,Marasanige
609904,216928,Idkani
609905,216939,Sunkasale
609906,216939,Sunkasale
609907,216939,Sunkasale
609908,216939,Sunkasale
609909,216921,Coove
609910,216921,Coove
609911,216921,Coove
609912,216921,Coove
609913,216939,Sunkasale
609914,216929,Javali
609915,216939,Sunkasale
609916,216929,Javali
609917,216939,Sunkasale
609918,216939,Sunkasale
609919,216939,Sunkasale
609920,216929,Javali
609921,216916,Balur
609922,216929,Javali
609923,216936,Niduvale
609924,216936,Niduvale
609925,216929,Javali
609926,216916,Balur
609927,216940,Taruve
609928,216917,Banakal
609929,216917,Banakal
609930,216932,Kundur
609931,216932,Kundur
609932,216915,B.Bosahalli (Bharatibylu)
609933,216915,B.Bosahalli (Bharatibylu)
609934,216917,Banakal
609935,216940,Taruve
609936,216940,Taruve
609937,216942,Tripura
609938,216942,Tripura
609939,216942,Tripura
609940,216937,Phalguni
609941,216937,Phalguni
609942,216937,Phalguni
609943,216918,Bettagere
609944,216918,Bettagere
609945,216942,Tripura
609946,216942,Tripura
609947,216942,Tripura
609948,216942,Tripura
609949,216918,Bettagere
609950,216918,Bettagere
609951,216942,Tripura
609952,216918,Bettagere
609953,216942,Tripura
609954,216919,Bidarahalli
609955,216919,Bidarahalli
609956,216919,Bidarahalli
609957,216919,Bidarahalli
609958,216919,Bidarahalli
609959,216926,Hesagal (Belagola)
609960,216926,Hesagal (Belagola)
609961,216926,Hesagal (Belagola)
609962,216926,Hesagal (Belagola)
609963,216935,Nandipura
609964,216935,Nandipura
609965,216935,Nandipura
609966,216935,Nandipura
609967,216935,Nandipura
609968,216935,Nandipura
609969,216933,Makonahalli
609970,216933,Makonahalli
609971,216933,Makonahalli
609972,216933,Makonahalli
609973,216926,Hesagal (Belagola)
609974,216926,Hesagal (Belagola)
609975,216926,Hesagal (Belagola)
609976,216924,Halemudigere
609977,216924,Halemudigere
609978,216919,Bidarahalli
609979,216924,Halemudigere
609980,216924,Halemudigere
609981,216926,Hesagal (Belagola)
609982,216933,Makonahalli
609983,216935,Nandipura
609984,216935,Nandipura
609985,216924,Halemudigere
609986,216924,Halemudigere
609987,216922,Daradahalli
609988,216922,Daradahalli
609989,216922,Daradahalli
609990,216922,Daradahalli
609991,216924,Halemudigere
609992,216924,Halemudigere
609993,216935,Nandipura
609994,216935,Nandipura
609995,216943,Urubage
609996,216943,Urubage
609997,216943,Urubage
609998,216925,Hanthuru
609999,216943,Urubage
610000,216925,Hanthuru
610001,216925,Hanthuru
610002,216925,Hanthuru
610003,216920,Chinniga
610004,216920,Chinniga
610005,216923,Gonibeedu
610006,216923,Gonibeedu
610007,216923,Gonibeedu
610008,216920,Chinniga
610009,216920,Chinniga
610010,216925,Hanthuru
610011,216925,Hanthuru
610012,216925,Hanthuru
610013,216943,Urubage
610014,216943,Urubage
610015,216943,Urubage
610016,216943,Urubage
610017,216943,Urubage
610018,216943,Urubage
610019,216943,Urubage
610020,216925,Hanthuru
610021,216925,Hanthuru
610022,216931,Kirugunda
610023,216920,Chinniga
610024,216931,Kirugunda
610025,216923,Gonibeedu
610026,216923,Gonibeedu
610027,216931,Kirugunda
610028,216931,Kirugunda
610029,216931,Kirugunda
610030,216923,Gonibeedu
610031,216923,Gonibeedu
610032,220102,Doddayenegere
610033,220102,Doddayenegere
610034,220102,Doddayenegere
610035,220102,Doddayenegere
610036,220102,Doddayenegere
610037,220102,Doddayenegere
610038,220102,Doddayenegere
610039,220102,Doddayenegere
610040,220102,Doddayenegere
610041,220113,Koragere
610042,220113,Koragere
610043,220099,Chowlakatte
610044,220106,Handanakere
610045,220106,Handanakere
610046,220106,Handanakere
610047,220106,Handanakere
610048,220099,Chowlakatte
610049,220099,Chowlakatte
610051,220099,Chowlakatte
610052,220099,Chowlakatte
610053,220099,Chowlakatte
610054,220099,Chowlakatte
610055,220106,Handanakere
610056,220115,Malligere
610057,220115,Malligere
610058,220106,Handanakere
610059,220115,Malligere
610060,220115,Malligere
610061,220115,Malligere
610062,220115,Malligere
610063,220099,Chowlakatte
610064,220096,Baraguru
610065,220096,Baraguru
610066,220098,Bellagulla
610067,220096,Baraguru
610068,220098,Bellagulla
610069,220098,Bellagulla
610070,220098,Bellagulla
610071,220096,Baraguru
610072,220096,Baraguru
610073,220096,Baraguru
610074,220096,Baraguru
610075,220116,Mathighatta
610076,220116,Mathighatta
610077,220116,Mathighatta
610078,220115,Malligere
610079,220116,Mathighatta
610080,220116,Mathighatta
610081,220114,Kuppur
610082,220114,Kuppur
610083,220096,Baraguru
610084,220116,Mathighatta
610085,220096,Baraguru
610086,220096,Baraguru
610087,220096,Baraguru
610088,220104,Ganadallu
610089,220100,Dasodi
610090,220100,Dasodi
610091,220108,Hoysalakatte
610092,220100,Dasodi
610093,220108,Hoysalakatte
610094,220104,Ganadallu
610095,220104,Ganadallu
610096,220112,Kenkere
610097,220123,Yalanadu
610098,220123,Yalanadu
610099,220123,Yalanadu
610100,220113,Koragere
610101,220113,Koragere
610102,220113,Koragere
610103,220113,Koragere
610104,220123,Yalanadu
610108,220112,Kenkere
610109,220104,Ganadallu
610110,220104,Ganadallu
610111,220104,Ganadallu
610112,220104,Ganadallu
610113,220108,Hoysalakatte
610114,220108,Hoysalakatte
610115,220108,Hoysalakatte
610116,220108,Hoysalakatte
610117,220108,Hoysalakatte
610118,220108,Hoysalakatte
610119,220104,Ganadallu
610120,220104,Ganadallu
610121,220097,Barakanallu
610122,220101,Doddabidre
610123,220120,Timmalaapura
610124,220120,Timmalaapura
610125,220120,Timmalaapura
610126,220120,Timmalaapura
610127,220101,Doddabidre
610128,220101,Doddabidre
610129,220101,Doddabidre
610130,220101,Doddabidre
610131,220101,Doddabidre
610132,220101,Doddabidre
610133,220101,Doddabidre
610134,220097,Barakanallu
610135,220097,Barakanallu
610136,220097,Barakanallu
610137,220097,Barakanallu
610138,220097,Barakanallu
610139,220097,Barakanallu
610140,220097,Barakanallu
610141,220097,Barakanallu
610142,220097,Barakanallu
610143,220111,Kandikere
610144,220111,Kandikere
610145,220111,Kandikere
610146,220121,Timmanahalli
610147,220121,Timmanahalli
610148,220121,Timmanahalli
610150,220121,Timmanahalli
610151,220118,Ramanahalli
610152,220118,Ramanahalli
610153,220111,Kandikere
610154,220111,Kandikere
610155,220111,Kandikere
610156,220111,Kandikere
610157,220111,Kandikere
610158,220111,Kandikere
610159,220117,Muddenahalli
610160,220117,Muddenahalli
610161,220111,Kandikere
610162,220111,Kandikere
610163,220111,Kandikere
610164,220118,Ramanahalli
610165,220118,Ramanahalli
610168,220118,Ramanahalli
610169,220118,Ramanahalli
610170,220118,Ramanahalli
610171,220118,Ramanahalli
610172,220122,Tirthapura
610173,220118,Ramanahalli
610174,220118,Ramanahalli
610175,220118,Ramanahalli
610176,220122,Tirthapura
610177,220118,Ramanahalli
610178,220118,Ramanahalli
610179,220122,Tirthapura
610181,220122,Tirthapura
610182,220122,Tirthapura
610183,220122,Tirthapura
610184,220122,Tirthapura
610185,220122,Tirthapura
610186,220114,Kuppur
610187,220114,Kuppur
610188,220117,Muddenahalli
610189,220117,Muddenahalli
610190,220117,Muddenahalli
610191,220117,Muddenahalli
610192,220117,Muddenahalli
610193,220117,Muddenahalli
610194,220117,Muddenahalli
610195,220117,Muddenahalli
610196,220117,Muddenahalli
610197,220114,Kuppur
610198,220114,Kuppur
610199,220114,Kuppur
610200,220103,Dugudihalli
610202,220107,Honnebagi
610203,220107,Honnebagi
610204,220117,Muddenahalli
610205,220107,Honnebagi
610206,220107,Honnebagi
610209,220107,Honnebagi
610210,220107,Honnebagi
610211,220107,Honnebagi
610213,220107,Honnebagi
610216,220103,Dugudihalli
610217,220103,Dugudihalli
610218,220103,Dugudihalli
610219,220103,Dugudihalli
610220,220103,Dugudihalli
610222,220107,Honnebagi
610224,220107,Honnebagi
610225,220114,Kuppur
610226,220099,Chowlakatte
610227,220114,Kuppur
610228,220114,Kuppur
610229,220114,Kuppur
610230,220114,Kuppur
610231,220119,Shettikere
610232,220103,Dugudihalli
610233,220103,Dugudihalli
610234,220103,Dugudihalli
610235,220103,Dugudihalli
610236,220119,Shettikere
610237,220103,Dugudihalli
610238,220119,Shettikere
610239,220119,Shettikere
610240,220119,Shettikere
610241,220119,Shettikere
610242,220110,J.C.Pura
610243,220119,Shettikere
610244,220110,J.C.Pura
610245,220110,J.C.Pura
610246,220110,J.C.Pura
610247,220110,J.C.Pura
610248,220110,J.C.Pura
610249,220110,J.C.Pura
610250,220110,J.C.Pura
610251,220105,Godekere
610252,220110,J.C.Pura
610253,220105,Godekere
610254,220110,J.C.Pura
610255,220110,J.C.Pura
610256,220110,J.C.Pura
610257,220110,J.C.Pura
610258,220105,Godekere
610259,220105,Godekere
610260,220105,Godekere
610261,220105,Godekere
610262,220105,Godekere
610263,220107,Honnebagi
610264,220105,Godekere
610266,220297,Dvaranakunte
610267,220297,Dvaranakunte
610268,220318,Tadakallur
610269,220318,Tadakallur
610270,220318,Tadakallur
610271,220296,Doddabanagere
610272,220296,Doddabanagere
610273,220296,Doddabanagere
610274,220296,Doddabanagere
610275,220303,Hullikunte
610276,220303,Hullikunte
610277,220297,Dvaranakunte
610278,220297,Dvaranakunte
610279,220297,Dvaranakunte
610280,220297,Dvaranakunte
610281,272814,Changavara
610282,220303,Hullikunte
610283,220321,Yadalakuku (Hosahalli)
610284,220321,Yadalakuku (Hosahalli)
610285,220303,Hullikunte
610286,220296,Doddabanagere
610287,220296,Doddabanagere
610288,220288,Baragur
610289,220288,Baragur
610290,220288,Baragur
610291,220321,Yadalakuku (Hosahalli)
610292,220321,Yadalakuku (Hosahalli)
610293,220321,Yadalakuku (Hosahalli)
610294,220321,Yadalakuku (Hosahalli)
610295,220300,Handikunte
610296,220288,Baragur
610297,220288,Baragur
610299,220288,Baragur
610300,220288,Baragur
610301,220300,Handikunte
610302,220288,Baragur
610303,220300,Handikunte
610304,220300,Handikunte
610305,220300,Handikunte
610306,220300,Handikunte
610307,220300,Handikunte
610308,220300,Handikunte
610309,220304,Hunasihalli
610310,220304,Hunasihalli
610311,220302,Hosur
610312,220302,Hosur
610313,220302,Hosur
610314,272814,Changavara
610315,220289,Bevinahalli
610316,220289,Bevinahalli
610317,220302,Hosur
610318,220304,Hunasihalli
610319,220304,Hunasihalli
610320,220304,Hunasihalli
610321,220320,Tavarekere
610322,220320,Tavarekere
610323,220320,Tavarekere
610324,220320,Tavarekere
610325,220320,Tavarekere
610326,220320,Tavarekere
610327,220302,Hosur
610328,220302,Hosur
610329,220302,Hosur
610330,220299,Gowdagere
610331,220299,Gowdagere
610332,220323,Yendore
610333,220323,Yendore
610334,220312,Nadur
610335,220312,Nadur
610336,220311,Melukunte
610337,272823,Bandakunte
610338,220299,Gowdagere
610339,220299,Gowdagere
610341,220299,Gowdagere
610342,220308,Lakshmisagara
610343,220299,Gowdagere
610344,220299,Gowdagere
610345,272823,Bandakunte
610346,272823,Bandakunte
610347,220307,Kotta
610348,220311,Melukunte
610349,220310,Madalur
610350,220310,Madalur
610351,220307,Kotta
610352,272823,Bandakunte
610353,220290,Bhuvanahalli
610354,220308,Lakshmisagara
610355,220308,Lakshmisagara
610356,220320,Tavarekere
610357,220308,Lakshmisagara
610358,220308,Lakshmisagara
610359,220308,Lakshmisagara
610360,220308,Lakshmisagara
610361,220305,Huyildore
610362,220290,Bhuvanahalli
610363,220290,Bhuvanahalli
610364,220308,Lakshmisagara
610365,220290,Bhuvanahalli
610366,220307,Kotta
610367,220307,Kotta
610368,220301,Honnagondanahalli
610369,220301,Honnagondanahalli
610370,220301,Honnagondanahalli
610371,220301,Honnagondanahalli
610372,220301,Honnagondanahalli
610373,220301,Honnagondanahalli
610374,220309,Maagodu
610375,220309,Maagodu
610376,220309,Maagodu
610377,220315,Ratnasandra
610378,220315,Ratnasandra
610379,220315,Ratnasandra
610380,220315,Ratnasandra
610381,220315,Ratnasandra
610382,220315,Ratnasandra
610383,220309,Maagodu
610384,220309,Maagodu
610385,220301,Honnagondanahalli
610386,220290,Bhuvanahalli
610387,220309,Maagodu
610388,220322,Yaliyur
610390,220322,Yaliyur
610391,220290,Bhuvanahalli
610392,220290,Bhuvanahalli
610394,220322,Yaliyur
610395,220315,Ratnasandra
610396,272825,Halenahalli
610397,272822,Talagunda
610398,220313,Neralagudda
610399,220313,Neralagudda
610400,220313,Neralagudda
610401,220313,Neralagudda
610402,220313,Neralagudda
610403,272821,Kurubarahalli
610404,220305,Huyildore
610405,220305,Huyildore
610406,220313,Neralagudda
610407,220291,Bukkapatna
610411,272821,Kurubarahalli
610412,220305,Huyildore
610413,220305,Huyildore
610414,220305,Huyildore
610415,220295,Dodda Agrahara
610416,220305,Huyildore
610417,220305,Huyildore
610418,220305,Huyildore
610419,272821,Kurubarahalli
610420,220313,Neralagudda
610421,272821,Kurubarahalli
610422,220291,Bukkapatna
610423,272821,Kurubarahalli
610424,220318,Tadakallur
610425,220291,Bukkapatna
610428,220291,Bukkapatna
610429,220291,Bukkapatna
610430,220291,Bukkapatna
610431,220305,Huyildore
610432,220314,Ramalingapura
610433,220314,Ramalingapura
610434,220295,Dodda Agrahara
610435,220295,Dodda Agrahara
610436,220295,Dodda Agrahara
610437,220295,Dodda Agrahara
610438,220295,Dodda Agrahara
610439,220295,Dodda Agrahara
610440,220295,Dodda Agrahara
610441,220295,Dodda Agrahara
610442,220295,Dodda Agrahara
610443,220314,Ramalingapura
610444,220314,Ramalingapura
610445,220314,Ramalingapura
610446,220291,Bukkapatna
610448,220314,Ramalingapura
610449,220314,Ramalingapura
610452,220314,Ramalingapura
610453,220314,Ramalingapura
610454,220314,Ramalingapura
610455,220298,Gopaladevarahalli
610456,220298,Gopaladevarahalli
610457,220298,Gopaladevarahalli
610458,220298,Gopaladevarahalli
610459,220298,Gopaladevarahalli
610460,220298,Gopaladevarahalli
610461,220298,Gopaladevarahalli
610462,220298,Gopaladevarahalli
610463,220298,Gopaladevarahalli
610464,220298,Gopaladevarahalli
610465,220298,Gopaladevarahalli
610466,220298,Gopaladevarahalli
610467,220293,Chikkanahalli
610468,220293,Chikkanahalli
610469,272825,Halenahalli
610470,220292,Buppasandra
610471,220292,Buppasandra
610472,272822,Talagunda
610473,272822,Talagunda
610474,220292,Buppasandra
610476,272822,Talagunda
610477,272822,Talagunda
610478,272822,Talagunda
610479,272822,Talagunda
610480,220292,Buppasandra
610481,272821,Kurubarahalli
610482,220319,Tarur
610483,220292,Buppasandra
610484,272822,Talagunda
610485,220292,Buppasandra
610486,220319,Tarur
610487,220319,Tarur
610488,220294,Chinnenahalli
610489,220319,Tarur
610490,220319,Tarur
610491,220319,Tarur
610492,220306,Kallambella
610493,272836,Yaladabagi
610494,272836,Yaladabagi
610495,220319,Tarur
610496,220294,Chinnenahalli
610497,220319,Tarur
610498,220294,Chinnenahalli
610499,272822,Talagunda
610500,220294,Chinnenahalli
610501,220294,Chinnenahalli
610502,220294,Chinnenahalli
610503,220317,Sibi Agrahara
610504,272836,Yaladabagi
610505,272836,Yaladabagi
610506,272836,Yaladabagi
610507,220316,Sibi
610508,220316,Sibi
610509,220294,Chinnenahalli
610510,220294,Chinnenahalli
610511,220294,Chinnenahalli
610512,220294,Chinnenahalli
610513,220294,Chinnenahalli
610514,220294,Chinnenahalli
610515,220281,Siddapura
610516,220281,Siddapura
610517,220281,Siddapura
610518,220281,Siddapura
610519,220276,Potaganahalli
610520,220261,Chikkahalli
610521,220261,Chikkahalli
610522,220261,Chikkahalli
610524,220261,Chikkahalli
610525,220276,Potaganahalli
610526,220276,Potaganahalli
610527,220287,Y.N Hosakote
610529,220255,Achamanahalli
610531,220255,Achamanahalli
610532,220276,Potaganahalli
610533,220261,Chikkahalli
610534,220265,Kamanadurga
610535,220258,Budibetta
610536,220269,Maridasanahalli
610537,220269,Maridasanahalli
610538,220278,Rangasamudra
610539,220280,Saasalukunte
610540,220280,Saasalukunte
610541,220280,Saasalukunte
610542,220280,Saasalukunte
610543,220280,Saasalukunte
610544,220283,Vadanakallu
610546,220278,Rangasamudra
610547,220278,Rangasamudra
610548,220269,Maridasanahalli
610549,220269,Maridasanahalli
610550,220269,Maridasanahalli
610551,220258,Budibetta
610552,220258,Budibetta
610553,220275,Ponnasamudra
610554,220258,Budibetta
610555,220258,Budibetta
610556,220275,Ponnasamudra
610557,220275,Ponnasamudra
610558,220275,Ponnasamudra
610559,220275,Ponnasamudra
610560,220275,Ponnasamudra
610561,220265,Kamanadurga
610562,220257,B.K.Halli
610563,220257,B.K.Halli
610564,220257,B.K.Halli
610565,220257,B.K.Halli
610566,220270,Nagalamadike
610568,220270,Nagalamadike
610569,220257,B.K.Halli
610570,220273,Palavalli
610571,220265,Kamanadurga
610572,220265,Kamanadurga
610573,220273,Palavalli
610574,220273,Palavalli
610575,220273,Palavalli
610576,220273,Palavalli
610577,220273,Palavalli
610578,220270,Nagalamadike
610579,220270,Nagalamadike
610580,220270,Nagalamadike
610581,220270,Nagalamadike
610582,220270,Nagalamadike
610583,220279,Ryapa
610584,220282,Thirumani
610585,220284,Nallur
610586,220284,Nallur
610587,220284,Nallur
610588,220282,Thirumani
610589,220282,Thirumani
610591,220279,Ryapa
610592,220279,Ryapa
610593,220283,Vadanakallu
610594,220272,Nyayadagunte
610595,220272,Nyayadagunte
610596,220278,Rangasamudra
610597,220272,Nyayadagunte
610598,220278,Rangasamudra
610599,220267,Kotagudda
610600,220267,Kotagudda
610601,220267,Kotagudda
610602,220264,K.T.Halli
610603,220264,K.T.Halli
610604,220264,K.T.Halli
610605,220264,K.T.Halli
610606,220272,Nyayadagunte
610607,220272,Nyayadagunte
610608,220272,Nyayadagunte
610609,220272,Nyayadagunte
610610,220283,Vadanakallu
610611,220272,Nyayadagunte
610612,220256,Arasikere
610613,220256,Arasikere
610614,220264,K.T.Halli
610615,220263,Gujjanadu
610616,220263,Gujjanadu
610617,220271,Naligaanahalli
610618,220263,Gujjanadu
610619,220260,C.K.Pura
610620,220260,C.K.Pura
610621,220263,Gujjanadu
610622,220268,Mangasavada
610623,220256,Arasikere
610624,220256,Arasikere
610625,220256,Arasikere
610626,220256,Arasikere
610627,220268,Mangasavada
610628,220268,Mangasavada
610629,220268,Mangasavada
610630,220260,C.K.Pura
610631,220260,C.K.Pura
610632,220267,Kotagudda
610633,220275,Ponnasamudra
610634,220274,Pavagada Gramantara
610635,220274,Pavagada Gramantara
610637,272811,Kodamadagu
610638,272811,Kodamadagu
610639,272811,Kodamadagu
610640,272811,Kodamadagu
610642,220277,Rajavanthi
610643,220271,Naligaanahalli
610644,220271,Naligaanahalli
610645,220271,Naligaanahalli
610646,220271,Naligaanahalli
610647,220259,Byadanoor
610648,220259,Byadanoor
610649,220277,Rajavanthi
610650,220266,Kannameedi
610651,220266,Kannameedi
610652,220266,Kannameedi
610653,220266,Kannameedi
610654,220266,Kannameedi
610655,220277,Rajavanthi
610656,220277,Rajavanthi
610657,272811,Kodamadagu
610658,272811,Kodamadagu
610659,220285,Venkatapura
610660,220285,Venkatapura
610661,220262,Dommathamari
610662,220262,Dommathamari
610664,220286,Virupasamudra
610665,220286,Virupasamudra
610666,220286,Virupasamudra
610667,220286,Virupasamudra
610668,220251,Reddyhalli
610669,220251,Reddyhalli
610670,220251,Reddyhalli
610671,220251,Reddyhalli
610672,220251,Reddyhalli
610673,220251,Reddyhalli
610674,220251,Reddyhalli
610675,220245,Midigeshi
610677,220217,Bedathuru
610678,220217,Bedathuru
610679,220217,Bedathuru
610680,220217,Bedathuru
610681,220217,Bedathuru
610682,220217,Bedathuru
610683,220245,Midigeshi
610684,220217,Bedathuru
610685,220245,Midigeshi
610686,220251,Reddyhalli
610687,220222,Channenahalli
610688,220222,Channenahalli
610689,220222,Channenahalli
610690,220222,Channenahalli
610691,220222,Channenahalli
610693,220245,Midigeshi
610694,220217,Bedathuru
610695,220217,Bedathuru
610698,220222,Channenahalli
610699,220222,Channenahalli
610700,220222,Channenahalli
610701,220222,Channenahalli
610702,220222,Channenahalli
610703,220222,Channenahalli
610704,220234,Hosakere
610705,220222,Channenahalli
610706,220234,Hosakere
610707,220234,Hosakere
610708,220247,Nerelekere
610709,220247,Nerelekere
610710,220250,Rantavalalu
610711,220247,Nerelekere
610712,220250,Rantavalalu
610713,220247,Nerelekere
610714,220247,Nerelekere
610715,220247,Nerelekere
610716,220234,Hosakere
610717,220234,Hosakere
610718,220234,Hosakere
610719,220247,Nerelekere
610720,220252,Sajjehossahalli
610721,220252,Sajjehossahalli
610722,220252,Sajjehossahalli
610723,220252,Sajjehossahalli
610724,220252,Sajjehossahalli
610725,220252,Sajjehossahalli
610726,220252,Sajjehossahalli
610727,220250,Rantavalalu
610728,220250,Rantavalalu
610729,220250,Rantavalalu
610730,220250,Rantavalalu
610731,220250,Rantavalalu
610732,220250,Rantavalalu
610733,220250,Rantavalalu
610734,220250,Rantavalalu
610735,220243,Kotagarlahalli
610736,220243,Kotagarlahalli
610737,220243,Kotagarlahalli
610738,220221,Chandragiri
610739,220252,Sajjehossahalli
610740,220249,Rangapura
610741,220221,Chandragiri
610742,220216,Badavanahalli
610743,220221,Chandragiri
610744,220221,Chandragiri
610745,220227,Dabbeghatta
610746,220227,Dabbeghatta
610747,220227,Dabbeghatta
610748,220227,Dabbeghatta
610749,220227,Dabbeghatta
610750,220227,Dabbeghatta
610751,220230,Dodderi
610752,220230,Dodderi
610753,220230,Dodderi
610754,220216,Badavanahalli
610755,220216,Badavanahalli
610756,220249,Rangapura
610757,220249,Rangapura
610758,220216,Badavanahalli
610759,220230,Dodderi
610761,220216,Badavanahalli
610762,220230,Dodderi
610763,220230,Dodderi
610764,220227,Dabbeghatta
610765,220227,Dabbeghatta
610766,220227,Dabbeghatta
610767,220230,Dodderi
610768,220230,Dodderi
610770,220230,Dodderi
610771,220230,Dodderi
610772,220230,Dodderi
610773,220230,Dodderi
610774,220216,Badavanahalli
610775,220249,Rangapura
610776,220249,Rangapura
610777,220216,Badavanahalli
610778,220216,Badavanahalli
610779,220238,Kavanadala
610781,220238,Kavanadala
610782,220238,Kavanadala
610783,220216,Badavanahalli
610784,220238,Kavanadala
610785,220238,Kavanadala
610786,220238,Kavanadala
610787,220249,Rangapura
610788,220249,Rangapura
610789,220238,Kavanadala
610790,220238,Kavanadala
610791,220238,Kavanadala
610792,220238,Kavanadala
610793,220238,Kavanadala
610794,220238,Kavanadala
610795,220238,Kavanadala
610797,220249,Rangapura
610798,220238,Kavanadala
610801,220238,Kavanadala
610802,220226,D.V.Halli
610803,220226,D.V.Halli
610804,220253,Siddapura
610805,220253,Siddapura
610806,220253,Siddapura
610807,220244,Maruvekere
610812,220231,Ganjalagunte
610813,220231,Ganjalagunte
610814,220233,Gondihalli
610815,220231,Ganjalagunte
610816,220231,Ganjalagunte
610817,220231,Ganjalagunte
610819,220244,Maruvekere
610820,220231,Ganjalagunte
610821,220244,Maruvekere
610822,220244,Maruvekere
610823,220244,Maruvekere
610824,220244,Maruvekere
610825,220218,Bijavara
610826,220218,Bijavara
610827,220218,Bijavara
610828,220218,Bijavara
610829,220244,Maruvekere
610830,220244,Maruvekere
610831,220244,Maruvekere
610832,220253,Siddapura
610833,220253,Siddapura
610834,220253,Siddapura
610835,220253,Siddapura
610836,220253,Siddapura
610838,220253,Siddapura
610839,220226,D.V.Halli
610840,220226,D.V.Halli
610841,220226,D.V.Halli
610842,220226,D.V.Halli
610843,220226,D.V.Halli
610844,220226,D.V.Halli
610845,220225,Chinakavajra
610846,220226,D.V.Halli
610847,220226,D.V.Halli
610848,220226,D.V.Halli
610849,220226,D.V.Halli
610851,220225,Chinakavajra
610852,220225,Chinakavajra
610854,220231,Ganjalagunte
610856,220218,Bijavara
610857,220231,Ganjalagunte
610858,220218,Bijavara
610860,220218,Bijavara
610861,220218,Bijavara
610862,220218,Bijavara
610863,220218,Bijavara
610865,220232,Garani
610866,220217,Bedathuru
610867,220235,I.D.Halli
610868,220235,I.D.Halli
610869,220235,I.D.Halli
610870,220235,I.D.Halli
610871,220223,Chikkadaalavatta
610872,220223,Chikkadaalavatta
610873,220223,Chikkadaalavatta
610874,220223,Chikkadaalavatta
610875,220223,Chikkadaalavatta
610876,220223,Chikkadaalavatta
610877,220223,Chikkadaalavatta
610878,220223,Chikkadaalavatta
610879,220223,Chikkadaalavatta
610880,220223,Chikkadaalavatta
610881,220229,Doddayalkuru
610882,220229,Doddayalkuru
610883,220229,Doddayalkuru
610884,220229,Doddayalkuru
610885,220232,Garani
610886,220232,Garani
610888,220232,Garani
610889,220219,Bramhasamudra
610890,220232,Garani
610891,220219,Bramhasamudra
610893,220219,Bramhasamudra
610894,220229,Doddayalkuru
610895,220229,Doddayalkuru
610896,220229,Doddayalkuru
610897,220229,Doddayalkuru
610898,220229,Doddayalkuru
610899,220219,Bramhasamudra
610900,220219,Bramhasamudra
610901,220246,Muddenahalli
610902,220246,Muddenahalli
610903,220246,Muddenahalli
610904,220246,Muddenahalli
610905,220246,Muddenahalli
610906,220246,Muddenahalli
610907,220236,Kadagathuru
610908,220236,Kadagathuru
610909,220236,Kadagathuru
610911,220246,Muddenahalli
610912,220254,Singanahalli
610913,220254,Singanahalli
610914,220254,Singanahalli
610915,220254,Singanahalli
610916,220254,Singanahalli
610917,220254,Singanahalli
610918,220224,Chikkamaalur
610919,220240,Kodigenahalli
610920,220240,Kodigenahalli
610921,220240,Kodigenahalli
610922,220254,Singanahalli
610923,220240,Kodigenahalli
610924,220237,Kalidevapura
610925,220237,Kalidevapura
610926,220236,Kadagathuru
610927,220236,Kadagathuru
610928,220237,Kalidevapura
610929,220237,Kalidevapura
610930,220237,Kalidevapura
610931,220228,Doddamaalur
610932,220224,Chikkamaalur
610933,220224,Chikkamaalur
610934,220224,Chikkamaalur
610935,220224,Chikkamaalur
610936,220228,Doddamaalur
610937,220228,Doddamaalur
610938,220242,Kondavaadi
610939,220228,Doddamaalur
610940,220237,Kalidevapura
610941,220228,Doddamaalur
610942,220237,Kalidevapura
610943,220241,Kodlapura
610944,220219,Bramhasamudra
610945,220241,Kodlapura
610946,220241,Kodlapura
610947,220241,Kodlapura
610948,220241,Kodlapura
610949,220233,Gondihalli
610950,220233,Gondihalli
610951,220248,Puravara
610952,220233,Gondihalli
610953,220241,Kodlapura
610954,220248,Puravara
610955,220233,Gondihalli
610956,220233,Gondihalli
610957,220248,Puravara
610958,220248,Puravara
610959,220248,Puravara
610960,220242,Kondavaadi
610961,220248,Puravara
610962,220233,Gondihalli
610963,220233,Gondihalli
610964,220233,Gondihalli
610965,220233,Gondihalli
610966,220233,Gondihalli
610967,220233,Gondihalli
610968,220248,Puravara
610969,220233,Gondihalli
610970,220248,Puravara
610971,220242,Kondavaadi
610972,220248,Puravara
610973,220220,Byalya
610974,220220,Byalya
610975,220220,Byalya
610976,220239,Kodagadaala
610977,220239,Kodagadaala
610978,220220,Byalya
610979,220220,Byalya
610980,220220,Byalya
610981,220220,Byalya
610982,220242,Kondavaadi
610983,220239,Kodagadaala
610984,220239,Kodagadaala
610985,220239,Kodagadaala
610986,220239,Kodagadaala
610987,220242,Kondavaadi
610988,220242,Kondavaadi
610989,220242,Kondavaadi
610990,220175,Thovinakere
610991,220175,Thovinakere
610992,220175,Thovinakere
610993,220175,Thovinakere
610994,220175,Thovinakere
610995,220175,Thovinakere
610996,220175,Thovinakere
610997,220175,Thovinakere
610998,220175,Thovinakere
610999,220175,Thovinakere
611000,220175,Thovinakere
611002,220175,Thovinakere
611003,220175,Thovinakere
611004,220175,Thovinakere
611005,220175,Thovinakere
611006,220170,Kuramkotte
611007,220170,Kuramkotte
611008,220175,Thovinakere
611009,220175,Thovinakere
611010,220162,Budagavi
611011,220162,Budagavi
611012,220162,Budagavi
611013,220162,Budagavi
611014,220170,Kuramkotte
611015,220170,Kuramkotte
611016,220170,Kuramkotte
611017,220170,Kuramkotte
611018,220170,Kuramkotte
611019,220170,Kuramkotte
611020,220162,Budagavi
611021,220162,Budagavi
611022,220162,Budagavi
611023,220162,Budagavi
611024,220162,Budagavi
611025,220163,Bukkapatanna
611026,220163,Bukkapatanna
611027,220163,Bukkapatanna
611028,220157,Agrahaara
611029,220157,Agrahaara
611030,220163,Bukkapatanna
611031,220163,Bukkapatanna
611032,220163,Bukkapatanna
611034,220162,Budagavi
611035,220162,Budagavi
611036,220162,Budagavi
611037,220163,Bukkapatanna
611038,220163,Bukkapatanna
611039,220157,Agrahaara
611040,220157,Agrahaara
611041,220157,Agrahaara
611042,220157,Agrahaara
611043,220157,Agrahaara
611044,220157,Agrahaara
611045,220157,Agrahaara
611046,220157,Agrahaara
611048,220176,Tumbadi
611049,220176,Tumbadi
611050,220177,Vaddagere
611051,220177,Vaddagere
611052,220177,Vaddagere
611053,220177,Vaddagere
611055,220177,Vaddagere
611057,220177,Vaddagere
611058,220177,Vaddagere
611059,220176,Tumbadi
611060,220176,Tumbadi
611061,220176,Tumbadi
611062,220176,Tumbadi
611063,220176,Tumbadi
611064,220176,Tumbadi
611065,220168,Hullikunte
611066,220168,Hullikunte
611067,220168,Hullikunte
611068,220177,Vaddagere
611069,220177,Vaddagere
611070,220158,Akkirampura
611071,220168,Hullikunte
611073,220168,Hullikunte
611075,220168,Hullikunte
611077,220168,Hullikunte
611078,220168,Hullikunte
611079,220168,Hullikunte
611080,220166,Hanchihalli
611081,220166,Hanchihalli
611082,220168,Hullikunte
611084,220168,Hullikunte
611085,220166,Hanchihalli
611086,220166,Hanchihalli
611087,220166,Hanchihalli
611089,220166,Hanchihalli
611090,220166,Hanchihalli
611091,220166,Hanchihalli
611092,220174,Teeta
611093,220174,Teeta
611094,220158,Akkirampura
611095,220160,Bichapura
611096,220160,Bichapura
611097,220159,Arasapura
611098,220160,Bichapura
611099,220159,Arasapura
611100,220159,Arasapura
611101,220160,Bichapura
611102,220160,Bichapura
611103,220160,Bichapura
611104,220158,Akkirampura
611105,220158,Akkirampura
611106,220158,Akkirampura
611107,220160,Bichapura
611108,220159,Arasapura
611109,220159,Arasapura
611110,220160,Bichapura
611111,220161,Bommaladevipura
611112,220161,Bommaladevipura
611113,220167,Hollavannahalli
611114,220167,Hollavannahalli
611115,220171,Kyamenahalli
611116,220167,Hollavannahalli
611117,220168,Hullikunte
611118,220171,Kyamenahalli
611119,220171,Kyamenahalli
611120,220171,Kyamenahalli
611121,220174,Teeta
611122,220171,Kyamenahalli
611123,220174,Teeta
611124,220171,Kyamenahalli
611125,220171,Kyamenahalli
611126,220171,Kyamenahalli
611127,220161,Bommaladevipura
611128,220161,Bommaladevipura
611129,220161,Bommaladevipura
611130,220161,Bommaladevipura
611131,220161,Bommaladevipura
611132,220161,Bommaladevipura
611133,220161,Bommaladevipura
611134,220165,Doddasaagere
611135,220171,Kyamenahalli
611136,220171,Kyamenahalli
611137,220174,Teeta
611138,220174,Teeta
611139,220165,Doddasaagere
611140,220165,Doddasaagere
611141,220165,Doddasaagere
611142,220161,Bommaladevipura
611143,220161,Bommaladevipura
611144,220165,Doddasaagere
611145,220165,Doddasaagere
611146,220165,Doddasaagere
611147,220165,Doddasaagere
611148,220165,Doddasaagere
611149,220172,Mavathuru
611150,220172,Mavathuru
611151,220172,Mavathuru
611152,220172,Mavathuru
611153,220172,Mavathuru
611154,220172,Mavathuru
611155,220172,Mavathuru
611156,220172,Mavathuru
611157,220173,Nilagondanahalli
611158,220173,Nilagondanahalli
611159,220173,Nilagondanahalli
611160,220166,Hanchihalli
611161,220173,Nilagondanahalli
611162,220173,Nilagondanahalli
611163,220178,Vajjanakurike
611164,220174,Teeta
611165,220174,Teeta
611166,220174,Teeta
611167,220174,Teeta
611168,220174,Teeta
611169,220178,Vajjanakurike
611170,272807,Pathaganahalli
611171,220178,Vajjanakurike
611172,220178,Vajjanakurike
611173,220178,Vajjanakurike
611174,220173,Nilagondanahalli
611175,220173,Nilagondanahalli
611176,220173,Nilagondanahalli
611177,220179,Yelerampura
611178,220179,Yelerampura
611179,220173,Nilagondanahalli
611180,220179,Yelerampura
611181,220178,Vajjanakurike
611182,220178,Vajjanakurike
611183,272807,Pathaganahalli
611184,220178,Vajjanakurike
611185,272807,Pathaganahalli
611186,272807,Pathaganahalli
611187,272807,Pathaganahalli
611188,220164,Chinnahalli
611189,220165,Doddasaagere
611190,220165,Doddasaagere
611191,220165,Doddasaagere
611192,220165,Doddasaagere
611193,220164,Chinnahalli
611194,220164,Chinnahalli
611195,220164,Chinnahalli
611196,220164,Chinnahalli
611197,220164,Chinnahalli
611198,272807,Pathaganahalli
611200,220178,Vajjanakurike
611201,220179,Yelerampura
611202,220179,Yelerampura
611203,220179,Yelerampura
611204,220179,Yelerampura
611205,220179,Yelerampura
611206,220179,Yelerampura
611207,220179,Yelerampura
611208,220179,Yelerampura
611209,220179,Yelerampura
611210,220179,Yelerampura
611211,220169,Kollala
611212,220178,Vajjanakurike
611213,220164,Chinnahalli
611214,220164,Chinnahalli
611215,220164,Chinnahalli
611216,220164,Chinnahalli
611218,220164,Chinnahalli
611219,220164,Chinnahalli
611220,220164,Chinnahalli
611223,220164,Chinnahalli
611224,220164,Chinnahalli
611225,220169,Kollala
611226,220169,Kollala
611227,220169,Kollala
611228,220169,Kollala
611229,220169,Kollala
611231,220169,Kollala
611232,220169,Kollala
611233,220169,Kollala
611234,220169,Kollala
611235,220169,Kollala
611236,220169,Kollala
611238,220169,Kollala
611239,220169,Kollala
611240,220169,Kollala
611241,220387,Sorekunte
611242,220387,Sorekunte
611243,220381,Nelahal
611244,220381,Nelahal
611245,220381,Nelahal
611246,220381,Nelahal
611247,220381,Nelahal
611248,220381,Nelahal
611249,220387,Sorekunte
611250,220387,Sorekunte
611251,220387,Sorekunte
611252,220389,Thimmarajanahalli
611253,220389,Thimmarajanahalli
611254,220389,Thimmarajanahalli
611255,220389,Thimmarajanahalli
611256,220389,Thimmarajanahalli
611257,220389,Thimmarajanahalli
611258,220389,Thimmarajanahalli
611259,220389,Thimmarajanahalli
611260,220389,Thimmarajanahalli
611261,220389,Thimmarajanahalli
611262,220387,Sorekunte
611263,220387,Sorekunte
611264,220387,Sorekunte
611265,220356,Bellavi
611266,220356,Bellavi
611267,220356,Bellavi
611268,220389,Thimmarajanahalli
611269,220389,Thimmarajanahalli
611270,220356,Bellavi
611271,220356,Bellavi
611272,220356,Bellavi
611273,220356,Bellavi
611274,220356,Bellavi
611275,220360,Doddanaravangala
611276,220360,Doddanaravangala
611277,220356,Bellavi
611278,220357,Bugudanahalli
611279,220357,Bugudanahalli
611280,220357,Bugudanahalli
611281,220357,Bugudanahalli
611282,220357,Bugudanahalli
611283,220360,Doddanaravangala
611284,220360,Doddanaravangala
611285,220360,Doddanaravangala
611286,220360,Doddanaravangala
611287,220360,Doddanaravangala
611288,220360,Doddanaravangala
611289,220360,Doddanaravangala
611290,220357,Bugudanahalli
611291,220366,Hegere
611292,220357,Bugudanahalli
611293,220357,Bugudanahalli
611294,220381,Nelahal
611295,220381,Nelahal
611296,220381,Nelahal
611297,220381,Nelahal
611298,220381,Nelahal
611299,220381,Nelahal
611300,220381,Nelahal
611302,220375,Kestur
611303,220375,Kestur
611304,220375,Kestur
611305,220375,Kestur
611306,220375,Kestur
611307,220375,Kestur
611308,220359,Devalaapura
611309,220375,Kestur
611310,220359,Devalaapura
611312,220359,Devalaapura
611313,220359,Devalaapura
611314,220359,Devalaapura
611315,220359,Devalaapura
611316,220358,Chikkatotlakere
611317,220359,Devalaapura
611318,220359,Devalaapura
611319,220359,Devalaapura
611320,220359,Devalaapura
611321,220375,Kestur
611322,220375,Kestur
611323,220375,Kestur
611324,220389,Thimmarajanahalli
611325,220375,Kestur
611327,220389,Thimmarajanahalli
611328,220389,Thimmarajanahalli
611329,220389,Thimmarajanahalli
611330,220389,Thimmarajanahalli
611331,220389,Thimmarajanahalli
611332,220359,Devalaapura
611333,220358,Chikkatotlakere
611334,220376,Kora
611335,220358,Chikkatotlakere
611336,220376,Kora
611337,220376,Kora
611338,220376,Kora
611339,220376,Kora
611340,220376,Kora
611341,220376,Kora
611342,220376,Kora
611343,220376,Kora
611344,220376,Kora
611345,220358,Chikkatotlakere
611346,220358,Chikkatotlakere
611347,220358,Chikkatotlakere
611349,220358,Chikkatotlakere
611350,220383,Oblapura
611351,220350,Arakere
611352,220383,Oblapura
611353,220383,Oblapura
611354,220383,Oblapura
611355,220354,Beladara
611356,220354,Beladara
611357,220354,Beladara
611358,220354,Beladara
611359,220354,Beladara
611360,220354,Beladara
611361,220383,Oblapura
611362,220383,Oblapura
611363,220383,Oblapura
611364,220383,Oblapura
611365,220383,Oblapura
611366,220354,Beladara
611367,220354,Beladara
611368,220354,Beladara
611369,220351,Aregujjanahalli
611370,220351,Aregujjanahalli
611371,220351,Aregujjanahalli
611372,220351,Aregujjanahalli
611373,220351,Aregujjanahalli
611374,220390,Urdigere
611375,220390,Urdigere
611376,220390,Urdigere
611377,220351,Aregujjanahalli
611378,220377,Maidala
611379,220351,Aregujjanahalli
611380,220351,Aregujjanahalli
611381,220351,Aregujjanahalli
611382,220377,Maidala
611383,220377,Maidala
611384,220377,Maidala
611385,220377,Maidala
611386,220377,Maidala
611388,220374,Kesaramadu
611389,220374,Kesaramadu
611390,220374,Kesaramadu
611391,220374,Kesaramadu
611392,220374,Kesaramadu
611393,220374,Kesaramadu
611394,220374,Kesaramadu
611395,220368,Hirehalli
611396,220377,Maidala
611397,220368,Hirehalli
611398,220368,Hirehalli
611399,220368,Hirehalli
611400,220368,Hirehalli
611401,220368,Hirehalli
611402,220368,Hirehalli
611403,220368,Hirehalli
611404,220377,Maidala
611406,220377,Maidala
611407,220351,Aregujjanahalli
611408,220390,Urdigere
611409,220386,Sitakallu
611410,220390,Urdigere
611411,220386,Sitakallu
611412,220386,Sitakallu
611413,220386,Sitakallu
611415,220390,Urdigere
611416,220386,Sitakallu
611417,220386,Sitakallu
611418,220386,Sitakallu
611419,220386,Sitakallu
611420,220386,Sitakallu
611421,220386,Sitakallu
611422,220386,Sitakallu
611423,220386,Sitakallu
611424,220386,Sitakallu
611425,220386,Sitakallu
611426,220384,Urukere
611427,220384,Urukere
611428,220384,Urukere
611429,220384,Urukere
611430,220350,Arakere
611431,220350,Arakere
611432,220358,Chikkatotlakere
611433,220350,Arakere
611434,220384,Urukere
611435,220350,Arakere
611436,220350,Arakere
611437,220350,Arakere
611438,220350,Arakere
611439,220388,Swandenahalli
611440,220388,Swandenahalli
611441,220384,Urukere
611442,220366,Hegere
611443,220357,Bugudanahalli
611444,220366,Hegere
611445,220366,Hegere
611446,220366,Hegere
611447,220378,Malasandra
611448,220378,Malasandra
611449,220378,Malasandra
611450,220378,Malasandra
611451,220378,Malasandra
611452,220378,Malasandra
611453,220378,Malasandra
611454,220378,Malasandra
611455,220367,Hethanahalli
611456,220378,Malasandra
611457,220355,Belagumba
611458,220388,Swandenahalli
611459,220388,Swandenahalli
611460,220388,Swandenahalli
611461,220388,Swandenahalli
611462,220355,Belagumba
611463,220355,Belagumba
611466,220355,Belagumba
611467,220388,Swandenahalli
611468,220352,Ariyuru
611469,220352,Ariyuru
611470,220352,Ariyuru
611471,220352,Ariyuru
611472,220352,Ariyuru
611473,220352,Ariyuru
611474,220361,Galigenahalli
611475,220361,Galigenahalli
611476,220352,Ariyuru
611477,220361,Galigenahalli
611478,220352,Ariyuru
611479,220385,Siravara
611480,220385,Siravara
611481,220352,Ariyuru
611482,220361,Galigenahalli
611483,220361,Galigenahalli
611484,220380,Nagavalli
611485,220380,Nagavalli
611486,220380,Nagavalli
611487,220380,Nagavalli
611488,220362,Gangonahalli
611489,220362,Gangonahalli
611490,220362,Gangonahalli
611491,220362,Gangonahalli
611492,220385,Siravara
611493,220385,Siravara
611494,220385,Siravara
611495,220385,Siravara
611496,220385,Siravara
611497,220373,Kanakoppa
611501,220380,Nagavalli
611502,220370,Honasigere
611503,220370,Honasigere
611504,220370,Honasigere
611505,220353,Ballagere
611506,220353,Ballagere
611507,220353,Ballagere
611508,220362,Gangonahalli
611510,220373,Kanakoppa
611511,220373,Kanakoppa
611512,220373,Kanakoppa
611513,220373,Kanakoppa
611514,220373,Kanakoppa
611515,220373,Kanakoppa
611516,220373,Kanakoppa
611517,220373,Kanakoppa
611518,220365,Hebbur
611519,220353,Ballagere
611520,220353,Ballagere
611521,220353,Ballagere
611522,220353,Ballagere
611523,220370,Honasigere
611524,220370,Honasigere
611525,220370,Honasigere
611526,220370,Honasigere
611527,220382,Nidavallalu
611528,220382,Nidavallalu
611529,220382,Nidavallalu
611530,220382,Nidavallalu
611531,220353,Ballagere
611532,220365,Hebbur
611533,220370,Honasigere
611534,220373,Kanakoppa
611535,220373,Kanakoppa
611536,220365,Hebbur
611537,220365,Hebbur
611538,220365,Hebbur
611539,220382,Nidavallalu
611540,220382,Nidavallalu
611541,220382,Nidavallalu
611542,220382,Nidavallalu
611543,220382,Nidavallalu
611544,220382,Nidavallalu
611545,220382,Nidavallalu
611546,220361,Galigenahalli
611547,220361,Galigenahalli
611548,220367,Hethanahalli
611549,220361,Galigenahalli
611550,220367,Hethanahalli
611551,220367,Hethanahalli
611552,220367,Hethanahalli
611553,220363,Gulur
611554,220367,Hethanahalli
611555,220367,Hethanahalli
611556,220367,Hethanahalli
611557,220367,Hethanahalli
611558,220367,Hethanahalli
611559,220369,Holakal
611560,220361,Galigenahalli
611562,220369,Holakal
611563,220369,Holakal
611564,220369,Holakal
611565,220363,Gulur
611566,220363,Gulur
611567,220372,K.Palasandra
611568,220372,K.Palasandra
611569,220363,Gulur
611570,220363,Gulur
611571,220372,K.Palasandra
611572,220372,K.Palasandra
611573,220372,K.Palasandra
611574,220364,Haraluru
611575,220372,K.Palasandra
611576,220372,K.Palasandra
611577,220369,Holakal
611578,220369,Holakal
611579,220371,Honnudike
611580,220370,Honasigere
611581,220371,Honnudike
611582,220371,Honnudike
611583,220371,Honnudike
611584,220371,Honnudike
611585,220371,Honnudike
611586,220371,Honnudike
611587,220364,Haraluru
611588,220364,Haraluru
611589,220364,Haraluru
611590,220364,Haraluru
611591,220364,Haraluru
611592,220364,Haraluru
611593,220364,Haraluru
611594,220364,Haraluru
611595,220364,Haraluru
611596,220364,Haraluru
611597,220371,Honnudike
611598,220371,Honnudike
611599,220370,Honasigere
611601,220373,Kanakoppa
611602,220379,Maskal
611603,220379,Maskal
611604,220364,Haraluru
611605,220379,Maskal
611606,220379,Maskal
611607,220379,Maskal
611608,220379,Maskal
611609,220379,Maskal
611610,220379,Maskal
611611,220379,Maskal
611612,220379,Maskal
611613,220379,Maskal
611615,220135,Hagalavadi
611616,220135,Hagalavadi
611617,220135,Hagalavadi
611618,220146,Manchaladore
611619,220146,Manchaladore
611620,220146,Manchaladore
611622,220146,Manchaladore
611623,220146,Manchaladore
611624,220146,Manchaladore
611626,220146,Manchaladore
611627,220146,Manchaladore
611628,220146,Manchaladore
611629,220146,Manchaladore
611630,220146,Manchaladore
611631,220146,Manchaladore
611632,220146,Manchaladore
611633,220135,Hagalavadi
611634,220135,Hagalavadi
611636,220135,Hagalavadi
611637,220155,Shivapura
611638,220155,Shivapura
611639,220155,Shivapura
611640,220155,Shivapura
611642,220155,Shivapura
611643,220155,Shivapura
611644,220146,Manchaladore
611645,220135,Hagalavadi
611648,220155,Shivapura
611649,220155,Shivapura
611650,220155,Shivapura
611651,220155,Shivapura
611652,220155,Shivapura
611653,220155,Shivapura
611654,220138,Hosakere
611655,220138,Hosakere
611656,220138,Hosakere
611657,220138,Hosakere
611658,220138,Hosakere
611659,220138,Hosakere
611660,220138,Hosakere
611661,220125,Allilughatta
611663,220125,Allilughatta
611664,220125,Allilughatta
611665,220125,Allilughatta
611666,220125,Allilughatta
611667,220125,Allilughatta
611668,220127,Ankasandra
611669,220127,Ankasandra
611670,220127,Ankasandra
611671,220127,Ankasandra
611672,220127,Ankasandra
611673,220127,Ankasandra
611674,220127,Ankasandra
611675,220127,Ankasandra
611677,220127,Ankasandra
611678,220127,Ankasandra
611679,220127,Ankasandra
611680,220151,Nallur
611681,220127,Ankasandra
611682,220151,Nallur
611683,220151,Nallur
611684,220151,Nallur
611685,220127,Ankasandra
611686,220138,Hosakere
611687,220138,Hosakere
611688,220138,Hosakere
611689,220138,Hosakere
611690,220138,Hosakere
611691,220151,Nallur
611692,220131,Chellur
611693,220151,Nallur
611694,220151,Nallur
611695,220151,Nallur
611696,220151,Nallur
611697,220140,Irakasandra
611698,220140,Irakasandra
611699,220140,Irakasandra
611700,220151,Nallur
611701,220151,Nallur
611702,220151,Nallur
611703,220131,Chellur
611704,220131,Chellur
611705,220131,Chellur
611706,220131,Chellur
611707,220131,Chellur
611708,220131,Chellur
611709,220131,Chellur
611710,220129,Bidire
611711,220129,Bidire
611712,220140,Irakasandra
611713,220140,Irakasandra
611714,220140,Irakasandra
611715,220140,Irakasandra
611716,220140,Irakasandra
611717,220140,Irakasandra
611718,220129,Bidire
611719,220129,Bidire
611720,220129,Bidire
611722,220129,Bidire
611723,220129,Bidire
611724,220129,Bidire
611725,220129,Bidire
611726,220140,Irakasandra
611727,220140,Irakasandra
611728,220129,Bidire
611729,220143,Kondli
611730,220125,Allilughatta
611731,220125,Allilughatta
611733,220155,Shivapura
611734,220125,Allilughatta
611735,220125,Allilughatta
611736,220125,Allilughatta
611737,220125,Allilughatta
611738,220125,Allilughatta
611739,220125,Allilughatta
611740,220125,Allilughatta
611741,220149,Muganayanakote
611742,220149,Muganayanakote
611743,220149,Muganayanakote
611744,220149,Muganayanakote
611745,220149,Muganayanakote
611746,220149,Muganayanakote
611747,220149,Muganayanakote
611748,220149,Muganayanakote
611749,220149,Muganayanakote
611750,220149,Muganayanakote
611752,220156,Thyagattur
611753,220143,Kondli
611754,220143,Kondli
611755,220143,Kondli
611756,220143,Kondli
611757,220143,Kondli
611758,220143,Kondli
611759,220143,Kondli
611760,220143,Kondli
611761,220133,Doddagunni
611762,220133,Doddagunni
611763,220133,Doddagunni
611764,220133,Doddagunni
611765,220156,Thyagattur
611766,220156,Thyagattur
611767,220156,Thyagattur
611768,220156,Thyagattur
611769,220149,Muganayanakote
611770,220149,Muganayanakote
611771,220149,Muganayanakote
611772,220126,Ammanaghatta
611773,220152,Nittur
611774,220152,Nittur
611775,220156,Thyagattur
611776,220156,Thyagattur
611777,220152,Nittur
611778,220152,Nittur
611779,220156,Thyagattur
611780,220147,Marashettyhalli
611781,220133,Doddagunni
611782,220133,Doddagunni
611783,220147,Marashettyhalli
611784,220147,Marashettyhalli
611785,220133,Doddagunni
611786,220133,Doddagunni
611787,220133,Doddagunni
611788,220133,Doddagunni
611790,220133,Doddagunni
611791,220133,Doddagunni
611792,220133,Doddagunni
611793,220133,Doddagunni
611794,220147,Marashettyhalli
611795,220152,Nittur
611796,220147,Marashettyhalli
611797,220147,Marashettyhalli
611798,220147,Marashettyhalli
611799,220152,Nittur
611800,220152,Nittur
611801,220152,Nittur
611802,220126,Ammanaghatta
611803,220152,Nittur
611804,220128,Belavatha
611805,220128,Belavatha
611806,220147,Marashettyhalli
611807,220147,Marashettyhalli
611808,220128,Belavatha
611809,220126,Ammanaghatta
611810,220126,Ammanaghatta
611811,220126,Ammanaghatta
611812,220126,Ammanaghatta
611813,220150,Mukanahalli Patana
611814,220150,Mukanahalli Patana
611815,220150,Mukanahalli Patana
611816,220150,Mukanahalli Patana
611817,220150,Mukanahalli Patana
611818,220150,Mukanahalli Patana
611819,220150,Mukanahalli Patana
611820,220150,Mukanahalli Patana
611822,220150,Mukanahalli Patana
611823,220126,Ammanaghatta
611824,220126,Ammanaghatta
611825,220126,Ammanaghatta
611826,220150,Mukanahalli Patana
611827,220124,Adagur
611828,220150,Mukanahalli Patana
611829,220150,Mukanahalli Patana
611830,220124,Adagur
611831,220124,Adagur
611832,220124,Adagur
611833,220124,Adagur
611834,220124,Adagur
611836,220136,Herur
611837,272803,Byadigere
611838,220136,Herur
611839,220136,Herur
611840,220136,Herur
611841,220124,Adagur
611842,220136,Herur
611843,220134,G.Hosahalli
611844,220144,Koppa
611845,220134,G.Hosahalli
611846,220134,G.Hosahalli
611847,220134,G.Hosahalli
611848,220124,Adagur
611849,220124,Adagur
611850,220134,G.Hosahalli
611851,220134,G.Hosahalli
611852,220134,G.Hosahalli
611853,220154,S.Koddagihalli
611854,220154,S.Koddagihalli
611855,220154,S.Koddagihalli
611856,220154,S.Koddagihalli
611857,220154,S.Koddagihalli
611858,220154,S.Koddagihalli
611859,220154,S.Koddagihalli
611860,220154,S.Koddagihalli
611861,220147,Marashettyhalli
611862,220147,Marashettyhalli
611863,220147,Marashettyhalli
611864,220147,Marashettyhalli
611865,220147,Marashettyhalli
611866,220133,Doddagunni
611868,220147,Marashettyhalli
611869,220147,Marashettyhalli
611870,220141,Kadaba
611871,220147,Marashettyhalli
611872,220147,Marashettyhalli
611873,220128,Belavatha
611874,220128,Belavatha
611875,220141,Kadaba
611876,220141,Kadaba
611877,220141,Kadaba
611878,220141,Kadaba
611879,220128,Belavatha
611880,220128,Belavatha
611881,220128,Belavatha
611882,220128,Belavatha
611883,220144,Koppa
611884,220144,Koppa
611885,220134,G.Hosahalli
611886,220144,Koppa
611887,220144,Koppa
611888,220144,Koppa
611889,272803,Byadigere
611890,272803,Byadigere
611891,272803,Byadigere
611892,220144,Koppa
611893,220144,Koppa
611894,220145,Kunnala
611895,220145,Kunnala
611896,220145,Kunnala
611897,220145,Kunnala
611898,272803,Byadigere
611899,272803,Byadigere
611900,220134,G.Hosahalli
611901,220141,Kadaba
611902,220141,Kadaba
611903,220153,Peddanahalli
611904,220153,Peddanahalli
611905,220153,Peddanahalli
611906,220153,Peddanahalli
611907,220142,Kallur
611908,220153,Peddanahalli
611910,220153,Peddanahalli
611911,220153,Peddanahalli
611912,220153,Peddanahalli
611913,220137,Hindsagere
611914,220137,Hindsagere
611915,220137,Hindsagere
611916,220137,Hindsagere
611917,220137,Hindsagere
611918,220137,Hindsagere
611919,220142,Kallur
611920,220142,Kallur
611921,220153,Peddanahalli
611922,220153,Peddanahalli
611923,220142,Kallur
611924,220139,Idagur
611925,220137,Hindsagere
611926,220132,Chengavi
611927,220132,Chengavi
611928,220132,Chengavi
611929,220132,Chengavi
611930,220132,Chengavi
611931,220132,Chengavi
611932,220148,Mavinahalli
611933,220132,Chengavi
611934,220148,Mavinahalli
611935,220148,Mavinahalli
611936,220148,Mavinahalli
611937,220148,Mavinahalli
611938,220137,Hindsagere
611939,220137,Hindsagere
611940,220130,Chandrashekarapura
611941,220137,Hindsagere
611942,220130,Chandrashekarapura
611943,220130,Chandrashekarapura
611944,220130,Chandrashekarapura
611945,220130,Chandrashekarapura
611946,220130,Chandrashekarapura
611947,220130,Chandrashekarapura
611948,220130,Chandrashekarapura
611949,220130,Chandrashekarapura
611950,220139,Idagur
611951,220139,Idagur
611952,220139,Idagur
611953,220139,Idagur
611955,220148,Mavinahalli
611956,220139,Idagur
611957,220148,Mavinahalli
611958,220139,Idagur
611959,220139,Idagur
611960,220333,Gyaragatta
611961,220326,Baluvaneralu
611962,220326,Baluvaneralu
611963,220326,Baluvaneralu
611964,220326,Baluvaneralu
611965,220326,Baluvaneralu
611966,220326,Baluvaneralu
611967,220326,Baluvaneralu
611968,220334,Halukurike
611969,220334,Halukurike
611970,220334,Halukurike
611971,220342,Manakikere
611972,220342,Manakikere
611973,220342,Manakikere
611974,220342,Manakikere
611975,220342,Manakikere
611976,220342,Manakikere
611977,220334,Halukurike
611978,220334,Halukurike
611980,220334,Halukurike
611981,220326,Baluvaneralu
611982,220326,Baluvaneralu
611983,220326,Baluvaneralu
611984,220326,Baluvaneralu
611985,220326,Baluvaneralu
611986,220333,Gyaragatta
611987,220333,Gyaragatta
611988,220333,Gyaragatta
611989,220333,Gyaragatta
611990,220333,Gyaragatta
611991,220333,Gyaragatta
611992,220333,Gyaragatta
611993,220333,Gyaragatta
611994,220336,Honnavalli
611995,220330,Gudigondanahalli (B.G. Kaval)
611996,220336,Honnavalli
611997,220330,Gudigondanahalli (B.G. Kaval)
611998,220330,Gudigondanahalli (B.G. Kaval)
611999,220348,Sarthavalli
612000,220348,Sarthavalli
612001,220348,Sarthavalli
612002,220334,Halukurike
612003,220334,Halukurike
612004,220334,Halukurike
612005,220348,Sarthavalli
612006,220342,Manakikere
612007,220342,Manakikere
612008,220348,Sarthavalli
612009,220348,Sarthavalli
612010,220330,Gudigondanahalli (B.G. Kaval)
612011,220330,Gudigondanahalli (B.G. Kaval)
612012,220330,Gudigondanahalli (B.G. Kaval)
612013,220348,Sarthavalli
612014,220348,Sarthavalli
612015,220348,Sarthavalli
612016,220342,Manakikere
612017,220342,Manakikere
612018,220348,Sarthavalli
612020,220339,Karadi
612021,220339,Karadi
612022,220327,Biligere
612023,220327,Biligere
612025,220327,Biligere
612026,220327,Biligere
612028,220327,Biligere
612029,220327,Biligere
612030,220335,Hindiskere
612031,220335,Hindiskere
612032,220335,Hindiskere
612033,220335,Hindiskere
612035,220335,Hindiskere
612036,220335,Hindiskere
612037,220335,Hindiskere
612038,220327,Biligere
612039,220335,Hindiskere
612040,220327,Biligere
612041,220324,Araluguppe
612042,220324,Araluguppe
612043,220324,Araluguppe
612044,220324,Araluguppe
612045,220339,Karadi
612046,220339,Karadi
612047,220339,Karadi
612048,220339,Karadi
612049,220339,Karadi
612050,220339,Karadi
612051,220340,Kuppallu
612052,220340,Kuppallu
612053,220340,Kuppallu
612054,220340,Kuppallu
612055,220340,Kuppallu
612056,220340,Kuppallu
612057,220340,Kuppallu
612058,220340,Kuppallu
612059,220340,Kuppallu
612060,220324,Araluguppe
612061,220324,Araluguppe
612062,220324,Araluguppe
612063,220340,Kuppallu
612064,220341,Mathihalli
612065,220333,Gyaragatta
612066,220333,Gyaragatta
612067,220330,Gudigondanahalli (B.G. Kaval)
612068,220330,Gudigondanahalli (B.G. Kaval)
612069,220330,Gudigondanahalli (B.G. Kaval)
612070,220330,Gudigondanahalli (B.G. Kaval)
612071,220341,Mathihalli
612072,220341,Mathihalli
612073,220337,Huchhagondanahalli
612074,220337,Huchhagondanahalli
612075,220337,Huchhagondanahalli
612076,220337,Huchhagondanahalli
612077,220337,Huchhagondanahalli
612078,220337,Huchhagondanahalli
612079,220337,Huchhagondanahalli
612080,220337,Huchhagondanahalli
612081,220339,Karadi
612082,220339,Karadi
612083,220337,Huchhagondanahalli
612084,220337,Huchhagondanahalli
612085,220337,Huchhagondanahalli
612086,220329,Echanuru
612087,220337,Huchhagondanahalli
612088,220329,Echanuru
612089,220329,Echanuru
612090,220329,Echanuru
612091,220329,Echanuru
612092,220329,Echanuru
612093,220329,Echanuru
612094,220347,Rangapura
612095,220347,Rangapura
612096,220347,Rangapura
612097,220341,Mathihalli
612098,220349,Tadasur
612099,220341,Mathihalli
612100,220341,Mathihalli
612101,220341,Mathihalli
612102,220341,Mathihalli
612103,220341,Mathihalli
612104,220332,Gurugadahalli
612105,220332,Gurugadahalli
612106,220341,Mathihalli
612107,220332,Gurugadahalli
612108,220332,Gurugadahalli
612109,220332,Gurugadahalli
612110,220349,Tadasur
612111,220349,Tadasur
612112,220347,Rangapura
612113,220347,Rangapura
612114,220347,Rangapura
612115,220347,Rangapura
612116,220347,Rangapura
612117,220347,Rangapura
612118,220328,Dasarighatta
612119,220328,Dasarighatta
612120,220328,Dasarighatta
612121,220349,Tadasur
612122,220349,Tadasur
612123,220332,Gurugadahalli
612124,220349,Tadasur
612125,220349,Tadasur
612126,220349,Tadasur
612127,220349,Tadasur
612128,220349,Tadasur
612129,220328,Dasarighatta
612130,220338,Hunaseghatta
612131,220338,Hunaseghatta
612132,220347,Rangapura
612133,220344,Nagaraghatta
612134,220344,Nagaraghatta
612135,220344,Nagaraghatta
612136,220344,Nagaraghatta
612137,220344,Nagaraghatta
612138,220345,Nalligere
612139,220345,Nalligere
612140,220345,Nalligere
612141,220345,Nalligere
612143,220346,Nonavinakere
612144,220346,Nonavinakere
612145,220345,Nalligere
612146,220345,Nalligere
612147,220345,Nalligere
612148,220345,Nalligere
612149,220345,Nalligere
612150,220344,Nagaraghatta
612151,220344,Nagaraghatta
612152,220344,Nagaraghatta
612153,220344,Nagaraghatta
612154,220344,Nagaraghatta
612155,220344,Nagaraghatta
612156,220338,Hunaseghatta
612157,220344,Nagaraghatta
612158,220344,Nagaraghatta
612159,220338,Hunaseghatta
612160,220338,Hunaseghatta
612161,220338,Hunaseghatta
612162,220328,Dasarighatta
612163,220328,Dasarighatta
612164,220328,Dasarighatta
612165,220338,Hunaseghatta
612166,220338,Hunaseghatta
612167,220338,Hunaseghatta
612168,220325,Bajaguru
612169,220325,Bajaguru
612170,220325,Bajaguru
612171,220346,Nonavinakere
612172,220331,Gungurmalle
612173,220331,Gungurmalle
612174,220331,Gungurmalle
612175,220331,Gungurmalle
612176,220331,Gungurmalle
612177,220331,Gungurmalle
612178,220325,Bajaguru
612179,220325,Bajaguru
612180,220343,Masavanaghatta
612181,220343,Masavanaghatta
612182,220343,Masavanaghatta
612183,220343,Masavanaghatta
612184,220343,Masavanaghatta
612185,220343,Masavanaghatta
612186,220343,Masavanaghatta
612187,220343,Masavanaghatta
612188,220331,Gungurmalle
612189,220331,Gungurmalle
612190,220331,Gungurmalle
612191,220403,Lokammanahalli
612192,220394,Banasandra
612193,220394,Banasandra
612194,220394,Banasandra
612195,220394,Banasandra
612196,220394,Banasandra
612197,220394,Banasandra
612198,272837,Hadavanahalli
612199,272837,Hadavanahalli
612200,220397,Dandinashivara
612201,220397,Dandinashivara
612202,220394,Banasandra
612203,220399,Hullekere
612204,220394,Banasandra
612205,220394,Banasandra
612206,220403,Lokammanahalli
612207,220403,Lokammanahalli
612208,220403,Lokammanahalli
612209,220403,Lokammanahalli
612210,220403,Lokammanahalli
612211,220403,Lokammanahalli
612212,220392,Anekere
612213,220403,Lokammanahalli
612214,220403,Lokammanahalli
612215,220403,Lokammanahalli
612216,220403,Lokammanahalli
612217,220403,Lokammanahalli
612218,220408,Muniyur
612219,220408,Muniyur
612220,220408,Muniyur
612221,220408,Muniyur
612222,220414,Talakere
612223,220414,Talakere
612225,220414,Talakere
612226,220414,Talakere
612227,220404,Madihalli
612228,220404,Madihalli
612230,220404,Madihalli
612231,220408,Muniyur
612232,220408,Muniyur
612234,220403,Lokammanahalli
612235,220392,Anekere
612236,220401,Kodigehalli
612237,220392,Anekere
612238,220392,Anekere
612239,220392,Anekere
612240,220392,Anekere
612241,220392,Anekere
612242,220401,Kodigehalli
612243,220401,Kodigehalli
612245,220401,Kodigehalli
612246,220401,Kodigehalli
612247,220401,Kodigehalli
612248,220404,Madihalli
612249,220404,Madihalli
612250,220404,Madihalli
612251,220414,Talakere
612252,220404,Madihalli
612253,220404,Madihalli
612254,220398,Goni Tumkur
612256,220391,Ammasandra
612257,272837,Hadavanahalli
612258,272837,Hadavanahalli
612259,272837,Hadavanahalli
612260,220410,Sampige
612261,272837,Hadavanahalli
612262,272837,Hadavanahalli
612264,220397,Dandinashivara
612265,220410,Sampige
612266,220410,Sampige
612267,220410,Sampige
612268,220410,Sampige
612269,220411,Sampige Hossahalli
612270,220410,Sampige
612271,220410,Sampige
612272,220410,Sampige
612273,220391,Ammasandra
612274,220397,Dandinashivara
612275,220397,Dandinashivara
612276,220399,Hullekere
612277,220399,Hullekere
612278,220410,Sampige
612279,220399,Hullekere
612280,220399,Hullekere
612281,220399,Hullekere
612282,220397,Dandinashivara
612283,220399,Hullekere
612284,220399,Hullekere
612285,220399,Hullekere
612286,220399,Hullekere
612288,220399,Hullekere
612290,220399,Hullekere
612291,220399,Hullekere
612292,220399,Hullekere
612293,220402,Kondajji
612294,220410,Sampige
612295,220410,Sampige
612296,220411,Sampige Hossahalli
612297,220411,Sampige Hossahalli
612298,220411,Sampige Hossahalli
612300,220411,Sampige Hossahalli
612301,220411,Sampige Hossahalli
612302,220411,Sampige Hossahalli
612303,220402,Kondajji
612304,220402,Kondajji
612305,220402,Kondajji
612306,220402,Kondajji
612307,220402,Kondajji
612308,220402,Kondajji
612309,220402,Kondajji
612310,220402,Kondajji
612311,220414,Talakere
612312,220416,Vadavanaghata
612313,220414,Talakere
612315,220416,Vadavanaghata
612316,220415,Tandaga
612317,220415,Tandaga
612318,220415,Tandaga
612319,220415,Tandaga
612320,220415,Tandaga
612321,220415,Tandaga
612322,220415,Tandaga
612323,220415,Tandaga
612324,220400,Kanathur
612325,220400,Kanathur
612326,220400,Kanathur
612327,220400,Kanathur
612328,220400,Kanathur
612329,220393,Aremallenahalli
612330,220415,Tandaga
612331,220393,Aremallenahalli
612332,220415,Tandaga
612333,220415,Tandaga
612334,220398,Goni Tumkur
612335,220398,Goni Tumkur
612336,220398,Goni Tumkur
612337,220398,Goni Tumkur
612338,220409,Muthugadahalli
612339,220409,Muthugadahalli
612340,220409,Muthugadahalli
612341,220406,Mavinakere
612342,220406,Mavinakere
612343,220406,Mavinakere
612344,220406,Mavinakere
612345,220406,Mavinakere
612346,220406,Mavinakere
612347,220409,Muthugadahalli
612348,220398,Goni Tumkur
612349,220398,Goni Tumkur
612350,220393,Aremallenahalli
612351,220393,Aremallenahalli
612352,220393,Aremallenahalli
612353,220393,Aremallenahalli
612354,220400,Kanathur
612355,220400,Kanathur
612356,220393,Aremallenahalli
612357,220393,Aremallenahalli
612358,220398,Goni Tumkur
612359,220398,Goni Tumkur
612360,220406,Mavinakere
612361,220406,Mavinakere
612362,220393,Aremallenahalli
612363,220396,Dabbeghatta
612364,220396,Dabbeghatta
612365,220396,Dabbeghatta
612366,220396,Dabbeghatta
612367,220396,Dabbeghatta
612368,220396,Dabbeghatta
612369,220396,Dabbeghatta
612370,220404,Madihalli
612371,220409,Muthugadahalli
612372,220413,Soravanahalli
612373,220416,Vadavanaghata
612374,220416,Vadavanaghata
612375,220416,Vadavanaghata
612376,220416,Vadavanaghata
612377,220416,Vadavanaghata
612378,220416,Vadavanaghata
612379,220416,Vadavanaghata
612380,220413,Soravanahalli
612381,220409,Muthugadahalli
612382,220409,Muthugadahalli
612383,220407,Mayasandra
612384,220413,Soravanahalli
612385,220413,Soravanahalli
612386,220407,Mayasandra
612387,220413,Soravanahalli
612388,220405,Manichendur
612389,220405,Manichendur
612390,220405,Manichendur
612391,220405,Manichendur
612392,220416,Vadavanaghata
612393,220405,Manichendur
612394,220405,Manichendur
612395,220405,Manichendur
612396,220412,Settigondanahalli
612397,220412,Settigondanahalli
612398,220412,Settigondanahalli
612399,220412,Settigondanahalli
612400,220412,Settigondanahalli
612401,220412,Settigondanahalli
612402,220412,Settigondanahalli
612403,220412,Settigondanahalli
612404,220412,Settigondanahalli
612406,220405,Manichendur
612407,220412,Settigondanahalli
612408,220405,Manichendur
612409,220405,Manichendur
612410,220405,Manichendur
612411,220405,Manichendur
612412,220413,Soravanahalli
612413,220413,Soravanahalli
612414,220407,Mayasandra
612415,220407,Mayasandra
612416,220407,Mayasandra
612417,220407,Mayasandra
612418,220395,Bitarahossalli
612419,220395,Bitarahossalli
612420,220395,Bitarahossalli
612421,220395,Bitarahossalli
612422,220395,Bitarahossalli
612423,220395,Bitarahossalli
612424,220413,Soravanahalli
612425,220395,Bitarahossalli
612426,220412,Settigondanahalli
612427,220395,Bitarahossalli
612428,220395,Bitarahossalli
612429,220395,Bitarahossalli
612430,220395,Bitarahossalli
612431,220395,Bitarahossalli
612432,220395,Bitarahossalli
612433,220395,Bitarahossalli
612435,220204,Nagasandra
612436,220204,Nagasandra
612437,220204,Nagasandra
612438,220204,Nagasandra
612439,220204,Nagasandra
612440,220204,Nagasandra
612441,220204,Nagasandra
612442,220204,Nagasandra
612443,220204,Nagasandra
612445,220204,Nagasandra
612447,220204,Nagasandra
612448,220204,Nagasandra
612449,220204,Nagasandra
612450,220194,Kaggere
612451,220214,Yediyur
612452,220214,Yediyur
612453,220214,Yediyur
612454,220214,Yediyur
612455,220199,Koppa
612456,220204,Nagasandra
612457,220204,Nagasandra
612458,220204,Nagasandra
612459,220199,Koppa
612460,220199,Koppa
612461,220203,Nademavinapura
612462,220203,Nademavinapura
612463,220203,Nademavinapura
612464,220203,Nademavinapura
612465,220203,Nademavinapura
612466,220199,Koppa
612467,220199,Koppa
612468,220199,Koppa
612470,220214,Yediyur
612471,220214,Yediyur
612472,220214,Yediyur
612473,220199,Koppa
612474,220199,Koppa
612475,220194,Kaggere
612476,220194,Kaggere
612477,220194,Kaggere
612479,220202,Markonahalli
612480,220194,Kaggere
612482,220199,Koppa
612483,220199,Koppa
612484,220214,Yediyur
612485,220214,Yediyur
612486,220214,Yediyur
612487,220214,Yediyur
612488,220214,Yediyur
612489,220214,Yediyur
612491,220202,Markonahalli
612492,220202,Markonahalli
612493,220202,Markonahalli
612494,220199,Koppa
612495,220194,Kaggere
612496,220194,Kaggere
612497,220204,Nagasandra
612498,220182,Baktharahalli
612499,220182,Baktharahalli
612500,220182,Baktharahalli
612501,220182,Baktharahalli
612502,220209,Taredkuppa
612503,220209,Taredkuppa
612504,220209,Taredkuppa
612505,220209,Taredkuppa
612506,220209,Taredkuppa
612507,220209,Taredkuppa
612508,220209,Taredkuppa
612509,220181,Baagenahalli
612510,220181,Baagenahalli
612511,220182,Baktharahalli
612512,220182,Baktharahalli
612513,220182,Baktharahalli
612514,220182,Baktharahalli
612515,220201,Madikehalli
612517,220201,Madikehalli
612518,220201,Madikehalli
612519,220201,Madikehalli
612520,220201,Madikehalli
612521,220201,Madikehalli
612522,220201,Madikehalli
612523,220201,Madikehalli
612524,220201,Madikehalli
612525,220201,Madikehalli
612526,220200,Kothagere
612527,220200,Kothagere
612528,220200,Kothagere
612529,220200,Kothagere
612530,220181,Baagenahalli
612531,220182,Baktharahalli
612532,220181,Baagenahalli
612533,220181,Baagenahalli
612534,220181,Baagenahalli
612535,220181,Baagenahalli
612537,220200,Kothagere
612538,220200,Kothagere
612539,220215,Yeleyur
612541,220183,Begur
612542,220215,Yeleyur
612543,220215,Yeleyur
612544,220215,Yeleyur
612545,220215,Yeleyur
612546,220215,Yeleyur
612547,220215,Yeleyur
612548,220215,Yeleyur
612549,220215,Yeleyur
612550,220195,Kempanahalli
612551,220195,Kempanahalli
612552,220212,Utharidurga
612553,220215,Yeleyur
612554,220212,Utharidurga
612555,220212,Utharidurga
612556,220215,Yeleyur
612557,220212,Utharidurga
612558,220212,Utharidurga
612559,220212,Utharidurga
612560,220195,Kempanahalli
612561,220195,Kempanahalli
612562,220196,Kithanamangala
612563,220196,Kithanamangala
612564,220208,Ippadi
612565,220208,Ippadi
612566,220208,Ippadi
612567,220208,Ippadi
612568,220195,Kempanahalli
612569,220212,Utharidurga
612570,220212,Utharidurga
612571,220212,Utharidurga
612572,220192,Joddihossahalli
612573,220192,Joddihossahalli
612574,220192,Joddihossahalli
612575,220186,D.Hosahalli
612576,220192,Joddihossahalli
612577,220192,Joddihossahalli
612578,220192,Joddihossahalli
612579,220208,Ippadi
612580,220184,Bilidevalaya
612581,220184,Bilidevalaya
612582,220184,Bilidevalaya
612584,220200,Kothagere
612586,220189,Herur
612587,220183,Begur
612589,220183,Begur
612590,220183,Begur
612591,220196,Kithanamangala
612592,220183,Begur
612593,220189,Herur
612594,220189,Herur
612595,220189,Herur
612596,220189,Herur
612599,220184,Bilidevalaya
612600,220184,Bilidevalaya
612601,220184,Bilidevalaya
612602,220190,Hosahalli
612603,220189,Herur
612605,220189,Herur
612607,220190,Hosahalli
612608,220189,Herur
612609,220189,Herur
612610,220196,Kithanamangala
612611,220196,Kithanamangala
612612,220196,Kithanamangala
612613,220196,Kithanamangala
612614,220196,Kithanamangala
612615,220190,Hosahalli
612616,220190,Hosahalli
612617,220190,Hosahalli
612618,220190,Hosahalli
612619,220190,Hosahalli
612620,220207,Santemavathur
612621,220207,Santemavathur
612622,220207,Santemavathur
612623,220207,Santemavathur
612624,220207,Santemavathur
612625,220207,Santemavathur
612626,220207,Santemavathur
612627,220207,Santemavathur
612628,220207,Santemavathur
612629,220207,Santemavathur
612630,220188,Hallevur
612631,220188,Hallevur
612632,220214,Yediyur
612633,220214,Yediyur
612634,220214,Yediyur
612635,220214,Yediyur
612636,220202,Markonahalli
612637,220202,Markonahalli
612638,220202,Markonahalli
612640,220198,Kodigehalli
612641,220198,Kodigehalli
612642,220198,Kodigehalli
612643,220198,Kodigehalli
612644,220198,Kodigehalli
612645,220198,Kodigehalli
612646,220198,Kodigehalli
612647,220198,Kodigehalli
612648,220198,Kodigehalli
612649,220198,Kodigehalli
612650,220198,Kodigehalli
612651,220202,Markonahalli
612652,220202,Markonahalli
612653,220202,Markonahalli
612654,220202,Markonahalli
612655,220206,Paduvagere
612656,220202,Markonahalli
612657,220202,Markonahalli
612658,220180,Amruthur
612659,220180,Amruthur
612660,220180,Amruthur
612661,220193,K.Honamaachana Halli
612662,220193,K.Honamaachana Halli
612663,220193,K.Honamaachana Halli
612664,220191,Jinnagara
612665,220191,Jinnagara
612666,220191,Jinnagara
612667,220191,Jinnagara
612668,220206,Paduvagere
612670,220206,Paduvagere
612671,220191,Jinnagara
612672,220191,Jinnagara
612673,220193,K.Honamaachana Halli
612674,220205,Nidasale
612675,220193,K.Honamaachana Halli
612676,220191,Jinnagara
612677,220191,Jinnagara
612678,220191,Jinnagara
612679,220206,Paduvagere
612680,220206,Paduvagere
612681,220206,Paduvagere
612682,220193,K.Honamaachana Halli
612683,220193,K.Honamaachana Halli
612684,220193,K.Honamaachana Halli
612685,220213,Yedavani
612686,220213,Yedavani
612687,220213,Yedavani
612688,220213,Yedavani
612689,220213,Yedavani
612690,220213,Yedavani
612691,220213,Yedavani
612692,220213,Yedavani
612693,220188,Hallevur
612694,220188,Hallevur
612695,220186,D.Hosahalli
612696,220186,D.Hosahalli
612697,220186,D.Hosahalli
612699,220186,D.Hosahalli
612700,220186,D.Hosahalli
612701,220192,Joddihossahalli
612702,220211,Ujjanni
612703,220185,Chowdanakuppe
612704,220185,Chowdanakuppe
612705,220185,Chowdanakuppe
612706,220185,Chowdanakuppe
612707,220185,Chowdanakuppe
612708,220185,Chowdanakuppe
612709,220185,Chowdanakuppe
612710,220185,Chowdanakuppe
612711,220186,D.Hosahalli
612713,220192,Joddihossahalli
612714,220186,D.Hosahalli
612715,220188,Hallevur
612716,220188,Hallevur
612717,220188,Hallevur
612718,220197,Kodavathi
612719,220197,Kodavathi
612720,220197,Kodavathi
612721,220197,Kodavathi
612722,220197,Kodavathi
612723,220197,Kodavathi
612724,220187,H.Durga
612725,220187,H.Durga
612726,220197,Kodavathi
612727,220188,Hallevur
612728,220187,H.Durga
612729,220185,Chowdanakuppe
612730,220185,Chowdanakuppe
612731,220185,Chowdanakuppe
612732,220185,Chowdanakuppe
612733,220210,Tavarekere
612734,220210,Tavarekere
612735,220210,Tavarekere
612736,220210,Tavarekere
612737,220210,Tavarekere
612738,220211,Ujjanni
612739,220210,Tavarekere
612740,220211,Ujjanni
612741,220211,Ujjanni
612742,220211,Ujjanni
612743,220211,Ujjanni
612744,220193,K.Honamaachana Halli
612745,220205,Nidasale
612746,220205,Nidasale
612747,220205,Nidasale
612748,220205,Nidasale
612749,215355,Gopalapura
612750,215355,Gopalapura
612751,215355,Gopalapura
612752,215355,Gopalapura
612753,215355,Gopalapura
612754,215359,Huskuru
612755,215359,Huskuru
612756,215359,Huskuru
612757,215359,Huskuru
612758,215355,Gopalapura
612759,215355,Gopalapura
612760,215355,Gopalapura
612761,215359,Huskuru
612762,215359,Huskuru
612763,215359,Huskuru
612764,215351,Dasanapura
612765,215359,Huskuru
612766,215359,Huskuru
612767,215359,Huskuru
612768,215359,Huskuru
612769,215359,Huskuru
612770,215359,Huskuru
612771,215359,Huskuru
612772,215359,Huskuru
612773,215344,Alur
612774,215344,Alur
612775,215344,Alur
612777,215344,Alur
612778,272973,Adakamaarana Halli
612779,272973,Adakamaarana Halli
612780,215351,Dasanapura
612781,215351,Dasanapura
612782,215370,Sondekoppa
612783,215370,Sondekoppa
612784,215370,Sondekoppa
612785,215370,Sondekoppa
612786,215361,Kittanahalli
612787,215351,Dasanapura
612788,215361,Kittanahalli
612789,272973,Adakamaarana Halli
612790,215351,Dasanapura
612796,215361,Kittanahalli
612797,215370,Sondekoppa
612798,215370,Sondekoppa
612799,215370,Sondekoppa
612800,215361,Kittanahalli
612801,215361,Kittanahalli
612802,215361,Kittanahalli
612808,272976,Kadabagere
612809,215361,Kittanahalli
612810,215361,Kittanahalli
612811,215361,Kittanahalli
612812,272976,Kadabagere
612813,272976,Kadabagere
612814,215363,Machohalli
612815,215363,Machohalli
612816,215363,Machohalli
612817,272975,Kachohalli
612822,215362,Kodigehalli
612823,215362,Kodigehalli
612824,215362,Kodigehalli
612825,215362,Kodigehalli
612826,215372,Sonnenahalli
612827,215372,Sonnenahalli
612828,215372,Sonnenahalli
612829,215345,Arekere
612830,215345,Arekere
612831,215345,Arekere
612832,215345,Arekere
612833,215345,Arekere
612834,215367,Rajanukunte
612835,215345,Arekere
612836,215345,Arekere
612837,215372,Sonnenahalli
612838,215372,Sonnenahalli
612839,215372,Sonnenahalli
612840,215372,Sonnenahalli
612841,215372,Sonnenahalli
612842,215345,Arekere
612843,215345,Arekere
612844,215345,Arekere
612845,215367,Rajanukunte
612846,215367,Rajanukunte
612847,215367,Rajanukunte
612848,215367,Rajanukunte
612849,215367,Rajanukunte
612850,215369,Singanayakanahalli
612851,215368,Shivakotte
612852,215368,Shivakotte
612854,215356,Hesarughatta
612855,215368,Shivakotte
612856,215368,Shivakotte
612857,215368,Shivakotte
612858,215353,Doddajala
612859,215369,Singanayakanahalli
612860,215369,Singanayakanahalli
612861,215369,Singanayakanahalli
612862,215368,Shivakotte
612863,215368,Shivakotte
612864,215358,Hurulichikkanahalli
612865,215356,Hesarughatta
612866,215356,Hesarughatta
612867,215358,Hurulichikkanahalli
612868,215358,Hurulichikkanahalli
612869,215358,Hurulichikkanahalli
612870,215368,Shivakotte
612871,215368,Shivakotte
612872,215360,Kasagattapura
612873,215368,Shivakotte
612874,215360,Kasagattapura
612875,215360,Kasagattapura
612876,215358,Hurulichikkanahalli
612877,272979,Meenukunte
612878,215358,Hurulichikkanahalli
612879,215360,Kasagattapura
612880,215360,Kasagattapura
612881,215360,Kasagattapura
612882,215360,Kasagattapura
612883,215360,Kasagattapura
612884,215348,Bettahalasooru
612885,215348,Bettahalasooru
612886,215348,Bettahalasooru
612887,215358,Hurulichikkanahalli
612888,215353,Doddajala
612889,272979,Meenukunte
612890,272979,Meenukunte
612891,272979,Meenukunte
612892,215348,Bettahalasooru
612893,215348,Bettahalasooru
612894,215348,Bettahalasooru
612895,215348,Bettahalasooru
612896,272979,Meenukunte
612897,215350,Chikkajala
612898,272979,Meenukunte
612899,215353,Doddajala
612900,215353,Doddajala
612901,215368,Shivakotte
612902,215353,Doddajala
612903,215347,Bandikodagehalli
612904,215353,Doddajala
612905,215347,Bandikodagehalli
612906,215353,Doddajala
612907,215353,Doddajala
612908,272979,Meenukunte
612912,272980,Sathanooru
612913,272980,Sathanooru
612914,215366,Marenahalli
612915,215346,Bagalur
612916,215347,Bandikodagehalli
612917,215347,Bandikodagehalli
612918,215347,Bandikodagehalli
612920,215347,Bandikodagehalli
612921,215347,Bandikodagehalli
612922,215347,Bandikodagehalli
612923,215347,Bandikodagehalli
612924,215347,Bandikodagehalli
612925,215347,Bandikodagehalli
612926,215366,Marenahalli
612927,215366,Marenahalli
612928,215366,Marenahalli
612929,215366,Marenahalli
612930,215345,Arekere
612931,215366,Marenahalli
612932,215369,Singanayakanahalli
612933,215369,Singanayakanahalli
612934,215354,Gantiganahalli
612935,215354,Gantiganahalli
612936,215354,Gantiganahalli
612937,215369,Singanayakanahalli
612938,215369,Singanayakanahalli
612939,215369,Singanayakanahalli
612940,215354,Gantiganahalli
612941,215354,Gantiganahalli
612942,215354,Gantiganahalli
612943,215352,Vaderahalli
612944,215352,Vaderahalli
612945,215352,Vaderahalli
612946,215352,Vaderahalli
612947,215352,Vaderahalli
612953,215348,Bettahalasooru
612959,215377,Choolanayakanahalli
612960,215377,Choolanayakanahalli
612961,215377,Choolanayakanahalli
612962,215377,Choolanayakanahalli
612963,215377,Choolanayakanahalli
612964,215377,Choolanayakanahalli
612965,272984,Channena Halli
612966,272984,Channena Halli
612967,272984,Channena Halli
612968,215377,Choolanayakanahalli
612969,215377,Choolanayakanahalli
612970,215377,Choolanayakanahalli
612971,215377,Choolanayakanahalli
612972,215377,Choolanayakanahalli
612973,215377,Choolanayakanahalli
612974,215377,Choolanayakanahalli
612975,272983,Ajjanahalli
612976,215377,Choolanayakanahalli
612977,215377,Choolanayakanahalli
612978,215377,Choolanayakanahalli
612979,215391,Thaverekere
612980,215391,Thaverekere
612981,272984,Channena Halli
612982,215378,Chunchanakuppe
612983,215378,Chunchanakuppe
612984,272983,Ajjanahalli
612985,272983,Ajjanahalli
612986,215376,Chikkanahalli
612987,215376,Chikkanahalli
612988,215376,Chikkanahalli
612989,215376,Chikkanahalli
612990,215376,Chikkanahalli
612991,215376,Chikkanahalli
612992,272983,Ajjanahalli
612993,215378,Chunchanakuppe
612994,215378,Chunchanakuppe
612995,215378,Chunchanakuppe
612996,215391,Thaverekere
612997,215378,Chunchanakuppe
612998,215378,Chunchanakuppe
612999,215378,Chunchanakuppe
613000,215378,Chunchanakuppe
613001,215378,Chunchanakuppe
613002,215376,Chikkanahalli
613003,215378,Chunchanakuppe
613004,215378,Chunchanakuppe
613005,215378,Chunchanakuppe
613006,215378,Chunchanakuppe
613007,215378,Chunchanakuppe
613008,215378,Chunchanakuppe
613009,215387,Ramohalli
613010,215389,Sulikere
613011,215389,Sulikere
613012,215389,Sulikere
613013,215387,Ramohalli
613014,215387,Ramohalli
613015,215387,Ramohalli
613016,215387,Ramohalli
613017,215387,Ramohalli
613018,215389,Sulikere
613019,215387,Ramohalli
613020,215385,Kumbalagodu
613021,215382,K.Gollahalli
613022,215385,Kumbalagodu
613023,215381,H.Gollahalli
613024,215381,H.Gollahalli
613025,215382,K.Gollahalli
613026,215382,K.Gollahalli
613027,215382,K.Gollahalli
613028,215382,K.Gollahalli
613029,215382,K.Gollahalli
613030,215382,K.Gollahalli
613031,215382,K.Gollahalli
613032,215382,K.Gollahalli
613033,215382,K.Gollahalli
613034,215382,K.Gollahalli
613035,215381,H.Gollahalli
613036,215373,Agara
613037,215382,K.Gollahalli
613038,215382,K.Gollahalli
613039,215373,Agara
613040,215383,Kagglipura
613041,215383,Kagglipura
613042,215383,Kagglipura
613043,215383,Kagglipura
613044,272986,Nelaguli
613045,272986,Nelaguli
613046,272986,Nelaguli
613047,215390,Taralu
613048,215390,Taralu
613049,215390,Taralu
613050,215388,Somanahalli
613051,272986,Nelaguli
613052,272986,Nelaguli
613053,215388,Somanahalli
613054,215390,Taralu
613055,215388,Somanahalli
613057,302614,Hommadevanahalli
613058,302614,Hommadevanahalli
613059,302614,Hommadevanahalli
613062,215385,Kumbalagodu
613064,215389,Sulikere
613065,245241,Kannuru
613066,245241,Kannuru
613067,215375,Bidarahalli
613068,245241,Kannuru
613069,215375,Bidarahalli
613070,215375,Bidarahalli
613071,215375,Bidarahalli
613072,245241,Kannuru
613073,245243,Doddagubbi
613074,245241,Kannuru
613075,245243,Doddagubbi
613076,245243,Doddagubbi
613077,215375,Bidarahalli
613078,245243,Doddagubbi
613079,215375,Bidarahalli
613080,272988,Kittaganuru
613081,272988,Kittaganuru
613082,215375,Bidarahalli
613083,215375,Bidarahalli
613084,215375,Bidarahalli
613085,215375,Bidarahalli
613086,215386,Manduru
613087,215386,Manduru
613088,215386,Manduru
613089,215386,Manduru
613090,215386,Manduru
613091,215386,Manduru
613092,215386,Manduru
613093,215386,Manduru
613094,215386,Manduru
613095,215386,Manduru
613096,215386,Manduru
613097,215386,Manduru
613098,215386,Manduru
613099,215386,Manduru
613100,215374,Avalahalli
613101,215374,Avalahalli
613102,215374,Avalahalli
613103,272988,Kittaganuru
613104,245244,Sheegehalli
613105,215379,Doddabanahalli
613106,215379,Doddabanahalli
613107,215379,Doddabanahalli
613108,215379,Doddabanahalli
613109,215379,Doddabanahalli
613110,215379,Doddabanahalli
613111,272987,Kannamangala
613112,272987,Kannamangala
613113,215379,Doddabanahalli
613114,245244,Sheegehalli
613115,245242,Halanayakanahalli
613116,245242,Halanayakanahalli
613117,245245,Kodathi
613118,245245,Kodathi
613119,245245,Kodathi
613120,245242,Halanayakanahalli
613121,245242,Halanayakanahalli
613122,245245,Kodathi
613123,245245,Kodathi
613124,245241,Kannuru
613125,245241,Kannuru
613126,245243,Doddagubbi
613127,215313,Bannerugatta
613128,215313,Bannerugatta
613129,215313,Bannerugatta
613130,215313,Bannerugatta
613131,215313,Bannerugatta
613132,215313,Bannerugatta
613134,215330,Mantapa
613135,215330,Mantapa
613136,215325,Indlavadi
613137,215330,Mantapa
613138,215330,Mantapa
613139,215330,Mantapa
613140,215330,Mantapa
613141,215330,Mantapa
613142,215330,Mantapa
613143,215330,Mantapa
613144,215330,Mantapa
613145,215330,Mantapa
613146,215330,Mantapa
613147,215330,Mantapa
613148,215327,Kallubalu
613149,215327,Kallubalu
613150,215327,Kallubalu
613151,215327,Kallubalu
613152,215337,Ragihalli
613153,215337,Ragihalli
613154,215325,Indlavadi
613155,215335,Neraluru
613156,215327,Kallubalu
613157,215327,Kallubalu
613158,215323,Hulimangala
613159,215323,Hulimangala
613160,215323,Hulimangala
613161,215323,Hulimangala
613163,215322,Hennagara
613164,215323,Hulimangala
613165,215323,Hulimangala
613168,215320,Haragadde
613169,215320,Haragadde
613170,215327,Kallubalu
613171,215327,Kallubalu
613172,215320,Haragadde
613173,215320,Haragadde
613174,215320,Haragadde
613175,215320,Haragadde
613176,215322,Hennagara
613177,215322,Hennagara
613178,215322,Hennagara
613179,215322,Hennagara
613180,215322,Hennagara
613181,215322,Hennagara
613182,215322,Hennagara
613183,215322,Hennagara
613184,215329,Shanthipura
613185,215329,Shanthipura
613187,215329,Shanthipura
613188,215329,Shanthipura
613189,215329,Shanthipura
613190,215329,Shanthipura
613191,215324,Huskur
613192,215324,Huskur
613193,215324,Huskur
613194,215324,Huskur
613195,215324,Huskur
613196,215324,Huskur
613197,215324,Huskur
613198,215324,Huskur
613199,215334,Muttanalluru
613200,215334,Muttanalluru
613201,215334,Muttanalluru
613202,215334,Muttanalluru
613203,215334,Muttanalluru
613204,215334,Muttanalluru
613205,215334,Muttanalluru
613206,215334,Muttanalluru
613207,215334,Muttanalluru
613208,215342,Yamare
613209,215336,Neriga
613210,215336,Neriga
613211,215336,Neriga
613212,215336,Neriga
613213,215336,Neriga
613214,215336,Neriga
613215,215336,Neriga
613216,215342,Yamare
613217,215342,Yamare
613218,215342,Yamare
613219,215342,Yamare
613220,215334,Muttanalluru
613221,215342,Yamare
613222,215319,Handenahalli
613223,215319,Handenahalli
613224,215319,Handenahalli
613225,215319,Handenahalli
613226,215319,Handenahalli
613227,215319,Handenahalli
613228,215319,Handenahalli
613229,215319,Handenahalli
613230,272972,Billapura
613231,272972,Billapura
613232,272972,Billapura
613233,215342,Yamare
613234,215342,Yamare
613235,215336,Neriga
613236,215336,Neriga
613237,215336,Neriga
613238,215336,Neriga
613239,215336,Neriga
613240,215333,Mugaluru
613241,215333,Mugaluru
613242,215333,Mugaluru
613243,215333,Mugaluru
613244,215333,Mugaluru
613245,215333,Mugaluru
613246,215333,Mugaluru
613247,215333,Mugaluru
613248,215333,Mugaluru
613249,215333,Mugaluru
613250,215333,Mugaluru
613251,215333,Mugaluru
613252,215333,Mugaluru
613253,215333,Mugaluru
613266,215335,Neraluru
613267,215335,Neraluru
613268,215335,Neraluru
613270,215335,Neraluru
613271,215335,Neraluru
613272,215335,Neraluru
613273,215335,Neraluru
613274,215335,Neraluru
613275,215335,Neraluru
613276,215332,Mayasandra
613277,215332,Mayasandra
613278,215332,Mayasandra
613279,215332,Mayasandra
613280,215312,Ballur
613281,215312,Ballur
613282,215312,Ballur
613283,215332,Mayasandra
613284,215312,Ballur
613285,215332,Mayasandra
613286,215327,Kallubalu
613287,215314,Bidaraguppe
613288,215314,Bidaraguppe
613289,215314,Bidaraguppe
613290,215314,Bidaraguppe
613291,215314,Bidaraguppe
613292,215312,Ballur
613293,215338,Samandur
613294,215320,Haragadde
613295,215316,Byagadadenahalli
613296,215320,Haragadde
613297,215340,Suragajakkanahalli
613298,215340,Suragajakkanahalli
613299,215340,Suragajakkanahalli
613300,215325,Indlavadi
613301,215325,Indlavadi
613302,215325,Indlavadi
613303,215325,Indlavadi
613304,215325,Indlavadi
613305,215325,Indlavadi
613306,215325,Indlavadi
613307,215340,Suragajakkanahalli
613308,215340,Suragajakkanahalli
613309,215340,Suragajakkanahalli
613310,215340,Suragajakkanahalli
613311,215340,Suragajakkanahalli
613312,215316,Byagadadenahalli
613313,215316,Byagadadenahalli
613314,215316,Byagadadenahalli
613315,215316,Byagadadenahalli
613316,215331,Marasur
613317,215331,Marasur
613318,215331,Marasur
613319,215331,Marasur
613320,215331,Marasur
613321,215316,Byagadadenahalli
613322,215316,Byagadadenahalli
613323,215316,Byagadadenahalli
613324,215340,Suragajakkanahalli
613325,215340,Suragajakkanahalli
613326,215340,Suragajakkanahalli
613327,215341,Vanakanahalli
613328,215341,Vanakanahalli
613329,215341,Vanakanahalli
613330,215341,Vanakanahalli
613331,215341,Vanakanahalli
613332,215341,Vanakanahalli
613333,215341,Vanakanahalli
613334,215341,Vanakanahalli
613335,215341,Vanakanahalli
613336,215341,Vanakanahalli
613337,215338,Samandur
613338,215338,Samandur
613339,215338,Samandur
613340,215338,Samandur
613341,215338,Samandur
613342,215338,Samandur
613343,215338,Samandur
613344,215328,Karpur
613345,215316,Byagadadenahalli
613346,215316,Byagadadenahalli
613347,215328,Karpur
613348,215328,Karpur
613349,215328,Karpur
613350,215328,Karpur
613351,215328,Karpur
613352,215338,Samandur
613353,215338,Samandur
613354,215318,Dommasandra
613356,215323,Hulimangala
613358,215339,Sarjapura
613361,219225,Madapura
613362,219225,Madapura
613363,219225,Madapura
613364,219225,Madapura
613365,219225,Madapura
613366,219225,Madapura
613367,219209,Anagola
613368,219209,Anagola
613369,219209,Anagola
613370,219209,Anagola
613371,219209,Anagola
613372,219209,Anagola
613373,219206,Aikanahalli
613374,219224,Lakshmi Pura
613375,219225,Madapura
613376,219225,Madapura
613377,219217,Dabbegatta
613378,219217,Dabbegatta
613379,219217,Dabbegatta
613380,219217,Dabbegatta
613381,219217,Dabbegatta
613382,219224,Lakshmi Pura
613383,219224,Lakshmi Pura
613384,219206,Aikanahalli
613385,219206,Aikanahalli
613386,219222,Ichanahalli
613387,219206,Aikanahalli
613388,219206,Aikanahalli
613389,219206,Aikanahalli
613390,219224,Lakshmi Pura
613391,219208,Alambadi Kaval
613392,219212,Bandihole
613393,219224,Lakshmi Pura
613394,219217,Dabbegatta
613395,219217,Dabbegatta
613396,219217,Dabbegatta
613397,219217,Dabbegatta
613398,219216,Chowdenahalli
613399,219223,Kikkeri
613400,219221,Hirikalale
613401,219224,Lakshmi Pura
613402,219224,Lakshmi Pura
613403,219223,Kikkeri
613404,219223,Kikkeri
613405,219223,Kikkeri
613406,219216,Chowdenahalli
613407,219210,Ballekere
613408,219233,Shilanere
613409,219216,Chowdenahalli
613410,219216,Chowdenahalli
613411,219216,Chowdenahalli
613412,219216,Chowdenahalli
613413,219227,Makavalli
613414,219216,Chowdenahalli
613415,219216,Chowdenahalli
613416,219216,Chowdenahalli
613417,219233,Shilanere
613418,219214,Bharathipuracross
613419,219214,Bharathipuracross
613420,219214,Bharathipuracross
613421,219224,Lakshmi Pura
613422,219214,Bharathipuracross
613423,219204,Aghalaya
613424,219204,Aghalaya
613425,219204,Aghalaya
613426,219204,Aghalaya
613427,219204,Aghalaya
613428,219204,Aghalaya
613429,219231,Santhebachahalli
613430,219231,Santhebachahalli
613431,219231,Santhebachahalli
613432,219231,Santhebachahalli
613433,219231,Santhebachahalli
613434,219231,Santhebachahalli
613435,219204,Aghalaya
613436,219204,Aghalaya
613437,219204,Aghalaya
613438,219204,Aghalaya
613439,219204,Aghalaya
613440,219215,Bookanakere
613441,219231,Santhebachahalli
613442,219232,Sarangi
613443,219230,Ranganathapura Cross
613444,219230,Ranganathapura Cross
613445,219204,Aghalaya
613446,219230,Ranganathapura Cross
613447,219230,Ranganathapura Cross
613448,219230,Ranganathapura Cross
613449,219230,Ranganathapura Cross
613450,219214,Bharathipuracross
613451,219214,Bharathipuracross
613452,219221,Hirikalale
613453,219214,Bharathipuracross
613454,219219,Haralahalli
613455,219230,Ranganathapura Cross
613456,219230,Ranganathapura Cross
613457,219230,Ranganathapura Cross
613458,219230,Ranganathapura Cross
613459,219230,Ranganathapura Cross
613460,219230,Ranganathapura Cross
613462,219235,Somanahalli
613463,219230,Ranganathapura Cross
613464,219232,Sarangi
613465,219230,Ranganathapura Cross
613466,219232,Sarangi
613467,219232,Sarangi
613468,219232,Sarangi
613469,219214,Bharathipuracross
613470,219232,Sarangi
613471,219232,Sarangi
613472,219232,Sarangi
613473,219232,Sarangi
613474,219225,Madapura
613475,219230,Ranganathapura Cross
613476,219230,Ranganathapura Cross
613477,219234,Sindhagatta
613478,219232,Sarangi
613479,219234,Sindhagatta
613480,219234,Sindhagatta
613481,219219,Haralahalli
613482,219219,Haralahalli
613483,219219,Haralahalli
613484,219219,Haralahalli
613485,219219,Haralahalli
613486,219219,Haralahalli
613487,219205,Agraharabachahalli
613488,219234,Sindhagatta
613489,219234,Sindhagatta
613490,219234,Sindhagatta
613491,219234,Sindhagatta
613492,219234,Sindhagatta
613493,219219,Haralahalli
613494,219219,Haralahalli
613495,219219,Haralahalli
613496,219219,Haralahalli
613497,219219,Haralahalli
613498,219219,Haralahalli
613499,219219,Haralahalli
613500,219233,Shilanere
613501,219229,Murukanahalli
613502,219229,Murukanahalli
613503,219228,Mandagere
613504,219211,Ballenahalli
613505,219229,Murukanahalli
613506,219229,Murukanahalli
613507,219233,Shilanere
613508,219233,Shilanere
613509,219233,Shilanere
613510,219233,Shilanere
613511,219208,Alambadi Kaval
613512,219233,Shilanere
613513,219233,Shilanere
613514,219236,Tendekere
613515,219216,Chowdenahalli
613516,219233,Shilanere
613517,219233,Shilanere
613518,219236,Tendekere
613519,219236,Tendekere
613520,219236,Tendekere
613521,219236,Tendekere
613522,219214,Bharathipuracross
613523,219222,Ichanahalli
613524,219236,Tendekere
613525,219210,Ballekere
613526,219236,Tendekere
613527,219222,Ichanahalli
613528,219222,Ichanahalli
613529,219227,Makavalli
613530,219212,Bandihole
613531,219227,Makavalli
613532,219227,Makavalli
613533,219221,Hirikalale
613534,219214,Bharathipuracross
613535,219221,Hirikalale
613536,219221,Hirikalale
613537,219205,Agraharabachahalli
613538,219205,Agraharabachahalli
613539,219205,Agraharabachahalli
613540,219205,Agraharabachahalli
613541,219221,Hirikalale
613542,219221,Hirikalale
613543,219235,Somanahalli
613544,219221,Hirikalale
613545,219227,Makavalli
613546,219213,Beeruvalli
613547,219212,Bandihole
613548,219212,Bandihole
613549,219212,Bandihole
613550,219224,Lakshmi Pura
613551,219212,Bandihole
613552,219227,Makavalli
613554,219205,Agraharabachahalli
613555,219205,Agraharabachahalli
613556,219205,Agraharabachahalli
613557,219219,Haralahalli
613558,219205,Agraharabachahalli
613559,219205,Agraharabachahalli
613560,219205,Agraharabachahalli
613561,219205,Agraharabachahalli
613562,219205,Agraharabachahalli
613563,219229,Murukanahalli
613564,219220,Hariharapura
613565,219220,Hariharapura
613566,219220,Hariharapura
613567,219220,Hariharapura
613568,219220,Hariharapura
613569,219220,Hariharapura
613570,219220,Hariharapura
613571,219220,Hariharapura
613572,219220,Hariharapura
613573,219220,Hariharapura
613574,219237,Vitalapura
613575,219237,Vitalapura
613576,219237,Vitalapura
613577,219216,Chowdenahalli
613578,219210,Ballekere
613579,219210,Ballekere
613580,219228,Mandagere
613581,219228,Mandagere
613582,219228,Mandagere
613583,219228,Mandagere
613584,219228,Mandagere
613585,219228,Mandagere
613586,219229,Murukanahalli
613587,219228,Mandagere
613588,219227,Makavalli
613589,219228,Mandagere
613590,219228,Mandagere
613591,219228,Mandagere
613592,219213,Beeruvalli
613593,219213,Beeruvalli
613594,219213,Beeruvalli
613595,219213,Beeruvalli
613596,219213,Beeruvalli
613597,219213,Beeruvalli
613598,219211,Ballenahalli
613599,219213,Beeruvalli
613600,219213,Beeruvalli
613601,219213,Beeruvalli
613602,219213,Beeruvalli
613603,219213,Beeruvalli
613604,219213,Beeruvalli
613605,219213,Beeruvalli
613606,219213,Beeruvalli
613607,219207,Akkihebbalu
613608,219213,Beeruvalli
613609,219207,Akkihebbalu
613610,219207,Akkihebbalu
613611,219207,Akkihebbalu
613612,219207,Akkihebbalu
613613,219207,Akkihebbalu
613614,219207,Akkihebbalu
613615,219207,Akkihebbalu
613616,219208,Alambadi Kaval
613617,219208,Alambadi Kaval
613618,219208,Alambadi Kaval
613619,219224,Lakshmi Pura
613620,219233,Shilanere
613621,219235,Somanahalli
613622,219235,Somanahalli
613623,219231,Santhebachahalli
613624,219221,Hirikalale
613625,219237,Vitalapura
613626,219235,Somanahalli
613627,219235,Somanahalli
613628,219235,Somanahalli
613629,219226,Maduvina Kodi
613630,219226,Maduvina Kodi
613631,219226,Maduvina Kodi
613632,219226,Maduvina Kodi
613633,219236,Tendekere
613634,219210,Ballekere
613635,219236,Tendekere
613636,219229,Murukanahalli
613637,219216,Chowdenahalli
613638,219222,Ichanahalli
613639,219215,Bookanakere
613640,219210,Ballekere
613641,219210,Ballekere
613642,219237,Vitalapura
613643,219237,Vitalapura
613644,219218,Ganjigere
613645,219237,Vitalapura
613646,219237,Vitalapura
613647,219215,Bookanakere
613648,219215,Bookanakere
613649,219222,Ichanahalli
613650,219222,Ichanahalli
613651,219222,Ichanahalli
613652,219215,Bookanakere
613653,219231,Santhebachahalli
613654,219237,Vitalapura
613655,219237,Vitalapura
613656,219218,Ganjigere
613657,219218,Ganjigere
613658,219218,Ganjigere
613659,219218,Ganjigere
613660,219211,Ballenahalli
613661,219215,Bookanakere
613662,219222,Ichanahalli
613663,219211,Ballenahalli
613664,219211,Ballenahalli
613665,219213,Beeruvalli
613666,219211,Ballenahalli
613667,219229,Murukanahalli
613668,219218,Ganjigere
613669,219218,Ganjigere
613670,219218,Ganjigere
613671,219211,Ballenahalli
613672,219226,Maduvina Kodi
613673,219218,Ganjigere
613674,219218,Ganjigere
613675,219211,Ballenahalli
613676,219211,Ballenahalli
613677,219381,Kadabahalli
613678,219381,Kadabahalli
613679,219381,Kadabahalli
613680,219365,Arani
613681,219375,Doddabala
613682,219365,Arani
613683,219365,Arani
613684,219365,Arani
613685,219365,Arani
613686,219372,Chunchanahalli
613687,219369,Bindiganavile
613688,219365,Arani
613689,219365,Arani
613690,219365,Arani
613691,219377,Haradanahalli
613692,219365,Arani
613693,219384,Karadahalli
613694,219380,Devihalli
613695,219380,Devihalli
613696,219380,Devihalli
613697,219365,Arani
613698,219365,Arani
613699,219365,Arani
613702,219372,Chunchanahalli
613703,219372,Chunchanahalli
613704,219372,Chunchanahalli
613705,219372,Chunchanahalli
613707,219388,Nalligere
613708,219365,Arani
613711,219380,Devihalli
613712,219380,Devihalli
613713,219380,Devihalli
613714,219380,Devihalli
613715,219380,Devihalli
613716,219380,Devihalli
613717,219380,Devihalli
613718,219380,Devihalli
613719,219388,Nalligere
613720,219376,Gondenahalli
613724,219388,Nalligere
613725,219375,Doddabala
613726,219382,Kalinganahalli
613727,219382,Kalinganahalli
613728,219382,Kalinganahalli
613729,219382,Kalinganahalli
613730,219382,Kalinganahalli
613731,219376,Gondenahalli
613732,219382,Kalinganahalli
613733,219382,Kalinganahalli
613734,219382,Kalinganahalli
613735,219382,Kalinganahalli
613736,219388,Nalligere
613737,219388,Nalligere
613738,219388,Nalligere
613739,219388,Nalligere
613740,219388,Nalligere
613741,219388,Nalligere
613742,272691,Hulikere
613743,219382,Kalinganahalli
613744,219382,Kalinganahalli
613745,219382,Kalinganahalli
613746,219388,Nalligere
613747,219388,Nalligere
613748,219388,Nalligere
613749,219364,Anchechittanahalli
613750,219364,Anchechittanahalli
613751,219388,Nalligere
613752,219388,Nalligere
613753,219382,Kalinganahalli
613754,219370,Bogadhi
613755,219382,Kalinganahalli
613756,219382,Kalinganahalli
613757,219382,Kalinganahalli
613758,219377,Haradanahalli
613759,219377,Haradanahalli
613760,219381,Kadabahalli
613761,219381,Kadabahalli
613762,219381,Kadabahalli
613763,219381,Kadabahalli
613764,219381,Kadabahalli
613765,219381,Kadabahalli
613766,219380,Devihalli
613767,219380,Devihalli
613768,219381,Kadabahalli
613769,219381,Kadabahalli
613770,219385,Lalanakere
613771,219385,Lalanakere
613772,219376,Gondenahalli
613774,219376,Gondenahalli
613775,219369,Bindiganavile
613776,219376,Gondenahalli
613777,219376,Gondenahalli
613778,219389,Palagrahara
613779,219376,Gondenahalli
613780,219382,Kalinganahalli
613781,219376,Gondenahalli
613782,219376,Gondenahalli
613783,219376,Gondenahalli
613784,219385,Lalanakere
613785,219385,Lalanakere
613786,219385,Lalanakere
613787,219385,Lalanakere
613788,219385,Lalanakere
613789,219385,Lalanakere
613790,219385,Lalanakere
613791,219369,Bindiganavile
613792,219369,Bindiganavile
613793,219369,Bindiganavile
613794,219369,Bindiganavile
613795,219369,Bindiganavile
613796,219369,Bindiganavile
613798,219375,Doddabala
613799,219371,Chinya
613800,219375,Doddabala
613801,219387,Mayigonahalli
613802,219375,Doddabala
613803,219382,Kalinganahalli
613804,219375,Doddabala
613805,219385,Lalanakere
613806,219376,Gondenahalli
613807,219369,Bindiganavile
613808,219379,Honnavara
613809,219379,Honnavara
613810,219379,Honnavara
613811,219379,Honnavara
613812,219379,Honnavara
613813,219379,Honnavara
613814,219365,Arani
613815,219379,Honnavara
613816,219379,Honnavara
613818,219379,Honnavara
613819,219379,Honnavara
613820,219364,Anchechittanahalli
613821,219369,Bindiganavile
613822,219378,Honakere
613823,219375,Doddabala
613824,219375,Doddabala
613825,219379,Honnavara
613826,219379,Honnavara
613827,219379,Honnavara
613828,219379,Honnavara
613829,219379,Honnavara
613830,219379,Honnavara
613832,219370,Bogadhi
613833,219370,Bogadhi
613834,219370,Bogadhi
613835,272691,Hulikere
613836,219388,Nalligere
613837,219388,Nalligere
613838,219388,Nalligere
613839,219388,Nalligere
613840,219388,Nalligere
613841,219364,Anchechittanahalli
613842,219364,Anchechittanahalli
613843,219384,Karadahalli
613844,272691,Hulikere
613845,272691,Hulikere
613846,219364,Anchechittanahalli
613847,219388,Nalligere
613848,219367,Bhimanahalli
613849,219375,Doddabala
613850,272691,Hulikere
613851,272691,Hulikere
613852,272691,Hulikere
613853,272691,Hulikere
613854,219364,Anchechittanahalli
613855,219364,Anchechittanahalli
613856,219376,Gondenahalli
613857,219377,Haradanahalli
613858,219377,Haradanahalli
613859,219377,Haradanahalli
613860,219377,Haradanahalli
613861,219389,Palagrahara
613862,219389,Palagrahara
613863,219389,Palagrahara
613864,219364,Anchechittanahalli
613865,219364,Anchechittanahalli
613866,219384,Karadahalli
613867,272691,Hulikere
613868,219387,Mayigonahalli
613869,219387,Mayigonahalli
613870,219387,Mayigonahalli
613871,219387,Mayigonahalli
613872,219387,Mayigonahalli
613873,219375,Doddabala
613874,219375,Doddabala
613875,219375,Doddabala
613876,219387,Mayigonahalli
613877,219387,Mayigonahalli
613878,219390,Tuppadamadu
613879,219390,Tuppadamadu
613880,272691,Hulikere
613881,272691,Hulikere
613882,219390,Tuppadamadu
613886,219369,Bindiganavile
613887,219367,Bhimanahalli
613888,219389,Palagrahara
613889,219389,Palagrahara
613893,219390,Tuppadamadu
613894,219383,Kanthapura
613895,219379,Honnavara
613897,272691,Hulikere
613899,219377,Haradanahalli
613900,219383,Kanthapura
613901,219377,Haradanahalli
613902,219377,Haradanahalli
613903,219377,Haradanahalli
613904,219365,Arani
613905,219377,Haradanahalli
613906,219377,Haradanahalli
613907,219377,Haradanahalli
613908,219377,Haradanahalli
613909,219377,Haradanahalli
613910,219377,Haradanahalli
613911,219377,Haradanahalli
613912,219377,Haradanahalli
613913,219377,Haradanahalli
613914,219374,Devaramallanayakanahalli
613915,219374,Devaramallanayakanahalli
613916,219374,Devaramallanayakanahalli
613917,219374,Devaramallanayakanahalli
613918,219374,Devaramallanayakanahalli
613919,219374,Devaramallanayakanahalli
613920,219374,Devaramallanayakanahalli
613921,219374,Devaramallanayakanahalli
613922,219374,Devaramallanayakanahalli
613923,219377,Haradanahalli
613924,219377,Haradanahalli
613925,219389,Palagrahara
613926,219377,Haradanahalli
613927,219389,Palagrahara
613928,219377,Haradanahalli
613929,219374,Devaramallanayakanahalli
613930,219374,Devaramallanayakanahalli
613931,219374,Devaramallanayakanahalli
613932,219373,Devalapura
613933,219373,Devalapura
613934,219377,Haradanahalli
613935,219373,Devalapura
613936,219373,Devalapura
613937,219384,Karadahalli
613938,219384,Karadahalli
613939,219384,Karadahalli
613940,272691,Hulikere
613941,219380,Devihalli
613942,219367,Bhimanahalli
613943,219367,Bhimanahalli
613944,219383,Kanthapura
613945,219373,Devalapura
613946,219373,Devalapura
613947,219373,Devalapura
613948,219373,Devalapura
613949,219373,Devalapura
613950,219373,Devalapura
613951,219373,Devalapura
613952,219372,Chunchanahalli
613953,219367,Bhimanahalli
613954,272691,Hulikere
613955,219367,Bhimanahalli
613956,219389,Palagrahara
613957,219371,Chinya
613958,219367,Bhimanahalli
613959,219367,Bhimanahalli
613960,219367,Bhimanahalli
613961,219367,Bhimanahalli
613962,219370,Bogadhi
613963,219370,Bogadhi
613964,219370,Bogadhi
613965,219370,Bogadhi
613966,219369,Bindiganavile
613967,219377,Haradanahalli
613968,219383,Kanthapura
613969,219383,Kanthapura
613970,219383,Kanthapura
613971,219370,Bogadhi
613972,219370,Bogadhi
613973,219382,Kalinganahalli
613975,219370,Bogadhi
613976,219370,Bogadhi
613977,219370,Bogadhi
613978,219370,Bogadhi
613979,219383,Kanthapura
613980,219370,Bogadhi
613981,219383,Kanthapura
613982,219383,Kanthapura
613983,219383,Kanthapura
613984,219370,Bogadhi
613985,219383,Kanthapura
613986,219383,Kanthapura
613987,219373,Devalapura
613988,219383,Kanthapura
613989,219368,Bhramhadevarahalli
613990,219368,Bhramhadevarahalli
613991,219368,Bhramhadevarahalli
613992,219368,Bhramhadevarahalli
613993,219368,Bhramhadevarahalli
613994,219386,Mannahalli
613995,219386,Mannahalli
613996,219384,Karadahalli
613997,219384,Karadahalli
613998,219384,Karadahalli
613999,219386,Mannahalli
614000,219386,Mannahalli
614001,219386,Mannahalli
614002,219368,Bhramhadevarahalli
614003,219368,Bhramhadevarahalli
614004,219368,Bhramhadevarahalli
614005,219368,Bhramhadevarahalli
614006,219383,Kanthapura
614007,219383,Kanthapura
614008,219383,Kanthapura
614009,219370,Bogadhi
614010,219370,Bogadhi
614011,219378,Honakere
614012,219378,Honakere
614013,219378,Honakere
614014,219378,Honakere
614015,219364,Anchechittanahalli
614016,219378,Honakere
614017,219368,Bhramhadevarahalli
614018,219368,Bhramhadevarahalli
614019,219386,Mannahalli
614020,219386,Mannahalli
614021,219378,Honakere
614022,219386,Mannahalli
614023,219386,Mannahalli
614024,219371,Chinya
614025,219388,Nalligere
614026,219378,Honakere
614027,219378,Honakere
614028,219368,Bhramhadevarahalli
614029,219378,Honakere
614030,219367,Bhimanahalli
614031,219378,Honakere
614032,219365,Arani
614033,219371,Chinya
614034,219371,Chinya
614035,219378,Honakere
614036,219378,Honakere
614037,219371,Chinya
614038,219371,Chinya
614039,219371,Chinya
614040,219371,Chinya
614041,219371,Chinya
614042,219371,Chinya
614043,219371,Chinya
614044,219412,Narayanapura
614045,219392,Balagatta
614046,219392,Balagatta
614047,219392,Balagatta
614048,219392,Balagatta
614049,219392,Balagatta
614050,219392,Balagatta
614051,219392,Balagatta
614052,219392,Balagatta
614053,219411,Melukote
614054,219392,Balagatta
614055,219403,Jakkanahalli
614056,219403,Jakkanahalli
614057,219403,Jakkanahalli
614058,219403,Jakkanahalli
614059,219403,Jakkanahalli
614060,219410,Manikana Halli
614061,219403,Jakkanahalli
614062,219403,Jakkanahalli
614063,219403,Jakkanahalli
614064,219403,Jakkanahalli
614065,219403,Jakkanahalli
614066,219399,Halebeedu
614067,219399,Halebeedu
614068,219399,Halebeedu
614069,219403,Jakkanahalli
614070,219404,K Bettahalli
614071,219403,Jakkanahalli
614072,219403,Jakkanahalli
614073,219410,Manikana Halli
614074,219410,Manikana Halli
614075,219410,Manikana Halli
614076,219409,Lakshmi Sagara
614077,219409,Lakshmi Sagara
614078,219409,Lakshmi Sagara
614079,219409,Lakshmi Sagara
614080,219399,Halebeedu
614081,219399,Halebeedu
614082,219399,Halebeedu
614083,219414,T.S. Chatra
614084,219399,Halebeedu
614085,219409,Lakshmi Sagara
614086,219413,Sunkatonnur
614087,219413,Sunkatonnur
614088,219413,Sunkatonnur
614089,219413,Sunkatonnur
614090,219413,Sunkatonnur
614091,219413,Sunkatonnur
614092,219413,Sunkatonnur
614093,219392,Balagatta
614094,219412,Narayanapura
614095,219412,Narayanapura
614096,219412,Narayanapura
614097,219412,Narayanapura
614098,219412,Narayanapura
614099,219410,Manikana Halli
614100,219410,Manikana Halli
614101,219410,Manikana Halli
614102,219412,Narayanapura
614103,219412,Narayanapura
614104,219412,Narayanapura
614105,219412,Narayanapura
614106,219412,Narayanapura
614107,219412,Narayanapura
614108,219409,Lakshmi Sagara
614109,219397,Doddabyadarahalli
614110,219395,Chinakurali
614111,219395,Chinakurali
614112,219395,Chinakurali
614113,219402,Honaganahalli
614114,219395,Chinakurali
614115,219395,Chinakurali
614116,219395,Chinakurali
614117,219395,Chinakurali
614118,219395,Chinakurali
614119,219395,Chinakurali
614120,219398,Gummanahalli
614121,219396,Dinka
614122,219396,Dinka
614123,219396,Dinka
614124,219396,Dinka
614125,219396,Dinka
614126,219393,Bannangadi
614127,219398,Gummanahalli
614128,219402,Honaganahalli
614129,219402,Honaganahalli
614130,219402,Honaganahalli
614131,219402,Honaganahalli
614132,219402,Honaganahalli
614133,219391,Aralakuppe
614134,219402,Honaganahalli
614135,219393,Bannangadi
614136,219393,Bannangadi
614137,219393,Bannangadi
614138,219396,Dinka
614139,219396,Dinka
614140,219396,Dinka
614141,219396,Dinka
614142,219393,Bannangadi
614143,219393,Bannangadi
614144,219406,Katteri
614145,219406,Katteri
614146,219406,Katteri
614147,219406,Katteri
614148,219406,Katteri
614149,219406,Katteri
614150,219406,Katteri
614151,219391,Aralakuppe
614152,219391,Aralakuppe
614153,219400,Haravoo
614154,219400,Haravoo
614155,219391,Aralakuppe
614156,219400,Haravoo
614157,219400,Haravoo
614158,219404,K Bettahalli
614159,219399,Halebeedu
614160,219414,T.S. Chatra
614161,219414,T.S. Chatra
614162,219414,T.S. Chatra
614163,219414,T.S. Chatra
614164,219414,T.S. Chatra
614165,219414,T.S. Chatra
614166,219401,Hiremarali
614167,219401,Hiremarali
614168,219414,T.S. Chatra
614169,219401,Hiremarali
614170,219405,Kanagana Maradi
614171,219405,Kanagana Maradi
614172,219405,Kanagana Maradi
614173,219397,Doddabyadarahalli
614174,219397,Doddabyadarahalli
614175,219397,Doddabyadarahalli
614176,219397,Doddabyadarahalli
614177,219405,Kanagana Maradi
614178,219414,T.S. Chatra
614179,219405,Kanagana Maradi
614180,219405,Kanagana Maradi
614181,219401,Hiremarali
614182,219401,Hiremarali
614183,219394,Chikkade
614184,219394,Chikkade
614185,219394,Chikkade
614186,219407,Kennalu
614187,219394,Chikkade
614188,219407,Kennalu
614191,219401,Hiremarali
614192,219401,Hiremarali
614193,219414,T.S. Chatra
614194,219414,T.S. Chatra
614195,219414,T.S. Chatra
614196,219414,T.S. Chatra
614197,219414,T.S. Chatra
614198,219404,K Bettahalli
614199,219404,K Bettahalli
614200,219404,K Bettahalli
614201,219404,K Bettahalli
614202,219400,Haravoo
614203,219404,K Bettahalli
614204,219404,K Bettahalli
614205,219404,K Bettahalli
614206,219403,Jakkanahalli
614208,219404,K Bettahalli
614209,219407,Kennalu
614210,219408,Kyathanahalli
614211,219400,Haravoo
614212,219408,Kyathanahalli
614213,219408,Kyathanahalli
614214,219408,Kyathanahalli
614215,219420,Darasaguppe
614216,219420,Darasaguppe
614217,219420,Darasaguppe
614218,219420,Darasaguppe
614219,219420,Darasaguppe
614220,219420,Darasaguppe
614221,219426,Kirangur
614222,219420,Darasaguppe
614223,219417,Ballenahalli
614224,219417,Ballenahalli
614225,219433,Sabbanakuppe
614226,219433,Sabbanakuppe
614227,219433,Sabbanakuppe
614228,219434,T.M.Hosur
614229,219434,T.M.Hosur
614230,219434,T.M.Hosur
614231,219434,T.M.Hosur
614232,219434,T.M.Hosur
614233,219434,T.M.Hosur
614234,219433,Sabbanakuppe
614235,219433,Sabbanakuppe
614236,219417,Ballenahalli
614237,219417,Ballenahalli
614238,219425,K.Shettahalli
614239,219425,K.Shettahalli
614240,219425,K.Shettahalli
614241,219425,K.Shettahalli
614242,219430,Mundugadore
614243,219430,Mundugadore
614244,219430,Mundugadore
614245,219430,Mundugadore
614246,219430,Mundugadore
614247,219435,Thadagavadi
614248,219434,T.M.Hosur
614249,219434,T.M.Hosur
614250,219435,Thadagavadi
614251,219435,Thadagavadi
614252,219435,Thadagavadi
614253,219427,Kodiyala
614254,219427,Kodiyala
614255,219427,Kodiyala
614256,219427,Kodiyala
614257,219427,Kodiyala
614258,219416,Ballekere
614259,219421,Gamanahalli
614260,219421,Gamanahalli
614261,219421,Gamanahalli
614262,219416,Ballekere
614263,219416,Ballekere
614264,219435,Thadagavadi
614265,219427,Kodiyala
614266,219435,Thadagavadi
614267,219435,Thadagavadi
614268,219435,Thadagavadi
614269,219435,Thadagavadi
614270,219415,Arakere
614271,219416,Ballekere
614272,219416,Ballekere
614273,219423,Hulikere
614274,219423,Hulikere
614275,219423,Hulikere
614276,219423,Hulikere
614277,219422,Hosahalli
614278,219422,Hosahalli
614279,219423,Hulikere
614280,219423,Hulikere
614281,219418,Belagola
614282,219418,Belagola
614283,219422,Hosahalli
614284,219418,Belagola
614285,219422,Hosahalli
614286,219422,Hosahalli
614287,219422,Hosahalli
614288,219432,Palahalli
614289,219432,Palahalli
614290,219432,Palahalli
614291,219431,Naguvanahalli
614292,219431,Naguvanahalli
614293,219431,Naguvanahalli
614294,219431,Naguvanahalli
614295,219429,Melapura
614296,219431,Naguvanahalli
614297,219429,Melapura
614298,219428,Mahadevapura
614299,219428,Mahadevapura
614300,219428,Mahadevapura
614301,219419,Chikkaankanahalli
614302,219428,Mahadevapura
614303,219429,Melapura
614304,219429,Melapura
614305,219419,Chikkaankanahalli
614306,219419,Chikkaankanahalli
614307,219419,Chikkaankanahalli
614308,219419,Chikkaankanahalli
614309,219419,Chikkaankanahalli
614310,219423,Hulikere
614311,219353,Muthegere
614312,219353,Muthegere
614313,219323,Basaralu
614314,219323,Basaralu
614315,219323,Basaralu
614316,219323,Basaralu
614317,219323,Basaralu
614318,219323,Basaralu
614319,219323,Basaralu
614320,219323,Basaralu
614321,219344,Kambadahalli
614322,219344,Kambadahalli
614323,219344,Kambadahalli
614324,219344,Kambadahalli
614325,219344,Kambadahalli
614326,219357,Shivapura
614327,219357,Shivapura
614328,219357,Shivapura
614329,219328,Chandagalu
614330,219328,Chandagalu
614331,219328,Chandagalu
614332,219328,Chandagalu
614333,219328,Chandagalu
614334,219328,Chandagalu
614335,219336,Hallegere
614336,219336,Hallegere
614337,219330,Doddagarudanahalli
614338,219330,Doddagarudanahalli
614339,219336,Hallegere
614340,219322,Baby
614341,219330,Doddagarudanahalli
614342,219328,Chandagalu
614343,219322,Baby
614344,219322,Baby
614345,219344,Kambadahalli
614346,219322,Baby
614347,219322,Baby
614348,219323,Basaralu
614349,219323,Basaralu
614350,219323,Basaralu
614351,219323,Basaralu
614352,219353,Muthegere
614353,219353,Muthegere
614354,219353,Muthegere
614355,219353,Muthegere
614356,219323,Basaralu
614357,219322,Baby
614358,219339,Hodaghatta
614359,219322,Baby
614360,219330,Doddagarudanahalli
614361,219362,Upparakanahalli
614362,219362,Upparakanahalli
614363,219330,Doddagarudanahalli
614364,219362,Upparakanahalli
614365,219321,B.Hosur
614366,219321,B.Hosur
614367,219347,Kereagodu
614368,219351,Maragowdanahalli
614369,219351,Maragowdanahalli
614370,219330,Doddagarudanahalli
614371,219319,Alakere
614372,219319,Alakere
614373,219319,Alakere
614374,219319,Alakere
614375,219339,Hodaghatta
614376,219346,Keelara
614377,219341,Hulivana
614378,219339,Hodaghatta
614379,219339,Hodaghatta
614380,219339,Hodaghatta
614381,219339,Hodaghatta
614382,219341,Hulivana
614383,219321,B.Hosur
614384,219321,B.Hosur
614385,219321,B.Hosur
614386,219321,B.Hosur
614387,219341,Hulivana
614388,219332,G.Malligere
614389,219332,G.Malligere
614390,219332,G.Malligere
614391,219332,G.Malligere
614392,219332,G.Malligere
614393,219332,G.Malligere
614394,219332,G.Malligere
614395,219326,Bevukal
614396,219326,Bevukal
614397,219326,Bevukal
614398,219326,Bevukal
614399,219326,Bevukal
614400,219326,Bevukal
614401,219331,Dudda
614402,219352,Mudagandur
614403,219352,Mudagandur
614404,219352,Mudagandur
614405,219352,Mudagandur
614406,219352,Mudagandur
614407,219352,Mudagandur
614408,219331,Dudda
614409,219331,Dudda
614410,219331,Dudda
614411,219331,Dudda
614412,219356,Shivalli
614413,219335,H.Malligere
614414,219335,H.Malligere
614415,219356,Shivalli
614416,219356,Shivalli
614417,219335,H.Malligere
614418,219335,H.Malligere
614419,219335,H.Malligere
614420,219340,Holalu
614421,219343,Induvalu
614422,219329,Chandagalu (Dudda)
614423,219340,Holalu
614424,219333,Ganadalu
614425,219333,Ganadalu
614426,219342,Hullenahalli
614427,219356,Shivalli
614428,219356,Shivalli
614429,219331,Dudda
614430,219331,Dudda
614431,219331,Dudda
614432,219342,Hullenahalli
614433,219342,Hullenahalli
614434,219342,Hullenahalli
614435,219342,Hullenahalli
614436,219342,Hullenahalli
614437,219333,Ganadalu
614438,219329,Chandagalu (Dudda)
614439,272687,Marchakanahally
614440,272687,Marchakanahally
614441,272687,Marchakanahally
614442,219349,Mandya Rural
614443,219349,Mandya Rural
614444,219334,Gopalapura
614445,219334,Gopalapura
614446,219355,Sathanoor
614447,219355,Sathanoor
614448,219355,Sathanoor
614449,219361,Ummadahalli
614450,219361,Ummadahalli
614451,219327,Boodanur
614452,219338,Hanakere
614453,219338,Hanakere
614454,219338,Hanakere
614455,219338,Hanakere
614456,219338,Hanakere
614457,219320,B.Gowdagere
614458,219345,Kannali
614459,219360,Tubinakere (Yelechakanahalli)
614460,219360,Tubinakere (Yelechakanahalli)
614461,219360,Tubinakere (Yelechakanahalli)
614462,219360,Tubinakere (Yelechakanahalli)
614463,219363,Yaliyur
614464,219363,Yaliyur
614465,219363,Yaliyur
614466,219343,Induvalu
614467,219343,Induvalu
614468,219325,Bevinahalli
614469,219325,Bevinahalli
614470,219348,Kothathi
614471,219348,Kothathi
614472,219348,Kothathi
614473,219354,Santhekasalagere
614474,219325,Bevinahalli
614475,219325,Bevinahalli
614476,219337,Haluvadi
614477,219324,Belur
614478,219337,Haluvadi
614479,219359,Thaggahalli
614480,219358,Soonagahalli
614481,219324,Belur
614482,219358,Soonagahalli
614483,219359,Thaggahalli
614484,219337,Haluvadi
614485,219350,Mangala
614486,219350,Mangala
614487,219350,Mangala
614488,219337,Haluvadi
614489,219350,Mangala
614490,219350,Mangala
614492,219358,Soonagahalli
614493,219358,Soonagahalli
614494,219264,Koudle
614495,219264,Koudle
614496,219264,Koudle
614497,219242,Bekkalale
614498,219242,Bekkalale
614499,219242,Bekkalale
614500,219242,Bekkalale
614501,219275,Somanahalli
614502,219253,Hosagavi
614503,219253,Hosagavi
614504,219238,Abalavadi
614505,219276,Thaggahalli
614506,219276,Thaggahalli
614507,219276,Thaggahalli
614508,219263,Koppa
614509,219238,Abalavadi
614510,219238,Abalavadi
614511,219263,Koppa
614512,219263,Koppa
614513,219276,Thaggahalli
614514,219268,Maraliga
614515,219268,Maraliga
614516,219263,Koppa
614517,219238,Abalavadi
614518,219246,Bidharakote
614519,219246,Bidharakote
614520,219246,Bidharakote
614521,219246,Bidharakote
614522,219268,Maraliga
614523,219272,Niluvagilu
614524,219272,Niluvagilu
614525,219272,Niluvagilu
614526,219272,Niluvagilu
614527,219254,Hosakere
614528,219268,Maraliga
614529,219246,Bidharakote
614530,219243,Besagarahalli
614531,219243,Besagarahalli
614532,219272,Niluvagilu
614533,219254,Hosakere
614534,219254,Hosakere
614535,219254,Hosakere
614536,219254,Hosakere
614537,219254,Hosakere
614538,219255,Huthagere
614539,219255,Huthagere
614540,219255,Huthagere
614541,219255,Huthagere
614542,219267,Mallana Kuppe
614543,219267,Mallana Kuppe
614544,219267,Mallana Kuppe
614545,219267,Mallana Kuppe
614546,219267,Mallana Kuppe
614547,219267,Mallana Kuppe
614548,219267,Mallana Kuppe
614549,219255,Huthagere
614550,219255,Huthagere
614551,219255,Huthagere
614552,219261,Kesthuru
614553,219261,Kesthuru
614554,219241,Athaguru
614555,219241,Athaguru
614556,219241,Athaguru
614557,219241,Athaguru
614558,219252,Hemmanahalli
614559,219252,Hemmanahalli
614560,219259,Kadhalur
614561,219259,Kadhalur
614562,219259,Kadhalur
614563,219252,Hemmanahalli
614564,219271,Nidaghatta
614565,219275,Somanahalli
614566,219271,Nidaghatta
614567,219271,Nidaghatta
614568,219271,Nidaghatta
614569,219271,Nidaghatta
614570,219275,Somanahalli
614571,219278,Valagerehalli
614572,219254,Hosakere
614573,219278,Valagerehalli
614576,219252,Hemmanahalli
614577,219252,Hemmanahalli
614578,219253,Hosagavi
614581,219278,Valagerehalli
614582,219273,S I Honnalagere
614584,219251,Goravanahalli
614585,219274,Sadolalu
614586,219251,Goravanahalli
614587,219270,Nagarakere
614588,219275,Somanahalli
614589,219275,Somanahalli
614590,219239,Aluru
614591,219256,K Honnalagere
614592,219239,Aluru
614593,219256,K Honnalagere
614594,219256,K Honnalagere
614595,219256,K Honnalagere
614596,219256,K Honnalagere
614597,219256,K Honnalagere
614598,219257,K. Bellur
614599,219239,Aluru
614600,219239,Aluru
614601,219270,Nagarakere
614602,219251,Goravanahalli
614603,219274,Sadolalu
614604,219274,Sadolalu
614605,219270,Nagarakere
614606,219270,Nagarakere
614607,219270,Nagarakere
614608,219265,Kyathaghatta
614609,219239,Aluru
614610,219257,K. Bellur
614611,219257,K. Bellur
614612,219257,K. Bellur
614613,219257,K. Bellur
614614,219266,Madharahalli
614615,219266,Madharahalli
614616,219266,Madharahalli
614617,219279,Yadaganahalli
614618,219279,Yadaganahalli
614619,219266,Madharahalli
614620,219258,K. Shettahalli
614621,219249,Doddarasinakare
614622,219248,Chikkarasinakere
614623,219248,Chikkarasinakere
614624,219265,Kyathaghatta
614625,219265,Kyathaghatta
614626,219257,K. Bellur
614627,219262,Koolagere
614628,219262,Koolagere
614629,219262,Koolagere
614630,219269,Menasagere
614631,219240,Annuru
614632,219240,Annuru
614633,219244,Bharathinagar
614634,219258,K. Shettahalli
614635,219258,K. Shettahalli
614636,219258,K. Shettahalli
614637,219279,Yadaganahalli
614638,219260,Kadukottanahalli
614639,219260,Kadukottanahalli
614640,219245,Bidarahalli
614641,219245,Bidarahalli
614642,219245,Bidarahalli
614643,219244,Bharathinagar
614644,219240,Annuru
614645,219269,Menasagere
614646,219269,Menasagere
614647,219277,Torebommanahalli
614648,219262,Koolagere
614649,219277,Torebommanahalli
614650,219277,Torebommanahalli
614651,219273,S I Honnalagere
614652,219273,S I Honnalagere
614653,219244,Bharathinagar
614654,219286,Chikkamulagudu
614655,219306,Mikkere
614656,219306,Mikkere
614657,219306,Mikkere
614658,219306,Mikkere
614659,219286,Chikkamulagudu
614660,219286,Chikkamulagudu
614661,219295,Hittanahalli
614662,219291,Dugganahalli
614663,219316,Talagavadi
614664,219316,Talagavadi
614665,219316,Talagavadi
614666,219314,Settihalli
614667,219314,Settihalli
614668,219314,Settihalli
614669,219304,Lingapatna
614670,219282,Bandur
614671,219282,Bandur
614672,219285,Bydarahalli
614673,219291,Dugganahalli
614674,219314,Settihalli
614675,219282,Bandur
614676,219282,Bandur
614677,219315,Sujjalur
614678,219295,Hittanahalli
614679,219306,Mikkere
614680,219301,Kirugavalu
614681,219284,Bendaravadi
614682,219284,Bendaravadi
614683,219299,Kalkuni
614684,219299,Kalkuni
614685,219315,Sujjalur
614686,219315,Sujjalur
614687,219314,Settihalli
614688,219312,Ragibommanahalli
614689,219312,Ragibommanahalli
614690,219312,Ragibommanahalli
614691,219312,Ragibommanahalli
614692,219312,Ragibommanahalli
614693,219312,Ragibommanahalli
614694,219315,Sujjalur
614695,219315,Sujjalur
614696,219315,Sujjalur
614697,219292,H Basavapura
614698,219311,Purigali
614699,219307,Nelamakanahalli
614700,219307,Nelamakanahalli
614701,219300,Kandegala
614702,219300,Kandegala
614703,219307,Nelamakanahalli
614704,219305,Marehalli
614705,219308,Nidaghatta
614706,219309,Nitturu
614707,219308,Nidaghatta
614708,219300,Kandegala
614709,219280,Agasnapura
614710,219280,Agasnapura
614711,219293,Haadli
614712,219280,Agasnapura
614713,219293,Haadli
614714,219280,Agasnapura
614715,219280,Agasnapura
614716,219297,Huskur
614717,219297,Huskur
614718,219318,Yathambadi
614719,219297,Huskur
614720,219318,Yathambadi
614721,219318,Yathambadi
614722,219318,Yathambadi
614723,219318,Yathambadi
614724,219318,Yathambadi
614725,219318,Yathambadi
614726,219318,Yathambadi
614727,219288,D.Halasahalli
614728,219297,Huskur
614729,219318,Yathambadi
614730,219318,Yathambadi
614731,219288,D.Halasahalli
614732,219288,D.Halasahalli
614733,219288,D.Halasahalli
614734,219288,D.Halasahalli
614735,219290,Dhanaguru
614736,219293,Haadli
614737,219290,Dhanaguru
614738,219288,D.Halasahalli
614739,219293,Haadli
614740,219293,Haadli
614741,219293,Haadli
614742,219293,Haadli
614743,219293,Haadli
614744,219293,Haadli
614745,219308,Nidaghatta
614746,219305,Marehalli
614747,219305,Marehalli
614748,219303,Kyathnahalli
614749,219305,Marehalli
614750,219309,Nitturu
614751,219309,Nitturu
614752,219309,Nitturu
614753,219304,Lingapatna
614754,219304,Lingapatna
614755,219309,Nitturu
614756,219300,Kandegala
614757,219317,Thorekadanahalli
614758,219317,Thorekadanahalli
614759,219304,Lingapatna
614760,219317,Thorekadanahalli
614761,219304,Lingapatna
614762,219317,Thorekadanahalli
614763,219304,Lingapatna
614764,219304,Lingapatna
614765,219289,Dalavayikodihalli
614766,219289,Dalavayikodihalli
614767,219289,Dalavayikodihalli
614768,219289,Dalavayikodihalli
614769,219292,H Basavapura
614770,219292,H Basavapura
614771,219292,H Basavapura
614772,219292,H Basavapura
614773,219292,H Basavapura
614774,219285,Bydarahalli
614775,219294,Halaguru
614776,219285,Bydarahalli
614777,219317,Thorekadanahalli
614778,219317,Thorekadanahalli
614779,219285,Bydarahalli
614780,219285,Bydarahalli
614781,219317,Thorekadanahalli
614782,219285,Bydarahalli
614783,219291,Dugganahalli
614784,219285,Bydarahalli
614785,219285,Bydarahalli
614786,219285,Bydarahalli
614787,219285,Bydarahalli
614788,219311,Purigali
614789,219292,H Basavapura
614790,219285,Bydarahalli
614791,219285,Bydarahalli
614792,219285,Bydarahalli
614793,219285,Bydarahalli
614794,219285,Bydarahalli
614795,219303,Kyathnahalli
614796,219303,Kyathnahalli
614797,219302,Kundur
614798,219302,Kundur
614799,219310,Pandithahalli
614800,219310,Pandithahalli
614801,219287,Chottenahalli
614802,219287,Chottenahalli
614803,219287,Chottenahalli
614804,219290,Dhanaguru
614805,219287,Chottenahalli
614806,219296,Hosahalli
614807,219283,Belakavadi
614808,219298,Kaggalipura
614809,219298,Kaggalipura
614810,219298,Kaggalipura
614811,219281,B.G.Pura
614812,219281,B.G.Pura
614813,219296,Hosahalli
614814,219310,Pandithahalli
614815,219310,Pandithahalli
614816,219310,Pandithahalli
614817,219302,Kundur
614818,219302,Kundur
614819,219302,Kundur
614820,219313,Sarguru
614821,219303,Kyathnahalli
614822,219303,Kyathnahalli
614823,219313,Sarguru
614824,219313,Sarguru
614825,219302,Kundur
614826,219281,B.G.Pura
614827,219281,B.G.Pura
614828,219313,Sarguru
614829,219313,Sarguru
614830,219311,Purigali
614831,219311,Purigali
614832,219311,Purigali
614833,219311,Purigali
614834,219311,Purigali
614835,219313,Sarguru
614836,219313,Sarguru
614837,219281,B.G.Pura
614838,219298,Kaggalipura
614839,219298,Kaggalipura
614840,218440,Devaladakere
614841,218453,Malali
614842,218442,Hanbal
614843,218440,Devaladakere
614844,218442,Hanbal
614845,218442,Hanbal
614846,218442,Hanbal
614847,218442,Hanbal
614848,218442,Hanbal
614849,218442,Hanbal
614850,218440,Devaladakere
614851,218440,Devaladakere
614852,218440,Devaladakere
614853,218440,Devaladakere
614854,218440,Devaladakere
614855,218440,Devaladakere
614856,218442,Hanbal
614857,218451,Kyamanahalli
614858,218451,Kyamanahalli
614859,218451,Kyamanahalli
614860,218451,Kyamanahalli
614861,218442,Hanbal
614862,218451,Kyamanahalli
614863,218451,Kyamanahalli
614864,218451,Kyamanahalli
614865,218451,Kyamanahalli
614866,218443,Hebbasale
614867,218451,Kyamanahalli
614868,218444,Heggadde
614869,218440,Devaladakere
614870,218444,Heggadde
614871,218444,Heggadde
614872,218444,Heggadde
614873,218444,Heggadde
614874,218443,Hebbasale
614875,218443,Hebbasale
614876,218443,Hebbasale
614877,218437,Biradahalli
614878,218437,Biradahalli
614879,218437,Biradahalli
614880,218437,Biradahalli
614881,218441,Halasulige
614882,218437,Biradahalli
614883,218437,Biradahalli
614884,218437,Biradahalli
614885,218441,Halasulige
614886,218441,Halasulige
614887,218441,Halasulige
614888,218441,Halasulige
614889,218441,Halasulige
614890,218453,Malali
614891,218441,Halasulige
614892,218453,Malali
614893,218433,Anemahal
614894,218433,Anemahal
614895,218433,Anemahal
614896,218433,Anemahal
614897,218443,Hebbasale
614898,218443,Hebbasale
614899,218433,Anemahal
614900,218452,Kyanahalli
614901,218452,Kyanahalli
614902,218433,Anemahal
614903,218433,Anemahal
614904,218433,Anemahal
614905,218433,Anemahal
614906,218433,Anemahal
614907,218433,Anemahal
614908,218453,Malali
614909,218453,Malali
614910,218453,Malali
614911,218453,Malali
614912,218453,Malali
614913,218440,Devaladakere
614914,218453,Malali
614915,218453,Malali
614916,218438,Byakaravalli
614917,218438,Byakaravalli
614918,218452,Kyanahalli
614919,218452,Kyanahalli
614920,218452,Kyanahalli
614921,218452,Kyanahalli
614922,218452,Kyanahalli
614923,218452,Kyanahalli
614924,218452,Kyanahalli
614925,218438,Byakaravalli
614926,218438,Byakaravalli
614927,218438,Byakaravalli
614928,218438,Byakaravalli
614929,218438,Byakaravalli
614930,218438,Byakaravalli
614931,218438,Byakaravalli
614932,218453,Malali
614933,218455,Udevara
614934,218455,Udevara
614935,218455,Udevara
614936,218455,Udevara
614937,218455,Udevara
614938,218436,Belagodu
614939,218436,Belagodu
614940,218436,Belagodu
614941,218436,Belagodu
614942,218436,Belagodu
614943,218436,Belagodu
614944,218436,Belagodu
614945,218434,Bage
614946,218434,Bage
614947,218434,Bage
614948,218434,Bage
614949,218434,Bage
614950,218436,Belagodu
614951,218436,Belagodu
614952,218435,Ballu
614953,218434,Bage
614954,218434,Bage
614955,218449,Kuniganahalli
614956,218435,Ballu
614957,218435,Ballu
614958,218435,Ballu
614959,218435,Ballu
614960,218449,Kuniganahalli
614961,218449,Kuniganahalli
614962,218449,Kuniganahalli
614963,218449,Kuniganahalli
614964,218449,Kuniganahalli
614965,218449,Kuniganahalli
614966,218449,Kuniganahalli
614967,218449,Kuniganahalli
614968,218449,Kuniganahalli
614969,218449,Kuniganahalli
614970,218449,Kuniganahalli
614971,218435,Ballu
614972,218446,Hongadahalla
614973,218456,Valalahalli
614974,218456,Valalahalli
614975,218456,Valalahalli
614976,218456,Valalahalli
614977,218450,Kurubathur
614978,218450,Kurubathur
614979,218450,Kurubathur
614980,218450,Kurubathur
614981,218450,Kurubathur
614982,218450,Kurubathur
614983,218450,Kurubathur
614984,218445,Hethur
614985,218456,Valalahalli
614986,218456,Valalahalli
614987,218456,Valalahalli
614988,218456,Valalahalli
614989,218456,Valalahalli
614990,218446,Hongadahalla
614991,218446,Hongadahalla
614992,218446,Hongadahalla
614993,218446,Hongadahalla
614994,218446,Hongadahalla
614995,218446,Hongadahalla
614996,218446,Hongadahalla
614997,218456,Valalahalli
614998,218445,Hethur
614999,218446,Hongadahalla
615000,218446,Hongadahalla
615001,218457,Vanagoor
615002,218457,Vanagoor
615003,218457,Vanagoor
615004,218457,Vanagoor
615005,218446,Hongadahalla
615006,218457,Vanagoor
615007,218457,Vanagoor
615008,218457,Vanagoor
615009,218457,Vanagoor
615010,218457,Vanagoor
615011,218445,Hethur
615012,218445,Hethur
615013,218445,Hethur
615014,218454,Uchangi
615015,218445,Hethur
615016,218448,Igoor
615017,218448,Igoor
615018,218448,Igoor
615019,218450,Kurubathur
615020,218450,Kurubathur
615021,218450,Kurubathur
615022,218458,Yeslur
615023,218458,Yeslur
615024,218448,Igoor
615025,218448,Igoor
615026,218458,Yeslur
615027,218448,Igoor
615028,218448,Igoor
615029,218454,Uchangi
615030,218454,Uchangi
615031,218454,Uchangi
615032,218454,Uchangi
615033,218457,Vanagoor
615034,218457,Vanagoor
615035,218457,Vanagoor
615036,218457,Vanagoor
615037,218457,Vanagoor
615038,218454,Uchangi
615039,218454,Uchangi
615040,218454,Uchangi
615041,218454,Uchangi
615042,218454,Uchangi
615043,218439,Changadihalli
615044,218447,Hosur
615045,218447,Hosur
615046,218447,Hosur
615047,218447,Hosur
615048,218447,Hosur
615049,218447,Hosur
615050,218447,Hosur
615051,218447,Hosur
615052,218447,Hosur
615053,218447,Hosur
615054,218447,Hosur
615055,218439,Changadihalli
615056,218439,Changadihalli
615057,218447,Hosur
615058,218439,Changadihalli
615059,218439,Changadihalli
615060,218439,Changadihalli
615061,218439,Changadihalli
615062,218439,Changadihalli
615063,218454,Uchangi
615064,218448,Igoor
615065,218458,Yeslur
615066,218458,Yeslur
615067,218297,Cheekanahalli
615068,218297,Cheekanahalli
615069,218308,Hunuganahalli
615070,218308,Hunuganahalli
615071,218308,Hunuganahalli
615072,218310,Kalleri
615073,218299,Dabbe
615074,218310,Kalleri
615075,218299,Dabbe
615076,218299,Dabbe
615077,218299,Dabbe
615078,218310,Kalleri
615079,218298,Chikkamedur
615080,218298,Chikkamedur
615081,218299,Dabbe
615082,218298,Chikkamedur
615083,218299,Dabbe
615084,218299,Dabbe
615085,218299,Dabbe
615086,218308,Hunuganahalli
615087,218308,Hunuganahalli
615088,218308,Hunuganahalli
615089,218308,Hunuganahalli
615090,218308,Hunuganahalli
615091,218297,Cheekanahalli
615092,218297,Cheekanahalli
615093,218317,Malasavara
615094,218317,Malasavara
615095,218317,Malasavara
615096,218317,Malasavara
615097,218324,Thumbudevanahalli
615098,218324,Thumbudevanahalli
615099,218324,Thumbudevanahalli
615100,218324,Thumbudevanahalli
615101,218319,Narvepete
615102,218319,Narvepete
615103,218319,Narvepete
615104,218319,Narvepete
615105,218319,Narvepete
615106,218319,Narvepete
615107,218319,Narvepete
615108,218319,Narvepete
615109,218319,Narvepete
615110,218293,Arehalli
615111,218293,Arehalli
615112,218324,Thumbudevanahalli
615113,218324,Thumbudevanahalli
615114,218317,Malasavara
615115,218317,Malasavara
615116,218317,Malasavara
615117,218317,Malasavara
615118,218297,Cheekanahalli
615119,218323,Tholalu
615120,218323,Tholalu
615121,218308,Hunuganahalli
615122,218323,Tholalu
615123,218323,Tholalu
615124,218323,Tholalu
615125,218323,Tholalu
615126,218323,Tholalu
615127,218323,Tholalu
615128,218323,Tholalu
615129,218323,Tholalu
615130,218323,Tholalu
615131,218323,Tholalu
615132,218323,Tholalu
615133,218314,Kushavara
615134,218314,Kushavara
615135,218314,Kushavara
615136,218323,Tholalu
615137,218292,Anughatta
615138,218292,Anughatta
615139,218292,Anughatta
615140,218292,Anughatta
615141,218292,Anughatta
615142,218293,Arehalli
615143,218293,Arehalli
615144,218293,Arehalli
615145,218292,Anughatta
615146,218292,Anughatta
615147,218293,Arehalli
615148,218315,Lakkunda
615149,218315,Lakkunda
615150,218292,Anughatta
615151,218292,Anughatta
615152,218292,Anughatta
615153,218292,Anughatta
615154,218315,Lakkunda
615155,218310,Kalleri
615156,218310,Kalleri
615157,218310,Kalleri
615158,218310,Kalleri
615159,218310,Kalleri
615160,218310,Kalleri
615161,218310,Kalleri
615162,218310,Kalleri
615163,218310,Kalleri
615164,218310,Kalleri
615165,218308,Hunuganahalli
615166,218308,Hunuganahalli
615167,218310,Kalleri
615168,218310,Kalleri
615169,218310,Kalleri
615170,218310,Kalleri
615171,218310,Kalleri
615172,218310,Kalleri
615173,218326,Yamasandi
615174,218310,Kalleri
615175,218299,Dabbe
615176,218310,Kalleri
615177,218326,Yamasandi
615178,218326,Yamasandi
615179,218326,Yamasandi
615180,218326,Yamasandi
615181,218326,Yamasandi
615182,218298,Chikkamedur
615183,218298,Chikkamedur
615184,218298,Chikkamedur
615185,218298,Chikkamedur
615186,218298,Chikkamedur
615187,218298,Chikkamedur
615188,218299,Dabbe
615189,218299,Dabbe
615190,218299,Dabbe
615191,218298,Chikkamedur
615192,218298,Chikkamedur
615193,218298,Chikkamedur
615194,218323,Tholalu
615195,218298,Chikkamedur
615196,218298,Chikkamedur
615197,218298,Chikkamedur
615198,218298,Chikkamedur
615199,218326,Yamasandi
615200,218326,Yamasandi
615201,218318,Narayanapura
615202,218318,Narayanapura
615203,218318,Narayanapura
615204,218318,Narayanapura
615205,218318,Narayanapura
615206,218318,Narayanapura
615207,218318,Narayanapura
615208,218318,Narayanapura
615209,218318,Narayanapura
615210,218318,Narayanapura
615211,218305,Hanike
615212,218318,Narayanapura
615213,218305,Hanike
615214,218305,Hanike
615215,218305,Hanike
615216,218305,Hanike
615217,218305,Hanike
615218,218305,Hanike
615219,218306,Hebbalu
615220,218306,Hebbalu
615221,218294,Bantenahalli
615222,218294,Bantenahalli
615223,218294,Bantenahalli
615224,218294,Bantenahalli
615225,218294,Bantenahalli
615226,218298,Chikkamedur
615227,218294,Bantenahalli
615228,218294,Bantenahalli
615229,218321,Sanyasihalli
615230,218321,Sanyasihalli
615231,218321,Sanyasihalli
615232,218321,Sanyasihalli
615233,218321,Sanyasihalli
615234,218321,Sanyasihalli
615235,218321,Sanyasihalli
615236,218321,Sanyasihalli
615237,218321,Sanyasihalli
615238,218321,Sanyasihalli
615239,218321,Sanyasihalli
615240,218321,Sanyasihalli
615241,218321,Sanyasihalli
615242,218313,Kogilamane
615243,218313,Kogilamane
615244,218309,Ibbedu
615245,218309,Ibbedu
615246,218294,Bantenahalli
615247,218294,Bantenahalli
615248,218306,Hebbalu
615249,218306,Hebbalu
615250,218306,Hebbalu
615251,218306,Hebbalu
615252,218306,Hebbalu
615253,218320,Rajanasiriyur
615254,218320,Rajanasiriyur
615255,218320,Rajanasiriyur
615256,218320,Rajanasiriyur
615257,218306,Hebbalu
615258,218320,Rajanasiriyur
615259,218306,Hebbalu
615260,218306,Hebbalu
615261,218325,Yalahanka
615262,218325,Yalahanka
615263,218325,Yalahanka
615264,218304,Halebeedu
615265,218304,Halebeedu
615266,218320,Rajanasiriyur
615267,218296,Chatchatnahalli
615268,218296,Chatchatnahalli
615269,218296,Chatchatnahalli
615270,218296,Chatchatnahalli
615271,218296,Chatchatnahalli
615272,218304,Halebeedu
615273,218304,Halebeedu
615274,218304,Halebeedu
615275,218325,Yalahanka
615276,218325,Yalahanka
615277,218325,Yalahanka
615278,218325,Yalahanka
615279,218325,Yalahanka
615280,218325,Yalahanka
615281,218302,Gonisomenahalli
615282,218302,Gonisomenahalli
615283,218304,Halebeedu
615284,218296,Chatchatnahalli
615285,218296,Chatchatnahalli
615286,218302,Gonisomenahalli
615287,218302,Gonisomenahalli
615288,218302,Gonisomenahalli
615289,218322,Savasihalli
615290,218322,Savasihalli
615291,218322,Savasihalli
615292,218302,Gonisomenahalli
615293,218301,Ghattadahalli
615294,218301,Ghattadahalli
615295,218312,Kodihalli
615296,218312,Kodihalli
615297,218312,Kodihalli
615298,218312,Kodihalli
615299,218312,Kodihalli
615300,218312,Kodihalli
615301,218312,Kodihalli
615302,218312,Kodihalli
615303,218312,Kodihalli
615304,218300,Gangur
615305,218300,Gangur
615306,218300,Gangur
615307,218300,Gangur
615308,218300,Gangur
615309,218309,Ibbedu
615310,218300,Gangur
615311,218301,Ghattadahalli
615312,218300,Gangur
615313,218313,Kogilamane
615314,218309,Ibbedu
615315,218309,Ibbedu
615316,218309,Ibbedu
615317,218309,Ibbedu
615318,218309,Ibbedu
615319,218309,Ibbedu
615320,218309,Ibbedu
615321,218306,Hebbalu
615322,218309,Ibbedu
615323,218309,Ibbedu
615324,218309,Ibbedu
615325,218309,Ibbedu
615326,218309,Ibbedu
615327,218291,Andale
615328,218291,Andale
615329,218313,Kogilamane
615330,218291,Andale
615331,218316,Madaghatta
615332,218291,Andale
615333,218291,Andale
615334,218291,Andale
615335,218291,Andale
615336,218291,Andale
615337,218325,Yalahanka
615338,218303,Hagare
615339,218303,Hagare
615340,218307,Hulugundi
615341,218307,Hulugundi
615342,218307,Hulugundi
615343,218307,Hulugundi
615344,218307,Hulugundi
615345,218307,Hulugundi
615346,218303,Hagare
615347,218303,Hagare
615348,218303,Hagare
615349,218303,Hagare
615350,218303,Hagare
615351,218322,Savasihalli
615352,218322,Savasihalli
615353,218322,Savasihalli
615354,218322,Savasihalli
615355,218322,Savasihalli
615356,218322,Savasihalli
615357,218303,Hagare
615358,218303,Hagare
615359,218303,Hagare
615360,218303,Hagare
615361,218303,Hagare
615362,218303,Hagare
615363,218303,Hagare
615364,218322,Savasihalli
615365,218322,Savasihalli
615366,218290,Adagooru
615367,218290,Adagooru
615368,218290,Adagooru
615369,218290,Adagooru
615370,218290,Adagooru
615371,218290,Adagooru
615372,218290,Adagooru
615373,218290,Adagooru
615374,218290,Adagooru
615375,218290,Adagooru
615376,218290,Adagooru
615377,218290,Adagooru
615378,218290,Adagooru
615379,218290,Adagooru
615380,218314,Kushavara
615381,218314,Kushavara
615382,218314,Kushavara
615383,218314,Kushavara
615384,218314,Kushavara
615385,218314,Kushavara
615386,218313,Kogilamane
615387,218313,Kogilamane
615388,218314,Kushavara
615389,218314,Kushavara
615390,218314,Kushavara
615391,218314,Kushavara
615392,218314,Kushavara
615393,218314,Kushavara
615394,218295,Bichodu
615395,218295,Bichodu
615396,218295,Bichodu
615397,218295,Bichodu
615398,218295,Bichodu
615399,218295,Bichodu
615400,218295,Bichodu
615401,218295,Bichodu
615402,218295,Bichodu
615403,218295,Bichodu
615404,218315,Lakkunda
615405,218315,Lakkunda
615406,218315,Lakkunda
615407,218315,Lakkunda
615408,218295,Bichodu
615409,218295,Bichodu
615410,218315,Lakkunda
615411,218315,Lakkunda
615412,218315,Lakkunda
615413,218315,Lakkunda
615414,218315,Lakkunda
615415,218311,Kesagodu
615416,218311,Kesagodu
615417,218311,Kesagodu
615418,218311,Kesagodu
615419,218311,Kesagodu
615420,218315,Lakkunda
615421,218311,Kesagodu
615422,218311,Kesagodu
615423,218311,Kesagodu
615424,218311,Kesagodu
615425,218311,Kesagodu
615426,218311,Kesagodu
615427,218311,Kesagodu
615428,218311,Kesagodu
615429,218311,Kesagodu
615430,218311,Kesagodu
615431,218311,Kesagodu
615432,218311,Kesagodu
615433,218311,Kesagodu
615434,218311,Kesagodu
615435,218311,Kesagodu
615436,218295,Bichodu
615437,218316,Madaghatta
615438,218316,Madaghatta
615439,218313,Kogilamane
615440,218316,Madaghatta
615441,218316,Madaghatta
615442,218316,Madaghatta
615443,218316,Madaghatta
615444,218316,Madaghatta
615445,218316,Madaghatta
615446,218316,Madaghatta
615447,218316,Madaghatta
615448,218316,Madaghatta
615449,218316,Madaghatta
615450,218264,Javagal
615451,218264,Javagal
615452,218264,Javagal
615453,218281,Nerlige
615454,218281,Nerlige
615455,218281,Nerlige
615456,218281,Nerlige
615457,218281,Nerlige
615458,218281,Nerlige
615459,218281,Nerlige
615460,218246,Arakere
615461,218281,Nerlige
615462,218281,Nerlige
615463,218281,Nerlige
615464,218273,Kolagunda
615465,218273,Kolagunda
615466,218250,Bandur
615467,218250,Bandur
615468,218250,Bandur
615469,218264,Javagal
615470,218264,Javagal
615471,218250,Bandur
615472,218250,Bandur
615473,218259,Handralu
615474,218288,Undiganalu
615475,218288,Undiganalu
615476,218288,Undiganalu
615477,218268,Kalyadi
615478,218268,Kalyadi
615479,218268,Kalyadi
615480,218268,Kalyadi
615481,218268,Kalyadi
615482,218268,Kalyadi
615483,218288,Undiganalu
615484,218259,Handralu
615485,218250,Bandur
615486,218250,Bandur
615487,218273,Kolagunda
615488,218273,Kolagunda
615490,218273,Kolagunda
615491,218246,Arakere
615492,218246,Arakere
615493,218246,Arakere
615494,218246,Arakere
615495,218246,Arakere
615496,218246,Arakere
615497,218246,Arakere
615498,218246,Arakere
615499,218246,Arakere
615500,218273,Kolagunda
615501,218246,Arakere
615502,218273,Kolagunda
615503,218250,Bandur
615504,218259,Handralu
615505,218259,Handralu
615506,218259,Handralu
615507,218259,Handralu
615508,218288,Undiganalu
615509,218271,Karagunda
615510,218271,Karagunda
615512,218271,Karagunda
615513,218271,Karagunda
615514,218271,Karagunda
615515,218271,Karagunda
615516,218271,Karagunda
615517,218271,Karagunda
615518,218271,Karagunda
615519,218271,Karagunda
615520,218268,Kalyadi
615579,218252,Bendekere
615580,218252,Bendekere
615581,218252,Bendekere
615582,218252,Bendekere
615583,218282,Puralehalli
615586,218282,Puralehalli
615588,218282,Puralehalli
615590,218282,Puralehalli
615591,218282,Puralehalli
615592,218282,Puralehalli
615593,218282,Puralehalli
615594,218282,Puralehalli
615595,218282,Puralehalli
615596,218282,Puralehalli
615597,218282,Puralehalli
615598,218282,Puralehalli
615599,218282,Puralehalli
615600,218267,Kallugundi
615603,218267,Kallugundi
615605,218267,Kallugundi
615606,218267,Kallugundi
615607,218267,Kallugundi
615608,218270,Kanakatte
615609,218267,Kallugundi
615610,218267,Kallugundi
615611,218267,Kallugundi
615612,218280,Narasipura
615613,218267,Kallugundi
615614,218280,Narasipura
615615,218270,Kanakatte
615616,218270,Kanakatte
615617,218270,Kanakatte
615618,218270,Kanakatte
615619,218270,Kanakatte
615620,218277,Madalu
615621,218270,Kanakatte
615622,218270,Kanakatte
615623,218254,Doddametikurke
615624,218280,Narasipura
615625,218280,Narasipura
615626,218280,Narasipura
615627,218280,Narasipura
615628,218269,Kamasamudra
615629,218265,Jayachamarajapura
615630,218265,Jayachamarajapura
615631,218265,Jayachamarajapura
615632,218265,Jayachamarajapura
615633,218254,Doddametikurke
615634,218254,Doddametikurke
615635,218277,Madalu
615636,218277,Madalu
615637,218286,Shankaranahalli
615638,218247,Bageshpura
615639,218286,Shankaranahalli
615640,218286,Shankaranahalli
615641,218286,Shankaranahalli
615643,218286,Shankaranahalli
615644,218286,Shankaranahalli
615645,218286,Shankaranahalli
615646,218286,Shankaranahalli
615647,218277,Madalu
615649,218283,Rampura
615650,218283,Rampura
615652,218265,Jayachamarajapura
615653,218265,Jayachamarajapura
615654,218269,Kamasamudra
615655,218269,Kamasamudra
615656,218269,Kamasamudra
615657,218269,Kamasamudra
615658,218269,Kamasamudra
615659,218269,Kamasamudra
615660,218269,Kamasamudra
615661,218269,Kamasamudra
615662,218269,Kamasamudra
615663,218283,Rampura
615664,218283,Rampura
615665,218269,Kamasamudra
615666,218283,Rampura
615667,218283,Rampura
615668,218279,Murundi
615669,218252,Bendekere
615670,218252,Bendekere
615671,218252,Bendekere
615672,218263,Jajur
615674,218263,Jajur
615675,218263,Jajur
615676,218263,Jajur
615677,218279,Murundi
615678,218279,Murundi
615679,218245,Aggunda
615681,218279,Murundi
615683,218257,Geejihalli
615685,218271,Karagunda
615686,218258,Habbanaghatta
615687,218258,Habbanaghatta
615688,218260,Harnahalli
615690,218257,Geejihalli
615691,218257,Geejihalli
615692,218257,Geejihalli
615693,218279,Murundi
615694,218263,Jajur
615695,218263,Jajur
615696,218263,Jajur
615697,218245,Aggunda
615698,218245,Aggunda
615699,218279,Murundi
615700,218255,Dummenahalli
615701,218287,Thalalur
615702,218257,Geejihalli
615703,218287,Thalalur
615704,218258,Habbanaghatta
615705,218258,Habbanaghatta
615706,218258,Habbanaghatta
615707,218258,Habbanaghatta
615708,218258,Habbanaghatta
615709,218258,Habbanaghatta
615710,218258,Habbanaghatta
615711,218287,Thalalur
615712,218257,Geejihalli
615713,218287,Thalalur
615715,218255,Dummenahalli
615716,218255,Dummenahalli
615717,218245,Aggunda
615719,218255,Dummenahalli
615721,218255,Dummenahalli
615722,218255,Dummenahalli
615723,218255,Dummenahalli
615724,218255,Dummenahalli
615725,218255,Dummenahalli
615726,218255,Dummenahalli
615727,218255,Dummenahalli
615728,218255,Dummenahalli
615729,218255,Dummenahalli
615730,218255,Dummenahalli
615731,218255,Dummenahalli
615732,218251,Belagumba
615733,218287,Thalalur
615734,218287,Thalalur
615735,218287,Thalalur
615736,218287,Thalalur
615737,218287,Thalalur
615738,218287,Thalalur
615739,218287,Thalalur
615741,218251,Belagumba
615742,218251,Belagumba
615743,218251,Belagumba
615744,218251,Belagumba
615745,218251,Belagumba
615746,218251,Belagumba
615747,218251,Belagumba
615748,218251,Belagumba
615750,218284,Rangapura
615751,218251,Belagumba
615752,218251,Belagumba
615753,218251,Belagumba
615754,218251,Belagumba
615755,218284,Rangapura
615756,218284,Rangapura
615757,218284,Rangapura
615758,218284,Rangapura
615760,218284,Rangapura
615761,218284,Rangapura
615762,218284,Rangapura
615763,218284,Rangapura
615764,218284,Rangapura
615765,218284,Rangapura
615766,218284,Rangapura
615767,218247,Bageshpura
615768,218247,Bageshpura
615769,218247,Bageshpura
615770,218247,Bageshpura
615771,218284,Rangapura
615772,218284,Rangapura
615773,218278,Mududi
615774,218247,Bageshpura
615775,218247,Bageshpura
615776,218247,Bageshpura
615777,218247,Bageshpura
615778,218253,Chogachagere
615779,218276,Lalanakere
615780,218276,Lalanakere
615781,218247,Bageshpura
615782,218278,Mududi
615783,218278,Mududi
615785,218278,Mududi
615786,218278,Mududi
615787,218278,Mududi
615788,218278,Mududi
615789,218256,Gandasi
615790,218256,Gandasi
615791,218276,Lalanakere
615792,218276,Lalanakere
615793,218253,Chogachagere
615794,218253,Chogachagere
615795,218253,Chogachagere
615796,218276,Lalanakere
615797,218276,Lalanakere
615798,218276,Lalanakere
615799,218256,Gandasi
615800,218261,Heggatta
615801,218256,Gandasi
615802,218261,Heggatta
615803,218289,Yadavanahalli
615804,218289,Yadavanahalli
615805,218261,Heggatta
615806,218261,Heggatta
615807,218261,Heggatta
615808,218261,Heggatta
615809,218248,Bagivalu
615810,218261,Heggatta
615811,218248,Bagivalu
615812,218248,Bagivalu
615813,218253,Chogachagere
615814,218253,Chogachagere
615815,218253,Chogachagere
615816,218253,Chogachagere
615817,218248,Bagivalu
615818,218248,Bagivalu
615819,218248,Bagivalu
615820,218248,Bagivalu
615821,218248,Bagivalu
615822,218274,Kondenalu
615823,218274,Kondenalu
615824,218274,Kondenalu
615825,218274,Kondenalu
615826,218274,Kondenalu
615827,218289,Yadavanahalli
615828,218289,Yadavanahalli
615829,218289,Yadavanahalli
615830,218289,Yadavanahalli
615831,218289,Yadavanahalli
615832,218289,Yadavanahalli
615833,218289,Yadavanahalli
615834,218272,Kenkere
615835,218274,Kondenalu
615836,218272,Kenkere
615837,218272,Kenkere
615838,218274,Kondenalu
615839,218248,Bagivalu
615840,218272,Kenkere
615842,218373,Bylahalli
615843,218373,Bylahalli
615844,218373,Bylahalli
615845,218373,Bylahalli
615846,218373,Bylahalli
615847,218373,Bylahalli
615848,218373,Bylahalli
615849,218373,Bylahalli
615850,218373,Bylahalli
615851,218400,Shankaranahalli
615852,218373,Bylahalli
615853,218373,Bylahalli
615854,218373,Bylahalli
615855,218405,Ugane
615856,218373,Bylahalli
615857,218373,Bylahalli
615858,218373,Bylahalli
615859,218405,Ugane
615860,218405,Ugane
615861,218405,Ugane
615862,218405,Ugane
615863,218397,Salagame
615864,218405,Ugane
615865,218405,Ugane
615866,218387,Karle
615867,218405,Ugane
615868,218405,Ugane
615869,218405,Ugane
615870,218399,Seege
615871,218399,Seege
615872,218399,Seege
615873,218399,Seege
615874,218399,Seege
615875,218405,Ugane
615876,218397,Salagame
615877,218405,Ugane
615878,218405,Ugane
615879,218397,Salagame
615880,218397,Salagame
615881,218397,Salagame
615882,218397,Salagame
615883,218373,Bylahalli
615884,218399,Seege
615885,218399,Seege
615886,218399,Seege
615887,218399,Seege
615888,218399,Seege
615889,218399,Seege
615890,218397,Salagame
615891,218382,Honnavara
615892,218397,Salagame
615893,218397,Salagame
615894,218397,Salagame
615895,218397,Salagame
615896,218397,Salagame
615897,218397,Salagame
615898,218397,Salagame
615899,218397,Salagame
615900,218391,Kuduragundi
615901,218406,Yalagunda
615902,218406,Yalagunda
615903,218406,Yalagunda
615904,218406,Yalagunda
615905,218399,Seege
615906,218388,Kattaya
615907,218406,Yalagunda
615908,218406,Yalagunda
615909,218396,Nittur
615910,218406,Yalagunda
615911,218396,Nittur
615912,218406,Yalagunda
615913,218406,Yalagunda
615914,218406,Yalagunda
615915,218406,Yalagunda
615916,218406,Yalagunda
615917,218391,Kuduragundi
615918,218406,Yalagunda
615919,218406,Yalagunda
615920,218396,Nittur
615921,218396,Nittur
615922,218396,Nittur
615923,218396,Nittur
615924,218396,Nittur
615925,218396,Nittur
615926,218396,Nittur
615927,218385,Kabbali
615928,218385,Kabbali
615929,218385,Kabbali
615930,218391,Kuduragundi
615931,218391,Kuduragundi
615932,218391,Kuduragundi
615933,218396,Nittur
615934,218396,Nittur
615935,218396,Nittur
615936,218391,Kuduragundi
615937,218391,Kuduragundi
615938,218391,Kuduragundi
615939,218382,Honnavara
615940,218405,Ugane
615941,218382,Honnavara
615942,218382,Honnavara
615943,218385,Kabbali
615944,218385,Kabbali
615945,218385,Kabbali
615946,218385,Kabbali
615947,218394,Melagodu
615948,218385,Kabbali
615949,218385,Kabbali
615950,218389,Koravangala
615951,218376,Dudda
615952,218389,Koravangala
615953,218382,Honnavara
615954,218382,Honnavara
615955,218382,Honnavara
615956,218371,Basavagatta
615957,218371,Basavagatta
615958,218371,Basavagatta
615959,218371,Basavagatta
615960,218371,Basavagatta
615961,218371,Basavagatta
615962,218376,Dudda
615963,218376,Dudda
615965,218376,Dudda
615966,218389,Koravangala
615967,218389,Koravangala
615968,218389,Koravangala
615969,218389,Koravangala
615970,274156,Gadenahalli
615971,274156,Gadenahalli
615972,274156,Gadenahalli
615973,274156,Gadenahalli
615974,274156,Gadenahalli
615975,274156,Gadenahalli
615976,218389,Koravangala
615977,274156,Gadenahalli
615978,218394,Melagodu
615979,218394,Melagodu
615980,218394,Melagodu
615981,218376,Dudda
615982,218394,Melagodu
615983,218381,Heragu
615984,218394,Melagodu
615985,218394,Melagodu
615986,218394,Melagodu
615987,218381,Heragu
615988,218381,Heragu
615989,218381,Heragu
615990,218381,Heragu
615991,218381,Heragu
615992,218367,A.Hosahalli
615993,218367,A.Hosahalli
615994,218367,A.Hosahalli
615995,218367,A.Hosahalli
615996,218367,A.Hosahalli
615997,218371,Basavagatta
615998,218367,A.Hosahalli
615999,218367,A.Hosahalli
616000,218367,A.Hosahalli
616001,218367,A.Hosahalli
616002,218367,A.Hosahalli
616003,218367,A.Hosahalli
616004,218367,A.Hosahalli
616005,218367,A.Hosahalli
616006,218381,Heragu
616007,218381,Heragu
616008,218373,Bylahalli
616009,218383,Huvinahalli Kaval
616010,218378,Manacanahalli
616011,218386,Kandali
616012,218386,Kandali
616013,218386,Kandali
616014,218371,Basavagatta
616015,218386,Kandali
616016,218404,Thattekere
616017,218404,Thattekere
616018,218400,Shankaranahalli
616019,218400,Shankaranahalli
616020,218379,Hanumanthapura
616021,218379,Hanumanthapura
616022,218379,Hanumanthapura
616023,218379,Hanumanthapura
616024,218379,Hanumanthapura
616025,218379,Hanumanthapura
616026,218379,Hanumanthapura
616027,218379,Hanumanthapura
616028,218379,Hanumanthapura
616029,218379,Hanumanthapura
616030,218404,Thattekere
616031,218404,Thattekere
616032,218404,Thattekere
616033,218404,Thattekere
616034,218386,Kandali
616035,218386,Kandali
616036,218383,Huvinahalli Kaval
616037,218383,Huvinahalli Kaval
616038,218383,Huvinahalli Kaval
616039,218383,Huvinahalli Kaval
616040,218383,Huvinahalli Kaval
616041,218383,Huvinahalli Kaval
616042,218383,Huvinahalli Kaval
616043,218403,Tejur
616044,218383,Huvinahalli Kaval
616045,218403,Tejur
616046,218403,Tejur
616047,218403,Tejur
616048,218403,Tejur
616049,218403,Tejur
616050,218403,Tejur
616051,218403,Tejur
616052,218403,Tejur
616055,218370,B.Katihalli
616056,218370,B.Katihalli
616057,218370,B.Katihalli
616059,218370,B.Katihalli
616060,218375,Doddagenigere
616061,218375,Doddagenigere
616062,218375,Doddagenigere
616063,218375,Doddagenigere
616064,218379,Hanumanthapura
616065,218375,Doddagenigere
616067,218370,B.Katihalli
616068,218370,B.Katihalli
616069,218402,Shettihalli
616070,218402,Shettihalli
616071,218402,Shettihalli
616072,218402,Shettihalli
616073,218400,Shankaranahalli
616074,218400,Shankaranahalli
616075,218386,Kandali
616076,218386,Kandali
616077,218386,Kandali
616078,218400,Shankaranahalli
616079,218400,Shankaranahalli
616080,218400,Shankaranahalli
616081,218400,Shankaranahalli
616082,218400,Shankaranahalli
616083,218402,Shettihalli
616084,218402,Shettihalli
616085,218402,Shettihalli
616086,218402,Shettihalli
616087,218402,Shettihalli
616088,218402,Shettihalli
616089,218402,Shettihalli
616090,218402,Shettihalli
616091,218402,Shettihalli
616092,218388,Kattaya
616093,218400,Shankaranahalli
616094,218400,Shankaranahalli
616095,218400,Shankaranahalli
616096,218400,Shankaranahalli
616097,218399,Seege
616098,218400,Shankaranahalli
616099,218388,Kattaya
616100,218388,Kattaya
616101,218388,Kattaya
616102,218388,Kattaya
616103,218388,Kattaya
616104,218402,Shettihalli
616105,218388,Kattaya
616106,218374,Channangihalli
616107,218402,Shettihalli
616108,218377,Gorur
616109,218387,Karle
616110,218387,Karle
616111,218387,Karle
616112,218387,Karle
616113,218388,Kattaya
616114,218388,Kattaya
616115,218388,Kattaya
616116,218388,Kattaya
616117,218369,Ankapura
616118,218387,Karle
616119,218387,Karle
616120,218369,Ankapura
616121,218387,Karle
616122,218387,Karle
616123,218387,Karle
616124,218369,Ankapura
616125,218369,Ankapura
616126,218375,Doddagenigere
616127,218369,Ankapura
616128,218374,Channangihalli
616129,218374,Channangihalli
616130,218388,Kattaya
616131,218379,Hanumanthapura
616132,218388,Kattaya
616133,218374,Channangihalli
616134,218368,Ambuga
616135,218374,Channangihalli
616136,218374,Channangihalli
616137,218369,Ankapura
616138,218369,Ankapura
616139,218369,Ankapura
616140,218369,Ankapura
616141,218369,Ankapura
616142,218369,Ankapura
616143,218387,Karle
616144,218387,Karle
616145,218387,Karle
616146,218369,Ankapura
616147,218395,Mosalehosahalli
616148,218395,Mosalehosahalli
616149,218395,Mosalehosahalli
616150,218395,Mosalehosahalli
616151,218395,Mosalehosahalli
616152,218368,Ambuga
616153,218368,Ambuga
616154,218368,Ambuga
616155,218368,Ambuga
616156,218368,Ambuga
616157,218390,Kowsika
616158,218375,Doddagenigere
616159,218390,Kowsika
616160,218390,Kowsika
616161,218390,Kowsika
616162,218390,Kowsika
616163,218375,Doddagenigere
616164,218375,Doddagenigere
616165,218375,Doddagenigere
616166,218375,Doddagenigere
616167,218390,Kowsika
616168,218390,Kowsika
616169,218390,Kowsika
616170,218393,Markuli
616171,218393,Markuli
616172,218393,Markuli
616173,218395,Mosalehosahalli
616174,218395,Mosalehosahalli
616175,218395,Mosalehosahalli
616176,218395,Mosalehosahalli
616177,218395,Mosalehosahalli
616178,218395,Mosalehosahalli
616179,218395,Mosalehosahalli
616180,218395,Mosalehosahalli
616181,218395,Mosalehosahalli
616182,218395,Mosalehosahalli
616183,218395,Mosalehosahalli
616184,218393,Markuli
616185,218393,Markuli
616186,218393,Markuli
616187,218390,Kowsika
616188,218369,Ankapura
616189,218375,Doddagenigere
616190,218375,Doddagenigere
616191,218375,Doddagenigere
616192,218375,Doddagenigere
616193,218401,Shantigrama
616194,218401,Shantigrama
616195,218401,Shantigrama
616196,218393,Markuli
616197,218393,Markuli
616198,218393,Markuli
616199,218395,Mosalehosahalli
616200,218393,Markuli
616201,218393,Markuli
616202,218393,Markuli
616203,218401,Shantigrama
616204,218401,Shantigrama
616205,218401,Shantigrama
616206,218401,Shantigrama
616207,218392,Madenur
616208,218388,Kattaya
616209,218392,Madenur
616210,218392,Madenur
616211,218392,Madenur
616212,218392,Madenur
616213,218392,Madenur
616214,218392,Madenur
616215,218384,Jagaravalli
616216,218401,Shantigrama
616217,218384,Jagaravalli
616218,218384,Jagaravalli
616219,218384,Jagaravalli
616220,218384,Jagaravalli
616221,218384,Jagaravalli
616222,218384,Jagaravalli
616223,218384,Jagaravalli
616224,218384,Jagaravalli
616225,218384,Jagaravalli
616226,218384,Jagaravalli
616234,218213,Mallapura
616235,218213,Mallapura
616236,218213,Mallapura
616237,218213,Mallapura
616238,218213,Mallapura
616239,218213,Mallapura
616240,218213,Mallapura
616241,218213,Mallapura
616242,218213,Mallapura
616243,218213,Mallapura
616244,218213,Mallapura
616245,218201,Abbana
616246,218201,Abbana
616247,218212,Magge
616248,218213,Mallapura
616249,218207,Kadalu
616250,218213,Mallapura
616251,218213,Mallapura
616252,218209,Karagodu
616253,218209,Karagodu
616254,218209,Karagodu
616255,218209,Karagodu
616256,218209,Karagodu
616257,218209,Karagodu
616258,218213,Mallapura
616259,218213,Mallapura
616260,218213,Mallapura
616261,218212,Magge
616262,218212,Magge
616263,218201,Abbana
616264,218201,Abbana
616265,218201,Abbana
616266,218201,Abbana
616267,218201,Abbana
616268,218212,Magge
616269,218201,Abbana
616270,218214,Palya
616271,218212,Magge
616272,218212,Magge
616273,218212,Magge
616274,218211,Madabalu
616275,218212,Magge
616276,218212,Magge
616277,218209,Karagodu
616278,218209,Karagodu
616279,218209,Karagodu
616280,218209,Karagodu
616281,218209,Karagodu
616282,218209,Karagodu
616283,218209,Karagodu
616284,218209,Karagodu
616285,218209,Karagodu
616286,218209,Karagodu
616287,218209,Karagodu
616288,218209,Karagodu
616289,218209,Karagodu
616290,218209,Karagodu
616291,218209,Karagodu
616292,218209,Karagodu
616293,218209,Karagodu
616294,218210,Kunduru
616295,218211,Madabalu
616296,218215,Taluru
616297,218215,Taluru
616298,218215,Taluru
616299,218215,Taluru
616300,218215,Taluru
616301,218215,Taluru
616302,218215,Taluru
616303,218215,Taluru
616304,218215,Taluru
616305,218215,Taluru
616306,218211,Madabalu
616307,218211,Madabalu
616308,218211,Madabalu
616309,218211,Madabalu
616310,218211,Madabalu
616311,218211,Madabalu
616312,218211,Madabalu
616313,218211,Madabalu
616314,218211,Madabalu
616315,218211,Madabalu
616316,218211,Madabalu
616317,218215,Taluru
616318,218215,Taluru
616319,218215,Taluru
616320,218215,Taluru
616321,218215,Taluru
616322,218215,Taluru
616323,218215,Taluru
616324,218215,Taluru
616325,218215,Taluru
616326,218215,Taluru
616327,218215,Taluru
616328,218208,Kanathur
616329,218208,Kanathur
616330,218208,Kanathur
616331,218211,Madabalu
616332,218211,Madabalu
616333,218211,Madabalu
616334,218211,Madabalu
616335,218211,Madabalu
616336,218211,Madabalu
616337,218211,Madabalu
616338,218208,Kanathur
616339,218204,Ganjigere
616340,218208,Kanathur
616341,218208,Kanathur
616342,218206,Hunasavalli
616343,218211,Madabalu
616344,218211,Madabalu
616345,218212,Magge
616346,218211,Madabalu
616347,218214,Palya
616348,218214,Palya
616349,218211,Madabalu
616350,218211,Madabalu
616351,218214,Palya
616352,218214,Palya
616353,218214,Palya
616354,218214,Palya
616355,218214,Palya
616356,218214,Palya
616357,218214,Palya
616358,218214,Palya
616359,218214,Palya
616360,218214,Palya
616361,218214,Palya
616362,218214,Palya
616363,218214,Palya
616364,218214,Palya
616365,218214,Palya
616366,218212,Magge
616367,218212,Magge
616368,218212,Magge
616369,218212,Magge
616370,218209,Karagodu
616371,218212,Magge
616372,218212,Magge
616373,218212,Magge
616374,218205,Hanchur
616375,218208,Kanathur
616376,218208,Kanathur
616377,218208,Kanathur
616378,218208,Kanathur
616379,218208,Kanathur
616380,218206,Hunasavalli
616381,218203,Dodda Kanagal
616382,218206,Hunasavalli
616383,218206,Hunasavalli
616384,218206,Hunasavalli
616385,218206,Hunasavalli
616386,218208,Kanathur
616387,218202,Byarapura
616388,218202,Byarapura
616389,218202,Byarapura
616390,218202,Byarapura
616391,218202,Byarapura
616392,218202,Byarapura
616393,218202,Byarapura
616394,218202,Byarapura
616395,218202,Byarapura
616396,218206,Hunasavalli
616397,218206,Hunasavalli
616398,218206,Hunasavalli
616399,218208,Kanathur
616400,218203,Dodda Kanagal
616401,218203,Dodda Kanagal
616402,218203,Dodda Kanagal
616403,218203,Dodda Kanagal
616404,218203,Dodda Kanagal
616405,218206,Hunasavalli
616406,218206,Hunasavalli
616407,218203,Dodda Kanagal
616408,218203,Dodda Kanagal
616409,218203,Dodda Kanagal
616410,218206,Hunasavalli
616411,218206,Hunasavalli
616412,218202,Byarapura
616413,218202,Byarapura
616414,218202,Byarapura
616415,218202,Byarapura
616416,218202,Byarapura
616417,218202,Byarapura
616418,218207,Kadalu
616419,218207,Kadalu
616420,218206,Hunasavalli
616421,218207,Kadalu
616422,218210,Kunduru
616423,218205,Hanchur
616424,218212,Magge
616425,218205,Hanchur
616426,218205,Hanchur
616427,218205,Hanchur
616428,218205,Hanchur
616429,218202,Byarapura
616430,218202,Byarapura
616431,218205,Hanchur
616432,218205,Hanchur
616433,218205,Hanchur
616434,218205,Hanchur
616435,218205,Hanchur
616436,218204,Ganjigere
616437,218210,Kunduru
616438,218210,Kunduru
616439,218210,Kunduru
616440,218210,Kunduru
616441,218210,Kunduru
616442,218210,Kunduru
616443,218210,Kunduru
616444,218210,Kunduru
616445,218205,Hanchur
616446,218205,Hanchur
616447,218205,Hanchur
616448,218205,Hanchur
616449,218202,Byarapura
616450,218207,Kadalu
616451,218207,Kadalu
616452,218207,Kadalu
616453,218207,Kadalu
616454,218207,Kadalu
616455,218207,Kadalu
616456,218213,Mallapura
616457,218207,Kadalu
616458,218207,Kadalu
616459,218207,Kadalu
616460,218207,Kadalu
616461,218207,Kadalu
616462,218207,Kadalu
616463,218205,Hanchur
616464,218205,Hanchur
616465,218205,Hanchur
616466,218210,Kunduru
616467,218204,Ganjigere
616468,218210,Kunduru
616469,218210,Kunduru
616470,218210,Kunduru
616471,218204,Ganjigere
616472,218204,Ganjigere
616473,218204,Ganjigere
616474,218204,Ganjigere
616475,218204,Ganjigere
616476,218204,Ganjigere
616477,218204,Ganjigere
616478,218205,Hanchur
616479,218204,Ganjigere
616480,218204,Ganjigere
616481,218204,Ganjigere
616482,218204,Ganjigere
616483,218204,Ganjigere
616484,218204,Ganjigere
616485,218204,Ganjigere
616486,218204,Ganjigere
616487,218204,Ganjigere
616488,218204,Ganjigere
616489,218204,Ganjigere
616490,218208,Kanathur
616491,218204,Ganjigere
616492,218204,Ganjigere
616493,218237,Mallipatna
616494,218237,Mallipatna
616495,218237,Mallipatna
616496,218237,Mallipatna
616497,272838,Aladahalli
616498,272838,Aladahalli
616499,272838,Aladahalli
616500,272838,Aladahalli
616501,272838,Aladahalli
616502,218225,Ganjalagodu
616503,218237,Mallipatna
616504,218237,Mallipatna
616505,218237,Mallipatna
616506,218237,Mallipatna
616507,218243,Vijapura Forest
616508,218243,Vijapura Forest
616509,218237,Mallipatna
616510,218237,Mallipatna
616511,218243,Vijapura Forest
616512,218243,Vijapura Forest
616513,218243,Vijapura Forest
616514,218243,Vijapura Forest
616515,218222,Dodda Bemmathi
616516,218243,Vijapura Forest
616517,218243,Vijapura Forest
616518,218243,Vijapura Forest
616519,218243,Vijapura Forest
616520,218237,Mallipatna
616521,218237,Mallipatna
616522,272838,Aladahalli
616523,272838,Aladahalli
616524,272838,Aladahalli
616525,272838,Aladahalli
616526,218228,Holalagodu
616527,272838,Aladahalli
616528,218228,Holalagodu
616529,218228,Holalagodu
616530,218222,Dodda Bemmathi
616531,218222,Dodda Bemmathi
616532,218222,Dodda Bemmathi
616533,218222,Dodda Bemmathi
616534,218222,Dodda Bemmathi
616535,218222,Dodda Bemmathi
616536,218232,Kattepura
616537,218228,Holalagodu
616538,218228,Holalagodu
616539,218228,Holalagodu
616540,218228,Holalagodu
616541,218243,Vijapura Forest
616542,218228,Holalagodu
616543,272841,Heggadihalli
616544,218230,Hulikallu
616545,218228,Holalagodu
616546,218222,Dodda Bemmathi
616547,272838,Aladahalli
616548,218222,Dodda Bemmathi
616549,218222,Dodda Bemmathi
616550,218222,Dodda Bemmathi
616551,272841,Heggadihalli
616552,272841,Heggadihalli
616553,218230,Hulikallu
616554,272841,Heggadihalli
616555,272841,Heggadihalli
616556,218243,Vijapura Forest
616557,218243,Vijapura Forest
616558,218243,Vijapura Forest
616559,218243,Vijapura Forest
616560,218242,Vaddarahalli
616561,218242,Vaddarahalli
616562,218242,Vaddarahalli
616563,218243,Vijapura Forest
616564,218243,Vijapura Forest
616565,218243,Vijapura Forest
616566,218243,Vijapura Forest
616567,218233,Katti Mallenahalli
616568,218233,Katti Mallenahalli
616569,218233,Katti Mallenahalli
616570,218230,Hulikallu
616571,218233,Katti Mallenahalli
616572,218233,Katti Mallenahalli
616573,218233,Katti Mallenahalli
616574,218242,Vaddarahalli
616575,218242,Vaddarahalli
616576,218242,Vaddarahalli
616577,218242,Vaddarahalli
616578,218242,Vaddarahalli
616579,218229,Honnavalli
616580,218229,Honnavalli
616581,218229,Honnavalli
616582,218233,Katti Mallenahalli
616583,218233,Katti Mallenahalli
616584,218233,Katti Mallenahalli
616585,218233,Katti Mallenahalli
616586,218233,Katti Mallenahalli
616587,218230,Hulikallu
616588,272839,Mokali
616589,272839,Mokali
616590,272839,Mokali
616591,272839,Mokali
616592,218229,Honnavalli
616593,218229,Honnavalli
616594,218229,Honnavalli
616595,218227,Hebbale
616596,218242,Vaddarahalli
616597,218227,Hebbale
616598,218227,Hebbale
616599,218229,Honnavalli
616600,218229,Honnavalli
616601,218220,Bychanahalli
616602,218220,Bychanahalli
616603,218220,Bychanahalli
616604,218227,Hebbale
616605,218227,Hebbale
616606,218227,Hebbale
616607,218227,Hebbale
616608,218227,Hebbale
616609,218225,Ganjalagodu
616610,218227,Hebbale
616611,218225,Ganjalagodu
616612,218225,Ganjalagodu
616613,218225,Ganjalagodu
616614,218220,Bychanahalli
616615,218220,Bychanahalli
616616,218220,Bychanahalli
616617,218229,Honnavalli
616618,218220,Bychanahalli
616619,218225,Ganjalagodu
616620,218225,Ganjalagodu
616621,218225,Ganjalagodu
616622,272838,Aladahalli
616623,218225,Ganjalagodu
616624,218225,Ganjalagodu
616625,218225,Ganjalagodu
616626,218220,Bychanahalli
616627,218230,Hulikallu
616628,218230,Hulikallu
616629,272839,Mokali
616630,272839,Mokali
616631,218230,Hulikallu
616632,218230,Hulikallu
616633,218223,Dodda Magge
616634,218223,Dodda Magge
616635,218223,Dodda Magge
616636,218223,Dodda Magge
616637,218223,Dodda Magge
616638,218240,Santhemarur
616639,218240,Santhemarur
616640,218240,Santhemarur
616641,218240,Santhemarur
616642,218240,Santhemarur
616643,218240,Santhemarur
616644,218240,Santhemarur
616645,218223,Dodda Magge
616646,272741,Koratikere
616647,272741,Koratikere
616648,272741,Koratikere
616649,218216,Agrahara
616650,218216,Agrahara
616651,218216,Agrahara
616652,218216,Agrahara
616653,218216,Agrahara
616654,218216,Agrahara
616655,272741,Koratikere
616656,272741,Koratikere
616657,218244,Yalagathavalli
616658,218240,Santhemarur
616659,218244,Yalagathavalli
616660,218240,Santhemarur
616661,218244,Yalagathavalli
616662,218220,Bychanahalli
616663,218220,Bychanahalli
616664,218244,Yalagathavalli
616665,218244,Yalagathavalli
616666,218244,Yalagathavalli
616667,218244,Yalagathavalli
616668,218244,Yalagathavalli
616669,218219,Belavadi
616670,218219,Belavadi
616671,218219,Belavadi
616672,218219,Belavadi
616673,218219,Belavadi
616674,218219,Belavadi
616675,218219,Belavadi
616676,218219,Belavadi
616677,218243,Vijapura Forest
616678,218222,Dodda Bemmathi
616679,218222,Dodda Bemmathi
616680,218222,Dodda Bemmathi
616681,218222,Dodda Bemmathi
616682,272742,Tarigalale
616683,272742,Tarigalale
616684,272742,Tarigalale
616685,272742,Tarigalale
616686,218226,Handrangi
616687,218226,Handrangi
616688,272742,Tarigalale
616689,272742,Tarigalale
616690,218217,Bannur
616691,218217,Bannur
616692,218217,Bannur
616693,272742,Tarigalale
616694,272742,Tarigalale
616695,218226,Handrangi
616696,218226,Handrangi
616697,218226,Handrangi
616698,218226,Handrangi
616699,218221,Chikkanahalli
616700,218221,Chikkanahalli
616701,218221,Chikkanahalli
616702,218221,Chikkanahalli
616703,218221,Chikkanahalli
616704,218221,Chikkanahalli
616705,218226,Handrangi
616706,218226,Handrangi
616707,218217,Bannur
616708,218217,Bannur
616709,218217,Bannur
616710,272844,Kaduvinahosahalli
616711,218217,Bannur
616712,272844,Kaduvinahosahalli
616713,272844,Kaduvinahosahalli
616714,272844,Kaduvinahosahalli
616715,272844,Kaduvinahosahalli
616716,272844,Kaduvinahosahalli
616717,272844,Kaduvinahosahalli
616718,218241,Saragoor
616719,218241,Saragoor
616720,218241,Saragoor
616721,218241,Saragoor
616722,218221,Chikkanahalli
616723,218235,Konanur
616724,218221,Chikkanahalli
616725,218221,Chikkanahalli
616726,218221,Chikkanahalli
616727,218221,Chikkanahalli
616728,218232,Kattepura
616729,218232,Kattepura
616730,218232,Kattepura
616731,218232,Kattepura
616732,218232,Kattepura
616733,218232,Kattepura
616734,218232,Kattepura
616735,218232,Kattepura
616736,218222,Dodda Bemmathi
616737,218232,Kattepura
616738,218238,Ramanathapura
616739,218238,Ramanathapura
616740,218238,Ramanathapura
616741,218238,Ramanathapura
616742,218238,Ramanathapura
616743,218238,Ramanathapura
616744,218232,Kattepura
616745,218232,Kattepura
616746,218232,Kattepura
616747,218224,Gangoor
616748,218224,Gangoor
616749,218224,Gangoor
616750,218238,Ramanathapura
616751,218238,Ramanathapura
616752,218218,Basavapatna
616753,218218,Basavapatna
616754,218218,Basavapatna
616755,218218,Basavapatna
616756,218218,Basavapatna
616757,218239,Rudrapatna
616758,218239,Rudrapatna
616759,272840,Hanyalu
616760,272840,Hanyalu
616761,272840,Hanyalu
616762,272840,Hanyalu
616763,272840,Hanyalu
616764,272840,Hanyalu
616765,218216,Agrahara
616766,218239,Rudrapatna
616767,218239,Rudrapatna
616768,218218,Basavapatna
616769,218218,Basavapatna
616770,218231,Kalenahalli
616771,218231,Kalenahalli
616772,218231,Kalenahalli
616773,218231,Kalenahalli
616774,218218,Basavapatna
616775,218218,Basavapatna
616776,218239,Rudrapatna
616777,218236,Lakkur
616778,218236,Lakkur
616779,218236,Lakkur
616780,218236,Lakkur
616781,218239,Rudrapatna
616782,218231,Kalenahalli
616783,218231,Kalenahalli
616784,218231,Kalenahalli
616785,218234,Keralapura
616786,218234,Keralapura
616787,218234,Keralapura
616788,218234,Keralapura
616789,218416,Hangarahalli
616790,218416,Hangarahalli
616791,218414,Halekote
616792,218416,Hangarahalli
616793,218416,Hangarahalli
616794,218416,Hangarahalli
616795,218418,Ichanahalli
616796,218414,Halekote
616797,218414,Halekote
616798,218414,Halekote
616799,218414,Halekote
616800,218428,Niduvani
616801,218414,Halekote
616802,218414,Halekote
616803,218419,Kattebelaguli
616804,218419,Kattebelaguli
616805,218419,Kattebelaguli
616806,218419,Kattebelaguli
616807,218419,Kattebelaguli
616808,218419,Kattebelaguli
616809,218419,Kattebelaguli
616810,218419,Kattebelaguli
616811,218408,Bagivalu
616812,218419,Kattebelaguli
616813,218408,Bagivalu
616814,218408,Bagivalu
616815,218408,Bagivalu
616816,218408,Bagivalu
616817,218408,Bagivalu
616818,218408,Bagivalu
616819,218417,Hariharapura
616820,218417,Hariharapura
616821,218417,Hariharapura
616822,218423,Malali
616823,218423,Malali
616824,218423,Malali
616825,218423,Malali
616826,218423,Malali
616827,218423,Malali
616828,218423,Malali
616829,218423,Malali
616830,218417,Hariharapura
616831,218417,Hariharapura
616832,218417,Hariharapura
616833,218417,Hariharapura
616834,218408,Bagivalu
616835,218408,Bagivalu
616836,218408,Bagivalu
616837,218408,Bagivalu
616838,218408,Bagivalu
616839,218408,Bagivalu
616840,218408,Bagivalu
616841,218417,Hariharapura
616842,218413,Doddakunche
616843,218413,Doddakunche
616844,218413,Doddakunche
616845,218413,Doddakunche
616846,218413,Doddakunche
616847,218423,Malali
616848,218418,Ichanahalli
616849,218413,Doddakunche
616850,218413,Doddakunche
616851,218413,Doddakunche
616852,218413,Doddakunche
616853,218413,Doddakunche
616854,218421,Kodihalli
616855,218421,Kodihalli
616856,218431,Sravanur
616857,218421,Kodihalli
616858,218421,Kodihalli
616859,218421,Kodihalli
616860,218421,Kodihalli
616861,218421,Kodihalli
616862,218421,Kodihalli
616863,218421,Kodihalli
616864,218421,Kodihalli
616865,218421,Kodihalli
616866,218421,Kodihalli
616867,218421,Kodihalli
616868,218421,Kodihalli
616869,218421,Kodihalli
616870,218421,Kodihalli
616871,218421,Kodihalli
616872,218421,Kodihalli
616873,218421,Kodihalli
616874,218421,Kodihalli
616875,218421,Kodihalli
616876,218420,Keragodu
616877,218410,Doddabyagathavalli
616878,218425,Paduvalahippe
616879,218425,Paduvalahippe
616880,218425,Paduvalahippe
616881,218425,Paduvalahippe
616882,218425,Paduvalahippe
616883,218425,Paduvalahippe
616884,218425,Paduvalahippe
616885,218430,Sankanahalli
616886,218410,Doddabyagathavalli
616887,218410,Doddabyagathavalli
616888,218410,Doddabyagathavalli
616889,218420,Keragodu
616890,218410,Doddabyagathavalli
616891,218410,Doddabyagathavalli
616892,218430,Sankanahalli
616893,218430,Sankanahalli
616894,218430,Sankanahalli
616895,218430,Sankanahalli
616896,218430,Sankanahalli
616897,218430,Sankanahalli
616898,218418,Ichanahalli
616899,218418,Ichanahalli
616900,218420,Keragodu
616901,218429,Odanahalli
616902,218429,Odanahalli
616903,218418,Ichanahalli
616904,218416,Hangarahalli
616905,218418,Ichanahalli
616906,218423,Malali
616907,218430,Sankanahalli
616908,218424,Mallappanahalli
616909,218426,Moodalahippe
616910,218424,Mallappanahalli
616911,218424,Mallappanahalli
616912,218424,Mallappanahalli
616913,218424,Mallappanahalli
616914,218418,Ichanahalli
616915,218418,Ichanahalli
616916,218432,Thathanahalli
616917,218418,Ichanahalli
616918,218418,Ichanahalli
616919,218424,Mallappanahalli
616920,218424,Mallappanahalli
616921,218424,Mallappanahalli
616922,218424,Mallappanahalli
616923,218424,Mallappanahalli
616924,218424,Mallappanahalli
616925,218424,Mallappanahalli
616926,218424,Mallappanahalli
616927,218426,Moodalahippe
616928,218426,Moodalahippe
616929,218426,Moodalahippe
616930,218426,Moodalahippe
616931,218431,Sravanur
616932,218431,Sravanur
616933,218426,Moodalahippe
616934,218409,Bidarakka
616935,218426,Moodalahippe
616936,218426,Moodalahippe
616937,218426,Moodalahippe
616938,218426,Moodalahippe
616939,218426,Moodalahippe
616940,218426,Moodalahippe
616941,218426,Moodalahippe
616942,218426,Moodalahippe
616943,218426,Moodalahippe
616944,218428,Niduvani
616945,218429,Odanahalli
616946,218420,Keragodu
616947,218420,Keragodu
616948,218429,Odanahalli
616949,218429,Odanahalli
616950,218429,Odanahalli
616951,218429,Odanahalli
616952,218429,Odanahalli
616953,218414,Halekote
616954,218428,Niduvani
616955,218428,Niduvani
616956,218428,Niduvani
616957,218409,Bidarakka
616958,218428,Niduvani
616959,218428,Niduvani
616960,218429,Odanahalli
616961,218429,Odanahalli
616962,218422,Kyathanahalli
616963,218428,Niduvani
616964,218428,Niduvani
616965,218426,Moodalahippe
616966,218409,Bidarakka
616967,218409,Bidarakka
616968,218409,Bidarakka
616969,218409,Bidarakka
616970,218409,Bidarakka
616971,218409,Bidarakka
616972,218422,Kyathanahalli
616973,218422,Kyathanahalli
616974,218422,Kyathanahalli
616975,218422,Kyathanahalli
616976,218422,Kyathanahalli
616977,218429,Odanahalli
616978,218432,Thathanahalli
616979,218422,Kyathanahalli
616980,218415,Halli Mysore
616981,218422,Kyathanahalli
616982,218422,Kyathanahalli
616983,218422,Kyathanahalli
616984,218432,Thathanahalli
616985,218432,Thathanahalli
616986,218432,Thathanahalli
616987,218412,Doddakadanur
616988,218412,Doddakadanur
616989,218412,Doddakadanur
616990,218412,Doddakadanur
616991,218432,Thathanahalli
616992,218412,Doddakadanur
616993,218415,Halli Mysore
616994,218415,Halli Mysore
616995,218415,Halli Mysore
616996,218415,Halli Mysore
616997,218407,Anekannambadi
616998,218407,Anekannambadi
616999,218407,Anekannambadi
617000,218407,Anekannambadi
617001,218407,Anekannambadi
617002,218411,Doddahalli
617003,218411,Doddahalli
617004,218427,Nagaranahalli
617005,218412,Doddakadanur
617006,218412,Doddakadanur
617007,218412,Doddakadanur
617008,218412,Doddakadanur
617009,218412,Doddakadanur
617010,218431,Sravanur
617011,218431,Sravanur
617012,218431,Sravanur
617013,218431,Sravanur
617014,218431,Sravanur
617015,218421,Kodihalli
617016,218431,Sravanur
617017,218431,Sravanur
617018,218431,Sravanur
617019,218431,Sravanur
617020,218427,Nagaranahalli
617021,218427,Nagaranahalli
617022,218427,Nagaranahalli
617023,218411,Doddahalli
617024,218407,Anekannambadi
617025,218407,Anekannambadi
617026,218411,Doddahalli
617027,218411,Doddahalli
617028,218411,Doddahalli
617029,218411,Doddahalli
617030,218411,Doddahalli
617031,218411,Doddahalli
617032,218427,Nagaranahalli
617033,218427,Nagaranahalli
617034,218427,Nagaranahalli
617035,218427,Nagaranahalli
617036,218427,Nagaranahalli
617037,218427,Nagaranahalli
617038,218329,Anekere
617039,218360,Noranakki
617040,218360,Noranakki
617041,218329,Anekere
617042,218329,Anekere
617043,218329,Anekere
617044,218360,Noranakki
617045,218331,Baladare
617046,218344,Jambur
617047,218331,Baladare
617048,218331,Baladare
617049,218331,Baladare
617050,218331,Baladare
617051,218354,Kundur
617052,218354,Kundur
617053,218354,Kundur
617054,218363,Sathenahalli
617055,218363,Sathenahalli
617056,218363,Sathenahalli
617057,218363,Sathenahalli
617058,218363,Sathenahalli
617059,218363,Sathenahalli
617060,218354,Kundur
617061,218354,Kundur
617062,218354,Kundur
617063,218354,Kundur
617064,218354,Kundur
617065,218331,Baladare
617066,218331,Baladare
617067,218331,Baladare
617068,218331,Baladare
617069,218331,Baladare
617070,218331,Baladare
617071,218354,Kundur
617072,218331,Baladare
617073,218333,Baragur
617074,218333,Baragur
617075,218333,Baragur
617076,218333,Baragur
617077,218333,Baragur
617078,218333,Baragur
617079,218333,Baragur
617080,218329,Anekere
617081,218333,Baragur
617082,218333,Baragur
617083,218329,Anekere
617084,218329,Anekere
617085,218329,Anekere
617086,218329,Anekere
617087,218360,Noranakki
617088,218360,Noranakki
617089,218353,Kumbenahalli
617090,218360,Noranakki
617091,218360,Noranakki
617092,218360,Noranakki
617093,218360,Noranakki
617094,218360,Noranakki
617095,218360,Noranakki
617096,218360,Noranakki
617097,218360,Noranakki
617098,218353,Kumbenahalli
617099,218360,Noranakki
617100,218353,Kumbenahalli
617101,218353,Kumbenahalli
617102,218353,Kumbenahalli
617103,218353,Kumbenahalli
617104,218353,Kumbenahalli
617105,218353,Kumbenahalli
617106,218353,Kumbenahalli
617107,218353,Kumbenahalli
617108,218353,Kumbenahalli
617109,218363,Sathenahalli
617110,218363,Sathenahalli
617111,218363,Sathenahalli
617112,218363,Sathenahalli
617113,218355,M.Shivara
617114,218352,Kembalu
617115,218352,Kembalu
617116,218352,Kembalu
617117,218352,Kembalu
617118,218327,Akkanahalli
617119,218352,Kembalu
617120,218352,Kembalu
617121,218352,Kembalu
617122,218355,M.Shivara
617123,218355,M.Shivara
617124,218355,M.Shivara
617125,218355,M.Shivara
617126,218363,Sathenahalli
617127,218363,Sathenahalli
617128,218336,Byadarahalli
617129,218330,Bagur
617130,218355,M.Shivara
617131,218355,M.Shivara
617132,218355,M.Shivara
617133,218355,M.Shivara
617134,218355,M.Shivara
617135,218355,M.Shivara
617136,218352,Kembalu
617137,218352,Kembalu
617138,218352,Kembalu
617139,218328,Anathi
617140,218328,Anathi
617141,218328,Anathi
617142,218328,Anathi
617143,218328,Anathi
617144,218351,Karehalli
617145,218328,Anathi
617146,218351,Karehalli
617147,218351,Karehalli
617148,218359,Navile
617149,218359,Navile
617150,218359,Navile
617151,218359,Navile
617152,218355,M.Shivara
617153,218336,Byadarahalli
617154,218355,M.Shivara
617155,218355,M.Shivara
617156,218330,Bagur
617157,218330,Bagur
617158,218336,Byadarahalli
617159,218354,Kundur
617160,218336,Byadarahalli
617161,218336,Byadarahalli
617162,218336,Byadarahalli
617163,218336,Byadarahalli
617164,218336,Byadarahalli
617165,218336,Byadarahalli
617166,218330,Bagur
617167,218330,Bagur
617168,218330,Bagur
617169,218330,Bagur
617170,218330,Bagur
617171,218366,Tagadur
617172,218366,Tagadur
617173,218366,Tagadur
617174,218335,Belagihallli
617175,218366,Tagadur
617176,218359,Navile
617177,218351,Karehalli
617178,218351,Karehalli
617179,218351,Karehalli
617180,218351,Karehalli
617181,218351,Karehalli
617182,218351,Karehalli
617183,218358,Nallur
617184,218358,Nallur
617185,218358,Nallur
617186,218358,Nallur
617187,218358,Nallur
617188,218349,Kalkere
617189,218337,D.Kalenahalli
617190,218337,D.Kalenahalli
617191,218337,D.Kalenahalli
617192,218358,Nallur
617193,218337,D.Kalenahalli
617194,218342,Gulasinda
617195,218342,Gulasinda
617196,218342,Gulasinda
617197,218342,Gulasinda
617198,218342,Gulasinda
617199,218342,Gulasinda
617200,218330,Bagur
617201,218349,Kalkere
617202,218342,Gulasinda
617203,218342,Gulasinda
617204,218349,Kalkere
617205,218340,Dindagur
617206,218340,Dindagur
617207,218345,Janivara
617208,218345,Janivara
617209,218337,D.Kalenahalli
617210,218337,D.Kalenahalli
617211,218345,Janivara
617212,218345,Janivara
617213,218345,Janivara
617214,218345,Janivara
617215,218345,Janivara
617216,218345,Janivara
617217,218350,Kantharajapura
617218,218345,Janivara
617219,218345,Janivara
617220,218345,Janivara
617221,218345,Janivara
617222,218340,Dindagur
617223,218340,Dindagur
617224,218340,Dindagur
617225,218349,Kalkere
617226,218349,Kalkere
617227,218349,Kalkere
617228,218349,Kalkere
617229,218340,Dindagur
617230,218340,Dindagur
617231,218345,Janivara
617232,218341,Gowdagere
617233,218341,Gowdagere
617234,218339,Didaga
617235,218341,Gowdagere
617236,218341,Gowdagere
617237,218341,Gowdagere
617238,218340,Dindagur
617239,218341,Gowdagere
617240,218349,Kalkere
617241,218349,Kalkere
617242,218349,Kalkere
617243,218349,Kalkere
617244,218331,Baladare
617245,218344,Jambur
617246,218357,Mattanavile
617247,218349,Kalkere
617248,218349,Kalkere
617249,218344,Jambur
617250,218344,Jambur
617251,218366,Tagadur
617252,218366,Tagadur
617253,218366,Tagadur
617254,218366,Tagadur
617255,218366,Tagadur
617256,218361,Nuggehalli
617257,218361,Nuggehalli
617258,218361,Nuggehalli
617259,218344,Jambur
617260,218344,Jambur
617261,218344,Jambur
617262,218341,Gowdagere
617263,218357,Mattanavile
617264,218327,Akkanahalli
617265,218327,Akkanahalli
617266,218344,Jambur
617267,218344,Jambur
617268,218327,Akkanahalli
617269,218361,Nuggehalli
617270,218327,Akkanahalli
617271,218361,Nuggehalli
617272,218362,S.Shivara
617273,218362,S.Shivara
617274,218362,S.Shivara
617275,218362,S.Shivara
617276,218362,S.Shivara
617277,218362,S.Shivara
617278,218362,S.Shivara
617279,218362,S.Shivara
617280,218362,S.Shivara
617281,218362,S.Shivara
617282,218362,S.Shivara
617283,218327,Akkanahalli
617284,218327,Akkanahalli
617285,218327,Akkanahalli
617286,218327,Akkanahalli
617287,218327,Akkanahalli
617288,218352,Kembalu
617289,218335,Belagihallli
617290,218335,Belagihallli
617291,218357,Mattanavile
617292,218357,Mattanavile
617293,218357,Mattanavile
617294,218344,Jambur
617295,218362,S.Shivara
617296,218335,Belagihallli
617297,218335,Belagihallli
617298,218335,Belagihallli
617299,218327,Akkanahalli
617300,218327,Akkanahalli
617301,218339,Didaga
617302,218348,Kabbali
617303,218348,Kabbali
617304,218348,Kabbali
617305,218348,Kabbali
617306,218348,Kabbali
617307,218348,Kabbali
617308,218348,Kabbali
617309,218348,Kabbali
617310,218346,Jinnenahalli
617311,218346,Jinnenahalli
617312,218346,Jinnenahalli
617313,218339,Didaga
617314,218339,Didaga
617315,218348,Kabbali
617316,218339,Didaga
617317,218339,Didaga
617318,218339,Didaga
617319,218339,Didaga
617320,218339,Didaga
617321,218339,Didaga
617322,218339,Didaga
617323,218339,Didaga
617324,218339,Didaga
617325,218339,Didaga
617326,218339,Didaga
617327,218346,Jinnenahalli
617328,218346,Jinnenahalli
617329,218335,Belagihallli
617330,218343,Hirisave
617331,218335,Belagihallli
617332,218356,Mathigatta
617333,218343,Hirisave
617334,218343,Hirisave
617335,218346,Jinnenahalli
617336,218346,Jinnenahalli
617337,218332,Balaganchi
617338,218332,Balaganchi
617339,218332,Balaganchi
617340,218332,Balaganchi
617341,218332,Balaganchi
617342,218346,Jinnenahalli
617343,218332,Balaganchi
617344,218343,Hirisave
617345,218343,Hirisave
617346,218356,Mathigatta
617347,218356,Mathigatta
617348,218356,Mathigatta
617349,218356,Mathigatta
617350,218347,Juttanahalli
617351,218356,Mathigatta
617352,218356,Mathigatta
617353,218356,Mathigatta
617354,218356,Mathigatta
617355,218356,Mathigatta
617356,218356,Mathigatta
617357,218356,Mathigatta
617358,218343,Hirisave
617359,218343,Hirisave
617360,218332,Balaganchi
617361,218332,Balaganchi
617362,218332,Balaganchi
617363,218350,Kantharajapura
617364,218350,Kantharajapura
617365,218350,Kantharajapura
617366,218350,Kantharajapura
617367,218350,Kantharajapura
617368,218334,Bekka
617369,218334,Bekka
617370,218334,Bekka
617371,218341,Gowdagere
617372,218341,Gowdagere
617373,218357,Mattanavile
617374,218341,Gowdagere
617375,218334,Bekka
617376,218334,Bekka
617377,218334,Bekka
617378,218365,Sundahalli
617379,218334,Bekka
617380,218334,Bekka
617381,218334,Bekka
617382,218334,Bekka
617383,218350,Kantharajapura
617384,218350,Kantharajapura
617385,272843,Kabbalu
617386,272843,Kabbalu
617387,218350,Kantharajapura
617388,218350,Kantharajapura
617389,218338,Dammaninagala
617390,272843,Kabbalu
617391,272843,Kabbalu
617392,218338,Dammaninagala
617393,218338,Dammaninagala
617394,218338,Dammaninagala
617395,218338,Dammaninagala
617396,218338,Dammaninagala
617397,218338,Dammaninagala
617398,218338,Dammaninagala
617399,218365,Sundahalli
617400,218365,Sundahalli
617401,218365,Sundahalli
617402,218347,Juttanahalli
617403,218357,Mattanavile
617404,218357,Mattanavile
617405,218357,Mattanavile
617406,218357,Mattanavile
617407,218357,Mattanavile
617408,218356,Mathigatta
617409,218347,Juttanahalli
617410,218347,Juttanahalli
617411,218347,Juttanahalli
617412,218356,Mathigatta
617413,218347,Juttanahalli
617414,218347,Juttanahalli
617415,218347,Juttanahalli
617416,218347,Juttanahalli
617417,218347,Juttanahalli
617418,218347,Juttanahalli
617419,218365,Sundahalli
617420,218365,Sundahalli
617421,218347,Juttanahalli
617422,218364,Sravanabelagola
617425,273289,Athikari Bettu
617426,217293,Balkunje
617427,217293,Balkunje
617428,217289,Aikala
617429,217293,Balkunje
617430,217293,Balkunje
617431,273289,Athikari Bettu
617432,217308,Kilpady
617433,217323,Padupanambur
617434,217323,Padupanambur
617435,217301,Haleyangady
617436,217301,Haleyangady
617437,217301,Haleyangady
617438,217323,Padupanambur
617440,217289,Aikala
617441,217289,Aikala
617443,217307,Kemral
617444,217307,Kemral
617445,217307,Kemral
617446,217307,Kemral
617450,217325,Palladka
617451,217325,Palladka
617452,217305,Kallamundkur
617453,217305,Kallamundkur
617454,217333,Tenkamijar
617455,217333,Tenkamijar
617456,273291,Iruvail
617457,273291,Iruvail
617458,217303,Hosabettu
617459,217303,Hosabettu
617460,217328,Putthige
617461,217295,Beluvai
617462,217322,Padumarnad
617463,217322,Padumarnad
617464,217298,Daregudde
617465,217298,Daregudde
617466,217298,Daregudde
617467,217321,Nellikaru
617468,273295,Valpadi
617469,217329,Shirthady
617470,217329,Shirthady
617471,217329,Shirthady
617472,217321,Nellikaru
617473,217297,Chelairu
617474,217331,Surinje
617475,217331,Surinje
617476,217336,Yekkaru
617477,217336,Yekkaru
617478,217327,Permude
617479,217292,Bala
617481,217324,Paduperar
617482,217318,Muchuru
617483,217318,Muchuru
617484,217306,Kandavara
617485,217306,Kandavara
617486,217335,Yedapadav
617487,273290,Badagayedapadavu
617488,217313,Kuppepadav
617489,273294,Muthuru
617490,273294,Muthuru
617491,217299,Ganjimata
617492,217299,Ganjimata
617493,217334,Ualibettu
617494,273293,Mallooru
617495,217290,Amblamogru
617496,217326,Pavuru
617497,217296,Boliyaru
617498,217310,Kinya
617501,217304,Jokatte
617503,217306,Kandavara
617504,217324,Paduperar
617505,217299,Ganjimata
617506,217317,Moodushedde
617507,217300,Gurupura
617508,217300,Gurupura
617509,217320,Neermarga
617510,217320,Neermarga
617511,217288,Adyar
617512,217288,Adyar
617513,217302,Harekala
617514,217311,Konaje
617515,217294,Belma
617516,217319,Munnuru
617519,217332,Talapady
617520,217315,Manjanady
617521,217297,Chelairu
617522,217327,Permude
617523,217292,Bala
617524,217317,Moodushedde
617525,217237,Sangabettu
617526,217237,Sangabettu
617527,217218,Kukkipadi
617528,217218,Kukkipadi
617529,217233,Rayee
617530,273278,Arala
617531,217199,Amtadi
617532,217199,Amtadi
617533,217227,Panjikallu
617534,217233,Rayee
617535,217205,Chennaithodi
617536,217205,Chennaithodi
617537,217205,Chennaithodi
617538,217205,Chennaithodi
617539,217227,Panjikallu
617540,217227,Panjikallu
617541,217214,Kavalapaduru
617542,217214,Kavalapaduru
617543,273281,Irvathur
617544,273281,Irvathur
617545,217230,Pilathabettu
617546,217213,Kavalamuduru
617547,217225,Navooru
617548,217238,Sarapadi
617549,217238,Sarapadi
617550,217202,Badakajekaru
617551,217202,Badakajekaru
617552,217240,Uli
617553,273284,Maninalkur
617554,217201,Badagabelluru
617555,217201,Badagabelluru
617556,273277,Ammunje
617557,217222,Meramajalu
617558,217222,Meramajalu
617559,273282,Kallige
617560,273287,Sajipapadu
617561,273287,Sajipapadu
617562,217219,Kurnadu
617563,217226,Pajiru
617564,217224,Naringana
617565,217203,Balepuni
617566,217208,Ira
617567,217234,Sajipamooda
617568,217206,Golthamajalu
617569,217223,Narikombu
617570,217220,Manchi
617571,217206,Golthamajalu
617572,217204,Balthila
617573,273279,Barimaru
617574,217209,Kadeshwalya
617575,217217,Kolandu
617576,273280,Bolantthuru
617577,217241,Veerakambha
617578,217200,Anathadi
617579,217221,Mani
617580,273286,Peraje
617581,217228,Perne
617582,217228,Perne
617583,217215,Kedila
617584,273285,Netlamudnur
617585,217244,Vitlapadnuru
617586,273288,Salethooru
617587,217212,Karopadi
617588,217210,Kanyana
617589,217229,Peruvai
617590,273283,Manila
617591,217198,Alike
617592,217207,Idkidu
617593,217207,Idkidu
617594,217243,Vitlamudnuru
617595,217216,Kepu
617596,217232,Punacha
617597,217211,Kariangala
617598,217231,Pudu
617599,217239,Thumbe
617600,217236,Sajipanadu
617601,217235,Sajipamunnuru
617602,217223,Narikombu
617603,217225,Navooru
617604,217203,Balepuni
617606,217270,Marodi
617607,217275,Naravi
617608,217275,Naravi
617609,273275,Sulkeri
617610,217246,Andinje
617611,217246,Andinje
617612,217270,Marodi
617613,217260,Kashipatna
617614,217255,Hosangady
617615,217255,Hosangady
617616,217247,Arambodi
617617,217247,Arambodi
617618,217287,Venur
617619,217287,Venur
617620,217287,Venur
617621,217246,Andinje
617622,273275,Sulkeri
617623,273275,Sulkeri
617624,217245,Aladangadi
617625,217283,Shirlalu
617626,217283,Shirlalu
617627,217245,Aladangadi
617628,217245,Aladangadi
617629,217263,Kukkedi
617630,217287,Venur
617631,217263,Kukkedi
617632,217249,Balanja
617633,217249,Balanja
617634,217249,Balanja
617635,217271,Melanthabettu
617636,273274,Navooru
617637,217272,Mithabagilu
617638,217269,Malavanthige
617639,217253,Charmadi
617640,273273,Kadirudyavara
617641,217257,Indabettu
617642,217274,Nada
617643,217274,Nada
617644,217265,Laila
617645,217271,Melanthabettu
617646,217271,Melanthabettu
617647,217279,Padangadi
617648,217279,Padangadi
617649,217268,Maladi
617650,217268,Maladi
617651,217264,Kuvettu
617652,217262,Koyyuru
617653,217286,Ujire
617654,217277,Kalmanja
617655,217273,Mundaje
617656,217253,Charmadi
617657,217276,Neriya
617658,217267,Madanthyaru
617659,217267,Madanthyaru
617660,217266,Machina
617661,217258,Kaliaya
617662,217258,Kaliaya
617663,217259,Kaniyooru
617664,217285,Thannirupantha
617665,217251,Barya
617666,273276,Thekkaru
617667,217251,Barya
617668,217285,Thannirupantha
617669,217256,Ilanthila
617670,217259,Kaniyooru
617671,217250,Bandaru
617672,217250,Bandaru
617673,217252,Belalu
617674,217254,Dharmasthala
617675,217253,Charmadi
617676,217281,Puduvettu
617677,217284,Shishila
617678,273272,Kalanja
617679,217278,Nidle
617680,217280,Patrame
617681,217261,Kokkada
617682,217248,Arasinamakki
617683,217248,Arasinamakki
617684,217282,Shibaje
617685,217264,Kuvettu
617686,217351,Kabaka
617687,273298,Kudippadi
617688,217345,Bannuru
617689,217345,Bannuru
617690,217356,Kodimbady
617691,217345,Bannuru
617692,217356,Kodimbady
617693,217337,34 Nekkilady
617694,217350,Hirebandady
617695,217343,Bajathuru
617696,217349,Golithottu
617697,217349,Golithottu
617698,217349,Golithottu
617699,217364,Nelyady
617700,217354,Kaukrady
617701,217354,Kaukrady
617702,273297,Kadya Konaje
617703,217371,Shirady
617704,217359,Kombaru
617705,217357,Koila
617706,217369,Ramakunja
617707,217369,Ramakunja
617708,217368,Perabe
617709,217368,Perabe
617710,217360,Kutrupady
617711,217366,Noojibalthila
617712,217366,Noojibalthila
617713,217359,Kombaru
617714,217348,Bilinele
617715,217361,Mardhala
617716,217360,Kutrupady
617717,217353,Kaniyuru
617718,217346,Belanduru
617719,217339,Alankaru
617720,217370,Savanuru
617721,217370,Savanuru
617722,217370,Savanuru
617723,217346,Belanduru
617724,217346,Belanduru
617725,217353,Kaniyuru
617726,217353,Kaniyuru
617729,217361,Mardhala
617730,217338,Aithuru
617731,217344,Balnadu
617732,217341,Aryapu
617733,217341,Aryapu
617734,217362,Munduru
617735,217363,Narimogaru
617736,217363,Narimogaru
617737,217362,Munduru
617738,217362,Munduru
617739,217355,Kedambady
617740,217373,Volamogaru
617741,217347,Bettampady
617742,217367,Panaje
617743,217347,Bettampady
617744,217340,Ariyadka
617745,273296,Keyyur
617746,217340,Ariyadka
617747,217342,Badagannuru
617748,273299,Nidpalli
617749,217342,Badagannuru
617750,217365,Nettanige Mudnuru
617751,217358,Kolthige
617752,217372,Uppinangady
617753,273300,Peruvaje
617754,217389,Kodiyala
617755,217379,Balila
617756,217381,Bellare
617757,217386,Kalanja
617758,217379,Balila
617759,217374,Aivarnadu
617760,217385,Jalsuru
617761,217388,Kanaka Majalu
617762,217392,Mandekolu
617763,217375,Ajjavara
617764,217377,Amara Mudnuru
617765,217377,Amara Mudnuru
617766,217394,Nelluru Kemraje
617767,217398,Ubaradka Mithuru
617768,217376,Aletti
617769,217378,Aranthodu
617770,217378,Aranthodu
617771,217393,Markanja
617772,217391,Madippady
617773,217396,Sampaje
617774,217400,Murulya
617775,217399,Yedamangala
617776,217399,Yedamangala
617777,217395,Panja
617778,217387,Kalmadka
617779,217387,Kalmadka
617780,217395,Panja
617781,217380,Balpa
617782,217380,Balpa
617783,217383,Guthigaru
617784,217382,Devachalla
617785,217383,Guthigaru
617786,217397,Subrahmanya
617787,217397,Subrahmanya
617788,217397,Subrahmanya
617789,217384,Harihara Pallathadka
617790,217384,Harihara Pallathadka
617791,217390,Kollamogru
617792,217390,Kollamogru
617793,218676,Karike
617794,218668,Bhagamandala
617795,218668,Bhagamandala
617796,272703,Aiyamgeri
617797,218668,Bhagamandala
617798,218678,Kundacheri
617799,218678,Kundacheri
617800,218680,Made
617801,218666,Bengoor Cherambane
617802,218678,Kundacheri
617803,218666,Bengoor Cherambane
617804,218666,Bengoor Cherambane
617805,218667,Bettageri
617806,218667,Bettageri
617807,272703,Aiyamgeri
617808,218685,Peraje
617809,218669,Chembu
617810,218686,Sampaje
617811,218680,Made
617812,218680,Made
617813,218667,Bettageri
617814,218667,Bettageri
617815,272704,Mekeri
617816,272704,Mekeri
617817,218671,Hakathur
617818,218671,Hakathur
617819,218670,Galibeedu
617820,218670,Galibeedu
617821,218681,Makkandur
617822,218670,Galibeedu
617823,218670,Galibeedu
617824,218674,Kalakeri Nidugane
617825,218674,Kalakeri Nidugane
617826,218681,Makkandur
617827,218674,Kalakeri Nidugane
617828,218673,Kadagadalu
617829,218673,Kadagadalu
617830,218682,Maragodu
617831,272705,Hosakeri
617832,218675,Kanthur Murnad
617833,218675,Kanthur Murnad
617834,218672,Hoddur
617835,218672,Hoddur
617836,218672,Hoddur
617837,218675,Kanthur Murnad
617838,218675,Kanthur Murnad
617839,218682,Maragodu
617840,272705,Hosakeri
617841,218679,Kunjila (Kakkabbe)
617842,218665,Ballamavati
617843,218665,Ballamavati
617844,272702,Yammemadu
617845,218665,Ballamavati
617846,218679,Kunjila (Kakkabbe)
617847,218679,Kunjila (Kakkabbe)
617848,218684,Nariandada
617849,218684,Nariandada
617850,218683,Napoklu
617851,218683,Napoklu
617852,218667,Bettageri
617853,218683,Napoklu
617854,218677,Konanjageri (Perane)
617855,218677,Konanjageri (Perane)
617856,218677,Konanjageri (Perane)
617857,218684,Nariandada
617858,218684,Nariandada
617859,218684,Nariandada
617860,218710,Kodlipet
617861,218710,Kodlipet
617862,218710,Kodlipet
617863,218691,Besur
617864,218691,Besur
617865,218710,Kodlipet
617866,218693,Bedagotta
617867,218693,Bedagotta
617868,218697,Dundalli
617869,218697,Dundalli
617870,218693,Bedagotta
617871,218693,Bedagotta
617872,218691,Besur
617873,218691,Besur
617874,218691,Besur
617875,218691,Besur
617877,218691,Besur
617878,218691,Besur
617879,218691,Besur
617880,218691,Besur
617881,218703,Handli
617882,218703,Handli
617883,218705,Hebbale
617884,218703,Handli
617885,218703,Handli
617886,218703,Handli
617887,218703,Handli
617888,218703,Handli
617889,218697,Dundalli
617890,218697,Dundalli
617891,218697,Dundalli
617892,218720,Shanivarasanthe
617893,218697,Dundalli
617894,218719,Nidta
617895,218719,Nidta
617896,218719,Nidta
617897,218719,Nidta
617898,218700,Gowdalli
617899,218700,Gowdalli
617900,218700,Gowdalli
617901,218700,Gowdalli
617903,218696,Doddamolathe
617905,218700,Gowdalli
617906,218689,Alur
617907,218689,Alur
617908,218689,Alur
617909,218689,Alur
617910,218719,Nidta
617911,218719,Nidta
617912,218689,Alur
617914,218689,Alur
617915,218689,Alur
617916,218689,Alur
617917,218692,Bettadalli
617918,218692,Bettadalli
617919,218692,Bettadalli
617920,218692,Bettadalli
617921,218721,Shanthalli
617922,218721,Shanthalli
617923,218724,Tholur Shettalli
617924,218724,Tholur Shettalli
617925,218724,Tholur Shettalli
617926,218724,Tholur Shettalli
617927,218721,Shanthalli
617928,218721,Shanthalli
617929,218708,Kirgandur
617930,218708,Kirgandur
617931,218708,Kirgandur
617932,218702,Hanagallu
617933,218702,Hanagallu
617934,218702,Hanagallu
617935,218695,Chowdlu
617936,218690,Belur
617937,218690,Belur
617938,218688,Aigur
617940,218690,Belur
617941,218718,Nerugalale
617942,218718,Nerugalale
617943,218718,Nerugalale
617944,218698,Ganagur
617945,218698,Ganagur
617948,218718,Nerugalale
617950,218699,Garuvale
617951,218699,Garuvale
617952,218699,Garuvale
617953,218713,Madapura
617954,218713,Madapura
617955,218713,Madapura
617956,218707,Kedakal
617957,218723,Sunticoppa
617958,218704,Haradur
617959,218704,Haradur
617960,218715,Nakur Sirangala
617961,218715,Nakur Sirangala
617962,218709,Kodagaralli
617963,218715,Nakur Sirangala
617964,218706,Kambibane
617965,218707,Kedakal
617966,218694,Chettalli
617967,218694,Chettalli
617968,218687,7th Hoskote
617969,218725,Torenur
617971,218722,Sirangala
617972,218722,Sirangala
617973,218725,Torenur
617975,218703,Handli
617976,218705,Hebbale
617980,218711,Kudige
617981,218712,Kudumangalore
617985,218701,Guddehosur
617986,218701,Guddehosur
617987,218701,Guddehosur
617989,218716,Nanjarayapatna
617990,218694,Chettalli
617991,218726,Valnur Thyagathur
617992,218717,Nelliyahaudikeri
617994,218716,Nanjarayapatna
617995,218744,Kakotuparambu
617996,218744,Kakotuparambu
617997,218744,Kakotuparambu
617998,218744,Kakotuparambu
617999,218745,Kadanur
618000,218736,Chembe Bellur
618001,218745,Kadanur
618002,218749,Kedamullur
618003,218749,Kedamullur
618004,218732,Betoli
618005,218732,Betoli
618006,218749,Kedamullur
618007,218745,Kadanur
618008,218736,Chembe Bellur
618009,218736,Chembe Bellur
618010,218736,Chembe Bellur
618011,218736,Chembe Bellur
618012,272706,Arji
618013,272710,K.Badaga
618014,218735,Bittangala
618015,218735,Bittangala
618016,218735,Bittangala
618017,218735,Bittangala
618018,218740,Halugunda
618019,218746,Kannangala
618020,218746,Kannangala
618021,218740,Halugunda
618022,218746,Kannangala
618023,218759,Siddapura
618024,218759,Siddapura
618025,218752,Maldare
618026,218737,Chennayana Kote
618027,218759,Siddapura
618028,218727,Ammathi
618029,218727,Ammathi
618030,218748,Karmadu
618031,218748,Karmadu
618032,218733,Bilugunda
618033,218733,Bilugunda
618034,218733,Bilugunda
618035,218742,Hosur
618036,218756,Polibetta
618037,218752,Maldare
618038,218742,Hosur
618039,218742,Hosur
618040,218741,Hathur
618041,218741,Hathur
618042,218741,Hathur
618043,218738,Devarapura
618048,218762,Thithimathi
618049,218753,Mayamudi
618050,218728,Aruvatoklu
618051,218741,Hathur
618052,218729,B. Shettigeri
618053,218729,B. Shettigeri
618054,218728,Aruvatoklu
618055,218750,Kirgur
618056,218750,Kirgur
618057,218747,Kanur
618058,218747,Kanur
618059,218734,Birunani
618060,218734,Birunani
618061,218734,Birunani
618062,218743,Hudikeri
618063,218743,Hudikeri
618064,218743,Hudikeri
618066,218731,Balyamandur
618067,218731,Balyamandur
618068,218758,Ponnappasanthe
618069,218761,T. Shettigeri
618070,218761,T. Shettigeri
618071,218747,Kanur
618073,218754,Nalkeri
618074,218760,Srimangala
618075,218761,T. Shettigeri
618076,218760,Srimangala
618077,218751,Kutta
618078,218751,Kutta
618079,218754,Nalkeri
618080,218753,Mayamudi
618081,218730,Balele
618082,218743,Hudikeri
618083,218758,Ponnappasanthe
618084,218758,Ponnappasanthe
618085,218755,Nittur
618086,218755,Nittur
618087,218730,Balele
618090,219625,Kanagalu
618091,219623,Hunasavadi
618092,219625,Kanagalu
618093,219625,Kanagalu
618094,219619,Doddakamaravalli
618095,219619,Doddakamaravalli
618096,219625,Kanagalu
618097,219625,Kanagalu
618098,219625,Kanagalu
618099,219625,Kanagalu
618100,219625,Kanagalu
618101,219620,Halaganahalli
618102,219620,Halaganahalli
618103,219614,Chapparadahalli
618104,273336,Haranahalli
618105,273336,Haranahalli
618106,219619,Doddakamaravalli
618107,273336,Haranahalli
618108,219614,Chapparadahalli
618109,219614,Chapparadahalli
618110,219616,Chikkanerale
618111,219616,Chikkanerale
618112,219614,Chapparadahalli
618113,273336,Haranahalli
618114,219616,Chikkanerale
618115,219616,Chikkanerale
618116,219616,Chikkanerale
618117,273336,Haranahalli
618118,273336,Haranahalli
618119,219615,Chennakalkavalu
618120,219619,Doddakamaravalli
618121,219619,Doddakamaravalli
618122,273333,Avarthi
618123,273333,Avarthi
618124,273333,Avarthi
618125,219615,Chennakalkavalu
618126,219613,Bylakuppe
618127,273333,Avarthi
618128,219628,Koppa
618129,219628,Koppa
618130,219628,Koppa
618131,219628,Koppa
618132,219613,Bylakuppe
618133,219613,Bylakuppe
618134,219613,Bylakuppe
618135,219613,Bylakuppe
618136,219627,Komalapura
618137,219613,Bylakuppe
618138,273340,Punadahalli
618139,273340,Punadahalli
618140,273340,Punadahalli
618141,219613,Bylakuppe
618142,219613,Bylakuppe
618143,219613,Bylakuppe
618144,273339,Naviluru
618145,219628,Koppa
618146,219628,Koppa
618147,219613,Bylakuppe
618148,219613,Bylakuppe
618149,219613,Bylakuppe
618150,219620,Halaganahalli
618151,219620,Halaganahalli
618152,219614,Chapparadahalli
618153,273335,Haraduru
618154,273335,Haraduru
618155,273335,Haraduru
618156,273335,Haraduru
618157,219609,Attigodu
618158,273335,Haraduru
618159,219611,Bettadatunga
618160,219609,Attigodu
618161,219626,Kittur
618162,219626,Kittur
618163,219626,Kittur
618164,219621,Handithavalli
618165,219621,Handithavalli
618166,219609,Attigodu
618167,219611,Bettadatunga
618168,219611,Bettadatunga
618169,219611,Bettadatunga
618170,273338,N. Shettihalli
618171,219610,Bettadapura
618172,219612,Bhuvanahalli
618173,219616,Chikkanerale
618174,219616,Chikkanerale
618175,219616,Chikkanerale
618176,219612,Bhuvanahalli
618177,219612,Bhuvanahalli
618178,219612,Bhuvanahalli
618179,219612,Bhuvanahalli
618180,219627,Komalapura
618181,219627,Komalapura
618182,219622,Hitnehebbagilu
618183,219627,Komalapura
618184,219612,Bhuvanahalli
618185,219611,Bettadatunga
618186,219611,Bettadatunga
618187,273338,N. Shettihalli
618188,273338,N. Shettihalli
618189,273338,N. Shettihalli
618190,219634,Ravandoor
618191,219621,Handithavalli
618192,219634,Ravandoor
618193,219621,Handithavalli
618194,219621,Handithavalli
618195,219634,Ravandoor
618196,219634,Ravandoor
618197,219618,Doddabylalu
618198,219634,Ravandoor
618199,219621,Handithavalli
618200,219621,Handithavalli
618201,219629,Makodu
618202,219629,Makodu
618203,219629,Makodu
618204,219629,Makodu
618205,219618,Doddabylalu
618206,273338,N. Shettihalli
618207,219622,Hitnehebbagilu
618208,219622,Hitnehebbagilu
618209,219622,Hitnehebbagilu
618210,219613,Bylakuppe
618211,219633,Ramanathatunga
618212,219618,Doddabylalu
618213,219618,Doddabylalu
618214,219618,Doddabylalu
618215,219618,Doddabylalu
618216,219633,Ramanathatunga
618217,219633,Ramanathatunga
618218,219633,Ramanathatunga
618219,219622,Hitnehebbagilu
618220,219622,Hitnehebbagilu
618221,219627,Komalapura
618222,219627,Komalapura
618223,219627,Komalapura
618224,219627,Komalapura
618225,219617,Chittenahalli
618226,219617,Chittenahalli
618227,219617,Chittenahalli
618228,219617,Chittenahalli
618229,219633,Ramanathatunga
618230,219633,Ramanathatunga
618231,219633,Ramanathatunga
618232,219622,Hitnehebbagilu
618233,273337,Kirnalli
618234,219618,Doddabylalu
618235,219624,Kampalapura
618236,219624,Kampalapura
618237,273339,Naviluru
618238,219623,Hunasavadi
618239,219622,Hitnehebbagilu
618240,219623,Hunasavadi
618241,219623,Hunasavadi
618242,219623,Hunasavadi
618243,219623,Hunasavadi
618244,219623,Hunasavadi
618245,273339,Naviluru
618246,219631,Muttur
618247,219631,Muttur
618248,273339,Naviluru
618249,219623,Hunasavadi
618250,219617,Chittenahalli
618251,219617,Chittenahalli
618252,219617,Chittenahalli
618253,219617,Chittenahalli
618254,219617,Chittenahalli
618255,219623,Hunasavadi
618256,219631,Muttur
618257,219630,Malangi
618258,219631,Muttur
618259,219617,Chittenahalli
618260,273334,Chowthi
618261,219622,Hitnehebbagilu
618262,219632,Panchavlli
618263,273334,Chowthi
618264,219631,Muttur
618265,219631,Muttur
618266,273334,Chowthi
618267,273334,Chowthi
618268,273334,Chowthi
618269,273334,Chowthi
618270,219630,Malangi
618273,273337,Kirnalli
618274,273337,Kirnalli
618275,219630,Malangi
618276,219630,Malangi
618277,219630,Malangi
618278,273334,Chowthi
618279,219630,Malangi
618280,219630,Malangi
618281,219630,Malangi
618282,219632,Panchavlli
618283,219632,Panchavlli
618284,219632,Panchavlli
618285,219632,Panchavlli
618286,219624,Kampalapura
618287,219632,Panchavlli
618288,219632,Panchavlli
618289,219632,Panchavlli
618290,219632,Panchavlli
618291,219632,Panchavlli
618292,219632,Panchavlli
618293,219494,Thattekere
618294,219482,Harave
618295,219483,Hirikyathanahalli
618296,219483,Hirikyathanahalli
618297,219483,Hirikyathanahalli
618298,273314,Biligere
618299,273320,Jabagere
618300,273320,Jabagere
618301,273320,Jabagere
618302,219491,Mulluru
618303,219491,Mulluru
618304,219491,Mulluru
618305,219478,Gavadagere
618306,219489,Manuganahalli
618307,273314,Biligere
618308,273318,Hegganduru
618309,219483,Hirikyathanahalli
618310,219482,Harave
618311,219482,Harave
618312,273323,Moduru
618313,273323,Moduru
618314,273323,Moduru
618315,219488,Kothegala
618316,273323,Moduru
618317,273324,Mukanhalli
618318,219487,Kattemalalavadi
618319,273324,Mukanhalli
618320,273314,Biligere
618321,219471,Bilikere
618322,273314,Biligere
618323,219478,Gavadagere
618324,219491,Mulluru
618325,219491,Mulluru
618326,219474,Chilkunda
618327,219491,Mulluru
618328,219491,Mulluru
618329,219491,Mulluru
618330,219474,Chilkunda
618331,219474,Chilkunda
618332,219474,Chilkunda
618333,219488,Kothegala
618334,219488,Kothegala
618335,219491,Mulluru
618336,219474,Chilkunda
618337,219485,Karanakuppe
618338,219485,Karanakuppe
618339,219485,Karanakuppe
618340,219485,Karanakuppe
618341,219484,Kallahalli
618342,219484,Kallahalli
618343,219488,Kothegala
618344,219488,Kothegala
618345,219479,Govindanahalli
618346,219484,Kallahalli
618347,219484,Kallahalli
618348,219494,Thattekere
618349,219479,Govindanahalli
618350,219479,Govindanahalli
618351,273318,Hegganduru
618352,219494,Thattekere
618353,219484,Kallahalli
618354,219484,Kallahalli
618355,219485,Karanakuppe
618356,273321,Kademanuganhalli
618357,219485,Karanakuppe
618358,219494,Thattekere
618359,273314,Biligere
618360,273318,Hegganduru
618361,273318,Hegganduru
618362,219481,Hanagodu
618363,219481,Hanagodu
618364,273321,Kademanuganhalli
618365,273321,Kademanuganhalli
618366,219492,Neralakuppe
618367,219492,Neralakuppe
618368,219492,Neralakuppe
618369,219481,Hanagodu
618370,273322,Kiranguru
618371,273322,Kiranguru
618372,273318,Hegganduru
618373,273318,Hegganduru
618374,273318,Hegganduru
618375,219479,Govindanahalli
618376,219496,Ummathur
618377,219496,Ummathur
618378,219496,Ummathur
618379,273322,Kiranguru
618380,219481,Hanagodu
618381,273322,Kiranguru
618382,273322,Kiranguru
618383,219476,Dodda Hejjur
618384,219492,Neralakuppe
618385,219492,Neralakuppe
618386,219492,Neralakuppe
618387,219492,Neralakuppe
618388,219492,Neralakuppe
618389,219492,Neralakuppe
618390,219492,Neralakuppe
618391,219476,Dodda Hejjur
618392,219476,Dodda Hejjur
618393,219476,Dodda Hejjur
618394,219476,Dodda Hejjur
618395,219476,Dodda Hejjur
618396,219476,Dodda Hejjur
618397,219476,Dodda Hejjur
618398,219476,Dodda Hejjur
618399,219476,Dodda Hejjur
618400,273317,Gurupur
618401,273317,Gurupur
618402,273317,Gurupur
618403,219479,Govindanahalli
618404,273324,Mukanhalli
618405,273324,Mukanhalli
618406,273324,Mukanhalli
618407,273324,Mukanhalli
618408,273324,Mukanhalli
618409,219478,Gavadagere
618410,219490,Maradur
618411,219490,Maradur
618412,219490,Maradur
618413,219490,Maradur
618414,219469,Bannikuppe
618415,219470,Beejaganahalli
618416,219470,Beejaganahalli
618417,219470,Beejaganahalli
618418,219479,Govindanahalli
618419,219494,Thattekere
618420,219479,Govindanahalli
618421,219479,Govindanahalli
618422,219479,Govindanahalli
618423,219479,Govindanahalli
618424,219479,Govindanahalli
618425,219479,Govindanahalli
618426,219468,Aspathrekaval
618427,219468,Aspathrekaval
618428,219468,Aspathrekaval
618429,219495,Uddur Kaval
618430,273325,Udduru
618431,273325,Udduru
618432,273325,Udduru
618433,219469,Bannikuppe
618434,219469,Bannikuppe
618435,219469,Bannikuppe
618436,219477,Gagenahalli
618437,219477,Gagenahalli
618438,273319,Husenpura
618439,273319,Husenpura
618440,219472,Bolanahalli
618441,273319,Husenpura
618442,273319,Husenpura
618443,273319,Husenpura
618444,219490,Maradur
618445,219472,Bolanahalli
618446,219490,Maradur
618447,219472,Bolanahalli
618448,273319,Husenpura
618449,219480,Halebeedu
618450,219480,Halebeedu
618451,219480,Halebeedu
618452,219480,Halebeedu
618453,219480,Halebeedu
618454,219480,Halebeedu
618455,219480,Halebeedu
618456,219471,Bilikere
618457,219480,Halebeedu
618458,219471,Bilikere
618459,219472,Bolanahalli
618460,219469,Bannikuppe
618461,219471,Bilikere
618462,273314,Biligere
618463,219471,Bilikere
618464,219489,Manuganahalli
618465,219480,Halebeedu
618466,273314,Biligere
618467,219489,Manuganahalli
618468,219489,Manuganahalli
618469,219489,Manuganahalli
618470,219489,Manuganahalli
618471,273316,Chikkabeechanahalli
618472,273316,Chikkabeechanahalli
618473,273316,Chikkabeechanahalli
618474,273316,Chikkabeechanahalli
618475,273316,Chikkabeechanahalli
618476,219477,Gagenahalli
618477,219473,Challahalli
618478,219477,Gagenahalli
618479,219473,Challahalli
618480,219473,Challahalli
618481,219473,Challahalli
618482,219473,Challahalli
618483,219473,Challahalli
618484,219473,Challahalli
618485,219473,Challahalli
618486,219475,Dharmapura
618487,219475,Dharmapura
618488,219493,Singaramaranahalli
618489,219493,Singaramaranahalli
618490,219493,Singaramaranahalli
618491,219475,Dharmapura
618492,219486,Karimuddanahalli
618493,219475,Dharmapura
618494,219475,Dharmapura
618495,219486,Karimuddanahalli
618496,219497,Uyyigowdanahalli
618497,219497,Uyyigowdanahalli
618498,219497,Uyyigowdanahalli
618499,219486,Karimuddanahalli
618500,219486,Karimuddanahalli
618501,219486,Karimuddanahalli
618502,219493,Singaramaranahalli
618503,219493,Singaramaranahalli
618504,219493,Singaramaranahalli
618505,219493,Singaramaranahalli
618506,273327,Sheegavalu
618507,273327,Sheegavalu
618508,273327,Sheegavalu
618509,273327,Sheegavalu
618510,219515,Karpoorvally
618511,273327,Sheegavalu
618512,273327,Sheegavalu
618513,219508,Haradanahally
618514,273327,Sheegavalu
618515,219515,Karpoorvally
618516,219515,Karpoorvally
618517,219515,Karpoorvally
618518,219508,Haradanahally
618519,219511,Honnenahally
618520,219511,Honnenahally
618521,219511,Honnenahally
618522,219511,Honnenahally
618523,219511,Honnenahally
618524,219511,Honnenahally
618525,219515,Karpoorvally
618526,219515,Karpoorvally
618527,219515,Karpoorvally
618528,219499,Ankanahally
618529,219521,Mayigowdanahally
618530,219526,Saligrama
618531,219518,Lakshmipura
618532,219511,Honnenahally
618533,219511,Honnenahally
618534,219518,Lakshmipura
618535,219518,Lakshmipura
618536,219518,Lakshmipura
618537,219518,Lakshmipura
618538,219527,Thandre
618539,219527,Thandre
618540,219527,Thandre
618541,219524,Munjanahally
618542,219522,Melur
618543,219527,Thandre
618544,219527,Thandre
618545,219499,Ankanahally
618546,219522,Melur
618547,219522,Melur
618548,219522,Melur
618549,219522,Melur
618550,219522,Melur
618551,219525,Narachanahally
618552,219525,Narachanahally
618553,219525,Narachanahally
618554,219525,Narachanahally
618555,219499,Ankanahally
618556,219499,Ankanahally
618557,219523,Mirle
618558,219523,Mirle
618559,219525,Narachanahally
618560,219525,Narachanahally
618561,219524,Munjanahally
618562,219524,Munjanahally
618563,219506,Haliyur
618564,219504,Doranahally(Doddakoppalu)
618565,219524,Munjanahally
618566,219524,Munjanahally
618567,219500,Bheriya
618568,219524,Munjanahally
618569,219500,Bheriya
618570,219500,Bheriya
618571,219500,Bheriya
618572,219500,Bheriya
618573,219500,Bheriya
618574,219500,Bheriya
618575,219512,Hosaagrahara
618576,219512,Hosaagrahara
618577,219512,Hosaagrahara
618578,219512,Hosaagrahara
618579,219512,Hosaagrahara
618580,219525,Narachanahally
618581,219505,Gandhanahally
618582,273326,Arjunahalli
618583,273326,Arjunahalli
618584,219520,Mavattur
618585,219498,Adagur
618586,219498,Adagur
618587,273326,Arjunahalli
618588,219510,Hompapura
618589,273326,Arjunahalli
618590,219509,Hebbalu
618591,219505,Gandhanahally
618592,219510,Hompapura
618593,219510,Hompapura
618594,219507,Hanasoge
618595,219507,Hanasoge
618596,219507,Hanasoge
618597,219507,Hanasoge
618598,219507,Hanasoge
618599,219507,Hanasoge
618600,219507,Hanasoge
618601,219503,Channamgere
618602,219503,Channamgere
618603,219503,Channamgere
618604,219503,Channamgere
618605,219503,Channamgere
618606,219503,Channamgere
618607,219521,Mayigowdanahally
618608,219521,Mayigowdanahally
618609,219521,Mayigowdanahally
618610,219521,Mayigowdanahally
618611,219521,Mayigowdanahally
618612,219521,Mayigowdanahally
618613,219521,Mayigowdanahally
618614,219506,Haliyur
618615,219524,Munjanahally
618616,219517,Kuppehantha(Chunchanakatte)
618617,273328,Siddapura
618618,219506,Haliyur
618619,219499,Ankanahally
618620,219521,Mayigowdanahally
618621,219513,Hosakote
618622,219513,Hosakote
618623,219513,Hosakote
618624,219513,Hosakote
618625,219517,Kuppehantha(Chunchanakatte)
618626,219516,Kesthur
618627,273328,Siddapura
618628,219520,Mavattur
618629,219513,Hosakote
618630,219513,Hosakote
618631,219520,Mavattur
618632,219501,Byadarahally
618633,219509,Hebbalu
618634,219502,Chandagalu
618635,219502,Chandagalu
618636,219501,Byadarahally
618637,219501,Byadarahally
618638,219509,Hebbalu
618639,219509,Hebbalu
618640,219502,Chandagalu
618641,219502,Chandagalu
618642,219502,Chandagalu
618643,219502,Chandagalu
618644,219505,Gandhanahally
618645,219501,Byadarahally
618646,219501,Byadarahally
618647,273328,Siddapura
618648,273328,Siddapura
618649,219520,Mavattur
618650,219520,Mavattur
618651,219498,Adagur
618652,219520,Mavattur
618653,219501,Byadarahally
618654,219501,Byadarahally
618655,219528,Thippur
618656,219528,Thippur
618657,219528,Thippur
618658,219528,Thippur
618659,219519,Lalandevanahally
618660,219514,Kaggere
618661,219514,Kaggere
618662,219528,Thippur
618664,219502,Chandagalu
618665,219514,Kaggere
618666,219519,Lalandevanahally
618667,219514,Kaggere
618668,219519,Lalandevanahally
618669,219514,Kaggere
618670,219514,Kaggere
618671,219519,Lalandevanahally
618672,219519,Lalandevanahally
618674,219519,Lalandevanahally
618675,219519,Lalandevanahally
618676,219519,Lalandevanahally
618677,219504,Doranahally(Doddakoppalu)
618678,219504,Doranahally(Doddakoppalu)
618679,219504,Doranahally(Doddakoppalu)
618680,219524,Munjanahally
618681,219504,Doranahally(Doddakoppalu)
618682,219504,Doranahally(Doddakoppalu)
618683,219504,Doranahally(Doddakoppalu)
618684,219504,Doranahally(Doddakoppalu)
618685,219540,Gungaralachathra
618686,219540,Gungaralachathra
618687,219536,Dhanagalli
618688,219540,Gungaralachathra
618689,219530,Anandur
618690,219530,Anandur
618691,219530,Anandur
618692,219530,Anandur
618693,219546,Jayapura
618694,219530,Anandur
618695,219530,Anandur
618696,219540,Gungaralachathra
618697,219540,Gungaralachathra
618698,219540,Gungaralachathra
618699,219540,Gungaralachathra
618700,219540,Gungaralachathra
618701,219540,Gungaralachathra
618702,219540,Gungaralachathra
618705,219563,Yelawala
618706,219540,Gungaralachathra
618708,219553,Nagawala
618709,219553,Nagawala
618710,219553,Nagawala
618711,219537,Doddamaragowdanahalli
618712,219537,Doddamaragowdanahalli
618716,219537,Doddamaragowdanahalli
618717,219537,Doddamaragowdanahalli
618718,219537,Doddamaragowdanahalli
618719,219537,Doddamaragowdanahalli
618720,219532,Birihundi
618721,219532,Birihundi
618722,219552,Naganahalli
618723,219552,Naganahalli
618724,219552,Naganahalli
618725,219552,Naganahalli
618726,219555,Siddalingapura
618727,219555,Siddalingapura
618731,219529,Alanahalli
618736,219536,Dhanagalli
618737,219536,Dhanagalli
618740,219537,Doddamaragowdanahalli
618741,219537,Doddamaragowdanahalli
618742,219532,Birihundi
618743,219532,Birihundi
618744,219546,Jayapura
618747,219530,Anandur
618748,219539,Gopalapura
618749,219536,Dhanagalli
618750,219539,Gopalapura
618751,219539,Gopalapura
618752,219539,Gopalapura
618753,219539,Gopalapura
618754,219546,Jayapura
618755,219546,Jayapura
618756,219546,Jayapura
618757,219536,Dhanagalli
618758,219559,Udbur
618760,219556,Sindhuvalli
618761,219556,Sindhuvalli
618762,219538,Doora
618763,219538,Doora
618764,219546,Jayapura
618765,219546,Jayapura
618766,219530,Anandur
618767,219542,Harohalli
618768,219546,Jayapura
618769,219542,Harohalli
618770,219542,Harohalli
618771,219542,Harohalli
618772,219542,Harohalli
618773,219542,Harohalli
618774,219550,Marballi
618775,219550,Marballi
618776,219550,Marballi
618777,219538,Doora
618778,219538,Doora
618779,219538,Doora
618780,219538,Doora
618781,219556,Sindhuvalli
618782,219556,Sindhuvalli
618783,219556,Sindhuvalli
618784,219560,Vajamangala
618785,219560,Vajamangala
618786,219543,Harohalli (Mallahalli)
618787,273330,Varakodu
618788,219561,Varuna
618789,219529,Alanahalli
618791,219551,Mosambayanahalli
618792,219561,Varuna
618793,219561,Varuna
618794,219548,Keelanapura
618795,219548,Keelanapura
618796,219548,Keelanapura
618797,219548,Keelanapura
618798,219548,Keelanapura
618799,219548,Keelanapura
618800,219548,Keelanapura
618801,219561,Varuna
618802,219561,Varuna
618803,219551,Mosambayanahalli
618804,219551,Mosambayanahalli
618805,219551,Mosambayanahalli
618806,219561,Varuna
618807,219561,Varuna
618808,219551,Mosambayanahalli
618809,219535,Devalapura
618811,219535,Devalapura
618812,219535,Devalapura
618813,219535,Devalapura
618814,219535,Devalapura
618815,219557,Someshwarapura
618816,219557,Someshwarapura
618817,219557,Someshwarapura
618818,219535,Devalapura
618819,219551,Mosambayanahalli
618820,219551,Mosambayanahalli
618821,219562,Yadakola
618822,219548,Keelanapura
618823,219562,Yadakola
618824,219562,Yadakola
618825,219563,Yelawala
618828,219555,Siddalingapura
618837,219534,Chamundibetta
618840,219437,Annur
618841,219441,Bheemanahalli
618842,219441,Bheemanahalli
618843,219441,Bheemanahalli
618844,273313,Padukote Kaval
618845,219441,Bheemanahalli
618846,219437,Annur
618847,219437,Annur
618848,219443,Chakkodanahalli
618849,219452,Hyrige
618850,219443,Chakkodanahalli
618851,219443,Chakkodanahalli
618852,219443,Chakkodanahalli
618853,219437,Annur
618854,219437,Annur
618855,219437,Annur
618856,219466,Savve
618857,273313,Padukote Kaval
618858,219466,Savve
618859,219466,Savve
618860,219466,Savve
618861,219443,Chakkodanahalli
618862,219443,Chakkodanahalli
618863,219443,Chakkodanahalli
618864,219443,Chakkodanahalli
618865,219443,Chakkodanahalli
618866,219443,Chakkodanahalli
618867,219443,Chakkodanahalli
618868,219443,Chakkodanahalli
618869,219443,Chakkodanahalli
618870,219438,Antharasanthe
618871,219451,Hirehalli
618872,219451,Hirehalli
618873,219443,Chakkodanahalli
618874,219443,Chakkodanahalli
618875,219466,Savve
618876,219452,Hyrige
618877,219466,Savve
618878,219452,Hyrige
618879,219452,Hyrige
618880,219452,Hyrige
618881,219452,Hyrige
618882,219459,Manuganahalli
618883,219449,Hebbalaguppe
618884,219452,Hyrige
618885,219463,Naganahalli
618886,219463,Naganahalli
618887,219463,Naganahalli
618888,219463,Naganahalli
618889,219463,Naganahalli
618890,219463,Naganahalli
618891,219464,Nooralakuppe
618892,219463,Naganahalli
618893,219463,Naganahalli
618894,219463,Naganahalli
618895,219452,Hyrige
618896,219464,Nooralakuppe
618897,219457,M.C.Thalalu
618898,219467,Thumbasoge
618899,219449,Hebbalaguppe
618900,219449,Hebbalaguppe
618901,219449,Hebbalaguppe
618902,219449,Hebbalaguppe
618903,219467,Thumbasoge
618904,219467,Thumbasoge
618905,273306,Itna
618906,219436,Alanahalli
618907,219447,Hampapura
618908,219436,Alanahalli
618909,219446,G.B.Saragur
618910,219446,G.B.Saragur
618911,219446,G.B.Saragur
618912,219436,Alanahalli
618913,219436,Alanahalli
618914,219436,Alanahalli
618915,219436,Alanahalli
618916,219436,Alanahalli
618917,219456,Kyathanahalli
618918,219456,Kyathanahalli
618919,219436,Alanahalli
618920,219439,B.Matakere
618921,219436,Alanahalli
618922,219456,Kyathanahalli
618923,219444,Chikkereyuru
618924,219446,G.B.Saragur
618925,219446,G.B.Saragur
618926,219446,G.B.Saragur
618927,219456,Kyathanahalli
618928,219446,G.B.Saragur
618929,219456,Kyathanahalli
618930,219456,Kyathanahalli
618931,219456,Kyathanahalli
618932,219454,Kallambalu
618933,273302,Bachegowdanahalli
618934,273302,Bachegowdanahalli
618935,219444,Chikkereyuru
618936,219444,Chikkereyuru
618937,219444,Chikkereyuru
618938,219444,Chikkereyuru
618939,219444,Chikkereyuru
618940,219444,Chikkereyuru
618941,219446,G.B.Saragur
618942,273302,Bachegowdanahalli
618943,273302,Bachegowdanahalli
618944,273302,Bachegowdanahalli
618945,219456,Kyathanahalli
618946,219447,Hampapura
618947,273302,Bachegowdanahalli
618948,219458,Madapura
618949,219458,Madapura
618950,219458,Madapura
618951,219458,Madapura
618952,219458,Madapura
618953,219458,Madapura
618954,273304,Hommaragalli
618955,273304,Hommaragalli
618956,219447,Hampapura
618957,219447,Hampapura
618958,219447,Hampapura
618959,219436,Alanahalli
618960,219455,Kanchamalli
618961,219447,Hampapura
618962,219455,Kanchamalli
618963,219455,Kanchamalli
618964,219455,Kanchamalli
618965,219455,Kanchamalli
618966,219455,Kanchamalli
618967,219453,K.Belthur
618968,219453,K.Belthur
618969,219453,K.Belthur
618970,219453,K.Belthur
618971,219459,Manuganahalli
618972,219453,K.Belthur
618973,219453,K.Belthur
618974,219459,Manuganahalli
618975,219452,Hyrige
618976,219459,Manuganahalli
618977,219459,Manuganahalli
618978,219459,Manuganahalli
618979,219459,Manuganahalli
618980,219459,Manuganahalli
618981,219459,Manuganahalli
618982,219454,Kallambalu
618983,219454,Kallambalu
618984,219454,Kallambalu
618985,273307,Kothegala
618986,273307,Kothegala
618987,219459,Manuganahalli
618988,219465,Sagare
618989,219448,Hanchipura
618990,219448,Hanchipura
618991,219448,Hanchipura
618992,219448,Hanchipura
618993,273307,Kothegala
618994,273307,Kothegala
618995,219456,Kyathanahalli
618996,219460,Mullur
618997,219460,Mullur
618998,219460,Mullur
618999,219460,Mullur
619000,219460,Mullur
619001,219460,Mullur
619002,219460,Mullur
619003,219460,Mullur
619004,219460,Mullur
619005,273303,Hadanuru
619006,219460,Mullur
619007,219460,Mullur
619008,219457,M.C.Thalalu
619009,219457,M.C.Thalalu
619010,219457,M.C.Thalalu
619011,219457,M.C.Thalalu
619012,219457,M.C.Thalalu
619013,219457,M.C.Thalalu
619014,219457,M.C.Thalalu
619015,219457,M.C.Thalalu
619016,219439,B.Matakere
619017,219438,Antharasanthe
619018,219464,Nooralakuppe
619019,219464,Nooralakuppe
619020,219464,Nooralakuppe
619021,219467,Thumbasoge
619022,219440,Beechanahalli
619023,219440,Beechanahalli
619024,219440,Beechanahalli
619025,219440,Beechanahalli
619026,219464,Nooralakuppe
619027,219464,Nooralakuppe
619028,273305,Hosaholalu
619029,273305,Hosaholalu
619030,219462,N.Belthur
619031,273305,Hosaholalu
619032,219438,Antharasanthe
619033,219438,Antharasanthe
619034,273305,Hosaholalu
619035,273305,Hosaholalu
619036,219461,N.Begur
619037,273305,Hosaholalu
619038,219462,N.Belthur
619039,219439,B.Matakere
619040,219462,N.Belthur
619041,219462,N.Belthur
619042,219438,Antharasanthe
619043,219442,Bidarahalli
619044,219461,N.Begur
619045,219461,N.Begur
619046,219442,Bidarahalli
619047,219442,Bidarahalli
619048,219442,Bidarahalli
619049,219461,N.Begur
619050,219461,N.Begur
619051,219461,N.Begur
619052,219462,N.Belthur
619053,219462,N.Belthur
619054,219461,N.Begur
619055,219439,B.Matakere
619056,219445,D.B.Kuppe
619057,219462,N.Belthur
619058,219461,N.Begur
619059,219445,D.B.Kuppe
619060,219445,D.B.Kuppe
619061,219445,D.B.Kuppe
619062,219445,D.B.Kuppe
619063,219445,D.B.Kuppe
619064,219445,D.B.Kuppe
619065,219445,D.B.Kuppe
619066,273307,Kothegala
619067,219445,D.B.Kuppe
619068,219445,D.B.Kuppe
619069,219445,D.B.Kuppe
619070,219461,N.Begur
619071,219442,Bidarahalli
619072,219442,Bidarahalli
619073,219442,Bidarahalli
619074,219442,Bidarahalli
619075,219465,Sagare
619076,219465,Sagare
619077,219465,Sagare
619078,219442,Bidarahalli
619079,219442,Bidarahalli
619080,219450,Hegganur
619081,219450,Hegganur
619082,219450,Hegganur
619083,219450,Hegganur
619084,219450,Hegganur
619085,219450,Hegganur
619086,219448,Hanchipura
619087,219448,Hanchipura
619088,219448,Hanchipura
619089,219460,Mullur
619090,219448,Hanchipura
619091,219448,Hanchipura
619092,219448,Hanchipura
619093,219461,N.Begur
619094,219439,B.Matakere
619095,219439,B.Matakere
619096,219439,B.Matakere
619097,219450,Hegganur
619098,219439,B.Matakere
619099,219439,B.Matakere
619100,219439,B.Matakere
619101,219439,B.Matakere
619102,219439,B.Matakere
619103,219439,B.Matakere
619104,219439,B.Matakere
619105,219439,B.Matakere
619106,219439,B.Matakere
619107,219439,B.Matakere
619108,219439,B.Matakere
619109,219448,Hanchipura
619110,219439,B.Matakere
619111,219439,B.Matakere
619112,219439,B.Matakere
619113,219457,M.C.Thalalu
619114,219439,B.Matakere
619115,219439,B.Matakere
619116,219436,Alanahalli
619117,219457,M.C.Thalalu
619118,273303,Hadanuru
619119,273303,Hadanuru
619120,219467,Thumbasoge
619121,219578,Haradanahalli
619122,219578,Haradanahalli
619123,219598,Nallethalapura
619124,219594,Kurihundi
619125,219586,Hullahalli
619126,219602,Shiramalli
619127,219602,Shiramalli
619128,219602,Shiramalli
619129,219589,Karya
619130,219594,Kurihundi
619131,219594,Kurihundi
619132,219598,Nallethalapura
619133,219598,Nallethalapura
619134,219578,Haradanahalli
619135,219578,Haradanahalli
619136,219598,Nallethalapura
619137,219598,Nallethalapura
619138,219598,Nallethalapura
619139,219598,Nallethalapura
619140,219573,Duggahalli
619141,219573,Duggahalli
619142,219573,Duggahalli
619143,219573,Duggahalli
619144,219573,Duggahalli
619145,219573,Duggahalli
619146,219576,Haginavalu
619147,219576,Haginavalu
619148,219573,Duggahalli
619149,219575,Hadya
619150,219575,Hadya
619151,219575,Hadya
619152,219587,Hura
619153,219587,Hura
619154,219573,Duggahalli
619155,219577,Hallare
619156,219577,Hallare
619157,219587,Hura
619158,219587,Hura
619159,219577,Hallare
619160,219587,Hura
619161,219589,Karya
619162,219575,Hadya
619163,219575,Hadya
619164,219575,Hadya
619165,219587,Hura
619166,219587,Hura
619167,219567,Deburu
619168,219587,Hura
619169,219571,Deviramanahalli
619170,219570,Devarayashettypura
619171,219570,Devarayashettypura
619172,219570,Devarayashettypura
619173,219580,Hediyala
619174,219580,Hediyala
619175,219580,Hediyala
619176,219580,Hediyala
619177,219580,Hediyala
619178,219580,Hediyala
619179,219570,Devarayashettypura
619180,219570,Devarayashettypura
619181,219570,Devarayashettypura
619182,219601,Rampura
619183,219601,Rampura
619184,219601,Rampura
619185,219596,Maraluru
619186,219596,Maraluru
619187,219596,Maraluru
619188,219606,Thandavapura
619189,219606,Thandavapura
619190,219606,Thandavapura
619191,219606,Thandavapura
619192,219593,Kempesiddana Hundi
619193,219593,Kempesiddana Hundi
619194,219593,Kempesiddana Hundi
619195,219585,Hulimavu
619196,219585,Hulimavu
619197,219585,Hulimavu
619198,219574,Hadinaru
619199,219584,Hosakote
619200,219584,Hosakote
619201,219571,Deviramanahalli
619202,219584,Hosakote
619203,219608,Thumnerale
619204,219608,Thumnerale
619205,219608,Thumnerale
619206,219608,Thumnerale
619207,219583,Horalavadi
619208,219597,Nagarle
619209,219597,Nagarle
619210,219597,Nagarle
619211,219565,Biligere
619212,219597,Nagarle
619213,219565,Biligere
619214,219604,Suthur
619216,219604,Suthur
619217,219607,Thayuru
619218,219607,Thayuru
619219,219607,Thayuru
619220,219607,Thayuru
619221,219607,Thayuru
619222,219565,Biligere
619223,219565,Biligere
619224,219565,Biligere
619225,219565,Biligere
619226,219595,Mallupura
619227,219595,Mallupura
619228,219595,Mallupura
619230,219595,Mallupura
619231,219605,Tagadur
619232,219565,Biligere
619233,219589,Karya
619234,219581,Heggadahalli
619235,219581,Heggadahalli
619236,219567,Deburu
619237,219567,Deburu
619238,219587,Hura
619239,219567,Deburu
619240,219567,Deburu
619241,219571,Deviramanahalli
619242,219569,Devarasanahalli
619243,219569,Devarasanahalli
619244,219569,Devarasanahalli
619245,219583,Horalavadi
619246,219583,Horalavadi
619247,219583,Horalavadi
619248,219595,Mallupura
619249,219564,Badanavalu
619250,219564,Badanavalu
619251,219569,Devarasanahalli
619252,219579,Hedathale
619253,219569,Devarasanahalli
619254,219588,Kalale
619255,219587,Hura
619256,219581,Heggadahalli
619257,219602,Shiramalli
619258,219576,Haginavalu
619259,219584,Hosakote
619260,219599,Naviluru
619261,219599,Naviluru
619262,219603,Sinduvalli
619263,219603,Sinduvalli
619264,219603,Sinduvalli
619265,219599,Naviluru
619266,219599,Naviluru
619267,219590,Kasuvinahalli
619268,219590,Kasuvinahalli
619269,219577,Hallare
619270,219590,Kasuvinahalli
619271,219590,Kasuvinahalli
619272,219590,Kasuvinahalli
619273,219590,Kasuvinahalli
619274,219592,Kudalapura
619275,219579,Hedathale
619276,219579,Hedathale
619277,219579,Hedathale
619278,219568,Devanur
619279,219568,Devanur
619280,219568,Devanur
619281,219589,Karya
619282,219575,Hadya
619283,219589,Karya
619284,219573,Duggahalli
619285,219568,Devanur
619286,219568,Devanur
619287,219600,Nerale
619288,219582,Hemmaragala
619289,219582,Hemmaragala
619290,219582,Hemmaragala
619291,219592,Kudalapura
619292,219592,Kudalapura
619293,219592,Kudalapura
619294,219582,Hemmaragala
619295,219600,Nerale
619296,219600,Nerale
619297,219572,Doddakowlande
619298,219572,Doddakowlande
619299,219572,Doddakowlande
619300,219572,Doddakowlande
619301,219591,Konanur
619302,219591,Konanur
619303,219591,Konanur
619304,219566,Dasanur
619305,219591,Konanur
619306,219566,Dasanur
619307,219566,Dasanur
619308,219566,Dasanur
619309,219566,Dasanur
619310,219566,Dasanur
619311,219654,Kodagahalli
619312,219662,Seehalli
619313,219662,Seehalli
619314,219645,Hanumanalu
619315,219668,Thuraganuru
619316,273332,Yachenahalli
619317,219636,Ankanahalli
619318,219636,Ankanahalli
619319,219646,Hegguru
619320,219636,Ankanahalli
619321,219668,Thuraganuru
619322,219668,Thuraganuru
619323,219645,Hanumanalu
619324,219662,Seehalli
619325,219654,Kodagahalli
619326,219654,Kodagahalli
619327,219668,Thuraganuru
619328,219639,Beedanahalli
619329,219639,Beedanahalli
619330,219646,Hegguru
619331,219646,Hegguru
619332,219658,Maliyuru
619333,219668,Thuraganuru
619334,219637,Attahalli
619335,219658,Maliyuru
619336,219658,Maliyuru
619337,219652,Kethupura
619338,219637,Attahalli
619339,219652,Kethupura
619340,219652,Kethupura
619341,219642,Chidaravalli
619342,219642,Chidaravalli
619343,219642,Chidaravalli
619344,219642,Chidaravalli
619345,219642,Chidaravalli
619346,219669,Ukkalagere
619347,219669,Ukkalagere
619348,219652,Kethupura
619349,219663,Somanathapura
619350,219663,Somanathapura
619351,219663,Somanathapura
619352,219669,Ukkalagere
619353,219669,Ukkalagere
619354,219669,Ukkalagere
619355,219642,Chidaravalli
619356,219655,Kolathuru
619357,219655,Kolathuru
619358,219655,Kolathuru
619359,219655,Kolathuru
619360,219655,Kolathuru
619361,219655,Kolathuru
619362,219655,Kolathuru
619363,219669,Ukkalagere
619364,219663,Somanathapura
619365,219640,Benakanahalli
619366,219655,Kolathuru
619367,219643,Doddebagilu
619368,219640,Benakanahalli
619369,219664,Sosale
619370,219664,Sosale
619371,219640,Benakanahalli
619372,219660,Muttalavadi
619373,219660,Muttalavadi
619374,219660,Muttalavadi
619375,219643,Doddebagilu
619376,219643,Doddebagilu
619377,219661,Rangasamudra
619378,219661,Rangasamudra
619379,219661,Rangasamudra
619380,219661,Rangasamudra
619381,219661,Rangasamudra
619382,219661,Rangasamudra
619383,273331,Kupya
619384,273331,Kupya
619385,219667,Thumbala
619386,219667,Thumbala
619387,219667,Thumbala
619388,219667,Thumbala
619389,219667,Thumbala
619390,219667,Thumbala
619391,219649,Hosakote
619392,219649,Hosakote
619393,219649,Hosakote
619394,219649,Hosakote
619395,219644,Gargeshwari
619397,219653,Kiragasuru
619398,219653,Kiragasuru
619399,219653,Kiragasuru
619400,219653,Kiragasuru
619403,219651,Karohatti
619404,219651,Karohatti
619405,219651,Karohatti
619406,219657,Madapura
619407,219657,Madapura
619408,219657,Madapura
619409,219657,Madapura
619410,219656,Kothegala
619411,219656,Kothegala
619412,219670,Vatalu
619413,219670,Vatalu
619414,219670,Vatalu
619415,219670,Vatalu
619416,219656,Kothegala
619417,219656,Kothegala
619418,219659,Muguru
619419,219659,Muguru
619420,219657,Madapura
619421,219647,Hemmige
619422,219647,Hemmige
619423,219647,Hemmige
619424,219647,Hemmige
619425,219638,B.Shettahalli
619426,219638,B.Shettahalli
619427,219648,Holesalu
619428,219648,Holesalu
619429,219648,Holesalu
619430,219638,B.Shettahalli
619431,219638,B.Shettahalli
619433,219647,Hemmige
619434,219665,T.Doddapura
619435,219665,T.Doddapura
619436,219665,T.Doddapura
619438,219638,B.Shettahalli
619439,219650,Kaliyuru
619440,219650,Kaliyuru
619441,219644,Gargeshwari
619443,216724,Horeyala
619444,216730,Kotekere
619445,216724,Horeyala
619446,216722,Chikati
619447,216724,Horeyala
619448,216722,Chikati
619449,216722,Chikati
619450,216733,Nitre
619451,216733,Nitre
619452,216733,Nitre
619453,216733,Nitre
619454,216717,Begur
619455,216717,Begur
619456,216730,Kotekere
619457,216735,Raghvapura
619458,216735,Raghvapura
619459,216738,Somahalli
619460,216738,Somahalli
619461,216738,Somahalli
619462,216738,Somahalli
619463,216738,Somahalli
619464,216738,Somahalli
619465,216735,Raghvapura
619466,216711,Alathur
619467,216711,Alathur
619468,216735,Raghvapura
619469,216710,Agathagowdanahalli
619470,216710,Agathagowdanahalli
619471,216710,Agathagowdanahalli
619472,216710,Agathagowdanahalli
619473,216710,Agathagowdanahalli
619474,216710,Agathagowdanahalli
619475,216710,Agathagowdanahalli
619476,216726,Kabballi
619477,216726,Kabballi
619478,216726,Kabballi
619479,216726,Kabballi
619480,216726,Kabballi
619481,216711,Alathur
619482,216711,Alathur
619483,216715,Baragi
619484,216732,Nenekatte
619485,216732,Nenekatte
619486,216710,Agathagowdanahalli
619487,216732,Nenekatte
619488,216710,Agathagowdanahalli
619489,216732,Nenekatte
619490,216714,Bannithalapura
619491,216714,Bannithalapura
619492,216732,Nenekatte
619493,216732,Nenekatte
619494,216732,Nenekatte
619495,272865,Mookhahalli
619496,216715,Baragi
619497,216715,Baragi
619498,216716,Beemanabeedu
619499,272867,Koothanooru
619500,272865,Mookhahalli
619501,216732,Nenekatte
619502,216714,Bannithalapura
619503,216714,Bannithalapura
619504,216736,Shindanapura
619505,216714,Bannithalapura
619507,216715,Baragi
619508,272865,Mookhahalli
619509,216712,Annur
619510,216712,Annur
619511,216736,Shindanapura
619512,216736,Shindanapura
619513,216736,Shindanapura
619514,216712,Annur
619515,272864,Puttanapura
619516,216736,Shindanapura
619517,216736,Shindanapura
619518,216734,Padaguru
619519,216734,Padaguru
619520,216734,Padaguru
619521,216734,Padaguru
619522,216734,Padaguru
619523,216718,Belachavadi
619524,216718,Belachavadi
619525,216718,Belachavadi
619526,216718,Belachavadi
619527,216728,Kelasur
619528,216718,Belachavadi
619529,216718,Belachavadi
619530,216728,Kelasur
619531,216728,Kelasur
619532,216739,Terakanambi
619533,216729,Kodasoge
619534,216729,Kodasoge
619535,216729,Kodasoge
619536,216729,Kodasoge
619537,216729,Kodasoge
619538,216729,Kodasoge
619539,216729,Kodasoge
619540,216729,Kodasoge
619541,216729,Kodasoge
619542,216729,Kodasoge
619543,272868,Vaddagere
619544,272868,Vaddagere
619545,216721,Bommanahalli
619546,216721,Bommanahalli
619547,216721,Bommanahalli
619548,216721,Bommanahalli
619549,216721,Bommanahalli
619550,272868,Vaddagere
619551,272868,Vaddagere
619552,272868,Vaddagere
619553,216713,Bachalli
619554,272868,Vaddagere
619555,216721,Bommanahalli
619556,216719,Berambadi
619557,216719,Berambadi
619558,216719,Berambadi
619559,216719,Berambadi
619560,216719,Berambadi
619561,216719,Berambadi
619562,216719,Berambadi
619563,216727,Kannegala
619564,216727,Kannegala
619565,216727,Kannegala
619566,216727,Kannegala
619567,216727,Kannegala
619568,216727,Kannegala
619569,272864,Puttanapura
619570,272864,Puttanapura
619571,272864,Puttanapura
619572,272864,Puttanapura
619573,272864,Puttanapura
619574,216723,Hangala
619575,216723,Hangala
619576,216737,Shivapura
619577,216737,Shivapura
619578,216725,Hundipura
619579,216720,Bommalapura
619580,216720,Bommalapura
619581,216720,Bommalapura
619582,216720,Bommalapura
619583,216725,Hundipura
619584,216725,Hundipura
619585,216737,Shivapura
619586,216737,Shivapura
619587,216737,Shivapura
619588,216723,Hangala
619589,216731,Mangala
619590,216725,Hundipura
619591,216725,Hundipura
619592,216720,Bommalapura
619593,216713,Bachalli
619594,216731,Mangala
619595,216731,Mangala
619596,216731,Mangala
619597,216731,Mangala
619598,216731,Mangala
619599,216731,Mangala
619600,216731,Mangala
619601,216701,Naviluru
619602,216701,Naviluru
619603,216701,Naviluru
619604,216673,Bagali
619605,216673,Bagali
619606,216677,Demahalli
619607,216704,Santhemaralli
619608,216704,Santhemaralli
619609,216677,Demahalli
619610,216677,Demahalli
619611,216707,Umatturu
619612,216677,Demahalli
619613,216691,Kuderu
619614,216698,Mukkadahalli
619615,216704,Santhemaralli
619616,216704,Santhemaralli
619617,216704,Santhemaralli
619618,216704,Santhemaralli
619619,216689,Kempanapura
619620,216675,Bogapura
619621,216675,Bogapura
619622,216689,Kempanapura
619623,216689,Kempanapura
619624,216680,Gulipura
619625,216680,Gulipura
619626,216679,Erasavadi
619627,216679,Erasavadi
619628,216697,Masanapura
619629,216697,Masanapura
619630,216697,Masanapura
619631,216697,Masanapura
619632,216680,Gulipura
619633,216680,Gulipura
619634,216688,Kagalavadi
619635,216688,Kagalavadi
619636,216685,Honganuru
619637,216697,Masanapura
619638,216679,Erasavadi
619639,216685,Honganuru
619640,216697,Masanapura
619641,216688,Kagalavadi
619642,216685,Honganuru
619643,216691,Kuderu
619644,216675,Bogapura
619645,216696,Mangala
619646,216675,Bogapura
619647,216675,Bogapura
619648,216675,Bogapura
619649,216672,Badanaguppe
619650,216684,Heggotara
619651,216684,Heggotara
619652,216684,Heggotara
619653,216672,Badanaguppe
619654,216672,Badanaguppe
619655,216672,Badanaguppe
619656,216694,Madapura
619657,216694,Madapura
619658,216694,Madapura
619659,216692,Kudluru
619660,216692,Kudluru
619661,216694,Madapura
619662,216694,Madapura
619663,216672,Badanaguppe
619664,216672,Badanaguppe
619665,216705,Shivapura
619666,216705,Shivapura
619667,216705,Shivapura
619668,216705,Shivapura
619669,216690,Kothalavadi
619670,216705,Shivapura
619671,216705,Shivapura
619672,216692,Kudluru
619673,216676,Chandakavadi
619675,216678,Doddamole
619676,216691,Kuderu
619677,216698,Mukkadahalli
619678,216698,Mukkadahalli
619679,216693,Kulagana
619680,216693,Kulagana
619681,216693,Kulagana
619682,216693,Kulagana
619683,216698,Mukkadahalli
619684,216698,Mukkadahalli
619685,216698,Mukkadahalli
619686,272863,Govindavadi
619687,216682,Harave
619688,216698,Mukkadahalli
619689,216695,Maliyuru
619690,216693,Kulagana
619691,216695,Maliyuru
619692,216695,Maliyuru
619693,216706,Udigala
619694,216703,Sagade
619695,216703,Sagade
619696,216695,Maliyuru
619697,216690,Kothalavadi
619698,216700,Nanjedevanapura
619699,216700,Nanjedevanapura
619700,216700,Nanjedevanapura
619701,216700,Nanjedevanapura
619702,216706,Udigala
619703,216706,Udigala
619704,216700,Nanjedevanapura
619705,216703,Sagade
619706,216703,Sagade
619707,216703,Sagade
619708,216690,Kothalavadi
619709,216690,Kothalavadi
619710,216690,Kothalavadi
619711,216690,Kothalavadi
619712,216706,Udigala
619713,216690,Kothalavadi
619714,216690,Kothalavadi
619715,216681,Haradhanahalli
619716,216681,Haradhanahalli
619717,216678,Doddamole
619718,216708,Venkataiana Chatra
619719,216708,Venkataiana Chatra
619720,216708,Venkataiana Chatra
619721,216669,Amachavadi
619722,216669,Amachavadi
619723,216686,Honnalli
619724,216686,Honnalli
619725,216670,Arakalavadi
619726,216670,Arakalavadi
619727,216709,Yaraganahalli
619728,216709,Yaraganahalli
619729,216709,Yaraganahalli
619730,216709,Yaraganahalli
619731,216709,Yaraganahalli
619732,216709,Yaraganahalli
619733,216670,Arakalavadi
619734,216709,Yaraganahalli
619735,216670,Arakalavadi
619736,216670,Arakalavadi
619737,216670,Arakalavadi
619738,216670,Arakalavadi
619739,216670,Arakalavadi
619740,216686,Honnalli
619741,216686,Honnalli
619742,216686,Honnalli
619743,216669,Amachavadi
619744,216686,Honnalli
619745,216674,Bisalavadi
619746,216674,Bisalavadi
619747,216671,Attugulipura
619748,216674,Bisalavadi
619749,216674,Bisalavadi
619750,216674,Bisalavadi
619751,216674,Bisalavadi
619752,216692,Kudluru
619753,216668,Alur
619754,216668,Alur
619755,216668,Alur
619756,216688,Kagalavadi
619757,216688,Kagalavadi
619758,216687,Jyothigowdanapura
619759,216699,Nagavalli
619760,216668,Alur
619761,216676,Chandakavadi
619762,216676,Chandakavadi
619763,216683,Hebbasur
619764,216676,Chandakavadi
619765,216699,Nagavalli
619766,216699,Nagavalli
619767,216687,Jyothigowdanapura
619768,216687,Jyothigowdanapura
619769,216671,Attugulipura
619770,216683,Hebbasur
619771,216683,Hebbasur
619772,216683,Hebbasur
619773,216678,Doddamole
619774,216683,Hebbasur
619775,216683,Hebbasur
619776,216671,Attugulipura
619777,216671,Attugulipura
619778,216671,Attugulipura
619779,216702,Punajanuru
619780,216671,Attugulipura
619781,216702,Punajanuru
619782,216702,Punajanuru
619783,216702,Punajanuru
619784,216702,Punajanuru
619785,216783,Kestur
619786,216783,Kestur
619787,216777,Agara
619788,216785,Mamballi
619789,216777,Agara
619790,216780,Gowdahalli
619791,216780,Gowdahalli
619792,216780,Gowdahalli
619793,216784,Madduru
619794,216780,Gowdahalli
619795,216786,Yariyuru
619796,216780,Gowdahalli
619797,216780,Gowdahalli
619798,272943,Biligiri Ranganabetta
619799,216782,Honnuru
619800,216779,Duggatti
619801,216779,Duggatti
619802,216782,Honnuru
619803,216786,Yariyuru
619804,216781,Gumballi
619805,216779,Duggatti
619806,216779,Duggatti
619807,216778,Ambale
619808,216781,Gumballi
619809,216781,Gumballi
619810,216780,Gowdahalli
619811,216787,Yeragamballi
619812,216787,Yeragamballi
619813,216770,Sathegala
619814,216770,Sathegala
619815,216744,Dhanagere
619816,216744,Dhanagere
619817,216776,Thellanuru
619818,216742,Chikkalluru
619819,216742,Chikkalluru
619820,216746,Doddinduvadi
619821,216767,Palya
619822,216744,Dhanagere
619823,216744,Dhanagere
619824,216744,Dhanagere
619825,216761,Maduvinahalli
619826,216761,Maduvinahalli
619827,216761,Maduvinahalli
619828,216746,Doddinduvadi
619829,216773,Singanalluru
619830,216754,Kongarahalli
619831,216761,Maduvinahalli
619832,216775,Tagarapura
619833,216775,Tagarapura
619834,216775,Tagarapura
619835,216757,Kunthur
619836,216757,Kunthur
619837,216757,Kunthur
619838,216765,Mulluru
619839,216749,Harale
619840,216749,Harale
619841,216749,Harale
619842,216749,Harale
619843,216756,Kunagalli
619844,216772,Siddaiahnapura
619845,216772,Siddaiahnapura
619846,216756,Kunagalli
619847,272870,Thimmaraajipura
619848,272870,Thimmaraajipura
619849,272870,Thimmaraajipura
619850,216773,Singanalluru
619851,216763,Mangala
619852,216762,Managalli
619853,216771,Shagyam
619854,216771,Shagyam
619855,216741,Bandahalli
619856,216762,Managalli
619857,216762,Managalli
619858,216762,Managalli
619859,216763,Mangala
619861,216743,Chikkamalapura
619862,216743,Chikkamalapura
619863,216743,Chikkamalapura
619864,216747,Ellemala
619865,216747,Ellemala
619866,216740,Ajjipura
619867,216773,Singanalluru
619868,216763,Mangala
619869,216753,Kannuru
619870,216753,Kannuru
619871,216753,Kannuru
619872,216743,Chikkamalapura
619873,216743,Chikkamalapura
619874,216759,Lokkanahalli
619875,216759,Lokkanahalli
619876,216766,P.G Palya
619877,216766,P.G Palya
619878,216752,Huthuru
619879,272871,Bailooru
619880,272869,Minyam
619881,216751,Hoogya
619882,272944,Shettalli
619883,216758,Kurattihosuru
619884,216758,Kurattihosuru
619885,216768,Ponnachi
619886,216748,Gopinatham
619887,216760,M.M Hills
619888,216758,Kurattihosuru
619889,272944,Shettalli
619890,272944,Shettalli
619891,216755,Kowdalli
619892,272872,Doddalattooru
619893,216769,Ramapura
619894,216774,Suleripalya
619895,216774,Suleripalya
619896,216745,Dhinnalli
619897,216769,Ramapura
619898,216764,Martalli
619928,216741,Bandahalli
619952,273162,Tadol
619953,273162,Tadol
619954,217886,Alanga
619955,217886,Alanga
619956,217886,Alanga
619957,217904,Khajuri
619958,217899,Hodloor
619959,217899,Hodloor
619960,217899,Hodloor
619961,217899,Hodloor
619962,217899,Hodloor
619963,217899,Hodloor
619964,217917,Rudrawadi
619965,217917,Rudrawadi
619966,217917,Rudrawadi
619967,217917,Rudrawadi
619968,217917,Rudrawadi
619969,273162,Tadol
619970,217915,Nirgudi
619971,217915,Nirgudi
619972,217915,Nirgudi
619973,217905,Kinni Sultan
619974,217905,Kinni Sultan
619975,217905,Kinni Sultan
619976,217922,Tadakal
619977,273219,Hala Tadakala
619978,217888,Belamagi
619979,217888,Belamagi
619980,217902,Kamalanagar
619981,217923,V.K.Salgar
619982,217908,Lad Mugali
619983,217908,Lad Mugali
619984,217887,Ambalga
619985,217887,Ambalga
619986,217887,Ambalga
619987,217887,Ambalga
619988,273161,Muddadaga
619989,217920,Sirachand
619990,273161,Muddadaga
619991,273161,Muddadaga
619992,217902,Kamalanagar
619993,217902,Kamalanagar
619994,217902,Kamalanagar
619995,217902,Kamalanagar
619996,217889,Bhodhan
619997,217889,Bhodhan
619998,217889,Bhodhan
619999,217912,Narona
620000,217891,Chnchansoor
620001,217920,Sirachand
620002,217920,Sirachand
620003,217920,Sirachand
620004,217891,Chnchansoor
620005,273159,Keri Ambalaga
620006,273159,Keri Ambalaga
620007,217920,Sirachand
620008,217916,Padasavali
620009,217916,Padasavali
620010,217916,Padasavali
620011,273157,Hebali
620012,217905,Kinni Sultan
620013,217897,Hallisalagar
620014,217922,Tadakal
620015,273219,Hala Tadakala
620016,273219,Hala Tadakala
620017,217922,Tadakal
620018,273219,Hala Tadakala
620019,273219,Hala Tadakala
620020,217911,Munnalli
620021,217911,Munnalli
620022,217897,Hallisalagar
620023,217897,Hallisalagar
620024,217907,Koralli
620025,273157,Hebali
620026,273157,Hebali
620027,217900,Jidaga
620028,217900,Jidaga
620029,217900,Jidaga
620030,217900,Jidaga
620031,217900,Jidaga
620032,273159,Keri Ambalaga
620033,217906,Kodalhangarga
620034,217906,Kodalhangarga
620035,217897,Hallisalagar
620036,217898,Hirolli
620037,217918,Sarasamba
620038,217918,Sarasamba
620039,217913,Nimbal
620040,217898,Hirolli
620041,217898,Hirolli
620042,217898,Hirolli
620043,217918,Sarasamba
620044,217919,Savaleshwar
620045,217919,Savaleshwar
620046,273160,Mogha (K)
620047,217900,Jidaga
620048,273160,Mogha (K)
620049,273160,Mogha (K)
620050,273160,Mogha (K)
620051,217919,Savaleshwar
620052,217892,Darga Sirur
620053,217892,Darga Sirur
620054,217892,Darga Sirur
620055,217909,Madan Hipparga
620056,217913,Nimbal
620057,217913,Nimbal
620058,217896,Hadalgi
620059,217896,Hadalgi
620060,217903,Kavalga
620061,217903,Kavalga
620062,217890,Bhusnur
620063,217890,Bhusnur
620064,217907,Koralli
620065,217894,Duttargaon
620066,217894,Duttargaon
620067,273156,Dannuru
620068,273156,Dannuru
620069,273156,Dannuru
620070,217895,Gola.B.
620071,217901,Kadaganchi
620072,217921,Suntnoor
620073,217921,Suntnoor
620074,217914,Nimbarga
620075,217914,Nimbarga
620076,217893,Dhangapur
620077,217893,Dhangapur
620078,217893,Dhangapur
620079,273158,Hittala Shirur
620080,273158,Hittala Shirur
620081,217910,Madiyal
620082,217896,Hadalgi
620083,217924,Yalsangi
620084,217924,Yalsangi
620085,273158,Hittala Shirur
620086,273158,Hittala Shirur
620087,217921,Suntnoor
620088,217882,Mannur
620089,273154,Ram Nagar
620090,217883,Mashal
620091,273153,Nandaraga
620092,273153,Nandaraga
620093,273153,Nandaraga
620094,273153,Nandaraga
620095,273153,Nandaraga
620096,217879,Karjagi
620097,273154,Ram Nagar
620098,273154,Ram Nagar
620099,217885,Udchana
620100,217885,Udchana
620101,217864,Allagi B
620102,273150,Bankalaga
620103,217875,Goura B
620104,217875,Goura B
620105,217864,Allagi B
620106,273150,Bankalaga
620107,217885,Udchana
620108,217864,Allagi B
620109,217864,Allagi B
620110,217875,Goura B
620111,217875,Goura B
620112,273150,Bankalaga
620113,217875,Goura B
620114,217868,Baloorgi
620115,217867,Badadal
620116,217867,Badadal
620117,217884,Revoor B
620118,217884,Revoor B
620119,217884,Revoor B
620120,217884,Revoor B
620121,217881,Mallabad
620122,217868,Baloorgi
620124,217881,Mallabad
620125,217881,Mallabad
620126,217865,Anoor
620127,273155,Tellur
620128,217865,Anoor
620129,217878,Kalloor
620130,217878,Kalloor
620131,217878,Kalloor
620132,217878,Kalloor
620133,217878,Kalloor
620134,217865,Anoor
620135,273155,Tellur
620136,273155,Tellur
620137,217878,Kalloor
620138,217878,Kalloor
620139,273151,Ghattarga
620140,273151,Ghattarga
620141,273151,Ghattarga
620142,217878,Kalloor
620143,217884,Revoor B
620144,217880,Koganoor
620145,217880,Koganoor
620146,217880,Koganoor
620147,217876,Gudur
620148,217876,Gudur
620149,217870,Bhiramadgi
620150,217870,Bhiramadgi
620151,273152,Madara(B)
620152,217866,Atanoor
620153,217866,Atanoor
620154,217870,Bhiramadgi
620155,273152,Madara(B)
620156,273152,Madara(B)
620157,217870,Bhiramadgi
620158,217882,Mannur
620159,273152,Madara(B)
620160,273152,Madara(B)
620161,273155,Tellur
620162,217873,Devalagangapur
620163,217872,Chowdapur
620164,217874,Gobbur B
620165,217871,Bidanoor
620166,217871,Bidanoor
620167,217871,Bidanoor
620168,217871,Bidanoor
620169,217869,Bandarwada
620170,217872,Chowdapur
620171,217869,Bandarwada
620172,217877,Hasaragundagi
620173,217869,Bandarwada
620174,217869,Bandarwada
620175,217877,Hasaragundagi
620176,217877,Hasaragundagi
620177,217877,Hasaragundagi
620178,217877,Hasaragundagi
620179,217877,Hasaragundagi
620180,217877,Hasaragundagi
620181,218020,Okali
620182,217996,Dongargaon
620183,217996,Dongargaon
620184,218009,Kinni Sadak
620185,218009,Kinni Sadak
620186,218009,Kinni Sadak
620187,218015,Margutti
620188,218015,Margutti
620189,218015,Margutti
620190,218009,Kinni Sadak
620191,218015,Margutti
620192,218015,Margutti
620193,218005,Kalamood
620194,218009,Kinni Sadak
620195,218020,Okali
620196,218020,Okali
620197,218020,Okali
620199,218005,Kalamood
620200,218005,Kalamood
620201,218002,Jeevanagi
620202,218005,Kalamood
620203,218005,Kalamood
620204,218005,Kalamood
620205,218025,Sonth
620206,218025,Sonth
620207,218014,Mahagaon
620208,218014,Mahagaon
620209,218001,Holkunda
620210,218001,Holkunda
620211,218001,Holkunda
620212,218001,Holkunda
620213,218002,Jeevanagi
620214,218002,Jeevanagi
620215,218017,Nagoor
620216,218001,Holkunda
620217,218012,Kurikota
620218,218012,Kurikota
620219,217993,Babalad I K
620220,217993,Babalad I K
620221,217993,Babalad I K
620222,217992,Avarad B
620223,217993,Babalad I K
620224,218012,Kurikota
620225,218012,Kurikota
620226,273175,Algood
620227,218012,Kurikota
620228,218017,Nagoor
620229,273175,Algood
620230,218017,Nagoor
620231,218004,Kalahangarga
620232,218004,Kalahangarga
620233,218004,Kalahangarga
620234,218011,Kumasi
620235,217992,Avarad B
620236,217992,Avarad B
620237,273175,Algood
620238,217999,Harasoor
620239,218011,Kumasi
620240,218011,Kumasi
620241,217995,Bhopal Tegnur
620242,217995,Bhopal Tegnur
620243,273175,Algood
620244,273175,Algood
620245,217999,Harasoor
620246,217995,Bhopal Tegnur
620247,217995,Bhopal Tegnur
620248,273177,Hagaraga
620249,217995,Bhopal Tegnur
620250,218022,Sannur
620251,218026,Srinivas Saradgi
620252,218022,Sannur
620253,218022,Sannur
620254,218022,Sannur
620255,218022,Sannur
620256,218022,Sannur
620257,217994,Bhimalli
620258,217994,Bhimalli
620260,218027,Taj Sultanpur
620261,218027,Taj Sultanpur
620262,218027,Taj Sultanpur
620263,217992,Avarad B
620264,273177,Hagaraga
620265,273177,Hagaraga
620266,218013,Kusnoor
620267,218018,Nandikoor
620268,218018,Nandikoor
620269,218008,Khanadal
620270,218018,Nandikoor
620271,218018,Nandikoor
620272,218019,Nandoor K
620273,218019,Nandoor K
620274,218019,Nandoor K
620275,218019,Nandoor K
620276,218021,Pattan
620277,218021,Pattan
620278,217994,Bhimalli
620279,218027,Taj Sultanpur
620280,218027,Taj Sultanpur
620281,217994,Bhimalli
620282,218023,Savalgi B
620283,218023,Savalgi B
620284,218023,Savalgi B
620285,218021,Pattan
620286,218016,Melkunda B
620287,218016,Melkunda B
620288,218016,Melkunda B
620289,218016,Melkunda B
620290,218016,Melkunda B
620291,218024,Sirasgi
620292,218016,Melkunda B
620293,218024,Sirasgi
620294,218003,Kadani
620295,218024,Sirasgi
620296,218003,Kadani
620297,273178,Minajagi
620298,273178,Minajagi
620299,273178,Minajagi
620300,217997,Faratabad
620301,218008,Khanadal
620302,218008,Khanadal
620303,217997,Faratabad
620304,218007,Kavalaga B
620305,218007,Kavalaga B
620306,273176,Basavapattana
620307,218000,Heroor B
620308,218000,Heroor B
620309,218000,Heroor B
620310,273176,Basavapattana
620311,273176,Basavapattana
620312,273176,Basavapattana
620313,273179,Saradagi (B)
620314,273179,Saradagi (B)
620315,273179,Saradagi (B)
620316,273179,Saradagi (B)
620317,217998,Firojabad
620318,217998,Firojabad
620319,217998,Firojabad
620320,218010,Honna Kiranagi
620321,218013,Kusnoor
620323,217929,Chengta
620324,217925,Ainapur
620325,217925,Ainapur
620326,217925,Ainapur
620327,217925,Ainapur
620328,217952,Salgarbasanthpur
620329,217952,Salgarbasanthpur
620330,217936,Hasargundagi
620331,217951,Salebeeranalli
620332,217951,Salebeeranalli
620333,217936,Hasargundagi
620334,217936,Hasargundagi
620335,217930,Chimanchod
620336,217934,Gidilingadhalli
620337,217934,Gidilingadhalli
620338,217934,Gidilingadhalli
620339,217928,Chandankera
620340,217929,Chengta
620341,217929,Chengta
620342,217929,Chengta
620343,217928,Chandankera
620344,217928,Chandankera
620345,217950,Rummangod
620346,217930,Chimanchod
620347,217930,Chimanchod
620348,217938,Karakmukali
620349,217936,Hasargundagi
620350,217951,Salebeeranalli
620351,273164,Garampalli
620352,273164,Garampalli
620353,217945,Nagaidlai
620354,217945,Nagaidlai
620355,217945,Nagaidlai
620356,217926,Ainolli
620357,217926,Ainolli
620358,217956,Venktapur
620359,217956,Venktapur
620360,217956,Venktapur
620361,273165,Jattur
620362,217956,Venktapur
620363,217926,Ainolli
620364,217945,Nagaidlai
620365,217945,Nagaidlai
620366,217932,Degalmadi
620367,217932,Degalmadi
620368,217945,Nagaidlai
620369,217926,Ainolli
620370,217956,Venktapur
620371,217956,Venktapur
620372,217956,Venktapur
620373,217956,Venktapur
620374,217956,Venktapur
620375,217942,Konchawarm
620376,217942,Konchawarm
620377,217942,Konchawarm
620378,217942,Konchawarm
620379,217942,Konchawarm
620380,217953,Shadipur
620381,217953,Shadipur
620382,217942,Konchawarm
620383,217942,Konchawarm
620384,217953,Shadipur
620385,217953,Shadipur
620386,217953,Shadipur
620387,217953,Shadipur
620388,217926,Ainolli
620389,217948,Poulkpalli
620390,217927,Anwar
620391,217932,Degalmadi
620392,273164,Garampalli
620393,217931,Chimmaidlai
620394,217927,Anwar
620395,217927,Anwar
620396,217948,Poulkpalli
620397,217953,Shadipur
620398,217943,Meeriyan
620399,217927,Anwar
620400,217943,Meeriyan
620401,217943,Meeriyan
620402,217943,Meeriyan
620403,217949,Ratkal
620404,217949,Ratkal
620405,217950,Rummangod
620406,217950,Rummangod
620407,217944,Mogha
620408,217947,Pastapur
620409,217947,Pastapur
620410,217938,Karakmukali
620411,217938,Karakmukali
620412,217938,Karakmukali
620413,273164,Garampalli
620414,217931,Chimmaidlai
620415,217931,Chimmaidlai
620416,217947,Pastapur
620417,217947,Pastapur
620418,217937,Hoodebeeranalli
620419,217947,Pastapur
620420,217947,Pastapur
620421,217935,Halcher
620422,217947,Pastapur
620423,217941,Kodli
620424,217941,Kodli
620425,217953,Shadipur
620426,217941,Kodli
620427,217949,Ratkal
620428,217949,Ratkal
620429,217941,Kodli
620430,217935,Halcher
620431,217935,Halcher
620432,217937,Hoodebeeranalli
620433,217935,Halcher
620434,217935,Halcher
620435,217935,Halcher
620436,217937,Hoodebeeranalli
620437,217937,Hoodebeeranalli
620438,217955,Sulepet
620439,273163,Garagapalli
620440,273163,Garagapalli
620441,217939,Karchkhed
620442,273163,Garagapalli
620443,273163,Garagapalli
620444,273163,Garagapalli
620445,273166,Kupanoor
620446,273166,Kupanoor
620447,273166,Kupanoor
620448,217933,Gadikeshwar
620449,217940,Kerolli
620450,273166,Kupanoor
620451,217940,Kerolli
620452,217940,Kerolli
620453,217939,Karchkhed
620454,273163,Garagapalli
620455,217939,Karchkhed
620456,217939,Karchkhed
620457,217939,Karchkhed
620458,217946,Nidgunda
620459,217946,Nidgunda
620460,217933,Gadikeshwar
620461,217933,Gadikeshwar
620462,217933,Gadikeshwar
620463,217933,Gadikeshwar
620464,217933,Gadikeshwar
620465,217954,Shirolli
620466,217954,Shirolli
620467,217954,Shirolli
620468,273165,Jattur
620469,273165,Jattur
620470,273165,Jattur
620471,218075,Malkhed
620472,218079,Neelhalli
620473,218070,Kukkunda
620474,218070,Kukkunda
620475,218070,Kukkunda
620476,273192,Yadaga
620477,273192,Yadaga
620478,273192,Yadaga
620479,218082,Telkur
620480,218082,Telkur
620481,218082,Telkur
620482,218082,Telkur
620483,218074,Madkal
620484,218082,Telkur
620485,218082,Telkur
620486,273192,Yadaga
620487,273192,Yadaga
620488,273192,Yadaga
620489,218079,Neelhalli
620490,218070,Kukkunda
620491,218079,Neelhalli
620492,218079,Neelhalli
620493,218075,Malkhed
620494,218075,Malkhed
620495,218075,Malkhed
620496,218075,Malkhed
620497,218083,Uoodgi
620498,218079,Neelhalli
620499,218079,Neelhalli
620500,218079,Neelhalli
620502,218062,Batagera.K
620503,218074,Madkal
620504,218074,Madkal
620505,218074,Madkal
620506,218074,Madkal
620507,218062,Batagera.K
620508,273191,Sindanmadu
620509,273191,Sindanmadu
620510,218062,Batagera.K
620511,218061,Adaki
620512,218061,Adaki
620513,218061,Adaki
620514,218072,Lingampalli
620515,218072,Lingampalli
620516,218072,Lingampalli
620517,218072,Lingampalli
620518,218061,Adaki
620519,218080,Ranjol
620520,218080,Ranjol
620521,218061,Adaki
620522,218080,Ranjol
620523,273191,Sindanmadu
620524,218080,Ranjol
620525,218073,Madana
620526,218061,Adaki
620527,218072,Lingampalli
620528,218072,Lingampalli
620529,218072,Lingampalli
620530,218081,Ribbanpalli
620531,218081,Ribbanpalli
620532,273189,Benakanahalli
620533,218083,Uoodgi
620534,218083,Uoodgi
620535,218083,Uoodgi
620536,273191,Sindanmadu
620537,273191,Sindanmadu
620538,218068,Kodla
620539,273191,Sindanmadu
620540,218066,Jakanpalli
620541,218066,Jakanpalli
620542,218066,Jakanpalli
620543,273191,Sindanmadu
620544,273189,Benakanahalli
620545,273189,Benakanahalli
620546,273189,Benakanahalli
620547,273191,Sindanmadu
620548,218066,Jakanpalli
620549,218073,Madana
620550,218066,Jakanpalli
620551,218063,Dugnoor
620552,273189,Benakanahalli
620553,218064,Handarki
620554,218064,Handarki
620555,218063,Dugnoor
620556,218063,Dugnoor
620557,218063,Dugnoor
620558,218069,Kolkunda
620559,218069,Kolkunda
620560,218073,Madana
620561,218078,Mudhol
620562,218072,Lingampalli
620563,218081,Ribbanpalli
620564,218081,Ribbanpalli
620565,218076,Medak
620566,218081,Ribbanpalli
620567,218073,Madana
620568,218076,Medak
620569,218076,Medak
620570,218076,Medak
620571,218076,Medak
620572,218076,Medak
620573,273190,Chandapur
620574,273190,Chandapur
620575,218077,Motakpalli
620576,218077,Motakpalli
620577,218077,Motakpalli
620578,273190,Chandapur
620579,218067,Kanagadda
620580,218067,Kanagadda
620581,218077,Motakpalli
620582,218067,Kanagadda
620583,218077,Motakpalli
620584,218077,Motakpalli
620585,218065,Itkal
620586,218065,Itkal
620587,218067,Kanagadda
620588,218071,Kurkunta
620589,217975,Kandgoll
620590,273169,Shellagi
620591,217975,Kandgoll
620592,217959,Arankal
620593,217959,Arankal
620594,273167,Bedsur
620595,273167,Bedsur
620596,273167,Bedsur
620597,217975,Kandgoll
620598,273169,Shellagi
620599,273169,Shellagi
620600,217963,Chincholi. H.
620601,217963,Chincholi. H.
620602,217963,Chincholi. H.
620603,217967,Gotor
620604,217967,Gotor
620606,217985,Rajapur
620607,217985,Rajapur
620609,217989,Tengli
620610,217989,Tengli
620611,217985,Rajapur
620612,217976,Kodadour
620613,217985,Rajapur
620614,217976,Kodadour
620615,217969,Heball
620616,217969,Heball
620617,217969,Heball
620618,217969,Heball
620619,217969,Heball
620620,217969,Heball
620621,217967,Gotor
620622,217967,Gotor
620623,217967,Gotor
620624,217978,Korwar
620625,217980,Madbol
620626,217978,Korwar
620627,217980,Madbol
620628,217978,Korwar
620629,217978,Korwar
620630,217966,Gondgorthi
620631,217966,Gondgorthi
620632,217980,Madbol
620633,217960,Bhagodi
620634,217980,Madbol
620635,217984,Petsheroro
620636,273173,Mugalanagaon
620637,273173,Mugalanagaon
620638,217984,Petsheroro
620639,273170,Ivani
620640,217966,Gondgorthi
620641,273170,Ivani
620642,217964,Dandoti
620643,273170,Ivani
620644,273170,Ivani
620645,217982,Martor
620646,217982,Martor
620647,217982,Martor
620648,217961,Bhankor
620649,217961,Bhankor
620650,217984,Petsheroro
620651,217981,Malgatti
620652,217990,Tosanhalli [S]
620653,217990,Tosanhalli [S]
620654,217961,Bhankor
620655,217981,Malgatti
620656,217990,Tosanhalli [S]
620657,217971,Ingadgi
620658,217970,Hongountta
620659,217970,Hongountta
620660,217971,Ingadgi
620661,217972,Kadbor
620662,217972,Kadbor
620663,217968,Halkatta
620664,217960,Bhagodi
620665,217960,Bhagodi
620666,217960,Bhagodi
620667,217980,Madbol
620668,217964,Dandoti
620669,273172,Mogala
620670,273172,Mogala
620671,217981,Malgatti
620672,217986,Ravor
620673,217986,Ravor
620674,217974,Kamrwadi
620675,217974,Kamrwadi
620676,273171,Kardal
620677,217988,Satnor
620678,217988,Satnor
620679,217965,Digganw
620680,217988,Satnor
620681,273168,Dhongaon
620682,217968,Halkatta
620683,217974,Kamrwadi
620684,217974,Kamrwadi
620685,273171,Kardal
620686,217957,Alolli
620687,217958,Aloor B
620688,217962,Bhimnalli
620689,273168,Dhongaon
620690,217962,Bhimnalli
620691,217958,Aloor B
620692,217957,Alolli
620693,217979,Ladlapur
620694,217974,Kamrwadi
620695,217979,Ladlapur
620696,217972,Kadbor
620697,217972,Kadbor
620698,217983,Nalwar
620699,217983,Nalwar
620700,217957,Alolli
620701,217991,Yagapur
620702,217991,Yagapur
620703,217991,Yagapur
620704,217972,Kadbor
620705,217972,Kadbor
620706,217977,Kollur
620707,217977,Kollur
620708,217987,Sannti
620709,217987,Sannti
620710,217987,Sannti
620711,217987,Sannti
620712,273174,Rampurahalli
620713,273174,Rampurahalli
620714,217961,Bhankor
620715,273180,Hullura
620716,273180,Hullura
620717,218030,Ankalga
620718,218030,Ankalga
620719,218042,Itga
620720,218042,Itga
620721,218042,Itga
620722,218042,Itga
620723,218042,Itga
620724,218042,Itga
620725,218030,Ankalga
620726,218033,Balundagi
620727,218045,Kallur.K
620728,218045,Kallur.K
620729,218045,Kallur.K
620730,218045,Kallur.K
620731,218045,Kallur.K
620732,218055,Nelogi
620733,218053,Mandeval
620734,218053,Mandeval
620735,273185,Nedalagi
620736,273185,Nedalagi
620737,273185,Nedalagi
620738,218033,Balundagi
620739,218033,Balundagi
620740,273180,Hullura
620741,218043,Jeratgi
620742,218043,Jeratgi
620743,218043,Jeratgi
620744,273186,Ranjangi
620745,273186,Ranjangi
620746,273186,Ranjangi
620747,273185,Nedalagi
620748,273185,Nedalagi
620749,218040,Hipparga.S.N.
620750,218055,Nelogi
620751,218039,Harval
620752,218048,Kudi
620753,218048,Kudi
620754,218048,Kudi
620755,218048,Kudi
620756,218048,Kudi
620757,218048,Kudi
620758,218048,Kudi
620759,218047,Kolkur
620760,218047,Kolkur
620761,218047,Kolkur
620762,273182,Kallahangarga
620765,218046,Kellur
620766,218038,Harnoor
620767,273182,Kallahangarga
620768,273182,Kallahangarga
620769,218056,Sonn
620770,218038,Harnoor
620771,218038,Harnoor
620772,218038,Harnoor
620773,218038,Harnoor
620774,218046,Kellur
620775,218046,Kellur
620776,218044,Kadkol
620777,218044,Kadkol
620778,218044,Kadkol
620779,218044,Kadkol
620780,218031,Aralgundagi
620781,218031,Aralgundagi
620782,218031,Aralgundagi
620783,218049,Kuknoor
620784,273183,Karkihalli
620785,218049,Kuknoor
620786,218049,Kuknoor
620787,218044,Kadkol
620789,273183,Karkihalli
620790,273183,Karkihalli
620791,218059,Yalgod
620792,218057,Wadgera
620793,273188,Sumbad
620794,273181,Kachapura
620795,273181,Kachapura
620796,273188,Sumbad
620797,218044,Kadkol
620798,218044,Kadkol
620799,273181,Kachapura
620800,218051,Magangera
620801,218051,Magangera
620802,218051,Magangera
620803,218050,Kuralgera
620804,218050,Kuralgera
620805,218052,Malli
620806,218050,Kuralgera
620807,218052,Malli
620808,218057,Wadgera
620809,273183,Karkihalli
620810,218028,Aloor
620811,218028,Aloor
620812,218041,Ijeri
620813,218028,Aloor
620814,218041,Ijeri
620815,218046,Kellur
620816,218060,Yalvar
620817,273187,Sathkhed
620818,218028,Aloor
620819,218028,Aloor
620820,273183,Karkihalli
620821,273183,Karkihalli
620822,218059,Yalgod
620823,218059,Yalgod
620824,218059,Yalgod
620825,273187,Sathkhed
620826,273187,Sathkhed
620827,273187,Sathkhed
620828,218034,Bilwar
620829,218059,Yalgod
620830,218059,Yalgod
620831,218032,Balbatti
620832,218032,Balbatti
620833,218034,Bilwar
620834,218034,Bilwar
620835,218034,Bilwar
620836,218032,Balbatti
620837,218032,Balbatti
620838,218032,Balbatti
620839,218032,Balbatti
620840,218032,Balbatti
620841,218037,Gudur S.A.
620842,218037,Gudur S.A.
620843,218037,Gudur S.A.
620844,273184,Madari
620845,273184,Madari
620846,273184,Madari
620847,218054,Naribol
620848,218054,Naribol
620849,218035,Biriyal B.
620850,218035,Biriyal B.
620851,218035,Biriyal B.
620852,218029,Andola
620853,218029,Andola
620854,218060,Yalvar
620855,218060,Yalvar
620856,218036,Ganwar
620857,218035,Biriyal B.
620858,218035,Biriyal B.
620859,218035,Biriyal B.
620860,218035,Biriyal B.
620861,218035,Biriyal B.
620862,218036,Ganwar
620863,218060,Yalvar
620864,218060,Yalvar
620865,218060,Yalvar
620866,218034,Bilwar
620867,218034,Bilwar
620868,273187,Sathkhed
620869,218034,Bilwar
620870,218034,Bilwar
620871,218036,Ganwar
620872,218036,Ganwar
620873,218036,Ganwar
620874,218159,Yaktapur
620875,218160,Yalagi
620876,218147,Malla B.
620877,218147,Malla B.
620878,218147,Malla B.
620879,218147,Malla B.
620880,218161,Yevoor
620881,218161,Yevoor
620882,218161,Yevoor
620883,218150,Naganoor
620884,218147,Malla B.
620885,218150,Naganoor
620886,218145,Malagatti
620887,218152,Kiradalli
620890,218160,Yalagi
620891,218159,Yaktapur
620892,218159,Yaktapur
620893,218159,Yaktapur
620894,218159,Yaktapur
620895,218159,Yaktapur
620896,218159,Yaktapur
620897,218159,Yaktapur
620898,218159,Yaktapur
620899,218159,Yaktapur
620900,218159,Yaktapur
620901,218159,Yaktapur
620902,218149,Mudanoor K
620903,218159,Yaktapur
620904,218152,Kiradalli
620905,218152,Kiradalli
620906,218140,Karadkall
620907,218140,Karadkall
620908,272749,Hegganadoddi
620909,272749,Hegganadoddi
620910,272749,Hegganadoddi
620911,218145,Malagatti
620912,218145,Malagatti
620913,218120,Agni .
620914,218120,Agni .
620915,218121,Aldal
620916,218149,Mudanoor K
620917,218149,Mudanoor K
620918,218149,Mudanoor K
620919,218149,Mudanoor K
620920,218124,Baichabal
620921,218124,Baichabal
620922,218122,Arakera J.
620923,218134,Hemnur
620924,218120,Agni .
620925,218120,Agni .
620926,218120,Agni .
620927,218122,Arakera J.
620928,218122,Arakera J.
620929,218124,Baichabal
620930,218137,Kachakanoor
620931,218122,Arakera J.
620932,218144,Kolihal
620933,218144,Kolihal
620934,218144,Kolihal
620935,218144,Kolihal
620936,218144,Kolihal
620938,218133,Hebbala B.
620939,218158,Wajjal
620940,218158,Wajjal
620941,218144,Kolihal
620943,218146,Malanoor
620944,218146,Malanoor
620946,218158,Wajjal
620947,218139,Kamanatagi
620948,218139,Kamanatagi
620949,218139,Kamanatagi
620950,218158,Wajjal
620951,218126,Baradevanal
620952,218132,Hagaratagi
620953,218146,Malanoor
620954,218146,Malanoor
620955,218146,Malanoor
620956,218146,Malanoor
620957,218146,Malanoor
620958,218154,Rajankollur
620959,218154,Rajankollur
620960,218132,Hagaratagi
620961,218132,Hagaratagi
620962,218126,Baradevanal
620963,218126,Baradevanal
620964,218148,Marnal
620965,218148,Marnal
620966,218126,Baradevanal
620967,218148,Marnal
620968,218148,Marnal
620969,218148,Marnal
620970,218126,Baradevanal
620971,218143,Kodekall
620972,218143,Kodekall
620973,218125,Bailakunti
620974,218125,Bailakunti
620975,218125,Bailakunti
620976,218131,Geddalamari
620977,218131,Geddalamari
620978,218125,Bailakunti
620979,218139,Kamanatagi
620980,218125,Bailakunti
620981,218136,Jogandabhavi
620982,218131,Geddalamari
620983,218131,Geddalamari
620984,218136,Jogandabhavi
620985,218136,Jogandabhavi
620986,218136,Jogandabhavi
620987,218136,Jogandabhavi
620988,218148,Marnal
620989,218136,Jogandabhavi
620990,218151,Narayanpur
620991,218151,Narayanpur
620992,218151,Narayanpur
620993,218151,Narayanpur
620994,218133,Hebbala B.
620995,218133,Hebbala B.
620996,218137,Kachakanoor
620997,218121,Aldal
620998,218121,Aldal
620999,218137,Kachakanoor
621000,218137,Kachakanoor
621001,218129,Devatkal
621002,218129,Devatkal
621003,218120,Agni .
621004,218121,Aldal
621005,218121,Aldal
621006,218121,Aldal
621007,218121,Aldal
621008,218127,Devapur
621009,218127,Devapur
621010,218127,Devapur
621011,218129,Devatkal
621012,218129,Devatkal
621013,218129,Devatkal
621014,218129,Devatkal
621015,218133,Hebbala B.
621016,218133,Hebbala B.
621017,218133,Hebbala B.
621019,218129,Devatkal
621020,218156,Tinthani
621021,218156,Tinthani
621022,218156,Tinthani
621023,218156,Tinthani
621024,218156,Tinthani
621026,218139,Kamanatagi
621027,218125,Bailakunti
621028,218139,Kamanatagi
621029,218139,Kamanatagi
621030,218139,Kamanatagi
621031,218131,Geddalamari
621032,218131,Geddalamari
621033,218156,Tinthani
621034,218153,Peth Ammapur
621035,218153,Peth Ammapur
621036,218153,Peth Ammapur
621037,218128,Devar Gonal
621038,272748,Badyapur
621039,272748,Badyapur
621040,272748,Badyapur
621041,218130,Devikera
621042,218130,Devikera
621044,218128,Devar Gonal
621045,218157,Waganagera
621046,218153,Peth Ammapur
621047,218137,Kachakanoor
621048,218153,Peth Ammapur
621049,218157,Waganagera
621050,218157,Waganagera
621051,218123,Arkera.K
621052,218123,Arkera.K
621054,218142,Khanapur.S.H.
621057,218142,Khanapur.S.H.
621058,218121,Aldal
621059,218127,Devapur
621060,218142,Khanapur.S.H.
621061,218127,Devapur
621062,218155,Sugooru
621063,218155,Sugooru
621064,218134,Hemnur
621065,218134,Hemnur
621066,218122,Arakera J.
621067,218134,Hemnur
621068,218155,Sugooru
621069,218155,Sugooru
621070,218127,Devapur
621071,218155,Sugooru
621072,218155,Sugooru
621073,218155,Sugooru
621074,218155,Sugooru
621075,218087,Chamnal
621076,218087,Chamnal
621077,218087,Chamnal
621078,218087,Chamnal
621079,218116,Ukkinal
621080,218116,Ukkinal
621081,218108,Mudriki
621082,218087,Chamnal
621083,218116,Ukkinal
621084,218108,Mudriki
621085,218091,Gogipeth
621086,218108,Mudriki
621087,218107,Mudbool
621088,218098,Hotpet
621089,218107,Mudbool
621090,218108,Mudriki
621091,218108,Mudriki
621092,218090,Gogikona
621093,218116,Ukkinal
621094,218101,Kakkasgera
621095,218101,Kakkasgera
621096,218101,Kakkasgera
621097,218097,Hoskera
621098,218098,Hotpet
621099,218109,Naganatagi
621100,218097,Hoskera
621101,218119,Vanadurg
621102,218101,Kakkasgera
621103,218119,Vanadurg
621104,218097,Hoskera
621105,218098,Hotpet
621106,218098,Hotpet
621107,218098,Hotpet
621108,218107,Mudbool
621109,218107,Mudbool
621110,218084,Anabi
621111,218084,Anabi
621112,218084,Anabi
621113,218084,Anabi
621114,218113,Sirval
621115,218098,Hotpet
621116,218102,Kannekollur
621117,218098,Hotpet
621120,218102,Kannekollur
621121,218102,Kannekollur
621122,218102,Kannekollur
621123,218111,Rastapur
621124,218109,Naganatagi
621125,218109,Naganatagi
621126,218109,Naganatagi
621127,218109,Naganatagi
621128,218109,Naganatagi
621129,218112,Sagar
621130,218112,Sagar
621131,218111,Rastapur
621132,218111,Rastapur
621133,218096,Hattigudur
621134,218096,Hattigudur
621135,218096,Hattigudur
621136,272746,Hurasagundagi
621137,272746,Hurasagundagi
621138,218099,Ibrahimpur
621139,218099,Ibrahimpur
621140,218088,Chatnalli
621141,218088,Chatnalli
621142,218088,Chatnalli
621143,218088,Chatnalli
621144,272746,Hurasagundagi
621146,218103,Khanapur
621147,218088,Chatnalli
621148,218103,Khanapur
621149,218103,Khanapur
621150,218110,Naikal
621151,218093,Gulsaram
621152,218093,Gulsaram
621153,218093,Gulsaram
621154,218095,Halgera
621155,218093,Gulsaram
621156,218117,Ulle Sugoor
621157,218106,Kurkunda
621158,218117,Ulle Sugoor
621159,272747,Gundagarthi
621160,272747,Gundagarthi
621161,218115,Tadabidi
621162,272747,Gundagarthi
621163,218115,Tadabidi
621164,218100,Kadamgera
621165,218100,Kadamgera
621166,218100,Kadamgera
621167,218114,T.Wadagera
621168,272747,Gundagarthi
621169,272747,Gundagarthi
621170,218114,T.Wadagera
621171,218114,T.Wadagera
621172,272744,Aikur
621173,272744,Aikur
621174,218094,Haiyyal.B.
621175,272744,Aikur
621176,272747,Gundagarthi
621177,272744,Aikur
621178,218094,Haiyyal.B.
621179,218094,Haiyyal.B.
621180,272745,Beeranura
621181,272745,Beeranura
621182,272745,Beeranura
621183,272745,Beeranura
621184,272745,Beeranura
621185,218104,Kollur
621186,218104,Kollur
621187,218104,Kollur
621188,218104,Kollur
621189,218104,Kollur
621190,218105,Konkal
621191,218105,Konkal
621192,218118,Vadagera
621193,218117,Ulle Sugoor
621194,218117,Ulle Sugoor
621195,218095,Halgera
621196,218095,Halgera
621197,218095,Halgera
621198,218095,Halgera
621199,218118,Vadagera
621200,218086,Bilar
621201,218086,Bilar
621202,218105,Konkal
621203,218105,Konkal
621204,218105,Konkal
621205,272743,Tumakura
621206,272743,Tumakura
621207,272743,Tumakura
621208,218085,Bendebembali
621209,218085,Bendebembali
621210,218086,Bilar
621211,218086,Bilar
621212,218086,Bilar
621213,218092,Gonal
621214,218085,Bendebembali
621215,218092,Gonal
621216,218085,Bendebembali
621217,218092,Gonal
621218,218092,Gonal
621219,218092,Gonal
621220,218092,Gonal
621221,218092,Gonal
621222,218092,Gonal
621223,218092,Gonal
621224,218091,Gogipeth
621225,218166,Arkera.B.
621226,218166,Arkera.B.
621227,218166,Arkera.B.
621228,218166,Arkera.B.
621229,218199,Yargol
621230,218176,Hattikuni
621231,218176,Hattikuni
621232,218176,Hattikuni
621233,218189,Motnalli
621234,218189,Motnalli
621235,218189,Motnalli
621236,218189,Motnalli
621237,218177,Honageri
621238,218177,Honageri
621239,218177,Honageri
621240,218176,Hattikuni
621241,218176,Hattikuni
621242,218163,Allipur
621243,218163,Allipur
621244,218166,Arkera.B.
621245,218166,Arkera.B.
621246,218166,Arkera.B.
621247,218163,Allipur
621248,218163,Allipur
621249,218163,Allipur
621250,218169,Bandahalli
621251,218169,Bandahalli
621252,218169,Bandahalli
621253,218177,Honageri
621254,218191,Mundargi
621255,218194,Ramsamudra
621256,218191,Mundargi
621257,218174,Gajarkot
621258,218174,Gajarkot
621259,218174,Gajarkot
621260,218174,Gajarkot
621261,218180,Kakalwar
621262,218180,Kakalwar
621263,218180,Kakalwar
621265,218172,Chapatla
621266,218172,Chapatla
621267,218172,Chapatla
621268,272750,Yampada
621269,272750,Yampada
621270,272750,Yampada
621271,218192,Paspool
621272,218192,Paspool
621273,218182,Kandkuru
621274,218182,Kandkuru
621275,218172,Chapatla
621276,218172,Chapatla
621277,218180,Kakalwar
621278,218171,Chandraki
621279,218180,Kakalwar
621280,218188,Minaspur
621281,218171,Chandraki
621282,218171,Chandraki
621283,218171,Chandraki
621284,218193,Putpak
621285,218193,Putpak
621286,218193,Putpak
621287,218193,Putpak
621288,218196,Thanagundi
621289,218190,Mudnal
621290,218196,Thanagundi
621291,218196,Thanagundi
621292,218196,Thanagundi
621293,218196,Thanagundi
621294,218190,Mudnal
621295,218190,Mudnal
621296,218190,Mudnal
621298,218169,Bandahalli
621299,218191,Mundargi
621300,218191,Mundargi
621301,218175,Haligera
621302,218194,Ramsamudra
621303,218165,Arakera.K
621304,218165,Arakera.K
621305,218165,Arakera.K
621306,218197,Varkanalli
621308,218197,Varkanalli
621309,218197,Varkanalli
621310,218197,Varkanalli
621311,218197,Varkanalli
621312,218175,Haligera
621313,218175,Haligera
621314,218185,Kouluru
621315,218185,Kouluru
621316,218185,Kouluru
621317,218168,Balichakra
621318,218200,Yleri
621319,218192,Paspool
621320,218192,Paspool
621321,218198,Yalsatti
621322,218186,Madwar
621323,218181,Kalebelgunda
621324,218168,Balichakra
621325,218187,Malhar
621326,218187,Malhar
621327,218187,Malhar
621328,218183,Killankera
621329,218183,Killankera
621330,218183,Killankera
621331,218181,Kalebelgunda
621332,218186,Madwar
621333,218186,Madwar
621334,218186,Madwar
621335,218198,Yalsatti
621336,218200,Yleri
621337,218173,Chinnakara
621338,218173,Chinnakara
621339,218173,Chinnakara
621340,218173,Chinnakara
621341,218173,Chinnakara
621342,218188,Minaspur
621343,218188,Minaspur
621344,218164,Anapur
621345,218184,Konkal
621346,218188,Minaspur
621347,218192,Paspool
621348,218198,Yalsatti
621349,218184,Konkal
621350,218178,Jaigram
621351,218164,Anapur
621352,218164,Anapur
621353,218178,Jaigram
621354,218198,Yalsatti
621355,218198,Yalsatti
621356,218198,Yalsatti
621357,218178,Jaigram
621358,218178,Jaigram
621359,218178,Jaigram
621360,218162,Ajlapur
621361,218162,Ajlapur
621362,218162,Ajlapur
621363,218170,Belagundi
621364,218170,Belagundi
621365,218187,Malhar
621366,218183,Killankera
621367,218195,Saidapur
621368,218195,Saidapur
621369,218162,Ajlapur
621370,218179,Kadechur
621371,218179,Kadechur
621372,218179,Kadechur
621373,218195,Saidapur
621374,218167,Badiyal
621375,218195,Saidapur
621376,218170,Belagundi
621377,218170,Belagundi
621378,218170,Belagundi
621379,218167,Badiyal
621380,218195,Saidapur
621381,218167,Badiyal
621382,218167,Badiyal
621383,218167,Badiyal
621384,218179,Kadechur
621385,218179,Kadechur
621386,218179,Kadechur
621387,218179,Kadechur
621388,218195,Saidapur
621389,219047,Byraganahalli
621390,219047,Byraganahalli
621391,219047,Byraganahalli
621392,219055,Kurigepalli
621393,219055,Kurigepalli
621394,219055,Kurigepalli
621395,219055,Kurigepalli
621396,219055,Kurigepalli
621397,219059,Mudinadagu
621398,219059,Mudinadagu
621399,219069,Yerramvariapalli
621400,219059,Mudinadagu
621401,219059,Mudinadagu
621402,219059,Mudinadagu
621403,219059,Mudinadagu
621404,219059,Mudinadagu
621405,219059,Mudinadagu
621406,219069,Yerramvariapalli
621407,219069,Yerramvariapalli
621408,219069,Yerramvariapalli
621409,219055,Kurigepalli
621410,219055,Kurigepalli
621411,219045,Addagal
621412,219047,Byraganahalli
621413,219047,Byraganahalli
621414,219047,Byraganahalli
621415,219050,Gownipalli
621416,219047,Byraganahalli
621417,219047,Byraganahalli
621418,219047,Byraganahalli
621419,219055,Kurigepalli
621420,219045,Addagal
621421,219045,Addagal
621422,219055,Kurigepalli
621423,219069,Yerramvariapalli
621424,219069,Yerramvariapalli
621425,219069,Yerramvariapalli
621426,219069,Yerramvariapalli
621427,219064,Rayalpad
621428,219059,Mudinadagu
621429,219059,Mudinadagu
621430,219059,Mudinadagu
621431,219059,Mudinadagu
621432,219064,Rayalpad
621433,219064,Rayalpad
621434,219064,Rayalpad
621435,219069,Yerramvariapalli
621436,219069,Yerramvariapalli
621437,219069,Yerramvariapalli
621438,219045,Addagal
621439,219045,Addagal
621440,219069,Yerramvariapalli
621441,219045,Addagal
621442,219045,Addagal
621443,219045,Addagal
621444,219050,Gownipalli
621445,219050,Gownipalli
621446,219053,Kodipalli
621447,219053,Kodipalli
621448,219053,Kodipalli
621449,219053,Kodipalli
621450,219053,Kodipalli
621451,219053,Kodipalli
621452,219046,Arikunte
621453,219050,Gownipalli
621454,219050,Gownipalli
621455,219053,Kodipalli
621456,219053,Kodipalli
621457,219045,Addagal
621458,219045,Addagal
621459,219045,Addagal
621460,219045,Addagal
621461,219045,Addagal
621462,219045,Addagal
621463,219045,Addagal
621464,219045,Addagal
621465,219069,Yerramvariapalli
621466,219069,Yerramvariapalli
621467,219069,Yerramvariapalli
621468,219064,Rayalpad
621469,219069,Yerramvariapalli
621470,219064,Rayalpad
621471,219069,Yerramvariapalli
621472,219064,Rayalpad
621473,219059,Mudinadagu
621474,219053,Kodipalli
621475,219053,Kodipalli
621476,219067,Thadigol
621477,219062,Nelavanki
621478,219062,Nelavanki
621479,219062,Nelavanki
621480,219062,Nelavanki
621481,219062,Nelavanki
621482,219062,Nelavanki
621483,219062,Nelavanki
621484,219056,Lakshmipura
621485,219056,Lakshmipura
621486,219056,Lakshmipura
621487,219056,Lakshmipura
621488,219064,Rayalpad
621489,219064,Rayalpad
621490,219064,Rayalpad
621491,219063,Pulagurkota
621492,219064,Rayalpad
621493,219064,Rayalpad
621494,219056,Lakshmipura
621495,219056,Lakshmipura
621496,219056,Lakshmipura
621497,219062,Nelavanki
621498,219062,Nelavanki
621499,219062,Nelavanki
621500,219062,Nelavanki
621501,219062,Nelavanki
621502,219067,Thadigol
621503,219067,Thadigol
621504,219067,Thadigol
621505,219067,Thadigol
621506,219067,Thadigol
621507,219062,Nelavanki
621508,219062,Nelavanki
621509,219062,Nelavanki
621510,219056,Lakshmipura
621511,219056,Lakshmipura
621512,219063,Pulagurkota
621513,219063,Pulagurkota
621514,219063,Pulagurkota
621515,219063,Pulagurkota
621516,219063,Pulagurkota
621517,219063,Pulagurkota
621518,219069,Yerramvariapalli
621519,219063,Pulagurkota
621520,219056,Lakshmipura
621521,219062,Nelavanki
621522,219056,Lakshmipura
621523,219065,Ronur
621524,219065,Ronur
621525,219056,Lakshmipura
621526,219056,Lakshmipura
621527,219056,Lakshmipura
621528,219056,Lakshmipura
621529,219062,Nelavanki
621530,219063,Pulagurkota
621531,219063,Pulagurkota
621532,219063,Pulagurkota
621533,219063,Pulagurkota
621534,219063,Pulagurkota
621535,219063,Pulagurkota
621536,219063,Pulagurkota
621537,219063,Pulagurkota
621538,219063,Pulagurkota
621539,219063,Pulagurkota
621540,219063,Pulagurkota
621541,219063,Pulagurkota
621542,219063,Pulagurkota
621543,219046,Arikunte
621544,219067,Thadigol
621545,219067,Thadigol
621546,219067,Thadigol
621547,219067,Thadigol
621548,219067,Thadigol
621549,219067,Thadigol
621550,219067,Thadigol
621551,219065,Ronur
621552,219065,Ronur
621553,219065,Ronur
621554,219065,Ronur
621555,219065,Ronur
621556,219065,Ronur
621557,219065,Ronur
621558,219066,Somayajalapalli
621559,219066,Somayajalapalli
621560,219066,Somayajalapalli
621561,219066,Somayajalapalli
621562,219066,Somayajalapalli
621563,219066,Somayajalapalli
621564,219066,Somayajalapalli
621565,219066,Somayajalapalli
621566,219066,Somayajalapalli
621567,219066,Somayajalapalli
621568,219066,Somayajalapalli
621569,219065,Ronur
621570,219065,Ronur
621571,219065,Ronur
621572,219065,Ronur
621573,219065,Ronur
621574,219065,Ronur
621575,219065,Ronur
621576,219065,Ronur
621577,219065,Ronur
621578,219046,Arikunte
621579,219067,Thadigol
621580,219067,Thadigol
621581,219067,Thadigol
621582,219046,Arikunte
621583,219046,Arikunte
621584,219046,Arikunte
621585,219046,Arikunte
621586,219046,Arikunte
621587,219046,Arikunte
621588,219046,Arikunte
621589,219046,Arikunte
621590,219046,Arikunte
621591,219046,Arikunte
621592,219046,Arikunte
621593,219046,Arikunte
621594,219051,Hodali
621595,219065,Ronur
621596,219065,Ronur
621597,219065,Ronur
621598,219065,Ronur
621599,219065,Ronur
621600,219051,Hodali
621601,219051,Hodali
621602,219051,Hodali
621603,219051,Hodali
621604,219051,Hodali
621605,219051,Hodali
621606,219051,Hodali
621607,219051,Hodali
621608,219051,Hodali
621609,219051,Hodali
621610,219066,Somayajalapalli
621611,219066,Somayajalapalli
621612,219060,Muttakapali
621613,219066,Somayajalapalli
621614,219066,Somayajalapalli
621615,219060,Muttakapali
621616,219060,Muttakapali
621617,219060,Muttakapali
621618,219060,Muttakapali
621619,219052,J. Thimmasandra
621620,219052,J. Thimmasandra
621621,219052,J. Thimmasandra
621622,219052,J. Thimmasandra
621623,219052,J. Thimmasandra
621624,219046,Arikunte
621625,219046,Arikunte
621626,219052,J. Thimmasandra
621627,219052,J. Thimmasandra
621628,219052,J. Thimmasandra
621629,219052,J. Thimmasandra
621630,219052,J. Thimmasandra
621631,219052,J. Thimmasandra
621632,219061,Nanbihalli
621633,219061,Nanbihalli
621634,219061,Nanbihalli
621635,219061,Nanbihalli
621636,219061,Nanbihalli
621637,219048,Chaldiganahalli
621638,219052,J. Thimmasandra
621639,219048,Chaldiganahalli
621640,219052,J. Thimmasandra
621641,219052,J. Thimmasandra
621642,219052,J. Thimmasandra
621644,219051,Hodali
621645,219052,J. Thimmasandra
621646,219048,Chaldiganahalli
621647,219048,Chaldiganahalli
621648,219048,Chaldiganahalli
621649,219048,Chaldiganahalli
621650,219061,Nanbihalli
621651,219061,Nanbihalli
621652,219061,Nanbihalli
621653,219061,Nanbihalli
621654,219061,Nanbihalli
621655,219061,Nanbihalli
621656,219061,Nanbihalli
621657,219048,Chaldiganahalli
621658,219048,Chaldiganahalli
621659,219049,Dalasanur
621660,219048,Chaldiganahalli
621661,219048,Chaldiganahalli
621662,219048,Chaldiganahalli
621663,219048,Chaldiganahalli
621664,219048,Chaldiganahalli
621665,219048,Chaldiganahalli
621666,219049,Dalasanur
621667,219049,Dalasanur
621668,219049,Dalasanur
621669,219049,Dalasanur
621670,219049,Dalasanur
621671,219049,Dalasanur
621672,219061,Nanbihalli
621673,219058,Mastenahalli
621674,219058,Mastenahalli
621675,219058,Mastenahalli
621676,219058,Mastenahalli
621677,219058,Mastenahalli
621678,219058,Mastenahalli
621679,219058,Mastenahalli
621680,219058,Mastenahalli
621681,219058,Mastenahalli
621682,219058,Mastenahalli
621683,219058,Mastenahalli
621684,219058,Mastenahalli
621685,219058,Mastenahalli
621686,219049,Dalasanur
621687,219049,Dalasanur
621688,219049,Dalasanur
621689,219049,Dalasanur
621690,219049,Dalasanur
621691,219049,Dalasanur
621692,219049,Dalasanur
621693,219068,Yeldur
621694,219051,Hodali
621695,219060,Muttakapali
621696,219060,Muttakapali
621697,219066,Somayajalapalli
621698,219060,Muttakapali
621699,219060,Muttakapali
621700,219060,Muttakapali
621701,219060,Muttakapali
621702,219060,Muttakapali
621703,219060,Muttakapali
621704,219060,Muttakapali
621705,219060,Muttakapali
621706,219060,Muttakapali
621707,219060,Muttakapali
621708,219060,Muttakapali
621709,219068,Yeldur
621710,219068,Yeldur
621711,219068,Yeldur
621712,219060,Muttakapali
621713,219060,Muttakapali
621714,219054,Kolathur
621715,219068,Yeldur
621716,219068,Yeldur
621717,219068,Yeldur
621718,219068,Yeldur
621719,219057,Lakshmisagara
621720,219068,Yeldur
621721,219068,Yeldur
621722,219054,Kolathur
621723,219054,Kolathur
621724,219057,Lakshmisagara
621725,219057,Lakshmisagara
621726,219057,Lakshmisagara
621727,219057,Lakshmisagara
621728,219057,Lakshmisagara
621729,219057,Lakshmisagara
621730,219057,Lakshmisagara
621731,219057,Lakshmisagara
621732,219054,Kolathur
621733,219054,Kolathur
621734,219054,Kolathur
621735,219054,Kolathur
621736,218924,Ammanallur
621737,218924,Ammanallur
621738,218924,Ammanallur
621740,218924,Ammanallur
621741,218924,Ammanallur
621742,218924,Ammanallur
621743,218941,Kyalanur
621744,218924,Ammanallur
621745,218924,Ammanallur
621746,218930,Channasandra
621747,218930,Channasandra
621748,218930,Channasandra
621749,218941,Kyalanur
621750,218941,Kyalanur
621751,218941,Kyalanur
621752,218941,Kyalanur
621753,218941,Kyalanur
621754,218949,Seeti
621755,218949,Seeti
621756,218924,Ammanallur
621757,218943,Madderi
621758,218943,Madderi
621759,218943,Madderi
621760,218943,Madderi
621761,218943,Madderi
621762,218943,Madderi
621763,218943,Madderi
621764,218943,Madderi
621765,218943,Madderi
621766,218943,Madderi
621767,218943,Madderi
621768,218943,Madderi
621769,218949,Seeti
621770,218949,Seeti
621771,218930,Channasandra
621772,218930,Channasandra
621773,218930,Channasandra
621774,218930,Channasandra
621775,218930,Channasandra
621776,218930,Channasandra
621777,218949,Seeti
621778,218949,Seeti
621779,218950,Settihalli
621780,218950,Settihalli
621781,218950,Settihalli
621782,218950,Settihalli
621784,218949,Seeti
621794,218928,Belamaranahalli
621795,218928,Belamaranahalli
621796,218928,Belamaranahalli
621800,218950,Settihalli
621801,218950,Settihalli
621805,218950,Settihalli
621806,218950,Settihalli
621807,218950,Settihalli
621808,218928,Belamaranahalli
621809,218928,Belamaranahalli
621810,218931,Chowdadenahalli
621811,218931,Chowdadenahalli
621812,218931,Chowdadenahalli
621815,218931,Chowdadenahalli
621816,218953,Sulur
621817,218931,Chowdadenahalli
621818,218931,Chowdadenahalli
621819,218948,Narasapura
621820,218948,Narasapura
621821,218929,Bellur
621822,218928,Belamaranahalli
621823,218928,Belamaranahalli
621824,218929,Bellur
621825,218929,Bellur
621826,218929,Bellur
621827,218929,Bellur
621828,218929,Bellur
621829,218929,Bellur
621830,218929,Bellur
621831,218929,Bellur
621832,218929,Bellur
621833,218929,Bellur
621834,218929,Bellur
621835,218948,Narasapura
621836,218953,Sulur
621837,218953,Sulur
621838,218953,Sulur
621839,218953,Sulur
621840,218953,Sulur
621841,218953,Sulur
621842,218953,Sulur
621843,218953,Sulur
621844,218953,Sulur
621845,218953,Sulur
621846,218953,Sulur
621847,218953,Sulur
621848,218925,Arabilkothanur
621849,218953,Sulur
621850,218925,Arabilkothanur
621851,218925,Arabilkothanur
621852,218925,Arabilkothanur
621853,218953,Sulur
621854,218925,Arabilkothanur
621855,218925,Arabilkothanur
621856,218925,Arabilkothanur
621857,218925,Arabilkothanur
621858,218925,Arabilkothanur
621859,218925,Arabilkothanur
621860,218959,Vokkaleri
621861,218925,Arabilkothanur
621862,218925,Arabilkothanur
621863,218959,Vokkaleri
621864,218959,Vokkaleri
621865,218959,Vokkaleri
621866,218959,Vokkaleri
621867,218959,Vokkaleri
621868,218959,Vokkaleri
621869,218925,Arabilkothanur
621870,218959,Vokkaleri
621871,218947,Muduvathi
621872,218947,Muduvathi
621873,218947,Muduvathi
621874,218927,Beglihosahalli
621875,218947,Muduvathi
621876,218947,Muduvathi
621877,218947,Muduvathi
621878,218947,Muduvathi
621879,218947,Muduvathi
621880,218947,Muduvathi
621881,218959,Vokkaleri
621882,218959,Vokkaleri
621883,218959,Vokkaleri
621884,218959,Vokkaleri
621885,218945,Marjenahalli
621886,218959,Vokkaleri
621887,218947,Muduvathi
621888,218947,Muduvathi
621889,218947,Muduvathi
621890,218947,Muduvathi
621891,218947,Muduvathi
621892,218942,Madanahalli
621893,218942,Madanahalli
621894,218942,Madanahalli
621895,218942,Madanahalli
621896,218942,Madanahalli
621897,218942,Madanahalli
621898,218942,Madanahalli
621899,218943,Madderi
621900,218955,Thotli
621901,218952,Sugatur
621902,218952,Sugatur
621903,218952,Sugatur
621904,218955,Thotli
621905,218955,Thotli
621906,218955,Thotli
621907,218955,Thotli
621908,218955,Thotli
621909,218955,Thotli
621910,218955,Thotli
621911,218955,Thotli
621912,218938,Janna Ghatta
621913,218938,Janna Ghatta
621914,218938,Janna Ghatta
621915,218938,Janna Ghatta
621916,218938,Janna Ghatta
621917,218938,Janna Ghatta
621918,218938,Janna Ghatta
621919,218938,Janna Ghatta
621920,218952,Sugatur
621921,218956,Uragili
621922,218956,Uragili
621923,218956,Uragili
621924,218956,Uragili
621925,218956,Uragili
621926,218956,Uragili
621927,218956,Uragili
621928,218956,Uragili
621929,218956,Uragili
621930,218956,Uragili
621931,218956,Uragili
621932,218956,Uragili
621933,218956,Uragili
621934,218956,Uragili
621935,218938,Janna Ghatta
621936,218946,Muduvadi
621937,218946,Muduvadi
621938,218946,Muduvadi
621939,218946,Muduvadi
621940,218946,Muduvadi
621941,218946,Muduvadi
621942,218935,Holur
621943,218935,Holur
621944,218935,Holur
621945,218935,Holur
621946,218935,Holur
621947,218935,Holur
621948,218935,Holur
621949,218935,Holur
621950,218935,Holur
621951,218937,Itharasanahalli
621952,218937,Itharasanahalli
621953,218937,Itharasanahalli
621954,218937,Itharasanahalli
621955,218954,Thoradevanda Halli
621956,218954,Thoradevanda Halli
621957,218946,Muduvadi
621958,218946,Muduvadi
621959,218954,Thoradevanda Halli
621960,218937,Itharasanahalli
621961,218954,Thoradevanda Halli
621962,218937,Itharasanahalli
621963,218937,Itharasanahalli
621964,218937,Itharasanahalli
621965,218935,Holur
621966,218937,Itharasanahalli
621967,218937,Itharasanahalli
621968,218944,Annenahalli
621969,218945,Marjenahalli
621970,218945,Marjenahalli
621971,218944,Annenahalli
621972,218944,Annenahalli
621973,218944,Annenahalli
621974,218937,Itharasanahalli
621975,218937,Itharasanahalli
621976,218937,Itharasanahalli
621977,218937,Itharasanahalli
621978,218944,Annenahalli
621979,218944,Annenahalli
621980,218944,Annenahalli
621981,218944,Annenahalli
621982,218944,Annenahalli
621983,218944,Annenahalli
621984,218944,Annenahalli
621985,218944,Annenahalli
621986,218944,Annenahalli
621987,218926,Arahalli
621988,218926,Arahalli
621989,218926,Arahalli
621990,218954,Thoradevanda Halli
621991,218926,Arahalli
621992,218954,Thoradevanda Halli
621993,218954,Thoradevanda Halli
621994,218954,Thoradevanda Halli
621995,218954,Thoradevanda Halli
621996,218954,Thoradevanda Halli
621997,218945,Marjenahalli
621998,218945,Marjenahalli
621999,218945,Marjenahalli
622000,218945,Marjenahalli
622001,218945,Marjenahalli
622002,218945,Marjenahalli
622003,218933,Honnenahalli
622005,218933,Honnenahalli
622007,218933,Honnenahalli
622008,218947,Muduvathi
622009,218926,Arahalli
622010,218926,Arahalli
622011,218926,Arahalli
622012,218939,Kondarajanahalli
622013,218939,Kondarajanahalli
622014,218926,Arahalli
622015,218926,Arahalli
622016,218939,Kondarajanahalli
622017,218939,Kondarajanahalli
622019,218939,Kondarajanahalli
622021,218939,Kondarajanahalli
622022,218939,Kondarajanahalli
622024,218932,Doodahasala
622025,218932,Doodahasala
622027,218933,Honnenahalli
622028,218933,Honnenahalli
622029,218933,Honnenahalli
622030,218933,Honnenahalli
622031,218932,Doodahasala
622032,218932,Doodahasala
622033,218932,Doodahasala
622034,218932,Doodahasala
622035,218927,Beglihosahalli
622036,218927,Beglihosahalli
622037,218927,Beglihosahalli
622038,218927,Beglihosahalli
622039,218927,Beglihosahalli
622040,218927,Beglihosahalli
622041,218927,Beglihosahalli
622042,218927,Beglihosahalli
622043,218927,Beglihosahalli
622044,218927,Beglihosahalli
622045,218932,Doodahasala
622046,218932,Doodahasala
622047,218932,Doodahasala
622048,218945,Marjenahalli
622049,218957,Vadagur
622050,218944,Annenahalli
622051,218957,Vadagur
622052,218936,Huttur
622053,218936,Huttur
622054,218936,Huttur
622055,218936,Huttur
622056,218936,Huttur
622057,218957,Vadagur
622058,218957,Vadagur
622059,218957,Vadagur
622060,218957,Vadagur
622061,218957,Vadagur
622062,218957,Vadagur
622063,218957,Vadagur
622064,218957,Vadagur
622065,218933,Honnenahalli
622066,218936,Huttur
622067,218936,Huttur
622068,218936,Huttur
622069,218951,Shapur
622070,218951,Shapur
622071,218957,Vadagur
622072,218957,Vadagur
622073,218933,Honnenahalli
622074,218934,Harati
622075,218934,Harati
622076,218934,Harati
622077,218951,Shapur
622078,218951,Shapur
622079,218951,Shapur
622080,218951,Shapur
622081,218951,Shapur
622082,218951,Shapur
622083,218951,Shapur
622084,218951,Shapur
622085,218934,Harati
622086,218934,Harati
622087,218934,Harati
622088,218934,Harati
622089,218934,Harati
622090,218934,Harati
622091,218934,Harati
622092,218951,Shapur
622093,218951,Shapur
622094,218934,Harati
622095,218934,Harati
622096,218951,Shapur
622097,218951,Shapur
622098,218986,Thornahalli
622099,218986,Thornahalli
622100,218986,Thornahalli
622101,218986,Thornahalli
622102,218986,Thornahalli
622103,218986,Thornahalli
622104,218986,Thornahalli
622105,218984,Shivarapatna
622106,218960,Abbenahalli
622107,218984,Shivarapatna
622108,218984,Shivarapatna
622109,218984,Shivarapatna
622110,218984,Shivarapatna
622111,218984,Shivarapatna
622112,218960,Abbenahalli
622113,218960,Abbenahalli
622114,218960,Abbenahalli
622115,218960,Abbenahalli
622116,218960,Abbenahalli
622117,218986,Thornahalli
622118,218960,Abbenahalli
622119,218960,Abbenahalli
622120,218984,Shivarapatna
622121,218984,Shivarapatna
622122,218984,Shivarapatna
622123,218975,Kondasettihalli
622124,218964,Chickkakuntur
622125,218964,Chickkakuntur
622126,218972,Hungenahalli
622127,218972,Hungenahalli
622128,218972,Hungenahalli
622129,218972,Hungenahalli
622130,218972,Hungenahalli
622131,218960,Abbenahalli
622132,218960,Abbenahalli
622133,218960,Abbenahalli
622134,218986,Thornahalli
622135,218986,Thornahalli
622136,218986,Thornahalli
622137,218978,Chokkandahalli
622138,218978,Chokkandahalli
622140,218978,Chokkandahalli
622141,218978,Chokkandahalli
622142,218960,Abbenahalli
622143,218972,Hungenahalli
622144,218972,Hungenahalli
622145,218972,Hungenahalli
622146,218968,Doddashivara
622147,218968,Doddashivara
622148,218964,Chickkakuntur
622149,218964,Chickkakuntur
622150,218964,Chickkakuntur
622151,218968,Doddashivara
622152,218968,Doddashivara
622153,218968,Doddashivara
622154,218968,Doddashivara
622155,218972,Hungenahalli
622157,218968,Doddashivara
622158,218961,Araleri
622159,218978,Chokkandahalli
622160,218978,Chokkandahalli
622161,218978,Chokkandahalli
622162,218978,Chokkandahalli
622163,218978,Chokkandahalli
622164,218978,Chokkandahalli
622165,218978,Chokkandahalli
622166,218978,Chokkandahalli
622167,218978,Chokkandahalli
622168,218980,Nosagere
622169,218980,Nosagere
622170,218980,Nosagere
622171,218980,Nosagere
622172,218980,Nosagere
622173,218980,Nosagere
622174,218980,Nosagere
622175,218980,Nosagere
622176,218980,Nosagere
622177,218980,Nosagere
622178,218980,Nosagere
622179,218980,Nosagere
622180,218980,Nosagere
622181,218983,Santehalli
622182,218980,Nosagere
622183,218983,Santehalli
622184,218983,Santehalli
622185,218983,Santehalli
622186,218983,Santehalli
622187,218961,Araleri
622188,218983,Santehalli
622189,218968,Doddashivara
622190,218968,Doddashivara
622191,218968,Doddashivara
622192,218964,Chickkakuntur
622193,218964,Chickkakuntur
622194,218964,Chickkakuntur
622195,218961,Araleri
622196,218961,Araleri
622197,218961,Araleri
622198,218961,Araleri
622199,218961,Araleri
622200,218961,Araleri
622201,218983,Santehalli
622202,218983,Santehalli
622203,218976,Kudiyanur
622204,218983,Santehalli
622205,218976,Kudiyanur
622206,218983,Santehalli
622207,218976,Kudiyanur
622208,218976,Kudiyanur
622209,218976,Kudiyanur
622210,218976,Kudiyanur
622211,218976,Kudiyanur
622212,218976,Kudiyanur
622213,218976,Kudiyanur
622214,218976,Kudiyanur
622215,218976,Kudiyanur
622216,218976,Kudiyanur
622217,218976,Kudiyanur
622218,218976,Kudiyanur
622219,218983,Santehalli
622220,218976,Kudiyanur
622221,218961,Araleri
622222,218983,Santehalli
622223,218983,Santehalli
622224,218961,Araleri
622225,218961,Araleri
622226,218961,Araleri
622227,218961,Araleri
622228,218961,Araleri
622229,218971,Hulimangala Hosakote (H.Hosakote)
622230,218971,Hulimangala Hosakote (H.Hosakote)
622231,218980,Nosagere
622232,218971,Hulimangala Hosakote (H.Hosakote)
622233,218971,Hulimangala Hosakote (H.Hosakote)
622234,218971,Hulimangala Hosakote (H.Hosakote)
622235,218971,Hulimangala Hosakote (H.Hosakote)
622236,218971,Hulimangala Hosakote (H.Hosakote)
622237,218971,Hulimangala Hosakote (H.Hosakote)
622238,218977,Lakkur
622239,218977,Lakkur
622240,218971,Hulimangala Hosakote (H.Hosakote)
622241,218971,Hulimangala Hosakote (H.Hosakote)
622242,218965,Chikkathirupathi
622243,218965,Chikkathirupathi
622244,218965,Chikkathirupathi
622245,218977,Lakkur
622246,218977,Lakkur
622247,218973,Jayamangala
622248,218973,Jayamangala
622249,218973,Jayamangala
622250,218973,Jayamangala
622251,218965,Chikkathirupathi
622252,218965,Chikkathirupathi
622253,218965,Chikkathirupathi
622254,218965,Chikkathirupathi
622255,218965,Chikkathirupathi
622256,218965,Chikkathirupathi
622257,218965,Chikkathirupathi
622258,218973,Jayamangala
622259,218973,Jayamangala
622260,218973,Jayamangala
622261,218973,Jayamangala
622262,218962,Baliganahalli
622263,218976,Kudiyanur
622264,218976,Kudiyanur
622265,218962,Baliganahalli
622266,218962,Baliganahalli
622267,218962,Baliganahalli
622268,218966,Dadinaikanahallidoddi
622269,218962,Baliganahalli
622270,218966,Dadinaikanahallidoddi
622271,218966,Dadinaikanahallidoddi
622272,218966,Dadinaikanahallidoddi
622273,218966,Dadinaikanahallidoddi
622274,218966,Dadinaikanahallidoddi
622275,218966,Dadinaikanahallidoddi
622276,218966,Dadinaikanahallidoddi
622277,218966,Dadinaikanahallidoddi
622278,218966,Dadinaikanahallidoddi
622279,218962,Baliganahalli
622280,218962,Baliganahalli
622281,218962,Baliganahalli
622282,218962,Baliganahalli
622283,218962,Baliganahalli
622284,218962,Baliganahalli
622285,218962,Baliganahalli
622286,218962,Baliganahalli
622287,218970,Huladenahalli
622288,218970,Huladenahalli
622289,218970,Huladenahalli
622290,218970,Huladenahalli
622291,218970,Huladenahalli
622292,218982,Rajenahalli
622293,218982,Rajenahalli
622294,218982,Rajenahalli
622295,218982,Rajenahalli
622296,218982,Rajenahalli
622297,218970,Huladenahalli
622298,218982,Rajenahalli
622299,218982,Rajenahalli
622300,218982,Rajenahalli
622301,218982,Rajenahalli
622302,218982,Rajenahalli
622303,218982,Rajenahalli
622304,218969,Hasandahalli
622305,218969,Hasandahalli
622306,218982,Rajenahalli
622307,218982,Rajenahalli
622308,218982,Rajenahalli
622309,218969,Hasandahalli
622310,218969,Hasandahalli
622311,218982,Rajenahalli
622312,218982,Rajenahalli
622313,218969,Hasandahalli
622314,218962,Baliganahalli
622315,218969,Hasandahalli
622316,218969,Hasandahalli
622317,218969,Hasandahalli
622318,218969,Hasandahalli
622319,218969,Hasandahalli
622320,218969,Hasandahalli
622321,218969,Hasandahalli
622322,218969,Hasandahalli
622323,218969,Hasandahalli
622324,218969,Hasandahalli
622325,218967,Dinnahalli
622326,218981,Nutuve
622327,218981,Nutuve
622328,218981,Nutuve
622329,218981,Nutuve
622330,218967,Dinnahalli
622331,218981,Nutuve
622332,218981,Nutuve
622333,218967,Dinnahalli
622334,218967,Dinnahalli
622335,218967,Dinnahalli
622336,218969,Hasandahalli
622337,218969,Hasandahalli
622338,218987,Thrunasi
622339,218969,Hasandahalli
622340,218979,Masthi
622341,218979,Masthi
622342,218979,Masthi
622343,218979,Masthi
622344,218979,Masthi
622345,218979,Masthi
622346,218987,Thrunasi
622347,218987,Thrunasi
622348,218987,Thrunasi
622349,218987,Thrunasi
622350,218987,Thrunasi
622351,218987,Thrunasi
622352,218987,Thrunasi
622353,218987,Thrunasi
622354,218987,Thrunasi
622355,218987,Thrunasi
622356,218987,Thrunasi
622357,218969,Hasandahalli
622358,218987,Thrunasi
622359,218987,Thrunasi
622360,218967,Dinnahalli
622361,218967,Dinnahalli
622362,218967,Dinnahalli
622363,218967,Dinnahalli
622364,218967,Dinnahalli
622365,218967,Dinnahalli
622366,218967,Dinnahalli
622367,218967,Dinnahalli
622368,218966,Dadinaikanahallidoddi
622369,218967,Dinnahalli
622370,218967,Dinnahalli
622371,218967,Dinnahalli
622372,218967,Dinnahalli
622373,218967,Dinnahalli
622374,218967,Dinnahalli
622375,218967,Dinnahalli
622376,218967,Dinnahalli
622377,218964,Chickkakuntur
622378,218975,Kondasettihalli
622379,218975,Kondasettihalli
622380,218975,Kondasettihalli
622381,218974,Kavala Giriyana Halli (K.G. Halli)
622382,218974,Kavala Giriyana Halli (K.G. Halli)
622383,218974,Kavala Giriyana Halli (K.G. Halli)
622384,218974,Kavala Giriyana Halli (K.G. Halli)
622385,218974,Kavala Giriyana Halli (K.G. Halli)
622386,218974,Kavala Giriyana Halli (K.G. Halli)
622387,218974,Kavala Giriyana Halli (K.G. Halli)
622388,218985,Tekal
622389,218974,Kavala Giriyana Halli (K.G. Halli)
622390,218974,Kavala Giriyana Halli (K.G. Halli)
622391,218974,Kavala Giriyana Halli (K.G. Halli)
622392,218974,Kavala Giriyana Halli (K.G. Halli)
622393,218974,Kavala Giriyana Halli (K.G. Halli)
622394,218975,Kondasettihalli
622395,218975,Kondasettihalli
622396,218975,Kondasettihalli
622397,218975,Kondasettihalli
622398,218964,Chickkakuntur
622399,218964,Chickkakuntur
622400,218975,Kondasettihalli
622401,218964,Chickkakuntur
622402,218964,Chickkakuntur
622403,218975,Kondasettihalli
622404,218975,Kondasettihalli
622405,218974,Kavala Giriyana Halli (K.G. Halli)
622406,218974,Kavala Giriyana Halli (K.G. Halli)
622407,218974,Kavala Giriyana Halli (K.G. Halli)
622408,218985,Tekal
622409,218985,Tekal
622410,218985,Tekal
622411,218985,Tekal
622412,218963,Banahalli
622413,218985,Tekal
622414,218963,Banahalli
622415,218985,Tekal
622416,218974,Kavala Giriyana Halli (K.G. Halli)
622417,218974,Kavala Giriyana Halli (K.G. Halli)
622418,218974,Kavala Giriyana Halli (K.G. Halli)
622419,218975,Kondasettihalli
622420,218975,Kondasettihalli
622421,218975,Kondasettihalli
622422,218964,Chickkakuntur
622423,218974,Kavala Giriyana Halli (K.G. Halli)
622424,218985,Tekal
622425,218985,Tekal
622426,218985,Tekal
622427,218970,Huladenahalli
622428,218985,Tekal
622429,218970,Huladenahalli
622430,218970,Huladenahalli
622431,218970,Huladenahalli
622432,218985,Tekal
622433,218970,Huladenahalli
622434,218970,Huladenahalli
622435,218970,Huladenahalli
622436,218970,Huladenahalli
622437,218981,Nutuve
622438,218970,Huladenahalli
622439,218970,Huladenahalli
622440,218963,Banahalli
622441,218985,Tekal
622442,218985,Tekal
622443,218963,Banahalli
622444,218963,Banahalli
622445,218963,Banahalli
622446,218963,Banahalli
622447,218963,Banahalli
622448,218963,Banahalli
622449,218981,Nutuve
622450,218981,Nutuve
622451,218981,Nutuve
622452,218981,Nutuve
622453,218981,Nutuve
622454,218981,Nutuve
622455,218981,Nutuve
622456,218981,Nutuve
622457,218981,Nutuve
622458,218981,Nutuve
622459,218963,Banahalli
622460,218963,Banahalli
622461,218817,Soolikunte
622462,218817,Soolikunte
622463,218817,Soolikunte
622464,218817,Soolikunte
622465,218817,Soolikunte
622466,218817,Soolikunte
622467,218791,Chikka Ankandahally
622468,218791,Chikka Ankandahally
622469,218791,Chikka Ankandahally
622470,218791,Chikka Ankandahally
622471,218813,Mava Halli
622472,218813,Mava Halli
622473,218791,Chikka Ankandahally
622474,218791,Chikka Ankandahally
622475,218817,Soolikunte
622476,218791,Chikka Ankandahally
622477,218817,Soolikunte
622478,218817,Soolikunte
622479,218817,Soolikunte
622480,218817,Soolikunte
622481,218817,Soolikunte
622482,218817,Soolikunte
622483,218817,Soolikunte
622484,218817,Soolikunte
622485,218803,Inora Hosahalli
622486,218803,Inora Hosahalli
622487,218803,Inora Hosahalli
622488,218791,Chikka Ankandahally
622489,218791,Chikka Ankandahally
622490,218808,Karahalli
622491,218813,Mava Halli
622492,218808,Karahalli
622493,218808,Karahalli
622494,218808,Karahalli
622495,218803,Inora Hosahalli
622496,218803,Inora Hosahalli
622497,218803,Inora Hosahalli
622498,218803,Inora Hosahalli
622499,218803,Inora Hosahalli
622500,218803,Inora Hosahalli
622501,218803,Inora Hosahalli
622502,218803,Inora Hosahalli
622503,218803,Inora Hosahalli
622504,218803,Inora Hosahalli
622505,218800,Hulibele
622506,218800,Hulibele
622507,218800,Hulibele
622508,218793,Kesaranahalli
622509,218793,Kesaranahalli
622510,218792,Chinna Kota
622511,218792,Chinna Kota
622512,218793,Kesaranahalli
622513,218793,Kesaranahalli
622514,218800,Hulibele
622515,218811,Magondi
622516,218800,Hulibele
622517,218800,Hulibele
622518,218787,A.Jothena Halli
622519,218800,Hulibele
622520,218811,Magondi
622521,218811,Magondi
622522,218811,Magondi
622523,218793,Kesaranahalli
622524,218794,Doddavalagamadi
622525,218794,Doddavalagamadi
622526,218811,Magondi
622527,218811,Magondi
622528,218811,Magondi
622529,218811,Magondi
622530,218811,Magondi
622531,218811,Magondi
622532,218787,A.Jothena Halli
622533,218787,A.Jothena Halli
622534,218811,Magondi
622535,218811,Magondi
622536,218787,A.Jothena Halli
622537,218823,Yelesandra
622538,218809,Ketaganahalli
622539,218811,Magondi
622540,218809,Ketaganahalli
622541,218790,Budikote
622542,218787,A.Jothena Halli
622543,218787,A.Jothena Halli
622544,218787,A.Jothena Halli
622545,218787,A.Jothena Halli
622546,218787,A.Jothena Halli
622547,218787,A.Jothena Halli
622548,218787,A.Jothena Halli
622549,218790,Budikote
622550,218792,Chinna Kota
622551,218790,Budikote
622552,218790,Budikote
622553,218790,Budikote
622554,218790,Budikote
622555,218790,Budikote
622556,218823,Yelesandra
622557,218823,Yelesandra
622558,218823,Yelesandra
622559,218823,Yelesandra
622560,218790,Budikote
622561,218823,Yelesandra
622562,218816,Ramasagara
622563,218809,Ketaganahalli
622564,218809,Ketaganahalli
622565,218809,Ketaganahalli
622566,218823,Yelesandra
622567,218823,Yelesandra
622568,218823,Yelesandra
622569,218823,Yelesandra
622570,218790,Budikote
622571,218799,Gullahalli
622572,218823,Yelesandra
622573,218812,Marikuppam
622574,218823,Yelesandra
622575,218823,Yelesandra
622576,218823,Yelesandra
622577,218823,Yelesandra
622578,218788,Balamande
622579,218823,Yelesandra
622580,218799,Gullahalli
622581,218815,Paranda Halli
622582,218799,Gullahalli
622583,218799,Gullahalli
622584,218799,Gullahalli
622585,218799,Gullahalli
622586,218799,Gullahalli
622587,218799,Gullahalli
622588,218799,Gullahalli
622589,218788,Balamande
622590,218799,Gullahalli
622591,218788,Balamande
622592,218788,Balamande
622593,218788,Balamande
622594,218821,Thoppanahalli
622595,218788,Balamande
622596,218821,Thoppanahalli
622597,218821,Thoppanahalli
622598,218788,Balamande
622599,218809,Ketaganahalli
622600,218809,Ketaganahalli
622601,218809,Ketaganahalli
622602,218809,Ketaganahalli
622603,218809,Ketaganahalli
622604,218809,Ketaganahalli
622605,218809,Ketaganahalli
622606,218809,Ketaganahalli
622607,218809,Ketaganahalli
622608,218809,Ketaganahalli
622609,218809,Ketaganahalli
622610,218805,Kamasamudra
622611,218805,Kamasamudra
622612,218805,Kamasamudra
622613,218805,Kamasamudra
622614,218805,Kamasamudra
622615,218805,Kamasamudra
622616,218805,Kamasamudra
622617,218805,Kamasamudra
622618,218805,Kamasamudra
622619,218805,Kamasamudra
622620,218821,Thoppanahalli
622621,218821,Thoppanahalli
622622,218796,Donimadagu
622623,218796,Donimadagu
622624,218796,Donimadagu
622625,218796,Donimadagu
622626,218796,Donimadagu
622627,218796,Donimadagu
622628,218796,Donimadagu
622629,218796,Donimadagu
622630,218821,Thoppanahalli
622631,218821,Thoppanahalli
622632,218821,Thoppanahalli
622633,218821,Thoppanahalli
622634,218821,Thoppanahalli
622635,218821,Thoppanahalli
622636,218821,Thoppanahalli
622637,218821,Thoppanahalli
622638,218821,Thoppanahalli
622639,218821,Thoppanahalli
622640,218796,Donimadagu
622641,218796,Donimadagu
622642,218796,Donimadagu
622643,218796,Donimadagu
622644,218796,Donimadagu
622645,218796,Donimadagu
622646,218796,Donimadagu
622647,218813,Mava Halli
622648,218813,Mava Halli
622649,218813,Mava Halli
622650,218813,Mava Halli
622651,218813,Mava Halli
622652,218813,Mava Halli
622653,218802,Hunkunda
622654,218802,Hunkunda
622655,218802,Hunkunda
622656,218802,Hunkunda
622657,218802,Hunkunda
622658,218802,Hunkunda
622659,218802,Hunkunda
622660,218795,Doddur Karapanahally
622661,218808,Karahalli
622662,218806,Kammasandra
622663,218794,Doddavalagamadi
622664,218794,Doddavalagamadi
622665,218793,Kesaranahalli
622666,218794,Doddavalagamadi
622667,218794,Doddavalagamadi
622668,218794,Doddavalagamadi
622669,218794,Doddavalagamadi
622670,218794,Doddavalagamadi
622671,218794,Doddavalagamadi
622672,218794,Doddavalagamadi
622673,218797,Gatta Kamadena Hally
622674,218797,Gatta Kamadena Hally
622675,218797,Gatta Kamadena Hally
622676,218806,Kammasandra
622677,218806,Kammasandra
622678,218806,Kammasandra
622679,218806,Kammasandra
622680,218806,Kammasandra
622681,218815,Paranda Halli
622682,218798,Gatta Madamangala
622683,218812,Marikuppam
622684,218812,Marikuppam
622685,218812,Marikuppam
622686,218812,Marikuppam
622687,218812,Marikuppam
622688,218812,Marikuppam
622689,218812,Marikuppam
622690,218812,Marikuppam
622691,218812,Marikuppam
622692,218812,Marikuppam
622693,218812,Marikuppam
622694,218812,Marikuppam
622695,218798,Gatta Madamangala
622696,218798,Gatta Madamangala
622697,218802,Hunkunda
622698,218820,T Gollahalli
622699,218820,T Gollahalli
622700,218820,T Gollahalli
622701,218820,T Gollahalli
622702,218820,T Gollahalli
622703,218820,T Gollahalli
622704,218801,Hulkooru
622705,218801,Hulkooru
622706,218801,Hulkooru
622707,218801,Hulkooru
622708,218801,Hulkooru
622709,218801,Hulkooru
622710,218801,Hulkooru
622711,218820,T Gollahalli
622712,218820,T Gollahalli
622713,218820,T Gollahalli
622714,218802,Hunkunda
622715,218820,T Gollahalli
622716,218820,T Gollahalli
622717,218820,T Gollahalli
622718,218820,T Gollahalli
622719,218820,T Gollahalli
622720,218801,Hulkooru
622721,218801,Hulkooru
622722,218801,Hulkooru
622723,218801,Hulkooru
622724,218801,Hulkooru
622725,218819,Sundarapalya
622726,218816,Ramasagara
622727,218816,Ramasagara
622728,218816,Ramasagara
622729,218801,Hulkooru
622730,218801,Hulkooru
622731,218801,Hulkooru
622732,218806,Kammasandra
622733,218806,Kammasandra
622734,218806,Kammasandra
622735,218820,T Gollahalli
622736,218806,Kammasandra
622737,218806,Kammasandra
622738,218797,Gatta Kamadena Hally
622739,218806,Kammasandra
622740,218806,Kammasandra
622741,218806,Kammasandra
622742,218806,Kammasandra
622743,218806,Kammasandra
622744,218806,Kammasandra
622745,218806,Kammasandra
622746,218806,Kammasandra
622747,218806,Kammasandra
622748,218810,Kysamballi
622749,218807,Kangandlahalli
622750,218810,Kysamballi
622751,218815,Paranda Halli
622752,218815,Paranda Halli
622753,218815,Paranda Halli
622754,218799,Gullahalli
622755,218815,Paranda Halli
622756,218815,Paranda Halli
622757,218815,Paranda Halli
622758,218813,Mava Halli
622759,218812,Marikuppam
622760,218815,Paranda Halli
622761,218815,Paranda Halli
622762,218810,Kysamballi
622763,218815,Paranda Halli
622764,218819,Sundarapalya
622765,218819,Sundarapalya
622766,218819,Sundarapalya
622767,218822,Vengasandra
622768,218819,Sundarapalya
622769,218814,N.G.Hulkooru
622770,218814,N.G.Hulkooru
622771,218814,N.G.Hulkooru
622772,218814,N.G.Hulkooru
622773,218822,Vengasandra
622774,218819,Sundarapalya
622775,218819,Sundarapalya
622776,218816,Ramasagara
622777,218816,Ramasagara
622778,218816,Ramasagara
622779,218822,Vengasandra
622780,218822,Vengasandra
622781,218822,Vengasandra
622782,218814,N.G.Hulkooru
622783,218822,Vengasandra
622784,218814,N.G.Hulkooru
622785,218814,N.G.Hulkooru
622786,218814,N.G.Hulkooru
622787,218822,Vengasandra
622788,219004,Kurudamale
622789,218816,Ramasagara
622790,218816,Ramasagara
622791,218816,Ramasagara
622792,218807,Kangandlahalli
622793,218807,Kangandlahalli
622794,218810,Kysamballi
622795,218810,Kysamballi
622796,218810,Kysamballi
622797,218810,Kysamballi
622798,218810,Kysamballi
622799,218807,Kangandlahalli
622800,218820,T Gollahalli
622801,218807,Kangandlahalli
622802,218807,Kangandlahalli
622803,218807,Kangandlahalli
622804,218807,Kangandlahalli
622805,218807,Kangandlahalli
622806,218807,Kangandlahalli
622807,218818,Srinivasa Sandra
622808,218818,Srinivasa Sandra
622809,218818,Srinivasa Sandra
622810,218807,Kangandlahalli
622811,218807,Kangandlahalli
622812,218804,Jakkarasakuppa
622813,218807,Kangandlahalli
622814,218810,Kysamballi
622815,218810,Kysamballi
622816,218810,Kysamballi
622817,218812,Marikuppam
622818,218812,Marikuppam
622819,218812,Marikuppam
622820,218798,Gatta Madamangala
622821,218798,Gatta Madamangala
622822,218798,Gatta Madamangala
622823,218798,Gatta Madamangala
622824,218798,Gatta Madamangala
622825,218798,Gatta Madamangala
622826,218798,Gatta Madamangala
622827,218798,Gatta Madamangala
622828,218798,Gatta Madamangala
622829,218812,Marikuppam
622830,218804,Jakkarasakuppa
622831,218804,Jakkarasakuppa
622832,218804,Jakkarasakuppa
622833,218804,Jakkarasakuppa
622834,218804,Jakkarasakuppa
622835,218804,Jakkarasakuppa
622836,218818,Srinivasa Sandra
622837,218818,Srinivasa Sandra
622838,218818,Srinivasa Sandra
622839,218818,Srinivasa Sandra
622840,218818,Srinivasa Sandra
622841,218818,Srinivasa Sandra
622842,218818,Srinivasa Sandra
622843,218789,Bethamangala
622844,218795,Doddur Karapanahally
622845,218795,Doddur Karapanahally
622846,218792,Chinna Kota
622847,218792,Chinna Kota
622848,218792,Chinna Kota
622849,218988,Agara
622850,218988,Agara
622851,219000,H.Gollahalli
622852,219000,H.Gollahalli
622853,219000,H.Gollahalli
622854,219000,H.Gollahalli
622855,218998,Gudipalli
622856,219000,H.Gollahalli
622857,218988,Agara
622858,218988,Agara
622859,219000,H.Gollahalli
622860,218988,Agara
622861,218988,Agara
622862,219008,Mudiyanur
622863,219008,Mudiyanur
622864,219008,Mudiyanur
622865,219008,Mudiyanur
622866,219008,Mudiyanur
622867,219008,Mudiyanur
622868,219008,Mudiyanur
622869,219004,Kurudamale
622870,219004,Kurudamale
622871,219000,H.Gollahalli
622872,219000,H.Gollahalli
622873,219000,H.Gollahalli
622874,219000,H.Gollahalli
622875,218990,Amblikal
622876,218990,Amblikal
622877,218990,Amblikal
622878,218990,Amblikal
622879,218990,Amblikal
622880,219000,H.Gollahalli
622881,219004,Kurudamale
622882,219004,Kurudamale
622883,219004,Kurudamale
622884,219008,Mudiyanur
622885,219008,Mudiyanur
622886,219008,Mudiyanur
622887,219017,Uttanur
622888,219017,Uttanur
622889,219017,Uttanur
622890,219017,Uttanur
622891,219017,Uttanur
622892,219017,Uttanur
622893,219001,Hanumanahalli
622894,219001,Hanumanahalli
622895,219001,Hanumanahalli
622896,219001,Hanumanahalli
622897,219001,Hanumanahalli
622898,219001,Hanumanahalli
622899,219001,Hanumanahalli
622900,219001,Hanumanahalli
622901,219017,Uttanur
622902,219017,Uttanur
622903,219008,Mudiyanur
622904,219017,Uttanur
622905,219017,Uttanur
622906,219017,Uttanur
622907,219008,Mudiyanur
622908,219017,Uttanur
622909,219017,Uttanur
622910,219001,Hanumanahalli
622911,219001,Hanumanahalli
622912,219001,Hanumanahalli
622913,218995,Devarayasamudra
622914,218993,Balla
622915,218992,Avani
622916,218993,Balla
622917,218995,Devarayasamudra
622918,218995,Devarayasamudra
622919,218995,Devarayasamudra
622920,218995,Devarayasamudra
622921,218995,Devarayasamudra
622922,218995,Devarayasamudra
622923,218995,Devarayasamudra
622924,218992,Avani
622925,218993,Balla
622926,218993,Balla
622927,218993,Balla
622928,218993,Balla
622929,218993,Balla
622930,218993,Balla
622931,218993,Balla
622932,218993,Balla
622933,218993,Balla
622934,218993,Balla
622935,218992,Avani
622936,219016,Urukuntemittur
622937,218992,Avani
622938,218995,Devarayasamudra
622939,218995,Devarayasamudra
622940,218995,Devarayasamudra
622941,219016,Urukuntemittur
622942,218995,Devarayasamudra
622943,219016,Urukuntemittur
622944,219016,Urukuntemittur
622945,219016,Urukuntemittur
622946,219016,Urukuntemittur
622947,219016,Urukuntemittur
622948,219016,Urukuntemittur
622949,219016,Urukuntemittur
622950,218991,Angondahalli
622951,218991,Angondahalli
622952,218991,Angondahalli
622953,218993,Balla
622954,218997,Emmenatha
622955,218997,Emmenatha
622956,218997,Emmenatha
622957,219013,Sonnavadi
622958,219013,Sonnavadi
622959,219013,Sonnavadi
622960,218997,Emmenatha
622961,218997,Emmenatha
622962,219014,Tayalur
622963,219014,Tayalur
622964,218997,Emmenatha
622965,218997,Emmenatha
622966,218997,Emmenatha
622967,218997,Emmenatha
622968,218997,Emmenatha
622969,218991,Angondahalli
622970,218991,Angondahalli
622971,219016,Urukuntemittur
622972,219016,Urukuntemittur
622973,219016,Urukuntemittur
622974,218991,Angondahalli
622975,218991,Angondahalli
622976,218991,Angondahalli
622977,218991,Angondahalli
622978,218991,Angondahalli
622979,218997,Emmenatha
622980,218991,Angondahalli
622981,218997,Emmenatha
622982,219006,Mothakapalli
622983,218994,Byrakur
622984,218990,Amblikal
622985,218990,Amblikal
622986,218990,Amblikal
622987,218990,Amblikal
622988,219003,Kappalamadugu
622989,218990,Amblikal
622990,219004,Kurudamale
622991,219003,Kappalamadugu
622992,219004,Kurudamale
622993,219003,Kappalamadugu
622994,219003,Kappalamadugu
622995,219003,Kappalamadugu
622996,219003,Kappalamadugu
622997,219003,Kappalamadugu
622998,219003,Kappalamadugu
622999,218989,Alangur
623000,218989,Alangur
623001,218989,Alangur
623002,218989,Alangur
623003,218989,Alangur
623004,218989,Alangur
623005,218989,Alangur
623006,219013,Sonnavadi
623007,219011,Pichaguntlahalli
623008,219003,Kappalamadugu
623009,219003,Kappalamadugu
623010,219004,Kurudamale
623011,219004,Kurudamale
623012,219004,Kurudamale
623013,219013,Sonnavadi
623014,219004,Kurudamale
623015,218993,Balla
623016,218989,Alangur
623017,219013,Sonnavadi
623018,219011,Pichaguntlahalli
623019,219011,Pichaguntlahalli
623020,219011,Pichaguntlahalli
623021,219011,Pichaguntlahalli
623022,218989,Alangur
623023,218989,Alangur
623024,218989,Alangur
623025,218989,Alangur
623026,219011,Pichaguntlahalli
623027,219011,Pichaguntlahalli
623028,219011,Pichaguntlahalli
623029,219011,Pichaguntlahalli
623030,219011,Pichaguntlahalli
623031,219011,Pichaguntlahalli
623032,219011,Pichaguntlahalli
623033,219011,Pichaguntlahalli
623034,219013,Sonnavadi
623035,219013,Sonnavadi
623036,219013,Sonnavadi
623037,219013,Sonnavadi
623038,218998,Gudipalli
623039,218998,Gudipalli
623040,218998,Gudipalli
623041,218998,Gudipalli
623042,218998,Gudipalli
623043,219012,Rajendrahalli
623044,219012,Rajendrahalli
623045,219012,Rajendrahalli
623046,219012,Rajendrahalli
623047,219012,Rajendrahalli
623048,219012,Rajendrahalli
623049,219012,Rajendrahalli
623050,219002,Hebbani
623051,219002,Hebbani
623052,219002,Hebbani
623053,219002,Hebbani
623054,219002,Hebbani
623055,219002,Hebbani
623056,219002,Hebbani
623057,219002,Hebbani
623058,219002,Hebbani
623059,219002,Hebbani
623060,219009,Mustur
623061,218994,Byrakur
623062,218994,Byrakur
623063,218994,Byrakur
623064,218994,Byrakur
623065,219012,Rajendrahalli
623066,219012,Rajendrahalli
623067,218998,Gudipalli
623068,218998,Gudipalli
623069,218998,Gudipalli
623070,218998,Gudipalli
623071,218998,Gudipalli
623072,218998,Gudipalli
623073,218994,Byrakur
623074,218994,Byrakur
623075,218994,Byrakur
623076,218998,Gudipalli
623077,219012,Rajendrahalli
623078,219012,Rajendrahalli
623079,218994,Byrakur
623080,218994,Byrakur
623081,218994,Byrakur
623082,218994,Byrakur
623083,218994,Byrakur
623084,219010,Nangli
623085,219009,Mustur
623086,219009,Mustur
623087,219009,Mustur
623088,219010,Nangli
623089,218994,Byrakur
623090,219010,Nangli
623091,219007,Mudigere
623092,219007,Mudigere
623093,219007,Mudigere
623094,219007,Mudigere
623095,219007,Mudigere
623096,219007,Mudigere
623097,219007,Mudigere
623098,219007,Mudigere
623099,219007,Mudigere
623100,219007,Mudigere
623101,219007,Mudigere
623102,219007,Mudigere
623103,219007,Mudigere
623104,219007,Mudigere
623105,219007,Mudigere
623106,219007,Mudigere
623107,219007,Mudigere
623108,219007,Mudigere
623109,219007,Mudigere
623110,218999,Gummakal
623111,218989,Alangur
623112,218999,Gummakal
623113,218999,Gummakal
623114,218999,Gummakal
623115,218999,Gummakal
623116,218999,Gummakal
623117,218999,Gummakal
623118,218999,Gummakal
623119,218999,Gummakal
623120,218999,Gummakal
623121,219011,Pichaguntlahalli
623122,218999,Gummakal
623123,218999,Gummakal
623124,218999,Gummakal
623125,219011,Pichaguntlahalli
623126,219011,Pichaguntlahalli
623127,219011,Pichaguntlahalli
623128,219011,Pichaguntlahalli
623129,219011,Pichaguntlahalli
623130,219005,Mallanayakanahalli
623131,219005,Mallanayakanahalli
623132,219011,Pichaguntlahalli
623133,218999,Gummakal
623134,218999,Gummakal
623135,218999,Gummakal
623136,218999,Gummakal
623137,219015,Thimmaravuthanahalli
623138,219005,Mallanayakanahalli
623139,219005,Mallanayakanahalli
623140,219005,Mallanayakanahalli
623141,219005,Mallanayakanahalli
623142,219005,Mallanayakanahalli
623143,219005,Mallanayakanahalli
623144,219005,Mallanayakanahalli
623145,219005,Mallanayakanahalli
623146,219005,Mallanayakanahalli
623147,219005,Mallanayakanahalli
623148,219015,Thimmaravuthanahalli
623149,219015,Thimmaravuthanahalli
623150,219015,Thimmaravuthanahalli
623151,219015,Thimmaravuthanahalli
623152,219015,Thimmaravuthanahalli
623153,219015,Thimmaravuthanahalli
623154,219015,Thimmaravuthanahalli
623155,219015,Thimmaravuthanahalli
623156,219015,Thimmaravuthanahalli
623157,219015,Thimmaravuthanahalli
623158,219015,Thimmaravuthanahalli
623159,219015,Thimmaravuthanahalli
623160,219015,Thimmaravuthanahalli
623161,219015,Thimmaravuthanahalli
623162,219015,Thimmaravuthanahalli
623163,219015,Thimmaravuthanahalli
623164,219015,Thimmaravuthanahalli
623165,219015,Thimmaravuthanahalli
623166,219014,Tayalur
623167,219014,Tayalur
623168,218996,Dhoolappalli
623169,218996,Dhoolappalli
623170,218996,Dhoolappalli
623171,218996,Dhoolappalli
623172,218996,Dhoolappalli
623173,219014,Tayalur
623174,219006,Mothakapalli
623175,219014,Tayalur
623176,219006,Mothakapalli
623177,219006,Mothakapalli
623178,219006,Mothakapalli
623179,219006,Mothakapalli
623180,219006,Mothakapalli
623181,219006,Mothakapalli
623182,219006,Mothakapalli
623183,219006,Mothakapalli
623184,219006,Mothakapalli
623185,219006,Mothakapalli
623186,219006,Mothakapalli
623187,219006,Mothakapalli
623188,219006,Mothakapalli
623189,218996,Dhoolappalli
623190,218996,Dhoolappalli
623191,218996,Dhoolappalli
623192,218912,Ramapura
623193,218912,Ramapura
623194,218912,Ramapura
623195,218912,Ramapura
623196,218898,Idagur
623197,218912,Ramapura
623198,218902,Kurudi
623199,218902,Kurudi
623200,218907,Muddalodu
623201,218902,Kurudi
623202,218902,Kurudi
623203,218902,Kurudi
623204,218912,Ramapura
623205,218912,Ramapura
623207,218906,Mudagere
623208,218906,Mudagere
623209,218896,Hosur
623210,218911,Pura
623211,218913,Sonaganahalli
623212,218913,Sonaganahalli
623214,218913,Sonaganahalli
623215,218913,Sonaganahalli
623216,218906,Mudagere
623217,218891,Gedare
623218,218906,Mudagere
623219,218891,Gedare
623220,218891,Gedare
623221,218891,Gedare
623222,218891,Gedare
623223,218913,Sonaganahalli
623224,218913,Sonaganahalli
623225,218913,Sonaganahalli
623226,218914,Taridalu
623227,218913,Sonaganahalli
623228,218891,Gedare
623229,218891,Gedare
623230,218883,Bevinahalli
623231,218893,Halaganahalli
623232,218893,Halaganahalli
623233,218893,Halaganahalli
623234,218887,Doddakurugodu
623235,218887,Doddakurugodu
623236,218887,Doddakurugodu
623237,218884,Bychapura
623238,218899,Jarabandanahalli
623239,218884,Bychapura
623240,218884,Bychapura
623241,218884,Bychapura
623242,218884,Bychapura
623243,218909,Nakkalahalli
623245,218885,Chikkakurugodu
623246,218885,Chikkakurugodu
623247,218887,Doddakurugodu
623248,218916,Vatadahosahalli
623249,218887,Doddakurugodu
623250,218898,Idagur
623251,218900,Kadalaveni
623252,218890,Gangasandra
623253,218885,Chikkakurugodu
623254,218890,Gangasandra
623255,218885,Chikkakurugodu
623256,218890,Gangasandra
623257,218895,Kurubarahally
623259,218900,Kadalaveni
623260,218900,Kadalaveni
623261,218900,Kadalaveni
623262,218900,Kadalaveni
623263,218888,G. Bommsandra
623265,218895,Kurubarahally
623266,218895,Kurubarahally
623267,218895,Kurubarahally
623268,218895,Kurubarahally
623269,218890,Gangasandra
623270,218890,Gangasandra
623271,218904,Melya
623272,218904,Melya
623273,218904,Melya
623274,218904,Melya
623275,218907,Muddalodu
623276,218907,Muddalodu
623277,218907,Muddalodu
623278,218908,Nagaragere
623279,218908,Nagaragere
623280,218908,Nagaragere
623281,218908,Nagaragere
623282,218908,Nagaragere
623283,218908,Nagaragere
623284,218908,Nagaragere
623285,218908,Nagaragere
623286,218889,G. Kothur
623288,218916,Vatadahosahalli
623289,218916,Vatadahosahalli
623290,218916,Vatadahosahalli
623291,218907,Muddalodu
623292,218907,Muddalodu
623293,218909,Nakkalahalli
623294,218909,Nakkalahalli
623295,218909,Nakkalahalli
623296,218909,Nakkalahalli
623297,218907,Muddalodu
623298,218916,Vatadahosahalli
623299,218916,Vatadahosahalli
623300,218916,Vatadahosahalli
623301,218916,Vatadahosahalli
623302,218889,G. Kothur
623303,218889,G. Kothur
623304,218889,G. Kothur
623305,218889,G. Kothur
623306,218889,G. Kothur
623307,218916,Vatadahosahalli
623308,218916,Vatadahosahalli
623309,218916,Vatadahosahalli
623310,218897,Hudagur
623311,218909,Nakkalahalli
623312,218884,Bychapura
623313,218897,Hudagur
623314,218909,Nakkalahalli
623315,218909,Nakkalahalli
623316,218909,Nakkalahalli
623317,218886,Darinayakanapalya
623318,218886,Darinayakanapalya
623319,218886,Darinayakanapalya
623320,218886,Darinayakanapalya
623321,218886,Darinayakanapalya
623323,218886,Darinayakanapalya
623324,218886,Darinayakanapalya
623325,218886,Darinayakanapalya
623326,218897,Hudagur
623327,218897,Hudagur
623328,218886,Darinayakanapalya
623329,218897,Hudagur
623330,218910,Namagondlu
623331,218910,Namagondlu
623333,218882,B.Bommasandra
623334,218897,Hudagur
623336,218882,B.Bommasandra
623338,218910,Namagondlu
623339,218910,Namagondlu
623340,218910,Namagondlu
623341,218910,Namagondlu
623342,218910,Namagondlu
623343,218910,Namagondlu
623344,218910,Namagondlu
623345,218910,Namagondlu
623346,218888,G. Bommsandra
623347,218888,G. Bommsandra
623348,218880,Alakapura
623349,218880,Alakapura
623350,218880,Alakapura
623351,218880,Alakapura
623352,218880,Alakapura
623353,218888,G. Bommsandra
623354,218888,G. Bommsandra
623355,218883,Bevinahalli
623356,218883,Bevinahalli
623358,218914,Taridalu
623359,218914,Taridalu
623360,218886,Darinayakanapalya
623361,218914,Taridalu
623362,218914,Taridalu
623363,218914,Taridalu
623364,218914,Taridalu
623365,218883,Bevinahalli
623367,218883,Bevinahalli
623368,218899,Jarabandanahalli
623369,218883,Bevinahalli
623370,218901,Kallinayakanahalli
623371,218901,Kallinayakanahalli
623372,218901,Kallinayakanahalli
623373,218901,Kallinayakanahalli
623374,218901,Kallinayakanahalli
623375,218915,Thondebavi
623376,218915,Thondebavi
623378,218915,Thondebavi
623379,218880,Alakapura
623380,218915,Thondebavi
623381,218915,Thondebavi
623382,218901,Kallinayakanahalli
623383,218911,Pura
623384,218911,Pura
623385,218911,Pura
623386,218885,Chikkakurugodu
623387,218911,Pura
623388,218911,Pura
623390,218911,Pura
623391,218911,Pura
623392,218905,Minakanagurki
623393,218911,Pura
623394,218911,Pura
623395,218899,Jarabandanahalli
623396,218905,Minakanagurki
623397,218899,Jarabandanahalli
623398,218899,Jarabandanahalli
623399,218899,Jarabandanahalli
623400,218899,Jarabandanahalli
623401,218899,Jarabandanahalli
623402,218899,Jarabandanahalli
623403,218899,Jarabandanahalli
623404,218884,Bychapura
623405,218899,Jarabandanahalli
623406,218899,Jarabandanahalli
623407,218905,Minakanagurki
623408,218905,Minakanagurki
623409,218905,Minakanagurki
623410,218905,Minakanagurki
623411,218903,Manchenahalli
623412,218905,Minakanagurki
623413,218892,Gowdagere
623414,218892,Gowdagere
623415,218892,Gowdagere
623416,218892,Gowdagere
623417,218905,Minakanagurki
623418,218892,Gowdagere
623419,272731,Shyampura
623420,218892,Gowdagere
623421,218894,Halehalli
623422,218894,Halehalli
623423,218894,Halehalli
623424,218894,Halehalli
623425,272731,Shyampura
623426,272731,Shyampura
623427,272731,Shyampura
623428,272731,Shyampura
623431,218835,Kammaguttahalli
623432,218835,Kammaguttahalli
623433,218835,Kammaguttahalli
623434,218835,Kammaguttahalli
623435,218835,Kammaguttahalli
623436,218835,Kammaguttahalli
623437,218835,Kammaguttahalli
623438,218835,Kammaguttahalli
623440,218835,Kammaguttahalli
623441,218835,Kammaguttahalli
623442,218829,Dibburu
623443,218835,Kammaguttahalli
623444,218835,Kammaguttahalli
623445,218835,Kammaguttahalli
623446,218835,Kammaguttahalli
623447,218835,Kammaguttahalli
623448,218835,Kammaguttahalli
623449,218827,Aruuru
623450,218835,Kammaguttahalli
623451,218835,Kammaguttahalli
623452,218839,Mandikal
623453,218827,Aruuru
623454,218827,Aruuru
623455,218843,Peresandra
623456,218843,Peresandra
623457,218843,Peresandra
623458,218831,Doddapayalagurki
623459,218831,Doddapayalagurki
623460,218831,Doddapayalagurki
623461,218831,Doddapayalagurki
623462,218831,Doddapayalagurki
623463,218831,Doddapayalagurki
623464,218843,Peresandra
623465,218843,Peresandra
623466,218827,Aruuru
623467,218827,Aruuru
623468,218827,Aruuru
623469,218839,Mandikal
623470,218839,Mandikal
623471,218839,Mandikal
623472,218839,Mandikal
623473,218839,Mandikal
623475,218839,Mandikal
623478,218832,Gollahalli
623479,218839,Mandikal
623480,218839,Mandikal
623482,218839,Mandikal
623483,218839,Mandikal
623484,272729,Addagallu
623485,272729,Addagallu
623486,218839,Mandikal
623487,218839,Mandikal
623488,272729,Addagallu
623489,272729,Addagallu
623490,272729,Addagallu
623491,218832,Gollahalli
623492,218832,Gollahalli
623493,218832,Gollahalli
623494,272729,Addagallu
623495,272729,Addagallu
623496,218840,Muddena Halli
623497,218831,Doddapayalagurki
623498,218831,Doddapayalagurki
623499,218831,Doddapayalagurki
623500,218831,Doddapayalagurki
623501,218831,Doddapayalagurki
623502,218831,Doddapayalagurki
623503,218832,Gollahalli
623504,218832,Gollahalli
623505,218831,Doddapayalagurki
623506,218831,Doddapayalagurki
623507,218831,Doddapayalagurki
623508,218831,Doddapayalagurki
623509,218829,Dibburu
623510,218831,Doddapayalagurki
623511,218831,Doddapayalagurki
623512,218831,Doddapayalagurki
623513,218832,Gollahalli
623514,218832,Gollahalli
623515,218832,Gollahalli
623516,218832,Gollahalli
623517,218832,Gollahalli
623518,218844,Poshottahalli
623519,218832,Gollahalli
623520,218828,Avagurki
623521,218828,Avagurki
623522,218832,Gollahalli
623523,218833,Harobande
623524,218831,Doddapayalagurki
623525,218832,Gollahalli
623526,218831,Doddapayalagurki
623527,218835,Kammaguttahalli
623528,218829,Dibburu
623529,218829,Dibburu
623530,218829,Dibburu
623531,218829,Dibburu
623532,218829,Dibburu
623533,218829,Dibburu
623534,218829,Dibburu
623535,218833,Harobande
623536,218831,Doddapayalagurki
623537,218833,Harobande
623538,218833,Harobande
623539,218833,Harobande
623540,218828,Avagurki
623541,218828,Avagurki
623542,218828,Avagurki
623543,218828,Avagurki
623544,218845,Thippanahalli
623545,218845,Thippanahalli
623546,218845,Thippanahalli
623547,218845,Thippanahalli
623548,218845,Thippanahalli
623549,218845,Thippanahalli
623550,218824,Agalagurki
623551,218840,Muddena Halli
623552,218845,Thippanahalli
623553,218828,Avagurki
623554,218845,Thippanahalli
623555,218865,Mitta Halli
623556,218833,Harobande
623557,218828,Avagurki
623558,218833,Harobande
623559,218833,Harobande
623560,218838,Manchana Bele
623561,218838,Manchana Bele
623562,218838,Manchana Bele
623563,218842,Patrena Halli
623565,218824,Agalagurki
623566,218842,Patrena Halli
623567,218842,Patrena Halli
623568,218842,Patrena Halli
623569,218838,Manchana Bele
623570,218838,Manchana Bele
623571,218838,Manchana Bele
623572,218838,Manchana Bele
623573,218833,Harobande
623574,218829,Dibburu
623575,218829,Dibburu
623576,218829,Dibburu
623577,218829,Dibburu
623578,218826,Angarekhanahalli
623579,218829,Dibburu
623580,218826,Angarekhanahalli
623581,218826,Angarekhanahalli
623582,218826,Angarekhanahalli
623583,218826,Angarekhanahalli
623584,218826,Angarekhanahalli
623585,218826,Angarekhanahalli
623586,218826,Angarekhanahalli
623587,218826,Angarekhanahalli
623588,218844,Poshottahalli
623589,218844,Poshottahalli
623590,218844,Poshottahalli
623591,218844,Poshottahalli
623592,218844,Poshottahalli
623593,218844,Poshottahalli
623594,218844,Poshottahalli
623595,218832,Gollahalli
623596,218844,Poshottahalli
623597,218840,Muddena Halli
623598,218844,Poshottahalli
623599,218844,Poshottahalli
623600,218844,Poshottahalli
623601,218844,Poshottahalli
623602,218844,Poshottahalli
623603,218840,Muddena Halli
623604,218840,Muddena Halli
623605,218844,Poshottahalli
623606,218840,Muddena Halli
623607,218840,Muddena Halli
623608,218840,Muddena Halli
623609,218840,Muddena Halli
623610,272729,Addagallu
623611,218840,Muddena Halli
623612,218840,Muddena Halli
623613,218840,Muddena Halli
623614,218837,Kuppa Halli
623615,218840,Muddena Halli
623616,218840,Muddena Halli
623618,218841,Nandi
623619,218841,Nandi
623620,218841,Nandi
623621,218841,Nandi
623622,218837,Kuppa Halli
623623,218837,Kuppa Halli
623624,218837,Kuppa Halli
623625,218841,Nandi
623626,218837,Kuppa Halli
623627,218840,Muddena Halli
623628,218837,Kuppa Halli
623629,218837,Kuppa Halli
623630,218830,Doddamarali
623631,218830,Doddamarali
623632,218830,Doddamarali
623633,218830,Doddamarali
623634,218830,Doddamarali
623635,218830,Doddamarali
623636,218830,Doddamarali
623637,218837,Kuppa Halli
623638,218837,Kuppa Halli
623639,218824,Agalagurki
623640,218824,Agalagurki
623641,218825,Ajjiwara
623642,218824,Agalagurki
623643,218824,Agalagurki
623644,218830,Doddamarali
623645,218836,Kondenahalli
623646,218836,Kondenahalli
623647,218836,Kondenahalli
623648,218836,Kondenahalli
623649,218824,Agalagurki
623650,218836,Kondenahalli
623651,218825,Ajjiwara
623652,218825,Ajjiwara
623653,218842,Patrena Halli
623654,218842,Patrena Halli
623655,218842,Patrena Halli
623656,218842,Patrena Halli
623657,218825,Ajjiwara
623658,218825,Ajjiwara
623659,218825,Ajjiwara
623660,218825,Ajjiwara
623661,218836,Kondenahalli
623662,218836,Kondenahalli
623663,218836,Kondenahalli
623664,218836,Kondenahalli
623665,218834,Hosa Hudya
623666,218834,Hosa Hudya
623667,218834,Hosa Hudya
623668,218834,Hosa Hudya
623669,218825,Ajjiwara
623670,218825,Ajjiwara
623671,218825,Ajjiwara
623672,218834,Hosa Hudya
623673,218834,Hosa Hudya
623674,218834,Hosa Hudya
623675,218834,Hosa Hudya
623676,218834,Hosa Hudya
623677,218826,Angarekhanahalli
623678,218834,Hosa Hudya
623679,218834,Hosa Hudya
623680,218834,Hosa Hudya
623681,218834,Hosa Hudya
623682,218923,Yellod
623683,218923,Yellod
623684,218923,Yellod
623685,218923,Yellod
623686,218918,Hampasandra
623687,218923,Yellod
623688,218923,Yellod
623689,218923,Yellod
623690,218918,Hampasandra
623691,218918,Hampasandra
623692,218918,Hampasandra
623693,218918,Hampasandra
623694,218918,Hampasandra
623695,218918,Hampasandra
623696,218918,Hampasandra
623697,218918,Hampasandra
623698,218918,Hampasandra
623699,218918,Hampasandra
623700,218918,Hampasandra
623701,218918,Hampasandra
623702,272732,Dapparti
623703,218921,Ullodu
623704,272732,Dapparti
623705,272732,Dapparti
623706,272732,Dapparti
623707,272732,Dapparti
623708,272732,Dapparti
623709,218921,Ullodu
623710,218921,Ullodu
623711,272732,Dapparti
623713,218921,Ullodu
623714,218921,Ullodu
623715,218921,Ullodu
623716,218921,Ullodu
623717,218921,Ullodu
623718,218921,Ullodu
623719,218921,Ullodu
623720,218921,Ullodu
623721,218921,Ullodu
623722,272732,Dapparti
623723,272732,Dapparti
623724,218921,Ullodu
623725,218921,Ullodu
623726,218921,Ullodu
623727,218921,Ullodu
623728,218921,Ullodu
623729,218921,Ullodu
623730,218921,Ullodu
623731,218917,Beechaganahally
623732,218918,Hampasandra
623733,218918,Hampasandra
623734,218918,Hampasandra
623735,218920,Tirumani
623736,218920,Tirumani
623737,218920,Tirumani
623738,218920,Tirumani
623739,218920,Tirumani
623740,218920,Tirumani
623741,218917,Beechaganahally
623742,218917,Beechaganahally
623743,218917,Beechaganahally
623744,218917,Beechaganahally
623745,218917,Beechaganahally
623746,218917,Beechaganahally
623747,218920,Tirumani
623748,218920,Tirumani
623749,218920,Tirumani
623750,218919,Somenahalli
623751,218919,Somenahalli
623752,218919,Somenahalli
623753,218919,Somenahalli
623754,218919,Somenahalli
623755,218919,Somenahalli
623756,218919,Somenahalli
623757,218919,Somenahalli
623758,218919,Somenahalli
623759,218920,Tirumani
623760,218920,Tirumani
623761,218922,Varlakonda
623762,218922,Varlakonda
623763,218917,Beechaganahally
623764,218917,Beechaganahally
623765,218917,Beechaganahally
623766,218917,Beechaganahally
623767,218917,Beechaganahally
623768,218922,Varlakonda
623769,218917,Beechaganahally
623770,218922,Varlakonda
623771,218922,Varlakonda
623772,218922,Varlakonda
623773,218922,Varlakonda
623774,218922,Varlakonda
623775,218922,Varlakonda
623776,218922,Varlakonda
623777,218922,Varlakonda
623778,218922,Varlakonda
623779,218922,Varlakonda
623780,218922,Varlakonda
623781,218919,Somenahalli
623782,218922,Varlakonda
623783,218919,Somenahalli
623784,218919,Somenahalli
623785,218919,Somenahalli
623786,218919,Somenahalli
623787,218772,Kothakote
623788,218772,Kothakote
623789,218772,Kothakote
623790,218772,Kothakote
623791,218772,Kothakote
623792,218772,Kothakote
623793,218772,Kothakote
623794,218772,Kothakote
623795,218773,Marganukunte
623796,218773,Marganukunte
623797,218773,Marganukunte
623798,218773,Marganukunte
623799,218770,Joolapalya
623800,218773,Marganukunte
623801,218768,Gorthapalli
623802,218768,Gorthapalli
623803,218768,Gorthapalli
623804,218768,Gorthapalli
623805,218784,Thimamapalli
623806,218784,Thimamapalli
623807,218782,Racheravu
623808,218784,Thimamapalli
623809,218784,Thimamapalli
623810,218784,Thimamapalli
623811,218771,Kanagamakala Palli
623812,218769,Gulur
623813,218773,Marganukunte
623814,218773,Marganukunte
623815,218769,Gulur
623816,218776,Nallappareddy Palli
623817,218767,Ghantumvaripalli
623818,218776,Nallappareddy Palli
623819,218769,Gulur
623820,218776,Nallappareddy Palli
623821,218776,Nallappareddy Palli
623822,218766,Devaragudipalli
623823,218776,Nallappareddy Palli
623824,218769,Gulur
623825,218784,Thimamapalli
623826,218784,Thimamapalli
623827,218784,Thimamapalli
623828,218784,Thimamapalli
623829,218784,Thimamapalli
623830,218767,Ghantumvaripalli
623831,218767,Ghantumvaripalli
623832,218767,Ghantumvaripalli
623833,218767,Ghantumvaripalli
623834,218767,Ghantumvaripalli
623835,218767,Ghantumvaripalli
623836,218767,Ghantumvaripalli
623837,218767,Ghantumvaripalli
623838,218767,Ghantumvaripalli
623839,218767,Ghantumvaripalli
623840,218767,Ghantumvaripalli
623841,218767,Ghantumvaripalli
623842,218767,Ghantumvaripalli
623843,218776,Nallappareddy Palli
623844,218766,Devaragudipalli
623845,218766,Devaragudipalli
623847,218767,Ghantumvaripalli
623848,218767,Ghantumvaripalli
623849,218779,Paragodu
623850,218779,Paragodu
623851,218766,Devaragudipalli
623852,218779,Paragodu
623853,218779,Paragodu
623854,218779,Paragodu
623855,218779,Paragodu
623856,218779,Paragodu
623857,218766,Devaragudipalli
623858,218775,Nallagutlapalli
623859,218766,Devaragudipalli
623860,218766,Devaragudipalli
623861,218766,Devaragudipalli
623862,218784,Thimamapalli
623863,218766,Devaragudipalli
623864,218786,Yellampalli
623865,218786,Yellampalli
623866,218766,Devaragudipalli
623867,218766,Devaragudipalli
623868,218786,Yellampalli
623869,218786,Yellampalli
623870,218784,Thimamapalli
623871,218786,Yellampalli
623872,218786,Yellampalli
623873,218786,Yellampalli
623874,218786,Yellampalli
623875,218786,Yellampalli
623876,218766,Devaragudipalli
623877,218786,Yellampalli
623878,218771,Kanagamakala Palli
623879,218771,Kanagamakala Palli
623880,218771,Kanagamakala Palli
623881,218771,Kanagamakala Palli
623882,218771,Kanagamakala Palli
623883,218774,Mittemari
623884,218771,Kanagamakala Palli
623885,218771,Kanagamakala Palli
623886,218771,Kanagamakala Palli
623887,218771,Kanagamakala Palli
623888,218771,Kanagamakala Palli
623889,218786,Yellampalli
623890,218771,Kanagamakala Palli
623891,218771,Kanagamakala Palli
623892,218774,Mittemari
623893,218774,Mittemari
623894,218774,Mittemari
623895,218774,Mittemari
623896,218774,Mittemari
623897,218770,Joolapalya
623898,218770,Joolapalya
623899,218770,Joolapalya
623900,218770,Joolapalya
623901,272728,Polinayakanapalli
623902,218775,Nallagutlapalli
623903,218770,Joolapalya
623904,218770,Joolapalya
623905,218770,Joolapalya
623906,218770,Joolapalya
623907,218770,Joolapalya
623908,218770,Joolapalya
623909,272728,Polinayakanapalli
623910,218773,Marganukunte
623911,272728,Polinayakanapalli
623912,272728,Polinayakanapalli
623913,272728,Polinayakanapalli
623914,272728,Polinayakanapalli
623915,272728,Polinayakanapalli
623916,272728,Polinayakanapalli
623917,218785,Thollapalli
623918,218780,Pathapalya
623919,218785,Thollapalli
623920,218785,Thollapalli
623921,218785,Thollapalli
623922,218763,Billur
623923,218763,Billur
623924,218763,Billur
623925,218763,Billur
623926,218763,Billur
623927,218763,Billur
623928,218763,Billur
623929,218763,Billur
623930,218763,Billur
623931,218763,Billur
623932,218763,Billur
623933,218763,Billur
623934,218782,Racheravu
623935,218764,Chakavelu
623936,218782,Racheravu
623937,218777,Naremuddepalli
623938,218763,Billur
623939,218777,Naremuddepalli
623940,218777,Naremuddepalli
623941,218777,Naremuddepalli
623942,218777,Naremuddepalli
623943,218777,Naremuddepalli
623944,218782,Racheravu
623945,218785,Thollapalli
623946,218785,Thollapalli
623947,218780,Pathapalya
623948,218780,Pathapalya
623949,218780,Pathapalya
623950,218780,Pathapalya
623951,218780,Pathapalya
623952,218783,Somanathapura
623953,218783,Somanathapura
623954,218783,Somanathapura
623955,218785,Thollapalli
623956,218783,Somanathapura
623957,218783,Somanathapura
623958,218777,Naremuddepalli
623959,218777,Naremuddepalli
623960,218777,Naremuddepalli
623961,218781,Puligallu
623962,218777,Naremuddepalli
623963,218783,Somanathapura
623964,218783,Somanathapura
623965,218783,Somanathapura
623966,218782,Racheravu
623967,218782,Racheravu
623968,218782,Racheravu
623969,218782,Racheravu
623970,218782,Racheravu
623971,218766,Devaragudipalli
623972,218782,Racheravu
623973,218782,Racheravu
623974,218781,Puligallu
623975,218782,Racheravu
623976,218764,Chakavelu
623977,218782,Racheravu
623978,218764,Chakavelu
623979,218764,Chakavelu
623980,218781,Puligallu
623981,218781,Puligallu
623982,218781,Puligallu
623983,218781,Puligallu
623984,218781,Puligallu
623985,218781,Puligallu
623986,218781,Puligallu
623987,218781,Puligallu
623988,218781,Puligallu
623989,218778,Palyakere
623990,218770,Joolapalya
623991,218775,Nallagutlapalli
623992,218775,Nallagutlapalli
623993,218775,Nallagutlapalli
623994,218775,Nallagutlapalli
623995,218783,Somanathapura
623996,218778,Palyakere
623997,218783,Somanathapura
623998,218783,Somanathapura
623999,218778,Palyakere
624000,218778,Palyakere
624001,218778,Palyakere
624002,218778,Palyakere
624003,218778,Palyakere
624004,218778,Palyakere
624005,218778,Palyakere
624006,218778,Palyakere
624007,218778,Palyakere
624008,218775,Nallagutlapalli
624009,218766,Devaragudipalli
624010,218775,Nallagutlapalli
624011,218765,Chelur
624012,218765,Chelur
624013,218765,Chelur
624014,272728,Polinayakanapalli
624015,218765,Chelur
624016,219038,S. Devaganahalli
624017,219039,Sadali
624018,219039,Sadali
624019,219039,Sadali
624020,219039,Sadali
624021,219043,Venkatapura
624022,219039,Sadali
624023,219041,Thimmsandra
624024,219041,Thimmsandra
624025,219041,Thimmsandra
624026,219041,Thimmsandra
624027,219041,Thimmsandra
624028,219041,Thimmsandra
624029,219042,Thummanahalli
624030,219041,Thimmsandra
624031,219041,Thimmsandra
624032,272733,Talakayalabetta
624033,219038,S. Devaganahalli
624034,219039,Sadali
624035,219039,Sadali
624036,219038,S. Devaganahalli
624037,219038,S. Devaganahalli
624038,219038,S. Devaganahalli
624039,219038,S. Devaganahalli
624040,219038,S. Devaganahalli
624041,219038,S. Devaganahalli
624042,219038,S. Devaganahalli
624043,219038,S. Devaganahalli
624044,219024,Dibburahalli
624045,219024,Dibburahalli
624046,219024,Dibburahalli
624047,219024,Dibburahalli
624048,219024,Dibburahalli
624049,219024,Dibburahalli
624050,219040,Thimmanayakana Halli
624051,219024,Dibburahalli
624052,272733,Talakayalabetta
624053,272733,Talakayalabetta
624054,272733,Talakayalabetta
624055,272733,Talakayalabetta
624056,219041,Thimmsandra
624057,219041,Thimmsandra
624058,219041,Thimmsandra
624059,219041,Thimmsandra
624060,272733,Talakayalabetta
624061,272733,Talakayalabetta
624062,272733,Talakayalabetta
624063,272733,Talakayalabetta
624064,219026,Ganjigunte
624065,219020,Basettyhalli
624066,219020,Basettyhalli
624067,219020,Basettyhalli
624068,219020,Basettyhalli
624069,219020,Basettyhalli
624070,219020,Basettyhalli
624071,219020,Basettyhalli
624072,219020,Basettyhalli
624073,219020,Basettyhalli
624074,219024,Dibburahalli
624075,219024,Dibburahalli
624076,219024,Dibburahalli
624077,219040,Thimmanayakana Halli
624078,219040,Thimmanayakana Halli
624079,219040,Thimmanayakana Halli
624080,219040,Thimmanayakana Halli
624081,219040,Thimmanayakana Halli
624082,219026,Ganjigunte
624083,219026,Ganjigunte
624084,219026,Ganjigunte
624085,219026,Ganjigunte
624086,219026,Ganjigunte
624087,219026,Ganjigunte
624088,219026,Ganjigunte
624089,219026,Ganjigunte
624090,219026,Ganjigunte
624091,219026,Ganjigunte
624092,219040,Thimmanayakana Halli
624093,219040,Thimmanayakana Halli
624094,219040,Thimmanayakana Halli
624095,219040,Thimmanayakana Halli
624096,219040,Thimmanayakana Halli
624097,219025,Doddateka Halli
624098,219025,Doddateka Halli
624099,219020,Basettyhalli
624100,219020,Basettyhalli
624101,219020,Basettyhalli
624102,219020,Basettyhalli
624103,219020,Basettyhalli
624104,219020,Basettyhalli
624105,219020,Basettyhalli
624106,219020,Basettyhalli
624107,219020,Basettyhalli
624108,219020,Basettyhalli
624109,219025,Doddateka Halli
624110,219025,Doddateka Halli
624111,219037,Palicherlu
624112,219037,Palicherlu
624113,219018,Ablodu
624114,219025,Doddateka Halli
624115,219025,Doddateka Halli
624116,219025,Doddateka Halli
624117,219020,Basettyhalli
624118,219020,Basettyhalli
624119,219020,Basettyhalli
624120,219020,Basettyhalli
624122,219020,Basettyhalli
624123,219025,Doddateka Halli
624124,219025,Doddateka Halli
624125,219025,Doddateka Halli
624126,219037,Palicherlu
624127,219037,Palicherlu
624128,219037,Palicherlu
624129,219037,Palicherlu
624130,219025,Doddateka Halli
624131,219037,Palicherlu
624132,219032,Kundalagurki
624133,219040,Thimmanayakana Halli
624134,219040,Thimmanayakana Halli
624135,219026,Ganjigunte
624136,219035,Melur
624137,219026,Ganjigunte
624138,219026,Ganjigunte
624139,219026,Ganjigunte
624140,219026,Ganjigunte
624141,219018,Ablodu
624142,219018,Ablodu
624143,219018,Ablodu
624144,219018,Ablodu
624145,219018,Ablodu
624146,219018,Ablodu
624147,219037,Palicherlu
624148,219037,Palicherlu
624149,219032,Kundalagurki
624150,219032,Kundalagurki
624151,219032,Kundalagurki
624152,219034,Mallur
624153,219032,Kundalagurki
624154,219032,Kundalagurki
624155,219032,Kundalagurki
624157,219032,Kundalagurki
624158,219044,Y. Hunasenahalli
624159,219044,Y. Hunasenahalli
624160,219023,Devaramallur
624161,219018,Ablodu
624162,219018,Ablodu
624163,219018,Ablodu
624164,219018,Ablodu
624165,219018,Ablodu
624166,219027,Handiganala
624167,219027,Handiganala
624168,219018,Ablodu
624169,219023,Devaramallur
624171,219023,Devaramallur
624172,219023,Devaramallur
624173,219044,Y. Hunasenahalli
624174,219044,Y. Hunasenahalli
624175,219044,Y. Hunasenahalli
624176,219044,Y. Hunasenahalli
624177,219041,Thimmsandra
624178,219044,Y. Hunasenahalli
624179,219030,Kothanur
624180,219023,Devaramallur
624181,219023,Devaramallur
624182,219023,Devaramallur
624183,219027,Handiganala
624184,219027,Handiganala
624185,219027,Handiganala
624186,219027,Handiganala
624187,219027,Handiganala
624188,219027,Handiganala
624189,219027,Handiganala
624190,219027,Handiganala
624191,219023,Devaramallur
624192,219023,Devaramallur
624193,219023,Devaramallur
624194,219023,Devaramallur
624195,219023,Devaramallur
624196,219030,Kothanur
624197,219030,Kothanur
624198,219044,Y. Hunasenahalli
624199,219044,Y. Hunasenahalli
624200,219044,Y. Hunasenahalli
624201,219044,Y. Hunasenahalli
624202,219030,Kothanur
624203,219042,Thummanahalli
624204,219042,Thummanahalli
624205,219030,Kothanur
624206,219019,Anur
624207,219019,Anur
624208,219019,Anur
624209,219019,Anur
624210,219027,Handiganala
624211,219027,Handiganala
624212,219035,Melur
624213,219035,Melur
624214,219035,Melur
624215,219027,Handiganala
624216,219026,Ganjigunte
624217,219035,Melur
624218,219035,Melur
624219,219035,Melur
624220,219019,Anur
624221,219019,Anur
624222,219019,Anur
624223,219019,Anur
624224,219019,Anur
624225,219033,Malamachana Halli
624226,219042,Thummanahalli
624227,219042,Thummanahalli
624228,219042,Thummanahalli
624229,219042,Thummanahalli
624230,219042,Thummanahalli
624231,219042,Thummanahalli
624232,219042,Thummanahalli
624233,219030,Kothanur
624234,219042,Thummanahalli
624235,219042,Thummanahalli
624236,219042,Thummanahalli
624237,219034,Mallur
624238,219035,Melur
624239,219034,Mallur
624240,219035,Melur
624241,219035,Melur
624242,219032,Kundalagurki
624243,219021,Bhakthara Halli
624244,219033,Malamachana Halli
624245,219033,Malamachana Halli
624246,219036,Nagamangala
624247,219033,Malamachana Halli
624248,219033,Malamachana Halli
624249,219021,Bhakthara Halli
624250,219021,Bhakthara Halli
624251,219021,Bhakthara Halli
624252,219034,Mallur
624253,219036,Nagamangala
624254,219036,Nagamangala
624255,219036,Nagamangala
624256,219022,Cheemangala
624257,219022,Cheemangala
624258,219036,Nagamangala
624259,219022,Cheemangala
624260,219022,Cheemangala
624261,219022,Cheemangala
624262,219022,Cheemangala
624263,219022,Cheemangala
624264,219029,Jangamakote
624265,219028,Hosapete
624266,219036,Nagamangala
624267,219028,Hosapete
624268,219043,Venkatapura
624270,219043,Venkatapura
624271,219043,Venkatapura
624272,219043,Venkatapura
624274,219029,Jangamakote
624275,219043,Venkatapura
624276,219028,Hosapete
624277,219028,Hosapete
624278,219028,Hosapete
624279,219028,Hosapete
624280,219028,Hosapete
624281,219028,Hosapete
624282,219022,Cheemangala
624283,219022,Cheemangala
624284,219022,Cheemangala
624285,219022,Cheemangala
624286,219022,Cheemangala
624287,219031,Kumbigana Halli
624288,219031,Kumbigana Halli
624289,219031,Kumbigana Halli
624292,219028,Hosapete
624293,219029,Jangamakote
624294,219029,Jangamakote
624295,219028,Hosapete
624296,219028,Hosapete
624297,219022,Cheemangala
624298,219028,Hosapete
624299,219031,Kumbigana Halli
624300,219031,Kumbigana Halli
624301,219031,Kumbigana Halli
624302,219031,Kumbigana Halli
624303,219031,Kumbigana Halli
624304,219031,Kumbigana Halli
624305,219031,Kumbigana Halli
624306,219031,Kumbigana Halli
624307,218850,Chilakalanerpu
624308,218850,Chilakalanerpu
624309,218850,Chilakalanerpu
624310,218850,Chilakalanerpu
624311,218850,Chilakalanerpu
624312,218850,Chilakalanerpu
624313,218849,Buradagunte
624314,218849,Buradagunte
624316,218850,Chilakalanerpu
624317,218849,Buradagunte
624318,218850,Chilakalanerpu
624319,218850,Chilakalanerpu
624320,218879,Yenigadele
624321,218850,Chilakalanerpu
624322,218850,Chilakalanerpu
624323,218879,Yenigadele
624324,218879,Yenigadele
624325,218879,Yenigadele
624326,218879,Yenigadele
624327,218879,Yenigadele
624328,218879,Yenigadele
624329,218860,Konapalli
624330,218879,Yenigadele
624331,218849,Buradagunte
624332,218849,Buradagunte
624333,218849,Buradagunte
624334,218849,Buradagunte
624335,218849,Buradagunte
624336,218861,Korlaparthi
624337,218861,Korlaparthi
624338,218861,Korlaparthi
624339,218861,Korlaparthi
624340,218861,Korlaparthi
624341,218861,Korlaparthi
624342,218861,Korlaparthi
624343,218861,Korlaparthi
624344,218861,Korlaparthi
624345,218849,Buradagunte
624346,218865,Mitta Halli
624347,218865,Mitta Halli
624348,218859,Kencharlahalli
624349,218859,Kencharlahalli
624350,218879,Yenigadele
624351,218879,Yenigadele
624352,218859,Kencharlahalli
624353,218865,Mitta Halli
624354,218865,Mitta Halli
624355,218847,Batlahalli
624356,218865,Mitta Halli
624357,218865,Mitta Halli
624358,218865,Mitta Halli
624359,218865,Mitta Halli
624360,218861,Korlaparthi
624361,218861,Korlaparthi
624362,218861,Korlaparthi
624363,218861,Korlaparthi
624364,218861,Korlaparthi
624365,218865,Mitta Halli
624366,218865,Mitta Halli
624367,218865,Mitta Halli
624368,218865,Mitta Halli
624369,218859,Kencharlahalli
624370,218859,Kencharlahalli
624371,218859,Kencharlahalli
624372,218855,Kadadanamari
624373,218855,Kadadanamari
624374,218855,Kadadanamari
624375,218855,Kadadanamari
624376,218855,Kadadanamari
624377,218855,Kadadanamari
624378,218855,Kadadanamari
624379,218855,Kadadanamari
624380,218855,Kadadanamari
624381,218856,Kagathi
624382,218873,Raguttahalli
624383,218855,Kadadanamari
624384,218855,Kadadanamari
624385,218847,Batlahalli
624386,218847,Batlahalli
624387,218847,Batlahalli
624388,218847,Batlahalli
624389,218847,Batlahalli
624390,218867,Munaganahalli
624391,218847,Batlahalli
624392,218847,Batlahalli
624393,218847,Batlahalli
624394,218873,Raguttahalli
624395,218860,Konapalli
624396,218873,Raguttahalli
624397,218873,Raguttahalli
624398,218873,Raguttahalli
624399,218873,Raguttahalli
624400,218879,Yenigadele
624401,218866,Moodlagollahalli
624402,218866,Moodlagollahalli
624403,218866,Moodlagollahalli
624404,218878,Yagavakote
624405,218873,Raguttahalli
624406,218873,Raguttahalli
624407,218873,Raguttahalli
624408,218873,Raguttahalli
624409,218873,Raguttahalli
624410,272730,Mindigal
624411,218859,Kencharlahalli
624412,218859,Kencharlahalli
624413,272730,Mindigal
624414,272730,Mindigal
624415,272730,Mindigal
624416,218854,Iragampalli
624417,218878,Yagavakote
624418,218854,Iragampalli
624419,218854,Iragampalli
624420,218854,Iragampalli
624421,218854,Iragampalli
624422,218866,Moodlagollahalli
624423,218854,Iragampalli
624424,218866,Moodlagollahalli
624425,218848,Bhommisettihalli
624426,218866,Moodlagollahalli
624427,272730,Mindigal
624428,218854,Iragampalli
624429,218854,Iragampalli
624430,218878,Yagavakote
624431,218871,Peddur
624432,218871,Peddur
624433,218866,Moodlagollahalli
624434,218871,Peddur
624435,218871,Peddur
624436,218854,Iragampalli
624437,218878,Yagavakote
624438,218878,Yagavakote
624439,218878,Yagavakote
624440,218878,Yagavakote
624441,218873,Raguttahalli
624442,272730,Mindigal
624443,218848,Bhommisettihalli
624444,272730,Mindigal
624445,218848,Bhommisettihalli
624446,218848,Bhommisettihalli
624447,218848,Bhommisettihalli
624448,218848,Bhommisettihalli
624449,218848,Bhommisettihalli
624450,218878,Yagavakote
624451,218863,Kurubur
624452,218878,Yagavakote
624453,218878,Yagavakote
624454,218873,Raguttahalli
624455,218878,Yagavakote
624456,218846,Anur
624457,218871,Peddur
624458,218871,Peddur
624459,218871,Peddur
624460,218871,Peddur
624461,218871,Peddur
624462,218871,Peddur
624463,218871,Peddur
624464,218871,Peddur
624465,218871,Peddur
624466,218871,Peddur
624467,218868,Muragamalla
624468,218878,Yagavakote
624469,218878,Yagavakote
624470,218878,Yagavakote
624471,218868,Muragamalla
624472,218868,Muragamalla
624473,218868,Muragamalla
624474,218868,Muragamalla
624475,218868,Muragamalla
624476,218848,Bhommisettihalli
624477,218848,Bhommisettihalli
624478,218848,Bhommisettihalli
624479,218848,Bhommisettihalli
624480,218866,Moodlagollahalli
624481,218848,Bhommisettihalli
624482,218848,Bhommisettihalli
624483,218848,Bhommisettihalli
624484,218868,Muragamalla
624485,218868,Muragamalla
624486,218868,Muragamalla
624487,218868,Muragamalla
624488,218868,Muragamalla
624489,218868,Muragamalla
624490,218869,Nandiganahalli
624491,218869,Nandiganahalli
624492,218869,Nandiganahalli
624493,218869,Nandiganahalli
624494,218868,Muragamalla
624495,218868,Muragamalla
624496,218868,Muragamalla
624497,218868,Muragamalla
624498,218868,Muragamalla
624499,218868,Muragamalla
624500,218859,Kencharlahalli
624501,218869,Nandiganahalli
624502,218869,Nandiganahalli
624503,218869,Nandiganahalli
624504,218869,Nandiganahalli
624505,218869,Nandiganahalli
624506,218869,Nandiganahalli
624507,218869,Nandiganahalli
624508,218869,Nandiganahalli
624509,218869,Nandiganahalli
624510,218869,Nandiganahalli
624511,218869,Nandiganahalli
624512,218869,Nandiganahalli
624513,218875,Settyhalli
624514,218875,Settyhalli
624515,218862,Kotagal
624516,218851,Chinnasandra
624517,218862,Kotagal
624518,272730,Mindigal
624519,272730,Mindigal
624520,218862,Kotagal
624521,218862,Kotagal
624522,218862,Kotagal
624523,218875,Settyhalli
624524,218861,Korlaparthi
624525,218875,Settyhalli
624526,218875,Settyhalli
624527,218875,Settyhalli
624528,218875,Settyhalli
624529,218875,Settyhalli
624530,218858,Kattariguppa
624531,218858,Kattariguppa
624532,218858,Kattariguppa
624533,218858,Kattariguppa
624534,218875,Settyhalli
624535,218875,Settyhalli
624536,218875,Settyhalli
624537,218875,Settyhalli
624539,218875,Settyhalli
624540,218862,Kotagal
624541,218858,Kattariguppa
624542,218862,Kotagal
624543,218862,Kotagal
624544,218862,Kotagal
624545,218862,Kotagal
624546,218862,Kotagal
624547,218862,Kotagal
624548,218862,Kotagal
624549,218862,Kotagal
624550,218862,Kotagal
624551,218875,Settyhalli
624552,218875,Settyhalli
624553,218875,Settyhalli
624554,218858,Kattariguppa
624555,218858,Kattariguppa
624556,218858,Kattariguppa
624557,218858,Kattariguppa
624558,218858,Kattariguppa
624559,218862,Kotagal
624560,218858,Kattariguppa
624561,218877,Upparapet
624562,218877,Upparapet
624563,218877,Upparapet
624564,218877,Upparapet
624565,218877,Upparapet
624566,218877,Upparapet
624567,218877,Upparapet
624568,218877,Upparapet
624569,218877,Upparapet
624570,218877,Upparapet
624571,218877,Upparapet
624572,218860,Konapalli
624573,218876,Talagawara
624574,218877,Upparapet
624575,218877,Upparapet
624576,218877,Upparapet
624577,218860,Konapalli
624578,218873,Raguttahalli
624579,218860,Konapalli
624580,218860,Konapalli
624581,218860,Konapalli
624582,218860,Konapalli
624583,218879,Yenigadele
624584,218856,Kagathi
624585,218856,Kagathi
624586,218856,Kagathi
624587,218864,Mastenahalli
624588,218864,Mastenahalli
624589,218864,Mastenahalli
624590,218872,Perumachana Halli
624591,218851,Chinnasandra
624592,218851,Chinnasandra
624593,218862,Kotagal
624594,218872,Perumachana Halli
624595,218872,Perumachana Halli
624596,218872,Perumachana Halli
624597,218872,Perumachana Halli
624599,218872,Perumachana Halli
624601,218864,Mastenahalli
624602,218864,Mastenahalli
624603,218876,Talagawara
624604,218876,Talagawara
624605,218876,Talagawara
624606,218874,Santekalla Halli
624607,218874,Santekalla Halli
624608,218874,Santekalla Halli
624609,218874,Santekalla Halli
624610,218877,Upparapet
624611,218874,Santekalla Halli
624612,218874,Santekalla Halli
624613,218874,Santekalla Halli
624614,218874,Santekalla Halli
624615,218874,Santekalla Halli
624616,218874,Santekalla Halli
624617,218860,Konapalli
624618,218876,Talagawara
624619,218876,Talagawara
624620,218876,Talagawara
624621,218864,Mastenahalli
624623,218872,Perumachana Halli
624624,218872,Perumachana Halli
624625,218876,Talagawara
624626,218876,Talagawara
624627,218872,Perumachana Halli
624628,218853,Hirekattigenahalli
624629,218853,Hirekattigenahalli
624630,218853,Hirekattigenahalli
624631,218853,Hirekattigenahalli
624632,218853,Hirekattigenahalli
624633,218853,Hirekattigenahalli
624634,218853,Hirekattigenahalli
624635,218853,Hirekattigenahalli
624636,218860,Konapalli
624637,218856,Kagathi
624638,218856,Kagathi
624639,218856,Kagathi
624640,218856,Kagathi
624641,218856,Kagathi
624642,218856,Kagathi
624643,218856,Kagathi
624644,218856,Kagathi
624645,218856,Kagathi
624646,218873,Raguttahalli
624647,218870,Oolavadi
624648,218870,Oolavadi
624649,218870,Oolavadi
624650,218856,Kagathi
624651,218856,Kagathi
624652,218868,Muragamalla
624653,218870,Oolavadi
624654,218870,Oolavadi
624655,218870,Oolavadi
624656,218852,Doddaganjur
624657,218870,Oolavadi
624658,218870,Oolavadi
624659,218852,Doddaganjur
624660,218870,Oolavadi
624661,218867,Munaganahalli
624662,218867,Munaganahalli
624663,218867,Munaganahalli
624664,218851,Chinnasandra
624665,218866,Moodlagollahalli
624666,218867,Munaganahalli
624667,218867,Munaganahalli
624668,218852,Doddaganjur
624669,218852,Doddaganjur
624670,218852,Doddaganjur
624671,218879,Yenigadele
624672,218852,Doddaganjur
624673,218852,Doddaganjur
624674,218852,Doddaganjur
624675,218852,Doddaganjur
624676,218852,Doddaganjur
624677,218846,Anur
624678,218846,Anur
624679,218846,Anur
624680,218846,Anur
624681,218846,Anur
624682,218846,Anur
624683,218867,Munaganahalli
624684,218867,Munaganahalli
624685,218851,Chinnasandra
624686,218872,Perumachana Halli
624687,218853,Hirekattigenahalli
624688,218853,Hirekattigenahalli
624689,218878,Yagavakote
624690,218863,Kurubur
624691,218863,Kurubur
624692,218867,Munaganahalli
624693,218863,Kurubur
624694,218863,Kurubur
624695,218863,Kurubur
624696,272730,Mindigal
624697,218863,Kurubur
624698,218863,Kurubur
624699,218863,Kurubur
624700,218863,Kurubur
624701,218846,Anur
624702,218846,Anur
624703,218846,Anur
624704,218846,Anur
624705,218846,Anur
624706,218846,Anur
624707,215588,Narasipura
624708,215588,Narasipura
624709,215588,Narasipura
624710,215588,Narasipura
624711,215587,Maralakunte
624712,215587,Maralakunte
624713,215587,Maralakunte
624714,215587,Maralakunte
624715,215581,Hasuruvalli
624716,215587,Maralakunte
624717,215587,Maralakunte
624718,215587,Maralakunte
624719,215584,Kodigehalli
624720,215587,Maralakunte
624721,215587,Maralakunte
624722,215587,Maralakunte
624723,215588,Narasipura
624724,215588,Narasipura
624725,215588,Narasipura
624726,215588,Narasipura
624727,215588,Narasipura
624728,215575,Agalakuppe
624729,215575,Agalakuppe
624730,215575,Agalakuppe
624731,215586,Manne
624732,215575,Agalakuppe
624733,215575,Agalakuppe
624734,215575,Agalakuppe
624735,215591,Sompura
624736,215588,Narasipura
624737,215588,Narasipura
624738,215576,Arebommanahalli
624739,215591,Sompura
624740,215591,Sompura
624741,215591,Sompura
624742,215586,Manne
624743,215575,Agalakuppe
624744,215591,Sompura
624745,215591,Sompura
624746,215591,Sompura
624747,215591,Sompura
624748,215591,Sompura
624749,215575,Agalakuppe
624750,215582,Honnenahalli
624751,215582,Honnenahalli
624752,215582,Honnenahalli
624753,215589,Shivagange
624754,215582,Honnenahalli
624755,215582,Honnenahalli
624757,215582,Honnenahalli
624758,215585,Kuluvanahalli
624759,215585,Kuluvanahalli
624760,215582,Honnenahalli
624761,215589,Shivagange
624762,215589,Shivagange
624763,215589,Shivagange
624764,215589,Shivagange
624765,215589,Shivagange
624766,215589,Shivagange
624767,215589,Shivagange
624768,215589,Shivagange
624769,215589,Shivagange
624770,215589,Shivagange
624771,215585,Kuluvanahalli
624772,215589,Shivagange
624773,215576,Arebommanahalli
624774,215576,Arebommanahalli
624775,215585,Kuluvanahalli
624776,215585,Kuluvanahalli
624777,215585,Kuluvanahalli
624778,215583,Kalalaghatta
624779,215585,Kuluvanahalli
624780,215585,Kuluvanahalli
624781,215586,Manne
624782,215586,Manne
624783,215586,Manne
624784,215584,Kodigehalli
624785,215584,Kodigehalli
624786,215584,Kodigehalli
624787,215584,Kodigehalli
624790,215586,Manne
624791,215586,Manne
624792,215591,Sompura
624793,215586,Manne
624794,215586,Manne
624795,215586,Manne
624796,215586,Manne
624797,215584,Kodigehalli
624798,215584,Kodigehalli
624799,215584,Kodigehalli
624800,215584,Kodigehalli
624801,215580,Doddabele
624802,215580,Doddabele
624803,215580,Doddabele
624804,215586,Manne
624805,215586,Manne
624806,215575,Agalakuppe
624807,215586,Manne
624808,215586,Manne
624809,215580,Doddabele
624810,215580,Doddabele
624811,215580,Doddabele
624812,215580,Doddabele
624813,215581,Hasuruvalli
624814,215581,Hasuruvalli
624815,215581,Hasuruvalli
624816,215576,Arebommanahalli
624817,215581,Hasuruvalli
624818,215581,Hasuruvalli
624819,215580,Doddabele
624820,215583,Kalalaghatta
624821,215585,Kuluvanahalli
624822,215594,Thyamagondlu
624823,215594,Thyamagondlu
624824,215583,Kalalaghatta
624825,215576,Arebommanahalli
624826,215583,Kalalaghatta
624827,215583,Kalalaghatta
624828,215583,Kalalaghatta
624829,215583,Kalalaghatta
624830,215583,Kalalaghatta
624831,215585,Kuluvanahalli
624832,215585,Kuluvanahalli
624833,215585,Kuluvanahalli
624834,215576,Arebommanahalli
624835,215576,Arebommanahalli
624836,215576,Arebommanahalli
624837,215576,Arebommanahalli
624838,215576,Arebommanahalli
624839,215576,Arebommanahalli
624840,215576,Arebommanahalli
624841,215576,Arebommanahalli
624842,215588,Narasipura
624843,215576,Arebommanahalli
624844,215576,Arebommanahalli
624845,215576,Arebommanahalli
624846,215576,Arebommanahalli
624847,215585,Kuluvanahalli
624848,215585,Kuluvanahalli
624849,215585,Kuluvanahalli
624850,215583,Kalalaghatta
624851,215583,Kalalaghatta
624852,215581,Hasuruvalli
624853,215581,Hasuruvalli
624854,215581,Hasuruvalli
624855,215593,T.Begur
624856,215593,T.Begur
624857,215593,T.Begur
624858,215593,T.Begur
624859,215579,Bhodihal
624860,215579,Bhodihal
624861,215579,Bhodihal
624862,272726,Gollahalli
624863,272726,Gollahalli
624864,272726,Gollahalli
624865,272726,Gollahalli
624866,272726,Gollahalli
624867,272726,Gollahalli
624868,272726,Gollahalli
624869,296908,Kannegowdanahalli
624870,272726,Gollahalli
624871,215579,Bhodihal
624873,215579,Bhodihal
624874,215579,Bhodihal
624875,215579,Bhodihal
624876,215579,Bhodihal
624877,215579,Bhodihal
624878,215579,Bhodihal
624879,296908,Kannegowdanahalli
624880,215581,Hasuruvalli
624886,215584,Kodigehalli
624889,296908,Kannegowdanahalli
624890,296908,Kannegowdanahalli
624891,215579,Bhodihal
624892,215579,Bhodihal
624893,272726,Gollahalli
624894,215593,T.Begur
624895,215593,T.Begur
624896,215593,T.Begur
624897,215593,T.Begur
624898,215593,T.Begur
624899,215592,Srinivasapura
624900,215593,T.Begur
624901,215593,T.Begur
624902,296908,Kannegowdanahalli
624903,215579,Bhodihal
624904,296908,Kannegowdanahalli
624906,296908,Kannegowdanahalli
624907,215592,Srinivasapura
624908,215592,Srinivasapura
624909,215592,Srinivasapura
624910,215596,Yentaganahalli
624911,215592,Srinivasapura
624912,215592,Srinivasapura
624913,296908,Kannegowdanahalli
624914,215596,Yentaganahalli
624915,215596,Yentaganahalli
624916,215596,Yentaganahalli
624917,215585,Kuluvanahalli
624918,215596,Yentaganahalli
624919,215596,Yentaganahalli
624920,215596,Yentaganahalli
624921,215596,Yentaganahalli
624922,215596,Yentaganahalli
624923,215596,Yentaganahalli
624924,215596,Yentaganahalli
624925,215596,Yentaganahalli
624926,215596,Yentaganahalli
624927,215596,Yentaganahalli
624928,215596,Yentaganahalli
624929,215596,Yentaganahalli
624930,215596,Yentaganahalli
624931,215596,Yentaganahalli
624932,215590,Soladevanahalli
624933,215584,Kodigehalli
624934,215590,Soladevanahalli
624935,215590,Soladevanahalli
624936,215590,Soladevanahalli
624937,215590,Soladevanahalli
624938,215590,Soladevanahalli
624939,215590,Soladevanahalli
624940,215590,Soladevanahalli
624941,215590,Soladevanahalli
624942,215590,Soladevanahalli
624943,215590,Soladevanahalli
624944,215590,Soladevanahalli
624945,215590,Soladevanahalli
624946,215590,Soladevanahalli
624947,215596,Yentaganahalli
624948,215590,Soladevanahalli
624950,215446,Arudi
624951,215446,Arudi
624952,215446,Arudi
624953,215446,Arudi
624954,215446,Arudi
624955,215446,Arudi
624956,215458,Hosahalli
624957,215458,Hosahalli
624958,215458,Hosahalli
624959,215458,Hosahalli
624960,215458,Hosahalli
624961,215458,Hosahalli
624962,215458,Hosahalli
624963,215458,Hosahalli
624964,215458,Hosahalli
624965,215458,Hosahalli
624966,215458,Hosahalli
624967,215458,Hosahalli
624968,215458,Hosahalli
624969,215458,Hosahalli
624970,215458,Hosahalli
624971,215458,Hosahalli
624972,215458,Hosahalli
624973,215458,Hosahalli
624974,215458,Hosahalli
624975,215458,Hosahalli
624976,215458,Hosahalli
624977,215471,Sasalu
624978,215471,Sasalu
624979,215471,Sasalu
624980,215446,Arudi
624981,215446,Arudi
624982,215471,Sasalu
624983,215471,Sasalu
624984,215471,Sasalu
624985,215471,Sasalu
624986,215471,Sasalu
624987,215471,Sasalu
624988,215471,Sasalu
624989,215448,Bhaktarahalli
624990,215448,Bhaktarahalli
624991,215471,Sasalu
624992,215448,Bhaktarahalli
624993,215448,Bhaktarahalli
624994,215448,Bhaktarahalli
624995,215448,Bhaktarahalli
624996,215448,Bhaktarahalli
624997,215470,Sakkare Gollahalli
624998,215448,Bhaktarahalli
624999,215448,Bhaktarahalli
625000,215471,Sasalu
625001,215471,Sasalu
625002,215471,Sasalu
625003,215471,Sasalu
625004,215472,Thippuru
625005,215472,Thippuru
625006,215472,Thippuru
625007,215472,Thippuru
625008,215459,Hulikunte
625009,215468,Melina Joganahalli ( S.S.Ghati)
625010,215468,Melina Joganahalli ( S.S.Ghati)
625011,215468,Melina Joganahalli ( S.S.Ghati)
625012,215468,Melina Joganahalli ( S.S.Ghati)
625013,215468,Melina Joganahalli ( S.S.Ghati)
625014,215473,Thubugere
625015,215471,Sasalu
625016,215473,Thubugere
625017,215473,Thubugere
625018,215473,Thubugere
625019,215473,Thubugere
625020,215473,Thubugere
625021,215453,Hadonahalli
625022,215468,Melina Joganahalli ( S.S.Ghati)
625023,215468,Melina Joganahalli ( S.S.Ghati)
625024,215468,Melina Joganahalli ( S.S.Ghati)
625025,215468,Melina Joganahalli ( S.S.Ghati)
625026,215472,Thippuru
625027,215472,Thippuru
625028,215455,Hanabe
625029,215455,Hanabe
625030,215450,Dargajogihalli
625031,215455,Hanabe
625032,215472,Thippuru
625033,215466,Majara Hosahalli
625034,215472,Thippuru
625035,215472,Thippuru
625036,215472,Thippuru
625037,215462,Kantanakunte
625038,215462,Kantanakunte
625039,215462,Kantanakunte
625040,215453,Hadonahalli
625041,215453,Hadonahalli
625042,215453,Hadonahalli
625043,215453,Hadonahalli
625044,215453,Hadonahalli
625045,215473,Thubugere
625046,215473,Thubugere
625047,215473,Thubugere
625048,215473,Thubugere
625049,215461,Kanasavadi
625050,215473,Thubugere
625051,215467,Melekote
625052,215467,Melekote
625053,215467,Melekote
625054,215467,Melekote
625055,215467,Melekote
625056,215467,Melekote
625057,215456,Heggadihalli
625058,215456,Heggadihalli
625059,215456,Heggadihalli
625060,215456,Heggadihalli
625061,215467,Melekote
625062,215467,Melekote
625063,215473,Thubugere
625064,215473,Thubugere
625065,215473,Thubugere
625066,215473,Thubugere
625067,215459,Hulikunte
625068,215473,Thubugere
625069,215469,Rajaghatta
625070,215467,Melekote
625071,215456,Heggadihalli
625072,215456,Heggadihalli
625073,215456,Heggadihalli
625074,215456,Heggadihalli
625075,215456,Heggadihalli
625076,215456,Heggadihalli
625077,215455,Hanabe
625078,215463,Kesthuru
625079,215464,Kodigehalli
625080,215464,Kodigehalli
625081,215462,Kantanakunte
625082,215446,Arudi
625083,215462,Kantanakunte
625084,215462,Kantanakunte
625085,215469,Rajaghatta
625086,215469,Rajaghatta
625087,215469,Rajaghatta
625088,215465,Konaghatta
625089,215469,Rajaghatta
625090,215465,Konaghatta
625095,215473,Thubugere
625096,215465,Konaghatta
625097,215465,Konaghatta
625098,215465,Konaghatta
625099,215469,Rajaghatta
625100,215469,Rajaghatta
625101,215462,Kantanakunte
625102,215464,Kodigehalli
625104,215462,Kantanakunte
625105,215464,Kodigehalli
625106,215460,Kadanuru
625107,215464,Kodigehalli
625108,215463,Kesthuru
625109,215455,Hanabe
625110,215463,Kesthuru
625111,215463,Kesthuru
625112,215464,Kodigehalli
625113,215464,Kodigehalli
625114,215455,Hanabe
625115,215464,Kodigehalli
625116,215450,Dargajogihalli
625117,215445,Aralumallige
625118,215445,Aralumallige
625119,215445,Aralumallige
625120,215445,Aralumallige
625121,215463,Kesthuru
625122,215463,Kesthuru
625123,215445,Aralumallige
625124,215445,Aralumallige
625125,215466,Majara Hosahalli
625126,215472,Thippuru
625127,215466,Majara Hosahalli
625128,215466,Majara Hosahalli
625129,215466,Majara Hosahalli
625133,215466,Majara Hosahalli
625134,215466,Majara Hosahalli
625139,215448,Bhaktarahalli
625140,215448,Bhaktarahalli
625141,215448,Bhaktarahalli
625142,215470,Sakkare Gollahalli
625143,215470,Sakkare Gollahalli
625144,215470,Sakkare Gollahalli
625145,215470,Sakkare Gollahalli
625146,215459,Hulikunte
625147,215470,Sakkare Gollahalli
625148,215455,Hanabe
625149,215455,Hanabe
625150,215472,Thippuru
625151,215472,Thippuru
625152,215472,Thippuru
625153,215455,Hanabe
625154,215472,Thippuru
625155,215455,Hanabe
625156,215455,Hanabe
625157,215448,Bhaktarahalli
625158,215470,Sakkare Gollahalli
625159,215470,Sakkare Gollahalli
625160,215470,Sakkare Gollahalli
625161,215470,Sakkare Gollahalli
625162,215448,Bhaktarahalli
625163,215448,Bhaktarahalli
625164,215448,Bhaktarahalli
625165,215448,Bhaktarahalli
625166,215470,Sakkare Gollahalli
625167,215470,Sakkare Gollahalli
625168,215470,Sakkare Gollahalli
625169,215470,Sakkare Gollahalli
625170,215470,Sakkare Gollahalli
625171,215470,Sakkare Gollahalli
625172,215470,Sakkare Gollahalli
625173,215470,Sakkare Gollahalli
625174,215452,Doddabelavangala
625175,215455,Hanabe
625176,215455,Hanabe
625177,215463,Kesthuru
625178,215463,Kesthuru
625179,215454,Hadripura
625180,215452,Doddabelavangala
625181,215452,Doddabelavangala
625182,215452,Doddabelavangala
625183,215459,Hulikunte
625184,215459,Hulikunte
625185,215473,Thubugere
625186,215459,Hulikunte
625187,215459,Hulikunte
625188,215459,Hulikunte
625189,215459,Hulikunte
625190,215459,Hulikunte
625191,215459,Hulikunte
625192,215452,Doddabelavangala
625193,215452,Doddabelavangala
625194,215452,Doddabelavangala
625195,215454,Hadripura
625196,215454,Hadripura
625197,215454,Hadripura
625198,215454,Hadripura
625199,215454,Hadripura
625200,215454,Hadripura
625201,215463,Kesthuru
625202,215460,Kadanuru
625203,215460,Kadanuru
625204,215457,Honnavara
625205,215457,Honnavara
625206,215457,Honnavara
625207,215460,Kadanuru
625208,215460,Kadanuru
625209,215460,Kadanuru
625210,215451,Dodda Tumakuru
625211,215451,Dodda Tumakuru
625212,215451,Dodda Tumakuru
625213,215451,Dodda Tumakuru
625214,215451,Dodda Tumakuru
625215,215460,Kadanuru
625216,215449,Channadevi Agrahara
625217,215457,Honnavara
625218,215457,Honnavara
625219,215457,Honnavara
625220,215456,Heggadihalli
625221,215457,Honnavara
625222,215457,Honnavara
625223,215457,Honnavara
625224,215457,Honnavara
625225,215457,Honnavara
625226,215457,Honnavara
625227,215457,Honnavara
625228,215457,Honnavara
625229,215461,Kanasavadi
625230,215461,Kanasavadi
625231,215461,Kanasavadi
625232,215461,Kanasavadi
625233,215461,Kanasavadi
625234,215461,Kanasavadi
625235,215461,Kanasavadi
625236,215461,Kanasavadi
625237,215461,Kanasavadi
625238,215461,Kanasavadi
625239,215461,Kanasavadi
625240,215461,Kanasavadi
625241,215449,Channadevi Agrahara
625242,215449,Channadevi Agrahara
625243,215449,Channadevi Agrahara
625244,215449,Channadevi Agrahara
625245,215449,Channadevi Agrahara
625248,215438,Koira
625249,215438,Koira
625250,215437,Karahalli
625251,215437,Karahalli
625252,215437,Karahalli
625253,215436,Kannamangala
625254,215437,Karahalli
625255,215437,Karahalli
625256,215437,Karahalli
625257,215437,Karahalli
625258,215437,Karahalli
625259,215437,Karahalli
625260,215438,Koira
625261,215438,Koira
625263,215438,Koira
625264,215443,Vishwanathpura
625265,215438,Koira
625266,215438,Koira
625267,215438,Koira
625268,215438,Koira
625269,215443,Vishwanathpura
625270,215438,Koira
625271,215443,Vishwanathpura
625272,215443,Vishwanathpura
625273,272721,Alooru Duddanahalli
625274,215443,Vishwanathpura
625276,215440,Kundana
625277,215440,Kundana
625278,272721,Alooru Duddanahalli
625279,272721,Alooru Duddanahalli
625280,272721,Alooru Duddanahalli
625281,215440,Kundana
625282,215440,Kundana
625283,215440,Kundana
625284,215440,Kundana
625285,215440,Kundana
625286,215440,Kundana
625287,215440,Kundana
625288,215435,Jalige
625289,272721,Alooru Duddanahalli
625290,215435,Jalige
625291,215435,Jalige
625292,215435,Jalige
625293,215435,Jalige
625294,215435,Jalige
625295,215435,Jalige
625296,215435,Jalige
625297,215435,Jalige
625298,215435,Jalige
625299,215435,Jalige
625300,215436,Kannamangala
625301,215436,Kannamangala
625302,215435,Jalige
625303,215440,Kundana
625304,215440,Kundana
625305,215440,Kundana
625306,215443,Vishwanathpura
625308,215442,Venkatagtirikote
625310,215442,Venkatagtirikote
625311,215442,Venkatagtirikote
625312,215442,Venkatagtirikote
625313,215442,Venkatagtirikote
625314,215442,Venkatagtirikote
625315,215442,Venkatagtirikote
625316,215428,Bijjawara
625317,215428,Bijjawara
625318,215428,Bijjawara
625319,215428,Bijjawara
625320,215428,Bijjawara
625321,215428,Bijjawara
625322,215433,Godlumuddena Halli
625323,215428,Bijjawara
625324,215433,Godlumuddena Halli
625325,215433,Godlumuddena Halli
625327,215433,Godlumuddena Halli
625328,215434,Harohalli
625329,215434,Harohalli
625330,215428,Bijjawara
625331,215434,Harohalli
625332,215434,Harohalli
625333,215434,Harohalli
625334,215439,Koramangala
625335,215439,Koramangala
625336,215439,Koramangala
625337,215434,Harohalli
625338,215433,Godlumuddena Halli
625339,215433,Godlumuddena Halli
625340,215433,Godlumuddena Halli
625341,215433,Godlumuddena Halli
625342,215433,Godlumuddena Halli
625343,215433,Godlumuddena Halli
625344,215433,Godlumuddena Halli
625345,215433,Godlumuddena Halli
625346,215433,Godlumuddena Halli
625347,215432,Gangavara Chowdappanahalli
625348,215439,Koramangala
625349,272723,Mandibele
625350,272723,Mandibele
625351,272723,Mandibele
625352,272723,Mandibele
625353,272723,Mandibele
625354,272723,Mandibele
625355,272723,Mandibele
625356,215427,Bidaluru
625357,215437,Karahalli
625358,215437,Karahalli
625359,215425,Avathi
625360,215425,Avathi
625361,215425,Avathi
625362,215427,Bidaluru
625363,215427,Bidaluru
625364,215427,Bidaluru
625365,215438,Koira
625366,215443,Vishwanathpura
625367,215443,Vishwanathpura
625368,215427,Bidaluru
625369,215427,Bidaluru
625370,215427,Bidaluru
625371,215427,Bidaluru
625372,215425,Avathi
625373,215425,Avathi
625374,215425,Avathi
625375,215425,Avathi
625376,215444,Yaliyuru
625377,215444,Yaliyuru
625378,215431,Chennahalli
625379,215431,Chennahalli
625380,215442,Venkatagtirikote
625381,215427,Bidaluru
625382,215443,Vishwanathpura
625383,215443,Vishwanathpura
625384,215436,Kannamangala
625385,215436,Kannamangala
625386,215427,Bidaluru
625387,215436,Kannamangala
625388,215425,Avathi
625389,215424,Anneshwara
625390,215424,Anneshwara
625391,215424,Anneshwara
625392,215424,Anneshwara
625393,215430,Channarayapatna
625394,215436,Kannamangala
625395,215437,Karahalli
625396,215436,Kannamangala
625397,215436,Kannamangala
625398,215436,Kannamangala
625399,215436,Kannamangala
625400,215424,Anneshwara
625401,215424,Anneshwara
625402,215424,Anneshwara
625403,215424,Anneshwara
625404,215424,Anneshwara
625405,215424,Anneshwara
625406,215424,Anneshwara
625407,215424,Anneshwara
625408,215426,Bettekote
625409,215444,Yaliyuru
625410,215444,Yaliyuru
625411,215444,Yaliyuru
625412,215431,Chennahalli
625413,215430,Channarayapatna
625414,215428,Bijjawara
625415,215430,Channarayapatna
625416,215430,Channarayapatna
625417,215430,Channarayapatna
625418,215444,Yaliyuru
625419,215444,Yaliyuru
625420,215444,Yaliyuru
625421,215431,Chennahalli
625422,215431,Chennahalli
625423,215431,Chennahalli
625424,215430,Channarayapatna
625425,215430,Channarayapatna
625426,272722,I.Basapura
625427,215430,Channarayapatna
625428,272722,I.Basapura
625429,215430,Channarayapatna
625430,272722,I.Basapura
625431,272722,I.Basapura
625432,272722,I.Basapura
625433,272722,I.Basapura
625434,215430,Channarayapatna
625435,215430,Channarayapatna
625436,215431,Chennahalli
625437,215431,Chennahalli
625438,215431,Chennahalli
625439,215426,Bettekote
625440,215426,Bettekote
625441,215426,Bettekote
625442,215428,Bijjawara
625443,215441,Nalluru
625444,215441,Nalluru
625445,215441,Nalluru
625446,215441,Nalluru
625447,215441,Nalluru
625448,215441,Nalluru
625449,215441,Nalluru
625450,215441,Nalluru
625451,215432,Gangavara Chowdappanahalli
625452,215441,Nalluru
625453,215441,Nalluru
625454,215426,Bettekote
625455,215432,Gangavara Chowdappanahalli
625456,215432,Gangavara Chowdappanahalli
625457,215432,Gangavara Chowdappanahalli
625458,215439,Koramangala
625459,215429,Budigere
625460,215429,Budigere
625461,215429,Budigere
625462,215429,Budigere
625463,215432,Gangavara Chowdappanahalli
625464,215432,Gangavara Chowdappanahalli
625465,215480,Doddaralagere
625466,215480,Doddaralagere
625467,215480,Doddaralagere
625468,215480,Doddaralagere
625469,215483,Ittasandra
625470,215483,Ittasandra
625471,215483,Ittasandra
625472,215483,Ittasandra
625473,215483,Ittasandra
625474,215483,Ittasandra
625475,215483,Ittasandra
625476,215483,Ittasandra
625477,215480,Doddaralagere
625478,215480,Doddaralagere
625479,215480,Doddaralagere
625480,215480,Doddaralagere
625481,215480,Doddaralagere
625482,215492,Nandagudi
625483,215480,Doddaralagere
625484,215480,Doddaralagere
625485,215482,Giddappanahalli
625486,215482,Giddappanahalli
625487,215482,Giddappanahalli
625488,215482,Giddappanahalli
625489,215497,Sulibele
625490,215497,Sulibele
625491,215497,Sulibele
625492,215493,Nelavagilu
625493,215480,Doddaralagere
625494,215480,Doddaralagere
625495,215480,Doddaralagere
625496,215480,Doddaralagere
625497,215499,Vagata
625498,215483,Ittasandra
625499,215480,Doddaralagere
625500,215480,Doddaralagere
625501,215480,Doddaralagere
625502,215480,Doddaralagere
625503,215480,Doddaralagere
625504,215482,Giddappanahalli
625505,215482,Giddappanahalli
625506,215482,Giddappanahalli
625507,215482,Giddappanahalli
625508,215482,Giddappanahalli
625509,215479,Doddanallala
625510,215482,Giddappanahalli
625511,215482,Giddappanahalli
625512,215482,Giddappanahalli
625513,215482,Giddappanahalli
625514,215486,Kambalipura
625515,215489,Lakkondahalli
625516,215489,Lakkondahalli
625517,215475,Bylanarasapura
625518,215489,Lakkondahalli
625519,215489,Lakkondahalli
625520,215486,Kambalipura
625521,215486,Kambalipura
625522,215486,Kambalipura
625523,215486,Kambalipura
625524,215489,Lakkondahalli
625525,215480,Doddaralagere
625526,215486,Kambalipura
625527,215486,Kambalipura
625528,215485,Kalkunte Agrahara
625529,215486,Kambalipura
625530,215486,Kambalipura
625531,215486,Kambalipura
625532,215475,Bylanarasapura
625533,215486,Kambalipura
625534,215483,Ittasandra
625535,215499,Vagata
625536,215483,Ittasandra
625537,215483,Ittasandra
625538,215483,Ittasandra
625539,215487,Khajihosahalli
625540,215493,Nelavagilu
625541,215493,Nelavagilu
625542,215485,Kalkunte Agrahara
625543,215493,Nelavagilu
625544,215493,Nelavagilu
625545,215493,Nelavagilu
625546,215482,Giddappanahalli
625547,215484,Jadigenahalli
625548,215483,Ittasandra
625549,215483,Ittasandra
625550,215492,Nandagudi
625551,215492,Nandagudi
625552,215492,Nandagudi
625553,215492,Nandagudi
625554,215492,Nandagudi
625555,215493,Nelavagilu
625556,215493,Nelavagilu
625557,215493,Nelavagilu
625558,215493,Nelavagilu
625559,215475,Bylanarasapura
625560,215489,Lakkondahalli
625561,215475,Bylanarasapura
625562,215490,Mugabala
625563,215493,Nelavagilu
625564,215492,Nandagudi
625565,215496,Shivanapura
625566,215492,Nandagudi
625567,215475,Bylanarasapura
625568,215475,Bylanarasapura
625569,215486,Kambalipura
625570,272724,Hettakki
625571,272724,Hettakki
625572,272724,Hettakki
625573,272724,Hettakki
625574,215496,Shivanapura
625575,215481,Ganagaluru
625576,215496,Shivanapura
625577,215496,Shivanapura
625578,215496,Shivanapura
625579,215496,Shivanapura
625580,215492,Nandagudi
625581,215490,Mugabala
625582,215490,Mugabala
625583,215490,Mugabala
625584,215496,Shivanapura
625585,215496,Shivanapura
625586,215496,Shivanapura
625587,215496,Shivanapura
625588,215490,Mugabala
625589,215498,Thavarekere
625590,215498,Thavarekere
625591,215498,Thavarekere
625592,215498,Thavarekere
625593,215498,Thavarekere
625594,215498,Thavarekere
625595,272724,Hettakki
625596,272724,Hettakki
625597,272724,Hettakki
625598,272724,Hettakki
625599,272724,Hettakki
625600,215498,Thavarekere
625601,215498,Thavarekere
625602,215498,Thavarekere
625603,272724,Hettakki
625604,215498,Thavarekere
625605,215489,Lakkondahalli
625606,272725,Chokkahalli
625607,215490,Mugabala
625608,215490,Mugabala
625609,215479,Doddanallala
625610,215479,Doddanallala
625611,215479,Doddanallala
625612,215479,Doddanallala
625613,215479,Doddanallala
625614,215490,Mugabala
625615,215490,Mugabala
625616,215479,Doddanallala
625617,215482,Giddappanahalli
625618,215490,Mugabala
625619,215490,Mugabala
625620,215490,Mugabala
625621,215490,Mugabala
625622,215499,Vagata
625623,215479,Doddanallala
625624,215479,Doddanallala
625625,215479,Doddanallala
625626,215479,Doddanallala
625627,215479,Doddanallala
625628,215479,Doddanallala
625629,215479,Doddanallala
625630,215479,Doddanallala
625631,215479,Doddanallala
625632,215494,Orohalli
625633,215494,Orohalli
625634,215494,Orohalli
625635,215494,Orohalli
625636,215494,Orohalli
625637,215494,Orohalli
625638,215484,Jadigenahalli
625639,215494,Orohalli
625640,215494,Orohalli
625641,215494,Orohalli
625642,215494,Orohalli
625643,215484,Jadigenahalli
625644,215494,Orohalli
625645,215494,Orohalli
625646,215484,Jadigenahalli
625647,215484,Jadigenahalli
625648,215484,Jadigenahalli
625649,215484,Jadigenahalli
625650,215484,Jadigenahalli
625651,215499,Vagata
625652,215484,Jadigenahalli
625653,215484,Jadigenahalli
625654,215484,Jadigenahalli
625655,215484,Jadigenahalli
625656,215487,Khajihosahalli
625657,215499,Vagata
625658,215484,Jadigenahalli
625659,215484,Jadigenahalli
625660,215499,Vagata
625661,215499,Vagata
625662,215477,Doddagattiganabbe
625663,215499,Vagata
625664,215499,Vagata
625665,215499,Vagata
625666,215499,Vagata
625667,215499,Vagata
625668,215499,Vagata
625669,215499,Vagata
625670,215499,Vagata
625671,215487,Khajihosahalli
625672,215493,Nelavagilu
625673,215487,Khajihosahalli
625674,215487,Khajihosahalli
625675,215492,Nandagudi
625676,215487,Khajihosahalli
625677,215499,Vagata
625678,215487,Khajihosahalli
625679,215487,Khajihosahalli
625680,215484,Jadigenahalli
625681,215489,Lakkondahalli
625682,215489,Lakkondahalli
625683,215488,Kumbalahalli
625684,215488,Kumbalahalli
625685,215488,Kumbalahalli
625686,215488,Kumbalahalli
625687,215488,Kumbalahalli
625688,215488,Kumbalahalli
625689,215488,Kumbalahalli
625690,215478,Doddahulluru
625691,215478,Doddahulluru
625692,215478,Doddahulluru
625693,215478,Doddahulluru
625694,272725,Chokkahalli
625695,272725,Chokkahalli
625696,272725,Chokkahalli
625697,272725,Chokkahalli
625698,215486,Kambalipura
625699,272725,Chokkahalli
625700,272725,Chokkahalli
625701,215478,Doddahulluru
625702,215490,Mugabala
625703,215478,Doddahulluru
625704,215484,Jadigenahalli
625705,215477,Doddagattiganabbe
625706,215477,Doddagattiganabbe
625707,215477,Doddagattiganabbe
625708,215477,Doddagattiganabbe
625709,215477,Doddagattiganabbe
625710,215477,Doddagattiganabbe
625711,215477,Doddagattiganabbe
625712,215495,Samethanahalli
625713,215495,Samethanahalli
625714,215495,Samethanahalli
625715,215495,Samethanahalli
625716,215477,Doddagattiganabbe
625717,215477,Doddagattiganabbe
625718,215477,Doddagattiganabbe
625719,215495,Samethanahalli
625720,215495,Samethanahalli
625721,215491,Muthsandra
625722,215476,Devanagundi
625723,215476,Devanagundi
625724,215476,Devanagundi
625725,215476,Devanagundi
625726,215476,Devanagundi
625727,215476,Devanagundi
625728,215476,Devanagundi
625729,215476,Devanagundi
625730,215474,Anugondanahalli
625731,215491,Muthsandra
625732,215491,Muthsandra
625733,215491,Muthsandra
625734,215491,Muthsandra
625735,215491,Muthsandra
625736,215491,Muthsandra
625737,215491,Muthsandra
625738,215491,Muthsandra
625739,215491,Muthsandra
625740,215485,Kalkunte Agrahara
625741,215474,Anugondanahalli
625742,215474,Anugondanahalli
625743,215474,Anugondanahalli
625744,215474,Anugondanahalli
625745,215476,Devanagundi
625746,215476,Devanagundi
625747,215476,Devanagundi
625748,215485,Kalkunte Agrahara
625749,215485,Kalkunte Agrahara
625750,215493,Nelavagilu
625751,215486,Kambalipura
625752,215481,Ganagaluru
625753,215481,Ganagaluru
625754,215481,Ganagaluru
625755,215481,Ganagaluru
625756,215481,Ganagaluru
625757,215496,Shivanapura
625758,215481,Ganagaluru
625759,215481,Ganagaluru
625760,215481,Ganagaluru
625761,215552,Chikkahalli
625762,215552,Chikkahalli
625764,215556,Hullenahalli
625765,215552,Chikkahalli
625766,215569,Sathanur
625767,215552,Chikkahalli
625768,215556,Hullenahalli
625769,215552,Chikkahalli
625770,215553,Gudemaranahalli
625771,215553,Gudemaranahalli
625772,215556,Hullenahalli
625773,215556,Hullenahalli
625774,215568,Sankighatta
625775,215556,Hullenahalli
625776,215574,Thjppasandra
625778,215568,Sankighatta
625779,215568,Sankighatta
625780,215568,Sankighatta
625781,215568,Sankighatta
625782,215568,Sankighatta
625783,215568,Sankighatta
625784,215548,Belagumba
625785,215574,Thjppasandra
625786,215574,Thjppasandra
625787,215574,Thjppasandra
625788,215574,Thjppasandra
625789,215568,Sankighatta
625790,215574,Thjppasandra
625791,215551,Chikka Mudigere
625792,215574,Thjppasandra
625793,215551,Chikka Mudigere
625794,215551,Chikka Mudigere
625795,215551,Chikka Mudigere
625796,215551,Chikka Mudigere
625797,215551,Chikka Mudigere
625798,215551,Chikka Mudigere
625799,215551,Chikka Mudigere
625800,215551,Chikka Mudigere
625801,215557,Kalarikaval
625802,215551,Chikka Mudigere
625803,215551,Chikka Mudigere
625804,215551,Chikka Mudigere
625805,215557,Kalarikaval
625806,215559,Kannur
625807,215559,Kannur
625808,215559,Kannur
625809,215559,Kannur
625810,215559,Kannur
625811,215546,Bachenahatti
625812,215572,Srigiripura
625813,215572,Srigiripura
625814,215572,Srigiripura
625815,215572,Srigiripura
625816,215572,Srigiripura
625817,215559,Kannur
625818,215555,Hulikal.
625819,215555,Hulikal.
625821,215572,Srigiripura
625822,215543,Adarangi
625823,215547,Banavadi
625824,215543,Adarangi
625825,215543,Adarangi
625826,215543,Adarangi
625827,215543,Adarangi
625828,215555,Hulikal.
625829,215561,Lakkenahalli
625830,215549,Biskur
625831,215549,Biskur
625832,215549,Biskur
625833,215549,Biskur
625834,215560,Kudur
625835,215563,Madigondanahalli
625836,215563,Madigondanahalli
625837,215563,Madigondanahalli
625838,215563,Madigondanahalli
625839,215561,Lakkenahalli
625840,215566,Narasandra
625841,215544,Agalakote
625842,215549,Biskur
625843,215549,Biskur
625844,215549,Biskur
625845,215549,Biskur
625846,215566,Narasandra
625847,215566,Narasandra
625848,215566,Narasandra
625849,215563,Madigondanahalli
625850,215566,Narasandra
625852,215563,Madigondanahalli
625853,215563,Madigondanahalli
625854,215547,Banavadi
625855,215547,Banavadi
625856,215547,Banavadi
625857,215547,Banavadi
625858,215547,Banavadi
625859,215547,Banavadi
625860,215547,Banavadi
625861,215547,Banavadi
625862,215547,Banavadi
625863,215547,Banavadi
625864,215547,Banavadi
625865,215550,Bittasandra
625866,215555,Hulikal.
625867,215550,Bittasandra
625868,215550,Bittasandra
625869,215548,Belagumba
625870,215550,Bittasandra
625871,215550,Bittasandra
625872,215561,Lakkenahalli
625873,215550,Bittasandra
625874,215550,Bittasandra
625876,215550,Bittasandra
625878,215550,Bittasandra
625879,215561,Lakkenahalli
625880,215571,Solur
625882,215571,Solur
625883,215550,Bittasandra
625884,215563,Madigondanahalli
625885,215563,Madigondanahalli
625886,215563,Madigondanahalli
625887,215571,Solur
625888,215571,Solur
625889,215561,Lakkenahalli
625890,215561,Lakkenahalli
625891,215563,Madigondanahalli
625892,215555,Hulikal.
625893,215573,Thaggikuppe
625894,215570,Seegekuppe
625895,215561,Lakkenahalli
625896,215561,Lakkenahalli
625897,215571,Solur
625898,215571,Solur
625899,215571,Solur
625900,215573,Thaggikuppe
625901,215548,Belagumba
625902,215553,Gudemaranahalli
625903,215553,Gudemaranahalli
625904,215553,Gudemaranahalli
625905,215553,Gudemaranahalli
625906,215561,Lakkenahalli
625907,215565,Motagondanahallli
625908,215565,Motagondanahallli
625909,215565,Motagondanahallli
625910,215553,Gudemaranahalli
625911,215565,Motagondanahallli
625912,215565,Motagondanahallli
625913,215548,Belagumba
625914,215565,Motagondanahallli
625915,215565,Motagondanahallli
625916,215565,Motagondanahallli
625917,215565,Motagondanahallli
625918,215548,Belagumba
625919,215565,Motagondanahallli
625920,215565,Motagondanahallli
625921,215557,Kalarikaval
625922,215557,Kalarikaval
625923,215557,Kalarikaval
625925,215558,Kalya
625926,215558,Kalya
625927,215573,Thaggikuppe
625928,215573,Thaggikuppe
625929,215550,Bittasandra
625930,215548,Belagumba
625931,215548,Belagumba
625932,215548,Belagumba
625933,215548,Belagumba
625934,215573,Thaggikuppe
625935,215573,Thaggikuppe
625936,215558,Kalya
625937,215558,Kalya
625938,215558,Kalya
625939,215557,Kalarikaval
625940,215557,Kalarikaval
625941,215558,Kalya
625942,215558,Kalya
625943,215569,Sathanur
625944,215567,Nethenahalli
625945,215558,Kalya
625947,215558,Kalya
625950,215573,Thaggikuppe
625951,215573,Thaggikuppe
625952,215573,Thaggikuppe
625954,215548,Belagumba
625955,215548,Belagumba
625956,215571,Solur
625957,215548,Belagumba
625958,215548,Belagumba
625961,215567,Nethenahalli
625962,215567,Nethenahalli
625963,215569,Sathanur
625964,215569,Sathanur
625965,215569,Sathanur
625966,215569,Sathanur
625967,215544,Agalakote
625968,215544,Agalakote
625969,215562,Madabal
625970,215569,Sathanur
625971,215562,Madabal
625972,215567,Nethenahalli
625973,215567,Nethenahalli
625974,215567,Nethenahalli
625975,215562,Madabal
625976,215567,Nethenahalli
625977,215546,Bachenahatti
625978,215546,Bachenahatti
625979,215546,Bachenahatti
625980,215546,Bachenahatti
625981,215546,Bachenahatti
625982,215546,Bachenahatti
625983,215546,Bachenahatti
625984,215546,Bachenahatti
625985,215546,Bachenahatti
625986,215546,Bachenahatti
625987,215546,Bachenahatti
625988,215562,Madabal
625990,215562,Madabal
625991,215562,Madabal
625992,215562,Madabal
625993,215562,Madabal
625994,215562,Madabal
625995,215562,Madabal
625996,215562,Madabal
625997,215545,Ajjanahalli
625999,215562,Madabal
626001,215544,Agalakote
626002,215544,Agalakote
626003,215544,Agalakote
626004,215564,Mathikere
626005,215544,Agalakote
626006,215544,Agalakote
626008,215544,Agalakote
626009,215570,Seegekuppe
626010,215570,Seegekuppe
626011,215570,Seegekuppe
626012,215564,Mathikere
626013,215570,Seegekuppe
626014,215561,Lakkenahalli
626015,215570,Seegekuppe
626016,215570,Seegekuppe
626018,215570,Seegekuppe
626019,215570,Seegekuppe
626020,215564,Mathikere
626021,215564,Mathikere
626022,215564,Mathikere
626023,215565,Motagondanahallli
626024,215545,Ajjanahalli
626025,215554,Hanchikuppe
626026,215545,Ajjanahalli
626027,215545,Ajjanahalli
626028,215545,Ajjanahalli
626029,215545,Ajjanahalli
626030,215554,Hanchikuppe
626031,215554,Hanchikuppe
626032,215554,Hanchikuppe
626033,215554,Hanchikuppe
626034,215554,Hanchikuppe
626035,215554,Hanchikuppe
626036,215545,Ajjanahalli
626037,215546,Bachenahatti
626038,215554,Hanchikuppe
626039,215554,Hanchikuppe
626040,215546,Bachenahatti
626041,215546,Bachenahatti
626042,215572,Srigiripura
626043,215554,Hanchikuppe
626044,215554,Hanchikuppe
626045,215554,Hanchikuppe
626046,215560,Kudur
626047,215597,Akkur
626048,215597,Akkur
626050,215603,Doddagangavadi
626051,215609,Jalamagal
626052,215609,Jalamagal
626053,215610,Kailancha
626054,215614,Lakshmipura
626055,215614,Lakshmipura
626056,215614,Lakshmipura
626057,215614,Lakshmipura
626058,215614,Lakshmipura
626060,215612,Kootagal
626061,215609,Jalamagal
626062,215603,Doddagangavadi
626063,215603,Doddagangavadi
626064,215612,Kootagal
626065,215617,Shanaboganahalli
626066,215617,Shanaboganahalli
626067,215617,Shanaboganahalli
626068,215617,Shanaboganahalli
626069,215617,Shanaboganahalli
626070,215617,Shanaboganahalli
626071,215612,Kootagal
626072,215614,Lakshmipura
626073,215618,Sugganahalli
626074,215618,Sugganahalli
626075,215618,Sugganahalli
626076,215618,Sugganahalli
626077,215605,Harisandra
626078,215605,Harisandra
626079,215600,Belugumba
626081,215600,Belugumba
626082,215600,Belugumba
626083,215605,Harisandra
626085,215600,Belugumba
626086,215619,Vibuthi Kere
626088,215605,Harisandra
626089,215616,Mayaganahalli
626091,215616,Mayaganahalli
626092,215616,Mayaganahalli
626093,215616,Mayaganahalli
626094,215616,Mayaganahalli
626095,215616,Mayaganahalli
626096,215616,Mayaganahalli
626097,215598,Bannikuppe
626098,215598,Bannikuppe
626099,215598,Bannikuppe
626101,215598,Bannikuppe
626103,215598,Bannikuppe
626105,215615,Manchanayakanahalli
626106,215615,Manchanayakanahalli
626107,215615,Manchanayakanahalli
626109,215598,Bannikuppe
626112,215598,Bannikuppe
626113,215598,Bannikuppe
626114,215598,Bannikuppe
626120,215615,Manchanayakanahalli
626121,215615,Manchanayakanahalli
626122,215615,Manchanayakanahalli
626123,215615,Manchanayakanahalli
626124,215615,Manchanayakanahalli
626125,215615,Manchanayakanahalli
626126,215602,Byaramangal
626128,215602,Byaramangal
626129,215602,Byaramangal
626130,215615,Manchanayakanahalli
626132,215615,Manchanayakanahalli
626136,215604,Gopahalli
626138,215604,Gopahalli
626139,215604,Gopahalli
626140,215602,Byaramangal
626144,215602,Byaramangal
626145,215613,Kunchugaranahalli
626146,215613,Kunchugaranahalli
626147,215613,Kunchugaranahalli
626148,215613,Kunchugaranahalli
626150,215613,Kunchugaranahalli
626151,215607,Hunasanahalli
626152,215607,Hunasanahalli
626153,215607,Hunasanahalli
626154,215607,Hunasanahalli
626155,215604,Gopahalli
626156,215604,Gopahalli
626158,215604,Gopahalli
626159,215610,Kailancha
626160,215607,Hunasanahalli
626161,215607,Hunasanahalli
626162,215619,Vibuthi Kere
626163,215619,Vibuthi Kere
626165,215599,Bannikuppe2
626166,215619,Vibuthi Kere
626168,215599,Bannikuppe2
626169,215610,Kailancha
626170,215612,Kootagal
626171,215599,Bannikuppe2
626172,215599,Bannikuppe2
626174,215610,Kailancha
626175,215599,Bannikuppe2
626176,215599,Bannikuppe2
626178,215606,Hulikeregunnur(Averhalli)
626179,215606,Hulikeregunnur(Averhalli)
626180,215606,Hulikeregunnur(Averhalli)
626181,215606,Hulikeregunnur(Averhalli)
626182,215606,Hulikeregunnur(Averhalli)
626183,215606,Hulikeregunnur(Averhalli)
626185,215606,Hulikeregunnur(Averhalli)
626187,215409,Mandya Bommanayakanahally
626188,215406,Makali
626189,215406,Makali
626190,215406,Makali
626191,215398,Dasavara
626192,215395,Bevoor
626193,215395,Bevoor
626194,215395,Bevoor
626195,215395,Bevoor
626196,215395,Bevoor
626197,215409,Mandya Bommanayakanahally
626198,215409,Mandya Bommanayakanahally
626199,215409,Mandya Bommanayakanahally
626200,215409,Mandya Bommanayakanahally
626201,215409,Mandya Bommanayakanahally
626202,215395,Bevoor
626203,215395,Bevoor
626205,215399,H.Byadarahalli
626206,215399,H.Byadarahalli
626207,215399,H.Byadarahalli
626208,215399,H.Byadarahalli
626209,215399,H.Byadarahalli
626210,215399,H.Byadarahalli
626211,215410,Mathikere
626212,215399,H.Byadarahalli
626213,215411,Mudagere
626214,215411,Mudagere
626215,215411,Mudagere
626216,215411,Mudagere
626217,215410,Mathikere
626218,215407,Malur
626219,215397,Chekkere
626220,215397,Chekkere
626221,215410,Mathikere
626222,215410,Mathikere
626223,215410,Mathikere
626224,215410,Mathikere
626225,215411,Mudagere
626226,215411,Mudagere
626227,215411,Mudagere
626228,215408,Malurpatna
626229,215397,Chekkere
626230,215397,Chekkere
626231,215397,Chekkere
626232,215408,Malurpatna
626233,215418,Sulleri
626234,215408,Malurpatna
626235,215413,Nagavara
626236,215413,Nagavara
626237,215413,Nagavara
626238,215412,Mylanayakanahally
626239,215412,Mylanayakanahally
626240,215420,Thittamaranahally
626241,215415,Rampura
626242,215398,Dasavara
626243,215398,Dasavara
626244,215415,Rampura
626245,215421,Vandaraguppe
626246,215415,Rampura
626247,215415,Rampura
626248,215415,Rampura
626249,215415,Rampura
626250,215421,Vandaraguppe
626251,215619,Vibuthi Kere
626252,215419,Tagachagere
626253,215419,Tagachagere
626256,215421,Vandaraguppe
626257,215421,Vandaraguppe
626258,215420,Thittamaranahally
626259,215420,Thittamaranahally
626260,215414,Neelasandra
626261,215414,Neelasandra
626262,215405,Kudlur
626263,215405,Kudlur
626264,215401,Honganoor
626265,215414,Neelasandra
626266,215414,Neelasandra
626267,215414,Neelasandra
626268,215414,Neelasandra
626269,215419,Tagachagere
626270,215419,Tagachagere
626271,215414,Neelasandra
626272,215414,Neelasandra
626273,215418,Sulleri
626274,215418,Sulleri
626275,215418,Sulleri
626276,215392,Akkur
626277,215408,Malurpatna
626278,215392,Akkur
626279,215392,Akkur
626280,215394,Banagahally
626281,215422,Virupakshipura
626282,215422,Virupakshipura
626283,215393,B.V.Hally
626284,215393,B.V.Hally
626285,215393,B.V.Hally
626286,215393,B.V.Hally
626287,215396,Bhoohally
626288,215393,B.V.Hally
626289,215393,B.V.Hally
626290,215393,B.V.Hally
626291,215422,Virupakshipura
626292,215422,Virupakshipura
626293,215404,Kodamballi
626294,215404,Kodamballi
626295,215394,Banagahally
626296,215417,Sogala
626297,215418,Sulleri
626298,215418,Sulleri
626299,215400,Harokoppa
626300,215400,Harokoppa
626301,215394,Banagahally
626302,215423,Yelethotadahalli
626303,215423,Yelethotadahalli
626304,215394,Banagahally
626305,215400,Harokoppa
626306,215402,Iggalur
626307,215402,Iggalur
626308,215402,Iggalur
626309,215423,Yelethotadahalli
626310,215423,Yelethotadahalli
626311,215403,J.Byadarahally
626312,215403,J.Byadarahally
626313,215403,J.Byadarahally
626314,215403,J.Byadarahally
626315,215403,J.Byadarahally
626316,215423,Yelethotadahalli
626317,215404,Kodamballi
626318,215404,Kodamballi
626319,215403,J.Byadarahally
626320,215403,J.Byadarahally
626321,215403,J.Byadarahally
626322,215403,J.Byadarahally
626323,215404,Kodamballi
626324,215416,Singarajapura
626325,215416,Singarajapura
626326,215416,Singarajapura
626327,215416,Singarajapura
626328,215396,Bhoohally
626329,215396,Bhoohally
626330,215396,Bhoohally
626331,215396,Bhoohally
626332,215529,Kottagalu
626333,215529,Kottagalu
626334,215502,Arakere
626335,215528,Kolliganahalli
626337,215528,Kolliganahalli
626339,215518,Hosadurga
626341,215525,Kaggalahalli
626343,215525,Kaggalahalli
626344,215525,Kaggalahalli
626346,215525,Kaggalahalli
626347,215525,Kaggalahalli
626348,215525,Kaggalahalli
626349,215525,Kaggalahalli
626350,215514,Dyvasandra
626351,215525,Kaggalahalli
626352,215525,Kaggalahalli
626353,215514,Dyvasandra
626357,215528,Kolliganahalli
626358,215508,Cheelur
626359,215529,Kottagalu
626360,215529,Kottagalu
626361,215511,Dodda Mudavadi
626362,215511,Dodda Mudavadi
626363,215511,Dodda Mudavadi
626367,215511,Dodda Mudavadi
626368,215529,Kottagalu
626369,215529,Kottagalu
626370,215504,Banavasi
626372,215508,Cheelur
626373,215537,T. Hosahalli
626374,215514,Dyvasandra
626375,215514,Dyvasandra
626377,215514,Dyvasandra
626378,215508,Cheelur
626379,215508,Cheelur
626380,215537,T. Hosahalli
626381,215537,T. Hosahalli
626382,215537,T. Hosahalli
626384,215537,T. Hosahalli
626385,215537,T. Hosahalli
626386,215537,T. Hosahalli
626387,215537,T. Hosahalli
626388,215537,T. Hosahalli
626389,215539,Thokasandra
626390,215539,Thokasandra
626392,215539,Thokasandra
626393,215539,Thokasandra
626394,215507,Chakanahalli
626395,215507,Chakanahalli
626396,215539,Thokasandra
626398,215539,Thokasandra
626400,215513,Doddamaralavadi
626401,215513,Doddamaralavadi
626402,215513,Doddamaralavadi
626403,215513,Doddamaralavadi
626404,215514,Dyvasandra
626405,215514,Dyvasandra
626407,215514,Dyvasandra
626408,215504,Banavasi
626409,215514,Dyvasandra
626410,215504,Banavasi
626411,215504,Banavasi
626412,215504,Banavasi
626413,215524,Kadahalli
626414,215504,Banavasi
626415,215504,Banavasi
626417,215504,Banavasi
626418,215513,Doddamaralavadi
626419,215542,Yalachavadi
626420,215542,Yalachavadi
626421,215542,Yalachavadi
626422,215542,Yalachavadi
626423,215542,Yalachavadi
626424,215542,Yalachavadi
626425,215542,Yalachavadi
626426,215542,Yalachavadi
626427,215542,Yalachavadi
626428,215507,Chakanahalli
626429,215542,Yalachavadi
626430,215509,Chikkamudavadi
626431,215509,Chikkamudavadi
626432,215509,Chikkamudavadi
626433,215501,Allimaranahalli
626434,215536,Somedyapanahalli
626435,215536,Somedyapanahalli
626437,215536,Somedyapanahalli
626438,215536,Somedyapanahalli
626439,215536,Somedyapanahalli
626440,215536,Somedyapanahalli
626441,215536,Somedyapanahalli
626442,215501,Allimaranahalli
626443,215501,Allimaranahalli
626444,215501,Allimaranahalli
626445,215501,Allimaranahalli
626447,215540,Tungani
626448,215540,Tungani
626449,215540,Tungani
626451,215540,Tungani
626452,215540,Tungani
626453,215526,Kallahalli
626454,215526,Kallahalli
626456,215526,Kallahalli
626457,215526,Kallahalli
626458,215506,Budiguppe
626459,215507,Chakanahalli
626460,215507,Chakanahalli
626462,215507,Chakanahalli
626463,215507,Chakanahalli
626465,215535,Shivanahalli
626466,215535,Shivanahalli
626469,215506,Budiguppe
626472,215535,Shivanahalli
626473,215536,Somedyapanahalli
626474,215535,Shivanahalli
626475,215535,Shivanahalli
626476,215535,Shivanahalli
626477,215538,T.Bekkuppe
626478,215538,T.Bekkuppe
626480,215538,T.Bekkuppe
626482,215538,T.Bekkuppe
626483,215533,Narayanapura
626485,215533,Narayanapura
626486,215533,Narayanapura
626487,215533,Narayanapura
626488,215533,Narayanapura
626489,215533,Narayanapura
626490,215523,Kabbalu
626491,215523,Kabbalu
626492,215523,Kabbalu
626493,215523,Kabbalu
626494,215523,Kabbalu
626495,215523,Kabbalu
626496,215510,Choodahalli
626497,215510,Choodahalli
626499,215510,Choodahalli
626500,215510,Choodahalli
626501,215510,Choodahalli
626502,215503,Arekattedoddi(Kachuvanahalli)
626503,215523,Kabbalu
626504,215523,Kabbalu
626506,215503,Arekattedoddi(Kachuvanahalli)
626508,215503,Arekattedoddi(Kachuvanahalli)
626509,215531,Mullahalli
626510,215510,Choodahalli
626512,215500,Acchalu
626513,215500,Acchalu
626514,215522,Kodihalli
626515,215516,Herandyapanahalli
626516,215503,Arekattedoddi(Kachuvanahalli)
626517,215503,Arekattedoddi(Kachuvanahalli)
626519,215526,Kallahalli
626521,215517,Honniganahalli
626522,215517,Honniganahalli
626523,215517,Honniganahalli
626524,215505,Bannimukkodlu
626525,215517,Honniganahalli
626526,215534,Sathanur
626528,215508,Cheelur
626529,215500,Acchalu
626530,215534,Sathanur
626531,215534,Sathanur
626532,215502,Arakere
626534,215524,Kadahalli
626535,215517,Honniganahalli
626537,215524,Kadahalli
626538,215524,Kadahalli
626539,215524,Kadahalli
626540,215504,Banavasi
626541,215524,Kadahalli
626542,215524,Kadahalli
626543,215534,Sathanur
626544,215512,Doddaalahalli
626545,215512,Doddaalahalli
626546,215512,Doddaalahalli
626547,215500,Acchalu
626548,215500,Acchalu
626549,215530,Marale Bekuppe
626550,215531,Mullahalli
626551,215531,Mullahalli
626552,215531,Mullahalli
626553,215519,Hukunda
626554,215519,Hukunda
626555,215531,Mullahalli
626556,215532,Nallahalli
626557,215530,Marale Bekuppe
626558,215512,Doddaalahalli
626559,215541,Uyyamballi
626560,215541,Uyyamballi
626561,215541,Uyyamballi
626562,215541,Uyyamballi
626563,215541,Uyyamballi
626564,215541,Uyyamballi
626565,215541,Uyyamballi
626566,215541,Uyyamballi
626567,215541,Uyyamballi
626568,215541,Uyyamballi
626569,215531,Mullahalli
626570,215529,Kottagalu
626571,215521,I. Golla Halli
626573,215521,I. Golla Halli
626574,215521,I. Golla Halli
626576,215541,Uyyamballi
626577,215541,Uyyamballi
626578,215541,Uyyamballi
626579,215505,Bannimukkodlu
626580,215505,Bannimukkodlu
626581,215502,Arakere
626582,215502,Arakere
626583,215502,Arakere
626584,215524,Kadahalli
626585,215502,Arakere
626586,215502,Arakere
626587,215521,I. Golla Halli
626588,215528,Kolliganahalli
626589,215516,Herandyapanahalli
626591,215516,Herandyapanahalli
626592,215516,Herandyapanahalli
626593,215516,Herandyapanahalli
626594,215522,Kodihalli
626596,215516,Herandyapanahalli
626597,215516,Herandyapanahalli
626598,215527,Kolagondanahalli
626600,215527,Kolagondanahalli
626602,215527,Kolagondanahalli
626603,215520,Hunasanahalli
626604,215520,Hunasanahalli
626605,215527,Kolagondanahalli
626607,215516,Herandyapanahalli
626608,215518,Hosadurga
626609,215522,Kodihalli
626611,215519,Hukunda
626612,215519,Hukunda
626614,215518,Hosadurga
626615,215518,Hosadurga
626618,215518,Hosadurga
626619,215518,Hosadurga
626620,215518,Hosadurga
626621,215518,Hosadurga
626622,215505,Bannimukkodlu
626623,215505,Bannimukkodlu
626624,215505,Bannimukkodlu
626625,215505,Bannimukkodlu
626627,215505,Bannimukkodlu
626628,215517,Honniganahalli
626629,215505,Bannimukkodlu
626630,215520,Hunasanahalli
626631,215505,Bannimukkodlu
626632,215520,Hunasanahalli
626633,215520,Hunasanahalli
626634,215520,Hunasanahalli
910087,215463,Kesthuru
910091,215465,Konaghatta
910094,215465,Konaghatta
910098,215462,Kantanakunte
910207,215449,Channadevi Agrahara
910208,215449,Channadevi Agrahara
910219,215451,Dodda Tumakuru
910221,215468,Melina Joganahalli ( S.S.Ghati)
910223,215468,Melina Joganahalli ( S.S.Ghati)
910224,215468,Melina Joganahalli ( S.S.Ghati)
910230,215430,Channarayapatna
910246,215428,Bijjawara
910253,272723,Mandibele
910258,215432,Gangavara Chowdappanahalli
910262,215426,Bettekote
910264,215424,Anneshwara
910273,215492,Nandagudi
910284,215496,Shivanapura
910292,215498,Thavarekere
910319,218739,Gonikoppal
910406,217628,Pallagatte
910484,215586,Manne
917153,272692,Haralagatta
917179,272695,Godabanahal
917180,272695,Godabanahal
917188,272700,Sriramanagara
917204,272721,Alooru Duddanahalli
917230,272729,Addagallu
917236,272730,Mindigal
917253,272733,Talakayalabetta
917361,272863,Govindavadi
917445,272950,Tuppuru
917623,216710,Agathagowdanahalli
917668,273257,Madhuru
917702,273267,H.K.Halli
917933,216458,Mustari
921672,220225,Chinakavajra
921675,220225,Chinakavajra
923683,216343,Gundur
923715,216446,Hallikhed (K)
923721,215724,Yallur
923725,215927,Mavanur
923726,215928,Naganur K D
923727,215928,Naganur K D
923728,215928,Naganur K D
923741,218098,Hotpet
923742,218098,Hotpet
923891,218665,Ballamavati
923892,218666,Bengoor Cherambane
923893,218666,Bengoor Cherambane
923894,218667,Bettageri
923895,218668,Bhagamandala
923896,218668,Bhagamandala
923897,218669,Chembu
923898,218670,Galibeedu
923899,218674,Kalakeri Nidugane
923900,218675,Kanthur Murnad
923901,218675,Kanthur Murnad
923903,218677,Konanjageri (Perane)
923904,218677,Konanjageri (Perane)
923905,218678,Kundacheri
923906,218678,Kundacheri
923907,218679,Kunjila (Kakkabbe)
923908,218680,Made
923911,218681,Makkandur
923912,218681,Makkandur
923913,218681,Makkandur
923914,218681,Makkandur
923915,218685,Peraje
923916,218686,Sampaje
923917,218686,Sampaje
923921,218688,Aigur
923924,218689,Alur
923925,218689,Alur
923926,218689,Alur
923927,218689,Alur
923929,218689,Alur
923930,218689,Alur
923931,218689,Alur
923932,218689,Alur
923933,218689,Alur
923934,218689,Alur
923935,218689,Alur
923936,218689,Alur
923937,218689,Alur
923938,218689,Alur
923939,218689,Alur
923941,218690,Belur
923942,218691,Besur
923943,218691,Besur
923944,218691,Besur
923945,218691,Besur
923948,218695,Chowdlu
923949,218696,Doddamolathe
923950,218696,Doddamolathe
923951,218696,Doddamolathe
923952,218698,Ganagur
923953,218698,Ganagur
923954,218698,Ganagur
923955,218698,Ganagur
923956,218698,Ganagur
923957,218698,Ganagur
923958,218698,Ganagur
923959,218698,Ganagur
923960,218700,Gowdalli
923961,218700,Gowdalli
923962,218700,Gowdalli
923963,218700,Gowdalli
923964,218700,Gowdalli
923965,218700,Gowdalli
923966,218700,Gowdalli
923967,218700,Gowdalli
923969,218700,Gowdalli
923970,218700,Gowdalli
923971,218700,Gowdalli
923972,218700,Gowdalli
923973,218700,Gowdalli
923974,218701,Guddehosur
923975,218701,Guddehosur
923976,218701,Guddehosur
923977,218701,Guddehosur
923978,218701,Guddehosur
923980,218702,Hanagallu
923981,218702,Hanagallu
923987,218709,Kodagaralli
923989,218711,Kudige
923990,218711,Kudige
923991,218711,Kudige
923992,218711,Kudige
923995,218711,Kudige
923996,218712,Kudumangalore
923997,218712,Kudumangalore
923998,218712,Kudumangalore
923999,218712,Kudumangalore
924001,218713,Madapura
924002,218713,Madapura
924003,218713,Madapura
924007,218716,Nanjarayapatna
924008,218716,Nanjarayapatna
924010,218722,Sirangala
924011,218723,Sunticoppa
924012,218725,Torenur
924013,218725,Torenur
924014,218725,Torenur
924015,218725,Torenur
924016,218725,Torenur
924017,218725,Torenur
924018,218725,Torenur
924028,218728,Aruvatoklu
924029,218728,Aruvatoklu
924034,218734,Birunani
924035,218734,Birunani
924036,218735,Bittangala
924037,218735,Bittangala
924038,218736,Chembe Bellur
924039,218736,Chembe Bellur
924040,218737,Chennayana Kote
924041,218737,Chennayana Kote
924044,218737,Chennayana Kote
924046,218737,Chennayana Kote
924047,218738,Devarapura
924053,218741,Hathur
924054,218741,Hathur
924055,218743,Hudikeri
924058,218753,Mayamudi
924060,218753,Mayamudi
924064,218760,Srimangala
924065,218760,Srimangala
924066,218761,T. Shettigeri
924071,218762,Thithimathi
924146,215373,Agara
924154,215373,Agara
924158,215376,Chikkanahalli
924265,216170,Ambali
924266,216171,Bachigundanahalli
924267,216171,Bachigundanahalli
924271,216173,Bannikallu
924274,216175,Benakal
924285,216179,Halagapura
924310,216215,Appenhalli
924317,216217,Banavikallu
924331,216222,Gandabommanahalli
924360,216228,Hosahalli
924395,216240,Pujarahalli
924424,216260,Nidagurthi
924426,216260,Nidagurthi
924431,219078,Chikkadhanakanakal
924456,215435,Jalige
924477,215475,Bylanarasapura
924490,215584,Kodigehalli
924546,216668,Alur
924604,217776,Kurtakoti
924629,216687,Jyothigowdanapura
924654,217470,Belavanuru
924662,217609,Anabur
924667,217617,Donnehalli
924668,217617,Donnehalli
924693,219003,Kappalamadugu
924717,218983,Santehalli
924839,272992,Aladakatti
924892,216692,Kudluru
924901,216696,Mangala
924903,216696,Mangala
924919,216702,Punajanuru
924932,216706,Udigala
924963,216724,Horeyala
924967,216727,Kannegala
924974,216728,Kelasur
924977,216729,Kodasoge
924985,216730,Kotekere
925001,216733,Nitre
925015,219910,Bhimaneri
925024,219914,Herenelluru
925026,219914,Herenelluru
925027,219914,Herenelluru
925036,219920,Keladi
925131,219995,Hosahalli
925200,220017,Umblebilu
925233,220052,Tatturu
925366,219919,Kanle
925367,219921,Koluru
925518,218769,Gulur
925537,218978,Chokkandahalli
925543,218843,Peresandra
925566,218854,Iragampalli
925610,218871,Peddur
925621,218877,Upparapet
925623,218877,Upparapet
925641,218882,B.Bommasandra
925646,218883,Bevinahalli
925692,218894,Halehalli
925694,218894,Halehalli
925729,218904,Melya
925730,218882,B.Bommasandra
925731,218904,Melya
925868,215347,Bandikodagehalli
925872,272980,Sathanooru
925916,216437,Bemalkheda
925917,218904,Melya
925928,218918,Hampasandra
925947,219024,Dibburahalli
925958,216266,Vittalapura
926008,215438,Koira
926048,216688,Kagalavadi
926061,216717,Begur
926086,219919,Kanle
926087,219919,Kanle
926136,218847,Batlahalli
926137,218847,Batlahalli
926148,218917,Beechaganahally
926149,218917,Beechaganahally
926155,218918,Hampasandra
926163,218919,Somenahalli
926171,218920,Tirumani
926178,218922,Varlakonda
926181,218922,Varlakonda
926191,219020,Basettyhalli
926194,219024,Dibburahalli
926195,219026,Ganjigunte
926203,272733,Talakayalabetta
926211,218922,Varlakonda
926648,216183,Kadlebalu
926791,218212,Magge
926830,218395,Mosalehosahalli
926857,219209,Anagola
926858,219210,Ballekere
926860,219214,Bharathipuracross
926878,219219,Haralahalli
926918,219286,Chikkamulagudu
926934,219342,Hullenahalli
926984,219395,Chinakurali
927134,217052,Alagavadi
927174,217059,Chikkabennur
927220,219543,Harohalli (Mallahalli)
927252,219562,Yadakola
927301,219662,Seehalli
927307,219638,B.Shettahalli
927320,219647,Hemmige
927321,219647,Hemmige
927329,219653,Kiragasuru
927348,217066,Hireguntanur
927361,217070,Iyyanahalli
927369,217072,Janukonda
927373,217073,Kalagere
927375,217074,Kogunde
927381,217077,Lakshmisagara
927393,217082,Muddapura
927396,217067,Hullur
927404,217083,Siddapura
927408,217083,Siddapura
927415,217087,Yelagodu
927416,217082,Muddapura
927422,217186,Hangal
927424,217186,Hangal
927435,217195,Santhegudda
927436,217195,Santhegudda
927438,217182,Ashokasiddapura
927440,217182,Ashokasiddapura
927442,217182,Ashokasiddapura
927464,217154,Bokikere
927469,217155,Chikkabyladakere
927471,217156,Devapura
927475,217157,Devigere
927490,217161,Guddadanerlakere
927518,217171,Kellodu
927532,217176,Mallappanahalli
927537,217178,S Nerlakere
927538,217178,S Nerlakere
927542,217088,Abbenahole
927549,217090,Babbur
927609,217181,Thandaga
927631,217120,Adanur
927663,217131,Gungiganur
927665,217134,Madderu
927677,217134,Madderu
927685,217136,Muthugadur
927721,217115,Suragondanahally
931449,273249,Mabanur
931789,217061,Cholaghatta
938283,215914,Islampur
938589,219896,Nitturu
938590,219896,Nitturu
938591,219896,Nitturu
938592,219896,Nitturu
938593,219921,Koluru
938594,219936,Yadajigalemane
938595,219936,Yadajigalemane
938596,219921,Koluru
938597,219936,Yadajigalemane
938598,219921,Koluru
938599,219936,Yadajigalemane
938600,219906,Avinahalli
938601,219936,Yadajigalemane
938603,219907,Banukuli
938604,219905,Aralagodu
938608,219905,Aralagodu
938609,219933,Tumari
938610,219905,Aralagodu
938611,219928,Sannashanubhog
938612,219928,Sannashanubhog
938613,219933,Tumari
938614,219933,Tumari
938618,219964,Kittadahalli
938637,220013,Shettyhalli
938645,220008,Nidige-I
938646,219996,Kadekallu
938699,301643,Guledakoppa
938780,215441,Nalluru
938784,215441,Nalluru
938822,215547,Banavadi
938829,215554,Hanchikuppe
938835,215552,Chikkahalli
938858,220756,Angod
938859,220767,Nandolli
938860,273217,Chandhaguli
938862,273217,Chandhaguli
938868,218814,N.G.Hulkooru
938878,218204,Ganjigere
938879,218204,Ganjigere
938881,218204,Ganjigere
938882,218209,Karagodu
938891,218379,Hanumanthapura
938897,219493,Singaramaranahalli
938900,219537,Doddamaragowdanahalli
938956,216867,Malleshwara
938957,216867,Malleshwara
938958,216883,Tangali
938960,218939,Kondarajanahalli
938967,218668,Bhagamandala
938968,218670,Galibeedu
938969,218670,Galibeedu
938970,218670,Galibeedu
938971,218670,Galibeedu
938972,218684,Nariandada
938973,218691,Besur
938974,218710,Kodlipet
938975,218691,Besur
938976,218703,Handli
938977,218689,Alur
938978,218691,Besur
938979,218697,Dundalli
938980,218697,Dundalli
938981,218693,Bedagotta
938982,218693,Bedagotta
938983,218703,Handli
938984,218703,Handli
938985,218710,Kodlipet
938986,218703,Handli
938987,218691,Besur
938988,218703,Handli
938989,218703,Handli
938990,218691,Besur
938991,218710,Kodlipet
938992,218703,Handli
938993,218693,Bedagotta
938994,218693,Bedagotta
938997,218697,Dundalli
938998,218691,Besur
938999,218697,Dundalli
939000,218693,Bedagotta
939001,218691,Besur
939002,218691,Besur
939003,218693,Bedagotta
939004,218693,Bedagotta
939005,218691,Besur
939006,218691,Besur
939007,218710,Kodlipet
939008,218693,Bedagotta
939009,218703,Handli
939010,218710,Kodlipet
939011,218693,Bedagotta
939012,218693,Bedagotta
939013,215564,Mathikere
939014,215552,Chikkahalli
939015,215558,Kalya
939023,218703,Handli
939024,218705,Hebbale
939025,218722,Sirangala
939026,218705,Hebbale
939027,218725,Torenur
939028,218705,Hebbale
939029,218711,Kudige
939030,218705,Hebbale
939031,218711,Kudige
939032,218705,Hebbale
939033,218711,Kudige
939034,218696,Doddamolathe
939035,218697,Dundalli
939037,218724,Tholur Shettalli
939038,218697,Dundalli
939039,218697,Dundalli
939040,218719,Nidta
939041,218719,Nidta
939042,218697,Dundalli
939043,218719,Nidta
939044,218719,Nidta
939045,218719,Nidta
939046,218700,Gowdalli
939047,218719,Nidta
939048,218719,Nidta
939050,218719,Nidta
939051,218697,Dundalli
939052,218700,Gowdalli
939053,218697,Dundalli
939054,218697,Dundalli
939055,218719,Nidta
939056,218700,Gowdalli
939057,218718,Nerugalale
939058,218718,Nerugalale
939059,218718,Nerugalale
939060,218719,Nidta
939061,218718,Nerugalale
939062,218715,Nakur Sirangala
939063,218713,Madapura
939064,218699,Garuvale
939065,218699,Garuvale
939066,218713,Madapura
939067,218699,Garuvale
939068,218715,Nakur Sirangala
939069,218699,Garuvale
939070,218707,Kedakal
939072,218742,Hosur
939073,218752,Maldare
939074,218748,Karmadu
939075,218743,Hudikeri
939076,218731,Balyamandur
939077,218729,B. Shettigeri
939078,218741,Hathur
939079,218747,Kanur
939080,218762,Thithimathi
939081,218751,Kutta
939082,218735,Bittangala
939159,215723,Uchangaon
939162,215697,Kadoli
939163,215702,Kinye
939170,215696,K K Koppa
939173,215804,Karagaon
939176,215912,Hosur
939177,215912,Hosur
939178,215928,Naganur K D
939179,215929,Nedasosi
939180,215912,Hosur
939181,215912,Hosur
939185,215637,Kempawad
939186,215668,Ugar B K
939188,215668,Ugar B K
939190,215791,Galataga
939191,215799,Jathrat
939193,216002,Goravanakolla
939194,216029,Sutagatti
939196,216029,Sutagatti
939198,217476,Hebbalu
939199,217453,Rudrapura
939202,219159,Kilarhatti
939203,219151,Hiregonnagar
939210,216620,Nagabenal
939212,220503,80 Badagubettu
939213,218075,Malkhed
939231,220753,Ramnagar
939232,220753,Ramnagar
939237,220769,Vajralli
939238,220769,Vajralli
939239,220645,Chendiya
939242,220133,Doddagunni
939243,220156,Thyagattur
939248,220382,Nidavallalu
939250,220388,Swandenahalli
939252,220346,Nonavinakere
939253,219708,Gorebal
939255,219682,Hosur Siddapur
939256,217652,Managundi
939258,217716,Goudageri
939259,218669,Chembu
939260,218702,Hanagallu
939261,218689,Alur
939262,218703,Handli
939263,218689,Alur
939264,218700,Gowdalli
939265,218688,Aigur
939266,218693,Bedagotta
939267,218700,Gowdalli
939269,218720,Shanivarasanthe
939270,218688,Aigur
939271,218689,Alur
939272,218697,Dundalli
939273,218710,Kodlipet
939274,218726,Valnur Thyagathur
939275,218698,Ganagur
939276,218703,Handli
939277,219438,Antharasanthe
939278,219604,Suthur
939279,219595,Mallupura
939280,219493,Singaramaranahalli
939282,219506,Haliyur
939285,219519,Lalandevanahally
939287,219540,Gungaralachathra
939288,219555,Siddalingapura
939294,219529,Alanahalli
939298,218219,Belavadi
939299,218243,Vijapura Forest
939300,272838,Aladahalli
939302,218225,Ganjalagodu
939303,218242,Vaddarahalli
939305,218354,Kundur
939306,218402,Shettihalli
939307,218403,Tejur
939308,218400,Shankaranahalli
939315,218153,Peth Ammapur
939318,217786,Dambal
939319,218370,B.Katihalli
939383,216702,Punajanuru
939384,216702,Punajanuru
939385,216714,Bannithalapura
939386,218841,Nandi
939399,217034,S.Mahadevapura
939400,217035,Nagaramgere
939516,215347,Bandikodagehalli
939525,244391,Rahutanakatti
939526,218655,Konanakeri
939527,219879,Belluru
939528,219933,Tumari
939529,219933,Tumari
939530,219936,Yadajigalemane
939531,219936,Yadajigalemane
939537,216950,Kadahinabylu
939538,216946,Bale ( Mudabagilu )
939542,216976,Bhavikere
939544,216985,Gulladamane
939545,216840,Banur
939546,216892,Yemmedoddi
939547,216892,Yemmedoddi
939549,216834,Vasthare
939550,216794,Baskal
939551,216806,Hariharadahalli
939552,218801,Hulkooru
939555,218982,Rajenahalli
939562,219406,Katteri
939563,219396,Dinka
939733,219006,Mothakapalli
939735,219858,Kudligere
939736,218253,Chogachagere
939737,218696,Doddamolathe
939738,218703,Handli
941959,216212,Seetharama Thanda
942729,219424,K.R.Sagara
948369,215697,Kadoli
948370,215723,Uchangaon
948371,215697,Kadoli
948372,215714,Rangadolhi
948373,215680,Bambarga
948374,215721,Thumergudi
948375,215687,Bijagarni
948376,215687,Bijagarni
948394,218287,Thalalur
948395,218267,Kallugundi
948396,218260,Harnahalli
948397,218260,Harnahalli
948398,218277,Madalu
948400,218282,Puralehalli
948402,218287,Thalalur
948403,218282,Puralehalli
948404,218284,Rangapura
948405,218255,Dummenahalli
948407,218287,Thalalur
948412,217439,Lingadahalli
948413,217447,Nalluru
948414,219536,Dhanagalli
948415,217401,Agarabannihatti
948416,217474,Gudalu
948417,217412,Doddabbigere
948418,217426,Kakanur
948550,216655,Kokatanur
948551,218557,Channalli
948552,216647,Hitnalli
948553,216654,Kerutagi
948554,215443,Vishwanathpura
948555,215438,Koira
948556,215433,Godlumuddena Halli
948557,220219,Bramhasamudra
948558,215443,Vishwanathpura
948559,215435,Jalige
948560,220262,Dommathamari
948561,220283,Vadanakallu
948562,220255,Achamanahalli
948563,220274,Pavagada Gramantara
948564,220281,Siddapura
949877,217069,Issamudra
949878,217060,Chikkagondanahalli
949879,217090,Babbur
950499,217634,Benachi
950500,217632,Arwatagi
950503,217614,Bistuvalli
950505,217609,Anabur
952758,217634,Benachi
953560,215987,Nittur
