arrest_id,case_id,accused_person_id,arrest_date,arresting_officer_id
ARR000001,CR000002,A000002,2025-08-02,EMP001469
ARR000002,CR000003,A000003,2025-09-19,EMP004854
ARR000003,CR000004,A000004,2026-07-19,EMP003299
ARR000004,CR000005,A000005,2024-09-18,EMP006193
ARR000005,CR000006,A000006,2026-07-04,EMP008418
ARR000006,CR000007,A000007,2024-07-23,EMP009408
ARR000007,CR000008,A000008,2025-09-19,EMP005413
ARR000008,CR000010,A000010,2025-08-05,EMP009899
ARR000009,CR000011,A000011,2025-02-19,EMP001404
ARR000010,CR000012,A000012,2024-10-16,EMP008055
ARR000011,CR000013,A000013,2026-05-25,EMP004538
ARR000012,CR000014,A000014,2025-06-20,EMP001236
ARR000013,CR000016,A000016,2025-04-23,EMP002192
ARR000014,CR000017,A000017,2025-06-10,EMP004759
ARR000015,CR000018,A000018,2025-06-06,EMP003278
ARR000016,CR000019,A000019,2025-01-10,EMP003298
ARR000017,CR000020,A000020,2024-11-23,EMP008511
ARR000018,CR000021,A000021,2024-10-12,EMP003274
ARR000019,CR000022,A000022,2025-12-02,EMP005480
ARR000020,CR000023,A000023,2025-08-30,EMP008615
ARR000021,CR000024,A000024,2025-02-18,EMP008366
ARR000022,CR000025,A000025,2025-10-05,EMP005755
ARR000023,CR000026,A000026,2025-01-18,EMP008659
ARR000024,CR000027,A000027,2026-01-02,EMP005797
ARR000025,CR000028,A000028,2026-05-09,EMP003258
ARR000026,CR000029,A000029,2026-01-13,EMP007842
ARR000027,CR000030,A000030,2026-06-01,EMP006683
ARR000028,CR000032,A000032,2025-01-10,EMP010001
ARR000029,CR000033,A000033,2025-08-08,EMP003265
ARR000030,CR000034,A000034,2026-05-07,EMP009570
ARR000031,CR000035,A000035,2025-04-10,EMP008845
ARR000032,CR000036,A000036,2024-08-03,EMP003688
ARR000033,CR000037,A000037,2025-10-22,EMP003280
ARR000034,CR000039,A000039,2024-10-14,EMP004905
ARR000035,CR000040,A000040,2025-02-24,EMP000885
ARR000036,CR000042,A000042,2025-02-05,EMP000378
ARR000037,CR000044,A000044,2025-04-14,EMP008603
ARR000038,CR000046,A000046,2025-02-27,EMP000787
ARR000039,CR000047,A000047,2024-11-09,EMP008923
ARR000040,CR000048,A000048,2025-11-03,EMP009606
ARR000041,CR000052,A000052,2025-04-25,EMP005004
ARR000042,CR000054,A000054,2026-02-21,EMP005218
ARR000043,CR000055,A000055,2025-12-26,EMP001252
ARR000044,CR000056,A000056,2024-10-08,EMP001903
ARR000045,CR000057,A000057,2026-07-10,EMP008403
ARR000046,CR000059,A000059,2025-04-12,EMP003290
ARR000047,CR000060,A000060,2025-09-27,EMP002636
ARR000048,CR000062,A000062,2024-08-10,EMP004584
ARR000049,CR000063,A000063,2025-08-19,EMP005888
ARR000050,CR000064,A000064,2026-01-03,EMP004696
ARR000051,CR000065,A000065,2026-07-12,EMP008594
ARR000052,CR000067,A000067,2024-10-11,EMP006174
ARR000053,CR000068,A000068,2025-09-16,EMP009688
ARR000054,CR000069,A000069,2025-01-24,EMP000086
ARR000055,CR000070,A000070,2025-03-22,EMP006167
ARR000056,CR000073,A000073,2026-03-27,EMP007353
ARR000057,CR000074,A000074,2025-12-27,EMP003375
ARR000058,CR000075,A000075,2025-01-18,EMP005266
ARR000059,CR000076,A000076,2026-06-30,EMP006047
ARR000060,CR000078,A000078,2026-02-24,EMP004032
ARR000061,CR000079,A000079,2025-04-26,EMP004951
ARR000062,CR000081,A000081,2025-10-22,EMP003083
ARR000063,CR000082,A000082,2025-04-10,EMP005085
ARR000064,CR000084,A000084,2024-10-12,EMP000646
ARR000065,CR000085,A000085,2024-12-28,EMP008671
ARR000066,CR000086,A000086,2025-09-20,EMP008522
ARR000067,CR000087,A000087,2024-09-02,EMP007098
ARR000068,CR000088,A000088,2025-02-13,EMP006902
ARR000069,CR000089,A000089,2024-10-25,EMP006232
ARR000070,CR000090,A000090,2025-05-11,EMP008098
ARR000071,CR000091,A000091,2026-04-24,EMP003813
ARR000072,CR000092,A000092,2025-09-26,EMP008568
ARR000073,CR000094,A000094,2024-12-18,EMP003327
ARR000074,CR000095,A000095,2025-05-07,EMP008057
ARR000075,CR000096,A000096,2026-01-05,EMP001137
ARR000076,CR000097,A000097,2024-09-01,EMP002477
ARR000077,CR000098,A000098,2025-06-07,EMP009768
ARR000078,CR000099,A000099,2025-01-18,EMP004499
ARR000079,CR000100,A000100,2025-03-28,EMP008505
ARR000080,CR000101,A000101,2026-01-08,EMP002249
ARR000081,CR000103,A000103,2026-03-29,EMP006201
ARR000082,CR000104,A000104,2026-01-01,EMP003535
ARR000083,CR000105,A000105,2025-11-22,EMP008308
ARR000084,CR000106,A000106,2026-06-26,EMP006727
ARR000085,CR000108,A000108,2026-06-30,EMP000392
ARR000086,CR000109,A000109,2025-01-20,EMP003291
ARR000087,CR000110,A000110,2025-10-20,EMP006992
ARR000088,CR000111,A000111,2025-04-07,EMP004318
ARR000089,CR000112,A000112,2025-01-04,EMP007442
ARR000090,CR000114,A000114,2024-10-03,EMP007317
ARR000091,CR000115,A000115,2026-07-05,EMP003002
ARR000092,CR000116,A000116,2026-04-03,EMP003257
ARR000093,CR000117,A000117,2025-10-25,EMP008655
ARR000094,CR000118,A000118,2025-03-20,EMP008521
ARR000095,CR000119,A000119,2026-06-08,EMP001456
ARR000096,CR000120,A000120,2024-11-17,EMP003295
ARR000097,CR000121,A000121,2026-06-26,EMP003295
ARR000098,CR000122,A000122,2025-09-21,EMP008903
ARR000099,CR000124,A000124,2025-07-02,EMP007015
ARR000100,CR000125,A000125,2026-01-18,EMP005296
ARR000101,CR000126,A000126,2025-04-09,EMP003318
ARR000102,CR000127,A000127,2025-06-06,EMP005976
ARR000103,CR000129,A000129,2025-12-26,EMP007284
ARR000104,CR000130,A000130,2025-03-06,EMP007890
ARR000105,CR000131,A000131,2024-07-11,EMP008711
ARR000106,CR000132,A000132,2025-07-13,EMP003300
ARR000107,CR000133,A000133,2025-09-19,EMP006730
ARR000108,CR000134,A000134,2025-04-16,EMP003292
ARR000109,CR000135,A000135,2025-01-27,EMP003310
ARR000110,CR000136,A000136,2024-09-09,EMP002960
ARR000111,CR000137,A000137,2024-09-02,EMP003258
ARR000112,CR000140,A000140,2026-01-23,EMP003367
ARR000113,CR000141,A000141,2026-06-18,EMP007100
ARR000114,CR000142,A000142,2025-09-17,EMP006075
ARR000115,CR000143,A000143,2026-07-31,EMP008555
ARR000116,CR000144,A000144,2026-01-12,EMP003050
ARR000117,CR000145,A000145,2024-08-24,EMP003295
ARR000118,CR000146,A000146,2026-02-23,EMP003966
ARR000119,CR000147,A000147,2026-06-15,EMP006571
ARR000120,CR000148,A000148,2025-07-05,EMP000554
ARR000121,CR000149,A000149,2025-11-30,EMP004596
ARR000122,CR000150,A000150,2026-05-14,EMP006766
ARR000123,CR000151,A000151,2024-09-26,EMP005756
ARR000124,CR000153,A000153,2025-01-15,EMP004961
ARR000125,CR000154,A000154,2025-11-15,EMP003331
ARR000126,CR000155,A000155,2025-10-28,EMP009239
ARR000127,CR000156,A000156,2024-12-14,EMP002636
ARR000128,CR000157,A000157,2024-08-12,EMP002316
ARR000129,CR000158,A000158,2026-06-11,EMP003308
ARR000130,CR000159,A000159,2026-07-08,EMP003268
ARR000131,CR000161,A000161,2024-08-18,EMP002288
ARR000132,CR000162,A000162,2025-01-15,EMP004883
ARR000133,CR000163,A000163,2026-05-06,EMP004818
ARR000134,CR000164,A000164,2025-05-15,EMP008439
ARR000135,CR000165,A000165,2025-02-06,EMP004884
ARR000136,CR000166,A000166,2025-09-11,EMP008641
ARR000137,CR000167,A000167,2025-12-04,EMP004981
ARR000138,CR000169,A000169,2024-12-25,EMP003298
ARR000139,CR000170,A000170,2025-12-23,EMP003417
ARR000140,CR000171,A000171,2025-05-26,EMP008466
ARR000141,CR000172,A000172,2026-05-17,EMP003026
ARR000142,CR000173,A000173,2024-10-11,EMP007470
ARR000143,CR000174,A000174,2025-05-21,EMP003296
ARR000144,CR000175,A000175,2024-08-25,EMP007833
ARR000145,CR000176,A000176,2026-03-25,EMP009773
ARR000146,CR000177,A000177,2025-10-06,EMP005266
ARR000147,CR000178,A000178,2024-07-28,EMP008580
ARR000148,CR000179,A000179,2025-06-23,EMP006110
ARR000149,CR000180,A000180,2024-12-23,EMP005353
ARR000150,CR000181,A000181,2026-02-22,EMP008804
ARR000151,CR000182,A000182,2024-11-10,EMP008767
ARR000152,CR000183,A000183,2025-12-30,EMP003295
ARR000153,CR000184,A000184,2026-06-02,EMP009273
ARR000154,CR000185,A000185,2025-09-22,EMP008923
ARR000155,CR000186,A000186,2025-03-07,EMP003051
ARR000156,CR000187,A000187,2024-10-25,EMP007998
ARR000157,CR000188,A000188,2025-07-17,EMP006647
ARR000158,CR000190,A000190,2025-09-08,EMP003264
ARR000159,CR000191,A000191,2025-04-06,EMP008050
ARR000160,CR000193,A000193,2026-08-01,EMP004553
ARR000161,CR000194,A000194,2025-10-22,EMP006643
ARR000162,CR000195,A000195,2026-06-06,EMP005873
ARR000163,CR000196,A000196,2026-02-14,EMP004265
ARR000164,CR000197,A000197,2025-07-11,EMP005471
ARR000165,CR000198,A000198,2024-10-14,EMP008615
ARR000166,CR000199,A000199,2025-01-09,EMP006443
ARR000167,CR000200,A000200,2025-06-09,EMP004869
ARR000168,CR000202,A000202,2025-11-02,EMP006524
ARR000169,CR000204,A000204,2025-03-17,EMP009971
ARR000170,CR000205,A000205,2026-02-25,EMP004901
ARR000171,CR000207,A000207,2025-08-10,EMP006654
ARR000172,CR000208,A000208,2025-05-01,EMP009460
ARR000173,CR000209,A000209,2024-10-23,EMP009210
ARR000174,CR000210,A000210,2024-09-19,EMP003295
ARR000175,CR000211,A000211,2024-11-18,EMP002951
ARR000176,CR000212,A000212,2025-04-08,EMP003294
ARR000177,CR000213,A000213,2025-11-30,EMP004736
ARR000178,CR000215,A000215,2026-02-10,EMP004102
ARR000179,CR000216,A000216,2024-09-21,EMP006107
ARR000180,CR000217,A000217,2026-04-12,EMP008018
ARR000181,CR000218,A000218,2025-10-20,EMP005145
ARR000182,CR000219,A000219,2026-07-04,EMP003350
ARR000183,CR000220,A000220,2024-08-24,EMP002995
ARR000184,CR000221,A000221,2025-08-21,EMP001527
ARR000185,CR000222,A000222,2026-04-17,EMP000561
ARR000186,CR000223,A000223,2025-06-07,EMP009399
ARR000187,CR000224,A000224,2026-06-13,EMP009236
ARR000188,CR000225,A000225,2025-01-26,EMP001503
ARR000189,CR000226,A000226,2025-01-12,EMP004907
ARR000190,CR000227,A000227,2026-06-15,EMP006137
ARR000191,CR000228,A000228,2024-11-26,EMP003293
ARR000192,CR000229,A000229,2024-12-22,EMP000313
ARR000193,CR000231,A000231,2026-07-28,EMP009261
ARR000194,CR000232,A000232,2026-05-09,EMP004972
ARR000195,CR000233,A000233,2024-08-20,EMP006661
ARR000196,CR000234,A000234,2026-03-20,EMP009441
ARR000197,CR000235,A000235,2025-10-24,EMP001525
ARR000198,CR000236,A000236,2025-08-04,EMP009165
ARR000199,CR000237,A000237,2025-03-20,EMP003262
ARR000200,CR000238,A000238,2024-11-16,EMP006022
ARR000201,CR000239,A000239,2024-12-16,EMP003254
ARR000202,CR000240,A000240,2025-12-18,EMP005528
ARR000203,CR000241,A000241,2025-09-13,EMP008644
ARR000204,CR000242,A000242,2025-07-25,EMP009581
ARR000205,CR000243,A000243,2025-12-16,EMP004396
ARR000206,CR000244,A000244,2025-08-13,EMP002632
ARR000207,CR000245,A000245,2025-07-13,EMP003178
ARR000208,CR000246,A000246,2025-08-26,EMP006562
ARR000209,CR000247,A000247,2024-11-18,EMP008323
ARR000210,CR000248,A000248,2026-07-17,EMP006260
ARR000211,CR000249,A000249,2025-10-07,EMP003684
ARR000212,CR000250,A000250,2024-08-07,EMP006938
ARR000213,CR000251,A000251,2025-03-12,EMP005096
ARR000214,CR000252,A000252,2025-01-13,EMP003273
ARR000215,CR000253,A000253,2026-05-29,EMP005108
ARR000216,CR000254,A000254,2025-01-25,EMP000242
ARR000217,CR000255,A000255,2024-08-09,EMP003285
ARR000218,CR000256,A000256,2024-10-27,EMP009350
ARR000219,CR000257,A000257,2025-06-22,EMP003283
ARR000220,CR000258,A000258,2024-08-12,EMP000581
ARR000221,CR000260,A000260,2024-07-17,EMP004712
ARR000222,CR000261,A000261,2025-09-27,EMP002316
ARR000223,CR000262,A000262,2025-05-21,EMP005821
ARR000224,CR000263,A000263,2025-03-29,EMP001583
ARR000225,CR000265,A000265,2026-05-19,EMP003299
ARR000226,CR000266,A000266,2024-09-18,EMP009257
ARR000227,CR000267,A000267,2024-12-31,EMP003296
ARR000228,CR000268,A000268,2025-02-01,EMP003254
ARR000229,CR000272,A000272,2025-10-15,EMP006675
ARR000230,CR000274,A000274,2025-06-18,EMP007265
ARR000231,CR000275,A000275,2026-05-06,EMP004757
ARR000232,CR000276,A000276,2025-10-28,EMP008593
ARR000233,CR000277,A000277,2024-08-27,EMP001632
ARR000234,CR000278,A000278,2024-08-04,EMP005435
ARR000235,CR000279,A000279,2025-07-15,EMP006153
ARR000236,CR000281,A000281,2025-06-06,EMP001726
ARR000237,CR000282,A000282,2024-08-09,EMP009324
ARR000238,CR000283,A000283,2026-01-07,EMP005129
ARR000239,CR000284,A000284,2026-08-02,EMP003297
ARR000240,CR000285,A000285,2025-08-10,EMP008923
ARR000241,CR000286,A000286,2024-09-26,EMP004824
ARR000242,CR000287,A000287,2024-07-27,EMP000789
ARR000243,CR000289,A000289,2025-08-19,EMP004831
ARR000244,CR000291,A000291,2026-06-16,EMP003288
ARR000245,CR000292,A000292,2025-05-01,EMP006553
ARR000246,CR000293,A000293,2025-10-31,EMP003279
ARR000247,CR000294,A000294,2025-11-17,EMP003356
ARR000248,CR000295,A000295,2025-03-13,EMP004904
ARR000249,CR000298,A000298,2026-03-02,EMP005630
ARR000250,CR000299,A000299,2025-11-26,EMP003316
ARR000251,CR000300,A000300,2025-03-23,EMP009388
ARR000252,CR000301,A000301,2025-03-24,EMP003266
ARR000253,CR000303,A000303,2026-02-25,EMP007418
ARR000254,CR000305,A000305,2026-02-28,EMP007834
ARR000255,CR000306,A000306,2026-02-22,EMP008504
ARR000256,CR000307,A000307,2025-11-28,EMP008772
ARR000257,CR000308,A000308,2025-05-27,EMP009638
ARR000258,CR000310,A000310,2025-04-11,EMP005092
ARR000259,CR000312,A000312,2025-01-11,EMP003275
ARR000260,CR000313,A000313,2026-03-20,EMP003038
ARR000261,CR000315,A000315,2026-05-24,EMP006823
ARR000262,CR000316,A000316,2024-11-23,EMP004889
ARR000263,CR000317,A000317,2026-01-15,EMP009406
ARR000264,CR000318,A000318,2026-03-06,EMP003933
ARR000265,CR000319,A000319,2025-01-07,EMP007386
ARR000266,CR000320,A000320,2025-03-07,EMP002949
ARR000267,CR000321,A000321,2025-08-11,EMP000890
ARR000268,CR000324,A000324,2026-01-10,EMP004678
ARR000269,CR000325,A000325,2024-12-22,EMP008797
ARR000270,CR000326,A000326,2024-12-08,EMP007237
ARR000271,CR000329,A000329,2025-12-09,EMP003305
ARR000272,CR000330,A000330,2025-06-23,EMP008157
ARR000273,CR000331,A000331,2025-08-29,EMP008654
ARR000274,CR000332,A000332,2024-12-29,EMP006248
ARR000275,CR000333,A000333,2024-08-11,EMP006670
ARR000276,CR000334,A000334,2024-07-26,EMP006077
ARR000277,CR000335,A000335,2024-10-11,EMP008694
ARR000278,CR000336,A000336,2026-03-10,EMP003280
ARR000279,CR000337,A000337,2026-06-22,EMP000080
ARR000280,CR000338,A000338,2025-03-27,EMP000885
ARR000281,CR000339,A000339,2026-05-07,EMP009975
ARR000282,CR000340,A000340,2026-05-06,EMP003268
ARR000283,CR000341,A000341,2026-07-09,EMP004741
ARR000284,CR000342,A000342,2026-03-21,EMP009154
ARR000285,CR000343,A000343,2026-05-09,EMP000893
ARR000286,CR000345,A000345,2024-07-15,EMP003892
ARR000287,CR000347,A000347,2025-01-21,EMP008589
ARR000288,CR000349,A000349,2024-09-27,EMP001574
ARR000289,CR000350,A000350,2024-10-11,EMP003290
ARR000290,CR000351,A000351,2026-03-15,EMP004889
ARR000291,CR000352,A000352,2024-12-17,EMP009736
ARR000292,CR000353,A000353,2026-05-18,EMP008176
ARR000293,CR000354,A000354,2026-06-28,EMP003293
ARR000294,CR000356,A000356,2025-08-24,EMP009287
ARR000295,CR000357,A000357,2025-01-13,EMP003856
ARR000296,CR000360,A000360,2025-03-04,EMP002713
ARR000297,CR000361,A000361,2025-12-07,EMP009117
ARR000298,CR000363,A000363,2025-10-27,EMP008902
ARR000299,CR000364,A000364,2026-01-26,EMP007796
ARR000300,CR000365,A000365,2026-01-08,EMP003010
ARR000301,CR000366,A000366,2024-11-10,EMP008626
ARR000302,CR000367,A000367,2026-02-13,EMP009057
ARR000303,CR000369,A000369,2025-10-17,EMP008948
ARR000304,CR000371,A000371,2024-11-19,EMP007375
ARR000305,CR000372,A000372,2024-12-26,EMP003366
ARR000306,CR000374,A000374,2026-07-15,EMP007894
ARR000307,CR000375,A000375,2025-09-05,EMP007317
ARR000308,CR000376,A000376,2026-01-29,EMP005399
ARR000309,CR000377,A000377,2026-01-25,EMP001182
ARR000310,CR000381,A000381,2025-08-03,EMP006704
ARR000311,CR000383,A000383,2026-01-28,EMP006872
ARR000312,CR000385,A000385,2025-05-01,EMP008683
ARR000313,CR000386,A000386,2025-02-05,EMP000092
ARR000314,CR000387,A000387,2025-06-11,EMP008681
ARR000315,CR000388,A000388,2025-11-20,EMP009516
ARR000316,CR000390,A000390,2026-04-18,EMP005467
ARR000317,CR000391,A000391,2025-10-09,EMP005891
ARR000318,CR000392,A000392,2024-10-17,EMP004094
ARR000319,CR000394,A000394,2024-08-02,EMP004644
ARR000320,CR000396,A000396,2025-07-19,EMP009991
ARR000321,CR000398,A000398,2024-09-18,EMP006707
ARR000322,CR000401,A000401,2025-10-12,EMP003312
ARR000323,CR000402,A000402,2024-12-05,EMP006077
ARR000324,CR000403,A000403,2025-08-08,EMP003841
ARR000325,CR000404,A000404,2025-04-29,EMP002943
ARR000326,CR000405,A000405,2025-08-30,EMP000792
ARR000327,CR000406,A000406,2025-06-29,EMP001272
ARR000328,CR000407,A000407,2026-01-18,EMP003294
ARR000329,CR000410,A000410,2025-01-08,EMP002085
ARR000330,CR000411,A000411,2026-02-11,EMP003489
ARR000331,CR000412,A000412,2026-05-20,EMP009420
ARR000332,CR000413,A000413,2025-08-21,EMP008269
ARR000333,CR000414,A000414,2026-07-03,EMP005269
ARR000334,CR000415,A000415,2025-09-23,EMP006691
ARR000335,CR000416,A000416,2026-02-07,EMP006219
ARR000336,CR000418,A000418,2025-04-26,EMP001503
ARR000337,CR000419,A000419,2025-08-06,EMP001469
ARR000338,CR000420,A000420,2024-08-10,EMP000125
ARR000339,CR000421,A000421,2026-08-01,EMP005709
ARR000340,CR000422,A000422,2025-09-29,EMP000629
ARR000341,CR000423,A000423,2025-11-11,EMP002793
ARR000342,CR000424,A000424,2025-06-10,EMP006660
ARR000343,CR000425,A000425,2026-04-15,EMP008938
ARR000344,CR000427,A000427,2026-03-04,EMP004395
ARR000345,CR000429,A000429,2025-05-18,EMP007027
ARR000346,CR000430,A000430,2025-07-08,EMP008897
ARR000347,CR000431,A000431,2025-01-20,EMP004710
ARR000348,CR000432,A000432,2025-10-17,EMP008612
ARR000349,CR000433,A000433,2025-10-13,EMP003279
ARR000350,CR000434,A000434,2025-07-23,EMP008196
ARR000351,CR000435,A000435,2025-08-13,EMP003350
ARR000352,CR000436,A000436,2026-02-19,EMP005181
ARR000353,CR000437,A000437,2025-04-17,EMP006200
ARR000354,CR000438,A000438,2025-06-08,EMP006662
ARR000355,CR000439,A000439,2025-02-22,EMP003255
ARR000356,CR000441,A000441,2025-04-04,EMP003538
ARR000357,CR000442,A000442,2025-10-28,EMP004727
ARR000358,CR000443,A000443,2024-12-29,EMP008869
ARR000359,CR000444,A000444,2024-12-10,EMP009447
ARR000360,CR000445,A000445,2026-02-21,EMP003302
ARR000361,CR000447,A000447,2026-02-07,EMP008252
ARR000362,CR000448,A000448,2025-01-02,EMP004811
ARR000363,CR000449,A000449,2026-02-06,EMP004888
ARR000364,CR000450,A000450,2025-01-01,EMP005077
ARR000365,CR000452,A000452,2025-11-08,EMP003282
ARR000366,CR000453,A000453,2026-06-21,EMP004710
ARR000367,CR000454,A000454,2026-06-29,EMP008246
ARR000368,CR000455,A000455,2025-02-21,EMP001702
ARR000369,CR000456,A000456,2024-08-04,EMP008602
ARR000370,CR000457,A000457,2024-12-11,EMP001636
ARR000371,CR000458,A000458,2026-03-03,EMP007300
ARR000372,CR000462,A000462,2025-11-02,EMP004882
ARR000373,CR000463,A000463,2025-07-24,EMP001545
ARR000374,CR000465,A000465,2025-04-27,EMP001574
ARR000375,CR000466,A000466,2025-05-26,EMP005047
ARR000376,CR000467,A000467,2024-12-21,EMP003303
ARR000377,CR000469,A000469,2026-04-19,EMP007311
ARR000378,CR000471,A000471,2025-07-04,EMP007820
ARR000379,CR000472,A000472,2025-08-24,EMP009898
ARR000380,CR000473,A000473,2024-12-17,EMP002282
ARR000381,CR000474,A000474,2025-09-16,EMP007074
ARR000382,CR000475,A000475,2026-03-20,EMP009441
ARR000383,CR000476,A000476,2025-10-15,EMP009754
ARR000384,CR000477,A000477,2024-12-15,EMP007291
ARR000385,CR000478,A000478,2026-05-20,EMP003272
ARR000386,CR000480,A000480,2025-11-19,EMP006531
ARR000387,CR000481,A000481,2026-05-17,EMP000009
ARR000388,CR000482,A000482,2025-07-21,EMP004647
ARR000389,CR000484,A000484,2025-08-20,EMP005355
ARR000390,CR000485,A000485,2025-07-03,EMP004946
ARR000391,CR000486,A000486,2026-05-30,EMP003313
ARR000392,CR000487,A000487,2025-10-19,EMP004365
ARR000393,CR000488,A000488,2025-06-10,EMP000396
ARR000394,CR000489,A000489,2025-09-03,EMP003868
ARR000395,CR000490,A000490,2024-09-18,EMP004864
ARR000396,CR000491,A000491,2024-07-25,EMP004315
ARR000397,CR000492,A000492,2025-03-20,EMP000438
ARR000398,CR000493,A000493,2025-07-06,EMP002556
ARR000399,CR000494,A000494,2025-03-22,EMP006071
ARR000400,CR000495,A000495,2024-10-07,EMP003263
ARR000401,CR000496,A000496,2025-01-22,EMP004295
ARR000402,CR000497,A000497,2025-01-04,EMP007796
ARR000403,CR000498,A000498,2025-02-07,EMP006310
ARR000404,CR000499,A000499,2024-07-20,EMP001341
ARR000405,CR000502,A000502,2026-01-14,EMP009931
ARR000406,CR000503,A000503,2025-01-21,EMP008731
ARR000407,CR000504,A000504,2024-09-22,EMP007757
ARR000408,CR000505,A000505,2024-10-26,EMP008130
ARR000409,CR000508,A000508,2026-03-22,EMP003257
ARR000410,CR000510,A000510,2025-09-18,EMP003302
ARR000411,CR000511,A000511,2024-09-08,EMP004985
ARR000412,CR000512,A000512,2025-02-11,EMP001785
ARR000413,CR000513,A000513,2025-04-20,EMP003859
ARR000414,CR000515,A000515,2025-02-23,EMP002636
ARR000415,CR000516,A000516,2025-03-09,EMP001660
ARR000416,CR000519,A000519,2024-08-13,EMP003316
ARR000417,CR000520,A000520,2026-06-03,EMP002956
ARR000418,CR000521,A000521,2026-06-11,EMP008591
ARR000419,CR000522,A000522,2024-10-20,EMP007753
ARR000420,CR000523,A000523,2024-09-12,EMP006239
ARR000421,CR000524,A000524,2025-11-21,EMP008792
ARR000422,CR000525,A000525,2025-10-13,EMP001481
ARR000423,CR000526,A000526,2025-05-04,EMP006158
ARR000424,CR000527,A000527,2025-07-26,EMP003302
ARR000425,CR000529,A000529,2024-09-21,EMP000039
ARR000426,CR000530,A000530,2025-06-23,EMP005685
ARR000427,CR000531,A000531,2026-01-23,EMP005908
ARR000428,CR000532,A000532,2025-08-19,EMP003350
ARR000429,CR000533,A000533,2026-03-13,EMP007279
ARR000430,CR000534,A000534,2025-02-15,EMP000889
ARR000431,CR000535,A000535,2025-11-02,EMP008069
ARR000432,CR000536,A000536,2025-04-24,EMP005390
ARR000433,CR000537,A000537,2025-03-16,EMP007567
ARR000434,CR000538,A000538,2025-05-22,EMP004532
ARR000435,CR000539,A000539,2025-01-28,EMP000192
ARR000436,CR000540,A000540,2025-05-06,EMP008776
ARR000437,CR000542,A000542,2025-11-30,EMP001629
ARR000438,CR000543,A000543,2026-03-18,EMP004866
ARR000439,CR000544,A000544,2024-12-11,EMP009641
ARR000440,CR000545,A000545,2024-09-14,EMP003276
ARR000441,CR000546,A000546,2025-05-04,EMP001218
ARR000442,CR000547,A000547,2025-12-16,EMP006341
ARR000443,CR000548,A000548,2026-05-13,EMP003271
ARR000444,CR000550,A000550,2024-12-11,EMP000714
ARR000445,CR000551,A000551,2024-09-03,EMP008525
ARR000446,CR000552,A000552,2025-08-22,EMP003159
ARR000447,CR000554,A000554,2025-03-21,EMP000374
ARR000448,CR000555,A000555,2026-03-23,EMP004894
ARR000449,CR000556,A000556,2026-01-23,EMP008768
ARR000450,CR000557,A000557,2025-08-08,EMP004306
ARR000451,CR000559,A000559,2026-01-04,EMP007473
ARR000452,CR000560,A000560,2025-07-22,EMP000578
ARR000453,CR000561,A000561,2026-03-18,EMP009956
ARR000454,CR000564,A000564,2025-03-27,EMP008658
ARR000455,CR000565,A000565,2025-01-24,EMP009561
ARR000456,CR000566,A000566,2025-10-15,EMP010088
ARR000457,CR000567,A000567,2026-06-19,EMP006021
ARR000458,CR000569,A000569,2025-12-05,EMP001434
ARR000459,CR000570,A000570,2026-02-11,EMP004878
ARR000460,CR000571,A000571,2024-12-29,EMP004734
ARR000461,CR000574,A000574,2025-11-26,EMP006577
ARR000462,CR000576,A000576,2024-10-03,EMP006404
ARR000463,CR000577,A000577,2025-08-17,EMP008649
ARR000464,CR000578,A000578,2024-11-10,EMP006406
ARR000465,CR000579,A000579,2024-12-15,EMP003272
ARR000466,CR000580,A000580,2024-11-08,EMP003315
ARR000467,CR000582,A000582,2025-08-23,EMP009500
ARR000468,CR000583,A000583,2025-04-08,EMP004766
ARR000469,CR000584,A000584,2025-07-08,EMP003293
ARR000470,CR000585,A000585,2026-02-03,EMP003264
ARR000471,CR000587,A000587,2026-05-23,EMP000892
ARR000472,CR000588,A000588,2025-04-09,EMP004796
ARR000473,CR000589,A000589,2026-01-24,EMP008757
ARR000474,CR000591,A000591,2025-02-23,EMP009192
ARR000475,CR000595,A000595,2024-12-14,EMP006187
ARR000476,CR000597,A000597,2026-05-14,EMP005947
ARR000477,CR000598,A000598,2025-06-01,EMP009736
ARR000478,CR000599,A000599,2025-04-22,EMP006508
ARR000479,CR000600,A000600,2024-08-05,EMP003297
ARR000480,CR000601,A000601,2024-10-16,EMP004987
ARR000481,CR000605,A000605,2025-09-05,EMP003309
ARR000482,CR000606,A000606,2026-04-24,EMP008772
ARR000483,CR000607,A000607,2024-07-31,EMP004701
ARR000484,CR000609,A000609,2025-01-11,EMP006138
ARR000485,CR000610,A000610,2025-09-10,EMP003292
ARR000486,CR000611,A000611,2026-04-26,EMP007211
ARR000487,CR000612,A000612,2025-03-18,EMP000045
ARR000488,CR000614,A000614,2025-01-03,EMP009654
ARR000489,CR000615,A000615,2025-07-18,EMP008338
ARR000490,CR000616,A000616,2026-02-20,EMP005188
ARR000491,CR000617,A000617,2025-04-21,EMP004774
ARR000492,CR000618,A000618,2026-02-09,EMP006119
ARR000493,CR000619,A000619,2025-06-18,EMP008510
ARR000494,CR000620,A000620,2026-01-27,EMP003313
ARR000495,CR000622,A000622,2026-01-16,EMP000121
ARR000496,CR000623,A000623,2025-07-23,EMP009645
ARR000497,CR000624,A000624,2025-05-05,EMP000672
ARR000498,CR000625,A000625,2024-08-19,EMP008759
ARR000499,CR000627,A000627,2026-04-16,EMP008173
ARR000500,CR000628,A000628,2026-05-14,EMP003869
ARR000501,CR000629,A000629,2025-01-27,EMP004673
ARR000502,CR000630,A000630,2025-03-05,EMP006107
ARR000503,CR000631,A000631,2025-09-24,EMP008714
ARR000504,CR000632,A000632,2025-01-07,EMP007920
ARR000505,CR000633,A000633,2026-06-02,EMP009410
ARR000506,CR000634,A000634,2024-10-19,EMP000885
ARR000507,CR000635,A000635,2025-12-08,EMP000890
ARR000508,CR000636,A000636,2026-04-08,EMP003350
ARR000509,CR000638,A000638,2025-01-28,EMP004785
ARR000510,CR000639,A000639,2025-08-29,EMP003269
ARR000511,CR000641,A000641,2026-02-20,EMP000889
ARR000512,CR000642,A000642,2026-04-24,EMP006507
ARR000513,CR000643,A000643,2024-12-03,EMP005011
ARR000514,CR000644,A000644,2026-01-23,EMP005238
ARR000515,CR000645,A000645,2024-12-19,EMP003309
ARR000516,CR000647,A000647,2024-10-02,EMP006871
ARR000517,CR000649,A000649,2026-03-29,EMP004881
ARR000518,CR000650,A000650,2025-07-07,EMP008505
ARR000519,CR000651,A000651,2026-02-28,EMP000889
ARR000520,CR000652,A000652,2024-10-18,EMP003299
ARR000521,CR000653,A000653,2025-04-21,EMP009192
ARR000522,CR000654,A000654,2025-12-27,EMP000123
ARR000523,CR000655,A000655,2025-11-28,EMP006342
ARR000524,CR000656,A000656,2026-05-01,EMP008444
ARR000525,CR000657,A000657,2025-11-02,EMP008176
ARR000526,CR000658,A000658,2025-04-02,EMP006195
ARR000527,CR000659,A000659,2025-12-21,EMP008015
ARR000528,CR000660,A000660,2026-07-29,EMP007345
ARR000529,CR000661,A000661,2026-01-15,EMP005328
ARR000530,CR000662,A000662,2025-05-23,EMP004182
ARR000531,CR000663,A000663,2025-08-17,EMP007747
ARR000532,CR000664,A000664,2025-06-08,EMP003261
ARR000533,CR000666,A000666,2025-04-23,EMP005081
ARR000534,CR000668,A000668,2026-03-05,EMP008177
ARR000535,CR000669,A000669,2026-05-07,EMP000043
ARR000536,CR000670,A000670,2025-06-29,EMP003288
ARR000537,CR000672,A000672,2024-09-05,EMP004996
ARR000538,CR000673,A000673,2024-09-29,EMP008019
ARR000539,CR000674,A000674,2025-08-07,EMP004844
ARR000540,CR000675,A000675,2024-10-10,EMP009246
ARR000541,CR000676,A000676,2025-02-14,EMP000399
ARR000542,CR000677,A000677,2026-02-25,EMP009441
ARR000543,CR000679,A000679,2026-04-27,EMP001195
ARR000544,CR000680,A000680,2024-07-29,EMP004157
ARR000545,CR000681,A000681,2025-09-24,EMP000020
ARR000546,CR000682,A000682,2026-04-03,EMP007905
ARR000547,CR000683,A000683,2026-07-04,EMP003297
ARR000548,CR000684,A000684,2026-01-17,EMP001640
ARR000549,CR000685,A000685,2025-05-12,EMP003928
ARR000550,CR000686,A000686,2026-07-03,EMP004840
ARR000551,CR000687,A000687,2025-02-26,EMP006115
ARR000552,CR000688,A000688,2026-01-09,EMP010012
ARR000553,CR000690,A000690,2026-01-26,EMP005757
ARR000554,CR000692,A000692,2025-06-25,EMP003308
ARR000555,CR000693,A000693,2026-02-10,EMP006232
ARR000556,CR000694,A000694,2025-04-03,EMP002633
ARR000557,CR000696,A000696,2026-03-24,EMP003299
ARR000558,CR000697,A000697,2026-02-02,EMP006697
ARR000559,CR000698,A000698,2025-05-28,EMP008342
ARR000560,CR000699,A000699,2025-10-26,EMP006297
ARR000561,CR000700,A000700,2025-03-23,EMP006669
ARR000562,CR000701,A000701,2024-07-18,EMP003273
ARR000563,CR000702,A000702,2025-02-13,EMP004530
ARR000564,CR000704,A000704,2024-10-12,EMP007332
ARR000565,CR000705,A000705,2026-07-19,EMP000788
ARR000566,CR000706,A000706,2025-11-05,EMP009358
ARR000567,CR000707,A000707,2024-10-06,EMP001900
ARR000568,CR000708,A000708,2025-02-10,EMP002958
ARR000569,CR000709,A000709,2025-11-01,EMP003295
ARR000570,CR000710,A000710,2025-11-09,EMP006134
ARR000571,CR000711,A000711,2024-12-05,EMP008487
ARR000572,CR000712,A000712,2025-06-23,EMP003287
ARR000573,CR000713,A000713,2024-10-07,EMP004524
ARR000574,CR000714,A000714,2025-04-27,EMP009267
ARR000575,CR000715,A000715,2024-11-29,EMP000835
ARR000576,CR000716,A000716,2025-03-11,EMP006059
ARR000577,CR000718,A000718,2025-07-03,EMP009433
ARR000578,CR000719,A000719,2024-07-14,EMP003299
ARR000579,CR000720,A000720,2025-09-21,EMP003281
ARR000580,CR000721,A000721,2025-11-01,EMP001816
ARR000581,CR000723,A000723,2025-05-07,EMP003265
ARR000582,CR000724,A000724,2024-09-27,EMP002461
ARR000583,CR000726,A000726,2025-05-19,EMP008570
ARR000584,CR000727,A000727,2026-06-28,EMP006241
ARR000585,CR000728,A000728,2025-07-26,EMP006195
ARR000586,CR000729,A000729,2024-12-05,EMP003370
ARR000587,CR000730,A000730,2026-06-18,EMP005397
ARR000588,CR000731,A000731,2025-10-28,EMP007911
ARR000589,CR000732,A000732,2024-11-27,EMP003096
ARR000590,CR000733,A000733,2026-02-03,EMP008014
ARR000591,CR000735,A000735,2024-08-24,EMP003261
ARR000592,CR000736,A000736,2026-07-16,EMP009408
ARR000593,CR000737,A000737,2026-04-13,EMP001694
ARR000594,CR000739,A000739,2026-04-23,EMP003308
ARR000595,CR000740,A000740,2025-11-18,EMP001620
ARR000596,CR000741,A000741,2025-10-28,EMP001375
ARR000597,CR000742,A000742,2024-12-20,EMP001285
ARR000598,CR000743,A000743,2024-11-13,EMP005028
ARR000599,CR000744,A000744,2025-05-03,EMP004926
ARR000600,CR000745,A000745,2025-03-26,EMP005503
ARR000601,CR000747,A000747,2024-12-19,EMP006232
ARR000602,CR000748,A000748,2024-08-10,EMP003378
ARR000603,CR000749,A000749,2025-07-08,EMP007826
ARR000604,CR000751,A000751,2025-03-09,EMP003355
ARR000605,CR000752,A000752,2025-03-08,EMP008608
ARR000606,CR000754,A000754,2024-11-11,EMP003886
ARR000607,CR000755,A000755,2025-01-02,EMP009181
ARR000608,CR000756,A000756,2026-06-09,EMP004930
ARR000609,CR000757,A000757,2026-03-24,EMP000307
ARR000610,CR000758,A000758,2024-11-13,EMP000633
ARR000611,CR000760,A000760,2025-02-04,EMP001621
ARR000612,CR000761,A000761,2025-02-02,EMP006270
ARR000613,CR000762,A000762,2026-07-11,EMP004641
ARR000614,CR000764,A000764,2025-04-24,EMP000890
ARR000615,CR000765,A000765,2026-06-25,EMP008588
ARR000616,CR000767,A000767,2024-10-30,EMP002500
ARR000617,CR000768,A000768,2025-05-16,EMP003271
ARR000618,CR000769,A000769,2026-07-24,EMP006815
ARR000619,CR000770,A000770,2025-09-30,EMP005605
ARR000620,CR000772,A000772,2026-01-30,EMP005870
ARR000621,CR000774,A000774,2024-08-31,EMP006133
ARR000622,CR000775,A000775,2026-05-16,EMP007285
ARR000623,CR000776,A000776,2024-11-22,EMP003467
ARR000624,CR000777,A000777,2024-11-23,EMP007267
ARR000625,CR000778,A000778,2026-04-14,EMP004300
ARR000626,CR000779,A000779,2026-05-27,EMP005176
ARR000627,CR000781,A000781,2025-08-26,EMP006719
ARR000628,CR000782,A000782,2025-10-29,EMP001621
ARR000629,CR000784,A000784,2024-10-02,EMP000332
ARR000630,CR000785,A000785,2025-10-26,EMP003346
ARR000631,CR000786,A000786,2026-06-23,EMP008268
ARR000632,CR000787,A000787,2026-04-15,EMP003255
ARR000633,CR000788,A000788,2025-08-30,EMP009164
ARR000634,CR000789,A000789,2024-09-24,EMP008459
ARR000635,CR000790,A000790,2024-10-09,EMP004965
ARR000636,CR000791,A000791,2026-03-11,EMP006205
ARR000637,CR000792,A000792,2026-01-22,EMP002456
ARR000638,CR000793,A000793,2025-07-22,EMP005178
ARR000639,CR000795,A000795,2025-08-29,EMP007383
ARR000640,CR000796,A000796,2024-09-04,EMP008647
ARR000641,CR000797,A000797,2024-08-19,EMP007634
ARR000642,CR000798,A000798,2025-05-05,EMP002537
ARR000643,CR000799,A000799,2026-06-08,EMP002070
ARR000644,CR000801,A000801,2024-11-10,EMP000890
ARR000645,CR000802,A000802,2026-06-02,EMP005055
ARR000646,CR000803,A000803,2025-09-06,EMP008846
ARR000647,CR000804,A000804,2025-05-03,EMP005559
ARR000648,CR000805,A000805,2025-05-11,EMP008506
ARR000649,CR000806,A000806,2025-08-21,EMP010024
ARR000650,CR000807,A000807,2024-10-15,EMP007448
ARR000651,CR000808,A000808,2025-10-29,EMP006697
ARR000652,CR000809,A000809,2026-01-21,EMP008373
ARR000653,CR000810,A000810,2026-03-07,EMP003865
ARR000654,CR000811,A000811,2025-04-06,EMP001034
ARR000655,CR000812,A000812,2025-09-05,EMP007794
ARR000656,CR000814,A000814,2025-11-12,EMP003315
ARR000657,CR000815,A000815,2026-07-13,EMP008058
ARR000658,CR000816,A000816,2025-07-15,EMP009954
ARR000659,CR000817,A000817,2026-06-15,EMP006341
ARR000660,CR000818,A000818,2026-03-27,EMP003360
ARR000661,CR000819,A000819,2025-09-07,EMP001444
ARR000662,CR000820,A000820,2024-10-15,EMP003256
ARR000663,CR000821,A000821,2024-07-20,EMP005012
ARR000664,CR000822,A000822,2025-09-03,EMP001435
ARR000665,CR000825,A000825,2024-09-03,EMP004366
ARR000666,CR000827,A000827,2026-06-13,EMP000815
ARR000667,CR000828,A000828,2025-09-19,EMP000887
ARR000668,CR000829,A000829,2026-07-11,EMP006737
ARR000669,CR000830,A000830,2024-09-15,EMP007307
ARR000670,CR000831,A000831,2024-09-18,EMP000328
ARR000671,CR000832,A000832,2025-09-29,EMP005473
ARR000672,CR000833,A000833,2024-09-09,EMP005482
ARR000673,CR000834,A000834,2026-07-06,EMP004025
ARR000674,CR000835,A000835,2026-01-29,EMP002638
ARR000675,CR000837,A000837,2026-07-14,EMP008409
ARR000676,CR000838,A000838,2026-01-31,EMP001570
ARR000677,CR000839,A000839,2026-02-14,EMP009249
ARR000678,CR000840,A000840,2026-05-07,EMP003291
ARR000679,CR000842,A000842,2026-01-16,EMP008092
ARR000680,CR000843,A000843,2025-01-05,EMP009423
ARR000681,CR000844,A000844,2025-07-14,EMP004479
ARR000682,CR000845,A000845,2025-06-06,EMP007505
ARR000683,CR000846,A000846,2024-09-22,EMP000014
ARR000684,CR000847,A000847,2024-11-22,EMP002989
ARR000685,CR000848,A000848,2024-11-03,EMP008408
ARR000686,CR000849,A000849,2024-10-28,EMP008855
ARR000687,CR000853,A000853,2025-09-04,EMP008028
ARR000688,CR000855,A000855,2026-02-09,EMP005082
ARR000689,CR000856,A000856,2025-10-12,EMP004709
ARR000690,CR000857,A000857,2024-09-05,EMP003346
ARR000691,CR000858,A000858,2026-06-06,EMP006045
ARR000692,CR000860,A000860,2025-02-21,EMP008390
ARR000693,CR000861,A000861,2026-01-07,EMP005354
ARR000694,CR000862,A000862,2025-08-06,EMP004532
ARR000695,CR000863,A000863,2025-02-19,EMP006656
ARR000696,CR000866,A000866,2024-11-26,EMP004864
ARR000697,CR000867,A000867,2025-06-13,EMP005761
ARR000698,CR000868,A000868,2025-06-08,EMP003290
ARR000699,CR000869,A000869,2026-02-06,EMP007376
ARR000700,CR000870,A000870,2025-06-18,EMP002754
ARR000701,CR000871,A000871,2024-09-19,EMP009042
ARR000702,CR000872,A000872,2026-01-15,EMP008287
ARR000703,CR000873,A000873,2025-12-11,EMP000788
ARR000704,CR000874,A000874,2025-04-26,EMP000786
ARR000705,CR000876,A000876,2024-11-09,EMP003044
ARR000706,CR000877,A000877,2026-01-30,EMP004811
ARR000707,CR000878,A000878,2026-06-27,EMP007761
ARR000708,CR000879,A000879,2026-06-08,EMP005433
ARR000709,CR000880,A000880,2025-09-04,EMP005427
ARR000710,CR000882,A000882,2025-02-03,EMP002530
ARR000711,CR000884,A000884,2025-03-17,EMP004490
ARR000712,CR000885,A000885,2025-05-26,EMP005147
ARR000713,CR000887,A000887,2025-02-26,EMP006138
ARR000714,CR000888,A000888,2026-01-02,EMP004995
ARR000715,CR000890,A000890,2025-11-25,EMP003331
ARR000716,CR000893,A000893,2026-06-05,EMP004423
ARR000717,CR000894,A000894,2024-10-02,EMP004842
ARR000718,CR000895,A000895,2025-08-18,EMP001526
ARR000719,CR000896,A000896,2026-06-30,EMP008295
ARR000720,CR000900,A000900,2026-02-10,EMP002293
ARR000721,CR000903,A000903,2026-03-07,EMP003290
ARR000722,CR000904,A000904,2024-11-15,EMP006038
ARR000723,CR000906,A000906,2025-05-13,EMP007604
ARR000724,CR000909,A000909,2026-04-12,EMP000166
ARR000725,CR000910,A000910,2025-08-03,EMP008661
ARR000726,CR000911,A000911,2024-10-16,EMP006125
ARR000727,CR000912,A000912,2024-10-23,EMP002890
ARR000728,CR000913,A000913,2025-06-10,EMP008947
ARR000729,CR000914,A000914,2025-12-08,EMP003404
ARR000730,CR000915,A000915,2025-04-17,EMP009669
ARR000731,CR000916,A000916,2025-01-03,EMP005022
ARR000732,CR000918,A000918,2024-09-16,EMP008927
ARR000733,CR000919,A000919,2024-11-11,EMP003262
ARR000734,CR000920,A000920,2025-04-09,EMP005081
ARR000735,CR000921,A000921,2025-07-25,EMP007165
ARR000736,CR000922,A000922,2024-08-21,EMP009587
ARR000737,CR000923,A000923,2026-05-02,EMP006144
ARR000738,CR000924,A000924,2026-01-15,EMP003267
ARR000739,CR000925,A000925,2025-02-11,EMP007238
ARR000740,CR000929,A000929,2026-02-05,EMP006263
ARR000741,CR000930,A000930,2024-10-09,EMP005801
ARR000742,CR000931,A000931,2026-04-15,EMP001709
ARR000743,CR000932,A000932,2024-10-12,EMP000583
ARR000744,CR000933,A000933,2024-08-26,EMP005531
ARR000745,CR000934,A000934,2025-11-01,EMP003841
ARR000746,CR000935,A000935,2024-12-10,EMP003258
ARR000747,CR000936,A000936,2025-11-03,EMP007212
ARR000748,CR000938,A000938,2025-05-05,EMP005108
ARR000749,CR000939,A000939,2025-01-31,EMP003256
ARR000750,CR000940,A000940,2024-08-07,EMP008586
ARR000751,CR000941,A000941,2025-11-02,EMP000713
ARR000752,CR000942,A000942,2025-04-19,EMP007731
ARR000753,CR000945,A000945,2026-03-06,EMP007161
ARR000754,CR000946,A000946,2025-08-15,EMP003350
ARR000755,CR000947,A000947,2024-08-15,EMP007927
ARR000756,CR000948,A000948,2025-10-04,EMP008686
ARR000757,CR000949,A000949,2025-02-11,EMP005754
ARR000758,CR000950,A000950,2025-11-14,EMP006213
ARR000759,CR000951,A000951,2025-03-05,EMP003347
ARR000760,CR000954,A000954,2026-01-15,EMP006367
ARR000761,CR000955,A000955,2024-09-25,EMP007282
ARR000762,CR000957,A000957,2026-03-04,EMP004416
ARR000763,CR000958,A000958,2024-12-29,EMP001348
ARR000764,CR000959,A000959,2026-02-02,EMP003368
ARR000765,CR000960,A000960,2026-06-10,EMP003302
ARR000766,CR000962,A000962,2024-08-29,EMP002952
ARR000767,CR000963,A000963,2026-01-21,EMP007876
ARR000768,CR000964,A000964,2024-11-20,EMP003310
ARR000769,CR000965,A000965,2025-09-26,EMP004382
ARR000770,CR000966,A000966,2026-03-07,EMP003396
ARR000771,CR000967,A000967,2025-10-24,EMP008657
ARR000772,CR000968,A000968,2026-04-13,EMP004161
ARR000773,CR000969,A000969,2026-05-30,EMP003894
ARR000774,CR000970,A000970,2025-06-22,EMP005272
ARR000775,CR000971,A000971,2024-11-10,EMP005160
ARR000776,CR000972,A000972,2026-04-10,EMP004880
ARR000777,CR000973,A000973,2024-12-15,EMP004745
ARR000778,CR000974,A000974,2026-03-20,EMP000892
ARR000779,CR000975,A000975,2025-04-30,EMP004984
ARR000780,CR000976,A000976,2024-12-08,EMP005859
ARR000781,CR000980,A000980,2026-01-13,EMP006698
ARR000782,CR000981,A000981,2025-04-07,EMP004495
ARR000783,CR000982,A000982,2025-04-02,EMP004878
ARR000784,CR000983,A000983,2026-04-12,EMP000931
ARR000785,CR000984,A000984,2026-06-12,EMP004653
ARR000786,CR000985,A000985,2026-03-29,EMP003335
ARR000787,CR000986,A000986,2025-03-07,EMP004582
ARR000788,CR000987,A000987,2026-07-07,EMP008155
ARR000789,CR000988,A000988,2026-08-03,EMP008902
ARR000790,CR000989,A000989,2025-04-13,EMP006892
ARR000791,CR000990,A000990,2026-03-02,EMP008792
ARR000792,CR000991,A000991,2024-08-30,EMP000315
ARR000793,CR000992,A000992,2025-02-14,EMP009191
ARR000794,CR000993,A000993,2025-08-11,EMP000706
ARR000795,CR000995,A000995,2026-02-05,EMP008899
ARR000796,CR000996,A000996,2024-12-09,EMP008031
ARR000797,CR000998,A000998,2025-04-17,EMP000112
ARR000798,CR001000,A001000,2024-12-26,EMP004784
ARR000799,CR001002,A001002,2025-02-13,EMP003316
ARR000800,CR001003,A001003,2026-04-20,EMP001484
ARR000801,CR001004,A001004,2024-08-31,EMP008997
ARR000802,CR001005,A001005,2024-11-10,EMP008529
ARR000803,CR001006,A001006,2025-03-04,EMP005487
ARR000804,CR001007,A001007,2026-05-06,EMP009897
ARR000805,CR001008,A001008,2025-06-15,EMP009572
ARR000806,CR001009,A001009,2025-12-10,EMP003324
ARR000807,CR001010,A001010,2026-01-28,EMP004877
ARR000808,CR001011,A001011,2026-06-21,EMP002266
ARR000809,CR001012,A001012,2025-05-16,EMP001252
ARR000810,CR001013,A001013,2025-08-01,EMP004878
ARR000811,CR001014,A001014,2024-09-11,EMP005550
ARR000812,CR001015,A001015,2025-11-23,EMP004505
ARR000813,CR001016,A001016,2025-02-12,EMP006211
ARR000814,CR001017,A001017,2024-10-28,EMP005489
ARR000815,CR001018,A001018,2026-04-03,EMP004916
ARR000816,CR001019,A001019,2026-02-05,EMP005240
ARR000817,CR001021,A001021,2026-04-27,EMP009792
ARR000818,CR001022,A001022,2025-05-14,EMP007807
ARR000819,CR001023,A001023,2025-12-16,EMP006072
ARR000820,CR001024,A001024,2024-12-06,EMP005016
ARR000821,CR001025,A001025,2025-12-25,EMP006800
ARR000822,CR001026,A001026,2025-07-03,EMP001185
ARR000823,CR001028,A001028,2026-03-13,EMP006291
ARR000824,CR001029,A001029,2026-04-04,EMP007775
ARR000825,CR001030,A001030,2024-10-21,EMP003313
ARR000826,CR001031,A001031,2025-03-23,EMP007975
ARR000827,CR001032,A001032,2025-07-01,EMP008230
ARR000828,CR001034,A001034,2026-06-21,EMP007386
ARR000829,CR001035,A001035,2026-04-21,EMP005521
ARR000830,CR001036,A001036,2025-05-30,EMP004109
ARR000831,CR001037,A001037,2026-02-10,EMP010052
ARR000832,CR001039,A001039,2025-03-05,EMP004021
ARR000833,CR001041,A001041,2026-07-15,EMP008696
ARR000834,CR001043,A001043,2026-04-17,EMP007808
ARR000835,CR001046,A001046,2025-12-09,EMP003872
ARR000836,CR001047,A001047,2025-10-22,EMP001262
ARR000837,CR001048,A001048,2026-03-08,EMP007420
ARR000838,CR001049,A001049,2024-08-13,EMP000037
ARR000839,CR001050,A001050,2025-02-10,EMP006795
ARR000840,CR001052,A001052,2026-02-21,EMP004576
ARR000841,CR001053,A001053,2024-09-23,EMP007846
ARR000842,CR001055,A001055,2026-01-27,EMP003269
ARR000843,CR001056,A001056,2025-04-20,EMP002314
ARR000844,CR001058,A001058,2024-11-10,EMP000890
ARR000845,CR001059,A001059,2026-02-02,EMP008319
ARR000846,CR001060,A001060,2025-09-26,EMP003841
ARR000847,CR001061,A001061,2026-01-05,EMP006571
ARR000848,CR001063,A001063,2024-11-02,EMP003446
ARR000849,CR001064,A001064,2025-03-24,EMP006829
ARR000850,CR001065,A001065,2024-10-05,EMP009176
ARR000851,CR001067,A001067,2025-08-27,EMP008330
ARR000852,CR001069,A001069,2024-10-16,EMP006218
ARR000853,CR001071,A001071,2025-06-01,EMP006061
ARR000854,CR001072,A001072,2025-01-13,EMP000012
ARR000855,CR001074,A001074,2024-08-26,EMP008632
ARR000856,CR001075,A001075,2026-02-24,EMP007426
ARR000857,CR001076,A001076,2025-05-13,EMP008215
ARR000858,CR001078,A001078,2024-11-11,EMP006295
ARR000859,CR001079,A001079,2024-11-05,EMP008991
ARR000860,CR001080,A001080,2025-08-22,EMP001002
ARR000861,CR001083,A001083,2026-03-26,EMP004087
ARR000862,CR001084,A001084,2025-01-12,EMP001206
ARR000863,CR001085,A001085,2025-08-16,EMP004579
ARR000864,CR001086,A001086,2025-09-13,EMP007217
ARR000865,CR001087,A001087,2026-04-18,EMP007152
ARR000866,CR001088,A001088,2026-05-01,EMP009767
ARR000867,CR001089,A001089,2024-12-05,EMP000890
ARR000868,CR001090,A001090,2024-08-18,EMP006288
ARR000869,CR001091,A001091,2025-08-06,EMP008681
ARR000870,CR001092,A001092,2024-12-08,EMP003187
ARR000871,CR001093,A001093,2026-01-25,EMP009471
ARR000872,CR001094,A001094,2025-06-20,EMP000884
ARR000873,CR001096,A001096,2026-06-05,EMP006027
ARR000874,CR001098,A001098,2024-08-21,EMP000430
ARR000875,CR001099,A001099,2024-08-23,EMP007753
ARR000876,CR001100,A001100,2025-09-10,EMP008657
ARR000877,CR001101,A001101,2025-03-07,EMP004648
ARR000878,CR001102,A001102,2025-01-03,EMP000560
ARR000879,CR001103,A001103,2025-05-14,EMP004912
ARR000880,CR001104,A001104,2025-01-28,EMP008407
ARR000881,CR001105,A001105,2025-06-26,EMP005156
ARR000882,CR001106,A001106,2025-12-02,EMP003276
ARR000883,CR001107,A001107,2024-07-28,EMP006158
ARR000884,CR001109,A001109,2026-05-02,EMP006261
ARR000885,CR001110,A001110,2024-08-02,EMP003332
ARR000886,CR001113,A001113,2026-04-15,EMP000621
ARR000887,CR001114,A001114,2025-11-05,EMP006231
ARR000888,CR001115,A001115,2024-11-19,EMP006236
ARR000889,CR001117,A001117,2025-01-25,EMP004954
ARR000890,CR001118,A001118,2024-08-07,EMP004886
ARR000891,CR001119,A001119,2024-09-30,EMP005434
ARR000892,CR001120,A001120,2025-09-27,EMP003991
ARR000893,CR001122,A001122,2025-08-25,EMP006661
ARR000894,CR001123,A001123,2026-04-21,EMP006165
ARR000895,CR001124,A001124,2026-07-03,EMP004398
ARR000896,CR001125,A001125,2025-02-03,EMP004451
ARR000897,CR001126,A001126,2026-06-06,EMP005063
ARR000898,CR001128,A001128,2024-12-24,EMP010001
ARR000899,CR001129,A001129,2026-03-26,EMP003265
ARR000900,CR001131,A001131,2025-04-15,EMP000703
ARR000901,CR001132,A001132,2026-04-19,EMP006034
ARR000902,CR001133,A001133,2024-11-24,EMP007400
ARR000903,CR001134,A001134,2024-11-15,EMP003313
ARR000904,CR001135,A001135,2025-09-24,EMP003026
ARR000905,CR001136,A001136,2025-06-15,EMP003255
ARR000906,CR001137,A001137,2025-08-10,EMP002296
ARR000907,CR001139,A001139,2025-02-06,EMP005188
ARR000908,CR001140,A001140,2024-12-11,EMP002615
ARR000909,CR001141,A001141,2025-07-08,EMP003254
ARR000910,CR001143,A001143,2025-09-23,EMP008563
ARR000911,CR001144,A001144,2025-07-03,EMP005460
ARR000912,CR001146,A001146,2024-07-28,EMP004812
ARR000913,CR001147,A001147,2025-12-03,EMP008345
ARR000914,CR001148,A001148,2024-11-16,EMP003312
ARR000915,CR001149,A001149,2026-06-27,EMP006009
ARR000916,CR001151,A001151,2026-06-20,EMP000887
ARR000917,CR001152,A001152,2025-12-17,EMP003260
ARR000918,CR001153,A001153,2026-05-12,EMP004909
ARR000919,CR001154,A001154,2025-02-24,EMP008045
ARR000920,CR001156,A001156,2025-12-28,EMP006303
ARR000921,CR001157,A001157,2024-12-17,EMP003291
ARR000922,CR001160,A001160,2026-05-14,EMP000643
ARR000923,CR001162,A001162,2026-04-28,EMP006679
ARR000924,CR001164,A001164,2024-10-08,EMP005609
ARR000925,CR001165,A001165,2025-05-23,EMP006231
ARR000926,CR001166,A001166,2025-06-14,EMP004158
ARR000927,CR001167,A001167,2025-05-11,EMP009240
ARR000928,CR001168,A001168,2025-06-29,EMP002901
ARR000929,CR001169,A001169,2024-12-12,EMP003135
ARR000930,CR001170,A001170,2026-03-12,EMP007385
ARR000931,CR001171,A001171,2024-10-21,EMP005426
ARR000932,CR001174,A001174,2024-11-01,EMP009491
ARR000933,CR001175,A001175,2025-11-02,EMP007860
ARR000934,CR001176,A001176,2025-07-02,EMP004663
ARR000935,CR001177,A001177,2025-02-26,EMP008297
ARR000936,CR001179,A001179,2024-09-28,EMP006241
ARR000937,CR001180,A001180,2025-05-21,EMP004622
ARR000938,CR001181,A001181,2025-11-25,EMP004616
ARR000939,CR001182,A001182,2026-01-14,EMP010059
ARR000940,CR001183,A001183,2025-06-19,EMP007988
ARR000941,CR001184,A001184,2025-10-10,EMP006664
ARR000942,CR001186,A001186,2025-11-24,EMP002798
ARR000943,CR001187,A001187,2024-08-18,EMP005064
ARR000944,CR001188,A001188,2025-11-20,EMP000438
ARR000945,CR001189,A001189,2025-05-01,EMP001524
ARR000946,CR001190,A001190,2025-08-16,EMP004975
ARR000947,CR001191,A001191,2025-08-17,EMP004100
ARR000948,CR001192,A001192,2024-07-19,EMP006239
ARR000949,CR001194,A001194,2025-02-17,EMP005563
ARR000950,CR001195,A001195,2025-05-01,EMP009974
ARR000951,CR001196,A001196,2025-06-07,EMP003312
ARR000952,CR001198,A001198,2025-06-27,EMP004881
ARR000953,CR001199,A001199,2026-03-29,EMP008292
ARR000954,CR001201,A001201,2026-04-18,EMP005232
ARR000955,CR001202,A001202,2025-05-24,EMP009334
ARR000956,CR001203,A001203,2025-07-28,EMP004751
ARR000957,CR001204,A001204,2025-01-12,EMP003129
ARR000958,CR001205,A001205,2025-11-18,EMP003288
ARR000959,CR001206,A001206,2025-04-07,EMP009213
ARR000960,CR001207,A001207,2025-05-08,EMP002385
ARR000961,CR001209,A001209,2026-04-06,EMP002995
ARR000962,CR001210,A001210,2026-07-13,EMP008635
ARR000963,CR001211,A001211,2025-12-05,EMP000777
ARR000964,CR001212,A001212,2024-10-16,EMP007926
ARR000965,CR001213,A001213,2024-09-28,EMP006289
ARR000966,CR001214,A001214,2025-11-15,EMP003311
ARR000967,CR001215,A001215,2026-03-06,EMP003374
ARR000968,CR001216,A001216,2025-10-14,EMP005491
ARR000969,CR001218,A001218,2026-04-08,EMP006170
ARR000970,CR001219,A001219,2025-11-01,EMP007713
ARR000971,CR001220,A001220,2026-07-05,EMP003263
ARR000972,CR001221,A001221,2024-10-02,EMP001696
ARR000973,CR001222,A001222,2025-02-23,EMP001407
ARR000974,CR001223,A001223,2025-12-05,EMP001254
ARR000975,CR001224,A001224,2025-08-20,EMP006827
ARR000976,CR001227,A001227,2025-09-28,EMP003299
ARR000977,CR001228,A001228,2024-10-20,EMP007919
ARR000978,CR001229,A001229,2025-02-01,EMP006889
ARR000979,CR001230,A001230,2026-04-15,EMP006142
ARR000980,CR001231,A001231,2025-09-27,EMP008406
ARR000981,CR001232,A001232,2024-08-13,EMP003291
ARR000982,CR001233,A001233,2025-12-20,EMP005388
ARR000983,CR001234,A001234,2024-11-28,EMP004480
ARR000984,CR001235,A001235,2024-10-02,EMP006806
ARR000985,CR001236,A001236,2025-01-25,EMP006489
ARR000986,CR001237,A001237,2025-10-25,EMP003311
ARR000987,CR001238,A001238,2025-09-08,EMP002010
ARR000988,CR001239,A001239,2025-03-15,EMP002858
ARR000989,CR001240,A001240,2024-08-07,EMP004084
ARR000990,CR001242,A001242,2024-08-20,EMP004653
ARR000991,CR001244,A001244,2026-01-26,EMP003637
ARR000992,CR001245,A001245,2025-06-12,EMP003303
ARR000993,CR001246,A001246,2025-01-05,EMP008450
ARR000994,CR001247,A001247,2025-03-19,EMP003254
ARR000995,CR001248,A001248,2026-04-16,EMP003333
ARR000996,CR001249,A001249,2025-07-15,EMP000818
ARR000997,CR001250,A001250,2025-01-20,EMP003275
ARR000998,CR001251,A001251,2025-11-27,EMP001614
ARR000999,CR001252,A001252,2025-07-21,EMP008292
ARR001000,CR001253,A001253,2026-06-05,EMP003291
ARR001001,CR001254,A001254,2025-11-06,EMP009330
ARR001002,CR001255,A001255,2025-05-29,EMP005786
ARR001003,CR001256,A001256,2026-03-11,EMP001352
ARR001004,CR001259,A001259,2024-08-13,EMP003324
ARR001005,CR001260,A001260,2025-07-16,EMP003303
ARR001006,CR001262,A001262,2025-11-07,EMP005353
ARR001007,CR001263,A001263,2024-07-26,EMP005090
ARR001008,CR001264,A001264,2024-11-18,EMP006086
ARR001009,CR001265,A001265,2024-12-17,EMP008505
ARR001010,CR001266,A001266,2024-09-28,EMP000884
ARR001011,CR001267,A001267,2024-12-23,EMP009799
ARR001012,CR001268,A001268,2025-01-23,EMP007918
ARR001013,CR001269,A001269,2026-07-25,EMP004933
ARR001014,CR001272,A001272,2025-01-01,EMP000656
ARR001015,CR001273,A001273,2024-08-20,EMP004470
ARR001016,CR001274,A001274,2026-04-28,EMP006210
ARR001017,CR001275,A001275,2024-10-08,EMP009419
ARR001018,CR001276,A001276,2025-01-10,EMP008741
ARR001019,CR001277,A001277,2024-09-16,EMP003283
ARR001020,CR001278,A001278,2025-01-30,EMP003295
ARR001021,CR001279,A001279,2025-09-01,EMP008952
ARR001022,CR001280,A001280,2025-01-04,EMP008455
ARR001023,CR001281,A001281,2024-12-31,EMP003904
ARR001024,CR001282,A001282,2025-08-21,EMP009474
ARR001025,CR001283,A001283,2024-11-28,EMP009266
ARR001026,CR001284,A001284,2025-11-04,EMP008582
ARR001027,CR001285,A001285,2026-03-14,EMP000892
ARR001028,CR001286,A001286,2025-03-15,EMP004663
ARR001029,CR001288,A001288,2025-03-21,EMP008722
ARR001030,CR001289,A001289,2024-12-15,EMP001713
ARR001031,CR001291,A001291,2025-10-08,EMP006260
ARR001032,CR001292,A001292,2025-08-01,EMP007197
ARR001033,CR001293,A001293,2025-06-06,EMP004775
ARR001034,CR001294,A001294,2025-06-17,EMP005368
ARR001035,CR001295,A001295,2025-03-03,EMP005494
ARR001036,CR001296,A001296,2024-10-30,EMP001410
ARR001037,CR001297,A001297,2026-05-25,EMP007164
ARR001038,CR001298,A001298,2024-08-09,EMP001857
ARR001039,CR001299,A001299,2025-12-19,EMP003267
ARR001040,CR001300,A001300,2025-06-15,EMP000597
ARR001041,CR001301,A001301,2026-05-16,EMP008687
ARR001042,CR001302,A001302,2026-02-14,EMP003279
ARR001043,CR001303,A001303,2025-07-10,EMP009472
ARR001044,CR001305,A001305,2026-05-04,EMP001176
ARR001045,CR001306,A001306,2026-06-29,EMP009421
ARR001046,CR001307,A001307,2025-11-27,EMP007423
ARR001047,CR001308,A001308,2026-05-17,EMP008075
ARR001048,CR001310,A001310,2025-12-04,EMP005979
ARR001049,CR001312,A001312,2025-03-29,EMP003499
ARR001050,CR001314,A001314,2024-10-03,EMP004875
ARR001051,CR001315,A001315,2026-04-13,EMP008949
ARR001052,CR001317,A001317,2025-02-10,EMP008241
ARR001053,CR001318,A001318,2025-11-20,EMP000787
ARR001054,CR001319,A001319,2025-09-23,EMP004103
ARR001055,CR001320,A001320,2024-10-17,EMP003268
ARR001056,CR001321,A001321,2026-02-17,EMP003316
ARR001057,CR001322,A001322,2024-12-07,EMP001419
ARR001058,CR001323,A001323,2026-02-05,EMP005215
ARR001059,CR001324,A001324,2024-12-08,EMP007705
ARR001060,CR001325,A001325,2025-09-09,EMP004640
ARR001061,CR001326,A001326,2025-01-25,EMP000262
ARR001062,CR001327,A001327,2024-09-30,EMP003267
ARR001063,CR001329,A001329,2025-01-18,EMP001441
ARR001064,CR001330,A001330,2025-09-12,EMP000682
ARR001065,CR001331,A001331,2024-07-31,EMP003298
ARR001066,CR001332,A001332,2026-06-09,EMP006709
ARR001067,CR001333,A001333,2024-07-29,EMP009939
ARR001068,CR001334,A001334,2025-01-06,EMP008395
ARR001069,CR001335,A001335,2024-10-21,EMP004790
ARR001070,CR001336,A001336,2025-04-02,EMP000028
ARR001071,CR001337,A001337,2025-03-11,EMP001787
ARR001072,CR001338,A001338,2024-12-25,EMP004111
ARR001073,CR001339,A001339,2026-07-06,EMP001999
ARR001074,CR001340,A001340,2025-03-16,EMP003346
ARR001075,CR001341,A001341,2025-09-14,EMP003992
ARR001076,CR001342,A001342,2025-03-12,EMP005843
ARR001077,CR001343,A001343,2025-03-19,EMP009354
ARR001078,CR001344,A001344,2026-07-03,EMP008484
ARR001079,CR001346,A001346,2025-08-27,EMP000074
ARR001080,CR001347,A001347,2024-08-05,EMP008162
ARR001081,CR001348,A001348,2026-04-04,EMP008493
ARR001082,CR001349,A001349,2024-10-03,EMP008329
ARR001083,CR001350,A001350,2026-02-13,EMP005898
ARR001084,CR001351,A001351,2026-06-22,EMP004648
ARR001085,CR001352,A001352,2026-07-04,EMP005482
ARR001086,CR001353,A001353,2026-06-18,EMP001437
ARR001087,CR001354,A001354,2025-09-29,EMP003286
ARR001088,CR001355,A001355,2026-05-15,EMP003156
ARR001089,CR001356,A001356,2025-01-24,EMP005430
ARR001090,CR001357,A001357,2025-10-18,EMP004836
ARR001091,CR001358,A001358,2024-09-24,EMP003260
ARR001092,CR001359,A001359,2026-05-25,EMP005940
ARR001093,CR001361,A001361,2025-09-25,EMP004572
ARR001094,CR001362,A001362,2025-03-08,EMP005431
ARR001095,CR001363,A001363,2024-11-13,EMP009611
ARR001096,CR001364,A001364,2026-04-19,EMP007153
ARR001097,CR001365,A001365,2025-01-09,EMP000782
ARR001098,CR001366,A001366,2026-06-07,EMP003698
ARR001099,CR001367,A001367,2025-01-19,EMP003132
ARR001100,CR001368,A001368,2026-05-02,EMP004670
ARR001101,CR001369,A001369,2026-04-23,EMP001734
ARR001102,CR001370,A001370,2025-08-05,EMP006367
ARR001103,CR001371,A001371,2025-05-31,EMP007959
ARR001104,CR001372,A001372,2026-03-22,EMP005403
ARR001105,CR001374,A001374,2025-04-28,EMP008061
ARR001106,CR001375,A001375,2026-03-14,EMP006209
ARR001107,CR001376,A001376,2025-04-14,EMP005518
ARR001108,CR001377,A001377,2026-01-30,EMP004618
ARR001109,CR001380,A001380,2025-06-14,EMP004649
ARR001110,CR001382,A001382,2024-09-22,EMP004867
ARR001111,CR001383,A001383,2025-11-04,EMP006874
ARR001112,CR001384,A001384,2024-07-15,EMP003849
ARR001113,CR001385,A001385,2025-11-06,EMP000888
ARR001114,CR001386,A001386,2024-08-09,EMP004015
ARR001115,CR001387,A001387,2025-09-11,EMP007730
ARR001116,CR001388,A001388,2026-03-20,EMP003304
ARR001117,CR001392,A001392,2026-04-25,EMP009228
ARR001118,CR001393,A001393,2026-04-03,EMP004720
ARR001119,CR001394,A001394,2024-10-02,EMP006379
ARR001120,CR001395,A001395,2026-04-15,EMP008357
ARR001121,CR001397,A001397,2025-02-25,EMP006340
ARR001122,CR001398,A001398,2025-07-13,EMP006247
ARR001123,CR001399,A001399,2026-06-22,EMP007779
ARR001124,CR001400,A001400,2025-05-31,EMP001684
ARR001125,CR001401,A001401,2025-06-12,EMP005127
ARR001126,CR001402,A001402,2025-11-05,EMP004925
ARR001127,CR001403,A001403,2026-05-13,EMP003886
ARR001128,CR001405,A001405,2024-10-17,EMP001671
ARR001129,CR001406,A001406,2026-02-07,EMP005266
ARR001130,CR001407,A001407,2026-04-28,EMP003304
ARR001131,CR001408,A001408,2025-08-12,EMP003324
ARR001132,CR001409,A001409,2024-11-04,EMP002960
ARR001133,CR001410,A001410,2026-04-19,EMP003304
ARR001134,CR001411,A001411,2026-06-24,EMP007144
ARR001135,CR001412,A001412,2026-03-31,EMP001858
ARR001136,CR001413,A001413,2025-07-17,EMP004697
ARR001137,CR001415,A001415,2025-11-12,EMP009674
ARR001138,CR001416,A001416,2025-06-29,EMP008032
ARR001139,CR001418,A001418,2026-04-10,EMP003320
ARR001140,CR001420,A001420,2025-12-04,EMP006953
ARR001141,CR001421,A001421,2026-03-16,EMP003928
ARR001142,CR001422,A001422,2025-09-11,EMP003374
ARR001143,CR001423,A001423,2025-04-08,EMP000602
ARR001144,CR001426,A001426,2024-11-06,EMP004744
ARR001145,CR001427,A001427,2026-04-05,EMP003290
ARR001146,CR001428,A001428,2024-09-04,EMP009728
ARR001147,CR001429,A001429,2025-01-13,EMP000319
ARR001148,CR001431,A001431,2025-07-04,EMP001282
ARR001149,CR001432,A001432,2026-02-21,EMP007214
ARR001150,CR001433,A001433,2025-12-10,EMP003283
ARR001151,CR001435,A001435,2026-06-12,EMP001333
ARR001152,CR001436,A001436,2025-11-09,EMP006416
ARR001153,CR001437,A001437,2025-06-26,EMP003303
ARR001154,CR001438,A001438,2026-03-17,EMP008620
ARR001155,CR001439,A001439,2026-03-21,EMP002290
ARR001156,CR001440,A001440,2024-09-29,EMP003304
ARR001157,CR001441,A001441,2025-10-13,EMP004341
ARR001158,CR001442,A001442,2024-10-10,EMP001375
ARR001159,CR001443,A001443,2026-04-20,EMP002381
ARR001160,CR001444,A001444,2026-03-12,EMP006273
ARR001161,CR001445,A001445,2026-07-18,EMP000072
ARR001162,CR001446,A001446,2025-05-19,EMP004820
ARR001163,CR001447,A001447,2025-12-02,EMP006217
ARR001164,CR001448,A001448,2026-04-24,EMP003268
ARR001165,CR001449,A001449,2025-07-28,EMP000015
ARR001166,CR001450,A001450,2025-08-28,EMP009582
ARR001167,CR001451,A001451,2025-04-04,EMP006899
ARR001168,CR001452,A001452,2026-05-06,EMP003267
ARR001169,CR001453,A001453,2025-10-14,EMP007153
ARR001170,CR001454,A001454,2025-11-05,EMP009257
ARR001171,CR001455,A001455,2025-07-30,EMP003297
ARR001172,CR001456,A001456,2026-04-14,EMP001525
ARR001173,CR001457,A001457,2025-10-10,EMP000717
ARR001174,CR001459,A001459,2025-01-06,EMP000665
ARR001175,CR001460,A001460,2024-07-25,EMP000674
ARR001176,CR001461,A001461,2025-04-06,EMP006494
ARR001177,CR001462,A001462,2025-09-07,EMP009856
ARR001178,CR001463,A001463,2025-06-11,EMP008626
ARR001179,CR001464,A001464,2025-08-24,EMP001229
ARR001180,CR001465,A001465,2025-10-03,EMP003268
ARR001181,CR001467,A001467,2025-11-02,EMP008617
ARR001182,CR001468,A001468,2024-08-27,EMP004681
ARR001183,CR001469,A001469,2025-09-25,EMP005112
ARR001184,CR001470,A001470,2025-10-07,EMP009844
ARR001185,CR001471,A001471,2025-08-15,EMP002951
ARR001186,CR001472,A001472,2026-06-08,EMP007263
ARR001187,CR001474,A001474,2025-05-02,EMP003336
ARR001188,CR001475,A001475,2025-12-07,EMP003307
ARR001189,CR001476,A001476,2025-02-14,EMP006052
ARR001190,CR001477,A001477,2025-03-29,EMP005782
ARR001191,CR001479,A001479,2025-09-27,EMP007342
ARR001192,CR001480,A001480,2025-07-25,EMP004845
ARR001193,CR001481,A001481,2026-04-13,EMP000011
ARR001194,CR001482,A001482,2025-01-14,EMP006223
ARR001195,CR001483,A001483,2026-03-12,EMP008093
ARR001196,CR001484,A001484,2025-12-09,EMP003309
ARR001197,CR001485,A001485,2026-04-03,EMP008719
ARR001198,CR001486,A001486,2025-01-11,EMP006696
ARR001199,CR001487,A001487,2025-09-26,EMP008431
ARR001200,CR001488,A001488,2026-05-22,EMP000227
ARR001201,CR001491,A001491,2025-07-09,EMP003271
ARR001202,CR001492,A001492,2024-09-16,EMP008923
ARR001203,CR001493,A001493,2026-03-22,EMP009312
ARR001204,CR001494,A001494,2025-09-05,EMP006674
ARR001205,CR001495,A001495,2025-12-08,EMP000299
ARR001206,CR001497,A001497,2024-11-29,EMP003150
ARR001207,CR001498,A001498,2025-05-21,EMP007147
ARR001208,CR001499,A001499,2025-09-22,EMP009759
ARR001209,CR001500,A001500,2025-12-27,EMP004531
ARR001210,CR001501,A001501,2025-01-05,EMP005874
ARR001211,CR001504,A001504,2025-03-18,EMP003270
ARR001212,CR001506,A001506,2025-05-16,EMP008562
ARR001213,CR001507,A001507,2026-01-18,EMP005367
ARR001214,CR001508,A001508,2026-04-10,EMP007454
ARR001215,CR001509,A001509,2024-10-29,EMP004221
ARR001216,CR001510,A001510,2024-11-01,EMP004354
ARR001217,CR001511,A001511,2025-10-17,EMP003256
ARR001218,CR001512,A001512,2025-11-25,EMP004612
ARR001219,CR001513,A001513,2025-04-04,EMP007915
ARR001220,CR001514,A001514,2025-10-29,EMP000107
ARR001221,CR001515,A001515,2025-05-04,EMP006843
ARR001222,CR001516,A001516,2024-11-15,EMP001537
ARR001223,CR001517,A001517,2025-04-04,EMP002135
ARR001224,CR001518,A001518,2026-07-14,EMP007427
ARR001225,CR001519,A001519,2025-06-27,EMP001920
ARR001226,CR001520,A001520,2025-01-17,EMP006035
ARR001227,CR001521,A001521,2026-01-03,EMP003256
ARR001228,CR001522,A001522,2025-06-03,EMP001501
ARR001229,CR001524,A001524,2026-05-13,EMP006313
ARR001230,CR001525,A001525,2024-12-16,EMP003868
ARR001231,CR001526,A001526,2025-04-13,EMP001801
ARR001232,CR001527,A001527,2026-01-11,EMP008499
ARR001233,CR001528,A001528,2025-08-29,EMP003304
ARR001234,CR001529,A001529,2025-05-10,EMP006320
ARR001235,CR001530,A001530,2025-03-06,EMP003290
ARR001236,CR001531,A001531,2024-12-13,EMP004943
ARR001237,CR001533,A001533,2025-09-25,EMP002366
ARR001238,CR001534,A001534,2025-08-31,EMP009972
ARR001239,CR001536,A001536,2025-11-25,EMP006213
ARR001240,CR001537,A001537,2025-03-24,EMP001699
ARR001241,CR001538,A001538,2026-02-11,EMP006125
ARR001242,CR001539,A001539,2025-12-20,EMP008527
ARR001243,CR001541,A001541,2025-01-30,EMP000616
ARR001244,CR001542,A001542,2025-10-27,EMP007500
ARR001245,CR001543,A001543,2026-04-27,EMP009443
ARR001246,CR001544,A001544,2024-08-28,EMP009616
ARR001247,CR001545,A001545,2025-01-17,EMP008564
ARR001248,CR001546,A001546,2025-06-19,EMP008949
ARR001249,CR001547,A001547,2024-09-26,EMP001567
ARR001250,CR001548,A001548,2026-03-04,EMP002988
ARR001251,CR001549,A001549,2025-07-02,EMP000004
ARR001252,CR001551,A001551,2025-12-08,EMP004886
ARR001253,CR001552,A001552,2026-01-06,EMP009334
ARR001254,CR001553,A001553,2026-06-02,EMP004666
ARR001255,CR001554,A001554,2024-11-29,EMP009759
ARR001256,CR001556,A001556,2026-06-23,EMP001099
ARR001257,CR001558,A001558,2026-05-09,EMP006192
ARR001258,CR001560,A001560,2025-12-15,EMP008697
ARR001259,CR001561,A001561,2025-08-30,EMP006453
ARR001260,CR001562,A001562,2025-12-04,EMP010084
ARR001261,CR001564,A001564,2026-01-01,EMP003262
ARR001262,CR001565,A001565,2026-04-11,EMP004654
ARR001263,CR001566,A001566,2025-10-31,EMP007236
ARR001264,CR001568,A001568,2024-11-16,EMP001990
ARR001265,CR001570,A001570,2024-10-28,EMP003966
ARR001266,CR001571,A001571,2025-03-13,EMP003268
ARR001267,CR001573,A001573,2025-07-05,EMP003304
ARR001268,CR001574,A001574,2025-08-12,EMP008658
ARR001269,CR001575,A001575,2024-10-08,EMP003301
ARR001270,CR001576,A001576,2026-02-28,EMP003298
ARR001271,CR001577,A001577,2025-01-10,EMP009010
ARR001272,CR001578,A001578,2025-07-23,EMP007097
ARR001273,CR001579,A001579,2026-01-05,EMP008708
ARR001274,CR001580,A001580,2026-03-25,EMP005012
ARR001275,CR001581,A001581,2025-06-09,EMP000263
ARR001276,CR001582,A001582,2024-09-03,EMP004061
ARR001277,CR001583,A001583,2025-05-24,EMP001829
ARR001278,CR001585,A001585,2024-12-22,EMP000831
ARR001279,CR001586,A001586,2026-01-17,EMP003283
ARR001280,CR001587,A001587,2025-09-27,EMP006328
ARR001281,CR001590,A001590,2026-07-19,EMP001477
ARR001282,CR001594,A001594,2025-09-17,EMP003265
ARR001283,CR001595,A001595,2025-05-10,EMP006271
ARR001284,CR001596,A001596,2025-07-16,EMP001580
ARR001285,CR001597,A001597,2025-05-17,EMP009249
ARR001286,CR001599,A001599,2024-09-28,EMP006873
ARR001287,CR001600,A001600,2024-11-18,EMP005679
ARR001288,CR001603,A001603,2025-03-02,EMP000525
ARR001289,CR001604,A001604,2026-05-27,EMP001207
ARR001290,CR001605,A001605,2025-11-09,EMP009738
ARR001291,CR001606,A001606,2025-04-01,EMP005016
ARR001292,CR001607,A001607,2025-10-29,EMP005120
ARR001293,CR001608,A001608,2026-01-28,EMP003279
ARR001294,CR001609,A001609,2024-11-02,EMP001370
ARR001295,CR001610,A001610,2025-10-22,EMP007839
ARR001296,CR001611,A001611,2026-01-25,EMP005014
ARR001297,CR001612,A001612,2024-09-29,EMP007093
ARR001298,CR001614,A001614,2026-06-02,EMP003354
ARR001299,CR001615,A001615,2026-01-07,EMP006766
ARR001300,CR001616,A001616,2026-05-14,EMP006061
ARR001301,CR001617,A001617,2025-03-07,EMP007917
ARR001302,CR001619,A001619,2025-01-31,EMP002949
ARR001303,CR001620,A001620,2024-09-25,EMP009269
ARR001304,CR001622,A001622,2025-09-27,EMP009255
ARR001305,CR001623,A001623,2026-04-30,EMP009449
ARR001306,CR001624,A001624,2025-06-22,EMP006676
ARR001307,CR001625,A001625,2025-04-28,EMP005282
ARR001308,CR001626,A001626,2026-07-25,EMP001573
ARR001309,CR001628,A001628,2025-04-29,EMP004646
ARR001310,CR001629,A001629,2025-08-23,EMP001191
ARR001311,CR001630,A001630,2024-08-12,EMP004591
ARR001312,CR001631,A001631,2025-06-01,EMP008189
ARR001313,CR001632,A001632,2026-07-22,EMP004747
ARR001314,CR001633,A001633,2024-08-29,EMP010049
ARR001315,CR001634,A001634,2025-12-14,EMP009331
ARR001316,CR001635,A001635,2025-08-04,EMP008247
ARR001317,CR001636,A001636,2024-09-23,EMP004748
ARR001318,CR001637,A001637,2025-09-09,EMP000887
ARR001319,CR001638,A001638,2025-12-22,EMP003301
ARR001320,CR001639,A001639,2025-12-02,EMP000982
ARR001321,CR001640,A001640,2025-12-28,EMP004908
ARR001322,CR001642,A001642,2025-10-31,EMP001188
ARR001323,CR001643,A001643,2026-04-12,EMP008805
ARR001324,CR001644,A001644,2025-06-22,EMP004742
ARR001325,CR001646,A001646,2026-02-09,EMP003312
ARR001326,CR001648,A001648,2026-07-10,EMP009322
ARR001327,CR001649,A001649,2025-06-28,EMP005346
ARR001328,CR001650,A001650,2025-06-22,EMP001253
ARR001329,CR001651,A001651,2025-01-13,EMP005194
ARR001330,CR001652,A001652,2026-03-03,EMP004677
ARR001331,CR001653,A001653,2025-01-15,EMP000925
ARR001332,CR001655,A001655,2026-04-30,EMP008431
ARR001333,CR001656,A001656,2025-11-07,EMP000676
ARR001334,CR001657,A001657,2026-01-31,EMP004648
ARR001335,CR001658,A001658,2025-01-25,EMP007321
ARR001336,CR001659,A001659,2024-10-03,EMP009383
ARR001337,CR001660,A001660,2025-01-24,EMP006566
ARR001338,CR001661,A001661,2024-11-02,EMP005086
ARR001339,CR001662,A001662,2025-06-21,EMP006346
ARR001340,CR001663,A001663,2025-10-24,EMP009960
ARR001341,CR001664,A001664,2026-01-05,EMP000790
ARR001342,CR001666,A001666,2025-01-28,EMP007819
ARR001343,CR001667,A001667,2025-05-17,EMP009388
ARR001344,CR001668,A001668,2024-09-22,EMP001573
ARR001345,CR001670,A001670,2024-07-09,EMP000454
ARR001346,CR001671,A001671,2026-05-21,EMP007382
ARR001347,CR001673,A001673,2024-12-07,EMP006635
ARR001348,CR001674,A001674,2026-05-19,EMP001718
ARR001349,CR001675,A001675,2026-03-06,EMP001591
ARR001350,CR001676,A001676,2026-07-11,EMP007503
ARR001351,CR001677,A001677,2025-09-15,EMP000245
ARR001352,CR001679,A001679,2025-08-09,EMP000355
ARR001353,CR001680,A001680,2026-02-24,EMP007510
ARR001354,CR001681,A001681,2026-02-06,EMP000760
ARR001355,CR001683,A001683,2026-05-04,EMP006813
ARR001356,CR001684,A001684,2026-03-20,EMP008922
ARR001357,CR001685,A001685,2026-05-22,EMP004681
ARR001358,CR001686,A001686,2024-08-06,EMP000816
ARR001359,CR001687,A001687,2024-08-26,EMP005067
ARR001360,CR001688,A001688,2026-05-16,EMP007221
ARR001361,CR001689,A001689,2025-08-28,EMP004985
ARR001362,CR001691,A001691,2025-06-03,EMP000647
ARR001363,CR001693,A001693,2024-10-10,EMP008337
ARR001364,CR001694,A001694,2025-12-31,EMP005192
ARR001365,CR001695,A001695,2025-11-30,EMP001438
ARR001366,CR001696,A001696,2025-10-22,EMP003925
ARR001367,CR001697,A001697,2024-09-22,EMP003288
ARR001368,CR001698,A001698,2025-07-30,EMP001561
ARR001369,CR001700,A001700,2025-10-25,EMP006246
ARR001370,CR001701,A001701,2025-03-29,EMP009756
ARR001371,CR001703,A001703,2025-01-26,EMP001666
ARR001372,CR001707,A001707,2025-01-14,EMP003303
ARR001373,CR001708,A001708,2026-01-03,EMP004322
ARR001374,CR001710,A001710,2024-09-02,EMP003418
ARR001375,CR001711,A001711,2025-07-23,EMP006016
ARR001376,CR001712,A001712,2024-09-15,EMP006198
ARR001377,CR001713,A001713,2025-05-18,EMP003300
ARR001378,CR001714,A001714,2026-03-15,EMP007153
ARR001379,CR001715,A001715,2026-03-07,EMP005084
ARR001380,CR001716,A001716,2026-04-13,EMP003255
ARR001381,CR001718,A001718,2025-09-15,EMP001567
ARR001382,CR001719,A001719,2025-03-24,EMP007293
ARR001383,CR001720,A001720,2026-03-17,EMP001333
ARR001384,CR001721,A001721,2026-01-11,EMP006799
ARR001385,CR001722,A001722,2025-02-20,EMP006074
ARR001386,CR001723,A001723,2026-05-27,EMP001254
ARR001387,CR001724,A001724,2025-04-14,EMP002067
ARR001388,CR001725,A001725,2025-07-03,EMP004702
ARR001389,CR001726,A001726,2025-01-11,EMP003266
ARR001390,CR001727,A001727,2024-08-11,EMP007877
ARR001391,CR001728,A001728,2025-10-23,EMP005116
ARR001392,CR001729,A001729,2025-08-15,EMP000848
ARR001393,CR001730,A001730,2026-05-01,EMP008561
ARR001394,CR001731,A001731,2024-10-26,EMP002011
ARR001395,CR001734,A001734,2026-06-28,EMP007104
ARR001396,CR001735,A001735,2026-06-20,EMP001540
ARR001397,CR001736,A001736,2026-05-04,EMP000565
ARR001398,CR001737,A001737,2025-12-18,EMP003349
ARR001399,CR001739,A001739,2026-05-10,EMP004845
ARR001400,CR001740,A001740,2025-12-12,EMP003296
ARR001401,CR001741,A001741,2026-03-15,EMP005159
ARR001402,CR001742,A001742,2026-05-19,EMP003308
ARR001403,CR001743,A001743,2025-07-16,EMP001629
ARR001404,CR001744,A001744,2026-01-21,EMP003294
ARR001405,CR001745,A001745,2025-03-18,EMP003265
ARR001406,CR001746,A001746,2025-01-03,EMP009262
ARR001407,CR001747,A001747,2026-01-02,EMP007703
ARR001408,CR001748,A001748,2025-04-10,EMP009936
ARR001409,CR001749,A001749,2026-06-24,EMP002989
ARR001410,CR001750,A001750,2025-11-06,EMP006663
ARR001411,CR001752,A001752,2026-03-14,EMP006644
ARR001412,CR001754,A001754,2025-10-04,EMP007310
ARR001413,CR001756,A001756,2026-04-03,EMP008460
ARR001414,CR001757,A001757,2024-11-09,EMP003365
ARR001415,CR001758,A001758,2025-07-19,EMP004867
ARR001416,CR001759,A001759,2025-11-07,EMP007308
ARR001417,CR001760,A001760,2024-09-15,EMP004191
ARR001418,CR001761,A001761,2025-01-18,EMP006227
ARR001419,CR001762,A001762,2025-07-10,EMP003300
ARR001420,CR001763,A001763,2026-05-30,EMP003288
ARR001421,CR001764,A001764,2026-06-11,EMP006305
ARR001422,CR001765,A001765,2025-08-27,EMP006352
ARR001423,CR001766,A001766,2025-07-27,EMP008834
ARR001424,CR001767,A001767,2024-11-04,EMP005397
ARR001425,CR001768,A001768,2025-12-06,EMP007286
ARR001426,CR001769,A001769,2024-12-18,EMP003272
ARR001427,CR001770,A001770,2025-01-09,EMP003558
ARR001428,CR001771,A001771,2026-05-25,EMP007186
ARR001429,CR001772,A001772,2024-08-20,EMP003307
ARR001430,CR001773,A001773,2026-07-16,EMP000891
ARR001431,CR001774,A001774,2024-12-06,EMP003369
ARR001432,CR001775,A001775,2025-08-25,EMP006556
ARR001433,CR001776,A001776,2025-05-24,EMP002983
ARR001434,CR001777,A001777,2024-08-29,EMP004804
ARR001435,CR001778,A001778,2025-01-04,EMP006067
ARR001436,CR001779,A001779,2025-10-18,EMP005443
ARR001437,CR001780,A001780,2026-01-22,EMP004871
ARR001438,CR001781,A001781,2025-06-23,EMP003874
ARR001439,CR001782,A001782,2024-08-20,EMP004999
ARR001440,CR001783,A001783,2024-11-23,EMP000189
ARR001441,CR001784,A001784,2025-04-26,EMP008946
ARR001442,CR001785,A001785,2026-04-26,EMP003916
ARR001443,CR001786,A001786,2025-10-09,EMP006240
ARR001444,CR001787,A001787,2025-07-25,EMP007701
ARR001445,CR001788,A001788,2024-12-21,EMP006198
ARR001446,CR001789,A001789,2025-04-30,EMP001566
ARR001447,CR001790,A001790,2024-12-09,EMP007845
ARR001448,CR001791,A001791,2026-03-31,EMP005329
ARR001449,CR001793,A001793,2025-01-03,EMP004831
ARR001450,CR001794,A001794,2025-05-28,EMP008829
ARR001451,CR001795,A001795,2025-01-13,EMP001252
ARR001452,CR001797,A001797,2026-05-02,EMP001112
ARR001453,CR001798,A001798,2025-05-25,EMP009981
ARR001454,CR001799,A001799,2026-04-08,EMP007697
ARR001455,CR001800,A001800,2024-09-26,EMP004818
ARR001456,CR001801,A001801,2024-08-13,EMP009217
ARR001457,CR001802,A001802,2025-09-23,EMP006657
ARR001458,CR001804,A001804,2025-04-03,EMP009413
ARR001459,CR001806,A001806,2025-02-11,EMP009783
ARR001460,CR001807,A001807,2025-02-21,EMP005425
ARR001461,CR001808,A001808,2025-04-16,EMP003934
ARR001462,CR001809,A001809,2024-09-02,EMP003261
ARR001463,CR001810,A001810,2025-01-11,EMP006665
ARR001464,CR001811,A001811,2025-01-02,EMP004164
ARR001465,CR001813,A001813,2025-08-09,EMP009939
ARR001466,CR001814,A001814,2025-01-01,EMP008017
ARR001467,CR001815,A001815,2025-06-20,EMP004792
ARR001468,CR001816,A001816,2025-11-20,EMP003289
ARR001469,CR001817,A001817,2025-12-11,EMP000880
ARR001470,CR001819,A001819,2025-08-10,EMP003754
ARR001471,CR001820,A001820,2025-01-29,EMP006903
ARR001472,CR001821,A001821,2024-09-18,EMP001373
ARR001473,CR001823,A001823,2025-01-21,EMP009485
ARR001474,CR001824,A001824,2025-12-08,EMP009951
ARR001475,CR001825,A001825,2024-09-19,EMP005597
ARR001476,CR001827,A001827,2025-11-03,EMP003280
ARR001477,CR001829,A001829,2025-06-17,EMP003290
ARR001478,CR001830,A001830,2024-10-12,EMP000888
ARR001479,CR001831,A001831,2025-09-20,EMP005025
ARR001480,CR001833,A001833,2024-08-06,EMP005365
ARR001481,CR001834,A001834,2025-11-03,EMP001502
ARR001482,CR001835,A001835,2024-10-20,EMP000932
ARR001483,CR001836,A001836,2025-04-05,EMP008275
ARR001484,CR001837,A001837,2026-05-12,EMP003307
ARR001485,CR001838,A001838,2024-10-29,EMP004657
ARR001486,CR001839,A001839,2025-05-19,EMP006544
ARR001487,CR001840,A001840,2025-02-16,EMP005822
ARR001488,CR001841,A001841,2024-10-08,EMP000652
ARR001489,CR001842,A001842,2026-01-10,EMP000167
ARR001490,CR001843,A001843,2025-04-10,EMP008720
ARR001491,CR001846,A001846,2024-08-03,EMP000920
ARR001492,CR001849,A001849,2026-03-31,EMP008527
ARR001493,CR001850,A001850,2024-10-26,EMP004902
ARR001494,CR001852,A001852,2024-09-26,EMP005566
ARR001495,CR001854,A001854,2026-01-01,EMP004736
ARR001496,CR001855,A001855,2025-11-25,EMP000312
ARR001497,CR001856,A001856,2026-04-13,EMP008241
ARR001498,CR001858,A001858,2025-09-23,EMP007828
ARR001499,CR001859,A001859,2025-11-28,EMP001327
ARR001500,CR001860,A001860,2025-10-16,EMP007755
ARR001501,CR001862,A001862,2025-11-25,EMP001333
ARR001502,CR001863,A001863,2024-08-02,EMP007347
ARR001503,CR001864,A001864,2026-04-12,EMP001339
ARR001504,CR001865,A001865,2026-05-07,EMP007809
ARR001505,CR001866,A001866,2026-04-25,EMP005600
ARR001506,CR001867,A001867,2025-10-16,EMP007978
ARR001507,CR001868,A001868,2025-01-30,EMP001434
ARR001508,CR001869,A001869,2026-07-07,EMP006075
ARR001509,CR001871,A001871,2025-03-16,EMP009942
ARR001510,CR001872,A001872,2025-03-26,EMP003290
ARR001511,CR001874,A001874,2025-02-05,EMP009756
ARR001512,CR001877,A001877,2024-08-31,EMP006194
ARR001513,CR001878,A001878,2026-07-13,EMP007269
ARR001514,CR001879,A001879,2025-07-24,EMP009046
ARR001515,CR001881,A001881,2024-12-02,EMP009160
ARR001516,CR001882,A001882,2025-12-12,EMP000821
ARR001517,CR001883,A001883,2025-08-14,EMP008215
ARR001518,CR001884,A001884,2025-12-05,EMP002887
ARR001519,CR001885,A001885,2025-11-04,EMP007128
ARR001520,CR001886,A001886,2025-08-08,EMP008027
ARR001521,CR001887,A001887,2025-03-12,EMP000888
ARR001522,CR001888,A001888,2026-03-25,EMP006819
ARR001523,CR001889,A001889,2026-05-16,EMP003309
ARR001524,CR001891,A001891,2025-03-08,EMP003313
ARR001525,CR001893,A001893,2024-12-21,EMP001556
ARR001526,CR001896,A001896,2026-04-13,EMP001297
ARR001527,CR001897,A001897,2025-08-14,EMP008143
ARR001528,CR001898,A001898,2025-12-08,EMP009503
ARR001529,CR001899,A001899,2024-10-14,EMP003459
ARR001530,CR001900,A001900,2026-01-15,EMP006708
ARR001531,CR001901,A001901,2025-06-05,EMP009328
ARR001532,CR001903,A001903,2026-07-16,EMP007207
ARR001533,CR001904,A001904,2026-06-08,EMP005754
ARR001534,CR001905,A001905,2025-04-24,EMP007260
ARR001535,CR001907,A001907,2026-05-07,EMP006337
ARR001536,CR001909,A001909,2024-11-11,EMP005494
ARR001537,CR001910,A001910,2026-06-02,EMP005585
ARR001538,CR001911,A001911,2025-11-03,EMP005955
ARR001539,CR001912,A001912,2024-10-04,EMP006369
ARR001540,CR001914,A001914,2024-07-24,EMP004994
ARR001541,CR001915,A001915,2025-10-31,EMP008151
ARR001542,CR001916,A001916,2025-06-18,EMP005249
ARR001543,CR001917,A001917,2026-03-31,EMP004876
ARR001544,CR001918,A001918,2026-01-22,EMP009045
ARR001545,CR001919,A001919,2024-08-22,EMP004832
ARR001546,CR001920,A001920,2026-02-07,EMP000833
ARR001547,CR001923,A001923,2025-11-14,EMP003304
ARR001548,CR001924,A001924,2025-11-24,EMP006207
ARR001549,CR001925,A001925,2025-12-07,EMP005550
ARR001550,CR001926,A001926,2026-05-06,EMP005739
ARR001551,CR001927,A001927,2024-10-20,EMP006387
ARR001552,CR001928,A001928,2025-06-16,EMP003300
ARR001553,CR001929,A001929,2025-07-22,EMP005772
ARR001554,CR001930,A001930,2026-01-12,EMP006386
ARR001555,CR001931,A001931,2025-04-16,EMP008696
ARR001556,CR001932,A001932,2025-10-19,EMP003352
ARR001557,CR001933,A001933,2024-12-04,EMP001657
ARR001558,CR001934,A001934,2025-11-08,EMP005374
ARR001559,CR001935,A001935,2026-03-01,EMP002961
ARR001560,CR001936,A001936,2026-01-06,EMP007990
ARR001561,CR001937,A001937,2024-11-14,EMP006665
ARR001562,CR001940,A001940,2024-10-13,EMP000607
ARR001563,CR001941,A001941,2025-08-13,EMP006293
ARR001564,CR001942,A001942,2024-12-26,EMP003302
ARR001565,CR001943,A001943,2025-02-13,EMP003264
ARR001566,CR001946,A001946,2024-09-04,EMP006314
ARR001567,CR001947,A001947,2025-03-03,EMP007244
ARR001568,CR001949,A001949,2024-11-09,EMP000025
ARR001569,CR001951,A001951,2025-07-26,EMP008582
ARR001570,CR001952,A001952,2025-03-07,EMP005259
ARR001571,CR001954,A001954,2025-09-12,EMP000123
ARR001572,CR001955,A001955,2024-10-06,EMP007427
ARR001573,CR001957,A001957,2025-06-10,EMP003309
ARR001574,CR001959,A001959,2025-05-30,EMP004319
ARR001575,CR001961,A001961,2026-03-12,EMP002942
ARR001576,CR001962,A001962,2025-01-20,EMP001238
ARR001577,CR001963,A001963,2025-12-23,EMP009247
ARR001578,CR001964,A001964,2026-05-11,EMP009308
ARR001579,CR001965,A001965,2025-02-10,EMP009379
ARR001580,CR001966,A001966,2025-08-14,EMP003048
ARR001581,CR001967,A001967,2025-08-20,EMP008075
ARR001582,CR001968,A001968,2025-10-31,EMP008038
ARR001583,CR001971,A001971,2026-04-30,EMP008434
ARR001584,CR001972,A001972,2025-10-28,EMP008601
ARR001585,CR001974,A001974,2024-11-06,EMP003296
ARR001586,CR001975,A001975,2025-06-27,EMP003336
ARR001587,CR001976,A001976,2025-02-21,EMP000047
ARR001588,CR001977,A001977,2025-02-11,EMP008689
ARR001589,CR001978,A001978,2026-07-04,EMP000326
ARR001590,CR001979,A001979,2025-10-03,EMP001274
ARR001591,CR001980,A001980,2025-08-19,EMP004534
ARR001592,CR001981,A001981,2026-03-09,EMP006119
ARR001593,CR001982,A001982,2026-03-17,EMP007033
ARR001594,CR001983,A001983,2025-11-28,EMP004954
ARR001595,CR001984,A001984,2026-02-28,EMP007891
ARR001596,CR001985,A001985,2026-04-28,EMP007839
ARR001597,CR001986,A001986,2025-04-20,EMP003264
ARR001598,CR001987,A001987,2025-03-01,EMP008253
ARR001599,CR001988,A001988,2025-01-10,EMP003285
ARR001600,CR001989,A001989,2025-04-11,EMP005824
ARR001601,CR001990,A001990,2025-03-22,EMP008207
ARR001602,CR001991,A001991,2025-12-22,EMP003254
ARR001603,CR001992,A001992,2024-10-20,EMP001346
ARR001604,CR001993,A001993,2026-06-25,EMP003310
ARR001605,CR001994,A001994,2025-12-12,EMP002350
ARR001606,CR001995,A001995,2026-07-02,EMP004716
ARR001607,CR001996,A001996,2025-03-18,EMP000611
ARR001608,CR001998,A001998,2025-03-11,EMP008215
ARR001609,CR001999,A001999,2025-09-23,EMP004668
ARR001610,CR002000,A002000,2025-08-05,EMP008406
ARR001611,CR002001,A002001,2025-05-17,EMP007374
ARR001612,CR002002,A002002,2024-10-06,EMP000559
ARR001613,CR002003,A002003,2026-02-10,EMP008407
ARR001614,CR002004,A002004,2026-01-06,EMP008008
ARR001615,CR002005,A002005,2024-07-17,EMP008154
ARR001616,CR002006,A002006,2024-08-25,EMP001677
ARR001617,CR002008,A002008,2025-03-21,EMP003255
ARR001618,CR002009,A002009,2025-07-14,EMP000765
ARR001619,CR002010,A002010,2025-07-19,EMP005248
ARR001620,CR002011,A002011,2024-12-11,EMP000016
ARR001621,CR002012,A002012,2025-06-11,EMP007982
ARR001622,CR002013,A002013,2025-10-19,EMP007027
ARR001623,CR002014,A002014,2025-07-17,EMP008057
ARR001624,CR002016,A002016,2024-09-22,EMP003369
ARR001625,CR002017,A002017,2025-09-08,EMP003327
ARR001626,CR002018,A002018,2026-01-21,EMP006322
ARR001627,CR002019,A002019,2025-11-22,EMP008689
ARR001628,CR002021,A002021,2026-05-11,EMP004651
ARR001629,CR002022,A002022,2025-07-20,EMP006112
ARR001630,CR002023,A002023,2024-10-18,EMP005165
ARR001631,CR002024,A002024,2026-01-16,EMP003282
ARR001632,CR002025,A002025,2024-11-07,EMP004247
ARR001633,CR002027,A002027,2025-04-16,EMP004944
ARR001634,CR002028,A002028,2025-08-31,EMP000012
ARR001635,CR002029,A002029,2025-07-12,EMP009223
ARR001636,CR002030,A002030,2024-10-24,EMP003282
ARR001637,CR002032,A002032,2025-04-05,EMP000621
ARR001638,CR002033,A002033,2025-10-26,EMP002248
ARR001639,CR002035,A002035,2025-07-24,EMP009917
ARR001640,CR002037,A002037,2025-10-02,EMP003298
ARR001641,CR002039,A002039,2026-07-06,EMP000815
ARR001642,CR002040,A002040,2025-03-23,EMP002197
ARR001643,CR002042,A002042,2025-11-12,EMP004839
ARR001644,CR002043,A002043,2024-11-02,EMP005889
ARR001645,CR002044,A002044,2025-06-08,EMP007782
ARR001646,CR002046,A002046,2025-04-07,EMP003369
ARR001647,CR002047,A002047,2026-04-10,EMP006291
ARR001648,CR002048,A002048,2024-11-25,EMP004841
ARR001649,CR002049,A002049,2025-02-11,EMP005331
ARR001650,CR002050,A002050,2024-08-29,EMP004679
ARR001651,CR002051,A002051,2026-03-01,EMP001890
ARR001652,CR002052,A002052,2024-10-09,EMP002283
ARR001653,CR002053,A002053,2024-09-26,EMP007926
ARR001654,CR002054,A002054,2024-11-22,EMP006660
ARR001655,CR002056,A002056,2025-07-08,EMP001587
ARR001656,CR002057,A002057,2025-04-22,EMP003301
ARR001657,CR002058,A002058,2024-08-29,EMP001272
ARR001658,CR002059,A002059,2024-10-07,EMP001484
ARR001659,CR002063,A002063,2025-10-11,EMP009747
ARR001660,CR002064,A002064,2025-02-22,EMP006081
ARR001661,CR002066,A002066,2024-12-19,EMP008426
ARR001662,CR002067,A002067,2025-02-22,EMP009941
ARR001663,CR002068,A002068,2025-06-17,EMP006662
ARR001664,CR002069,A002069,2026-06-29,EMP007992
ARR001665,CR002070,A002070,2025-02-20,EMP005494
ARR001666,CR002072,A002072,2024-09-29,EMP003312
ARR001667,CR002073,A002073,2026-05-02,EMP008019
ARR001668,CR002074,A002074,2025-02-28,EMP008158
ARR001669,CR002075,A002075,2025-09-14,EMP003286
ARR001670,CR002076,A002076,2024-12-07,EMP008332
ARR001671,CR002077,A002077,2025-07-21,EMP008248
ARR001672,CR002078,A002078,2026-07-04,EMP006672
ARR001673,CR002079,A002079,2024-10-19,EMP003290
ARR001674,CR002080,A002080,2025-01-28,EMP004965
ARR001675,CR002081,A002081,2024-09-11,EMP005003
ARR001676,CR002082,A002082,2025-10-29,EMP005156
ARR001677,CR002084,A002084,2025-05-13,EMP009235
ARR001678,CR002085,A002085,2026-04-11,EMP000861
ARR001679,CR002086,A002086,2024-12-19,EMP001750
ARR001680,CR002087,A002087,2026-04-27,EMP006294
ARR001681,CR002090,A002090,2024-08-25,EMP007408
ARR001682,CR002091,A002091,2025-10-20,EMP005321
ARR001683,CR002093,A002093,2025-12-04,EMP003254
ARR001684,CR002095,A002095,2026-06-27,EMP008594
ARR001685,CR002096,A002096,2024-08-05,EMP006097
ARR001686,CR002097,A002097,2025-02-04,EMP007237
ARR001687,CR002098,A002098,2025-07-23,EMP000907
ARR001688,CR002100,A002100,2026-06-25,EMP003303
ARR001689,CR002101,A002101,2025-06-19,EMP001268
ARR001690,CR002102,A002102,2025-12-18,EMP003308
ARR001691,CR002103,A002103,2026-05-01,EMP007151
ARR001692,CR002104,A002104,2025-03-29,EMP001691
ARR001693,CR002106,A002106,2025-01-22,EMP001022
ARR001694,CR002107,A002107,2024-08-14,EMP003257
ARR001695,CR002109,A002109,2025-12-03,EMP003294
ARR001696,CR002110,A002110,2026-03-30,EMP008638
ARR001697,CR002111,A002111,2025-11-20,EMP001606
ARR001698,CR002112,A002112,2025-01-13,EMP006132
ARR001699,CR002115,A002115,2024-12-22,EMP008001
ARR001700,CR002117,A002117,2025-01-30,EMP002901
ARR001701,CR002118,A002118,2025-07-02,EMP005014
ARR001702,CR002119,A002119,2026-01-19,EMP000621
ARR001703,CR002121,A002121,2025-09-11,EMP008004
ARR001704,CR002122,A002122,2025-03-13,EMP000058
ARR001705,CR002123,A002123,2024-11-29,EMP003304
ARR001706,CR002124,A002124,2026-06-01,EMP004661
ARR001707,CR002125,A002125,2024-12-13,EMP008160
ARR001708,CR002126,A002126,2025-06-18,EMP004683
ARR001709,CR002127,A002127,2025-09-14,EMP004873
ARR001710,CR002128,A002128,2025-06-12,EMP006672
ARR001711,CR002129,A002129,2025-10-21,EMP001539
ARR001712,CR002130,A002130,2024-12-02,EMP002033
ARR001713,CR002131,A002131,2025-11-21,EMP003260
ARR001714,CR002132,A002132,2026-05-02,EMP000884
ARR001715,CR002133,A002133,2026-07-24,EMP009821
ARR001716,CR002134,A002134,2025-04-06,EMP008512
ARR001717,CR002135,A002135,2025-11-14,EMP000955
ARR001718,CR002136,A002136,2025-05-02,EMP002787
ARR001719,CR002137,A002137,2024-11-22,EMP006122
ARR001720,CR002138,A002138,2025-03-29,EMP007627
ARR001721,CR002139,A002139,2025-08-29,EMP004819
ARR001722,CR002140,A002140,2026-06-10,EMP001305
ARR001723,CR002142,A002142,2026-02-24,EMP006929
ARR001724,CR002143,A002143,2025-11-02,EMP008601
ARR001725,CR002144,A002144,2025-09-30,EMP007535
ARR001726,CR002146,A002146,2026-06-26,EMP007217
ARR001727,CR002147,A002147,2024-08-22,EMP009758
ARR001728,CR002148,A002148,2025-12-06,EMP003261
ARR001729,CR002149,A002149,2025-08-04,EMP005221
ARR001730,CR002150,A002150,2025-02-02,EMP004686
ARR001731,CR002151,A002151,2025-03-08,EMP003620
ARR001732,CR002152,A002152,2025-05-30,EMP008389
ARR001733,CR002153,A002153,2025-08-06,EMP004191
ARR001734,CR002156,A002156,2025-05-22,EMP004906
ARR001735,CR002158,A002158,2026-07-11,EMP003364
ARR001736,CR002159,A002159,2025-09-26,EMP003258
ARR001737,CR002160,A002160,2025-12-26,EMP003268
ARR001738,CR002161,A002161,2025-08-28,EMP008584
ARR001739,CR002162,A002162,2025-11-01,EMP001273
ARR001740,CR002163,A002163,2026-02-27,EMP004402
ARR001741,CR002164,A002164,2026-02-22,EMP000943
ARR001742,CR002166,A002166,2026-02-17,EMP009241
ARR001743,CR002168,A002168,2024-09-05,EMP001334
ARR001744,CR002169,A002169,2025-01-05,EMP000922
ARR001745,CR002170,A002170,2026-03-29,EMP003458
ARR001746,CR002171,A002171,2026-02-13,EMP008882
ARR001747,CR002173,A002173,2026-01-08,EMP009220
ARR001748,CR002175,A002175,2024-08-13,EMP008560
ARR001749,CR002177,A002177,2025-03-11,EMP007696
ARR001750,CR002179,A002179,2024-11-03,EMP008563
ARR001751,CR002181,A002181,2026-07-14,EMP004524
ARR001752,CR002182,A002182,2025-06-03,EMP004704
ARR001753,CR002184,A002184,2025-02-26,EMP003941
ARR001754,CR002185,A002185,2025-12-10,EMP009966
ARR001755,CR002187,A002187,2025-04-04,EMP009362
ARR001756,CR002188,A002188,2024-12-27,EMP005427
ARR001757,CR002189,A002189,2026-05-05,EMP008682
ARR001758,CR002190,A002190,2026-06-12,EMP003300
ARR001759,CR002191,A002191,2024-08-18,EMP007883
ARR001760,CR002192,A002192,2025-01-17,EMP008934
ARR001761,CR002194,A002194,2025-06-29,EMP008299
ARR001762,CR002195,A002195,2024-08-10,EMP000574
ARR001763,CR002196,A002196,2024-10-19,EMP007297
ARR001764,CR002197,A002197,2025-07-31,EMP000143
ARR001765,CR002198,A002198,2025-03-01,EMP004994
ARR001766,CR002199,A002199,2026-04-04,EMP004929
ARR001767,CR002200,A002200,2025-08-25,EMP000803
ARR001768,CR002202,A002202,2025-03-03,EMP001939
ARR001769,CR002203,A002203,2025-05-20,EMP000128
ARR001770,CR002204,A002204,2025-02-11,EMP007051
ARR001771,CR002206,A002206,2024-09-24,EMP010010
ARR001772,CR002208,A002208,2026-03-21,EMP006100
ARR001773,CR002209,A002209,2025-04-19,EMP007244
ARR001774,CR002210,A002210,2024-09-03,EMP005815
ARR001775,CR002211,A002211,2024-11-24,EMP010004
ARR001776,CR002212,A002212,2024-08-31,EMP003309
ARR001777,CR002213,A002213,2026-06-16,EMP004659
ARR001778,CR002214,A002214,2025-10-15,EMP007837
ARR001779,CR002215,A002215,2026-03-28,EMP009861
ARR001780,CR002216,A002216,2025-12-11,EMP009959
ARR001781,CR002217,A002217,2026-02-14,EMP004510
ARR001782,CR002219,A002219,2026-01-19,EMP004714
ARR001783,CR002220,A002220,2026-05-21,EMP006302
ARR001784,CR002221,A002221,2026-05-12,EMP003286
ARR001785,CR002222,A002222,2024-12-10,EMP005966
ARR001786,CR002223,A002223,2026-01-09,EMP001450
ARR001787,CR002224,A002224,2026-01-24,EMP003300
ARR001788,CR002225,A002225,2026-06-27,EMP008629
ARR001789,CR002227,A002227,2026-04-01,EMP009506
ARR001790,CR002228,A002228,2025-08-07,EMP006462
ARR001791,CR002229,A002229,2024-11-02,EMP009307
ARR001792,CR002230,A002230,2025-07-09,EMP005390
ARR001793,CR002231,A002231,2025-08-31,EMP003297
ARR001794,CR002232,A002232,2025-02-14,EMP003305
ARR001795,CR002234,A002234,2026-01-09,EMP008553
ARR001796,CR002236,A002236,2025-08-18,EMP000125
ARR001797,CR002237,A002237,2025-07-12,EMP006697
ARR001798,CR002239,A002239,2024-12-16,EMP003300
ARR001799,CR002240,A002240,2025-03-11,EMP005469
ARR001800,CR002242,A002242,2025-03-25,EMP005568
ARR001801,CR002243,A002243,2025-08-27,EMP005134
ARR001802,CR002244,A002244,2024-08-14,EMP006487
ARR001803,CR002248,A002248,2024-08-03,EMP008278
ARR001804,CR002250,A002250,2024-09-20,EMP003270
ARR001805,CR002252,A002252,2025-12-01,EMP007418
ARR001806,CR002253,A002253,2025-07-04,EMP001649
ARR001807,CR002255,A002255,2024-12-23,EMP008514
ARR001808,CR002256,A002256,2024-11-05,EMP003357
ARR001809,CR002257,A002257,2026-05-01,EMP006082
ARR001810,CR002259,A002259,2025-07-27,EMP005157
ARR001811,CR002260,A002260,2025-10-11,EMP006182
ARR001812,CR002261,A002261,2025-05-26,EMP008531
ARR001813,CR002263,A002263,2025-10-15,EMP005757
ARR001814,CR002264,A002264,2024-10-05,EMP003265
ARR001815,CR002266,A002266,2025-02-28,EMP003303
ARR001816,CR002267,A002267,2026-03-31,EMP009405
ARR001817,CR002268,A002268,2024-09-23,EMP006062
ARR001818,CR002270,A002270,2025-06-17,EMP006284
ARR001819,CR002271,A002271,2025-05-18,EMP005768
ARR001820,CR002272,A002272,2025-12-26,EMP006485
ARR001821,CR002273,A002273,2025-11-24,EMP009974
ARR001822,CR002274,A002274,2025-07-19,EMP008606
ARR001823,CR002275,A002275,2024-12-06,EMP004843
ARR001824,CR002276,A002276,2026-03-04,EMP000887
ARR001825,CR002277,A002277,2024-11-21,EMP007757
ARR001826,CR002278,A002278,2025-01-13,EMP001438
ARR001827,CR002279,A002279,2025-03-17,EMP000887
ARR001828,CR002281,A002281,2024-09-23,EMP003935
ARR001829,CR002284,A002284,2026-03-19,EMP001943
ARR001830,CR002285,A002285,2026-08-01,EMP001610
ARR001831,CR002286,A002286,2025-06-25,EMP001345
ARR001832,CR002287,A002287,2026-01-10,EMP009153
ARR001833,CR002288,A002288,2024-08-24,EMP000891
ARR001834,CR002289,A002289,2024-12-18,EMP009231
ARR001835,CR002290,A002290,2025-09-13,EMP006833
ARR001836,CR002291,A002291,2024-11-07,EMP006064
ARR001837,CR002292,A002292,2025-01-20,EMP008338
ARR001838,CR002293,A002293,2025-10-10,EMP006447
ARR001839,CR002294,A002294,2025-01-29,EMP008808
ARR001840,CR002295,A002295,2026-01-30,EMP003277
ARR001841,CR002296,A002296,2025-01-05,EMP009380
ARR001842,CR002297,A002297,2025-12-21,EMP005829
ARR001843,CR002298,A002298,2025-10-19,EMP002151
ARR001844,CR002299,A002299,2025-02-13,EMP007984
ARR001845,CR002300,A002300,2024-07-13,EMP003503
ARR001846,CR002301,A002301,2024-12-22,EMP009228
ARR001847,CR002302,A002302,2025-07-24,EMP001250
ARR001848,CR002303,A002303,2025-07-30,EMP008549
ARR001849,CR002305,A002305,2025-05-08,EMP003283
ARR001850,CR002306,A002306,2024-11-26,EMP003830
ARR001851,CR002307,A002307,2025-01-26,EMP001572
ARR001852,CR002309,A002309,2026-03-13,EMP004950
ARR001853,CR002310,A002310,2025-04-16,EMP003259
ARR001854,CR002311,A002311,2025-02-02,EMP003052
ARR001855,CR002312,A002312,2024-12-30,EMP008505
ARR001856,CR002313,A002313,2024-09-22,EMP003258
ARR001857,CR002314,A002314,2025-01-14,EMP009613
ARR001858,CR002315,A002315,2026-04-12,EMP005586
ARR001859,CR002316,A002316,2025-10-22,EMP003255
ARR001860,CR002317,A002317,2026-07-06,EMP006711
ARR001861,CR002318,A002318,2024-10-22,EMP001978
ARR001862,CR002319,A002319,2025-01-29,EMP009155
ARR001863,CR002320,A002320,2024-12-03,EMP008320
ARR001864,CR002321,A002321,2025-09-09,EMP003291
ARR001865,CR002322,A002322,2024-10-26,EMP006118
ARR001866,CR002323,A002323,2025-08-06,EMP003335
ARR001867,CR002324,A002324,2026-05-19,EMP009481
ARR001868,CR002325,A002325,2026-03-16,EMP003296
ARR001869,CR002326,A002326,2025-12-14,EMP003326
ARR001870,CR002327,A002327,2025-07-23,EMP003287
ARR001871,CR002328,A002328,2025-06-11,EMP005903
ARR001872,CR002329,A002329,2026-01-15,EMP008187
ARR001873,CR002330,A002330,2026-02-19,EMP003538
ARR001874,CR002331,A002331,2025-12-21,EMP008527
ARR001875,CR002333,A002333,2025-12-08,EMP001394
ARR001876,CR002334,A002334,2026-07-26,EMP005754
ARR001877,CR002335,A002335,2025-01-10,EMP008508
ARR001878,CR002337,A002337,2025-12-09,EMP006033
ARR001879,CR002338,A002338,2025-03-19,EMP008548
ARR001880,CR002339,A002339,2025-08-15,EMP003263
ARR001881,CR002340,A002340,2026-04-15,EMP001632
ARR001882,CR002341,A002341,2024-11-07,EMP009787
ARR001883,CR002342,A002342,2024-11-04,EMP007208
ARR001884,CR002343,A002343,2024-08-08,EMP003301
ARR001885,CR002344,A002344,2025-04-27,EMP005492
ARR001886,CR002346,A002346,2024-09-03,EMP008467
ARR001887,CR002347,A002347,2024-08-03,EMP004151
ARR001888,CR002348,A002348,2024-10-01,EMP003373
ARR001889,CR002349,A002349,2025-02-20,EMP006671
ARR001890,CR002350,A002350,2026-06-29,EMP007799
ARR001891,CR002351,A002351,2025-03-27,EMP001624
ARR001892,CR002352,A002352,2025-03-20,EMP008583
ARR001893,CR002355,A002355,2026-03-07,EMP007011
ARR001894,CR002356,A002356,2025-07-17,EMP003290
ARR001895,CR002357,A002357,2025-06-23,EMP000132
ARR001896,CR002358,A002358,2025-08-01,EMP004046
ARR001897,CR002359,A002359,2025-03-02,EMP008618
ARR001898,CR002361,A002361,2026-02-19,EMP006692
ARR001899,CR002362,A002362,2025-03-08,EMP000951
ARR001900,CR002363,A002363,2025-11-26,EMP008306
ARR001901,CR002364,A002364,2025-06-13,EMP001104
ARR001902,CR002365,A002365,2026-06-20,EMP007693
ARR001903,CR002366,A002366,2025-07-19,EMP009765
ARR001904,CR002367,A002367,2024-12-11,EMP000068
ARR001905,CR002368,A002368,2026-07-16,EMP007277
ARR001906,CR002369,A002369,2026-03-14,EMP007754
ARR001907,CR002370,A002370,2025-12-06,EMP005571
ARR001908,CR002371,A002371,2025-01-07,EMP004589
ARR001909,CR002372,A002372,2025-06-25,EMP003585
ARR001910,CR002373,A002373,2025-04-17,EMP001363
ARR001911,CR002374,A002374,2024-12-09,EMP006341
ARR001912,CR002375,A002375,2026-06-21,EMP001821
ARR001913,CR002376,A002376,2026-06-05,EMP007982
ARR001914,CR002377,A002377,2024-07-26,EMP004539
ARR001915,CR002378,A002378,2025-04-21,EMP003309
ARR001916,CR002380,A002380,2024-09-21,EMP003257
ARR001917,CR002381,A002381,2026-04-08,EMP003308
ARR001918,CR002383,A002383,2025-03-24,EMP005574
ARR001919,CR002384,A002384,2025-05-31,EMP006268
ARR001920,CR002386,A002386,2026-05-12,EMP005397
ARR001921,CR002387,A002387,2026-03-13,EMP009231
ARR001922,CR002388,A002388,2024-12-03,EMP007809
ARR001923,CR002389,A002389,2024-11-28,EMP000125
ARR001924,CR002390,A002390,2025-09-08,EMP007706
ARR001925,CR002392,A002392,2024-11-08,EMP003371
ARR001926,CR002393,A002393,2024-11-16,EMP008500
ARR001927,CR002394,A002394,2026-04-10,EMP008152
ARR001928,CR002395,A002395,2024-10-12,EMP003982
ARR001929,CR002396,A002396,2024-10-13,EMP006650
ARR001930,CR002397,A002397,2025-04-17,EMP005372
ARR001931,CR002398,A002398,2025-07-02,EMP008012
ARR001932,CR002401,A002401,2025-10-18,EMP003291
ARR001933,CR002403,A002403,2026-07-25,EMP008410
ARR001934,CR002404,A002404,2025-05-28,EMP003352
ARR001935,CR002405,A002405,2024-08-23,EMP005853
ARR001936,CR002407,A002407,2026-03-26,EMP008180
ARR001937,CR002408,A002408,2026-06-19,EMP006175
ARR001938,CR002411,A002411,2024-09-18,EMP000465
ARR001939,CR002412,A002412,2024-08-18,EMP008487
ARR001940,CR002413,A002413,2025-05-29,EMP009572
ARR001941,CR002414,A002414,2024-12-03,EMP003295
ARR001942,CR002415,A002415,2024-10-28,EMP000608
ARR001943,CR002416,A002416,2026-05-23,EMP006427
ARR001944,CR002417,A002417,2025-04-24,EMP006168
ARR001945,CR002419,A002419,2025-07-29,EMP003289
ARR001946,CR002420,A002420,2025-09-02,EMP004631
ARR001947,CR002421,A002421,2026-05-19,EMP006024
ARR001948,CR002422,A002422,2026-08-01,EMP001727
ARR001949,CR002423,A002423,2026-02-04,EMP005136
ARR001950,CR002424,A002424,2024-11-02,EMP003254
ARR001951,CR002425,A002425,2026-03-09,EMP001491
ARR001952,CR002426,A002426,2024-09-14,EMP001625
ARR001953,CR002427,A002427,2024-10-19,EMP000045
ARR001954,CR002428,A002428,2024-12-07,EMP006836
ARR001955,CR002429,A002429,2025-05-21,EMP005322
ARR001956,CR002430,A002430,2025-02-26,EMP003299
ARR001957,CR002431,A002431,2024-08-08,EMP003870
ARR001958,CR002432,A002432,2026-01-15,EMP003049
ARR001959,CR002433,A002433,2026-05-24,EMP006666
ARR001960,CR002435,A002435,2025-11-07,EMP009824
ARR001961,CR002437,A002437,2026-02-28,EMP003289
ARR001962,CR002439,A002439,2025-12-05,EMP007318
ARR001963,CR002440,A002440,2024-11-21,EMP003228
ARR001964,CR002444,A002444,2024-09-13,EMP008411
ARR001965,CR002445,A002445,2025-07-15,EMP003394
ARR001966,CR002446,A002446,2025-12-03,EMP007364
ARR001967,CR002447,A002447,2026-04-24,EMP006077
ARR001968,CR002450,A002450,2026-02-03,EMP004795
ARR001969,CR002451,A002451,2025-08-12,EMP006036
ARR001970,CR002452,A002452,2025-07-18,EMP003273
ARR001971,CR002453,A002453,2024-12-24,EMP004624
ARR001972,CR002454,A002454,2026-07-12,EMP007196
ARR001973,CR002455,A002455,2025-09-09,EMP003288
ARR001974,CR002456,A002456,2026-03-28,EMP006671
ARR001975,CR002457,A002457,2025-11-16,EMP006845
ARR001976,CR002458,A002458,2026-03-19,EMP007832
ARR001977,CR002459,A002459,2025-04-08,EMP005334
ARR001978,CR002460,A002460,2026-02-15,EMP005753
ARR001979,CR002461,A002461,2026-03-31,EMP006142
ARR001980,CR002462,A002462,2025-06-05,EMP008648
ARR001981,CR002465,A002465,2026-06-19,EMP006034
ARR001982,CR002466,A002466,2024-11-30,EMP003720
ARR001983,CR002468,A002468,2025-08-17,EMP009931
ARR001984,CR002469,A002469,2025-05-12,EMP000933
ARR001985,CR002470,A002470,2026-01-04,EMP004833
ARR001986,CR002471,A002471,2025-02-03,EMP003771
ARR001987,CR002472,A002472,2024-08-29,EMP006935
ARR001988,CR002473,A002473,2026-03-01,EMP008021
ARR001989,CR002474,A002474,2025-04-28,EMP008228
ARR001990,CR002475,A002475,2025-03-24,EMP005441
ARR001991,CR002476,A002476,2026-04-03,EMP007824
ARR001992,CR002477,A002477,2025-01-29,EMP008159
ARR001993,CR002478,A002478,2024-11-23,EMP006470
ARR001994,CR002479,A002479,2026-01-11,EMP008144
ARR001995,CR002480,A002480,2026-05-21,EMP006156
ARR001996,CR002482,A002482,2025-11-02,EMP001982
ARR001997,CR002483,A002483,2026-07-29,EMP007895
ARR001998,CR002484,A002484,2025-04-23,EMP003263
ARR001999,CR002486,A002486,2025-06-29,EMP008588
ARR002000,CR002487,A002487,2024-08-18,EMP003324
ARR002001,CR002488,A002488,2026-06-25,EMP000118
ARR002002,CR002489,A002489,2024-12-06,EMP004212
ARR002003,CR002490,A002490,2026-01-29,EMP007739
ARR002004,CR002491,A002491,2025-08-04,EMP007705
ARR002005,CR002493,A002493,2025-11-16,EMP004758
ARR002006,CR002494,A002494,2026-06-20,EMP007982
ARR002007,CR002496,A002496,2025-06-16,EMP003773
ARR002008,CR002497,A002497,2025-03-17,EMP001623
ARR002009,CR002498,A002498,2024-11-05,EMP000889
ARR002010,CR002499,A002499,2025-01-26,EMP007897
ARR002011,CR002500,A002500,2026-02-20,EMP002894
ARR002012,CR002501,A002501,2025-02-13,EMP005159
ARR002013,CR002502,A002502,2025-01-16,EMP003259
ARR002014,CR002503,A002503,2024-12-20,EMP000890
ARR002015,CR002504,A002504,2025-10-03,EMP006082
ARR002016,CR002505,A002505,2024-08-09,EMP009481
ARR002017,CR002507,A002507,2025-01-02,EMP007269
ARR002018,CR002508,A002508,2025-05-21,EMP004553
ARR002019,CR002509,A002509,2026-03-13,EMP008288
ARR002020,CR002510,A002510,2025-03-20,EMP006033
ARR002021,CR002511,A002511,2025-07-03,EMP008025
ARR002022,CR002512,A002512,2025-08-14,EMP007996
ARR002023,CR002515,A002515,2025-02-13,EMP003932
ARR002024,CR002517,A002517,2025-12-19,EMP007744
ARR002025,CR002518,A002518,2026-07-21,EMP005439
ARR002026,CR002519,A002519,2025-09-13,EMP008085
ARR002027,CR002520,A002520,2026-04-04,EMP008757
ARR002028,CR002521,A002521,2026-07-16,EMP006124
ARR002029,CR002522,A002522,2026-02-14,EMP005528
ARR002030,CR002523,A002523,2025-05-31,EMP003267
ARR002031,CR002524,A002524,2026-04-09,EMP008329
ARR002032,CR002525,A002525,2025-02-06,EMP005972
ARR002033,CR002527,A002527,2025-08-24,EMP009330
ARR002034,CR002528,A002528,2025-06-21,EMP003283
ARR002035,CR002530,A002530,2026-03-02,EMP004812
ARR002036,CR002531,A002531,2024-08-22,EMP006099
ARR002037,CR002532,A002532,2025-02-10,EMP005135
ARR002038,CR002533,A002533,2025-01-22,EMP006050
ARR002039,CR002535,A002535,2026-07-13,EMP008260
ARR002040,CR002536,A002536,2025-01-26,EMP008650
ARR002041,CR002537,A002537,2025-11-04,EMP004750
ARR002042,CR002538,A002538,2025-04-21,EMP003269
ARR002043,CR002539,A002539,2025-09-25,EMP009335
ARR002044,CR002540,A002540,2026-05-10,EMP001346
ARR002045,CR002541,A002541,2025-06-18,EMP004944
ARR002046,CR002542,A002542,2026-03-07,EMP006667
ARR002047,CR002543,A002543,2024-11-14,EMP008145
ARR002048,CR002544,A002544,2024-10-12,EMP004753
ARR002049,CR002545,A002545,2025-07-20,EMP007706
ARR002050,CR002546,A002546,2024-09-01,EMP002094
ARR002051,CR002547,A002547,2024-12-06,EMP003308
ARR002052,CR002548,A002548,2024-11-19,EMP008547
ARR002053,CR002549,A002549,2025-09-19,EMP004320
ARR002054,CR002550,A002550,2025-12-10,EMP008560
ARR002055,CR002551,A002551,2024-12-10,EMP003275
ARR002056,CR002552,A002552,2025-05-16,EMP005559
ARR002057,CR002553,A002553,2026-01-12,EMP003280
ARR002058,CR002554,A002554,2025-06-25,EMP008039
ARR002059,CR002555,A002555,2026-01-13,EMP006057
ARR002060,CR002556,A002556,2026-04-03,EMP004633
ARR002061,CR002558,A002558,2024-10-21,EMP003905
ARR002062,CR002559,A002559,2026-01-21,EMP007708
ARR002063,CR002560,A002560,2026-01-18,EMP007154
ARR002064,CR002561,A002561,2025-07-05,EMP003867
ARR002065,CR002562,A002562,2025-06-08,EMP003369
ARR002066,CR002563,A002563,2024-08-26,EMP006124
ARR002067,CR002564,A002564,2025-11-18,EMP001562
ARR002068,CR002565,A002565,2025-03-18,EMP005094
ARR002069,CR002566,A002566,2025-08-24,EMP006801
ARR002070,CR002567,A002567,2025-02-02,EMP003335
ARR002071,CR002568,A002568,2026-03-10,EMP004546
ARR002072,CR002569,A002569,2026-02-01,EMP003316
ARR002073,CR002570,A002570,2026-06-15,EMP001883
ARR002074,CR002571,A002571,2025-12-21,EMP008669
ARR002075,CR002572,A002572,2024-12-03,EMP008691
ARR002076,CR002574,A002574,2026-05-07,EMP003291
ARR002077,CR002575,A002575,2025-08-02,EMP007844
ARR002078,CR002577,A002577,2025-03-20,EMP002565
ARR002079,CR002578,A002578,2025-09-19,EMP000095
ARR002080,CR002579,A002579,2025-07-19,EMP006871
ARR002081,CR002580,A002580,2024-10-10,EMP003820
ARR002082,CR002581,A002581,2025-06-10,EMP003297
ARR002083,CR002583,A002583,2026-04-03,EMP009395
ARR002084,CR002584,A002584,2025-05-05,EMP004082
ARR002085,CR002585,A002585,2025-08-25,EMP008619
ARR002086,CR002586,A002586,2024-08-04,EMP000543
ARR002087,CR002587,A002587,2024-08-21,EMP006017
ARR002088,CR002588,A002588,2025-07-31,EMP005583
ARR002089,CR002589,A002589,2025-09-18,EMP001317
ARR002090,CR002590,A002590,2025-08-11,EMP004795
ARR002091,CR002591,A002591,2025-04-29,EMP009984
ARR002092,CR002592,A002592,2024-10-29,EMP003589
ARR002093,CR002593,A002593,2026-01-03,EMP009254
ARR002094,CR002594,A002594,2026-07-16,EMP008685
ARR002095,CR002596,A002596,2024-12-24,EMP003285
ARR002096,CR002597,A002597,2025-03-16,EMP000541
ARR002097,CR002598,A002598,2025-03-06,EMP005060
ARR002098,CR002600,A002600,2025-02-15,EMP007923
ARR002099,CR002601,A002601,2026-03-23,EMP006643
ARR002100,CR002604,A002604,2026-01-03,EMP009780
ARR002101,CR002605,A002605,2026-06-09,EMP007976
ARR002102,CR002606,A002606,2026-05-10,EMP007984
ARR002103,CR002607,A002607,2025-02-24,EMP003289
ARR002104,CR002608,A002608,2026-01-24,EMP004674
ARR002105,CR002609,A002609,2026-01-07,EMP006235
ARR002106,CR002610,A002610,2025-02-24,EMP005536
ARR002107,CR002611,A002611,2026-01-01,EMP000689
ARR002108,CR002612,A002612,2025-09-27,EMP006013
ARR002109,CR002613,A002613,2026-03-06,EMP009154
ARR002110,CR002615,A002615,2025-10-27,EMP003308
ARR002111,CR002616,A002616,2024-10-30,EMP006643
ARR002112,CR002617,A002617,2025-07-01,EMP008639
ARR002113,CR002618,A002618,2025-11-11,EMP008682
ARR002114,CR002619,A002619,2025-04-10,EMP003359
ARR002115,CR002620,A002620,2025-10-06,EMP006197
ARR002116,CR002621,A002621,2025-05-25,EMP006107
ARR002117,CR002622,A002622,2025-12-14,EMP008943
ARR002118,CR002623,A002623,2025-08-30,EMP001277
ARR002119,CR002624,A002624,2026-04-26,EMP008530
ARR002120,CR002625,A002625,2025-09-05,EMP005044
ARR002121,CR002627,A002627,2024-11-07,EMP006686
ARR002122,CR002628,A002628,2025-01-08,EMP003313
ARR002123,CR002629,A002629,2025-10-11,EMP000989
ARR002124,CR002630,A002630,2026-04-27,EMP005085
ARR002125,CR002632,A002632,2026-03-10,EMP003924
ARR002126,CR002633,A002633,2026-05-06,EMP004668
ARR002127,CR002634,A002634,2025-02-01,EMP008343
ARR002128,CR002635,A002635,2024-09-26,EMP009350
ARR002129,CR002636,A002636,2025-12-16,EMP001523
ARR002130,CR002637,A002637,2024-08-12,EMP005975
ARR002131,CR002638,A002638,2025-10-17,EMP004154
ARR002132,CR002639,A002639,2026-05-25,EMP009253
ARR002133,CR002640,A002640,2024-11-30,EMP008031
ARR002134,CR002641,A002641,2025-11-11,EMP006467
ARR002135,CR002642,A002642,2025-08-19,EMP006760
ARR002136,CR002643,A002643,2025-09-07,EMP003844
ARR002137,CR002644,A002644,2026-03-08,EMP000652
ARR002138,CR002645,A002645,2025-06-26,EMP000216
ARR002139,CR002646,A002646,2026-03-26,EMP004977
ARR002140,CR002648,A002648,2025-07-30,EMP003443
ARR002141,CR002649,A002649,2025-10-10,EMP005465
ARR002142,CR002650,A002650,2026-06-12,EMP004189
ARR002143,CR002653,A002653,2025-03-05,EMP001648
ARR002144,CR002654,A002654,2025-08-25,EMP000790
ARR002145,CR002655,A002655,2026-06-07,EMP000687
ARR002146,CR002656,A002656,2026-02-16,EMP003309
ARR002147,CR002658,A002658,2026-05-12,EMP005369
ARR002148,CR002659,A002659,2025-03-26,EMP005061
ARR002149,CR002662,A002662,2025-01-25,EMP003110
ARR002150,CR002663,A002663,2025-02-28,EMP006710
ARR002151,CR002665,A002665,2024-09-13,EMP007985
ARR002152,CR002666,A002666,2025-07-30,EMP006716
ARR002153,CR002667,A002667,2025-05-03,EMP000889
ARR002154,CR002668,A002668,2026-01-28,EMP007285
ARR002155,CR002669,A002669,2024-10-20,EMP008587
ARR002156,CR002670,A002670,2026-03-12,EMP000892
ARR002157,CR002672,A002672,2025-07-23,EMP007807
ARR002158,CR002673,A002673,2025-08-15,EMP009619
ARR002159,CR002674,A002674,2025-05-11,EMP003309
ARR002160,CR002676,A002676,2024-08-17,EMP003974
ARR002161,CR002677,A002677,2025-06-09,EMP007210
ARR002162,CR002678,A002678,2025-05-13,EMP005247
ARR002163,CR002679,A002679,2026-06-01,EMP008479
ARR002164,CR002680,A002680,2025-03-07,EMP007752
ARR002165,CR002681,A002681,2026-01-25,EMP003991
ARR002166,CR002682,A002682,2026-01-28,EMP008277
ARR002167,CR002683,A002683,2025-06-29,EMP003582
ARR002168,CR002684,A002684,2025-02-19,EMP003312
ARR002169,CR002685,A002685,2024-11-10,EMP000885
ARR002170,CR002687,A002687,2025-01-15,EMP004183
ARR002171,CR002689,A002689,2024-07-17,EMP000241
ARR002172,CR002691,A002691,2025-08-15,EMP005407
ARR002173,CR002694,A002694,2025-02-28,EMP005181
ARR002174,CR002696,A002696,2025-08-14,EMP008497
ARR002175,CR002697,A002697,2024-12-13,EMP000780
ARR002176,CR002698,A002698,2025-04-04,EMP004533
ARR002177,CR002699,A002699,2025-02-18,EMP004141
ARR002178,CR002700,A002700,2024-09-17,EMP008525
ARR002179,CR002702,A002702,2026-02-06,EMP000831
ARR002180,CR002703,A002703,2025-01-04,EMP004833
ARR002181,CR002705,A002705,2024-07-27,EMP004156
ARR002182,CR002706,A002706,2024-09-21,EMP005405
ARR002183,CR002707,A002707,2024-11-01,EMP005796
ARR002184,CR002709,A002709,2026-03-22,EMP006104
ARR002185,CR002711,A002711,2026-06-30,EMP008169
ARR002186,CR002712,A002712,2025-05-17,EMP000717
ARR002187,CR002713,A002713,2024-10-15,EMP003297
ARR002188,CR002716,A002716,2025-04-26,EMP008444
ARR002189,CR002717,A002717,2025-04-04,EMP009332
ARR002190,CR002718,A002718,2024-12-18,EMP004096
ARR002191,CR002721,A002721,2026-03-04,EMP006417
ARR002192,CR002722,A002722,2026-01-21,EMP000611
ARR002193,CR002723,A002723,2024-11-24,EMP005890
ARR002194,CR002724,A002724,2026-04-12,EMP003267
ARR002195,CR002725,A002725,2025-05-04,EMP002649
ARR002196,CR002726,A002726,2025-04-17,EMP003307
ARR002197,CR002727,A002727,2025-05-06,EMP008350
ARR002198,CR002728,A002728,2024-09-26,EMP003494
ARR002199,CR002729,A002729,2026-05-27,EMP003350
ARR002200,CR002730,A002730,2025-03-16,EMP003720
ARR002201,CR002734,A002734,2024-07-23,EMP008655
ARR002202,CR002735,A002735,2024-09-15,EMP005228
ARR002203,CR002737,A002737,2025-03-29,EMP006232
ARR002204,CR002738,A002738,2026-04-09,EMP006074
ARR002205,CR002739,A002739,2024-10-07,EMP003868
ARR002206,CR002740,A002740,2025-11-12,EMP004896
ARR002207,CR002741,A002741,2026-01-31,EMP004806
ARR002208,CR002742,A002742,2025-12-20,EMP008621
ARR002209,CR002744,A002744,2025-06-15,EMP005017
ARR002210,CR002745,A002745,2026-04-02,EMP004847
ARR002211,CR002746,A002746,2024-12-23,EMP003298
ARR002212,CR002747,A002747,2025-12-10,EMP006797
ARR002213,CR002749,A002749,2025-02-27,EMP001091
ARR002214,CR002751,A002751,2025-04-10,EMP005638
ARR002215,CR002752,A002752,2025-11-03,EMP008100
ARR002216,CR002754,A002754,2024-08-17,EMP006994
ARR002217,CR002755,A002755,2025-05-09,EMP003276
ARR002218,CR002756,A002756,2024-12-16,EMP003975
ARR002219,CR002757,A002757,2026-06-21,EMP006298
ARR002220,CR002759,A002759,2024-09-07,EMP005019
ARR002221,CR002760,A002760,2025-07-12,EMP003289
ARR002222,CR002762,A002762,2025-02-05,EMP003365
ARR002223,CR002763,A002763,2025-09-08,EMP006068
ARR002224,CR002765,A002765,2025-01-31,EMP009351
ARR002225,CR002766,A002766,2026-04-05,EMP003274
ARR002226,CR002767,A002767,2026-06-22,EMP001619
ARR002227,CR002769,A002769,2025-04-08,EMP000078
ARR002228,CR002770,A002770,2025-12-18,EMP000461
ARR002229,CR002771,A002771,2025-08-26,EMP007924
ARR002230,CR002772,A002772,2025-05-27,EMP008045
ARR002231,CR002774,A002774,2025-10-12,EMP009743
ARR002232,CR002775,A002775,2025-06-18,EMP006067
ARR002233,CR002776,A002776,2026-07-10,EMP000888
ARR002234,CR002777,A002777,2025-05-28,EMP004706
ARR002235,CR002778,A002778,2024-09-22,EMP000034
ARR002236,CR002779,A002779,2026-01-08,EMP007942
ARR002237,CR002780,A002780,2026-07-15,EMP005363
ARR002238,CR002781,A002781,2025-05-25,EMP005897
ARR002239,CR002782,A002782,2025-11-14,EMP004986
ARR002240,CR002783,A002783,2026-01-10,EMP009604
ARR002241,CR002784,A002784,2025-12-01,EMP004660
ARR002242,CR002785,A002785,2026-03-15,EMP006681
ARR002243,CR002786,A002786,2026-06-23,EMP008946
ARR002244,CR002787,A002787,2025-06-20,EMP009032
ARR002245,CR002788,A002788,2024-08-12,EMP004697
ARR002246,CR002789,A002789,2025-12-31,EMP003262
ARR002247,CR002790,A002790,2025-03-27,EMP003165
ARR002248,CR002791,A002791,2025-11-08,EMP000889
ARR002249,CR002792,A002792,2026-03-12,EMP004659
ARR002250,CR002793,A002793,2026-07-16,EMP003255
ARR002251,CR002794,A002794,2025-10-03,EMP003308
ARR002252,CR002795,A002795,2025-07-02,EMP000649
ARR002253,CR002796,A002796,2025-03-28,EMP001191
ARR002254,CR002797,A002797,2025-10-24,EMP008531
ARR002255,CR002798,A002798,2025-11-29,EMP006208
ARR002256,CR002799,A002799,2026-07-04,EMP003260
ARR002257,CR002800,A002800,2025-04-21,EMP005122
ARR002258,CR002801,A002801,2024-08-02,EMP008295
ARR002259,CR002803,A002803,2025-05-03,EMP008175
ARR002260,CR002805,A002805,2025-07-15,EMP007380
ARR002261,CR002807,A002807,2025-11-30,EMP001636
ARR002262,CR002809,A002809,2024-10-02,EMP003350
ARR002263,CR002810,A002810,2026-07-06,EMP003291
ARR002264,CR002811,A002811,2025-06-08,EMP008192
ARR002265,CR002813,A002813,2026-05-18,EMP007836
ARR002266,CR002814,A002814,2025-09-17,EMP006211
ARR002267,CR002815,A002815,2025-12-03,EMP000555
ARR002268,CR002820,A002820,2026-05-11,EMP003269
ARR002269,CR002821,A002821,2025-01-20,EMP003366
ARR002270,CR002823,A002823,2024-12-31,EMP001448
ARR002271,CR002825,A002825,2026-06-12,EMP003301
ARR002272,CR002826,A002826,2025-07-07,EMP003288
ARR002273,CR002827,A002827,2024-08-03,EMP000886
ARR002274,CR002828,A002828,2025-06-21,EMP006411
ARR002275,CR002829,A002829,2026-05-18,EMP003264
ARR002276,CR002832,A002832,2026-01-26,EMP002564
ARR002277,CR002833,A002833,2025-01-02,EMP000083
ARR002278,CR002835,A002835,2026-02-25,EMP000323
ARR002279,CR002836,A002836,2025-10-20,EMP003854
ARR002280,CR002837,A002837,2025-10-09,EMP009302
ARR002281,CR002839,A002839,2025-09-10,EMP003296
ARR002282,CR002840,A002840,2024-07-31,EMP007598
ARR002283,CR002841,A002841,2026-06-01,EMP001278
ARR002284,CR002842,A002842,2024-10-10,EMP008267
ARR002285,CR002843,A002843,2026-01-25,EMP004190
ARR002286,CR002844,A002844,2025-10-25,EMP008170
ARR002287,CR002846,A002846,2026-03-27,EMP005086
ARR002288,CR002848,A002848,2025-08-23,EMP003305
ARR002289,CR002849,A002849,2025-03-12,EMP010022
ARR002290,CR002850,A002850,2025-02-01,EMP005755
ARR002291,CR002852,A002852,2024-10-05,EMP001283
ARR002292,CR002853,A002853,2026-02-18,EMP002784
ARR002293,CR002854,A002854,2025-01-08,EMP000558
ARR002294,CR002856,A002856,2026-02-01,EMP001262
ARR002295,CR002857,A002857,2026-01-15,EMP006585
ARR002296,CR002858,A002858,2024-09-15,EMP006093
ARR002297,CR002859,A002859,2025-10-29,EMP002813
ARR002298,CR002861,A002861,2026-04-06,EMP003588
ARR002299,CR002863,A002863,2026-05-24,EMP008027
ARR002300,CR002864,A002864,2026-04-11,EMP002537
ARR002301,CR002865,A002865,2025-11-08,EMP000665
ARR002302,CR002866,A002866,2025-08-10,EMP004094
ARR002303,CR002867,A002867,2026-03-23,EMP004974
ARR002304,CR002868,A002868,2024-10-06,EMP000889
ARR002305,CR002870,A002870,2025-12-13,EMP003029
ARR002306,CR002872,A002872,2025-09-11,EMP002171
ARR002307,CR002873,A002873,2026-03-02,EMP010003
ARR002308,CR002874,A002874,2024-09-09,EMP003316
ARR002309,CR002875,A002875,2025-05-15,EMP007312
ARR002310,CR002876,A002876,2026-01-04,EMP009407
ARR002311,CR002877,A002877,2026-07-03,EMP003301
ARR002312,CR002878,A002878,2024-12-06,EMP008236
ARR002313,CR002879,A002879,2025-04-11,EMP008282
ARR002314,CR002880,A002880,2025-11-29,EMP003261
ARR002315,CR002881,A002881,2024-10-29,EMP009270
ARR002316,CR002882,A002882,2025-11-01,EMP002275
ARR002317,CR002883,A002883,2024-08-10,EMP003296
ARR002318,CR002884,A002884,2025-05-26,EMP004877
ARR002319,CR002885,A002885,2025-01-02,EMP006168
ARR002320,CR002886,A002886,2026-05-03,EMP000917
ARR002321,CR002887,A002887,2024-07-24,EMP008031
ARR002322,CR002888,A002888,2025-02-16,EMP009328
ARR002323,CR002890,A002890,2025-03-20,EMP000895
ARR002324,CR002892,A002892,2024-07-18,EMP004886
ARR002325,CR002893,A002893,2025-11-06,EMP001319
ARR002326,CR002894,A002894,2025-07-29,EMP005323
ARR002327,CR002895,A002895,2025-03-28,EMP009588
ARR002328,CR002896,A002896,2025-05-21,EMP007496
ARR002329,CR002897,A002897,2024-07-29,EMP009999
ARR002330,CR002898,A002898,2025-03-10,EMP004675
ARR002331,CR002899,A002899,2025-11-07,EMP007845
ARR002332,CR002900,A002900,2026-04-08,EMP009897
ARR002333,CR002901,A002901,2026-05-11,EMP008511
ARR002334,CR002902,A002902,2025-01-03,EMP003299
ARR002335,CR002903,A002903,2024-09-05,EMP009895
ARR002336,CR002904,A002904,2026-06-19,EMP001227
ARR002337,CR002905,A002905,2026-02-16,EMP008070
ARR002338,CR002906,A002906,2024-08-05,EMP001294
ARR002339,CR002907,A002907,2024-11-03,EMP006751
ARR002340,CR002908,A002908,2025-07-22,EMP004082
ARR002341,CR002909,A002909,2025-08-19,EMP009175
ARR002342,CR002910,A002910,2025-09-17,EMP001714
ARR002343,CR002911,A002911,2024-10-17,EMP007342
ARR002344,CR002912,A002912,2024-10-23,EMP000715
ARR002345,CR002913,A002913,2024-10-16,EMP003839
ARR002346,CR002914,A002914,2026-04-22,EMP003274
ARR002347,CR002915,A002915,2025-01-31,EMP003307
ARR002348,CR002916,A002916,2025-09-25,EMP006319
ARR002349,CR002919,A002919,2025-12-03,EMP001337
ARR002350,CR002921,A002921,2025-08-02,EMP003270
ARR002351,CR002922,A002922,2025-06-24,EMP005418
ARR002352,CR002923,A002923,2026-02-05,EMP004813
ARR002353,CR002925,A002925,2025-07-13,EMP007802
ARR002354,CR002926,A002926,2025-06-28,EMP003275
ARR002355,CR002927,A002927,2025-09-06,EMP001323
ARR002356,CR002928,A002928,2024-10-07,EMP007210
ARR002357,CR002933,A002933,2025-08-09,EMP007421
ARR002358,CR002934,A002934,2026-06-25,EMP005068
ARR002359,CR002935,A002935,2024-07-25,EMP000549
ARR002360,CR002937,A002937,2025-09-14,EMP004725
ARR002361,CR002939,A002939,2026-06-08,EMP002134
ARR002362,CR002940,A002940,2025-10-08,EMP003310
ARR002363,CR002942,A002942,2025-02-16,EMP003837
ARR002364,CR002943,A002943,2024-12-04,EMP006478
ARR002365,CR002945,A002945,2026-05-25,EMP003295
ARR002366,CR002946,A002946,2025-01-14,EMP009468
ARR002367,CR002947,A002947,2024-11-08,EMP007604
ARR002368,CR002948,A002948,2025-12-03,EMP006445
ARR002369,CR002949,A002949,2026-03-12,EMP009217
ARR002370,CR002950,A002950,2025-04-30,EMP007603
ARR002371,CR002951,A002951,2026-02-17,EMP008704
ARR002372,CR002952,A002952,2025-06-02,EMP007283
ARR002373,CR002954,A002954,2024-12-07,EMP008504
ARR002374,CR002955,A002955,2025-09-11,EMP004964
ARR002375,CR002956,A002956,2024-10-18,EMP005754
ARR002376,CR002957,A002957,2025-06-22,EMP008018
ARR002377,CR002958,A002958,2025-12-12,EMP009994
ARR002378,CR002959,A002959,2025-03-31,EMP006076
ARR002379,CR002961,A002961,2025-11-28,EMP009404
ARR002380,CR002963,A002963,2024-08-01,EMP006928
ARR002381,CR002964,A002964,2024-09-12,EMP009781
ARR002382,CR002965,A002965,2026-03-05,EMP004933
ARR002383,CR002966,A002966,2025-01-10,EMP003296
ARR002384,CR002967,A002967,2025-03-24,EMP008435
ARR002385,CR002969,A002969,2024-12-21,EMP005650
ARR002386,CR002970,A002970,2025-12-22,EMP008439
ARR002387,CR002971,A002971,2025-02-09,EMP009117
ARR002388,CR002972,A002972,2024-09-02,EMP008588
ARR002389,CR002973,A002973,2025-04-15,EMP007234
ARR002390,CR002974,A002974,2025-06-08,EMP008224
ARR002391,CR002976,A002976,2024-11-04,EMP003307
ARR002392,CR002977,A002977,2026-06-10,EMP001379
ARR002393,CR002979,A002979,2026-01-03,EMP008025
ARR002394,CR002981,A002981,2025-10-18,EMP006712
ARR002395,CR002984,A002984,2025-12-06,EMP005109
ARR002396,CR002986,A002986,2026-05-06,EMP009946
ARR002397,CR002987,A002987,2025-04-09,EMP003297
ARR002398,CR002988,A002988,2025-11-10,EMP001639
ARR002399,CR002989,A002989,2024-07-26,EMP005150
ARR002400,CR002990,A002990,2025-06-12,EMP000031
ARR002401,CR002992,A002992,2026-02-09,EMP007755
ARR002402,CR002993,A002993,2026-06-19,EMP003359
ARR002403,CR002994,A002994,2025-04-29,EMP001408
ARR002404,CR002996,A002996,2025-08-22,EMP006868
ARR002405,CR002997,A002997,2025-10-21,EMP006664
ARR002406,CR002998,A002998,2024-08-01,EMP006920
ARR002407,CR002999,A002999,2025-05-25,EMP003283
ARR002408,CR003000,A003000,2026-01-03,EMP007989
ARR002409,CR003003,A003003,2024-10-07,EMP001469
ARR002410,CR003004,A003004,2026-05-28,EMP003320
ARR002411,CR003005,A003005,2025-06-12,EMP003268
ARR002412,CR003006,A003006,2026-05-08,EMP004296
ARR002413,CR003007,A003007,2026-05-23,EMP005455
ARR002414,CR003009,A003009,2025-10-09,EMP008301
ARR002415,CR003010,A003010,2024-09-07,EMP006298
ARR002416,CR003011,A003011,2025-10-17,EMP006710
ARR002417,CR003012,A003012,2025-06-12,EMP006957
ARR002418,CR003013,A003013,2026-03-24,EMP003862
ARR002419,CR003015,A003015,2025-11-28,EMP004689
ARR002420,CR003016,A003016,2025-01-30,EMP008234
ARR002421,CR003018,A003018,2026-02-11,EMP002417
ARR002422,CR003019,A003019,2026-03-27,EMP004753
ARR002423,CR003020,A003020,2025-10-27,EMP009425
ARR002424,CR003022,A003022,2025-10-29,EMP003337
ARR002425,CR003023,A003023,2026-07-04,EMP003270
ARR002426,CR003024,A003024,2026-02-05,EMP007840
ARR002427,CR003025,A003025,2026-06-23,EMP001320
ARR002428,CR003026,A003026,2024-11-13,EMP001086
ARR002429,CR003028,A003028,2025-11-15,EMP004106
ARR002430,CR003030,A003030,2025-04-05,EMP000715
ARR002431,CR003031,A003031,2025-11-24,EMP003143
ARR002432,CR003032,A003032,2025-03-29,EMP008658
ARR002433,CR003033,A003033,2026-03-07,EMP008495
ARR002434,CR003035,A003035,2026-01-26,EMP008168
ARR002435,CR003036,A003036,2025-08-27,EMP000871
ARR002436,CR003037,A003037,2025-05-16,EMP009265
ARR002437,CR003038,A003038,2026-06-19,EMP006021
ARR002438,CR003039,A003039,2026-07-15,EMP007715
ARR002439,CR003040,A003040,2026-05-31,EMP005052
ARR002440,CR003041,A003041,2026-01-05,EMP004931
ARR002441,CR003042,A003042,2025-11-10,EMP006631
ARR002442,CR003043,A003043,2025-02-04,EMP003303
ARR002443,CR003044,A003044,2025-06-15,EMP001816
ARR002444,CR003045,A003045,2026-07-01,EMP008507
ARR002445,CR003046,A003046,2025-07-14,EMP004653
ARR002446,CR003048,A003048,2026-03-23,EMP004090
ARR002447,CR003050,A003050,2024-10-27,EMP007982
ARR002448,CR003051,A003051,2025-03-20,EMP006114
ARR002449,CR003052,A003052,2025-01-20,EMP003259
ARR002450,CR003053,A003053,2026-02-28,EMP000052
ARR002451,CR003054,A003054,2024-08-19,EMP004950
ARR002452,CR003056,A003056,2024-08-22,EMP001527
ARR002453,CR003057,A003057,2024-09-24,EMP006023
ARR002454,CR003058,A003058,2026-03-10,EMP005817
ARR002455,CR003059,A003059,2026-04-10,EMP004927
ARR002456,CR003060,A003060,2024-10-20,EMP008559
ARR002457,CR003061,A003061,2026-06-03,EMP000463
ARR002458,CR003063,A003063,2025-01-05,EMP003304
ARR002459,CR003064,A003064,2024-09-08,EMP009210
ARR002460,CR003065,A003065,2024-11-09,EMP005451
ARR002461,CR003066,A003066,2026-01-14,EMP000833
ARR002462,CR003067,A003067,2026-05-03,EMP003267
ARR002463,CR003068,A003068,2025-06-27,EMP008188
ARR002464,CR003069,A003069,2025-03-06,EMP003315
ARR002465,CR003070,A003070,2025-12-21,EMP005184
ARR002466,CR003071,A003071,2026-01-04,EMP006835
ARR002467,CR003072,A003072,2025-03-06,EMP006485
ARR002468,CR003073,A003073,2025-11-12,EMP009969
ARR002469,CR003075,A003075,2024-08-15,EMP004394
ARR002470,CR003076,A003076,2024-10-30,EMP000762
ARR002471,CR003078,A003078,2026-05-08,EMP001647
ARR002472,CR003081,A003081,2025-08-12,EMP006773
ARR002473,CR003082,A003082,2025-11-22,EMP007158
ARR002474,CR003084,A003084,2024-10-03,EMP004876
ARR002475,CR003085,A003085,2026-01-14,EMP007128
ARR002476,CR003087,A003087,2025-08-15,EMP009154
ARR002477,CR003088,A003088,2024-08-28,EMP003303
ARR002478,CR003090,A003090,2025-06-02,EMP006539
ARR002479,CR003091,A003091,2025-05-10,EMP009220
ARR002480,CR003092,A003092,2025-07-07,EMP003268
ARR002481,CR003093,A003093,2024-12-04,EMP005531
ARR002482,CR003094,A003094,2024-09-22,EMP001690
ARR002483,CR003095,A003095,2025-01-26,EMP001093
ARR002484,CR003096,A003096,2025-10-10,EMP000837
ARR002485,CR003097,A003097,2026-01-06,EMP007353
ARR002486,CR003098,A003098,2025-11-01,EMP005069
ARR002487,CR003099,A003099,2025-10-23,EMP001334
ARR002488,CR003101,A003101,2025-09-21,EMP000887
ARR002489,CR003102,A003102,2025-02-01,EMP008640
ARR002490,CR003103,A003103,2025-01-16,EMP007147
ARR002491,CR003104,A003104,2025-11-16,EMP007078
ARR002492,CR003105,A003105,2025-11-12,EMP006802
ARR002493,CR003106,A003106,2025-05-08,EMP003463
ARR002494,CR003107,A003107,2025-02-12,EMP004679
ARR002495,CR003108,A003108,2025-04-13,EMP006078
ARR002496,CR003109,A003109,2025-02-03,EMP005711
ARR002497,CR003110,A003110,2025-07-05,EMP005119
ARR002498,CR003111,A003111,2026-03-08,EMP009461
ARR002499,CR003112,A003112,2025-04-16,EMP004842
ARR002500,CR003114,A003114,2025-06-11,EMP006671
ARR002501,CR003115,A003115,2026-02-19,EMP003908
ARR002502,CR003116,A003116,2025-04-09,EMP009442
ARR002503,CR003117,A003117,2026-01-10,EMP004781
ARR002504,CR003120,A003120,2026-01-04,EMP001635
ARR002505,CR003121,A003121,2025-10-23,EMP003638
ARR002506,CR003122,A003122,2026-03-04,EMP009496
ARR002507,CR003123,A003123,2025-03-03,EMP004720
ARR002508,CR003124,A003124,2026-01-24,EMP003973
ARR002509,CR003125,A003125,2025-01-04,EMP003312
ARR002510,CR003126,A003126,2025-04-11,EMP009387
ARR002511,CR003127,A003127,2025-02-15,EMP001670
ARR002512,CR003128,A003128,2025-10-02,EMP001656
ARR002513,CR003130,A003130,2025-08-05,EMP003294
ARR002514,CR003133,A003133,2026-02-20,EMP004515
ARR002515,CR003134,A003134,2025-08-24,EMP005433
ARR002516,CR003135,A003135,2024-11-07,EMP004548
ARR002517,CR003136,A003136,2026-03-31,EMP006082
ARR002518,CR003137,A003137,2025-01-25,EMP003367
ARR002519,CR003138,A003138,2025-07-27,EMP005221
ARR002520,CR003139,A003139,2025-11-25,EMP005112
ARR002521,CR003143,A003143,2026-08-03,EMP000385
ARR002522,CR003144,A003144,2025-11-26,EMP004734
ARR002523,CR003145,A003145,2026-02-22,EMP008205
ARR002524,CR003146,A003146,2025-08-28,EMP003717
ARR002525,CR003147,A003147,2026-07-15,EMP003355
ARR002526,CR003148,A003148,2025-07-10,EMP003276
ARR002527,CR003150,A003150,2025-08-11,EMP008294
ARR002528,CR003151,A003151,2025-08-09,EMP005128
ARR002529,CR003152,A003152,2025-12-24,EMP003275
ARR002530,CR003153,A003153,2025-11-14,EMP003285
ARR002531,CR003154,A003154,2025-05-14,EMP003254
ARR002532,CR003155,A003155,2024-10-09,EMP006094
ARR002533,CR003156,A003156,2025-07-03,EMP000887
ARR002534,CR003158,A003158,2026-04-12,EMP006787
ARR002535,CR003159,A003159,2025-04-01,EMP000263
ARR002536,CR003161,A003161,2025-06-03,EMP003287
ARR002537,CR003162,A003162,2026-04-20,EMP004974
ARR002538,CR003163,A003163,2024-12-08,EMP008594
ARR002539,CR003164,A003164,2026-05-08,EMP006240
ARR002540,CR003165,A003165,2025-07-22,EMP004994
ARR002541,CR003166,A003166,2025-02-13,EMP007444
ARR002542,CR003167,A003167,2026-01-04,EMP000450
ARR002543,CR003169,A003169,2026-04-18,EMP000891
ARR002544,CR003170,A003170,2025-09-30,EMP002440
ARR002545,CR003171,A003171,2025-03-15,EMP004748
ARR002546,CR003172,A003172,2026-05-11,EMP008556
ARR002547,CR003173,A003173,2025-02-25,EMP008618
ARR002548,CR003174,A003174,2025-03-24,EMP001556
ARR002549,CR003176,A003176,2026-06-27,EMP004930
ARR002550,CR003177,A003177,2025-05-22,EMP001622
ARR002551,CR003178,A003178,2025-03-11,EMP001862
ARR002552,CR003179,A003179,2025-05-24,EMP006115
ARR002553,CR003181,A003181,2026-04-29,EMP003401
ARR002554,CR003183,A003183,2026-07-17,EMP005951
ARR002555,CR003184,A003184,2025-04-06,EMP008695
ARR002556,CR003185,A003185,2025-06-01,EMP008361
ARR002557,CR003186,A003186,2026-05-06,EMP007846
ARR002558,CR003187,A003187,2025-02-28,EMP008576
ARR002559,CR003189,A003189,2026-01-22,EMP003314
ARR002560,CR003190,A003190,2024-11-24,EMP007685
ARR002561,CR003192,A003192,2024-11-20,EMP005104
ARR002562,CR003193,A003193,2024-11-25,EMP004680
ARR002563,CR003194,A003194,2024-07-23,EMP001146
ARR002564,CR003195,A003195,2026-03-13,EMP007973
ARR002565,CR003196,A003196,2026-02-27,EMP009276
ARR002566,CR003197,A003197,2025-08-09,EMP004949
ARR002567,CR003198,A003198,2024-08-21,EMP000161
ARR002568,CR003199,A003199,2024-09-09,EMP009980
ARR002569,CR003200,A003200,2025-12-08,EMP003298
ARR002570,CR003201,A003201,2026-01-04,EMP003360
ARR002571,CR003203,A003203,2025-09-11,EMP003889
ARR002572,CR003205,A003205,2025-11-19,EMP005792
ARR002573,CR003206,A003206,2025-07-25,EMP005560
ARR002574,CR003207,A003207,2025-04-10,EMP008759
ARR002575,CR003208,A003208,2025-07-27,EMP003623
ARR002576,CR003209,A003209,2026-06-29,EMP003873
ARR002577,CR003210,A003210,2024-08-27,EMP001204
ARR002578,CR003211,A003211,2026-04-12,EMP000886
ARR002579,CR003212,A003212,2024-11-29,EMP003275
ARR002580,CR003213,A003213,2025-04-19,EMP002354
ARR002581,CR003214,A003214,2025-06-25,EMP006066
ARR002582,CR003215,A003215,2026-01-01,EMP005924
ARR002583,CR003216,A003216,2025-01-07,EMP003277
ARR002584,CR003218,A003218,2026-02-02,EMP003312
ARR002585,CR003220,A003220,2025-09-09,EMP002126
ARR002586,CR003221,A003221,2024-10-09,EMP001060
ARR002587,CR003224,A003224,2024-08-01,EMP008349
ARR002588,CR003225,A003225,2025-09-16,EMP007917
ARR002589,CR003226,A003226,2026-01-03,EMP006881
ARR002590,CR003227,A003227,2025-07-02,EMP009637
ARR002591,CR003228,A003228,2026-04-03,EMP005247
ARR002592,CR003229,A003229,2025-01-22,EMP005428
ARR002593,CR003230,A003230,2025-09-23,EMP008119
ARR002594,CR003233,A003233,2024-08-07,EMP004846
ARR002595,CR003235,A003235,2025-06-20,EMP006441
ARR002596,CR003237,A003237,2025-01-14,EMP005010
ARR002597,CR003238,A003238,2026-03-01,EMP003330
ARR002598,CR003239,A003239,2024-10-29,EMP006662
ARR002599,CR003240,A003240,2024-11-05,EMP009228
ARR002600,CR003242,A003242,2024-08-11,EMP002892
ARR002601,CR003244,A003244,2025-07-02,EMP000720
ARR002602,CR003245,A003245,2026-01-18,EMP005081
ARR002603,CR003246,A003246,2025-01-02,EMP004619
ARR002604,CR003247,A003247,2025-06-14,EMP001838
ARR002605,CR003250,A003250,2026-07-10,EMP008950
ARR002606,CR003251,A003251,2025-01-15,EMP000886
ARR002607,CR003252,A003252,2025-09-12,EMP004842
ARR002608,CR003253,A003253,2026-04-16,EMP006697
ARR002609,CR003254,A003254,2024-10-05,EMP004295
ARR002610,CR003255,A003255,2024-10-22,EMP004384
ARR002611,CR003257,A003257,2026-05-16,EMP005623
ARR002612,CR003258,A003258,2024-12-17,EMP000885
ARR002613,CR003260,A003260,2026-07-08,EMP003137
ARR002614,CR003262,A003262,2025-08-27,EMP008134
ARR002615,CR003263,A003263,2024-12-16,EMP004593
ARR002616,CR003264,A003264,2024-11-02,EMP008034
ARR002617,CR003267,A003267,2025-11-04,EMP005613
ARR002618,CR003268,A003268,2025-08-25,EMP006078
ARR002619,CR003269,A003269,2025-10-10,EMP000983
ARR002620,CR003270,A003270,2024-11-28,EMP006835
ARR002621,CR003271,A003271,2025-09-10,EMP001726
ARR002622,CR003273,A003273,2026-01-23,EMP004755
ARR002623,CR003274,A003274,2024-12-12,EMP000886
ARR002624,CR003275,A003275,2025-06-07,EMP008510
ARR002625,CR003276,A003276,2025-05-13,EMP001647
ARR002626,CR003277,A003277,2025-07-27,EMP003289
ARR002627,CR003279,A003279,2025-08-06,EMP004524
ARR002628,CR003280,A003280,2025-01-31,EMP004739
ARR002629,CR003281,A003281,2024-09-11,EMP009289
ARR002630,CR003282,A003282,2024-12-27,EMP000202
ARR002631,CR003284,A003284,2026-05-20,EMP003304
ARR002632,CR003285,A003285,2025-08-23,EMP009667
ARR002633,CR003287,A003287,2025-07-31,EMP006649
ARR002634,CR003288,A003288,2026-02-06,EMP008193
ARR002635,CR003290,A003290,2026-04-20,EMP005297
ARR002636,CR003291,A003291,2025-04-09,EMP006071
ARR002637,CR003292,A003292,2026-07-08,EMP004534
ARR002638,CR003293,A003293,2024-11-13,EMP007636
ARR002639,CR003294,A003294,2026-06-15,EMP003345
ARR002640,CR003295,A003295,2024-08-06,EMP008250
ARR002641,CR003296,A003296,2025-12-19,EMP008591
ARR002642,CR003297,A003297,2025-06-03,EMP000314
ARR002643,CR003298,A003298,2025-05-09,EMP007267
ARR002644,CR003299,A003299,2026-06-29,EMP009396
ARR002645,CR003300,A003300,2025-03-10,EMP000887
ARR002646,CR003301,A003301,2026-03-15,EMP000889
ARR002647,CR003302,A003302,2024-12-25,EMP000346
ARR002648,CR003303,A003303,2025-01-07,EMP000245
ARR002649,CR003304,A003304,2026-01-29,EMP004942
ARR002650,CR003305,A003305,2024-08-08,EMP005936
ARR002651,CR003306,A003306,2025-09-22,EMP005402
ARR002652,CR003307,A003307,2026-06-26,EMP008071
ARR002653,CR003308,A003308,2024-11-12,EMP009244
ARR002654,CR003310,A003310,2025-06-28,EMP009902
ARR002655,CR003312,A003312,2026-04-04,EMP003400
ARR002656,CR003313,A003313,2024-09-29,EMP009167
ARR002657,CR003314,A003314,2025-02-23,EMP005715
ARR002658,CR003316,A003316,2025-08-23,EMP002349
ARR002659,CR003317,A003317,2025-09-05,EMP003938
ARR002660,CR003318,A003318,2024-10-29,EMP001018
ARR002661,CR003319,A003319,2026-03-30,EMP003365
ARR002662,CR003321,A003321,2025-01-04,EMP005238
ARR002663,CR003323,A003323,2025-05-24,EMP004838
ARR002664,CR003324,A003324,2024-07-14,EMP005050
ARR002665,CR003325,A003325,2025-08-08,EMP008342
ARR002666,CR003328,A003328,2026-05-26,EMP006188
ARR002667,CR003329,A003329,2026-01-25,EMP001317
ARR002668,CR003330,A003330,2025-01-15,EMP008585
ARR002669,CR003331,A003331,2026-01-25,EMP005849
ARR002670,CR003334,A003334,2024-11-13,EMP000886
ARR002671,CR003335,A003335,2026-02-12,EMP007850
ARR002672,CR003336,A003336,2026-02-10,EMP002639
ARR002673,CR003337,A003337,2025-02-12,EMP000059
ARR002674,CR003338,A003338,2025-01-21,EMP005565
ARR002675,CR003339,A003339,2024-12-30,EMP004916
ARR002676,CR003340,A003340,2026-02-18,EMP001547
ARR002677,CR003343,A003343,2025-05-12,EMP003303
ARR002678,CR003346,A003346,2025-01-21,EMP006069
ARR002679,CR003348,A003348,2026-03-05,EMP004655
ARR002680,CR003349,A003349,2026-04-13,EMP000248
ARR002681,CR003350,A003350,2025-02-08,EMP004782
ARR002682,CR003351,A003351,2026-02-01,EMP006623
ARR002683,CR003352,A003352,2024-09-29,EMP005599
ARR002684,CR003353,A003353,2024-07-29,EMP005002
ARR002685,CR003354,A003354,2024-11-11,EMP006853
ARR002686,CR003355,A003355,2024-10-23,EMP006161
ARR002687,CR003357,A003357,2025-09-17,EMP000304
ARR002688,CR003363,A003363,2025-01-04,EMP006752
ARR002689,CR003364,A003364,2025-07-01,EMP006985
ARR002690,CR003366,A003366,2024-09-25,EMP008523
ARR002691,CR003367,A003367,2024-11-08,EMP003326
ARR002692,CR003368,A003368,2026-06-19,EMP008227
ARR002693,CR003371,A003371,2026-05-10,EMP006692
ARR002694,CR003372,A003372,2024-11-05,EMP009282
ARR002695,CR003373,A003373,2026-06-01,EMP009251
ARR002696,CR003374,A003374,2026-06-16,EMP001701
ARR002697,CR003375,A003375,2026-06-23,EMP005431
ARR002698,CR003376,A003376,2025-10-26,EMP003632
ARR002699,CR003377,A003377,2025-03-19,EMP000815
ARR002700,CR003378,A003378,2024-11-08,EMP003257
ARR002701,CR003379,A003379,2024-12-19,EMP001981
ARR002702,CR003380,A003380,2024-08-20,EMP003291
ARR002703,CR003382,A003382,2026-04-03,EMP005233
ARR002704,CR003383,A003383,2025-03-27,EMP001717
ARR002705,CR003385,A003385,2024-11-10,EMP009240
ARR002706,CR003386,A003386,2024-12-24,EMP000301
ARR002707,CR003387,A003387,2026-02-02,EMP004365
ARR002708,CR003388,A003388,2025-03-24,EMP003302
ARR002709,CR003390,A003390,2026-07-24,EMP009510
ARR002710,CR003391,A003391,2025-03-14,EMP006625
ARR002711,CR003393,A003393,2024-08-18,EMP003296
ARR002712,CR003394,A003394,2026-06-18,EMP009256
ARR002713,CR003396,A003396,2026-03-10,EMP005818
ARR002714,CR003398,A003398,2025-10-30,EMP001236
ARR002715,CR003399,A003399,2025-01-12,EMP001522
ARR002716,CR003400,A003400,2024-10-30,EMP004483
ARR002717,CR003401,A003401,2025-10-09,EMP008398
ARR002718,CR003402,A003402,2025-05-30,EMP006200
ARR002719,CR003403,A003403,2025-12-29,EMP006583
ARR002720,CR003404,A003404,2026-05-05,EMP003347
ARR002721,CR003406,A003406,2024-10-10,EMP003892
ARR002722,CR003407,A003407,2026-01-07,EMP003282
ARR002723,CR003408,A003408,2025-06-07,EMP005359
ARR002724,CR003409,A003409,2025-01-21,EMP001280
ARR002725,CR003410,A003410,2024-10-25,EMP009486
ARR002726,CR003411,A003411,2025-03-01,EMP000696
ARR002727,CR003412,A003412,2025-11-14,EMP006854
ARR002728,CR003415,A003415,2026-07-07,EMP008297
ARR002729,CR003416,A003416,2025-12-21,EMP003345
ARR002730,CR003418,A003418,2026-04-14,EMP003263
ARR002731,CR003420,A003420,2025-07-25,EMP005092
ARR002732,CR003421,A003421,2026-03-02,EMP007109
ARR002733,CR003422,A003422,2026-05-07,EMP007285
ARR002734,CR003423,A003423,2024-09-06,EMP007290
ARR002735,CR003424,A003424,2026-06-06,EMP006794
ARR002736,CR003425,A003425,2026-05-29,EMP007981
ARR002737,CR003426,A003426,2026-01-31,EMP009608
ARR002738,CR003427,A003427,2025-06-14,EMP006405
ARR002739,CR003429,A003429,2025-07-10,EMP009613
ARR002740,CR003430,A003430,2026-06-27,EMP005796
ARR002741,CR003431,A003431,2024-08-02,EMP003454
ARR002742,CR003432,A003432,2025-05-17,EMP005356
ARR002743,CR003433,A003433,2025-03-14,EMP009466
ARR002744,CR003434,A003434,2026-06-01,EMP004768
ARR002745,CR003435,A003435,2026-06-02,EMP006665
ARR002746,CR003436,A003436,2026-01-02,EMP008600
ARR002747,CR003437,A003437,2026-01-24,EMP003348
ARR002748,CR003438,A003438,2026-07-23,EMP009368
ARR002749,CR003439,A003439,2026-07-05,EMP006865
ARR002750,CR003442,A003442,2025-02-20,EMP002132
ARR002751,CR003443,A003443,2026-02-15,EMP009605
ARR002752,CR003444,A003444,2026-07-01,EMP000891
ARR002753,CR003445,A003445,2026-05-19,EMP007217
ARR002754,CR003446,A003446,2025-05-01,EMP009158
ARR002755,CR003447,A003447,2024-11-20,EMP005752
ARR002756,CR003448,A003448,2025-07-06,EMP007750
ARR002757,CR003449,A003449,2025-10-10,EMP008701
ARR002758,CR003450,A003450,2025-02-17,EMP008504
ARR002759,CR003451,A003451,2024-12-20,EMP006086
ARR002760,CR003453,A003453,2024-12-12,EMP003975
ARR002761,CR003454,A003454,2025-11-09,EMP009518
ARR002762,CR003456,A003456,2025-08-25,EMP008596
ARR002763,CR003457,A003457,2025-02-15,EMP007234
ARR002764,CR003458,A003458,2026-05-04,EMP003303
ARR002765,CR003459,A003459,2025-12-18,EMP006682
ARR002766,CR003460,A003460,2025-08-10,EMP005365
ARR002767,CR003462,A003462,2026-03-26,EMP001538
ARR002768,CR003463,A003463,2025-12-17,EMP000222
ARR002769,CR003464,A003464,2025-01-25,EMP004650
ARR002770,CR003465,A003465,2026-04-17,EMP005818
ARR002771,CR003466,A003466,2025-07-31,EMP008519
ARR002772,CR003469,A003469,2025-12-29,EMP002609
ARR002773,CR003470,A003470,2024-11-22,EMP008594
ARR002774,CR003471,A003471,2024-10-02,EMP007108
ARR002775,CR003472,A003472,2025-04-22,EMP009262
ARR002776,CR003473,A003473,2025-11-27,EMP008041
ARR002777,CR003474,A003474,2024-09-23,EMP008735
ARR002778,CR003475,A003475,2024-10-17,EMP008010
ARR002779,CR003476,A003476,2026-02-16,EMP004959
ARR002780,CR003477,A003477,2026-02-22,EMP002059
ARR002781,CR003478,A003478,2024-08-24,EMP003620
ARR002782,CR003480,A003480,2025-04-09,EMP000984
ARR002783,CR003481,A003481,2025-09-12,EMP006121
ARR002784,CR003483,A003483,2025-09-02,EMP003316
ARR002785,CR003484,A003484,2025-06-09,EMP006850
ARR002786,CR003485,A003485,2024-10-03,EMP000324
ARR002787,CR003486,A003486,2025-11-18,EMP007875
ARR002788,CR003488,A003488,2025-09-06,EMP009224
ARR002789,CR003489,A003489,2025-07-01,EMP008272
ARR002790,CR003490,A003490,2025-01-22,EMP006064
ARR002791,CR003491,A003491,2025-06-05,EMP007152
ARR002792,CR003492,A003492,2025-10-26,EMP004303
ARR002793,CR003494,A003494,2024-09-08,EMP005005
ARR002794,CR003496,A003496,2025-11-14,EMP008787
ARR002795,CR003497,A003497,2025-07-26,EMP006933
ARR002796,CR003498,A003498,2026-04-11,EMP007696
ARR002797,CR003499,A003499,2026-02-14,EMP009960
ARR002798,CR003501,A003501,2026-07-05,EMP003349
ARR002799,CR003503,A003503,2026-06-08,EMP001873
ARR002800,CR003505,A003505,2025-06-27,EMP000151
ARR002801,CR003509,A003509,2024-11-04,EMP001200
ARR002802,CR003510,A003510,2025-08-08,EMP005392
ARR002803,CR003511,A003511,2024-09-17,EMP008595
ARR002804,CR003512,A003512,2025-05-29,EMP002167
ARR002805,CR003515,A003515,2026-04-23,EMP006061
ARR002806,CR003516,A003516,2024-12-18,EMP007426
ARR002807,CR003517,A003517,2026-07-18,EMP008398
ARR002808,CR003518,A003518,2025-12-02,EMP008568
ARR002809,CR003519,A003519,2026-05-03,EMP000892
ARR002810,CR003520,A003520,2025-03-28,EMP004677
ARR002811,CR003521,A003521,2026-01-06,EMP007799
ARR002812,CR003524,A003524,2026-03-13,EMP004848
ARR002813,CR003525,A003525,2025-09-05,EMP008334
ARR002814,CR003526,A003526,2025-06-13,EMP009237
ARR002815,CR003527,A003527,2024-11-02,EMP008889
ARR002816,CR003528,A003528,2024-12-03,EMP000042
ARR002817,CR003529,A003529,2026-05-01,EMP000956
ARR002818,CR003530,A003530,2025-06-03,EMP000884
ARR002819,CR003531,A003531,2025-06-30,EMP003264
ARR002820,CR003532,A003532,2025-10-16,EMP005050
ARR002821,CR003533,A003533,2026-02-21,EMP007009
ARR002822,CR003534,A003534,2025-05-31,EMP008057
ARR002823,CR003536,A003536,2024-11-24,EMP007755
ARR002824,CR003537,A003537,2025-11-25,EMP006237
ARR002825,CR003539,A003539,2024-07-12,EMP001625
ARR002826,CR003540,A003540,2025-07-19,EMP008107
ARR002827,CR003541,A003541,2025-02-24,EMP001635
ARR002828,CR003542,A003542,2026-01-05,EMP003302
ARR002829,CR003543,A003543,2026-04-17,EMP001610
ARR002830,CR003544,A003544,2025-12-08,EMP008295
ARR002831,CR003545,A003545,2024-12-08,EMP003315
ARR002832,CR003546,A003546,2026-06-19,EMP006721
ARR002833,CR003547,A003547,2025-03-01,EMP000311
ARR002834,CR003548,A003548,2025-08-07,EMP008817
ARR002835,CR003549,A003549,2026-05-30,EMP008852
ARR002836,CR003550,A003550,2024-09-21,EMP006185
ARR002837,CR003551,A003551,2026-04-04,EMP003295
ARR002838,CR003552,A003552,2025-07-19,EMP007795
ARR002839,CR003554,A003554,2025-09-24,EMP004240
ARR002840,CR003555,A003555,2024-11-10,EMP004792
ARR002841,CR003556,A003556,2025-01-09,EMP006697
ARR002842,CR003557,A003557,2024-09-05,EMP008954
ARR002843,CR003558,A003558,2024-12-19,EMP000879
ARR002844,CR003559,A003559,2024-08-25,EMP005027
ARR002845,CR003560,A003560,2024-07-15,EMP001278
ARR002846,CR003561,A003561,2025-04-19,EMP003371
ARR002847,CR003562,A003562,2025-01-01,EMP006112
ARR002848,CR003563,A003563,2024-11-15,EMP006924
ARR002849,CR003565,A003565,2025-08-31,EMP003274
ARR002850,CR003567,A003567,2025-02-24,EMP004788
ARR002851,CR003569,A003569,2024-12-23,EMP003136
ARR002852,CR003570,A003570,2024-09-23,EMP006133
ARR002853,CR003572,A003572,2024-10-10,EMP000687
ARR002854,CR003573,A003573,2025-07-30,EMP003271
ARR002855,CR003575,A003575,2025-06-23,EMP004314
ARR002856,CR003576,A003576,2024-11-16,EMP009765
ARR002857,CR003577,A003577,2025-11-17,EMP002830
ARR002858,CR003578,A003578,2026-06-03,EMP002297
ARR002859,CR003580,A003580,2025-02-26,EMP007265
ARR002860,CR003582,A003582,2026-05-08,EMP001623
ARR002861,CR003583,A003583,2026-03-07,EMP003501
ARR002862,CR003584,A003584,2025-05-14,EMP005941
ARR002863,CR003588,A003588,2024-08-07,EMP003336
ARR002864,CR003589,A003589,2026-03-12,EMP003336
ARR002865,CR003590,A003590,2024-12-17,EMP003524
ARR002866,CR003592,A003592,2026-04-14,EMP000982
ARR002867,CR003593,A003593,2024-11-02,EMP001329
ARR002868,CR003594,A003594,2025-12-19,EMP008805
ARR002869,CR003595,A003595,2024-08-22,EMP003317
ARR002870,CR003596,A003596,2024-10-24,EMP004809
ARR002871,CR003597,A003597,2026-04-17,EMP000272
ARR002872,CR003598,A003598,2026-03-02,EMP009202
ARR002873,CR003599,A003599,2026-05-09,EMP001191
ARR002874,CR003600,A003600,2025-05-15,EMP009600
ARR002875,CR003601,A003601,2024-11-25,EMP004690
ARR002876,CR003602,A003602,2025-12-22,EMP005089
ARR002877,CR003603,A003603,2025-03-17,EMP008749
ARR002878,CR003607,A003607,2024-11-17,EMP008887
ARR002879,CR003609,A003609,2025-01-02,EMP009158
ARR002880,CR003610,A003610,2025-06-17,EMP001375
ARR002881,CR003612,A003612,2026-02-12,EMP000717
ARR002882,CR003614,A003614,2024-10-08,EMP006643
ARR002883,CR003615,A003615,2025-01-20,EMP005193
ARR002884,CR003616,A003616,2025-11-15,EMP000596
ARR002885,CR003617,A003617,2024-08-20,EMP001751
ARR002886,CR003618,A003618,2026-05-23,EMP007985
ARR002887,CR003619,A003619,2025-12-12,EMP003290
ARR002888,CR003620,A003620,2026-07-19,EMP003287
ARR002889,CR003621,A003621,2024-07-21,EMP009473
ARR002890,CR003623,A003623,2024-09-01,EMP003638
ARR002891,CR003626,A003626,2025-03-10,EMP004652
ARR002892,CR003627,A003627,2026-06-17,EMP007284
ARR002893,CR003628,A003628,2026-03-13,EMP006396
ARR002894,CR003629,A003629,2025-03-22,EMP003318
ARR002895,CR003631,A003631,2026-08-03,EMP006991
ARR002896,CR003632,A003632,2025-04-21,EMP000705
ARR002897,CR003633,A003633,2026-06-30,EMP003359
ARR002898,CR003634,A003634,2025-10-29,EMP008004
ARR002899,CR003635,A003635,2025-09-19,EMP001396
ARR002900,CR003636,A003636,2024-08-27,EMP004932
ARR002901,CR003637,A003637,2024-10-10,EMP004641
ARR002902,CR003640,A003640,2024-08-31,EMP000890
ARR002903,CR003641,A003641,2026-03-09,EMP001228
ARR002904,CR003642,A003642,2025-09-08,EMP001614
ARR002905,CR003643,A003643,2024-11-30,EMP004938
ARR002906,CR003644,A003644,2026-03-07,EMP003528
ARR002907,CR003645,A003645,2025-01-10,EMP007971
ARR002908,CR003647,A003647,2024-11-30,EMP001241
ARR002909,CR003648,A003648,2024-10-02,EMP005356
ARR002910,CR003649,A003649,2024-09-25,EMP009668
ARR002911,CR003650,A003650,2025-02-23,EMP004553
ARR002912,CR003651,A003651,2026-04-22,EMP001508
ARR002913,CR003652,A003652,2026-05-20,EMP002949
ARR002914,CR003654,A003654,2025-08-30,EMP003346
ARR002915,CR003655,A003655,2026-01-05,EMP001569
ARR002916,CR003656,A003656,2025-06-22,EMP003881
ARR002917,CR003657,A003657,2025-04-26,EMP004839
ARR002918,CR003658,A003658,2025-07-10,EMP008934
ARR002919,CR003660,A003660,2026-03-23,EMP003293
ARR002920,CR003661,A003661,2025-11-09,EMP003258
ARR002921,CR003662,A003662,2025-02-27,EMP005168
ARR002922,CR003664,A003664,2025-03-23,EMP003311
ARR002923,CR003665,A003665,2026-06-19,EMP000556
ARR002924,CR003666,A003666,2025-05-21,EMP001335
ARR002925,CR003667,A003667,2024-10-24,EMP009095
ARR002926,CR003668,A003668,2025-09-30,EMP007229
ARR002927,CR003670,A003670,2026-02-21,EMP009506
ARR002928,CR003671,A003671,2024-08-14,EMP004764
ARR002929,CR003673,A003673,2026-03-18,EMP000580
ARR002930,CR003675,A003675,2025-06-26,EMP008047
ARR002931,CR003676,A003676,2025-07-14,EMP006164
ARR002932,CR003677,A003677,2026-04-07,EMP008419
ARR002933,CR003678,A003678,2025-12-13,EMP001363
ARR002934,CR003679,A003679,2025-08-03,EMP007810
ARR002935,CR003680,A003680,2026-04-21,EMP007708
ARR002936,CR003681,A003681,2026-01-26,EMP005151
ARR002937,CR003682,A003682,2024-10-20,EMP004926
ARR002938,CR003683,A003683,2025-06-03,EMP009019
ARR002939,CR003684,A003684,2025-05-19,EMP005323
ARR002940,CR003685,A003685,2025-03-18,EMP005144
ARR002941,CR003687,A003687,2026-01-13,EMP000076
ARR002942,CR003688,A003688,2026-06-10,EMP007942
ARR002943,CR003689,A003689,2024-10-03,EMP008031
ARR002944,CR003690,A003690,2025-12-20,EMP003846
ARR002945,CR003692,A003692,2026-02-06,EMP008630
ARR002946,CR003693,A003693,2025-02-18,EMP008232
ARR002947,CR003694,A003694,2025-07-21,EMP002389
ARR002948,CR003695,A003695,2025-05-29,EMP005792
ARR002949,CR003696,A003696,2025-07-28,EMP004514
ARR002950,CR003697,A003697,2026-07-16,EMP005260
ARR002951,CR003698,A003698,2024-09-26,EMP008222
ARR002952,CR003699,A003699,2026-06-29,EMP007656
ARR002953,CR003700,A003700,2025-11-14,EMP006046
ARR002954,CR003701,A003701,2024-10-29,EMP008295
ARR002955,CR003702,A003702,2025-05-05,EMP003268
ARR002956,CR003703,A003703,2025-11-10,EMP003843
ARR002957,CR003704,A003704,2026-01-13,EMP004732
ARR002958,CR003707,A003707,2025-05-02,EMP003314
ARR002959,CR003708,A003708,2024-08-07,EMP003259
ARR002960,CR003709,A003709,2025-07-02,EMP003289
ARR002961,CR003711,A003711,2026-03-20,EMP008878
ARR002962,CR003712,A003712,2024-10-20,EMP005320
ARR002963,CR003713,A003713,2025-09-28,EMP003264
ARR002964,CR003714,A003714,2025-07-28,EMP006092
ARR002965,CR003715,A003715,2026-02-25,EMP003286
ARR002966,CR003716,A003716,2024-11-27,EMP006159
ARR002967,CR003718,A003718,2025-06-04,EMP006789
ARR002968,CR003720,A003720,2025-04-20,EMP009449
ARR002969,CR003721,A003721,2026-01-19,EMP008645
ARR002970,CR003722,A003722,2024-07-27,EMP003314
ARR002971,CR003724,A003724,2024-08-19,EMP003308
ARR002972,CR003726,A003726,2025-03-17,EMP004678
ARR002973,CR003727,A003727,2026-06-29,EMP004111
ARR002974,CR003728,A003728,2026-07-06,EMP003142
ARR002975,CR003729,A003729,2025-01-26,EMP009041
ARR002976,CR003730,A003730,2024-10-20,EMP003323
ARR002977,CR003731,A003731,2026-05-08,EMP005661
ARR002978,CR003732,A003732,2025-04-19,EMP008585
ARR002979,CR003733,A003733,2024-12-06,EMP004535
ARR002980,CR003734,A003734,2025-01-13,EMP000149
ARR002981,CR003735,A003735,2025-09-20,EMP003268
ARR002982,CR003738,A003738,2026-03-07,EMP004116
ARR002983,CR003739,A003739,2026-02-11,EMP003279
ARR002984,CR003740,A003740,2024-09-03,EMP007427
ARR002985,CR003741,A003741,2025-06-12,EMP006953
ARR002986,CR003742,A003742,2025-08-03,EMP006816
ARR002987,CR003743,A003743,2025-01-11,EMP008165
ARR002988,CR003744,A003744,2026-02-13,EMP003286
ARR002989,CR003745,A003745,2025-01-19,EMP000758
ARR002990,CR003746,A003746,2026-03-21,EMP008161
ARR002991,CR003748,A003748,2026-05-02,EMP004559
ARR002992,CR003749,A003749,2025-04-07,EMP001628
ARR002993,CR003750,A003750,2025-08-28,EMP003260
ARR002994,CR003751,A003751,2026-04-18,EMP003255
ARR002995,CR003752,A003752,2024-11-21,EMP006213
ARR002996,CR003754,A003754,2025-10-16,EMP006161
ARR002997,CR003755,A003755,2026-05-08,EMP002595
ARR002998,CR003757,A003757,2025-07-05,EMP009332
ARR002999,CR003758,A003758,2025-08-12,EMP005816
ARR003000,CR003759,A003759,2025-03-10,EMP001428
ARR003001,CR003760,A003760,2024-09-27,EMP003298
ARR003002,CR003762,A003762,2026-05-26,EMP007605
ARR003003,CR003764,A003764,2026-01-21,EMP003348
ARR003004,CR003766,A003766,2026-06-26,EMP000302
ARR003005,CR003767,A003767,2024-11-21,EMP003642
ARR003006,CR003768,A003768,2025-05-17,EMP005595
ARR003007,CR003769,A003769,2026-03-18,EMP005128
ARR003008,CR003771,A003771,2025-04-01,EMP002204
ARR003009,CR003772,A003772,2026-02-28,EMP001377
ARR003010,CR003773,A003773,2025-11-21,EMP003273
ARR003011,CR003774,A003774,2025-12-29,EMP007211
ARR003012,CR003775,A003775,2024-08-03,EMP000890
ARR003013,CR003777,A003777,2026-02-22,EMP001630
ARR003014,CR003778,A003778,2024-08-29,EMP005008
ARR003015,CR003779,A003779,2025-10-12,EMP007280
ARR003016,CR003780,A003780,2025-08-18,EMP001412
ARR003017,CR003782,A003782,2025-06-28,EMP001918
ARR003018,CR003783,A003783,2025-12-23,EMP001578
ARR003019,CR003784,A003784,2025-10-14,EMP006140
ARR003020,CR003786,A003786,2025-05-21,EMP007647
ARR003021,CR003788,A003788,2025-11-09,EMP008089
ARR003022,CR003790,A003790,2026-01-24,EMP009567
ARR003023,CR003791,A003791,2025-07-26,EMP003845
ARR003024,CR003792,A003792,2025-06-16,EMP005040
ARR003025,CR003793,A003793,2026-04-01,EMP001362
ARR003026,CR003794,A003794,2025-04-06,EMP004487
ARR003027,CR003795,A003795,2025-07-15,EMP002170
ARR003028,CR003797,A003797,2025-03-17,EMP003283
ARR003029,CR003799,A003799,2025-09-30,EMP003265
ARR003030,CR003800,A003800,2026-07-11,EMP006662
ARR003031,CR003801,A003801,2025-01-21,EMP009970
ARR003032,CR003802,A003802,2025-11-11,EMP004980
ARR003033,CR003803,A003803,2024-11-26,EMP007693
ARR003034,CR003805,A003805,2026-03-01,EMP003388
ARR003035,CR003806,A003806,2026-04-23,EMP006963
ARR003036,CR003807,A003807,2025-04-07,EMP004375
ARR003037,CR003808,A003808,2024-11-03,EMP009792
ARR003038,CR003810,A003810,2024-11-03,EMP006081
ARR003039,CR003811,A003811,2025-03-31,EMP010066
ARR003040,CR003814,A003814,2025-03-15,EMP008054
ARR003041,CR003815,A003815,2024-08-07,EMP006337
ARR003042,CR003817,A003817,2025-03-31,EMP001030
ARR003043,CR003818,A003818,2025-09-10,EMP006028
ARR003044,CR003820,A003820,2025-04-06,EMP010055
ARR003045,CR003821,A003821,2025-05-04,EMP008084
ARR003046,CR003822,A003822,2025-12-27,EMP006842
ARR003047,CR003824,A003824,2026-06-18,EMP004780
ARR003048,CR003826,A003826,2025-03-13,EMP009857
ARR003049,CR003828,A003828,2025-04-09,EMP009897
ARR003050,CR003829,A003829,2026-04-02,EMP003929
ARR003051,CR003830,A003830,2025-01-23,EMP008956
ARR003052,CR003831,A003831,2025-08-10,EMP009049
ARR003053,CR003832,A003832,2025-06-21,EMP008445
ARR003054,CR003833,A003833,2026-05-15,EMP001424
ARR003055,CR003837,A003837,2025-01-18,EMP007429
ARR003056,CR003838,A003838,2025-02-17,EMP000144
ARR003057,CR003839,A003839,2024-10-27,EMP005755
ARR003058,CR003840,A003840,2025-01-06,EMP001696
ARR003059,CR003842,A003842,2024-12-16,EMP007378
ARR003060,CR003845,A003845,2024-12-24,EMP003306
ARR003061,CR003847,A003847,2026-03-14,EMP003300
ARR003062,CR003848,A003848,2024-10-29,EMP004019
ARR003063,CR003851,A003851,2025-11-17,EMP001646
ARR003064,CR003852,A003852,2026-05-25,EMP009866
ARR003065,CR003854,A003854,2025-12-06,EMP008316
ARR003066,CR003855,A003855,2025-01-08,EMP006460
ARR003067,CR003857,A003857,2026-03-09,EMP005134
ARR003068,CR003858,A003858,2024-08-15,EMP008030
ARR003069,CR003859,A003859,2025-08-27,EMP008482
ARR003070,CR003860,A003860,2026-01-27,EMP001624
ARR003071,CR003861,A003861,2025-06-10,EMP008185
ARR003072,CR003862,A003862,2024-08-12,EMP007849
ARR003073,CR003863,A003863,2025-01-07,EMP005494
ARR003074,CR003864,A003864,2026-05-19,EMP008731
ARR003075,CR003865,A003865,2025-07-20,EMP006848
ARR003076,CR003866,A003866,2025-01-24,EMP005652
ARR003077,CR003868,A003868,2026-01-21,EMP009964
ARR003078,CR003869,A003869,2025-03-01,EMP007985
ARR003079,CR003870,A003870,2024-09-08,EMP003255
ARR003080,CR003871,A003871,2024-09-15,EMP003300
ARR003081,CR003873,A003873,2026-01-30,EMP008519
ARR003082,CR003874,A003874,2024-11-28,EMP003359
ARR003083,CR003875,A003875,2025-05-12,EMP009216
ARR003084,CR003876,A003876,2026-07-20,EMP010018
ARR003085,CR003877,A003877,2026-06-15,EMP004605
ARR003086,CR003878,A003878,2026-04-25,EMP003333
ARR003087,CR003879,A003879,2024-12-23,EMP004877
ARR003088,CR003881,A003881,2025-10-30,EMP004553
ARR003089,CR003883,A003883,2025-05-29,EMP005804
ARR003090,CR003884,A003884,2025-01-25,EMP003480
ARR003091,CR003886,A003886,2025-09-17,EMP005063
ARR003092,CR003887,A003887,2026-01-10,EMP006072
ARR003093,CR003888,A003888,2025-04-29,EMP008648
ARR003094,CR003889,A003889,2026-07-08,EMP004053
ARR003095,CR003890,A003890,2025-01-08,EMP005802
ARR003096,CR003891,A003891,2026-01-19,EMP005054
ARR003097,CR003892,A003892,2025-04-29,EMP008550
ARR003098,CR003893,A003893,2025-11-08,EMP008047
ARR003099,CR003894,A003894,2026-04-08,EMP004942
ARR003100,CR003895,A003895,2024-09-30,EMP008333
ARR003101,CR003896,A003896,2024-09-18,EMP000887
ARR003102,CR003897,A003897,2025-07-16,EMP001645
ARR003103,CR003898,A003898,2026-06-28,EMP007165
ARR003104,CR003899,A003899,2025-06-29,EMP000093
ARR003105,CR003900,A003900,2025-12-02,EMP003273
ARR003106,CR003902,A003902,2024-10-16,EMP003259
ARR003107,CR003903,A003903,2024-10-29,EMP001199
ARR003108,CR003904,A003904,2025-02-18,EMP005422
ARR003109,CR003906,A003906,2025-11-05,EMP003260
ARR003110,CR003907,A003907,2025-07-21,EMP006789
ARR003111,CR003908,A003908,2024-12-26,EMP005459
ARR003112,CR003911,A003911,2025-04-17,EMP006236
ARR003113,CR003912,A003912,2025-03-04,EMP006669
ARR003114,CR003913,A003913,2026-07-03,EMP009211
ARR003115,CR003914,A003914,2025-07-22,EMP006990
ARR003116,CR003915,A003915,2026-04-03,EMP004805
ARR003117,CR003916,A003916,2026-05-23,EMP009209
ARR003118,CR003917,A003917,2026-02-28,EMP001582
ARR003119,CR003919,A003919,2024-12-16,EMP006015
ARR003120,CR003920,A003920,2026-06-12,EMP003256
ARR003121,CR003921,A003921,2024-07-28,EMP003368
ARR003122,CR003922,A003922,2026-07-11,EMP009365
ARR003123,CR003923,A003923,2025-02-16,EMP004667
ARR003124,CR003924,A003924,2025-04-03,EMP009341
ARR003125,CR003925,A003925,2026-05-19,EMP003898
ARR003126,CR003926,A003926,2025-06-19,EMP001806
ARR003127,CR003928,A003928,2026-04-30,EMP001247
ARR003128,CR003929,A003929,2025-03-25,EMP006749
ARR003129,CR003930,A003930,2024-11-24,EMP007846
ARR003130,CR003931,A003931,2024-12-14,EMP000028
ARR003131,CR003932,A003932,2026-06-29,EMP008295
ARR003132,CR003933,A003933,2025-02-21,EMP004712
ARR003133,CR003934,A003934,2025-07-02,EMP008272
ARR003134,CR003935,A003935,2025-04-15,EMP007432
ARR003135,CR003936,A003936,2026-05-18,EMP004191
ARR003136,CR003937,A003937,2024-12-07,EMP001095
ARR003137,CR003938,A003938,2025-05-14,EMP001755
ARR003138,CR003939,A003939,2025-12-26,EMP000005
ARR003139,CR003940,A003940,2025-04-13,EMP000883
ARR003140,CR003943,A003943,2025-08-04,EMP003296
ARR003141,CR003944,A003944,2025-09-23,EMP006158
ARR003142,CR003945,A003945,2025-02-22,EMP005430
ARR003143,CR003947,A003947,2025-08-22,EMP001652
ARR003144,CR003948,A003948,2026-06-25,EMP006185
ARR003145,CR003949,A003949,2024-11-02,EMP003304
ARR003146,CR003950,A003950,2025-09-27,EMP005488
ARR003147,CR003951,A003951,2026-03-02,EMP006123
ARR003148,CR003952,A003952,2024-09-04,EMP007268
ARR003149,CR003954,A003954,2025-10-24,EMP004717
ARR003150,CR003955,A003955,2026-06-22,EMP007837
ARR003151,CR003957,A003957,2026-06-11,EMP000359
ARR003152,CR003958,A003958,2025-10-08,EMP003365
ARR003153,CR003959,A003959,2025-03-07,EMP001261
ARR003154,CR003960,A003960,2025-05-25,EMP006994
ARR003155,CR003961,A003961,2025-04-03,EMP008557
ARR003156,CR003963,A003963,2025-04-03,EMP006584
ARR003157,CR003965,A003965,2026-04-12,EMP009310
ARR003158,CR003966,A003966,2026-06-18,EMP006942
ARR003159,CR003967,A003967,2025-05-29,EMP006706
ARR003160,CR003968,A003968,2025-01-06,EMP007562
ARR003161,CR003969,A003969,2025-11-04,EMP000565
ARR003162,CR003970,A003970,2025-09-14,EMP004670
ARR003163,CR003971,A003971,2026-01-01,EMP006364
ARR003164,CR003972,A003972,2025-12-02,EMP006518
ARR003165,CR003973,A003973,2026-05-28,EMP003521
ARR003166,CR003974,A003974,2025-01-14,EMP001615
ARR003167,CR003975,A003975,2026-05-13,EMP005639
ARR003168,CR003976,A003976,2024-09-14,EMP002341
ARR003169,CR003977,A003977,2025-12-10,EMP007543
ARR003170,CR003978,A003978,2025-09-18,EMP009994
ARR003171,CR003980,A003980,2024-12-04,EMP007706
ARR003172,CR003981,A003981,2026-01-02,EMP003303
ARR003173,CR003982,A003982,2026-04-26,EMP003027
ARR003174,CR003983,A003983,2025-01-27,EMP006173
ARR003175,CR003984,A003984,2025-11-28,EMP006529
ARR003176,CR003985,A003985,2026-01-14,EMP007499
ARR003177,CR003986,A003986,2026-07-09,EMP001195
ARR003178,CR003987,A003987,2026-07-26,EMP004810
ARR003179,CR003988,A003988,2026-02-04,EMP007147
ARR003180,CR003989,A003989,2024-09-03,EMP005296
ARR003181,CR003990,A003990,2026-03-26,EMP003358
ARR003182,CR003991,A003991,2024-07-24,EMP004211
ARR003183,CR003992,A003992,2025-02-19,EMP004755
ARR003184,CR003993,A003993,2024-07-29,EMP006081
ARR003185,CR003994,A003994,2025-09-22,EMP004619
ARR003186,CR003995,A003995,2024-09-05,EMP003310
ARR003187,CR003996,A003996,2026-07-11,EMP000887
ARR003188,CR003997,A003997,2025-03-21,EMP009352
ARR003189,CR003998,A003998,2026-05-28,EMP005541
ARR003190,CR003999,A003999,2025-09-24,EMP003035
ARR003191,CR004000,A004000,2024-10-14,EMP005131
ARR003192,CR004001,A004001,2025-07-13,EMP000663
ARR003193,CR004005,A004005,2026-05-16,EMP002252
ARR003194,CR004006,A004006,2025-09-11,EMP003369
ARR003195,CR004007,A004007,2025-08-15,EMP009379
ARR003196,CR004009,A004009,2026-01-15,EMP000068
ARR003197,CR004010,A004010,2025-10-08,EMP002010
ARR003198,CR004011,A004011,2025-04-11,EMP003295
ARR003199,CR004012,A004012,2026-02-08,EMP005170
ARR003200,CR004013,A004013,2024-09-17,EMP006115
ARR003201,CR004014,A004014,2025-07-18,EMP006252
ARR003202,CR004015,A004015,2026-03-08,EMP001643
ARR003203,CR004016,A004016,2025-12-30,EMP005424
ARR003204,CR004018,A004018,2025-02-01,EMP003342
ARR003205,CR004020,A004020,2024-09-20,EMP006242
ARR003206,CR004022,A004022,2024-10-05,EMP008331
ARR003207,CR004024,A004024,2025-11-03,EMP007679
ARR003208,CR004025,A004025,2025-04-07,EMP009428
ARR003209,CR004027,A004027,2025-12-01,EMP003368
ARR003210,CR004028,A004028,2025-05-10,EMP005167
ARR003211,CR004029,A004029,2026-03-18,EMP005090
ARR003212,CR004031,A004031,2026-07-21,EMP003303
ARR003213,CR004034,A004034,2025-07-13,EMP000899
ARR003214,CR004035,A004035,2025-03-20,EMP003319
ARR003215,CR004036,A004036,2026-05-27,EMP009273
ARR003216,CR004037,A004037,2025-04-13,EMP002139
ARR003217,CR004038,A004038,2025-07-16,EMP005352
ARR003218,CR004040,A004040,2024-09-02,EMP008256
ARR003219,CR004041,A004041,2026-05-04,EMP003286
ARR003220,CR004042,A004042,2025-12-17,EMP004816
ARR003221,CR004043,A004043,2024-11-24,EMP006798
ARR003222,CR004044,A004044,2024-08-23,EMP009177
ARR003223,CR004045,A004045,2025-01-18,EMP003313
ARR003224,CR004046,A004046,2025-10-24,EMP005163
ARR003225,CR004048,A004048,2025-04-18,EMP000766
ARR003226,CR004049,A004049,2025-06-29,EMP004788
ARR003227,CR004052,A004052,2025-08-26,EMP009240
ARR003228,CR004053,A004053,2024-07-27,EMP004767
ARR003229,CR004054,A004054,2025-12-28,EMP000261
ARR003230,CR004055,A004055,2024-12-23,EMP003350
ARR003231,CR004056,A004056,2024-08-06,EMP004749
ARR003232,CR004058,A004058,2025-12-19,EMP006511
ARR003233,CR004060,A004060,2025-11-19,EMP003346
ARR003234,CR004061,A004061,2024-12-12,EMP005366
ARR003235,CR004063,A004063,2025-10-07,EMP005758
ARR003236,CR004064,A004064,2025-12-29,EMP005009
ARR003237,CR004065,A004065,2025-04-25,EMP006058
ARR003238,CR004066,A004066,2025-10-13,EMP003277
ARR003239,CR004067,A004067,2024-11-11,EMP005437
ARR003240,CR004068,A004068,2026-01-30,EMP005937
ARR003241,CR004070,A004070,2025-09-02,EMP001529
ARR003242,CR004071,A004071,2025-07-09,EMP003298
ARR003243,CR004072,A004072,2025-03-06,EMP000673
ARR003244,CR004073,A004073,2026-02-05,EMP003261
ARR003245,CR004075,A004075,2026-04-07,EMP003296
ARR003246,CR004076,A004076,2024-09-14,EMP006113
ARR003247,CR004077,A004077,2026-05-12,EMP005419
ARR003248,CR004078,A004078,2025-12-03,EMP008524
ARR003249,CR004079,A004079,2025-07-19,EMP000838
ARR003250,CR004080,A004080,2025-04-09,EMP003303
ARR003251,CR004081,A004081,2025-09-09,EMP006311
ARR003252,CR004082,A004082,2025-07-06,EMP003273
ARR003253,CR004083,A004083,2026-01-14,EMP001344
ARR003254,CR004084,A004084,2025-07-17,EMP001627
ARR003255,CR004085,A004085,2024-09-25,EMP003309
ARR003256,CR004087,A004087,2026-03-25,EMP005473
ARR003257,CR004089,A004089,2025-10-26,EMP001771
ARR003258,CR004090,A004090,2025-01-15,EMP007026
ARR003259,CR004091,A004091,2025-07-03,EMP005123
ARR003260,CR004092,A004092,2025-03-31,EMP008138
ARR003261,CR004093,A004093,2026-07-13,EMP001582
ARR003262,CR004095,A004095,2024-11-05,EMP003269
ARR003263,CR004098,A004098,2024-10-26,EMP009502
ARR003264,CR004099,A004099,2024-11-30,EMP002999
ARR003265,CR004100,A004100,2026-05-26,EMP008561
ARR003266,CR004102,A004102,2026-03-28,EMP003307
ARR003267,CR004103,A004103,2025-12-07,EMP006982
ARR003268,CR004104,A004104,2026-02-04,EMP004225
ARR003269,CR004108,A004108,2024-09-26,EMP006123
ARR003270,CR004109,A004109,2025-03-30,EMP000632
ARR003271,CR004111,A004111,2025-02-10,EMP006147
ARR003272,CR004112,A004112,2025-01-30,EMP002354
ARR003273,CR004115,A004115,2025-05-25,EMP006669
ARR003274,CR004119,A004119,2025-04-24,EMP003313
ARR003275,CR004120,A004120,2024-11-14,EMP008458
ARR003276,CR004121,A004121,2025-01-09,EMP006808
ARR003277,CR004122,A004122,2026-02-23,EMP006122
ARR003278,CR004123,A004123,2025-08-17,EMP009322
ARR003279,CR004124,A004124,2024-12-14,EMP006663
ARR003280,CR004126,A004126,2025-04-20,EMP008249
ARR003281,CR004127,A004127,2026-01-12,EMP005318
ARR003282,CR004128,A004128,2026-04-28,EMP007540
ARR003283,CR004129,A004129,2026-05-31,EMP005404
ARR003284,CR004130,A004130,2024-09-07,EMP001438
ARR003285,CR004132,A004132,2025-01-06,EMP008147
ARR003286,CR004133,A004133,2024-10-20,EMP003369
ARR003287,CR004135,A004135,2025-04-26,EMP009489
ARR003288,CR004136,A004136,2025-03-20,EMP007310
ARR003289,CR004137,A004137,2025-08-07,EMP004661
ARR003290,CR004138,A004138,2024-10-03,EMP001378
ARR003291,CR004139,A004139,2025-12-04,EMP002621
ARR003292,CR004140,A004140,2026-06-20,EMP004305
ARR003293,CR004143,A004143,2024-11-09,EMP001697
ARR003294,CR004144,A004144,2024-10-12,EMP007939
ARR003295,CR004145,A004145,2026-01-28,EMP008884
ARR003296,CR004146,A004146,2026-03-12,EMP005941
ARR003297,CR004147,A004147,2026-03-11,EMP003268
ARR003298,CR004149,A004149,2026-04-05,EMP007508
ARR003299,CR004150,A004150,2026-05-06,EMP006319
ARR003300,CR004151,A004151,2026-06-24,EMP006044
ARR003301,CR004152,A004152,2025-04-07,EMP001566
ARR003302,CR004154,A004154,2025-12-24,EMP000888
ARR003303,CR004155,A004155,2025-07-24,EMP002175
ARR003304,CR004156,A004156,2024-10-26,EMP009400
ARR003305,CR004157,A004157,2024-10-28,EMP007832
ARR003306,CR004158,A004158,2026-01-31,EMP000804
ARR003307,CR004159,A004159,2026-06-16,EMP006196
ARR003308,CR004160,A004160,2024-09-07,EMP001926
ARR003309,CR004164,A004164,2024-12-19,EMP004869
ARR003310,CR004165,A004165,2026-05-08,EMP004317
ARR003311,CR004166,A004166,2026-04-05,EMP007236
ARR003312,CR004167,A004167,2025-09-05,EMP001199
ARR003313,CR004168,A004168,2025-05-21,EMP000892
ARR003314,CR004169,A004169,2025-12-07,EMP008888
ARR003315,CR004170,A004170,2026-02-16,EMP005074
ARR003316,CR004171,A004171,2025-04-20,EMP009445
ARR003317,CR004174,A004174,2025-03-29,EMP003307
ARR003318,CR004175,A004175,2024-07-30,EMP009495
ARR003319,CR004176,A004176,2025-11-11,EMP008396
ARR003320,CR004178,A004178,2026-04-07,EMP002906
ARR003321,CR004179,A004179,2025-04-01,EMP000656
ARR003322,CR004180,A004180,2025-12-04,EMP003850
ARR003323,CR004181,A004181,2025-03-31,EMP008216
ARR003324,CR004182,A004182,2025-06-19,EMP003306
ARR003325,CR004183,A004183,2026-02-08,EMP003281
ARR003326,CR004185,A004185,2026-01-19,EMP006116
ARR003327,CR004186,A004186,2025-08-08,EMP003313
ARR003328,CR004188,A004188,2026-02-16,EMP004805
ARR003329,CR004189,A004189,2025-05-29,EMP009574
ARR003330,CR004190,A004190,2026-01-14,EMP001041
ARR003331,CR004191,A004191,2025-11-07,EMP001012
ARR003332,CR004192,A004192,2025-10-15,EMP003353
ARR003333,CR004193,A004193,2026-02-15,EMP005581
ARR003334,CR004194,A004194,2025-02-17,EMP008586
ARR003335,CR004195,A004195,2026-02-07,EMP004748
ARR003336,CR004197,A004197,2026-05-25,EMP008788
ARR003337,CR004198,A004198,2024-10-15,EMP004737
ARR003338,CR004199,A004199,2025-01-03,EMP000530
ARR003339,CR004201,A004201,2025-08-18,EMP004348
ARR003340,CR004202,A004202,2026-06-22,EMP004918
ARR003341,CR004203,A004203,2024-09-11,EMP003298
ARR003342,CR004205,A004205,2026-06-19,EMP003264
ARR003343,CR004206,A004206,2024-12-02,EMP006060
ARR003344,CR004207,A004207,2026-07-27,EMP007778
ARR003345,CR004209,A004209,2026-04-20,EMP003071
ARR003346,CR004210,A004210,2025-07-04,EMP006122
ARR003347,CR004211,A004211,2026-04-06,EMP008684
ARR003348,CR004212,A004212,2024-08-28,EMP006231
ARR003349,CR004213,A004213,2024-08-23,EMP007494
ARR003350,CR004214,A004214,2026-02-21,EMP003354
ARR003351,CR004218,A004218,2025-09-16,EMP004627
ARR003352,CR004221,A004221,2025-07-31,EMP009200
ARR003353,CR004222,A004222,2025-09-14,EMP008779
ARR003354,CR004225,A004225,2024-07-12,EMP007707
ARR003355,CR004227,A004227,2025-08-26,EMP009189
ARR003356,CR004229,A004229,2025-07-04,EMP008595
ARR003357,CR004230,A004230,2025-05-10,EMP008513
ARR003358,CR004231,A004231,2025-05-19,EMP003030
ARR003359,CR004232,A004232,2025-05-13,EMP003290
ARR003360,CR004234,A004234,2026-05-12,EMP005817
ARR003361,CR004235,A004235,2026-02-11,EMP003263
ARR003362,CR004236,A004236,2025-12-01,EMP003299
ARR003363,CR004237,A004237,2024-08-11,EMP009334
ARR003364,CR004238,A004238,2026-01-04,EMP001277
ARR003365,CR004239,A004239,2025-10-12,EMP007755
ARR003366,CR004243,A004243,2025-08-06,EMP005713
ARR003367,CR004244,A004244,2025-03-04,EMP008819
ARR003368,CR004245,A004245,2025-08-23,EMP006838
ARR003369,CR004247,A004247,2025-07-27,EMP005240
ARR003370,CR004248,A004248,2026-05-15,EMP004671
ARR003371,CR004249,A004249,2025-07-29,EMP004299
ARR003372,CR004250,A004250,2025-08-02,EMP003368
ARR003373,CR004252,A004252,2025-01-21,EMP000889
ARR003374,CR004253,A004253,2025-07-02,EMP008483
ARR003375,CR004254,A004254,2025-07-05,EMP005884
ARR003376,CR004255,A004255,2026-07-01,EMP008506
ARR003377,CR004258,A004258,2025-04-28,EMP007745
ARR003378,CR004259,A004259,2025-01-07,EMP001626
ARR003379,CR004260,A004260,2025-05-15,EMP000947
ARR003380,CR004261,A004261,2025-04-17,EMP007978
ARR003381,CR004262,A004262,2025-01-09,EMP004729
ARR003382,CR004264,A004264,2024-07-19,EMP005044
ARR003383,CR004266,A004266,2026-05-19,EMP006295
ARR003384,CR004267,A004267,2025-12-08,EMP008457
ARR003385,CR004268,A004268,2024-12-22,EMP003302
ARR003386,CR004269,A004269,2025-01-09,EMP004535
ARR003387,CR004270,A004270,2024-09-09,EMP004660
ARR003388,CR004271,A004271,2026-06-26,EMP006303
ARR003389,CR004272,A004272,2024-09-07,EMP008896
ARR003390,CR004273,A004273,2025-11-15,EMP004687
ARR003391,CR004274,A004274,2024-08-12,EMP006728
ARR003392,CR004275,A004275,2025-11-04,EMP001976
ARR003393,CR004276,A004276,2025-10-02,EMP004527
ARR003394,CR004277,A004277,2025-10-21,EMP003602
ARR003395,CR004278,A004278,2026-01-04,EMP004827
ARR003396,CR004279,A004279,2024-09-24,EMP008077
ARR003397,CR004280,A004280,2025-12-14,EMP008645
ARR003398,CR004282,A004282,2026-01-15,EMP005754
ARR003399,CR004283,A004283,2024-11-13,EMP004865
ARR003400,CR004284,A004284,2025-02-15,EMP009198
ARR003401,CR004285,A004285,2025-02-12,EMP001888
ARR003402,CR004286,A004286,2024-11-11,EMP009262
ARR003403,CR004287,A004287,2024-12-08,EMP005698
ARR003404,CR004289,A004289,2025-04-20,EMP004279
ARR003405,CR004290,A004290,2025-08-26,EMP010085
ARR003406,CR004292,A004292,2026-03-15,EMP001759
ARR003407,CR004293,A004293,2024-10-05,EMP006563
ARR003408,CR004294,A004294,2025-11-01,EMP009588
ARR003409,CR004295,A004295,2026-07-16,EMP000232
ARR003410,CR004296,A004296,2026-03-07,EMP003914
ARR003411,CR004297,A004297,2024-07-27,EMP004703
ARR003412,CR004298,A004298,2026-02-26,EMP000978
ARR003413,CR004300,A004300,2024-10-07,EMP005501
ARR003414,CR004301,A004301,2025-09-25,EMP006329
ARR003415,CR004302,A004302,2026-03-25,EMP008321
ARR003416,CR004303,A004303,2025-09-05,EMP003265
ARR003417,CR004304,A004304,2024-09-23,EMP007234
ARR003418,CR004305,A004305,2024-12-31,EMP006959
ARR003419,CR004306,A004306,2025-04-13,EMP008626
ARR003420,CR004307,A004307,2025-08-12,EMP007817
ARR003421,CR004308,A004308,2025-01-01,EMP006242
ARR003422,CR004310,A004310,2024-12-04,EMP003314
ARR003423,CR004312,A004312,2025-07-16,EMP005207
ARR003424,CR004313,A004313,2026-01-23,EMP000578
ARR003425,CR004314,A004314,2025-01-11,EMP008656
ARR003426,CR004315,A004315,2026-03-10,EMP006269
ARR003427,CR004317,A004317,2025-07-22,EMP007121
ARR003428,CR004318,A004318,2025-09-28,EMP005857
ARR003429,CR004319,A004319,2024-12-16,EMP003322
ARR003430,CR004320,A004320,2024-12-11,EMP001284
ARR003431,CR004321,A004321,2025-04-23,EMP007883
ARR003432,CR004322,A004322,2026-02-05,EMP006566
ARR003433,CR004323,A004323,2025-02-02,EMP000892
ARR003434,CR004324,A004324,2025-01-24,EMP000723
ARR003435,CR004325,A004325,2025-04-20,EMP003316
ARR003436,CR004326,A004326,2024-09-26,EMP004940
ARR003437,CR004327,A004327,2025-04-06,EMP003028
ARR003438,CR004329,A004329,2025-07-22,EMP003285
ARR003439,CR004331,A004331,2025-06-26,EMP001124
ARR003440,CR004332,A004332,2026-02-17,EMP003061
ARR003441,CR004333,A004333,2026-03-05,EMP009986
ARR003442,CR004334,A004334,2025-10-06,EMP001793
ARR003443,CR004336,A004336,2025-03-05,EMP001417
ARR003444,CR004337,A004337,2024-10-19,EMP003289
ARR003445,CR004338,A004338,2025-01-02,EMP009668
ARR003446,CR004341,A004341,2026-02-02,EMP008794
ARR003447,CR004342,A004342,2025-04-06,EMP006393
ARR003448,CR004343,A004343,2026-06-26,EMP002316
ARR003449,CR004344,A004344,2025-11-25,EMP006667
ARR003450,CR004345,A004345,2025-03-06,EMP008674
ARR003451,CR004346,A004346,2025-06-28,EMP009973
ARR003452,CR004347,A004347,2025-08-18,EMP005620
ARR003453,CR004348,A004348,2025-05-16,EMP007688
ARR003454,CR004349,A004349,2024-08-13,EMP004674
ARR003455,CR004350,A004350,2026-06-15,EMP007217
ARR003456,CR004352,A004352,2026-01-07,EMP002974
ARR003457,CR004353,A004353,2025-10-03,EMP006700
ARR003458,CR004354,A004354,2025-01-01,EMP008681
ARR003459,CR004355,A004355,2025-09-07,EMP003304
ARR003460,CR004356,A004356,2025-04-30,EMP006254
ARR003461,CR004357,A004357,2026-01-04,EMP006735
ARR003462,CR004359,A004359,2025-10-17,EMP007757
ARR003463,CR004360,A004360,2024-11-11,EMP003289
ARR003464,CR004361,A004361,2025-05-21,EMP000892
ARR003465,CR004362,A004362,2025-04-13,EMP001586
ARR003466,CR004363,A004363,2025-12-07,EMP006363
ARR003467,CR004364,A004364,2024-09-26,EMP001833
ARR003468,CR004365,A004365,2026-03-12,EMP004643
ARR003469,CR004366,A004366,2025-12-03,EMP006368
ARR003470,CR004367,A004367,2025-07-14,EMP003035
ARR003471,CR004370,A004370,2025-05-18,EMP004527
ARR003472,CR004371,A004371,2024-12-20,EMP001190
ARR003473,CR004372,A004372,2025-06-13,EMP003320
ARR003474,CR004373,A004373,2025-06-03,EMP004021
ARR003475,CR004374,A004374,2025-10-07,EMP003310
ARR003476,CR004376,A004376,2024-10-04,EMP008513
ARR003477,CR004377,A004377,2024-09-18,EMP006313
ARR003478,CR004378,A004378,2024-10-15,EMP004618
ARR003479,CR004380,A004380,2025-11-27,EMP006307
ARR003480,CR004381,A004381,2026-07-13,EMP005449
ARR003481,CR004382,A004382,2026-01-03,EMP006467
ARR003482,CR004383,A004383,2025-09-08,EMP005596
ARR003483,CR004384,A004384,2025-09-13,EMP008089
ARR003484,CR004386,A004386,2025-12-13,EMP002926
ARR003485,CR004387,A004387,2025-10-30,EMP004150
ARR003486,CR004388,A004388,2026-06-14,EMP006503
ARR003487,CR004389,A004389,2025-12-10,EMP003842
ARR003488,CR004390,A004390,2025-12-10,EMP003263
ARR003489,CR004391,A004391,2025-01-29,EMP003551
ARR003490,CR004392,A004392,2025-04-20,EMP003874
ARR003491,CR004393,A004393,2026-05-27,EMP005262
ARR003492,CR004394,A004394,2024-10-19,EMP000067
ARR003493,CR004395,A004395,2024-07-25,EMP006436
ARR003494,CR004396,A004396,2024-12-31,EMP007639
ARR003495,CR004397,A004397,2026-04-17,EMP006624
ARR003496,CR004398,A004398,2024-12-07,EMP006137
ARR003497,CR004400,A004400,2026-01-06,EMP005174
ARR003498,CR004401,A004401,2025-01-21,EMP006207
ARR003499,CR004402,A004402,2024-08-23,EMP005207
ARR003500,CR004403,A004403,2025-12-31,EMP009374
ARR003501,CR004405,A004405,2026-01-27,EMP003272
ARR003502,CR004406,A004406,2026-07-16,EMP006370
ARR003503,CR004407,A004407,2024-12-16,EMP008218
ARR003504,CR004409,A004409,2024-11-08,EMP003264
ARR003505,CR004410,A004410,2025-07-05,EMP005647
ARR003506,CR004411,A004411,2026-07-09,EMP001443
ARR003507,CR004412,A004412,2025-05-17,EMP003314
ARR003508,CR004414,A004414,2025-05-29,EMP008982
ARR003509,CR004415,A004415,2025-07-27,EMP008638
ARR003510,CR004416,A004416,2026-01-20,EMP009930
ARR003511,CR004417,A004417,2026-03-27,EMP004537
ARR003512,CR004418,A004418,2025-08-18,EMP001197
ARR003513,CR004419,A004419,2025-06-06,EMP003274
ARR003514,CR004420,A004420,2024-09-06,EMP001491
ARR003515,CR004421,A004421,2026-02-06,EMP009506
ARR003516,CR004422,A004422,2026-06-06,EMP003050
ARR003517,CR004423,A004423,2026-03-15,EMP004840
ARR003518,CR004425,A004425,2025-12-18,EMP006186
ARR003519,CR004428,A004428,2026-04-13,EMP003340
ARR003520,CR004429,A004429,2024-08-28,EMP003269
ARR003521,CR004430,A004430,2025-03-26,EMP006120
ARR003522,CR004432,A004432,2026-07-13,EMP008337
ARR003523,CR004433,A004433,2025-07-31,EMP001623
ARR003524,CR004434,A004434,2026-06-04,EMP007428
ARR003525,CR004435,A004435,2024-10-06,EMP003326
ARR003526,CR004436,A004436,2025-01-04,EMP006671
ARR003527,CR004438,A004438,2024-09-20,EMP003518
ARR003528,CR004439,A004439,2025-04-19,EMP003344
ARR003529,CR004440,A004440,2024-10-07,EMP001893
ARR003530,CR004441,A004441,2026-01-21,EMP003283
ARR003531,CR004442,A004442,2025-10-19,EMP008171
ARR003532,CR004444,A004444,2025-06-22,EMP008062
ARR003533,CR004446,A004446,2025-02-17,EMP003401
ARR003534,CR004448,A004448,2024-12-25,EMP006867
ARR003535,CR004449,A004449,2025-05-02,EMP008589
ARR003536,CR004450,A004450,2026-02-06,EMP005569
ARR003537,CR004451,A004451,2025-10-13,EMP004910
ARR003538,CR004452,A004452,2025-11-08,EMP003328
ARR003539,CR004453,A004453,2025-10-02,EMP004712
ARR003540,CR004455,A004455,2024-12-11,EMP000392
ARR003541,CR004457,A004457,2025-04-14,EMP006190
ARR003542,CR004459,A004459,2025-05-22,EMP009357
ARR003543,CR004460,A004460,2026-04-13,EMP006533
ARR003544,CR004461,A004461,2025-12-18,EMP004072
ARR003545,CR004462,A004462,2025-05-01,EMP007146
ARR003546,CR004463,A004463,2025-06-18,EMP005262
ARR003547,CR004464,A004464,2025-07-26,EMP001490
ARR003548,CR004465,A004465,2025-07-01,EMP003312
ARR003549,CR004466,A004466,2025-10-15,EMP006178
ARR003550,CR004467,A004467,2025-12-02,EMP000821
ARR003551,CR004471,A004471,2024-11-22,EMP000484
ARR003552,CR004472,A004472,2025-03-06,EMP003296
ARR003553,CR004473,A004473,2025-05-03,EMP006686
ARR003554,CR004474,A004474,2026-06-02,EMP009215
ARR003555,CR004476,A004476,2026-03-22,EMP000892
ARR003556,CR004478,A004478,2024-09-01,EMP003359
ARR003557,CR004479,A004479,2025-10-29,EMP009446
ARR003558,CR004480,A004480,2024-10-01,EMP000782
ARR003559,CR004481,A004481,2025-04-02,EMP006669
ARR003560,CR004482,A004482,2026-03-27,EMP006901
ARR003561,CR004483,A004483,2025-10-20,EMP008190
ARR003562,CR004484,A004484,2026-04-29,EMP008550
ARR003563,CR004486,A004486,2026-07-24,EMP006240
ARR003564,CR004487,A004487,2025-09-09,EMP006232
ARR003565,CR004488,A004488,2024-10-06,EMP008024
ARR003566,CR004489,A004489,2024-09-10,EMP007311
ARR003567,CR004490,A004490,2024-09-11,EMP002537
ARR003568,CR004491,A004491,2025-12-08,EMP003260
ARR003569,CR004492,A004492,2025-04-03,EMP008690
ARR003570,CR004493,A004493,2025-09-02,EMP001764
ARR003571,CR004494,A004494,2026-07-22,EMP001092
ARR003572,CR004496,A004496,2026-04-04,EMP008152
ARR003573,CR004497,A004497,2026-07-12,EMP009896
ARR003574,CR004498,A004498,2026-07-19,EMP008673
ARR003575,CR004499,A004499,2026-03-22,EMP004699
ARR003576,CR004500,A004500,2025-02-02,EMP009192
ARR003577,CR004501,A004501,2026-06-03,EMP010006
ARR003578,CR004504,A004504,2024-10-13,EMP007709
ARR003579,CR004505,A004505,2025-08-30,EMP006127
ARR003580,CR004506,A004506,2024-09-03,EMP008534
ARR003581,CR004507,A004507,2025-04-20,EMP003372
ARR003582,CR004508,A004508,2025-12-13,EMP007986
ARR003583,CR004509,A004509,2024-11-01,EMP007217
ARR003584,CR004510,A004510,2026-03-02,EMP006526
ARR003585,CR004511,A004511,2025-03-14,EMP007439
ARR003586,CR004512,A004512,2024-10-23,EMP006270
ARR003587,CR004513,A004513,2026-04-26,EMP009416
ARR003588,CR004514,A004514,2026-05-30,EMP000256
ARR003589,CR004515,A004515,2025-11-10,EMP004887
ARR003590,CR004516,A004516,2025-05-24,EMP007340
ARR003591,CR004517,A004517,2024-11-06,EMP007878
ARR003592,CR004518,A004518,2025-01-19,EMP010051
ARR003593,CR004519,A004519,2026-03-29,EMP004796
ARR003594,CR004522,A004522,2026-03-10,EMP008622
ARR003595,CR004524,A004524,2024-08-11,EMP003306
ARR003596,CR004525,A004525,2024-12-16,EMP004663
ARR003597,CR004527,A004527,2025-06-21,EMP007916
ARR003598,CR004528,A004528,2025-11-07,EMP004592
ARR003599,CR004529,A004529,2025-07-16,EMP004564
ARR003600,CR004530,A004530,2025-05-09,EMP008218
ARR003601,CR004531,A004531,2024-12-07,EMP004667
ARR003602,CR004532,A004532,2026-06-12,EMP002632
ARR003603,CR004533,A004533,2024-09-01,EMP001263
ARR003604,CR004534,A004534,2026-05-25,EMP001523
ARR003605,CR004535,A004535,2025-03-06,EMP004744
ARR003606,CR004537,A004537,2026-05-26,EMP008564
ARR003607,CR004538,A004538,2024-09-04,EMP005902
ARR003608,CR004539,A004539,2026-02-18,EMP006662
ARR003609,CR004540,A004540,2026-05-01,EMP004699
ARR003610,CR004541,A004541,2026-05-24,EMP000587
ARR003611,CR004542,A004542,2026-07-20,EMP002634
ARR003612,CR004543,A004543,2024-10-19,EMP000303
ARR003613,CR004544,A004544,2025-07-21,EMP004652
ARR003614,CR004545,A004545,2026-03-28,EMP003894
ARR003615,CR004546,A004546,2025-01-01,EMP006770
ARR003616,CR004547,A004547,2024-08-04,EMP002252
ARR003617,CR004549,A004549,2025-09-27,EMP009368
ARR003618,CR004550,A004550,2025-05-04,EMP005637
ARR003619,CR004551,A004551,2024-12-21,EMP009819
ARR003620,CR004552,A004552,2026-04-10,EMP007487
ARR003621,CR004553,A004553,2026-07-18,EMP004642
ARR003622,CR004556,A004556,2026-01-16,EMP006112
ARR003623,CR004557,A004557,2025-08-19,EMP004908
ARR003624,CR004558,A004558,2026-04-01,EMP003623
ARR003625,CR004559,A004559,2024-08-13,EMP005886
ARR003626,CR004560,A004560,2024-12-17,EMP003912
ARR003627,CR004562,A004562,2025-06-02,EMP003298
ARR003628,CR004563,A004563,2025-02-03,EMP001235
ARR003629,CR004565,A004565,2026-03-19,EMP003305
ARR003630,CR004566,A004566,2026-01-08,EMP004756
ARR003631,CR004567,A004567,2025-10-21,EMP000338
ARR003632,CR004568,A004568,2025-12-25,EMP007217
ARR003633,CR004569,A004569,2024-09-04,EMP004903
ARR003634,CR004570,A004570,2026-03-29,EMP008764
ARR003635,CR004571,A004571,2025-12-18,EMP001221
ARR003636,CR004572,A004572,2025-06-09,EMP003303
ARR003637,CR004574,A004574,2024-11-20,EMP001266
ARR003638,CR004576,A004576,2025-07-02,EMP003316
ARR003639,CR004578,A004578,2026-07-12,EMP005509
ARR003640,CR004579,A004579,2025-12-07,EMP001431
ARR003641,CR004580,A004580,2025-08-11,EMP003357
ARR003642,CR004581,A004581,2025-10-07,EMP004521
ARR003643,CR004582,A004582,2026-07-24,EMP007752
ARR003644,CR004583,A004583,2025-08-19,EMP003315
ARR003645,CR004584,A004584,2026-07-12,EMP001009
ARR003646,CR004585,A004585,2026-04-27,EMP001054
ARR003647,CR004586,A004586,2026-06-26,EMP003259
ARR003648,CR004587,A004587,2025-01-13,EMP005710
ARR003649,CR004588,A004588,2025-05-02,EMP000934
ARR003650,CR004589,A004589,2025-02-25,EMP003385
ARR003651,CR004590,A004590,2024-10-09,EMP003268
ARR003652,CR004591,A004591,2024-11-02,EMP007701
ARR003653,CR004593,A004593,2024-08-28,EMP007331
ARR003654,CR004594,A004594,2026-07-12,EMP007931
ARR003655,CR004595,A004595,2025-03-05,EMP008642
ARR003656,CR004596,A004596,2025-06-27,EMP005247
ARR003657,CR004598,A004598,2025-04-22,EMP010022
ARR003658,CR004599,A004599,2026-04-29,EMP008176
ARR003659,CR004600,A004600,2024-10-22,EMP004353
ARR003660,CR004602,A004602,2024-07-09,EMP007508
ARR003661,CR004603,A004603,2025-03-09,EMP006118
ARR003662,CR004604,A004604,2025-02-04,EMP006286
ARR003663,CR004607,A004607,2026-01-16,EMP008656
ARR003664,CR004608,A004608,2025-09-22,EMP003295
ARR003665,CR004610,A004610,2025-03-12,EMP000889
ARR003666,CR004611,A004611,2025-03-03,EMP004679
ARR003667,CR004612,A004612,2025-11-12,EMP005071
ARR003668,CR004614,A004614,2025-05-15,EMP008330
ARR003669,CR004615,A004615,2025-05-06,EMP009326
ARR003670,CR004616,A004616,2026-04-26,EMP004374
ARR003671,CR004617,A004617,2025-04-13,EMP008531
ARR003672,CR004618,A004618,2025-09-21,EMP007588
ARR003673,CR004620,A004620,2025-01-23,EMP006420
ARR003674,CR004623,A004623,2024-07-17,EMP004748
ARR003675,CR004625,A004625,2025-01-18,EMP001367
ARR003676,CR004627,A004627,2025-07-29,EMP005182
ARR003677,CR004628,A004628,2025-05-16,EMP003270
ARR003678,CR004630,A004630,2025-03-18,EMP008448
ARR003679,CR004631,A004631,2026-03-26,EMP003309
ARR003680,CR004633,A004633,2025-06-15,EMP002566
ARR003681,CR004635,A004635,2024-10-18,EMP003372
ARR003682,CR004636,A004636,2026-06-18,EMP004892
ARR003683,CR004637,A004637,2026-01-09,EMP001222
ARR003684,CR004638,A004638,2025-12-16,EMP005858
ARR003685,CR004639,A004639,2025-08-07,EMP001623
ARR003686,CR004640,A004640,2025-09-07,EMP007210
ARR003687,CR004641,A004641,2025-09-11,EMP005092
ARR003688,CR004642,A004642,2025-04-28,EMP009788
ARR003689,CR004643,A004643,2025-12-26,EMP005240
ARR003690,CR004644,A004644,2024-10-13,EMP005526
ARR003691,CR004645,A004645,2024-12-17,EMP009280
ARR003692,CR004646,A004646,2026-07-05,EMP004745
ARR003693,CR004647,A004647,2025-10-02,EMP009196
ARR003694,CR004648,A004648,2025-03-19,EMP005421
ARR003695,CR004649,A004649,2026-02-22,EMP008456
ARR003696,CR004650,A004650,2026-04-19,EMP000607
ARR003697,CR004652,A004652,2024-09-03,EMP004021
ARR003698,CR004653,A004653,2025-12-25,EMP007154
ARR003699,CR004654,A004654,2026-03-14,EMP005552
ARR003700,CR004655,A004655,2025-03-21,EMP008977
ARR003701,CR004656,A004656,2025-12-28,EMP003267
ARR003702,CR004658,A004658,2025-08-18,EMP001923
ARR003703,CR004659,A004659,2024-11-11,EMP005155
ARR003704,CR004660,A004660,2026-02-01,EMP004807
ARR003705,CR004661,A004661,2024-09-09,EMP005759
ARR003706,CR004662,A004662,2026-04-11,EMP001452
ARR003707,CR004663,A004663,2025-11-25,EMP000618
ARR003708,CR004664,A004664,2026-01-18,EMP007819
ARR003709,CR004665,A004665,2025-04-15,EMP001710
ARR003710,CR004666,A004666,2025-08-29,EMP006035
ARR003711,CR004667,A004667,2025-12-14,EMP006366
ARR003712,CR004669,A004669,2025-01-31,EMP003282
ARR003713,CR004671,A004671,2024-11-02,EMP001501
ARR003714,CR004672,A004672,2025-06-27,EMP003281
ARR003715,CR004674,A004674,2026-02-27,EMP008729
ARR003716,CR004675,A004675,2024-11-12,EMP004752
ARR003717,CR004678,A004678,2025-02-09,EMP009521
ARR003718,CR004679,A004679,2025-04-04,EMP006027
ARR003719,CR004680,A004680,2024-12-04,EMP000837
ARR003720,CR004684,A004684,2025-05-16,EMP009198
ARR003721,CR004686,A004686,2026-05-29,EMP005013
ARR003722,CR004687,A004687,2024-11-17,EMP005986
ARR003723,CR004688,A004688,2025-03-07,EMP000885
ARR003724,CR004690,A004690,2026-04-30,EMP001526
ARR003725,CR004692,A004692,2025-04-06,EMP003287
ARR003726,CR004694,A004694,2025-12-10,EMP000889
ARR003727,CR004695,A004695,2024-09-09,EMP005332
ARR003728,CR004697,A004697,2024-09-28,EMP003577
ARR003729,CR004698,A004698,2026-02-09,EMP005510
ARR003730,CR004699,A004699,2025-02-11,EMP005071
ARR003731,CR004700,A004700,2024-09-26,EMP002882
ARR003732,CR004701,A004701,2026-03-30,EMP006435
ARR003733,CR004702,A004702,2025-08-05,EMP009975
ARR003734,CR004704,A004704,2026-05-11,EMP004696
ARR003735,CR004705,A004705,2025-07-31,EMP003283
ARR003736,CR004706,A004706,2025-12-14,EMP001544
ARR003737,CR004707,A004707,2025-10-14,EMP004899
ARR003738,CR004708,A004708,2026-01-04,EMP000361
ARR003739,CR004709,A004709,2025-04-07,EMP008412
ARR003740,CR004710,A004710,2024-09-14,EMP000249
ARR003741,CR004711,A004711,2025-05-06,EMP006452
ARR003742,CR004712,A004712,2026-02-14,EMP007998
ARR003743,CR004713,A004713,2026-03-24,EMP005750
ARR003744,CR004714,A004714,2026-01-31,EMP005021
ARR003745,CR004715,A004715,2025-04-07,EMP009574
ARR003746,CR004716,A004716,2026-01-30,EMP008839
ARR003747,CR004717,A004717,2026-02-27,EMP006310
ARR003748,CR004719,A004719,2025-04-30,EMP003292
ARR003749,CR004720,A004720,2025-01-21,EMP006333
ARR003750,CR004723,A004723,2024-11-14,EMP006647
ARR003751,CR004724,A004724,2025-01-23,EMP000886
ARR003752,CR004725,A004725,2024-12-07,EMP006710
ARR003753,CR004726,A004726,2025-05-02,EMP000011
ARR003754,CR004727,A004727,2026-05-20,EMP003626
ARR003755,CR004728,A004728,2024-09-11,EMP006997
ARR003756,CR004730,A004730,2025-02-06,EMP003256
ARR003757,CR004731,A004731,2025-07-04,EMP006501
ARR003758,CR004732,A004732,2024-12-13,EMP003300
ARR003759,CR004733,A004733,2026-07-24,EMP009702
ARR003760,CR004734,A004734,2026-03-26,EMP009980
ARR003761,CR004735,A004735,2026-05-26,EMP001421
ARR003762,CR004736,A004736,2024-08-05,EMP001170
ARR003763,CR004737,A004737,2025-08-04,EMP006669
ARR003764,CR004738,A004738,2026-03-07,EMP005165
ARR003765,CR004740,A004740,2025-06-20,EMP003285
ARR003766,CR004741,A004741,2024-09-28,EMP006137
ARR003767,CR004742,A004742,2025-11-15,EMP009557
ARR003768,CR004743,A004743,2026-04-28,EMP006268
ARR003769,CR004744,A004744,2026-01-17,EMP007139
ARR003770,CR004745,A004745,2026-04-21,EMP003270
ARR003771,CR004746,A004746,2024-09-03,EMP009255
ARR003772,CR004747,A004747,2025-07-15,EMP008339
ARR003773,CR004749,A004749,2026-01-31,EMP003295
ARR003774,CR004750,A004750,2025-12-21,EMP004778
ARR003775,CR004751,A004751,2025-09-20,EMP007341
ARR003776,CR004752,A004752,2025-01-21,EMP003279
ARR003777,CR004753,A004753,2025-12-10,EMP008891
ARR003778,CR004754,A004754,2024-11-19,EMP003017
ARR003779,CR004755,A004755,2026-03-12,EMP008841
ARR003780,CR004756,A004756,2024-09-21,EMP005604
ARR003781,CR004758,A004758,2025-10-03,EMP008162
ARR003782,CR004759,A004759,2024-12-07,EMP005079
ARR003783,CR004760,A004760,2024-11-03,EMP005025
ARR003784,CR004761,A004761,2025-07-01,EMP008164
ARR003785,CR004762,A004762,2025-06-26,EMP008616
ARR003786,CR004763,A004763,2026-04-08,EMP004904
ARR003787,CR004764,A004764,2026-03-10,EMP000891
ARR003788,CR004765,A004765,2025-06-12,EMP005816
ARR003789,CR004766,A004766,2026-01-10,EMP008129
ARR003790,CR004767,A004767,2025-02-28,EMP008705
ARR003791,CR004768,A004768,2025-11-08,EMP006060
ARR003792,CR004769,A004769,2026-04-10,EMP006126
ARR003793,CR004770,A004770,2026-01-11,EMP003267
ARR003794,CR004771,A004771,2025-05-01,EMP005007
ARR003795,CR004772,A004772,2026-03-03,EMP005034
ARR003796,CR004774,A004774,2024-10-06,EMP004911
ARR003797,CR004775,A004775,2026-01-28,EMP003534
ARR003798,CR004778,A004778,2024-11-07,EMP008005
ARR003799,CR004779,A004779,2024-08-09,EMP004943
ARR003800,CR004780,A004780,2024-11-19,EMP001567
ARR003801,CR004781,A004781,2025-08-30,EMP006122
ARR003802,CR004783,A004783,2026-07-10,EMP001148
ARR003803,CR004784,A004784,2024-08-22,EMP008030
ARR003804,CR004785,A004785,2024-12-04,EMP008807
ARR003805,CR004786,A004786,2026-02-16,EMP005774
ARR003806,CR004787,A004787,2026-01-18,EMP008946
ARR003807,CR004788,A004788,2025-09-19,EMP005104
ARR003808,CR004789,A004789,2026-03-07,EMP002566
ARR003809,CR004790,A004790,2026-05-24,EMP007212
ARR003810,CR004791,A004791,2025-09-26,EMP001649
ARR003811,CR004792,A004792,2024-10-28,EMP008123
ARR003812,CR004793,A004793,2025-09-17,EMP008610
ARR003813,CR004794,A004794,2026-02-06,EMP008658
ARR003814,CR004795,A004795,2025-03-23,EMP009379
ARR003815,CR004796,A004796,2026-04-22,EMP009470
ARR003816,CR004797,A004797,2026-04-29,EMP003327
ARR003817,CR004798,A004798,2026-07-02,EMP003282
ARR003818,CR004799,A004799,2026-04-04,EMP004825
ARR003819,CR004800,A004800,2025-06-02,EMP000942
ARR003820,CR004801,A004801,2024-09-18,EMP005491
ARR003821,CR004802,A004802,2024-11-24,EMP003872
ARR003822,CR004803,A004803,2025-09-06,EMP009823
ARR003823,CR004805,A004805,2024-09-02,EMP006646
ARR003824,CR004806,A004806,2025-08-18,EMP008041
ARR003825,CR004807,A004807,2024-11-27,EMP002888
ARR003826,CR004808,A004808,2026-04-30,EMP007701
ARR003827,CR004809,A004809,2026-04-03,EMP010002
ARR003828,CR004810,A004810,2026-01-24,EMP003270
ARR003829,CR004811,A004811,2026-06-07,EMP000884
ARR003830,CR004812,A004812,2024-09-02,EMP006241
ARR003831,CR004813,A004813,2024-09-29,EMP005398
ARR003832,CR004814,A004814,2024-11-13,EMP007217
ARR003833,CR004815,A004815,2025-09-03,EMP003286
ARR003834,CR004816,A004816,2025-11-19,EMP004082
ARR003835,CR004817,A004817,2026-04-30,EMP000325
ARR003836,CR004818,A004818,2025-01-02,EMP009625
ARR003837,CR004821,A004821,2025-01-26,EMP001277
ARR003838,CR004823,A004823,2024-10-23,EMP000107
ARR003839,CR004825,A004825,2024-08-20,EMP005426
ARR003840,CR004826,A004826,2026-05-05,EMP000656
ARR003841,CR004827,A004827,2025-03-16,EMP007304
ARR003842,CR004828,A004828,2026-03-26,EMP000980
ARR003843,CR004829,A004829,2024-08-30,EMP001311
ARR003844,CR004830,A004830,2025-11-06,EMP006985
ARR003845,CR004831,A004831,2024-08-13,EMP009355
ARR003846,CR004832,A004832,2026-06-17,EMP004378
ARR003847,CR004833,A004833,2025-03-22,EMP006237
ARR003848,CR004834,A004834,2026-01-16,EMP006235
ARR003849,CR004835,A004835,2025-01-09,EMP005526
ARR003850,CR004836,A004836,2024-12-14,EMP003263
ARR003851,CR004838,A004838,2024-08-04,EMP001626
ARR003852,CR004839,A004839,2024-10-07,EMP009408
ARR003853,CR004841,A004841,2025-11-06,EMP008897
ARR003854,CR004842,A004842,2026-03-24,EMP003303
ARR003855,CR004843,A004843,2024-11-12,EMP003414
ARR003856,CR004844,A004844,2024-08-27,EMP008615
ARR003857,CR004845,A004845,2026-06-06,EMP005751
ARR003858,CR004846,A004846,2025-05-07,EMP009171
ARR003859,CR004847,A004847,2026-05-04,EMP007979
ARR003860,CR004849,A004849,2026-01-08,EMP001006
ARR003861,CR004850,A004850,2024-11-26,EMP009893
ARR003862,CR004851,A004851,2025-12-31,EMP009189
ARR003863,CR004852,A004852,2026-04-09,EMP000251
ARR003864,CR004853,A004853,2025-10-26,EMP006040
ARR003865,CR004854,A004854,2026-05-22,EMP009256
ARR003866,CR004855,A004855,2024-09-17,EMP003879
ARR003867,CR004856,A004856,2025-11-27,EMP005772
ARR003868,CR004857,A004857,2024-08-26,EMP004394
ARR003869,CR004859,A004859,2025-01-30,EMP006372
ARR003870,CR004860,A004860,2025-01-15,EMP003272
ARR003871,CR004861,A004861,2026-06-23,EMP003256
ARR003872,CR004862,A004862,2024-07-25,EMP008130
ARR003873,CR004863,A004863,2025-03-03,EMP007156
ARR003874,CR004864,A004864,2025-06-29,EMP004576
ARR003875,CR004865,A004865,2024-07-20,EMP008102
ARR003876,CR004866,A004866,2026-03-13,EMP008062
ARR003877,CR004868,A004868,2025-06-30,EMP003280
ARR003878,CR004869,A004869,2026-01-24,EMP005616
ARR003879,CR004870,A004870,2025-08-22,EMP004154
ARR003880,CR004871,A004871,2025-03-08,EMP004927
ARR003881,CR004873,A004873,2025-02-09,EMP006718
ARR003882,CR004876,A004876,2024-09-14,EMP006671
ARR003883,CR004877,A004877,2025-01-26,EMP003305
ARR003884,CR004878,A004878,2025-03-16,EMP007951
ARR003885,CR004879,A004879,2024-10-20,EMP006090
ARR003886,CR004881,A004881,2026-04-21,EMP001236
ARR003887,CR004882,A004882,2025-08-19,EMP006199
ARR003888,CR004883,A004883,2025-06-02,EMP003849
ARR003889,CR004884,A004884,2025-06-14,EMP002093
ARR003890,CR004885,A004885,2025-07-24,EMP000982
ARR003891,CR004886,A004886,2025-03-26,EMP001721
ARR003892,CR004887,A004887,2025-10-11,EMP007899
ARR003893,CR004888,A004888,2026-02-28,EMP004677
ARR003894,CR004889,A004889,2026-03-12,EMP001623
ARR003895,CR004890,A004890,2025-10-27,EMP006165
ARR003896,CR004892,A004892,2025-12-12,EMP009934
ARR003897,CR004893,A004893,2025-08-10,EMP008858
ARR003898,CR004894,A004894,2025-06-12,EMP003284
ARR003899,CR004897,A004897,2026-06-27,EMP003285
ARR003900,CR004898,A004898,2025-11-05,EMP002633
ARR003901,CR004899,A004899,2025-03-20,EMP006171
ARR003902,CR004901,A004901,2025-12-20,EMP008012
ARR003903,CR004902,A004902,2025-07-11,EMP006754
ARR003904,CR004904,A004904,2024-07-19,EMP000130
ARR003905,CR004905,A004905,2025-06-24,EMP006357
ARR003906,CR004906,A004906,2024-09-02,EMP008835
ARR003907,CR004907,A004907,2025-01-20,EMP003286
ARR003908,CR004908,A004908,2025-10-11,EMP007636
ARR003909,CR004909,A004909,2025-06-18,EMP003269
ARR003910,CR004910,A004910,2026-07-17,EMP009644
ARR003911,CR004911,A004911,2025-11-24,EMP009821
ARR003912,CR004912,A004912,2025-11-03,EMP008457
ARR003913,CR004913,A004913,2025-08-20,EMP000890
ARR003914,CR004914,A004914,2026-06-14,EMP003198
ARR003915,CR004915,A004915,2026-05-14,EMP001619
ARR003916,CR004916,A004916,2024-08-11,EMP007217
ARR003917,CR004917,A004917,2025-09-10,EMP006356
ARR003918,CR004918,A004918,2024-11-08,EMP009357
ARR003919,CR004919,A004919,2024-11-29,EMP001047
ARR003920,CR004920,A004920,2025-10-17,EMP007196
ARR003921,CR004922,A004922,2026-03-02,EMP000877
ARR003922,CR004923,A004923,2025-04-18,EMP006049
ARR003923,CR004924,A004924,2025-10-26,EMP007880
ARR003924,CR004926,A004926,2026-05-27,EMP004112
ARR003925,CR004928,A004928,2025-07-16,EMP009895
ARR003926,CR004929,A004929,2024-11-25,EMP003247
ARR003927,CR004930,A004930,2025-06-22,EMP007336
ARR003928,CR004931,A004931,2025-06-15,EMP007292
ARR003929,CR004932,A004932,2025-09-09,EMP004698
ARR003930,CR004933,A004933,2025-12-07,EMP005023
ARR003931,CR004935,A004935,2026-03-11,EMP000887
ARR003932,CR004937,A004937,2026-02-28,EMP008293
ARR003933,CR004938,A004938,2025-09-15,EMP004948
ARR003934,CR004939,A004939,2025-11-10,EMP006523
ARR003935,CR004941,A004941,2025-07-02,EMP009829
ARR003936,CR004942,A004942,2025-08-10,EMP008444
ARR003937,CR004944,A004944,2025-10-25,EMP005136
ARR003938,CR004945,A004945,2026-02-06,EMP007237
ARR003939,CR004947,A004947,2025-02-21,EMP001641
ARR003940,CR004948,A004948,2025-09-12,EMP004673
ARR003941,CR004949,A004949,2025-10-31,EMP008443
ARR003942,CR004952,A004952,2026-04-14,EMP006021
ARR003943,CR004953,A004953,2026-05-22,EMP006239
ARR003944,CR004954,A004954,2026-05-06,EMP004756
ARR003945,CR004955,A004955,2025-06-23,EMP003123
ARR003946,CR004957,A004957,2025-04-18,EMP001193
ARR003947,CR004958,A004958,2026-03-06,EMP006639
ARR003948,CR004959,A004959,2025-04-20,EMP008761
ARR003949,CR004960,A004960,2026-01-30,EMP004037
ARR003950,CR004961,A004961,2024-10-23,EMP010079
ARR003951,CR004962,A004962,2025-05-08,EMP003373
ARR003952,CR004964,A004964,2024-07-27,EMP007330
ARR003953,CR004965,A004965,2025-10-07,EMP004933
ARR003954,CR004966,A004966,2024-09-25,EMP003374
ARR003955,CR004967,A004967,2025-07-08,EMP008249
ARR003956,CR004968,A004968,2024-12-16,EMP005621
ARR003957,CR004969,A004969,2025-07-25,EMP005554
ARR003958,CR004972,A004972,2024-12-28,EMP003087
ARR003959,CR004973,A004973,2025-11-01,EMP007570
ARR003960,CR004974,A004974,2025-11-23,EMP005657
ARR003961,CR004975,A004975,2024-08-13,EMP003911
ARR003962,CR004976,A004976,2026-02-20,EMP004790
ARR003963,CR004977,A004977,2025-04-20,EMP003293
ARR003964,CR004980,A004980,2025-02-02,EMP002013
ARR003965,CR004981,A004981,2024-11-24,EMP001197
ARR003966,CR004982,A004982,2025-10-31,EMP003279
ARR003967,CR004983,A004983,2024-08-12,EMP000029
ARR003968,CR004985,A004985,2026-07-05,EMP008165
ARR003969,CR004987,A004987,2024-11-21,EMP009477
ARR003970,CR004989,A004989,2026-03-16,EMP002902
ARR003971,CR004990,A004990,2025-11-28,EMP008531
ARR003972,CR004991,A004991,2024-11-15,EMP004525
ARR003973,CR004992,A004992,2025-10-31,EMP003399
ARR003974,CR004994,A004994,2024-10-30,EMP006301
ARR003975,CR004995,A004995,2025-04-26,EMP000881
ARR003976,CR004996,A004996,2025-08-12,EMP000890
ARR003977,CR004997,A004997,2026-07-01,EMP004981
ARR003978,CR004998,A004998,2024-11-28,EMP007278
ARR003979,CR004999,A004999,2025-05-13,EMP000357
ARR003980,CR005001,A005001,2025-06-15,EMP006751
ARR003981,CR005003,A005003,2026-05-05,EMP007329
ARR003982,CR005005,A005005,2024-10-22,EMP000544
ARR003983,CR005006,A005006,2025-08-26,EMP002896
ARR003984,CR005007,A005007,2025-06-18,EMP002633
ARR003985,CR005008,A005008,2025-08-05,EMP008079
ARR003986,CR005009,A005009,2026-04-29,EMP006141
ARR003987,CR005010,A005010,2025-06-20,EMP008137
ARR003988,CR005011,A005011,2024-08-10,EMP008500
ARR003989,CR005012,A005012,2025-12-23,EMP008830
ARR003990,CR005013,A005013,2026-06-25,EMP007696
ARR003991,CR005015,A005015,2024-08-03,EMP001359
ARR003992,CR005017,A005017,2024-09-28,EMP006041
ARR003993,CR005018,A005018,2024-08-21,EMP009033
ARR003994,CR005019,A005019,2026-03-28,EMP004492
ARR003995,CR005020,A005020,2024-09-08,EMP008533
ARR003996,CR005021,A005021,2024-07-23,EMP002402
ARR003997,CR005023,A005023,2024-10-22,EMP004655
ARR003998,CR005024,A005024,2025-09-27,EMP007170
ARR003999,CR005026,A005026,2025-06-01,EMP009220
ARR004000,CR005028,A005028,2024-12-04,EMP009222
ARR004001,CR005029,A005029,2026-04-06,EMP005824
ARR004002,CR005030,A005030,2025-06-03,EMP006099
ARR004003,CR005031,A005031,2025-07-06,EMP008097
ARR004004,CR005032,A005032,2024-10-30,EMP007979
ARR004005,CR005033,A005033,2025-10-16,EMP009840
ARR004006,CR005034,A005034,2025-12-02,EMP005445
ARR004007,CR005035,A005035,2025-08-19,EMP003274
ARR004008,CR005036,A005036,2024-08-12,EMP003293
ARR004009,CR005037,A005037,2026-05-24,EMP006197
ARR004010,CR005038,A005038,2025-10-12,EMP009180
ARR004011,CR005039,A005039,2025-06-03,EMP008592
ARR004012,CR005040,A005040,2025-07-06,EMP003255
ARR004013,CR005041,A005041,2024-11-29,EMP001408
ARR004014,CR005042,A005042,2026-05-23,EMP001688
ARR004015,CR005043,A005043,2025-03-28,EMP003831
ARR004016,CR005045,A005045,2025-02-22,EMP007696
ARR004017,CR005046,A005046,2025-07-09,EMP008783
ARR004018,CR005047,A005047,2026-01-06,EMP007177
ARR004019,CR005048,A005048,2025-11-01,EMP001378
ARR004020,CR005049,A005049,2025-11-08,EMP009339
ARR004021,CR005050,A005050,2024-12-23,EMP003257
ARR004022,CR005051,A005051,2025-12-10,EMP001085
ARR004023,CR005052,A005052,2024-09-25,EMP007055
ARR004024,CR005054,A005054,2026-05-02,EMP003025
ARR004025,CR005055,A005055,2025-01-21,EMP006670
ARR004026,CR005058,A005058,2024-12-10,EMP003297
ARR004027,CR005059,A005059,2025-08-16,EMP005014
ARR004028,CR005060,A005060,2026-02-04,EMP003385
ARR004029,CR005061,A005061,2025-07-07,EMP009361
ARR004030,CR005063,A005063,2024-10-01,EMP004538
ARR004031,CR005064,A005064,2024-09-20,EMP001282
ARR004032,CR005065,A005065,2026-04-05,EMP007690
ARR004033,CR005066,A005066,2026-03-12,EMP009424
ARR004034,CR005067,A005067,2025-08-03,EMP003311
ARR004035,CR005068,A005068,2024-10-28,EMP006256
ARR004036,CR005070,A005070,2025-05-14,EMP006063
ARR004037,CR005071,A005071,2026-03-12,EMP008440
ARR004038,CR005073,A005073,2025-01-24,EMP001229
ARR004039,CR005074,A005074,2025-12-02,EMP004835
ARR004040,CR005075,A005075,2025-01-31,EMP006293
ARR004041,CR005076,A005076,2025-12-12,EMP009213
ARR004042,CR005077,A005077,2026-06-11,EMP005240
ARR004043,CR005078,A005078,2025-02-05,EMP001548
ARR004044,CR005079,A005079,2026-06-20,EMP007721
ARR004045,CR005081,A005081,2025-05-17,EMP003301
ARR004046,CR005082,A005082,2024-10-15,EMP009288
ARR004047,CR005083,A005083,2025-02-08,EMP003006
ARR004048,CR005084,A005084,2024-08-05,EMP004578
ARR004049,CR005085,A005085,2024-10-10,EMP009259
ARR004050,CR005087,A005087,2025-02-22,EMP004653
ARR004051,CR005088,A005088,2025-05-01,EMP009324
ARR004052,CR005089,A005089,2024-08-24,EMP003371
ARR004053,CR005090,A005090,2024-09-18,EMP003295
ARR004054,CR005091,A005091,2025-05-23,EMP007028
ARR004055,CR005092,A005092,2025-01-24,EMP001837
ARR004056,CR005093,A005093,2025-07-30,EMP004759
ARR004057,CR005094,A005094,2026-03-22,EMP004579
ARR004058,CR005095,A005095,2025-07-22,EMP005436
ARR004059,CR005096,A005096,2026-05-27,EMP006113
ARR004060,CR005097,A005097,2025-10-29,EMP003304
ARR004061,CR005098,A005098,2025-12-22,EMP006350
ARR004062,CR005099,A005099,2025-07-29,EMP006672
ARR004063,CR005100,A005100,2024-11-12,EMP001269
ARR004064,CR005101,A005101,2026-06-22,EMP008045
ARR004065,CR005102,A005102,2025-03-18,EMP004009
ARR004066,CR005103,A005103,2024-12-22,EMP006909
ARR004067,CR005104,A005104,2025-11-27,EMP001641
ARR004068,CR005105,A005105,2026-06-20,EMP006625
ARR004069,CR005106,A005106,2025-12-22,EMP000663
ARR004070,CR005107,A005107,2025-05-29,EMP002332
ARR004071,CR005108,A005108,2025-01-23,EMP007872
ARR004072,CR005109,A005109,2025-03-20,EMP008294
ARR004073,CR005110,A005110,2024-12-22,EMP002128
ARR004074,CR005111,A005111,2025-09-28,EMP007705
ARR004075,CR005113,A005113,2024-08-31,EMP004867
ARR004076,CR005114,A005114,2024-11-10,EMP007975
ARR004077,CR005115,A005115,2026-04-01,EMP005115
ARR004078,CR005116,A005116,2024-09-23,EMP006690
ARR004079,CR005117,A005117,2024-11-06,EMP006320
ARR004080,CR005118,A005118,2024-08-02,EMP008650
ARR004081,CR005120,A005120,2026-04-30,EMP010058
ARR004082,CR005121,A005121,2024-10-26,EMP009835
ARR004083,CR005122,A005122,2026-05-06,EMP008717
ARR004084,CR005123,A005123,2025-05-30,EMP009424
ARR004085,CR005124,A005124,2025-07-30,EMP008621
ARR004086,CR005125,A005125,2025-09-17,EMP006753
ARR004087,CR005127,A005127,2025-04-30,EMP003297
ARR004088,CR005128,A005128,2025-12-02,EMP009994
ARR004089,CR005129,A005129,2025-11-17,EMP002370
ARR004090,CR005130,A005130,2025-03-26,EMP000602
ARR004091,CR005131,A005131,2025-05-09,EMP003307
ARR004092,CR005133,A005133,2026-03-07,EMP003368
ARR004093,CR005134,A005134,2025-09-15,EMP003310
ARR004094,CR005135,A005135,2025-03-29,EMP009176
ARR004095,CR005136,A005136,2024-08-30,EMP008586
ARR004096,CR005137,A005137,2026-06-13,EMP004667
ARR004097,CR005138,A005138,2025-02-07,EMP001056
ARR004098,CR005139,A005139,2026-06-01,EMP004592
ARR004099,CR005140,A005140,2026-07-10,EMP004661
ARR004100,CR005141,A005141,2025-10-31,EMP009160
ARR004101,CR005143,A005143,2025-01-25,EMP003858
ARR004102,CR005144,A005144,2026-07-28,EMP006553
ARR004103,CR005145,A005145,2024-09-18,EMP004016
ARR004104,CR005146,A005146,2024-11-17,EMP004887
ARR004105,CR005147,A005147,2025-06-01,EMP007208
ARR004106,CR005148,A005148,2024-11-09,EMP008873
ARR004107,CR005149,A005149,2026-01-15,EMP004008
ARR004108,CR005150,A005150,2024-11-26,EMP003112
ARR004109,CR005151,A005151,2024-12-23,EMP003202
ARR004110,CR005152,A005152,2024-12-25,EMP003175
ARR004111,CR005153,A005153,2025-12-20,EMP003263
ARR004112,CR005156,A005156,2025-06-24,EMP003313
ARR004113,CR005157,A005157,2025-09-19,EMP007281
ARR004114,CR005158,A005158,2025-05-23,EMP007750
ARR004115,CR005159,A005159,2026-01-05,EMP005751
ARR004116,CR005160,A005160,2024-08-18,EMP000900
ARR004117,CR005161,A005161,2025-07-08,EMP006352
ARR004118,CR005162,A005162,2025-09-23,EMP000097
ARR004119,CR005164,A005164,2026-03-17,EMP008030
ARR004120,CR005165,A005165,2025-11-14,EMP003269
ARR004121,CR005166,A005166,2024-12-27,EMP009974
ARR004122,CR005167,A005167,2025-03-29,EMP007853
ARR004123,CR005168,A005168,2025-06-06,EMP006869
ARR004124,CR005169,A005169,2026-04-26,EMP008503
ARR004125,CR005170,A005170,2024-11-19,EMP003312
ARR004126,CR005171,A005171,2025-02-13,EMP000892
ARR004127,CR005172,A005172,2025-12-19,EMP001336
ARR004128,CR005173,A005173,2024-12-28,EMP004837
ARR004129,CR005174,A005174,2026-03-05,EMP004340
ARR004130,CR005175,A005175,2024-12-23,EMP002122
ARR004131,CR005176,A005176,2025-06-03,EMP004622
ARR004132,CR005178,A005178,2026-01-21,EMP010051
ARR004133,CR005179,A005179,2024-07-26,EMP003305
ARR004134,CR005180,A005180,2026-03-05,EMP008615
ARR004135,CR005181,A005181,2026-06-25,EMP005531
ARR004136,CR005182,A005182,2026-07-01,EMP003308
ARR004137,CR005183,A005183,2025-04-30,EMP000783
ARR004138,CR005184,A005184,2024-08-19,EMP005043
ARR004139,CR005185,A005185,2024-12-01,EMP005891
ARR004140,CR005186,A005186,2025-12-20,EMP005431
ARR004141,CR005187,A005187,2025-12-13,EMP004882
ARR004142,CR005188,A005188,2026-05-22,EMP002308
ARR004143,CR005189,A005189,2025-07-09,EMP001512
ARR004144,CR005190,A005190,2025-03-22,EMP007118
ARR004145,CR005191,A005191,2024-09-15,EMP008343
ARR004146,CR005192,A005192,2024-11-21,EMP003343
ARR004147,CR005193,A005193,2026-07-08,EMP008240
ARR004148,CR005194,A005194,2026-01-02,EMP001660
ARR004149,CR005195,A005195,2025-11-13,EMP010026
ARR004150,CR005196,A005196,2025-10-31,EMP008793
ARR004151,CR005197,A005197,2025-02-22,EMP001668
ARR004152,CR005200,A005200,2025-07-07,EMP010076
ARR004153,CR005201,A005201,2025-10-06,EMP009193
ARR004154,CR005202,A005202,2025-04-13,EMP003331
ARR004155,CR005203,A005203,2025-09-19,EMP004981
ARR004156,CR005204,A005204,2025-04-26,EMP003270
ARR004157,CR005205,A005205,2026-06-03,EMP001702
ARR004158,CR005206,A005206,2025-07-16,EMP009497
ARR004159,CR005207,A005207,2025-07-14,EMP006052
ARR004160,CR005208,A005208,2026-01-03,EMP006733
ARR004161,CR005211,A005211,2026-01-06,EMP005213
ARR004162,CR005212,A005212,2026-03-12,EMP006063
ARR004163,CR005213,A005213,2026-01-04,EMP009195
ARR004164,CR005215,A005215,2025-05-07,EMP003299
ARR004165,CR005217,A005217,2025-03-18,EMP000559
ARR004166,CR005219,A005219,2025-09-01,EMP000097
ARR004167,CR005220,A005220,2025-10-27,EMP007013
ARR004168,CR005221,A005221,2024-11-03,EMP003259
ARR004169,CR005223,A005223,2025-03-04,EMP008179
ARR004170,CR005224,A005224,2024-11-24,EMP006439
ARR004171,CR005226,A005226,2026-04-30,EMP007864
ARR004172,CR005227,A005227,2024-10-04,EMP005502
ARR004173,CR005228,A005228,2026-05-22,EMP005197
ARR004174,CR005229,A005229,2025-03-16,EMP003257
ARR004175,CR005231,A005231,2025-10-04,EMP003370
ARR004176,CR005234,A005234,2026-01-23,EMP000867
ARR004177,CR005235,A005235,2025-09-19,EMP006172
ARR004178,CR005236,A005236,2025-06-05,EMP001373
ARR004179,CR005237,A005237,2026-06-24,EMP009153
ARR004180,CR005238,A005238,2026-01-14,EMP008636
ARR004181,CR005239,A005239,2025-05-17,EMP003307
ARR004182,CR005240,A005240,2026-05-24,EMP006024
ARR004183,CR005241,A005241,2025-01-20,EMP009440
ARR004184,CR005242,A005242,2026-06-12,EMP007116
ARR004185,CR005243,A005243,2025-11-02,EMP008803
ARR004186,CR005244,A005244,2026-05-23,EMP006006
ARR004187,CR005245,A005245,2026-01-10,EMP004746
ARR004188,CR005246,A005246,2026-05-29,EMP001241
ARR004189,CR005247,A005247,2026-05-05,EMP007976
ARR004190,CR005248,A005248,2025-11-15,EMP005123
ARR004191,CR005249,A005249,2025-09-10,EMP004619
ARR004192,CR005250,A005250,2025-04-29,EMP000816
ARR004193,CR005253,A005253,2024-09-19,EMP007750
ARR004194,CR005254,A005254,2024-11-18,EMP009182
ARR004195,CR005256,A005256,2025-03-27,EMP005898
ARR004196,CR005257,A005257,2024-08-24,EMP008697
ARR004197,CR005258,A005258,2024-08-13,EMP008130
ARR004198,CR005259,A005259,2026-05-27,EMP005440
ARR004199,CR005260,A005260,2024-11-01,EMP005132
ARR004200,CR005261,A005261,2026-02-11,EMP000239
ARR004201,CR005262,A005262,2025-05-23,EMP004486
ARR004202,CR005263,A005263,2025-12-27,EMP004327
ARR004203,CR005264,A005264,2025-05-09,EMP006061
ARR004204,CR005265,A005265,2025-03-05,EMP005065
ARR004205,CR005266,A005266,2025-01-21,EMP006994
ARR004206,CR005267,A005267,2026-01-07,EMP008193
ARR004207,CR005268,A005268,2025-12-17,EMP001192
ARR004208,CR005269,A005269,2025-03-27,EMP008546
ARR004209,CR005270,A005270,2025-12-29,EMP007090
ARR004210,CR005273,A005273,2026-01-18,EMP007754
ARR004211,CR005275,A005275,2025-01-29,EMP009588
ARR004212,CR005280,A005280,2025-12-29,EMP008488
ARR004213,CR005281,A005281,2024-12-29,EMP007160
ARR004214,CR005284,A005284,2025-02-28,EMP005040
ARR004215,CR005285,A005285,2026-04-24,EMP009462
ARR004216,CR005286,A005286,2024-12-25,EMP005396
ARR004217,CR005288,A005288,2024-08-30,EMP009267
ARR004218,CR005289,A005289,2025-11-25,EMP003351
ARR004219,CR005290,A005290,2025-03-10,EMP008704
ARR004220,CR005293,A005293,2025-03-16,EMP003262
ARR004221,CR005295,A005295,2025-09-09,EMP008796
ARR004222,CR005296,A005296,2025-11-25,EMP000039
ARR004223,CR005297,A005297,2025-05-11,EMP008742
ARR004224,CR005298,A005298,2024-08-06,EMP006313
ARR004225,CR005299,A005299,2025-08-12,EMP006287
ARR004226,CR005301,A005301,2026-05-14,EMP006103
ARR004227,CR005302,A005302,2025-12-27,EMP002078
ARR004228,CR005305,A005305,2025-03-18,EMP010043
ARR004229,CR005306,A005306,2026-01-10,EMP003303
ARR004230,CR005307,A005307,2025-06-24,EMP001521
ARR004231,CR005310,A005310,2024-09-24,EMP000536
ARR004232,CR005312,A005312,2026-06-30,EMP006728
ARR004233,CR005313,A005313,2026-04-29,EMP003269
ARR004234,CR005315,A005315,2025-12-22,EMP006359
ARR004235,CR005316,A005316,2025-07-21,EMP004583
ARR004236,CR005317,A005317,2026-06-28,EMP004552
ARR004237,CR005318,A005318,2024-12-20,EMP003285
ARR004238,CR005320,A005320,2026-02-15,EMP003295
ARR004239,CR005321,A005321,2026-02-11,EMP008189
ARR004240,CR005322,A005322,2025-03-31,EMP004249
ARR004241,CR005323,A005323,2025-07-14,EMP009590
ARR004242,CR005324,A005324,2025-04-28,EMP000891
ARR004243,CR005325,A005325,2026-06-07,EMP003001
ARR004244,CR005326,A005326,2025-02-14,EMP005090
ARR004245,CR005327,A005327,2025-01-09,EMP005428
ARR004246,CR005329,A005329,2025-04-25,EMP009983
ARR004247,CR005330,A005330,2026-03-17,EMP004846
ARR004248,CR005331,A005331,2026-04-30,EMP009960
ARR004249,CR005333,A005333,2025-01-24,EMP008134
ARR004250,CR005334,A005334,2025-01-03,EMP005269
ARR004251,CR005335,A005335,2025-07-14,EMP008630
ARR004252,CR005336,A005336,2026-05-17,EMP000895
ARR004253,CR005338,A005338,2026-07-26,EMP003283
ARR004254,CR005339,A005339,2025-05-19,EMP006066
ARR004255,CR005341,A005341,2025-06-22,EMP003296
ARR004256,CR005342,A005342,2025-06-14,EMP004999
ARR004257,CR005343,A005343,2024-09-05,EMP007169
ARR004258,CR005344,A005344,2025-05-10,EMP007820
ARR004259,CR005345,A005345,2025-06-28,EMP005401
ARR004260,CR005346,A005346,2024-08-27,EMP005423
ARR004261,CR005347,A005347,2024-10-24,EMP009584
ARR004262,CR005348,A005348,2026-02-05,EMP008593
ARR004263,CR005349,A005349,2024-12-21,EMP008958
ARR004264,CR005351,A005351,2025-05-22,EMP003269
ARR004265,CR005353,A005353,2024-11-22,EMP002639
ARR004266,CR005354,A005354,2026-03-19,EMP006199
ARR004267,CR005355,A005355,2024-11-10,EMP007348
ARR004268,CR005357,A005357,2024-08-02,EMP009447
ARR004269,CR005358,A005358,2025-03-19,EMP009769
ARR004270,CR005359,A005359,2024-10-29,EMP000713
ARR004271,CR005362,A005362,2026-02-05,EMP003265
ARR004272,CR005363,A005363,2024-09-14,EMP007321
ARR004273,CR005364,A005364,2026-04-12,EMP003297
ARR004274,CR005365,A005365,2024-11-16,EMP005139
ARR004275,CR005366,A005366,2024-08-18,EMP009929
ARR004276,CR005367,A005367,2025-05-27,EMP007213
ARR004277,CR005368,A005368,2025-07-28,EMP007812
ARR004278,CR005370,A005370,2026-02-03,EMP003292
ARR004279,CR005371,A005371,2025-02-02,EMP004902
ARR004280,CR005372,A005372,2026-02-15,EMP009368
ARR004281,CR005373,A005373,2025-07-22,EMP004834
ARR004282,CR005374,A005374,2026-05-31,EMP000176
ARR004283,CR005375,A005375,2025-06-13,EMP005336
ARR004284,CR005376,A005376,2025-08-28,EMP000886
ARR004285,CR005378,A005378,2025-10-25,EMP000885
ARR004286,CR005379,A005379,2025-02-26,EMP003288
ARR004287,CR005380,A005380,2026-02-27,EMP001423
ARR004288,CR005381,A005381,2025-08-09,EMP006340
ARR004289,CR005382,A005382,2026-04-05,EMP000845
ARR004290,CR005383,A005383,2026-06-17,EMP001247
ARR004291,CR005384,A005384,2025-06-18,EMP003312
ARR004292,CR005385,A005385,2024-07-20,EMP004681
ARR004293,CR005386,A005386,2025-03-09,EMP003303
ARR004294,CR005387,A005387,2026-03-05,EMP006465
ARR004295,CR005388,A005388,2025-08-23,EMP002530
ARR004296,CR005389,A005389,2024-07-31,EMP000885
ARR004297,CR005390,A005390,2026-03-18,EMP003868
ARR004298,CR005391,A005391,2025-10-04,EMP005723
ARR004299,CR005392,A005392,2025-10-10,EMP004589
ARR004300,CR005393,A005393,2026-07-04,EMP000891
ARR004301,CR005394,A005394,2025-03-19,EMP007799
ARR004302,CR005395,A005395,2025-05-12,EMP003299
ARR004303,CR005397,A005397,2025-03-23,EMP009329
ARR004304,CR005398,A005398,2025-09-28,EMP003272
ARR004305,CR005399,A005399,2026-04-26,EMP000993
ARR004306,CR005401,A005401,2025-03-12,EMP004480
ARR004307,CR005402,A005402,2025-01-10,EMP008004
ARR004308,CR005403,A005403,2025-11-17,EMP006280
ARR004309,CR005404,A005404,2026-02-02,EMP004552
ARR004310,CR005406,A005406,2025-03-26,EMP003333
ARR004311,CR005407,A005407,2024-10-15,EMP004564
ARR004312,CR005408,A005408,2024-12-08,EMP000886
ARR004313,CR005409,A005409,2024-10-24,EMP001393
ARR004314,CR005410,A005410,2025-05-26,EMP005948
ARR004315,CR005411,A005411,2024-09-10,EMP001127
ARR004316,CR005412,A005412,2024-09-14,EMP004994
ARR004317,CR005413,A005413,2024-08-09,EMP006181
ARR004318,CR005414,A005414,2025-06-20,EMP001562
ARR004319,CR005415,A005415,2026-01-22,EMP006108
ARR004320,CR005416,A005416,2024-12-17,EMP007279
ARR004321,CR005417,A005417,2025-04-24,EMP005205
ARR004322,CR005419,A005419,2025-08-15,EMP003296
ARR004323,CR005420,A005420,2026-05-31,EMP006400
ARR004324,CR005421,A005421,2025-02-07,EMP006920
ARR004325,CR005422,A005422,2024-12-26,EMP006706
ARR004326,CR005423,A005423,2026-01-31,EMP001667
ARR004327,CR005425,A005425,2025-11-21,EMP002320
ARR004328,CR005426,A005426,2025-12-08,EMP007486
ARR004329,CR005427,A005427,2024-08-08,EMP007696
ARR004330,CR005428,A005428,2025-05-26,EMP005205
ARR004331,CR005429,A005429,2025-05-16,EMP009235
ARR004332,CR005430,A005430,2025-08-22,EMP003333
ARR004333,CR005431,A005431,2025-07-31,EMP000250
ARR004334,CR005432,A005432,2026-06-09,EMP000878
ARR004335,CR005433,A005433,2026-06-21,EMP006300
ARR004336,CR005434,A005434,2025-12-25,EMP007509
ARR004337,CR005436,A005436,2025-10-08,EMP009449
ARR004338,CR005438,A005438,2025-04-20,EMP008079
ARR004339,CR005439,A005439,2025-10-29,EMP001711
ARR004340,CR005440,A005440,2025-04-15,EMP004637
ARR004341,CR005441,A005441,2026-01-30,EMP009199
ARR004342,CR005442,A005442,2025-01-01,EMP003306
ARR004343,CR005443,A005443,2025-03-27,EMP009333
ARR004344,CR005444,A005444,2025-08-16,EMP009429
ARR004345,CR005445,A005445,2024-11-06,EMP003493
ARR004346,CR005446,A005446,2025-09-05,EMP009982
ARR004347,CR005449,A005449,2026-02-24,EMP007245
ARR004348,CR005450,A005450,2026-02-02,EMP008027
ARR004349,CR005451,A005451,2026-06-22,EMP001321
ARR004350,CR005452,A005452,2025-11-22,EMP006116
ARR004351,CR005453,A005453,2025-04-16,EMP008221
ARR004352,CR005454,A005454,2025-08-11,EMP000919
ARR004353,CR005455,A005455,2024-11-03,EMP008236
ARR004354,CR005456,A005456,2026-06-22,EMP009970
ARR004355,CR005457,A005457,2024-12-16,EMP005237
ARR004356,CR005458,A005458,2024-07-28,EMP000299
ARR004357,CR005459,A005459,2025-02-03,EMP000691
ARR004358,CR005462,A005462,2026-01-26,EMP009727
ARR004359,CR005464,A005464,2026-04-13,EMP009620
ARR004360,CR005465,A005465,2025-04-05,EMP005133
ARR004361,CR005466,A005466,2024-10-11,EMP007286
ARR004362,CR005467,A005467,2024-11-29,EMP000798
ARR004363,CR005469,A005469,2026-04-29,EMP006511
ARR004364,CR005470,A005470,2024-09-25,EMP004879
ARR004365,CR005471,A005471,2025-07-01,EMP008520
ARR004366,CR005472,A005472,2025-04-11,EMP007254
ARR004367,CR005473,A005473,2024-08-12,EMP006234
ARR004368,CR005474,A005474,2025-09-20,EMP006079
ARR004369,CR005476,A005476,2025-05-03,EMP003360
ARR004370,CR005478,A005478,2024-10-09,EMP010052
ARR004371,CR005480,A005480,2025-04-04,EMP004884
ARR004372,CR005481,A005481,2026-05-18,EMP009244
ARR004373,CR005482,A005482,2026-03-08,EMP007373
ARR004374,CR005483,A005483,2026-02-22,EMP003289
ARR004375,CR005484,A005484,2025-10-05,EMP007915
ARR004376,CR005487,A005487,2025-01-22,EMP006266
ARR004377,CR005489,A005489,2025-02-25,EMP005947
ARR004378,CR005490,A005490,2024-09-13,EMP006188
ARR004379,CR005491,A005491,2024-09-01,EMP006010
ARR004380,CR005492,A005492,2025-02-17,EMP009344
ARR004381,CR005493,A005493,2026-01-23,EMP009898
ARR004382,CR005494,A005494,2026-01-07,EMP001556
ARR004383,CR005495,A005495,2024-11-09,EMP000315
ARR004384,CR005497,A005497,2024-08-16,EMP008174
ARR004385,CR005498,A005498,2024-10-08,EMP001652
ARR004386,CR005500,A005500,2026-04-24,EMP008181
ARR004387,CR005501,A005501,2024-08-15,EMP006700
ARR004388,CR005504,A005504,2024-12-08,EMP006020
ARR004389,CR005505,A005505,2026-06-07,EMP004726
ARR004390,CR005506,A005506,2025-09-29,EMP003114
ARR004391,CR005508,A005508,2025-02-17,EMP003298
ARR004392,CR005509,A005509,2025-04-22,EMP009505
ARR004393,CR005510,A005510,2026-05-08,EMP005013
ARR004394,CR005511,A005511,2025-03-01,EMP008569
ARR004395,CR005512,A005512,2026-07-23,EMP005653
ARR004396,CR005513,A005513,2024-11-26,EMP003293
ARR004397,CR005514,A005514,2026-03-30,EMP000884
ARR004398,CR005515,A005515,2025-01-10,EMP008142
ARR004399,CR005518,A005518,2025-05-31,EMP008721
ARR004400,CR005519,A005519,2025-03-20,EMP000769
ARR004401,CR005520,A005520,2026-04-26,EMP009947
ARR004402,CR005521,A005521,2025-08-16,EMP004724
ARR004403,CR005522,A005522,2026-07-23,EMP008399
ARR004404,CR005523,A005523,2025-07-21,EMP008457
ARR004405,CR005524,A005524,2026-01-05,EMP004759
ARR004406,CR005527,A005527,2025-11-07,EMP000060
ARR004407,CR005528,A005528,2025-10-25,EMP003312
ARR004408,CR005529,A005529,2025-04-15,EMP000204
ARR004409,CR005530,A005530,2024-12-29,EMP005369
ARR004410,CR005531,A005531,2025-09-20,EMP001555
ARR004411,CR005532,A005532,2025-01-26,EMP003302
ARR004412,CR005533,A005533,2025-12-10,EMP003287
ARR004413,CR005534,A005534,2026-03-18,EMP008115
ARR004414,CR005535,A005535,2024-12-26,EMP001421
ARR004415,CR005536,A005536,2024-11-06,EMP000888
ARR004416,CR005537,A005537,2026-02-04,EMP008546
ARR004417,CR005538,A005538,2024-11-13,EMP000186
ARR004418,CR005539,A005539,2026-04-02,EMP003007
ARR004419,CR005540,A005540,2025-12-31,EMP003311
ARR004420,CR005542,A005542,2025-07-30,EMP008221
ARR004421,CR005543,A005543,2025-09-09,EMP008018
ARR004422,CR005544,A005544,2025-03-11,EMP000098
ARR004423,CR005546,A005546,2024-09-08,EMP001425
ARR004424,CR005547,A005547,2026-01-09,EMP008803
ARR004425,CR005548,A005548,2024-08-08,EMP009470
ARR004426,CR005549,A005549,2025-10-01,EMP006867
ARR004427,CR005551,A005551,2025-06-02,EMP003303
ARR004428,CR005552,A005552,2025-04-24,EMP005865
ARR004429,CR005553,A005553,2026-05-04,EMP004744
ARR004430,CR005554,A005554,2025-07-22,EMP005357
ARR004431,CR005556,A005556,2025-09-17,EMP003105
ARR004432,CR005557,A005557,2026-01-17,EMP008142
ARR004433,CR005558,A005558,2026-05-21,EMP007150
ARR004434,CR005559,A005559,2025-04-23,EMP004780
ARR004435,CR005562,A005562,2025-03-23,EMP003268
ARR004436,CR005563,A005563,2026-07-10,EMP004586
ARR004437,CR005564,A005564,2025-11-19,EMP003284
ARR004438,CR005565,A005565,2025-10-20,EMP000724
ARR004439,CR005566,A005566,2025-06-18,EMP004378
ARR004440,CR005567,A005567,2024-12-29,EMP008555
ARR004441,CR005569,A005569,2025-06-21,EMP006633
ARR004442,CR005571,A005571,2026-06-30,EMP001277
ARR004443,CR005572,A005572,2024-10-24,EMP000890
ARR004444,CR005574,A005574,2024-12-06,EMP007197
ARR004445,CR005575,A005575,2025-12-31,EMP005763
ARR004446,CR005577,A005577,2025-09-22,EMP003307
ARR004447,CR005578,A005578,2025-11-26,EMP000658
ARR004448,CR005580,A005580,2025-08-15,EMP003907
ARR004449,CR005581,A005581,2025-02-01,EMP004742
ARR004450,CR005582,A005582,2025-10-24,EMP006850
ARR004451,CR005583,A005583,2025-02-09,EMP004728
ARR004452,CR005584,A005584,2026-07-09,EMP003875
ARR004453,CR005585,A005585,2025-07-13,EMP009879
ARR004454,CR005586,A005586,2024-09-08,EMP006748
ARR004455,CR005588,A005588,2026-02-05,EMP008654
ARR004456,CR005589,A005589,2024-08-02,EMP008728
ARR004457,CR005590,A005590,2024-12-20,EMP005071
ARR004458,CR005591,A005591,2026-01-09,EMP003838
ARR004459,CR005592,A005592,2025-03-03,EMP008616
ARR004460,CR005593,A005593,2025-02-15,EMP009159
ARR004461,CR005594,A005594,2025-11-05,EMP001758
ARR004462,CR005595,A005595,2024-09-06,EMP005164
ARR004463,CR005596,A005596,2026-01-10,EMP008703
ARR004464,CR005597,A005597,2026-04-15,EMP004806
ARR004465,CR005599,A005599,2026-03-13,EMP006125
ARR004466,CR005600,A005600,2026-05-11,EMP003329
ARR004467,CR005601,A005601,2025-07-12,EMP001639
ARR004468,CR005602,A005602,2024-08-15,EMP003258
ARR004469,CR005603,A005603,2026-06-22,EMP004831
ARR004470,CR005604,A005604,2026-04-01,EMP003289
ARR004471,CR005605,A005605,2024-11-11,EMP006752
ARR004472,CR005607,A005607,2026-06-06,EMP003348
ARR004473,CR005608,A005608,2026-05-01,EMP003835
ARR004474,CR005610,A005610,2025-05-25,EMP003283
ARR004475,CR005611,A005611,2024-08-28,EMP001437
ARR004476,CR005613,A005613,2025-01-11,EMP003865
ARR004477,CR005614,A005614,2026-03-08,EMP008726
ARR004478,CR005616,A005616,2026-02-07,EMP003861
ARR004479,CR005618,A005618,2026-03-11,EMP006562
ARR004480,CR005619,A005619,2024-11-05,EMP007074
ARR004481,CR005620,A005620,2025-07-13,EMP009110
ARR004482,CR005621,A005621,2024-11-07,EMP001711
ARR004483,CR005622,A005622,2025-06-08,EMP003254
ARR004484,CR005623,A005623,2026-02-11,EMP006472
ARR004485,CR005624,A005624,2025-06-22,EMP006233
ARR004486,CR005625,A005625,2025-04-19,EMP006961
ARR004487,CR005626,A005626,2024-09-18,EMP003313
ARR004488,CR005627,A005627,2024-09-06,EMP000711
ARR004489,CR005628,A005628,2026-02-22,EMP004891
ARR004490,CR005629,A005629,2024-11-14,EMP008189
ARR004491,CR005630,A005630,2025-01-16,EMP003298
ARR004492,CR005631,A005631,2025-03-12,EMP004693
ARR004493,CR005632,A005632,2025-07-30,EMP008932
ARR004494,CR005634,A005634,2026-06-11,EMP009042
ARR004495,CR005635,A005635,2025-03-19,EMP007637
ARR004496,CR005636,A005636,2025-05-16,EMP003322
ARR004497,CR005637,A005637,2026-04-25,EMP003314
ARR004498,CR005639,A005639,2024-11-06,EMP001652
ARR004499,CR005640,A005640,2025-12-06,EMP005867
ARR004500,CR005641,A005641,2024-10-13,EMP009430
ARR004501,CR005642,A005642,2025-04-01,EMP009991
ARR004502,CR005643,A005643,2024-09-28,EMP006166
ARR004503,CR005646,A005646,2026-01-12,EMP001832
ARR004504,CR005648,A005648,2024-07-23,EMP004017
ARR004505,CR005649,A005649,2026-02-11,EMP006647
ARR004506,CR005650,A005650,2024-12-02,EMP001211
ARR004507,CR005651,A005651,2025-11-25,EMP005409
ARR004508,CR005653,A005653,2024-12-31,EMP003289
ARR004509,CR005654,A005654,2025-09-29,EMP009166
ARR004510,CR005655,A005655,2026-01-05,EMP004737
ARR004511,CR005656,A005656,2025-02-17,EMP004674
ARR004512,CR005657,A005657,2025-10-16,EMP001821
ARR004513,CR005659,A005659,2025-02-11,EMP003268
ARR004514,CR005661,A005661,2025-11-28,EMP003636
ARR004515,CR005662,A005662,2025-07-04,EMP003366
ARR004516,CR005663,A005663,2024-08-18,EMP001207
ARR004517,CR005664,A005664,2026-01-22,EMP000211
ARR004518,CR005666,A005666,2024-11-03,EMP005438
ARR004519,CR005667,A005667,2024-08-21,EMP000263
ARR004520,CR005668,A005668,2024-10-04,EMP004792
ARR004521,CR005669,A005669,2025-09-27,EMP003349
ARR004522,CR005670,A005670,2025-02-07,EMP003293
ARR004523,CR005672,A005672,2025-04-08,EMP000492
ARR004524,CR005674,A005674,2025-04-25,EMP004795
ARR004525,CR005675,A005675,2024-10-13,EMP009199
ARR004526,CR005676,A005676,2024-08-19,EMP005386
ARR004527,CR005677,A005677,2026-02-10,EMP008197
ARR004528,CR005678,A005678,2024-10-25,EMP004539
ARR004529,CR005679,A005679,2024-09-27,EMP000887
ARR004530,CR005680,A005680,2025-10-14,EMP006719
ARR004531,CR005681,A005681,2026-02-24,EMP006419
ARR004532,CR005682,A005682,2024-12-06,EMP004328
ARR004533,CR005683,A005683,2025-03-31,EMP007015
ARR004534,CR005684,A005684,2025-11-24,EMP006128
ARR004535,CR005685,A005685,2025-01-30,EMP006352
ARR004536,CR005688,A005688,2026-01-19,EMP000892
ARR004537,CR005689,A005689,2026-02-12,EMP000890
ARR004538,CR005691,A005691,2025-08-06,EMP002955
ARR004539,CR005692,A005692,2025-08-11,EMP008179
ARR004540,CR005693,A005693,2025-07-05,EMP003290
ARR004541,CR005694,A005694,2024-07-25,EMP004996
ARR004542,CR005695,A005695,2026-03-04,EMP009502
ARR004543,CR005697,A005697,2025-10-27,EMP001300
ARR004544,CR005698,A005698,2025-07-15,EMP008758
ARR004545,CR005699,A005699,2025-08-21,EMP005426
ARR004546,CR005700,A005700,2025-11-19,EMP007158
ARR004547,CR005701,A005701,2024-09-28,EMP004775
ARR004548,CR005702,A005702,2024-09-20,EMP003304
ARR004549,CR005703,A005703,2024-12-28,EMP006303
ARR004550,CR005704,A005704,2025-05-23,EMP001550
ARR004551,CR005705,A005705,2026-02-12,EMP006105
ARR004552,CR005706,A005706,2025-10-15,EMP003289
ARR004553,CR005707,A005707,2025-01-23,EMP009317
ARR004554,CR005709,A005709,2025-01-03,EMP003124
ARR004555,CR005710,A005710,2024-12-20,EMP009768
ARR004556,CR005711,A005711,2025-11-09,EMP005356
ARR004557,CR005713,A005713,2025-06-07,EMP005102
ARR004558,CR005714,A005714,2025-03-19,EMP007736
ARR004559,CR005715,A005715,2025-01-10,EMP004066
ARR004560,CR005716,A005716,2025-08-03,EMP000102
ARR004561,CR005717,A005717,2025-10-19,EMP005079
ARR004562,CR005718,A005718,2025-01-25,EMP003254
ARR004563,CR005719,A005719,2026-06-05,EMP005521
ARR004564,CR005720,A005720,2025-06-23,EMP006101
ARR004565,CR005721,A005721,2025-08-28,EMP003147
ARR004566,CR005722,A005722,2024-12-10,EMP000617
ARR004567,CR005723,A005723,2025-03-06,EMP007710
ARR004568,CR005724,A005724,2025-03-06,EMP000064
ARR004569,CR005726,A005726,2024-11-24,EMP007964
ARR004570,CR005728,A005728,2025-05-24,EMP006873
ARR004571,CR005729,A005729,2025-12-02,EMP004998
ARR004572,CR005730,A005730,2024-07-30,EMP006463
ARR004573,CR005731,A005731,2026-02-07,EMP005379
ARR004574,CR005732,A005732,2025-05-31,EMP004911
ARR004575,CR005733,A005733,2025-01-15,EMP007808
ARR004576,CR005734,A005734,2026-07-07,EMP006140
ARR004577,CR005735,A005735,2026-06-01,EMP005325
ARR004578,CR005736,A005736,2026-07-11,EMP009971
ARR004579,CR005737,A005737,2025-07-23,EMP005235
ARR004580,CR005738,A005738,2025-03-17,EMP005950
ARR004581,CR005739,A005739,2025-11-12,EMP006580
ARR004582,CR005740,A005740,2024-08-11,EMP008802
ARR004583,CR005741,A005741,2025-08-25,EMP004787
ARR004584,CR005742,A005742,2026-06-04,EMP008214
ARR004585,CR005743,A005743,2025-10-15,EMP003889
ARR004586,CR005744,A005744,2025-10-04,EMP001680
ARR004587,CR005745,A005745,2024-11-08,EMP003286
ARR004588,CR005746,A005746,2026-06-08,EMP004501
ARR004589,CR005748,A005748,2026-02-04,EMP006626
ARR004590,CR005750,A005750,2025-11-09,EMP008620
ARR004591,CR005751,A005751,2024-09-24,EMP003277
ARR004592,CR005752,A005752,2024-09-18,EMP006169
ARR004593,CR005753,A005753,2025-06-11,EMP009324
ARR004594,CR005754,A005754,2025-07-25,EMP000876
ARR004595,CR005755,A005755,2025-10-18,EMP004734
ARR004596,CR005756,A005756,2024-12-22,EMP003298
ARR004597,CR005759,A005759,2026-06-03,EMP003292
ARR004598,CR005760,A005760,2024-12-30,EMP000555
ARR004599,CR005762,A005762,2025-02-26,EMP006544
ARR004600,CR005763,A005763,2025-08-12,EMP008133
ARR004601,CR005764,A005764,2025-10-30,EMP005315
ARR004602,CR005765,A005765,2025-04-19,EMP004901
ARR004603,CR005767,A005767,2025-07-19,EMP000396
ARR004604,CR005768,A005768,2026-04-17,EMP003310
ARR004605,CR005769,A005769,2026-02-26,EMP008630
ARR004606,CR005770,A005770,2025-09-13,EMP002302
ARR004607,CR005771,A005771,2026-03-22,EMP001575
ARR004608,CR005772,A005772,2025-04-11,EMP000024
ARR004609,CR005773,A005773,2026-02-20,EMP008244
ARR004610,CR005774,A005774,2026-07-10,EMP008524
ARR004611,CR005775,A005775,2026-02-20,EMP008508
ARR004612,CR005776,A005776,2026-03-16,EMP005576
ARR004613,CR005777,A005777,2025-12-20,EMP007978
ARR004614,CR005778,A005778,2025-09-12,EMP000022
ARR004615,CR005779,A005779,2025-04-22,EMP002670
ARR004616,CR005781,A005781,2025-06-29,EMP001255
ARR004617,CR005782,A005782,2025-08-15,EMP003285
ARR004618,CR005783,A005783,2025-11-22,EMP005069
ARR004619,CR005784,A005784,2026-02-16,EMP003259
ARR004620,CR005785,A005785,2025-06-06,EMP005311
ARR004621,CR005786,A005786,2026-03-07,EMP008025
ARR004622,CR005787,A005787,2025-02-05,EMP009379
ARR004623,CR005788,A005788,2024-10-20,EMP003439
ARR004624,CR005789,A005789,2025-01-09,EMP002636
ARR004625,CR005790,A005790,2025-07-27,EMP009750
ARR004626,CR005791,A005791,2024-08-18,EMP003276
ARR004627,CR005792,A005792,2026-05-17,EMP008403
ARR004628,CR005793,A005793,2025-10-30,EMP003310
ARR004629,CR005794,A005794,2026-07-02,EMP005015
ARR004630,CR005795,A005795,2026-05-25,EMP003308
ARR004631,CR005797,A005797,2024-12-27,EMP005237
ARR004632,CR005799,A005799,2024-09-12,EMP007206
ARR004633,CR005800,A005800,2025-08-06,EMP000709
ARR004634,CR005801,A005801,2026-04-20,EMP001248
ARR004635,CR005803,A005803,2025-11-03,EMP004997
ARR004636,CR005804,A005804,2025-01-17,EMP003294
ARR004637,CR005805,A005805,2026-05-20,EMP007995
ARR004638,CR005806,A005806,2025-04-16,EMP006658
ARR004639,CR005807,A005807,2025-09-25,EMP004370
ARR004640,CR005809,A005809,2025-01-05,EMP008827
ARR004641,CR005810,A005810,2024-12-18,EMP003270
ARR004642,CR005811,A005811,2026-03-11,EMP007699
ARR004643,CR005812,A005812,2024-11-08,EMP007235
ARR004644,CR005813,A005813,2024-08-05,EMP001215
ARR004645,CR005814,A005814,2025-12-17,EMP007278
ARR004646,CR005815,A005815,2026-03-09,EMP003273
ARR004647,CR005817,A005817,2025-09-03,EMP007984
ARR004648,CR005818,A005818,2025-04-26,EMP003280
ARR004649,CR005819,A005819,2026-06-16,EMP003295
ARR004650,CR005821,A005821,2026-06-29,EMP001624
ARR004651,CR005822,A005822,2026-02-13,EMP006211
ARR004652,CR005823,A005823,2025-08-12,EMP000905
ARR004653,CR005824,A005824,2025-11-29,EMP005094
ARR004654,CR005825,A005825,2025-09-03,EMP001725
ARR004655,CR005828,A005828,2025-02-28,EMP008326
ARR004656,CR005831,A005831,2025-12-26,EMP004086
ARR004657,CR005832,A005832,2026-05-28,EMP005088
ARR004658,CR005833,A005833,2025-08-20,EMP006077
ARR004659,CR005834,A005834,2025-09-18,EMP001325
ARR004660,CR005835,A005835,2025-03-20,EMP009194
ARR004661,CR005836,A005836,2025-04-27,EMP007911
ARR004662,CR005837,A005837,2025-12-12,EMP004676
ARR004663,CR005839,A005839,2025-08-26,EMP002989
ARR004664,CR005840,A005840,2024-09-30,EMP003302
ARR004665,CR005841,A005841,2025-06-12,EMP000886
ARR004666,CR005842,A005842,2026-02-25,EMP003321
ARR004667,CR005843,A005843,2025-11-04,EMP004746
ARR004668,CR005845,A005845,2025-10-29,EMP009997
ARR004669,CR005847,A005847,2025-10-24,EMP004097
ARR004670,CR005849,A005849,2024-08-18,EMP007778
ARR004671,CR005850,A005850,2025-02-05,EMP006672
ARR004672,CR005852,A005852,2026-05-27,EMP000891
ARR004673,CR005854,A005854,2025-10-18,EMP008827
ARR004674,CR005855,A005855,2026-06-07,EMP006133
ARR004675,CR005856,A005856,2025-07-15,EMP005379
ARR004676,CR005857,A005857,2025-02-16,EMP003152
ARR004677,CR005858,A005858,2026-05-11,EMP006647
ARR004678,CR005859,A005859,2025-12-16,EMP002960
ARR004679,CR005860,A005860,2026-04-03,EMP001554
ARR004680,CR005861,A005861,2024-10-27,EMP004107
ARR004681,CR005863,A005863,2025-10-05,EMP009599
ARR004682,CR005864,A005864,2026-04-15,EMP000077
ARR004683,CR005865,A005865,2025-12-12,EMP009630
ARR004684,CR005867,A005867,2026-03-09,EMP000887
ARR004685,CR005868,A005868,2025-08-24,EMP010033
ARR004686,CR005869,A005869,2026-02-24,EMP007829
ARR004687,CR005870,A005870,2026-07-12,EMP004719
ARR004688,CR005872,A005872,2025-10-02,EMP001295
ARR004689,CR005873,A005873,2026-03-30,EMP000010
ARR004690,CR005874,A005874,2026-02-21,EMP000118
ARR004691,CR005876,A005876,2026-06-12,EMP000269
ARR004692,CR005877,A005877,2024-10-19,EMP006800
ARR004693,CR005878,A005878,2025-02-17,EMP003315
ARR004694,CR005879,A005879,2025-01-17,EMP009471
ARR004695,CR005881,A005881,2024-07-25,EMP006813
ARR004696,CR005882,A005882,2025-10-15,EMP004488
ARR004697,CR005883,A005883,2025-12-23,EMP004483
ARR004698,CR005885,A005885,2025-02-24,EMP003299
ARR004699,CR005886,A005886,2025-11-28,EMP002303
ARR004700,CR005887,A005887,2025-07-07,EMP005393
ARR004701,CR005888,A005888,2025-11-24,EMP008362
ARR004702,CR005890,A005890,2026-07-11,EMP009224
ARR004703,CR005892,A005892,2025-02-14,EMP004879
ARR004704,CR005893,A005893,2026-03-28,EMP007207
ARR004705,CR005895,A005895,2025-12-03,EMP009579
ARR004706,CR005896,A005896,2026-05-31,EMP004861
ARR004707,CR005897,A005897,2026-01-20,EMP001283
ARR004708,CR005898,A005898,2024-11-02,EMP009596
ARR004709,CR005900,A005900,2026-04-28,EMP004738
ARR004710,CR005901,A005901,2026-07-24,EMP007637
ARR004711,CR005902,A005902,2026-02-11,EMP007210
ARR004712,CR005903,A005903,2024-08-25,EMP003270
ARR004713,CR005904,A005904,2025-04-24,EMP003294
ARR004714,CR005905,A005905,2025-09-28,EMP004738
ARR004715,CR005906,A005906,2026-05-15,EMP007741
ARR004716,CR005907,A005907,2026-07-07,EMP003550
ARR004717,CR005908,A005908,2024-11-27,EMP003287
ARR004718,CR005909,A005909,2026-02-09,EMP000872
ARR004719,CR005910,A005910,2024-09-17,EMP000610
ARR004720,CR005911,A005911,2026-05-05,EMP006165
ARR004721,CR005913,A005913,2024-12-12,EMP006125
ARR004722,CR005914,A005914,2025-06-01,EMP009713
ARR004723,CR005915,A005915,2025-05-16,EMP001205
ARR004724,CR005916,A005916,2025-10-14,EMP004701
ARR004725,CR005917,A005917,2026-06-09,EMP009269
ARR004726,CR005918,A005918,2026-07-24,EMP008334
ARR004727,CR005919,A005919,2025-03-26,EMP006535
ARR004728,CR005921,A005921,2025-09-24,EMP004747
ARR004729,CR005922,A005922,2024-09-04,EMP000881
ARR004730,CR005923,A005923,2025-12-07,EMP005765
ARR004731,CR005924,A005924,2024-08-21,EMP000853
ARR004732,CR005925,A005925,2024-09-01,EMP004907
ARR004733,CR005926,A005926,2025-07-22,EMP001358
ARR004734,CR005927,A005927,2025-07-04,EMP001889
ARR004735,CR005928,A005928,2024-10-28,EMP004701
ARR004736,CR005929,A005929,2025-01-20,EMP005815
ARR004737,CR005930,A005930,2025-03-09,EMP008251
ARR004738,CR005931,A005931,2025-12-09,EMP001243
ARR004739,CR005933,A005933,2025-01-03,EMP003125
ARR004740,CR005934,A005934,2025-03-03,EMP000571
ARR004741,CR005935,A005935,2025-11-16,EMP009509
ARR004742,CR005936,A005936,2025-11-05,EMP001563
ARR004743,CR005937,A005937,2024-08-20,EMP009243
ARR004744,CR005938,A005938,2025-12-14,EMP000889
ARR004745,CR005940,A005940,2025-10-29,EMP008063
ARR004746,CR005941,A005941,2026-05-14,EMP004525
ARR004747,CR005942,A005942,2025-03-11,EMP003130
ARR004748,CR005943,A005943,2025-07-20,EMP006248
ARR004749,CR005944,A005944,2026-06-08,EMP008891
ARR004750,CR005947,A005947,2024-07-18,EMP007836
ARR004751,CR005948,A005948,2026-06-16,EMP001214
ARR004752,CR005949,A005949,2025-06-14,EMP009194
ARR004753,CR005950,A005950,2024-10-26,EMP007842
ARR004754,CR005951,A005951,2024-12-24,EMP003332
ARR004755,CR005952,A005952,2026-01-09,EMP005120
ARR004756,CR005955,A005955,2025-03-15,EMP001660
ARR004757,CR005956,A005956,2025-09-06,EMP006238
ARR004758,CR005958,A005958,2025-08-22,EMP003289
ARR004759,CR005959,A005959,2025-08-26,EMP006632
ARR004760,CR005960,A005960,2025-06-27,EMP001627
ARR004761,CR005961,A005961,2024-10-05,EMP004647
ARR004762,CR005962,A005962,2025-02-06,EMP008504
ARR004763,CR005964,A005964,2026-06-23,EMP005402
ARR004764,CR005965,A005965,2026-02-11,EMP003316
ARR004765,CR005966,A005966,2025-02-24,EMP007308
ARR004766,CR005967,A005967,2026-04-05,EMP007834
ARR004767,CR005968,A005968,2024-10-28,EMP009181
ARR004768,CR005971,A005971,2025-11-22,EMP003301
ARR004769,CR005972,A005972,2025-05-19,EMP003302
ARR004770,CR005973,A005973,2026-02-08,EMP003851
ARR004771,CR005974,A005974,2026-05-08,EMP003360
ARR004772,CR005975,A005975,2025-08-02,EMP004661
ARR004773,CR005976,A005976,2025-12-25,EMP007982
ARR004774,CR005978,A005978,2026-07-14,EMP004843
ARR004775,CR005979,A005979,2024-10-17,EMP005813
ARR004776,CR005980,A005980,2025-08-17,EMP005012
ARR004777,CR005981,A005981,2024-10-08,EMP009432
ARR004778,CR005982,A005982,2025-12-25,EMP006627
ARR004779,CR005983,A005983,2025-12-06,EMP006660
ARR004780,CR005984,A005984,2026-04-29,EMP003261
ARR004781,CR005985,A005985,2026-04-10,EMP005410
ARR004782,CR005986,A005986,2025-10-04,EMP003049
ARR004783,CR005987,A005987,2025-05-21,EMP004790
ARR004784,CR005988,A005988,2024-08-25,EMP006686
ARR004785,CR005989,A005989,2025-08-15,EMP007306
ARR004786,CR005990,A005990,2026-04-19,EMP003321
ARR004787,CR005992,A005992,2025-04-13,EMP006414
ARR004788,CR005993,A005993,2024-12-23,EMP005019
ARR004789,CR005995,A005995,2025-12-25,EMP007931
ARR004790,CR005996,A005996,2025-01-16,EMP006059
ARR004791,CR005997,A005997,2026-04-04,EMP008408
ARR004792,CR005998,A005998,2026-07-11,EMP005353
ARR004793,CR005999,A005999,2026-01-09,EMP005270
ARR004794,CR006000,A006000,2026-04-10,EMP007212
ARR004795,CR006001,A006001,2024-10-05,EMP001708
ARR004796,CR006003,A006003,2025-06-19,EMP008654
ARR004797,CR006004,A006004,2024-09-01,EMP003460
ARR004798,CR006005,A006005,2026-04-20,EMP001375
ARR004799,CR006006,A006006,2025-05-09,EMP008785
ARR004800,CR006007,A006007,2025-06-16,EMP004676
ARR004801,CR006010,A006010,2024-12-06,EMP002949
ARR004802,CR006011,A006011,2025-06-18,EMP003292
ARR004803,CR006012,A006012,2024-10-22,EMP003302
ARR004804,CR006014,A006014,2024-07-25,EMP007342
ARR004805,CR006016,A006016,2026-05-13,EMP005154
ARR004806,CR006017,A006017,2026-01-25,EMP004954
ARR004807,CR006018,A006018,2025-08-13,EMP008472
ARR004808,CR006019,A006019,2025-10-10,EMP004322
ARR004809,CR006020,A006020,2025-03-18,EMP003269
ARR004810,CR006021,A006021,2025-05-21,EMP003570
ARR004811,CR006023,A006023,2026-02-03,EMP000871
ARR004812,CR006025,A006025,2026-07-16,EMP008593
ARR004813,CR006027,A006027,2025-06-06,EMP008250
ARR004814,CR006028,A006028,2026-07-21,EMP001487
ARR004815,CR006029,A006029,2024-12-03,EMP006305
ARR004816,CR006030,A006030,2025-03-31,EMP009213
ARR004817,CR006031,A006031,2025-09-06,EMP003285
ARR004818,CR006033,A006033,2025-10-02,EMP008611
ARR004819,CR006034,A006034,2026-01-19,EMP003338
ARR004820,CR006035,A006035,2025-06-19,EMP006168
ARR004821,CR006037,A006037,2026-01-08,EMP001883
ARR004822,CR006038,A006038,2025-09-19,EMP005636
ARR004823,CR006039,A006039,2024-11-27,EMP008584
ARR004824,CR006040,A006040,2024-12-30,EMP008666
ARR004825,CR006041,A006041,2025-08-22,EMP001205
ARR004826,CR006042,A006042,2024-09-26,EMP003832
ARR004827,CR006044,A006044,2025-05-15,EMP009604
ARR004828,CR006045,A006045,2024-09-03,EMP006516
ARR004829,CR006046,A006046,2024-11-28,EMP005911
ARR004830,CR006047,A006047,2025-07-19,EMP005808
ARR004831,CR006048,A006048,2024-10-29,EMP008025
ARR004832,CR006049,A006049,2025-07-26,EMP009569
ARR004833,CR006052,A006052,2026-05-16,EMP009555
ARR004834,CR006054,A006054,2025-09-19,EMP008730
ARR004835,CR006055,A006055,2024-11-13,EMP004445
ARR004836,CR006056,A006056,2026-05-27,EMP001773
ARR004837,CR006057,A006057,2025-06-13,EMP006630
ARR004838,CR006058,A006058,2026-03-12,EMP006798
ARR004839,CR006059,A006059,2025-01-25,EMP008495
ARR004840,CR006060,A006060,2025-11-21,EMP009286
ARR004841,CR006061,A006061,2025-03-16,EMP008643
ARR004842,CR006062,A006062,2026-02-17,EMP006745
ARR004843,CR006063,A006063,2025-11-28,EMP003310
ARR004844,CR006064,A006064,2024-08-21,EMP006663
ARR004845,CR006065,A006065,2025-03-23,EMP004617
ARR004846,CR006067,A006067,2025-07-01,EMP007169
ARR004847,CR006068,A006068,2024-11-18,EMP006055
ARR004848,CR006069,A006069,2026-02-07,EMP004286
ARR004849,CR006070,A006070,2025-12-30,EMP006670
ARR004850,CR006071,A006071,2025-08-11,EMP008771
ARR004851,CR006072,A006072,2025-06-09,EMP005773
ARR004852,CR006074,A006074,2025-06-14,EMP003264
ARR004853,CR006075,A006075,2026-05-08,EMP000088
ARR004854,CR006076,A006076,2026-04-16,EMP009368
ARR004855,CR006077,A006077,2026-02-12,EMP000884
ARR004856,CR006078,A006078,2025-12-28,EMP007914
ARR004857,CR006079,A006079,2026-03-01,EMP004684
ARR004858,CR006080,A006080,2024-08-20,EMP009210
ARR004859,CR006081,A006081,2026-03-01,EMP003539
ARR004860,CR006085,A006085,2026-01-18,EMP005255
ARR004861,CR006086,A006086,2024-12-07,EMP001585
ARR004862,CR006087,A006087,2026-05-18,EMP006129
ARR004863,CR006088,A006088,2024-08-21,EMP008531
ARR004864,CR006089,A006089,2025-07-20,EMP006877
ARR004865,CR006090,A006090,2025-02-19,EMP004927
ARR004866,CR006092,A006092,2025-06-08,EMP004620
ARR004867,CR006094,A006094,2025-12-29,EMP006069
ARR004868,CR006095,A006095,2024-08-31,EMP003268
ARR004869,CR006096,A006096,2025-03-06,EMP003373
ARR004870,CR006097,A006097,2024-11-16,EMP007845
ARR004871,CR006098,A006098,2025-03-26,EMP007835
ARR004872,CR006099,A006099,2025-09-04,EMP003272
ARR004873,CR006100,A006100,2024-11-08,EMP008410
ARR004874,CR006101,A006101,2025-02-07,EMP008246
ARR004875,CR006102,A006102,2024-10-20,EMP003502
ARR004876,CR006103,A006103,2025-04-29,EMP008060
ARR004877,CR006104,A006104,2026-01-18,EMP005505
ARR004878,CR006106,A006106,2026-06-12,EMP000631
ARR004879,CR006108,A006108,2024-11-06,EMP003276
ARR004880,CR006109,A006109,2025-01-26,EMP003278
ARR004881,CR006110,A006110,2024-08-31,EMP008296
ARR004882,CR006111,A006111,2026-04-27,EMP006153
ARR004883,CR006112,A006112,2025-05-14,EMP006699
ARR004884,CR006113,A006113,2025-07-15,EMP007002
ARR004885,CR006115,A006115,2026-02-18,EMP001286
ARR004886,CR006116,A006116,2025-08-11,EMP001494
ARR004887,CR006117,A006117,2026-02-08,EMP000231
ARR004888,CR006118,A006118,2025-08-15,EMP010058
ARR004889,CR006121,A006121,2026-01-10,EMP004904
ARR004890,CR006122,A006122,2026-02-25,EMP002391
ARR004891,CR006123,A006123,2024-12-25,EMP001245
ARR004892,CR006124,A006124,2024-07-16,EMP005435
ARR004893,CR006125,A006125,2025-02-26,EMP008682
ARR004894,CR006126,A006126,2026-01-10,EMP007915
ARR004895,CR006127,A006127,2025-12-23,EMP009731
ARR004896,CR006128,A006128,2025-03-08,EMP001978
ARR004897,CR006129,A006129,2026-01-16,EMP006018
ARR004898,CR006131,A006131,2024-09-29,EMP007777
ARR004899,CR006133,A006133,2025-07-04,EMP003307
ARR004900,CR006135,A006135,2025-09-04,EMP003277
ARR004901,CR006136,A006136,2024-10-10,EMP001570
ARR004902,CR006138,A006138,2026-01-30,EMP003281
ARR004903,CR006140,A006140,2024-07-25,EMP008954
ARR004904,CR006141,A006141,2026-03-22,EMP004699
ARR004905,CR006142,A006142,2024-11-27,EMP000835
ARR004906,CR006143,A006143,2025-11-19,EMP007338
ARR004907,CR006144,A006144,2025-07-13,EMP002962
ARR004908,CR006145,A006145,2025-09-10,EMP008595
ARR004909,CR006147,A006147,2025-03-27,EMP003264
ARR004910,CR006148,A006148,2025-05-10,EMP003299
ARR004911,CR006149,A006149,2025-11-03,EMP001279
ARR004912,CR006150,A006150,2025-09-23,EMP002518
ARR004913,CR006151,A006151,2024-10-24,EMP008548
ARR004914,CR006152,A006152,2024-10-04,EMP009855
ARR004915,CR006153,A006153,2024-09-25,EMP006841
ARR004916,CR006154,A006154,2025-07-18,EMP000187
ARR004917,CR006155,A006155,2025-04-06,EMP003371
ARR004918,CR006156,A006156,2024-12-31,EMP004903
ARR004919,CR006158,A006158,2026-04-04,EMP004787
ARR004920,CR006159,A006159,2024-09-14,EMP001382
ARR004921,CR006160,A006160,2026-04-04,EMP003340
ARR004922,CR006163,A006163,2025-12-23,EMP003346
ARR004923,CR006164,A006164,2025-05-21,EMP006587
ARR004924,CR006165,A006165,2025-12-24,EMP003863
ARR004925,CR006166,A006166,2024-11-17,EMP004068
ARR004926,CR006169,A006169,2025-05-02,EMP007436
ARR004927,CR006170,A006170,2025-07-17,EMP000892
ARR004928,CR006172,A006172,2026-03-21,EMP002494
ARR004929,CR006173,A006173,2026-01-17,EMP009976
ARR004930,CR006174,A006174,2025-12-18,EMP005441
ARR004931,CR006176,A006176,2026-06-04,EMP009415
ARR004932,CR006177,A006177,2024-09-18,EMP004959
ARR004933,CR006178,A006178,2024-10-24,EMP009897
ARR004934,CR006179,A006179,2026-04-10,EMP005407
ARR004935,CR006180,A006180,2026-01-21,EMP000160
ARR004936,CR006181,A006181,2025-04-15,EMP006303
ARR004937,CR006183,A006183,2025-03-08,EMP000889
ARR004938,CR006184,A006184,2025-04-14,EMP007028
ARR004939,CR006185,A006185,2025-10-13,EMP000404
ARR004940,CR006186,A006186,2025-01-20,EMP006658
ARR004941,CR006187,A006187,2024-09-28,EMP003258
ARR004942,CR006188,A006188,2026-04-16,EMP007234
ARR004943,CR006189,A006189,2025-09-19,EMP008409
ARR004944,CR006190,A006190,2025-07-20,EMP004794
ARR004945,CR006191,A006191,2026-03-22,EMP005440
ARR004946,CR006192,A006192,2025-09-11,EMP003311
ARR004947,CR006193,A006193,2025-10-26,EMP003316
ARR004948,CR006194,A006194,2025-12-31,EMP003258
ARR004949,CR006195,A006195,2025-09-23,EMP009236
ARR004950,CR006196,A006196,2024-09-15,EMP001083
ARR004951,CR006198,A006198,2026-01-16,EMP006022
ARR004952,CR006199,A006199,2024-10-13,EMP008763
ARR004953,CR006200,A006200,2024-12-21,EMP003295
ARR004954,CR006201,A006201,2025-10-26,EMP004664
ARR004955,CR006203,A006203,2024-08-28,EMP009324
ARR004956,CR006205,A006205,2026-07-22,EMP006118
ARR004957,CR006206,A006206,2024-09-19,EMP003352
ARR004958,CR006209,A006209,2026-06-04,EMP007994
ARR004959,CR006210,A006210,2025-06-01,EMP008310
ARR004960,CR006211,A006211,2025-11-09,EMP000626
ARR004961,CR006212,A006212,2025-09-01,EMP005160
ARR004962,CR006214,A006214,2024-09-25,EMP006076
ARR004963,CR006215,A006215,2025-10-02,EMP004618
ARR004964,CR006216,A006216,2024-12-16,EMP007795
ARR004965,CR006218,A006218,2024-10-01,EMP006716
ARR004966,CR006220,A006220,2026-08-06,EMP006728
ARR004967,CR006221,A006221,2026-03-07,EMP002882
ARR004968,CR006222,A006222,2025-10-21,EMP001198
ARR004969,CR006223,A006223,2026-04-29,EMP005643
ARR004970,CR006224,A006224,2025-04-18,EMP009714
ARR004971,CR006225,A006225,2025-07-22,EMP009212
ARR004972,CR006226,A006226,2024-08-27,EMP005207
ARR004973,CR006227,A006227,2025-09-26,EMP001370
ARR004974,CR006228,A006228,2025-04-14,EMP001681
ARR004975,CR006229,A006229,2026-03-01,EMP008496
ARR004976,CR006230,A006230,2026-05-10,EMP003268
ARR004977,CR006231,A006231,2025-11-26,EMP006135
ARR004978,CR006232,A006232,2025-09-09,EMP004911
ARR004979,CR006233,A006233,2026-05-24,EMP006458
ARR004980,CR006234,A006234,2024-07-18,EMP008594
ARR004981,CR006236,A006236,2024-08-01,EMP003312
ARR004982,CR006237,A006237,2024-08-24,EMP009398
ARR004983,CR006238,A006238,2026-07-17,EMP007315
ARR004984,CR006239,A006239,2024-12-07,EMP009934
ARR004985,CR006240,A006240,2026-04-01,EMP009030
ARR004986,CR006241,A006241,2025-12-19,EMP003991
ARR004987,CR006242,A006242,2024-11-06,EMP008455
ARR004988,CR006243,A006243,2026-06-04,EMP000887
ARR004989,CR006244,A006244,2025-04-01,EMP005237
ARR004990,CR006245,A006245,2025-09-09,EMP009452
ARR004991,CR006246,A006246,2026-06-26,EMP006076
ARR004992,CR006247,A006247,2025-11-21,EMP008687
ARR004993,CR006248,A006248,2026-05-05,EMP007455
ARR004994,CR006249,A006249,2024-11-08,EMP003927
ARR004995,CR006250,A006250,2024-07-27,EMP007422
ARR004996,CR006251,A006251,2025-02-22,EMP005130
ARR004997,CR006252,A006252,2026-07-13,EMP003264
ARR004998,CR006253,A006253,2026-02-20,EMP009267
ARR004999,CR006254,A006254,2026-06-20,EMP001469
ARR005000,CR006255,A006255,2024-11-23,EMP005291
ARR005001,CR006256,A006256,2024-11-02,EMP008886
ARR005002,CR006257,A006257,2025-04-14,EMP007952
ARR005003,CR006258,A006258,2024-12-30,EMP007823
ARR005004,CR006259,A006259,2026-04-11,EMP004619
ARR005005,CR006260,A006260,2025-10-01,EMP002534
ARR005006,CR006262,A006262,2025-08-01,EMP001610
ARR005007,CR006263,A006263,2026-07-13,EMP001681
ARR005008,CR006264,A006264,2025-10-23,EMP003296
ARR005009,CR006265,A006265,2026-06-14,EMP006100
ARR005010,CR006266,A006266,2025-10-25,EMP003357
ARR005011,CR006267,A006267,2025-01-22,EMP000602
ARR005012,CR006268,A006268,2026-02-16,EMP003408
ARR005013,CR006269,A006269,2024-09-03,EMP000803
ARR005014,CR006271,A006271,2025-07-31,EMP003361
ARR005015,CR006272,A006272,2025-05-10,EMP004726
ARR005016,CR006274,A006274,2025-12-25,EMP006746
ARR005017,CR006275,A006275,2026-01-24,EMP004371
ARR005018,CR006276,A006276,2024-12-13,EMP004067
ARR005019,CR006277,A006277,2026-06-03,EMP009718
ARR005020,CR006278,A006278,2025-10-27,EMP008535
ARR005021,CR006279,A006279,2024-07-20,EMP003313
ARR005022,CR006280,A006280,2026-04-18,EMP001328
ARR005023,CR006281,A006281,2025-02-22,EMP002306
ARR005024,CR006283,A006283,2025-03-23,EMP003264
ARR005025,CR006284,A006284,2025-04-25,EMP003267
ARR005026,CR006285,A006285,2026-05-19,EMP003304
ARR005027,CR006286,A006286,2025-10-14,EMP006394
ARR005028,CR006287,A006287,2024-10-16,EMP001406
ARR005029,CR006288,A006288,2025-04-16,EMP003338
ARR005030,CR006289,A006289,2024-08-28,EMP004720
ARR005031,CR006291,A006291,2025-01-08,EMP008150
ARR005032,CR006292,A006292,2025-02-20,EMP006665
ARR005033,CR006293,A006293,2026-03-04,EMP004740
ARR005034,CR006295,A006295,2026-01-17,EMP005862
ARR005035,CR006296,A006296,2025-06-09,EMP003316
ARR005036,CR006297,A006297,2026-01-30,EMP008188
ARR005037,CR006298,A006298,2025-12-08,EMP003421
ARR005038,CR006299,A006299,2025-11-19,EMP006628
ARR005039,CR006300,A006300,2025-01-13,EMP003278
ARR005040,CR006301,A006301,2025-04-19,EMP006653
ARR005041,CR006302,A006302,2026-02-03,EMP005249
ARR005042,CR006303,A006303,2025-11-19,EMP005999
ARR005043,CR006304,A006304,2025-01-15,EMP004781
ARR005044,CR006305,A006305,2024-09-27,EMP005396
ARR005045,CR006306,A006306,2024-09-19,EMP006109
ARR005046,CR006307,A006307,2025-02-27,EMP007682
ARR005047,CR006308,A006308,2024-09-15,EMP009277
ARR005048,CR006309,A006309,2026-02-19,EMP006509
ARR005049,CR006310,A006310,2025-11-02,EMP007196
ARR005050,CR006311,A006311,2026-04-02,EMP003907
ARR005051,CR006313,A006313,2026-04-25,EMP009640
ARR005052,CR006314,A006314,2025-11-04,EMP006634
ARR005053,CR006315,A006315,2024-12-25,EMP003325
ARR005054,CR006316,A006316,2025-11-21,EMP006452
ARR005055,CR006318,A006318,2024-09-06,EMP008250
ARR005056,CR006319,A006319,2025-01-08,EMP003292
ARR005057,CR006320,A006320,2026-01-08,EMP006286
ARR005058,CR006321,A006321,2024-07-21,EMP000086
ARR005059,CR006322,A006322,2026-04-14,EMP000080
ARR005060,CR006323,A006323,2026-05-14,EMP005060
ARR005061,CR006324,A006324,2024-09-14,EMP008671
ARR005062,CR006326,A006326,2025-10-22,EMP006947
ARR005063,CR006327,A006327,2025-12-06,EMP003271
ARR005064,CR006328,A006328,2025-01-16,EMP006691
ARR005065,CR006329,A006329,2026-07-09,EMP003281
ARR005066,CR006331,A006331,2025-08-19,EMP009918
ARR005067,CR006332,A006332,2025-10-30,EMP009436
ARR005068,CR006333,A006333,2025-01-01,EMP006229
ARR005069,CR006334,A006334,2026-04-25,EMP003338
ARR005070,CR006335,A006335,2026-03-11,EMP001358
ARR005071,CR006336,A006336,2025-07-23,EMP000740
ARR005072,CR006337,A006337,2024-09-23,EMP004327
ARR005073,CR006338,A006338,2025-02-26,EMP000892
ARR005074,CR006339,A006339,2025-01-06,EMP006270
ARR005075,CR006340,A006340,2026-04-04,EMP009226
ARR005076,CR006341,A006341,2026-01-02,EMP007786
ARR005077,CR006343,A006343,2025-02-01,EMP008533
ARR005078,CR006344,A006344,2025-10-28,EMP002954
ARR005079,CR006345,A006345,2024-07-19,EMP008294
ARR005080,CR006346,A006346,2026-05-04,EMP004779
ARR005081,CR006348,A006348,2026-02-11,EMP009365
ARR005082,CR006350,A006350,2025-10-12,EMP009354
ARR005083,CR006351,A006351,2025-05-28,EMP008349
ARR005084,CR006353,A006353,2026-03-28,EMP007282
ARR005085,CR006354,A006354,2026-06-10,EMP003307
ARR005086,CR006357,A006357,2025-09-17,EMP008949
ARR005087,CR006358,A006358,2025-03-22,EMP001562
ARR005088,CR006359,A006359,2025-05-29,EMP000890
ARR005089,CR006360,A006360,2026-01-05,EMP000038
ARR005090,CR006361,A006361,2026-06-23,EMP008393
ARR005091,CR006362,A006362,2026-02-06,EMP006103
ARR005092,CR006363,A006363,2024-11-24,EMP003298
ARR005093,CR006364,A006364,2025-03-23,EMP005151
ARR005094,CR006365,A006365,2025-08-07,EMP000789
ARR005095,CR006367,A006367,2025-10-21,EMP000888
ARR005096,CR006368,A006368,2026-02-16,EMP007357
ARR005097,CR006371,A006371,2025-05-05,EMP009785
ARR005098,CR006372,A006372,2025-01-09,EMP003312
ARR005099,CR006374,A006374,2026-04-14,EMP005530
ARR005100,CR006375,A006375,2024-09-26,EMP009033
ARR005101,CR006377,A006377,2025-03-09,EMP003310
ARR005102,CR006378,A006378,2026-06-18,EMP000710
ARR005103,CR006379,A006379,2025-09-24,EMP009912
ARR005104,CR006380,A006380,2025-09-01,EMP009381
ARR005105,CR006381,A006381,2025-05-30,EMP000557
ARR005106,CR006382,A006382,2025-07-05,EMP002531
ARR005107,CR006384,A006384,2024-09-03,EMP006020
ARR005108,CR006386,A006386,2025-09-23,EMP006110
ARR005109,CR006387,A006387,2026-04-18,EMP003938
ARR005110,CR006388,A006388,2026-04-20,EMP007032
ARR005111,CR006389,A006389,2026-02-27,EMP007919
ARR005112,CR006390,A006390,2026-04-05,EMP003280
ARR005113,CR006391,A006391,2025-12-05,EMP007378
ARR005114,CR006392,A006392,2025-07-19,EMP008582
ARR005115,CR006393,A006393,2025-05-21,EMP001503
ARR005116,CR006395,A006395,2025-10-28,EMP004887
ARR005117,CR006397,A006397,2025-07-10,EMP008448
ARR005118,CR006398,A006398,2025-09-29,EMP008488
ARR005119,CR006399,A006399,2025-10-21,EMP001569
ARR005120,CR006400,A006400,2025-01-04,EMP005106
ARR005121,CR006401,A006401,2024-09-04,EMP003306
ARR005122,CR006402,A006402,2025-03-06,EMP004879
ARR005123,CR006403,A006403,2026-06-27,EMP007259
ARR005124,CR006405,A006405,2025-10-08,EMP004163
ARR005125,CR006406,A006406,2025-01-09,EMP006100
ARR005126,CR006407,A006407,2025-09-01,EMP000586
ARR005127,CR006408,A006408,2024-08-03,EMP007215
ARR005128,CR006409,A006409,2026-05-22,EMP004760
ARR005129,CR006410,A006410,2024-09-14,EMP005825
ARR005130,CR006414,A006414,2026-04-09,EMP008499
ARR005131,CR006415,A006415,2025-02-03,EMP006270
ARR005132,CR006416,A006416,2026-02-09,EMP001782
ARR005133,CR006417,A006417,2024-08-17,EMP008709
ARR005134,CR006418,A006418,2026-05-12,EMP003306
ARR005135,CR006419,A006419,2024-07-25,EMP003285
ARR005136,CR006421,A006421,2024-09-01,EMP007447
ARR005137,CR006422,A006422,2026-04-07,EMP005850
ARR005138,CR006423,A006423,2025-03-26,EMP009979
ARR005139,CR006427,A006427,2026-07-19,EMP004667
ARR005140,CR006429,A006429,2025-10-25,EMP005374
ARR005141,CR006430,A006430,2025-01-19,EMP008755
ARR005142,CR006431,A006431,2025-06-16,EMP005009
ARR005143,CR006432,A006432,2025-04-09,EMP006309
ARR005144,CR006433,A006433,2025-12-21,EMP008696
ARR005145,CR006434,A006434,2024-08-27,EMP005851
ARR005146,CR006435,A006435,2024-10-18,EMP000685
ARR005147,CR006436,A006436,2025-09-17,EMP001414
ARR005148,CR006437,A006437,2026-04-05,EMP000687
ARR005149,CR006439,A006439,2024-12-27,EMP001841
ARR005150,CR006440,A006440,2026-04-16,EMP008484
ARR005151,CR006441,A006441,2026-06-17,EMP000342
ARR005152,CR006442,A006442,2025-04-21,EMP010014
ARR005153,CR006443,A006443,2025-10-04,EMP003307
ARR005154,CR006444,A006444,2025-11-18,EMP003272
ARR005155,CR006445,A006445,2025-03-16,EMP003286
ARR005156,CR006446,A006446,2026-01-16,EMP008240
ARR005157,CR006447,A006447,2025-04-04,EMP003302
ARR005158,CR006450,A006450,2026-06-21,EMP007836
ARR005159,CR006452,A006452,2026-06-23,EMP003264
ARR005160,CR006453,A006453,2025-12-10,EMP004663
ARR005161,CR006454,A006454,2025-07-01,EMP004864
ARR005162,CR006455,A006455,2026-03-08,EMP006256
ARR005163,CR006456,A006456,2024-11-03,EMP006056
ARR005164,CR006457,A006457,2026-06-30,EMP004682
ARR005165,CR006458,A006458,2024-07-29,EMP004835
ARR005166,CR006459,A006459,2025-01-17,EMP001231
ARR005167,CR006460,A006460,2024-10-18,EMP003311
ARR005168,CR006461,A006461,2025-07-23,EMP005427
ARR005169,CR006462,A006462,2025-08-23,EMP000655
ARR005170,CR006463,A006463,2025-12-30,EMP000015
ARR005171,CR006464,A006464,2024-09-29,EMP004995
ARR005172,CR006465,A006465,2024-12-31,EMP003288
ARR005173,CR006466,A006466,2024-10-10,EMP008603
ARR005174,CR006467,A006467,2025-12-28,EMP003300
ARR005175,CR006468,A006468,2025-01-22,EMP000886
ARR005176,CR006469,A006469,2026-04-05,EMP005353
ARR005177,CR006470,A006470,2025-12-04,EMP001338
ARR005178,CR006471,A006471,2025-11-26,EMP005087
ARR005179,CR006472,A006472,2025-09-01,EMP008046
ARR005180,CR006473,A006473,2026-06-05,EMP007775
ARR005181,CR006474,A006474,2024-11-09,EMP005354
ARR005182,CR006475,A006475,2025-01-31,EMP001252
ARR005183,CR006476,A006476,2026-03-27,EMP006929
ARR005184,CR006477,A006477,2025-01-16,EMP005710
ARR005185,CR006478,A006478,2025-12-06,EMP007133
ARR005186,CR006479,A006479,2025-09-17,EMP003288
ARR005187,CR006482,A006482,2025-08-07,EMP003314
ARR005188,CR006483,A006483,2024-08-16,EMP003302
ARR005189,CR006484,A006484,2026-01-19,EMP003258
ARR005190,CR006485,A006485,2025-04-25,EMP007295
ARR005191,CR006488,A006488,2025-11-19,EMP004094
ARR005192,CR006489,A006489,2024-12-25,EMP009694
ARR005193,CR006490,A006490,2024-12-27,EMP004665
ARR005194,CR006491,A006491,2025-05-05,EMP000693
ARR005195,CR006492,A006492,2025-09-30,EMP001620
ARR005196,CR006493,A006493,2025-07-23,EMP006703
ARR005197,CR006494,A006494,2025-07-15,EMP008324
ARR005198,CR006495,A006495,2025-12-19,EMP005358
ARR005199,CR006496,A006496,2025-06-02,EMP005167
ARR005200,CR006497,A006497,2025-06-04,EMP002942
ARR005201,CR006499,A006499,2024-09-05,EMP008240
ARR005202,CR006500,A006500,2026-05-10,EMP004918
ARR005203,CR006501,A006501,2025-01-15,EMP007153
ARR005204,CR006502,A006502,2025-03-09,EMP006292
ARR005205,CR006505,A006505,2025-03-18,EMP008677
ARR005206,CR006507,A006507,2025-07-07,EMP003290
ARR005207,CR006508,A006508,2026-02-25,EMP008181
ARR005208,CR006509,A006509,2025-01-07,EMP003300
ARR005209,CR006510,A006510,2026-01-24,EMP003372
ARR005210,CR006511,A006511,2025-05-02,EMP000550
ARR005211,CR006512,A006512,2026-05-28,EMP009354
ARR005212,CR006513,A006513,2024-11-22,EMP009198
ARR005213,CR006514,A006514,2026-04-21,EMP003303
ARR005214,CR006515,A006515,2025-05-13,EMP010056
ARR005215,CR006516,A006516,2026-05-27,EMP003265
ARR005216,CR006517,A006517,2024-12-01,EMP006062
ARR005217,CR006518,A006518,2025-05-07,EMP006287
ARR005218,CR006519,A006519,2026-04-24,EMP009783
ARR005219,CR006520,A006520,2026-02-15,EMP004735
ARR005220,CR006521,A006521,2024-09-27,EMP004722
ARR005221,CR006522,A006522,2026-04-24,EMP000630
ARR005222,CR006523,A006523,2025-08-30,EMP001451
ARR005223,CR006526,A006526,2026-02-16,EMP002740
ARR005224,CR006527,A006527,2025-10-17,EMP008542
ARR005225,CR006528,A006528,2025-07-23,EMP001004
ARR005226,CR006529,A006529,2025-09-26,EMP008291
ARR005227,CR006530,A006530,2026-06-20,EMP002454
ARR005228,CR006531,A006531,2024-08-24,EMP006290
ARR005229,CR006532,A006532,2025-05-21,EMP008660
ARR005230,CR006533,A006533,2025-08-02,EMP000824
ARR005231,CR006534,A006534,2025-05-06,EMP008454
ARR005232,CR006535,A006535,2025-01-12,EMP006181
ARR005233,CR006536,A006536,2025-06-30,EMP002417
ARR005234,CR006537,A006537,2025-02-03,EMP008288
ARR005235,CR006539,A006539,2024-09-02,EMP008324
ARR005236,CR006540,A006540,2026-05-24,EMP007831
ARR005237,CR006541,A006541,2026-04-25,EMP008065
ARR005238,CR006542,A006542,2026-05-03,EMP001339
ARR005239,CR006543,A006543,2024-12-13,EMP005783
ARR005240,CR006544,A006544,2026-06-21,EMP000033
ARR005241,CR006545,A006545,2025-10-24,EMP000306
ARR005242,CR006546,A006546,2024-09-25,EMP005126
ARR005243,CR006547,A006547,2026-03-25,EMP006259
ARR005244,CR006549,A006549,2025-04-10,EMP008551
ARR005245,CR006550,A006550,2025-05-26,EMP001268
ARR005246,CR006551,A006551,2025-06-26,EMP003256
ARR005247,CR006553,A006553,2026-03-17,EMP009762
ARR005248,CR006554,A006554,2024-08-14,EMP003313
ARR005249,CR006555,A006555,2026-01-16,EMP005045
ARR005250,CR006556,A006556,2024-08-01,EMP003254
ARR005251,CR006559,A006559,2026-06-28,EMP001621
ARR005252,CR006560,A006560,2025-02-27,EMP008160
ARR005253,CR006561,A006561,2025-10-20,EMP009436
ARR005254,CR006563,A006563,2025-04-09,EMP004444
ARR005255,CR006564,A006564,2025-03-07,EMP000103
ARR005256,CR006565,A006565,2024-11-24,EMP003359
ARR005257,CR006566,A006566,2026-06-20,EMP003258
ARR005258,CR006567,A006567,2024-10-21,EMP006028
ARR005259,CR006569,A006569,2024-12-31,EMP006104
ARR005260,CR006570,A006570,2026-06-09,EMP008600
ARR005261,CR006571,A006571,2025-08-16,EMP006694
ARR005262,CR006572,A006572,2025-07-05,EMP008238
ARR005263,CR006573,A006573,2024-10-01,EMP003203
ARR005264,CR006575,A006575,2025-06-15,EMP009589
ARR005265,CR006577,A006577,2025-02-09,EMP004909
ARR005266,CR006578,A006578,2026-06-03,EMP009421
ARR005267,CR006579,A006579,2025-09-18,EMP005192
ARR005268,CR006580,A006580,2026-03-31,EMP006929
ARR005269,CR006581,A006581,2024-10-01,EMP008712
ARR005270,CR006582,A006582,2025-06-16,EMP008708
ARR005271,CR006583,A006583,2025-08-03,EMP003285
ARR005272,CR006584,A006584,2024-11-01,EMP003212
ARR005273,CR006585,A006585,2026-03-16,EMP000552
ARR005274,CR006586,A006586,2026-01-22,EMP003270
ARR005275,CR006587,A006587,2024-11-15,EMP009765
ARR005276,CR006588,A006588,2026-05-05,EMP005134
ARR005277,CR006589,A006589,2025-05-22,EMP006134
ARR005278,CR006590,A006590,2024-08-10,EMP007914
ARR005279,CR006592,A006592,2024-12-10,EMP005820
ARR005280,CR006593,A006593,2025-08-30,EMP009825
ARR005281,CR006594,A006594,2024-12-19,EMP001424
ARR005282,CR006595,A006595,2025-07-30,EMP004781
ARR005283,CR006596,A006596,2024-09-10,EMP003314
ARR005284,CR006597,A006597,2026-01-03,EMP004824
ARR005285,CR006598,A006598,2025-07-21,EMP009584
ARR005286,CR006599,A006599,2025-08-30,EMP003305
ARR005287,CR006600,A006600,2025-01-05,EMP008008
ARR005288,CR006601,A006601,2024-07-23,EMP006045
ARR005289,CR006604,A006604,2024-09-14,EMP006978
ARR005290,CR006605,A006605,2025-06-17,EMP006296
ARR005291,CR006606,A006606,2025-01-09,EMP004709
ARR005292,CR006607,A006607,2025-01-26,EMP005828
ARR005293,CR006608,A006608,2024-12-05,EMP004833
ARR005294,CR006609,A006609,2025-12-20,EMP006265
ARR005295,CR006612,A006612,2026-06-16,EMP002443
ARR005296,CR006614,A006614,2025-03-23,EMP007578
ARR005297,CR006616,A006616,2024-07-30,EMP003255
ARR005298,CR006617,A006617,2025-12-24,EMP009839
ARR005299,CR006618,A006618,2025-08-29,EMP005401
ARR005300,CR006619,A006619,2025-11-05,EMP005887
ARR005301,CR006620,A006620,2024-11-14,EMP006817
ARR005302,CR006621,A006621,2026-02-21,EMP005463
ARR005303,CR006622,A006622,2026-05-04,EMP002343
ARR005304,CR006623,A006623,2025-04-06,EMP009037
ARR005305,CR006624,A006624,2025-02-26,EMP008600
ARR005306,CR006625,A006625,2026-02-08,EMP006158
ARR005307,CR006626,A006626,2025-12-15,EMP002910
ARR005308,CR006627,A006627,2025-03-31,EMP005466
ARR005309,CR006630,A006630,2026-01-16,EMP003289
ARR005310,CR006631,A006631,2024-11-13,EMP003279
ARR005311,CR006632,A006632,2026-03-24,EMP001399
ARR005312,CR006634,A006634,2025-09-26,EMP008055
ARR005313,CR006635,A006635,2024-08-21,EMP009988
ARR005314,CR006636,A006636,2025-06-19,EMP003312
ARR005315,CR006637,A006637,2024-09-15,EMP003285
ARR005316,CR006638,A006638,2026-06-06,EMP009160
ARR005317,CR006639,A006639,2025-01-01,EMP003336
ARR005318,CR006640,A006640,2026-05-14,EMP003828
ARR005319,CR006641,A006641,2024-07-30,EMP008395
ARR005320,CR006643,A006643,2025-11-22,EMP000799
ARR005321,CR006644,A006644,2026-03-21,EMP006246
ARR005322,CR006645,A006645,2026-03-26,EMP009252
ARR005323,CR006647,A006647,2026-02-07,EMP006664
ARR005324,CR006648,A006648,2026-03-03,EMP001231
ARR005325,CR006649,A006649,2026-01-06,EMP008301
ARR005326,CR006650,A006650,2024-11-02,EMP003322
ARR005327,CR006651,A006651,2025-10-18,EMP008226
ARR005328,CR006652,A006652,2026-02-15,EMP006838
ARR005329,CR006654,A006654,2026-05-11,EMP008136
ARR005330,CR006655,A006655,2025-07-25,EMP002978
ARR005331,CR006656,A006656,2024-12-12,EMP000307
ARR005332,CR006657,A006657,2026-07-09,EMP008098
ARR005333,CR006658,A006658,2025-12-20,EMP000141
ARR005334,CR006660,A006660,2024-10-10,EMP006190
ARR005335,CR006661,A006661,2025-09-07,EMP008746
ARR005336,CR006662,A006662,2024-11-22,EMP005372
ARR005337,CR006663,A006663,2026-06-27,EMP006127
ARR005338,CR006664,A006664,2024-11-30,EMP000887
ARR005339,CR006665,A006665,2025-03-06,EMP001133
ARR005340,CR006666,A006666,2024-09-23,EMP005623
ARR005341,CR006667,A006667,2025-11-18,EMP007698
ARR005342,CR006668,A006668,2026-07-06,EMP001245
ARR005343,CR006669,A006669,2025-05-13,EMP008192
ARR005344,CR006670,A006670,2025-02-22,EMP007975
ARR005345,CR006671,A006671,2026-02-28,EMP006507
ARR005346,CR006672,A006672,2025-03-04,EMP005546
ARR005347,CR006674,A006674,2025-06-19,EMP003303
ARR005348,CR006675,A006675,2024-08-26,EMP001816
ARR005349,CR006676,A006676,2025-07-11,EMP004750
ARR005350,CR006679,A006679,2025-07-12,EMP008180
ARR005351,CR006681,A006681,2025-01-20,EMP008613
ARR005352,CR006682,A006682,2025-08-20,EMP003840
ARR005353,CR006683,A006683,2025-07-15,EMP006208
ARR005354,CR006684,A006684,2024-11-15,EMP006994
ARR005355,CR006685,A006685,2025-02-22,EMP009986
ARR005356,CR006686,A006686,2025-05-03,EMP004341
ARR005357,CR006687,A006687,2024-10-15,EMP006385
ARR005358,CR006688,A006688,2025-02-14,EMP006842
ARR005359,CR006689,A006689,2025-05-26,EMP007509
ARR005360,CR006690,A006690,2025-07-16,EMP003304
ARR005361,CR006691,A006691,2025-08-18,EMP001560
ARR005362,CR006692,A006692,2024-10-06,EMP000887
ARR005363,CR006693,A006693,2024-10-04,EMP005501
ARR005364,CR006694,A006694,2026-07-06,EMP001521
ARR005365,CR006695,A006695,2026-04-03,EMP006022
ARR005366,CR006696,A006696,2025-04-27,EMP003356
ARR005367,CR006699,A006699,2025-07-21,EMP001848
ARR005368,CR006700,A006700,2025-12-08,EMP000117
ARR005369,CR006704,A006704,2024-12-21,EMP007886
ARR005370,CR006705,A006705,2024-11-09,EMP004662
ARR005371,CR006706,A006706,2024-07-21,EMP008771
ARR005372,CR006707,A006707,2025-07-29,EMP003312
ARR005373,CR006708,A006708,2025-05-20,EMP002177
ARR005374,CR006710,A006710,2025-04-19,EMP006112
ARR005375,CR006711,A006711,2025-09-23,EMP000009
ARR005376,CR006713,A006713,2025-06-28,EMP008795
ARR005377,CR006714,A006714,2026-06-25,EMP009575
ARR005378,CR006715,A006715,2026-01-09,EMP002893
ARR005379,CR006716,A006716,2025-09-01,EMP004697
ARR005380,CR006717,A006717,2026-06-25,EMP003263
ARR005381,CR006718,A006718,2025-10-20,EMP007927
ARR005382,CR006719,A006719,2026-06-03,EMP005605
ARR005383,CR006720,A006720,2026-06-24,EMP008783
ARR005384,CR006722,A006722,2025-11-06,EMP004952
ARR005385,CR006725,A006725,2024-10-08,EMP004842
ARR005386,CR006727,A006727,2025-11-25,EMP004786
ARR005387,CR006728,A006728,2026-04-19,EMP006297
ARR005388,CR006729,A006729,2026-03-12,EMP004667
ARR005389,CR006730,A006730,2025-11-27,EMP007726
ARR005390,CR006732,A006732,2026-01-16,EMP008695
ARR005391,CR006733,A006733,2024-12-11,EMP003369
ARR005392,CR006735,A006735,2026-04-07,EMP006644
ARR005393,CR006736,A006736,2025-04-18,EMP003498
ARR005394,CR006740,A006740,2024-11-02,EMP006536
ARR005395,CR006741,A006741,2024-09-28,EMP001270
ARR005396,CR006742,A006742,2024-07-28,EMP008499
ARR005397,CR006743,A006743,2025-07-30,EMP000886
ARR005398,CR006745,A006745,2026-04-28,EMP000891
ARR005399,CR006746,A006746,2025-05-17,EMP001268
ARR005400,CR006748,A006748,2025-10-20,EMP008646
ARR005401,CR006750,A006750,2025-10-28,EMP003319
ARR005402,CR006751,A006751,2025-02-05,EMP006303
ARR005403,CR006753,A006753,2026-06-21,EMP006304
ARR005404,CR006754,A006754,2024-10-13,EMP007841
ARR005405,CR006755,A006755,2026-04-20,EMP006325
ARR005406,CR006756,A006756,2025-07-24,EMP008450
ARR005407,CR006757,A006757,2026-02-19,EMP005395
ARR005408,CR006758,A006758,2025-09-26,EMP009158
ARR005409,CR006760,A006760,2026-06-27,EMP003002
ARR005410,CR006761,A006761,2024-10-13,EMP003285
ARR005411,CR006762,A006762,2026-01-22,EMP005789
ARR005412,CR006763,A006763,2025-04-22,EMP003327
ARR005413,CR006764,A006764,2025-08-30,EMP009202
ARR005414,CR006767,A006767,2025-07-23,EMP008182
ARR005415,CR006768,A006768,2025-12-15,EMP008687
ARR005416,CR006771,A006771,2025-09-07,EMP003946
ARR005417,CR006772,A006772,2025-10-23,EMP006547
ARR005418,CR006773,A006773,2025-11-17,EMP004945
ARR005419,CR006774,A006774,2025-05-20,EMP000890
ARR005420,CR006776,A006776,2025-09-21,EMP005020
ARR005421,CR006777,A006777,2026-04-09,EMP005757
ARR005422,CR006778,A006778,2025-02-01,EMP001447
ARR005423,CR006779,A006779,2025-09-05,EMP009595
ARR005424,CR006784,A006784,2024-09-06,EMP006855
ARR005425,CR006785,A006785,2025-12-07,EMP008052
ARR005426,CR006786,A006786,2025-12-26,EMP004658
ARR005427,CR006787,A006787,2025-06-09,EMP001700
ARR005428,CR006788,A006788,2025-09-19,EMP008424
ARR005429,CR006789,A006789,2025-11-16,EMP010016
ARR005430,CR006790,A006790,2026-07-07,EMP006900
ARR005431,CR006791,A006791,2025-12-25,EMP008284
ARR005432,CR006792,A006792,2024-09-05,EMP000718
ARR005433,CR006794,A006794,2025-01-06,EMP006912
ARR005434,CR006795,A006795,2024-10-06,EMP008489
ARR005435,CR006796,A006796,2024-12-04,EMP009144
ARR005436,CR006797,A006797,2026-04-14,EMP004753
ARR005437,CR006798,A006798,2026-04-07,EMP009372
ARR005438,CR006799,A006799,2025-02-08,EMP003497
ARR005439,CR006800,A006800,2026-02-13,EMP004034
ARR005440,CR006801,A006801,2025-08-12,EMP004631
ARR005441,CR006802,A006802,2026-04-23,EMP006212
ARR005442,CR006803,A006803,2025-07-02,EMP001411
ARR005443,CR006804,A006804,2026-03-22,EMP003263
ARR005444,CR006806,A006806,2025-12-20,EMP003340
ARR005445,CR006807,A006807,2025-02-23,EMP003276
ARR005446,CR006808,A006808,2024-10-08,EMP007081
ARR005447,CR006809,A006809,2024-09-16,EMP002471
ARR005448,CR006810,A006810,2025-03-25,EMP002449
ARR005449,CR006813,A006813,2025-05-01,EMP001431
ARR005450,CR006814,A006814,2026-07-04,EMP004678
ARR005451,CR006815,A006815,2025-03-16,EMP005394
ARR005452,CR006816,A006816,2026-01-24,EMP008025
ARR005453,CR006817,A006817,2025-10-04,EMP001145
ARR005454,CR006818,A006818,2025-08-12,EMP003315
ARR005455,CR006819,A006819,2026-07-15,EMP005644
ARR005456,CR006820,A006820,2024-10-30,EMP008552
ARR005457,CR006822,A006822,2026-01-21,EMP007784
ARR005458,CR006823,A006823,2026-02-25,EMP004882
ARR005459,CR006824,A006824,2025-09-20,EMP003310
ARR005460,CR006827,A006827,2026-02-09,EMP007256
ARR005461,CR006829,A006829,2025-10-11,EMP000886
ARR005462,CR006830,A006830,2026-06-16,EMP003311
ARR005463,CR006831,A006831,2025-02-17,EMP001301
ARR005464,CR006833,A006833,2025-09-28,EMP001380
ARR005465,CR006834,A006834,2026-03-21,EMP009634
ARR005466,CR006836,A006836,2024-08-07,EMP001529
ARR005467,CR006837,A006837,2026-07-04,EMP009348
ARR005468,CR006838,A006838,2026-02-28,EMP004699
ARR005469,CR006839,A006839,2024-11-19,EMP008593
ARR005470,CR006840,A006840,2026-01-27,EMP000885
ARR005471,CR006841,A006841,2026-07-04,EMP005909
ARR005472,CR006842,A006842,2025-07-21,EMP001743
ARR005473,CR006843,A006843,2025-01-11,EMP008178
ARR005474,CR006845,A006845,2024-10-11,EMP004463
ARR005475,CR006848,A006848,2025-05-08,EMP007989
ARR005476,CR006850,A006850,2025-05-31,EMP007767
ARR005477,CR006851,A006851,2024-10-20,EMP004793
ARR005478,CR006852,A006852,2025-06-29,EMP007040
ARR005479,CR006853,A006853,2026-07-03,EMP000063
ARR005480,CR006854,A006854,2025-09-21,EMP004699
ARR005481,CR006855,A006855,2025-09-17,EMP004928
ARR005482,CR006856,A006856,2024-09-23,EMP002394
ARR005483,CR006859,A006859,2024-12-04,EMP009161
ARR005484,CR006860,A006860,2025-12-11,EMP009830
ARR005485,CR006861,A006861,2024-11-28,EMP006109
ARR005486,CR006862,A006862,2026-01-25,EMP008578
ARR005487,CR006863,A006863,2026-02-22,EMP005272
ARR005488,CR006864,A006864,2025-07-11,EMP000705
ARR005489,CR006865,A006865,2026-06-07,EMP003324
ARR005490,CR006866,A006866,2025-01-28,EMP004649
ARR005491,CR006867,A006867,2025-01-04,EMP008983
ARR005492,CR006868,A006868,2025-02-28,EMP009962
ARR005493,CR006869,A006869,2025-12-25,EMP006860
ARR005494,CR006870,A006870,2026-02-10,EMP001507
ARR005495,CR006871,A006871,2024-09-25,EMP005572
ARR005496,CR006872,A006872,2026-07-03,EMP008774
ARR005497,CR006873,A006873,2026-06-25,EMP009577
ARR005498,CR006874,A006874,2025-11-26,EMP004704
ARR005499,CR006876,A006876,2024-09-30,EMP006198
ARR005500,CR006877,A006877,2026-03-27,EMP005851
ARR005501,CR006879,A006879,2026-02-09,EMP001411
ARR005502,CR006881,A006881,2026-07-18,EMP006200
ARR005503,CR006883,A006883,2026-05-12,EMP005193
ARR005504,CR006884,A006884,2024-09-01,EMP008183
ARR005505,CR006886,A006886,2025-01-28,EMP008921
ARR005506,CR006887,A006887,2024-12-06,EMP006352
ARR005507,CR006888,A006888,2026-01-14,EMP008519
ARR005508,CR006889,A006889,2025-03-11,EMP003300
ARR005509,CR006890,A006890,2025-01-29,EMP001510
ARR005510,CR006891,A006891,2024-11-19,EMP010003
ARR005511,CR006892,A006892,2025-06-01,EMP006071
ARR005512,CR006893,A006893,2024-10-06,EMP000794
ARR005513,CR006894,A006894,2025-12-05,EMP007156
ARR005514,CR006895,A006895,2025-07-07,EMP008593
ARR005515,CR006897,A006897,2025-07-19,EMP006208
ARR005516,CR006898,A006898,2026-04-04,EMP000891
ARR005517,CR006899,A006899,2025-03-11,EMP000415
ARR005518,CR006902,A006902,2024-12-14,EMP003257
ARR005519,CR006903,A006903,2026-03-09,EMP005808
ARR005520,CR006905,A006905,2025-03-02,EMP008776
ARR005521,CR006906,A006906,2026-05-26,EMP010010
ARR005522,CR006907,A006907,2026-03-14,EMP009195
ARR005523,CR006908,A006908,2025-08-25,EMP007442
ARR005524,CR006909,A006909,2025-08-11,EMP005877
ARR005525,CR006911,A006911,2025-03-17,EMP001717
ARR005526,CR006912,A006912,2025-07-15,EMP005704
ARR005527,CR006913,A006913,2026-06-15,EMP009968
ARR005528,CR006914,A006914,2025-05-13,EMP008561
ARR005529,CR006915,A006915,2024-09-16,EMP003282
ARR005530,CR006916,A006916,2025-02-20,EMP003322
ARR005531,CR006918,A006918,2025-05-17,EMP008132
ARR005532,CR006919,A006919,2025-09-20,EMP007706
ARR005533,CR006920,A006920,2025-02-02,EMP004746
ARR005534,CR006921,A006921,2025-04-13,EMP004902
ARR005535,CR006923,A006923,2026-01-05,EMP006248
ARR005536,CR006924,A006924,2025-12-05,EMP008439
ARR005537,CR006925,A006925,2025-10-16,EMP009650
ARR005538,CR006926,A006926,2026-06-16,EMP004580
ARR005539,CR006927,A006927,2025-10-30,EMP005402
ARR005540,CR006929,A006929,2025-05-08,EMP009251
ARR005541,CR006931,A006931,2025-01-18,EMP005936
ARR005542,CR006932,A006932,2025-07-16,EMP009326
ARR005543,CR006933,A006933,2026-06-30,EMP006462
ARR005544,CR006934,A006934,2025-03-09,EMP003300
ARR005545,CR006935,A006935,2025-08-16,EMP005227
ARR005546,CR006936,A006936,2026-05-08,EMP006238
ARR005547,CR006937,A006937,2025-06-14,EMP005971
ARR005548,CR006939,A006939,2024-10-30,EMP006667
ARR005549,CR006941,A006941,2025-06-13,EMP000890
ARR005550,CR006943,A006943,2025-11-16,EMP000140
ARR005551,CR006944,A006944,2025-08-10,EMP005567
ARR005552,CR006945,A006945,2025-12-11,EMP005864
ARR005553,CR006946,A006946,2025-03-10,EMP000837
ARR005554,CR006947,A006947,2024-10-22,EMP008405
ARR005555,CR006950,A006950,2025-03-08,EMP009418
ARR005556,CR006951,A006951,2024-09-09,EMP007743
ARR005557,CR006952,A006952,2026-03-30,EMP004865
ARR005558,CR006953,A006953,2025-03-26,EMP006995
ARR005559,CR006954,A006954,2025-11-14,EMP003297
ARR005560,CR006955,A006955,2025-09-18,EMP002891
ARR005561,CR006957,A006957,2026-07-18,EMP006634
ARR005562,CR006959,A006959,2024-11-09,EMP001526
ARR005563,CR006960,A006960,2026-07-06,EMP003075
ARR005564,CR006962,A006962,2025-03-05,EMP006161
ARR005565,CR006964,A006964,2025-06-11,EMP007168
ARR005566,CR006965,A006965,2025-05-04,EMP007282
ARR005567,CR006966,A006966,2024-10-30,EMP002067
ARR005568,CR006967,A006967,2025-10-08,EMP001086
ARR005569,CR006968,A006968,2025-12-23,EMP004732
ARR005570,CR006971,A006971,2024-11-10,EMP008524
ARR005571,CR006972,A006972,2025-10-07,EMP007103
ARR005572,CR006973,A006973,2026-04-11,EMP006234
ARR005573,CR006974,A006974,2024-08-08,EMP006053
ARR005574,CR006975,A006975,2026-04-19,EMP003268
ARR005575,CR006976,A006976,2024-09-27,EMP003304
ARR005576,CR006977,A006977,2025-12-02,EMP008553
ARR005577,CR006978,A006978,2026-01-31,EMP009331
ARR005578,CR006979,A006979,2025-03-31,EMP005414
ARR005579,CR006980,A006980,2025-10-04,EMP004900
ARR005580,CR006981,A006981,2025-06-12,EMP004665
ARR005581,CR006982,A006982,2026-05-22,EMP000805
ARR005582,CR006983,A006983,2025-03-04,EMP009260
ARR005583,CR006987,A006987,2026-02-09,EMP001521
ARR005584,CR006988,A006988,2026-03-16,EMP006869
ARR005585,CR006989,A006989,2024-09-01,EMP005359
ARR005586,CR006991,A006991,2025-08-20,EMP003132
ARR005587,CR006992,A006992,2026-05-19,EMP003296
ARR005588,CR006994,A006994,2025-03-28,EMP007965
ARR005589,CR006995,A006995,2025-02-25,EMP005088
ARR005590,CR006996,A006996,2024-12-31,EMP006078
ARR005591,CR006997,A006997,2025-03-12,EMP006161
ARR005592,CR006999,A006999,2025-05-19,EMP006885
ARR005593,CR007000,A007000,2024-09-01,EMP009796
ARR005594,CR007001,A007001,2025-08-25,EMP006135
ARR005595,CR007003,A007003,2025-01-03,EMP001048
ARR005596,CR007004,A007004,2026-03-27,EMP004733
ARR005597,CR007006,A007006,2024-09-06,EMP000181
ARR005598,CR007007,A007007,2024-08-20,EMP006045
ARR005599,CR007008,A007008,2025-02-26,EMP009978
ARR005600,CR007009,A007009,2026-05-23,EMP001639
ARR005601,CR007010,A007010,2026-03-22,EMP009825
ARR005602,CR007012,A007012,2025-11-24,EMP008389
ARR005603,CR007013,A007013,2025-06-15,EMP007843
ARR005604,CR007014,A007014,2024-10-25,EMP003280
ARR005605,CR007015,A007015,2026-05-27,EMP007991
ARR005606,CR007017,A007017,2026-07-17,EMP003278
ARR005607,CR007018,A007018,2025-04-15,EMP004884
ARR005608,CR007019,A007019,2024-11-30,EMP006126
ARR005609,CR007020,A007020,2025-07-14,EMP006837
ARR005610,CR007021,A007021,2025-11-30,EMP004069
ARR005611,CR007022,A007022,2024-08-05,EMP002235
ARR005612,CR007024,A007024,2025-11-28,EMP003272
ARR005613,CR007025,A007025,2025-07-22,EMP008162
ARR005614,CR007026,A007026,2025-12-29,EMP006108
ARR005615,CR007027,A007027,2026-05-23,EMP003278
ARR005616,CR007028,A007028,2025-09-23,EMP003841
ARR005617,CR007030,A007030,2025-12-15,EMP007081
ARR005618,CR007031,A007031,2024-10-29,EMP005369
ARR005619,CR007032,A007032,2025-11-18,EMP000891
ARR005620,CR007033,A007033,2026-03-25,EMP008630
ARR005621,CR007034,A007034,2026-05-23,EMP008971
ARR005622,CR007035,A007035,2026-06-04,EMP006668
ARR005623,CR007036,A007036,2025-09-27,EMP008653
ARR005624,CR007037,A007037,2024-09-13,EMP004552
ARR005625,CR007038,A007038,2025-08-02,EMP007087
ARR005626,CR007039,A007039,2026-05-31,EMP006119
ARR005627,CR007040,A007040,2025-11-22,EMP001200
ARR005628,CR007042,A007042,2026-01-14,EMP001315
ARR005629,CR007043,A007043,2025-04-16,EMP003268
ARR005630,CR007044,A007044,2025-04-19,EMP008349
ARR005631,CR007045,A007045,2025-01-08,EMP006668
ARR005632,CR007046,A007046,2026-01-06,EMP008436
ARR005633,CR007047,A007047,2025-01-30,EMP003871
ARR005634,CR007048,A007048,2025-08-24,EMP003702
ARR005635,CR007049,A007049,2025-02-24,EMP004129
ARR005636,CR007050,A007050,2025-04-21,EMP005089
ARR005637,CR007052,A007052,2026-01-11,EMP005403
ARR005638,CR007053,A007053,2026-02-15,EMP007793
ARR005639,CR007054,A007054,2024-08-02,EMP003062
ARR005640,CR007055,A007055,2024-11-20,EMP006112
ARR005641,CR007056,A007056,2025-07-23,EMP004492
ARR005642,CR007057,A007057,2026-03-17,EMP000654
ARR005643,CR007058,A007058,2025-10-30,EMP009652
ARR005644,CR007059,A007059,2026-02-07,EMP008635
ARR005645,CR007060,A007060,2026-04-25,EMP009893
ARR005646,CR007061,A007061,2025-11-06,EMP009412
ARR005647,CR007062,A007062,2024-09-29,EMP001853
ARR005648,CR007063,A007063,2024-11-03,EMP003260
ARR005649,CR007064,A007064,2024-09-30,EMP001927
ARR005650,CR007065,A007065,2025-06-27,EMP004556
ARR005651,CR007066,A007066,2025-05-24,EMP004800
ARR005652,CR007067,A007067,2024-12-19,EMP006488
ARR005653,CR007068,A007068,2025-06-22,EMP000892
ARR005654,CR007069,A007069,2026-03-02,EMP005430
ARR005655,CR007070,A007070,2026-05-03,EMP008689
ARR005656,CR007071,A007071,2026-06-25,EMP003299
ARR005657,CR007072,A007072,2025-01-03,EMP007149
ARR005658,CR007073,A007073,2025-08-01,EMP003286
ARR005659,CR007074,A007074,2025-04-16,EMP008608
ARR005660,CR007075,A007075,2024-12-22,EMP005818
ARR005661,CR007076,A007076,2024-09-18,EMP008846
ARR005662,CR007077,A007077,2025-08-16,EMP006105
ARR005663,CR007078,A007078,2025-12-16,EMP003373
ARR005664,CR007079,A007079,2026-01-10,EMP009762
ARR005665,CR007080,A007080,2025-11-04,EMP000889
ARR005666,CR007081,A007081,2026-02-01,EMP003312
ARR005667,CR007083,A007083,2025-09-10,EMP003294
ARR005668,CR007084,A007084,2026-05-12,EMP008240
ARR005669,CR007085,A007085,2025-09-17,EMP006661
ARR005670,CR007087,A007087,2026-03-26,EMP007496
ARR005671,CR007092,A007092,2025-12-05,EMP005269
ARR005672,CR007093,A007093,2026-07-04,EMP004794
ARR005673,CR007094,A007094,2024-09-10,EMP006075
ARR005674,CR007095,A007095,2026-02-27,EMP008224
ARR005675,CR007097,A007097,2026-03-04,EMP009898
ARR005676,CR007098,A007098,2026-07-01,EMP009397
ARR005677,CR007101,A007101,2024-09-30,EMP006974
ARR005678,CR007102,A007102,2025-06-18,EMP004026
ARR005679,CR007104,A007104,2024-08-28,EMP006929
ARR005680,CR007105,A007105,2025-02-03,EMP009438
ARR005681,CR007106,A007106,2025-05-15,EMP001702
ARR005682,CR007107,A007107,2026-03-10,EMP001820
ARR005683,CR007108,A007108,2024-09-15,EMP000399
ARR005684,CR007109,A007109,2025-06-22,EMP004780
ARR005685,CR007110,A007110,2025-03-01,EMP002992
ARR005686,CR007111,A007111,2025-11-23,EMP006858
ARR005687,CR007113,A007113,2025-08-08,EMP005324
ARR005688,CR007114,A007114,2025-10-26,EMP001189
ARR005689,CR007115,A007115,2025-07-06,EMP009513
ARR005690,CR007119,A007119,2026-02-13,EMP003297
ARR005691,CR007120,A007120,2025-04-02,EMP004927
ARR005692,CR007121,A007121,2025-04-24,EMP003349
ARR005693,CR007123,A007123,2024-09-08,EMP003331
ARR005694,CR007124,A007124,2025-01-01,EMP004320
ARR005695,CR007125,A007125,2026-07-03,EMP000982
ARR005696,CR007126,A007126,2025-09-18,EMP003314
ARR005697,CR007127,A007127,2025-10-23,EMP000884
ARR005698,CR007128,A007128,2025-03-10,EMP000081
ARR005699,CR007129,A007129,2025-04-14,EMP007971
ARR005700,CR007130,A007130,2026-04-24,EMP007912
ARR005701,CR007131,A007131,2025-07-01,EMP005331
ARR005702,CR007133,A007133,2026-06-08,EMP003464
ARR005703,CR007135,A007135,2025-11-21,EMP004989
ARR005704,CR007136,A007136,2026-01-25,EMP007277
ARR005705,CR007137,A007137,2026-07-03,EMP009821
ARR005706,CR007138,A007138,2025-02-24,EMP006224
ARR005707,CR007139,A007139,2025-11-05,EMP007273
ARR005708,CR007140,A007140,2026-03-07,EMP004825
ARR005709,CR007141,A007141,2025-05-01,EMP004365
ARR005710,CR007142,A007142,2024-11-21,EMP003260
ARR005711,CR007144,A007144,2025-01-19,EMP005396
ARR005712,CR007145,A007145,2025-11-18,EMP004581
ARR005713,CR007146,A007146,2025-12-03,EMP010000
ARR005714,CR007147,A007147,2026-07-26,EMP005524
ARR005715,CR007148,A007148,2025-02-09,EMP007029
ARR005716,CR007149,A007149,2025-07-17,EMP003570
ARR005717,CR007150,A007150,2024-09-11,EMP008225
ARR005718,CR007151,A007151,2025-01-18,EMP005240
ARR005719,CR007152,A007152,2025-08-06,EMP003306
ARR005720,CR007153,A007153,2025-05-19,EMP001484
ARR005721,CR007154,A007154,2025-06-29,EMP003265
ARR005722,CR007155,A007155,2026-06-01,EMP003299
ARR005723,CR007156,A007156,2025-12-20,EMP008573
ARR005724,CR007157,A007157,2025-02-05,EMP004090
ARR005725,CR007158,A007158,2025-11-25,EMP005392
ARR005726,CR007160,A007160,2026-02-05,EMP000886
ARR005727,CR007161,A007161,2025-08-24,EMP003275
ARR005728,CR007162,A007162,2025-05-04,EMP001282
ARR005729,CR007164,A007164,2024-10-04,EMP006509
ARR005730,CR007165,A007165,2025-10-17,EMP006018
ARR005731,CR007166,A007166,2026-07-13,EMP000092
ARR005732,CR007167,A007167,2025-01-31,EMP008796
ARR005733,CR007168,A007168,2025-01-08,EMP002382
ARR005734,CR007169,A007169,2025-02-15,EMP004734
ARR005735,CR007170,A007170,2026-04-26,EMP009444
ARR005736,CR007171,A007171,2025-05-20,EMP003362
ARR005737,CR007174,A007174,2024-10-15,EMP006667
ARR005738,CR007175,A007175,2025-06-01,EMP008584
ARR005739,CR007176,A007176,2024-11-18,EMP007271
ARR005740,CR007177,A007177,2026-06-07,EMP006870
ARR005741,CR007178,A007178,2024-10-10,EMP005564
ARR005742,CR007179,A007179,2025-05-28,EMP008141
ARR005743,CR007180,A007180,2025-01-19,EMP009764
ARR005744,CR007182,A007182,2025-08-24,EMP009941
ARR005745,CR007183,A007183,2025-04-10,EMP008355
ARR005746,CR007184,A007184,2024-11-03,EMP004901
ARR005747,CR007185,A007185,2025-03-28,EMP006165
ARR005748,CR007186,A007186,2024-10-07,EMP003263
ARR005749,CR007187,A007187,2025-03-31,EMP002510
ARR005750,CR007188,A007188,2026-01-08,EMP005521
ARR005751,CR007189,A007189,2026-06-17,EMP000139
ARR005752,CR007192,A007192,2024-09-26,EMP003318
ARR005753,CR007193,A007193,2025-12-31,EMP000887
ARR005754,CR007194,A007194,2024-12-06,EMP006696
ARR005755,CR007195,A007195,2025-01-05,EMP000785
ARR005756,CR007196,A007196,2024-12-29,EMP003298
ARR005757,CR007197,A007197,2024-10-06,EMP001452
ARR005758,CR007198,A007198,2025-05-09,EMP001565
ARR005759,CR007199,A007199,2026-07-13,EMP000096
ARR005760,CR007200,A007200,2025-03-28,EMP005949
ARR005761,CR007201,A007201,2025-02-01,EMP000249
ARR005762,CR007202,A007202,2026-02-13,EMP003302
ARR005763,CR007203,A007203,2026-02-28,EMP008516
ARR005764,CR007205,A007205,2026-01-01,EMP004695
ARR005765,CR007206,A007206,2026-06-26,EMP003285
ARR005766,CR007207,A007207,2025-09-19,EMP004210
ARR005767,CR007208,A007208,2025-01-04,EMP009448
ARR005768,CR007210,A007210,2026-01-28,EMP003295
ARR005769,CR007212,A007212,2024-11-27,EMP001255
ARR005770,CR007213,A007213,2025-06-02,EMP003897
ARR005771,CR007214,A007214,2025-04-07,EMP008582
ARR005772,CR007216,A007216,2025-04-20,EMP000342
ARR005773,CR007218,A007218,2024-10-20,EMP008649
ARR005774,CR007219,A007219,2026-03-11,EMP009273
ARR005775,CR007223,A007223,2024-11-09,EMP005537
ARR005776,CR007224,A007224,2024-11-03,EMP009785
ARR005777,CR007225,A007225,2026-04-01,EMP010067
ARR005778,CR007226,A007226,2025-10-17,EMP000887
ARR005779,CR007227,A007227,2025-12-20,EMP003328
ARR005780,CR007229,A007229,2026-02-07,EMP005364
ARR005781,CR007230,A007230,2025-02-11,EMP005025
ARR005782,CR007232,A007232,2026-03-25,EMP007374
ARR005783,CR007233,A007233,2025-04-18,EMP005790
ARR005784,CR007234,A007234,2026-07-29,EMP003277
ARR005785,CR007235,A007235,2024-09-10,EMP003304
ARR005786,CR007236,A007236,2024-07-27,EMP006306
ARR005787,CR007237,A007237,2024-12-10,EMP008182
ARR005788,CR007238,A007238,2025-02-25,EMP000884
ARR005789,CR007239,A007239,2024-10-11,EMP003290
ARR005790,CR007240,A007240,2026-06-30,EMP004623
ARR005791,CR007241,A007241,2026-06-08,EMP001389
ARR005792,CR007243,A007243,2024-07-31,EMP008993
ARR005793,CR007245,A007245,2024-11-10,EMP003342
ARR005794,CR007246,A007246,2025-10-03,EMP007838
ARR005795,CR007247,A007247,2025-08-01,EMP000559
ARR005796,CR007248,A007248,2025-06-22,EMP004911
ARR005797,CR007249,A007249,2025-08-11,EMP001436
ARR005798,CR007250,A007250,2024-09-26,EMP004883
ARR005799,CR007251,A007251,2024-09-24,EMP001361
ARR005800,CR007253,A007253,2024-12-02,EMP009519
ARR005801,CR007254,A007254,2026-04-25,EMP009434
ARR005802,CR007256,A007256,2026-06-11,EMP003285
ARR005803,CR007257,A007257,2026-03-11,EMP003280
ARR005804,CR007258,A007258,2025-01-08,EMP009868
ARR005805,CR007259,A007259,2026-04-06,EMP005169
ARR005806,CR007260,A007260,2025-05-09,EMP000665
ARR005807,CR007261,A007261,2025-05-01,EMP006232
ARR005808,CR007262,A007262,2025-08-19,EMP006747
ARR005809,CR007263,A007263,2026-01-18,EMP009701
ARR005810,CR007265,A007265,2024-08-19,EMP006242
ARR005811,CR007267,A007267,2025-08-13,EMP009509
ARR005812,CR007268,A007268,2025-10-25,EMP008054
ARR005813,CR007269,A007269,2025-05-06,EMP000668
ARR005814,CR007270,A007270,2025-04-30,EMP003172
ARR005815,CR007271,A007271,2026-01-31,EMP006794
ARR005816,CR007272,A007272,2025-06-27,EMP004462
ARR005817,CR007273,A007273,2024-11-21,EMP008708
ARR005818,CR007274,A007274,2025-01-28,EMP007450
ARR005819,CR007276,A007276,2026-06-02,EMP009374
ARR005820,CR007277,A007277,2025-07-29,EMP000886
ARR005821,CR007278,A007278,2024-08-25,EMP002313
ARR005822,CR007279,A007279,2025-01-13,EMP005663
ARR005823,CR007281,A007281,2026-01-23,EMP007785
ARR005824,CR007282,A007282,2026-01-10,EMP007457
ARR005825,CR007284,A007284,2026-06-28,EMP004961
ARR005826,CR007285,A007285,2026-01-27,EMP004663
ARR005827,CR007286,A007286,2025-09-29,EMP002446
ARR005828,CR007288,A007288,2026-04-27,EMP008902
ARR005829,CR007289,A007289,2024-10-27,EMP004538
ARR005830,CR007290,A007290,2026-04-10,EMP006259
ARR005831,CR007291,A007291,2026-05-17,EMP006372
ARR005832,CR007292,A007292,2026-05-04,EMP003316
ARR005833,CR007293,A007293,2025-03-06,EMP000813
ARR005834,CR007294,A007294,2024-11-15,EMP006978
ARR005835,CR007295,A007295,2025-07-18,EMP009905
ARR005836,CR007297,A007297,2025-05-09,EMP007157
ARR005837,CR007298,A007298,2025-05-04,EMP005678
ARR005838,CR007299,A007299,2024-09-22,EMP005395
ARR005839,CR007300,A007300,2024-11-19,EMP006386
ARR005840,CR007301,A007301,2026-06-07,EMP004731
ARR005841,CR007302,A007302,2025-10-17,EMP004368
ARR005842,CR007303,A007303,2024-09-18,EMP008708
ARR005843,CR007304,A007304,2026-03-09,EMP004208
ARR005844,CR007305,A007305,2025-01-18,EMP003302
ARR005845,CR007306,A007306,2024-12-09,EMP006993
ARR005846,CR007307,A007307,2026-05-23,EMP000333
ARR005847,CR007308,A007308,2026-03-01,EMP003872
ARR005848,CR007309,A007309,2026-02-06,EMP000099
ARR005849,CR007310,A007310,2026-05-14,EMP004540
ARR005850,CR007311,A007311,2025-04-10,EMP005176
ARR005851,CR007312,A007312,2026-07-15,EMP003265
ARR005852,CR007313,A007313,2025-06-22,EMP003148
ARR005853,CR007314,A007314,2025-07-02,EMP003260
ARR005854,CR007315,A007315,2024-12-24,EMP003349
ARR005855,CR007316,A007316,2026-01-27,EMP006874
ARR005856,CR007318,A007318,2026-02-07,EMP007978
ARR005857,CR007319,A007319,2025-03-01,EMP006188
ARR005858,CR007320,A007320,2025-02-16,EMP008632
ARR005859,CR007321,A007321,2026-07-26,EMP004653
ARR005860,CR007322,A007322,2026-02-12,EMP006180
ARR005861,CR007323,A007323,2026-01-29,EMP006783
ARR005862,CR007324,A007324,2025-02-25,EMP001072
ARR005863,CR007325,A007325,2025-10-13,EMP007313
ARR005864,CR007326,A007326,2025-04-06,EMP004681
ARR005865,CR007327,A007327,2025-03-17,EMP001505
ARR005866,CR007328,A007328,2025-01-02,EMP003292
ARR005867,CR007330,A007330,2026-05-10,EMP006437
ARR005868,CR007332,A007332,2025-12-18,EMP007843
ARR005869,CR007334,A007334,2024-12-21,EMP008254
ARR005870,CR007335,A007335,2026-02-15,EMP003325
ARR005871,CR007337,A007337,2024-11-09,EMP010023
ARR005872,CR007338,A007338,2025-12-26,EMP009610
ARR005873,CR007342,A007342,2025-05-09,EMP006029
ARR005874,CR007344,A007344,2025-08-09,EMP009781
ARR005875,CR007345,A007345,2025-12-09,EMP001617
ARR005876,CR007346,A007346,2025-11-22,EMP002639
ARR005877,CR007347,A007347,2025-02-05,EMP003568
ARR005878,CR007349,A007349,2025-09-04,EMP004696
ARR005879,CR007351,A007351,2025-03-13,EMP006203
ARR005880,CR007352,A007352,2025-11-07,EMP005006
ARR005881,CR007353,A007353,2025-05-13,EMP008696
ARR005882,CR007354,A007354,2025-03-13,EMP007927
ARR005883,CR007356,A007356,2025-04-18,EMP006061
ARR005884,CR007358,A007358,2025-12-13,EMP005184
ARR005885,CR007359,A007359,2024-09-01,EMP005851
ARR005886,CR007361,A007361,2024-08-29,EMP004478
ARR005887,CR007362,A007362,2026-03-21,EMP004698
ARR005888,CR007364,A007364,2025-09-23,EMP003865
ARR005889,CR007365,A007365,2026-02-10,EMP006671
ARR005890,CR007366,A007366,2026-05-23,EMP003328
ARR005891,CR007367,A007367,2026-01-30,EMP003862
ARR005892,CR007369,A007369,2026-02-25,EMP001824
ARR005893,CR007370,A007370,2025-09-17,EMP003341
ARR005894,CR007371,A007371,2024-09-25,EMP000603
ARR005895,CR007372,A007372,2025-01-12,EMP003292
ARR005896,CR007373,A007373,2026-03-16,EMP004811
ARR005897,CR007374,A007374,2024-09-25,EMP006068
ARR005898,CR007375,A007375,2026-04-09,EMP009205
ARR005899,CR007376,A007376,2024-11-24,EMP008264
ARR005900,CR007377,A007377,2026-04-21,EMP004897
ARR005901,CR007378,A007378,2024-08-24,EMP005371
ARR005902,CR007379,A007379,2024-11-06,EMP001430
ARR005903,CR007380,A007380,2025-04-30,EMP008991
ARR005904,CR007381,A007381,2025-08-03,EMP004717
ARR005905,CR007382,A007382,2025-12-07,EMP005247
ARR005906,CR007383,A007383,2024-11-17,EMP004548
ARR005907,CR007384,A007384,2025-08-30,EMP009391
ARR005908,CR007385,A007385,2025-09-25,EMP008159
ARR005909,CR007386,A007386,2025-04-07,EMP001219
ARR005910,CR007387,A007387,2025-01-01,EMP002168
ARR005911,CR007389,A007389,2024-10-19,EMP003256
ARR005912,CR007394,A007394,2026-03-04,EMP003359
ARR005913,CR007395,A007395,2026-03-27,EMP003256
ARR005914,CR007396,A007396,2025-08-25,EMP003964
ARR005915,CR007398,A007398,2024-08-20,EMP005376
ARR005916,CR007399,A007399,2025-06-14,EMP005772
ARR005917,CR007400,A007400,2026-07-10,EMP008029
ARR005918,CR007401,A007401,2024-11-03,EMP006221
ARR005919,CR007402,A007402,2026-07-13,EMP000830
ARR005920,CR007403,A007403,2025-04-08,EMP008672
ARR005921,CR007404,A007404,2026-07-16,EMP009640
ARR005922,CR007405,A007405,2025-04-28,EMP005767
ARR005923,CR007406,A007406,2025-07-19,EMP006039
ARR005924,CR007407,A007407,2025-04-08,EMP006363
ARR005925,CR007409,A007409,2025-05-08,EMP007034
ARR005926,CR007410,A007410,2026-02-07,EMP003978
ARR005927,CR007413,A007413,2025-03-30,EMP006134
ARR005928,CR007414,A007414,2024-10-04,EMP003315
ARR005929,CR007415,A007415,2026-05-12,EMP003292
ARR005930,CR007416,A007416,2025-12-07,EMP008306
ARR005931,CR007417,A007417,2024-12-06,EMP005815
ARR005932,CR007418,A007418,2025-09-24,EMP008591
ARR005933,CR007419,A007419,2024-12-08,EMP000789
ARR005934,CR007420,A007420,2024-09-05,EMP002525
ARR005935,CR007421,A007421,2025-01-10,EMP004348
ARR005936,CR007422,A007422,2024-12-12,EMP000659
ARR005937,CR007423,A007423,2025-03-01,EMP003337
ARR005938,CR007424,A007424,2025-12-22,EMP003307
ARR005939,CR007425,A007425,2026-01-29,EMP007804
ARR005940,CR007428,A007428,2024-10-05,EMP004555
ARR005941,CR007429,A007429,2026-07-26,EMP003863
ARR005942,CR007430,A007430,2025-03-14,EMP006298
ARR005943,CR007431,A007431,2025-04-03,EMP003333
ARR005944,CR007432,A007432,2025-02-15,EMP008341
ARR005945,CR007434,A007434,2024-08-27,EMP009189
ARR005946,CR007436,A007436,2025-08-26,EMP009157
ARR005947,CR007437,A007437,2024-08-05,EMP006020
ARR005948,CR007438,A007438,2024-12-06,EMP003291
ARR005949,CR007439,A007439,2025-01-05,EMP000184
ARR005950,CR007440,A007440,2024-08-24,EMP004676
ARR005951,CR007441,A007441,2026-07-04,EMP003358
ARR005952,CR007443,A007443,2025-07-08,EMP003262
ARR005953,CR007444,A007444,2025-09-24,EMP008541
ARR005954,CR007445,A007445,2026-06-08,EMP000308
ARR005955,CR007446,A007446,2024-09-22,EMP003301
ARR005956,CR007447,A007447,2024-09-22,EMP000022
ARR005957,CR007448,A007448,2024-11-12,EMP006789
ARR005958,CR007449,A007449,2024-09-13,EMP001208
ARR005959,CR007450,A007450,2025-03-28,EMP002571
ARR005960,CR007451,A007451,2026-02-05,EMP004556
ARR005961,CR007452,A007452,2024-11-14,EMP003167
ARR005962,CR007453,A007453,2025-10-07,EMP005047
ARR005963,CR007455,A007455,2025-04-25,EMP005574
ARR005964,CR007456,A007456,2024-08-16,EMP004670
ARR005965,CR007457,A007457,2025-06-09,EMP002637
ARR005966,CR007458,A007458,2025-07-02,EMP008149
ARR005967,CR007460,A007460,2026-05-15,EMP008598
ARR005968,CR007462,A007462,2025-04-09,EMP004128
ARR005969,CR007464,A007464,2024-11-21,EMP005063
ARR005970,CR007465,A007465,2025-05-12,EMP003290
ARR005971,CR007466,A007466,2026-04-24,EMP008932
ARR005972,CR007468,A007468,2024-08-16,EMP007525
ARR005973,CR007469,A007469,2025-04-16,EMP003269
ARR005974,CR007470,A007470,2024-12-14,EMP004967
ARR005975,CR007472,A007472,2025-07-19,EMP003258
ARR005976,CR007473,A007473,2025-11-01,EMP003262
ARR005977,CR007474,A007474,2026-01-21,EMP003266
ARR005978,CR007475,A007475,2025-08-29,EMP001571
ARR005979,CR007476,A007476,2024-11-12,EMP000887
ARR005980,CR007477,A007477,2024-09-26,EMP009035
ARR005981,CR007478,A007478,2025-07-12,EMP008997
ARR005982,CR007479,A007479,2025-02-10,EMP003288
ARR005983,CR007480,A007480,2024-09-12,EMP006153
ARR005984,CR007481,A007481,2025-05-24,EMP009410
ARR005985,CR007482,A007482,2025-11-10,EMP008442
ARR005986,CR007483,A007483,2025-04-30,EMP009188
ARR005987,CR007484,A007484,2025-05-10,EMP001755
ARR005988,CR007485,A007485,2026-02-17,EMP004660
ARR005989,CR007487,A007487,2024-10-06,EMP008413
ARR005990,CR007488,A007488,2025-10-08,EMP004840
ARR005991,CR007490,A007490,2025-10-14,EMP009260
ARR005992,CR007491,A007491,2024-10-20,EMP003288
ARR005993,CR007492,A007492,2025-07-09,EMP003294
ARR005994,CR007493,A007493,2026-01-31,EMP009350
ARR005995,CR007495,A007495,2026-05-28,EMP008215
ARR005996,CR007498,A007498,2026-06-25,EMP007051
ARR005997,CR007499,A007499,2026-03-12,EMP003276
ARR005998,CR007500,A007500,2025-09-20,EMP003851
ARR005999,CR007501,A007501,2026-03-12,EMP000294
ARR006000,CR007502,A007502,2025-12-25,EMP008404
ARR006001,CR007503,A007503,2025-05-21,EMP008084
ARR006002,CR007504,A007504,2025-10-31,EMP004862
ARR006003,CR007505,A007505,2026-06-11,EMP009983
ARR006004,CR007506,A007506,2024-10-21,EMP001246
ARR006005,CR007507,A007507,2024-10-04,EMP003346
ARR006006,CR007508,A007508,2026-05-02,EMP002899
ARR006007,CR007509,A007509,2026-05-10,EMP008143
ARR006008,CR007510,A007510,2025-02-20,EMP003269
ARR006009,CR007513,A007513,2026-01-27,EMP005477
ARR006010,CR007514,A007514,2024-08-31,EMP008175
ARR006011,CR007515,A007515,2025-03-17,EMP004942
ARR006012,CR007516,A007516,2025-10-16,EMP001526
ARR006013,CR007517,A007517,2025-05-03,EMP006220
ARR006014,CR007518,A007518,2025-08-26,EMP005295
ARR006015,CR007519,A007519,2025-03-22,EMP001581
ARR006016,CR007520,A007520,2026-07-05,EMP007089
ARR006017,CR007521,A007521,2025-04-15,EMP009850
ARR006018,CR007525,A007525,2025-04-11,EMP006423
ARR006019,CR007526,A007526,2025-01-30,EMP006691
ARR006020,CR007529,A007529,2025-10-30,EMP008394
ARR006021,CR007530,A007530,2026-01-16,EMP001516
ARR006022,CR007533,A007533,2026-05-25,EMP009933
ARR006023,CR007534,A007534,2025-09-01,EMP008130
ARR006024,CR007535,A007535,2024-08-30,EMP003327
ARR006025,CR007536,A007536,2025-08-22,EMP006233
ARR006026,CR007537,A007537,2025-08-29,EMP008683
ARR006027,CR007538,A007538,2024-11-18,EMP001588
ARR006028,CR007539,A007539,2024-08-21,EMP007001
ARR006029,CR007540,A007540,2025-07-14,EMP006116
ARR006030,CR007541,A007541,2025-12-22,EMP008187
ARR006031,CR007542,A007542,2026-03-11,EMP003419
ARR006032,CR007543,A007543,2026-02-14,EMP003289
ARR006033,CR007544,A007544,2025-10-01,EMP004061
ARR006034,CR007545,A007545,2024-09-19,EMP003010
ARR006035,CR007546,A007546,2025-11-12,EMP007049
ARR006036,CR007547,A007547,2024-08-13,EMP005425
ARR006037,CR007548,A007548,2025-02-11,EMP001571
ARR006038,CR007549,A007549,2025-10-29,EMP003441
ARR006039,CR007550,A007550,2026-06-01,EMP003312
ARR006040,CR007551,A007551,2024-10-26,EMP009738
ARR006041,CR007552,A007552,2026-06-06,EMP003291
ARR006042,CR007554,A007554,2024-12-07,EMP001458
ARR006043,CR007555,A007555,2025-12-04,EMP009585
ARR006044,CR007556,A007556,2025-12-12,EMP001710
ARR006045,CR007558,A007558,2025-05-06,EMP009402
ARR006046,CR007560,A007560,2024-10-15,EMP006392
ARR006047,CR007561,A007561,2025-10-18,EMP003578
ARR006048,CR007562,A007562,2025-02-07,EMP008216
ARR006049,CR007563,A007563,2025-02-02,EMP008088
ARR006050,CR007564,A007564,2024-10-05,EMP009763
ARR006051,CR007565,A007565,2026-06-22,EMP009497
ARR006052,CR007568,A007568,2025-03-07,EMP004916
ARR006053,CR007569,A007569,2025-09-25,EMP006039
ARR006054,CR007570,A007570,2025-08-08,EMP006073
ARR006055,CR007571,A007571,2025-04-01,EMP008032
ARR006056,CR007573,A007573,2025-03-17,EMP001427
ARR006057,CR007574,A007574,2026-03-28,EMP002343
ARR006058,CR007575,A007575,2026-06-07,EMP007977
ARR006059,CR007577,A007577,2025-06-26,EMP008061
ARR006060,CR007579,A007579,2026-06-22,EMP004696
ARR006061,CR007580,A007580,2025-09-23,EMP006704
ARR006062,CR007581,A007581,2024-08-22,EMP008742
ARR006063,CR007582,A007582,2025-09-16,EMP003304
ARR006064,CR007583,A007583,2025-07-28,EMP004538
ARR006065,CR007584,A007584,2026-01-23,EMP006233
ARR006066,CR007585,A007585,2025-05-27,EMP002635
ARR006067,CR007589,A007589,2026-07-24,EMP001076
ARR006068,CR007591,A007591,2024-10-18,EMP008232
ARR006069,CR007592,A007592,2025-01-15,EMP003317
ARR006070,CR007593,A007593,2025-04-20,EMP001636
ARR006071,CR007594,A007594,2026-06-15,EMP003324
ARR006072,CR007595,A007595,2024-10-23,EMP008626
ARR006073,CR007596,A007596,2026-01-07,EMP001876
ARR006074,CR007598,A007598,2025-11-11,EMP005458
ARR006075,CR007599,A007599,2026-05-23,EMP003465
ARR006076,CR007601,A007601,2025-10-26,EMP004836
ARR006077,CR007602,A007602,2025-02-04,EMP003854
ARR006078,CR007603,A007603,2026-07-21,EMP006687
ARR006079,CR007604,A007604,2026-04-20,EMP004869
ARR006080,CR007605,A007605,2025-04-10,EMP009650
ARR006081,CR007607,A007607,2026-07-11,EMP002418
ARR006082,CR007608,A007608,2025-03-25,EMP007292
ARR006083,CR007609,A007609,2025-05-24,EMP008684
ARR006084,CR007610,A007610,2026-02-10,EMP005568
ARR006085,CR007611,A007611,2024-12-11,EMP008162
ARR006086,CR007612,A007612,2025-02-13,EMP006864
ARR006087,CR007613,A007613,2024-10-07,EMP003292
ARR006088,CR007614,A007614,2025-07-04,EMP000876
ARR006089,CR007615,A007615,2026-04-19,EMP006697
ARR006090,CR007616,A007616,2025-02-16,EMP001339
ARR006091,CR007617,A007617,2025-08-20,EMP004666
ARR006092,CR007618,A007618,2025-03-09,EMP003316
ARR006093,CR007619,A007619,2025-05-13,EMP008137
ARR006094,CR007620,A007620,2026-03-08,EMP009843
ARR006095,CR007621,A007621,2026-05-25,EMP006633
ARR006096,CR007622,A007622,2025-07-19,EMP007837
ARR006097,CR007623,A007623,2026-07-07,EMP009892
ARR006098,CR007624,A007624,2025-03-28,EMP000679
ARR006099,CR007625,A007625,2025-06-21,EMP002122
ARR006100,CR007626,A007626,2026-07-15,EMP008950
ARR006101,CR007627,A007627,2026-01-20,EMP007785
ARR006102,CR007629,A007629,2026-06-27,EMP003316
ARR006103,CR007630,A007630,2026-07-01,EMP008655
ARR006104,CR007631,A007631,2025-06-03,EMP003284
ARR006105,CR007632,A007632,2025-07-04,EMP005022
ARR006106,CR007633,A007633,2025-07-07,EMP006061
ARR006107,CR007634,A007634,2025-03-22,EMP008222
ARR006108,CR007635,A007635,2025-08-04,EMP004908
ARR006109,CR007636,A007636,2026-07-09,EMP008102
ARR006110,CR007637,A007637,2024-09-15,EMP009786
ARR006111,CR007638,A007638,2024-08-07,EMP009646
ARR006112,CR007639,A007639,2025-10-23,EMP006236
ARR006113,CR007640,A007640,2026-05-28,EMP002988
ARR006114,CR007642,A007642,2025-05-19,EMP000479
ARR006115,CR007643,A007643,2025-12-05,EMP000299
ARR006116,CR007644,A007644,2024-08-30,EMP009262
ARR006117,CR007645,A007645,2024-10-13,EMP005472
ARR006118,CR007648,A007648,2025-04-30,EMP007732
ARR006119,CR007650,A007650,2025-04-09,EMP005895
ARR006120,CR007651,A007651,2026-06-01,EMP004669
ARR006121,CR007653,A007653,2025-09-20,EMP003278
ARR006122,CR007654,A007654,2025-09-14,EMP005822
ARR006123,CR007657,A007657,2024-11-09,EMP008201
ARR006124,CR007658,A007658,2026-01-04,EMP003300
ARR006125,CR007659,A007659,2025-06-24,EMP003313
ARR006126,CR007660,A007660,2025-04-23,EMP009594
ARR006127,CR007662,A007662,2025-02-26,EMP003290
ARR006128,CR007664,A007664,2024-08-08,EMP006916
ARR006129,CR007666,A007666,2024-12-08,EMP005004
ARR006130,CR007669,A007669,2025-12-12,EMP009191
ARR006131,CR007671,A007671,2024-10-13,EMP008404
ARR006132,CR007672,A007672,2025-04-10,EMP008099
ARR006133,CR007673,A007673,2025-04-16,EMP004030
ARR006134,CR007674,A007674,2026-01-15,EMP007212
ARR006135,CR007676,A007676,2025-10-12,EMP006234
ARR006136,CR007677,A007677,2024-12-31,EMP007443
ARR006137,CR007680,A007680,2025-05-23,EMP009437
ARR006138,CR007681,A007681,2026-03-09,EMP008164
ARR006139,CR007683,A007683,2024-08-21,EMP008090
ARR006140,CR007684,A007684,2024-09-02,EMP004747
ARR006141,CR007686,A007686,2025-03-01,EMP005626
ARR006142,CR007688,A007688,2025-01-31,EMP007702
ARR006143,CR007689,A007689,2025-03-20,EMP004871
ARR006144,CR007690,A007690,2024-12-16,EMP007283
ARR006145,CR007691,A007691,2026-02-08,EMP007984
ARR006146,CR007692,A007692,2025-01-16,EMP005008
ARR006147,CR007693,A007693,2025-12-02,EMP007040
ARR006148,CR007694,A007694,2024-11-30,EMP005948
ARR006149,CR007695,A007695,2025-05-13,EMP006224
ARR006150,CR007696,A007696,2025-10-20,EMP000889
ARR006151,CR007697,A007697,2026-06-25,EMP001712
ARR006152,CR007698,A007698,2025-02-16,EMP005285
ARR006153,CR007699,A007699,2025-10-29,EMP000059
ARR006154,CR007700,A007700,2025-01-23,EMP006442
ARR006155,CR007701,A007701,2024-09-04,EMP009477
ARR006156,CR007703,A007703,2026-05-24,EMP007113
ARR006157,CR007704,A007704,2024-11-20,EMP002539
ARR006158,CR007705,A007705,2026-07-06,EMP003268
ARR006159,CR007707,A007707,2024-09-25,EMP008665
ARR006160,CR007708,A007708,2025-06-16,EMP005020
ARR006161,CR007709,A007709,2025-11-25,EMP009289
ARR006162,CR007711,A007711,2025-05-03,EMP009306
ARR006163,CR007712,A007712,2025-06-14,EMP009274
ARR006164,CR007713,A007713,2026-04-25,EMP007249
ARR006165,CR007715,A007715,2026-05-13,EMP002846
ARR006166,CR007718,A007718,2024-10-06,EMP005350
ARR006167,CR007719,A007719,2026-05-01,EMP009325
ARR006168,CR007720,A007720,2025-06-02,EMP004884
ARR006169,CR007721,A007721,2025-02-10,EMP007697
ARR006170,CR007722,A007722,2025-04-28,EMP008614
ARR006171,CR007723,A007723,2026-05-12,EMP006858
ARR006172,CR007724,A007724,2024-09-25,EMP005131
ARR006173,CR007726,A007726,2026-04-15,EMP006447
ARR006174,CR007728,A007728,2025-03-06,EMP002387
ARR006175,CR007729,A007729,2024-07-25,EMP003358
ARR006176,CR007730,A007730,2026-01-25,EMP008953
ARR006177,CR007731,A007731,2026-05-27,EMP001355
ARR006178,CR007732,A007732,2026-05-23,EMP001916
ARR006179,CR007733,A007733,2026-05-02,EMP004688
ARR006180,CR007734,A007734,2026-05-03,EMP006634
ARR006181,CR007735,A007735,2024-10-09,EMP006067
ARR006182,CR007737,A007737,2025-02-19,EMP004951
ARR006183,CR007738,A007738,2025-04-24,EMP005188
ARR006184,CR007739,A007739,2024-12-06,EMP009249
ARR006185,CR007740,A007740,2025-10-18,EMP003309
ARR006186,CR007742,A007742,2025-04-18,EMP003345
ARR006187,CR007743,A007743,2026-01-10,EMP001231
ARR006188,CR007745,A007745,2024-11-08,EMP006153
ARR006189,CR007746,A007746,2025-01-13,EMP005435
ARR006190,CR007747,A007747,2024-08-26,EMP008586
ARR006191,CR007748,A007748,2024-10-12,EMP004969
ARR006192,CR007749,A007749,2024-10-14,EMP003871
ARR006193,CR007750,A007750,2025-05-19,EMP004684
ARR006194,CR007751,A007751,2025-10-09,EMP006191
ARR006195,CR007752,A007752,2025-05-14,EMP005088
ARR006196,CR007753,A007753,2024-10-17,EMP001481
ARR006197,CR007755,A007755,2024-08-24,EMP004405
ARR006198,CR007756,A007756,2025-03-07,EMP006689
ARR006199,CR007757,A007757,2024-11-29,EMP009176
ARR006200,CR007758,A007758,2025-01-10,EMP003964
ARR006201,CR007759,A007759,2025-12-19,EMP003277
ARR006202,CR007761,A007761,2025-07-09,EMP003285
ARR006203,CR007763,A007763,2025-07-08,EMP006709
ARR006204,CR007764,A007764,2025-05-13,EMP004863
ARR006205,CR007765,A007765,2026-06-20,EMP003271
ARR006206,CR007766,A007766,2025-07-25,EMP001338
ARR006207,CR007767,A007767,2024-09-27,EMP001383
ARR006208,CR007768,A007768,2026-04-07,EMP008097
ARR006209,CR007769,A007769,2025-10-07,EMP009483
ARR006210,CR007771,A007771,2025-10-03,EMP004881
ARR006211,CR007773,A007773,2025-06-17,EMP006278
ARR006212,CR007775,A007775,2025-09-27,EMP008617
ARR006213,CR007776,A007776,2026-06-20,EMP004949
ARR006214,CR007777,A007777,2026-05-15,EMP008602
ARR006215,CR007778,A007778,2025-07-22,EMP004212
ARR006216,CR007779,A007779,2025-05-19,EMP008022
ARR006217,CR007780,A007780,2025-08-18,EMP003316
ARR006218,CR007781,A007781,2026-07-16,EMP007747
ARR006219,CR007782,A007782,2024-12-18,EMP000085
ARR006220,CR007783,A007783,2025-02-23,EMP008620
ARR006221,CR007784,A007784,2025-07-24,EMP004746
ARR006222,CR007785,A007785,2026-05-28,EMP005859
ARR006223,CR007786,A007786,2026-04-13,EMP006073
ARR006224,CR007787,A007787,2025-09-27,EMP000775
ARR006225,CR007788,A007788,2026-04-15,EMP006136
ARR006226,CR007790,A007790,2026-06-13,EMP001241
ARR006227,CR007791,A007791,2025-11-14,EMP008690
ARR006228,CR007793,A007793,2025-12-11,EMP001708
ARR006229,CR007794,A007794,2026-03-26,EMP008437
ARR006230,CR007795,A007795,2024-11-07,EMP004400
ARR006231,CR007796,A007796,2025-04-18,EMP008657
ARR006232,CR007797,A007797,2025-07-30,EMP005036
ARR006233,CR007798,A007798,2026-02-13,EMP006870
ARR006234,CR007799,A007799,2025-03-29,EMP006839
ARR006235,CR007800,A007800,2025-07-09,EMP006980
ARR006236,CR007801,A007801,2026-07-12,EMP000889
ARR006237,CR007802,A007802,2024-10-22,EMP003266
ARR006238,CR007804,A007804,2025-07-11,EMP002494
ARR006239,CR007805,A007805,2025-05-29,EMP009924
ARR006240,CR007806,A007806,2024-09-14,EMP000232
ARR006241,CR007807,A007807,2026-06-30,EMP009479
ARR006242,CR007808,A007808,2024-10-29,EMP008272
ARR006243,CR007809,A007809,2024-08-10,EMP006664
ARR006244,CR007811,A007811,2026-02-19,EMP007808
ARR006245,CR007812,A007812,2025-12-03,EMP009274
ARR006246,CR007813,A007813,2025-07-20,EMP003298
ARR006247,CR007815,A007815,2024-11-09,EMP000891
ARR006248,CR007817,A007817,2024-08-21,EMP003503
ARR006249,CR007818,A007818,2025-04-24,EMP005488
ARR006250,CR007819,A007819,2026-03-27,EMP002652
ARR006251,CR007820,A007820,2026-06-30,EMP003294
ARR006252,CR007821,A007821,2024-12-06,EMP006297
ARR006253,CR007822,A007822,2024-08-31,EMP005621
ARR006254,CR007824,A007824,2025-05-27,EMP004856
ARR006255,CR007825,A007825,2026-06-26,EMP003262
ARR006256,CR007826,A007826,2024-09-27,EMP006082
ARR006257,CR007827,A007827,2025-10-28,EMP003284
ARR006258,CR007829,A007829,2024-11-11,EMP000661
ARR006259,CR007831,A007831,2025-05-03,EMP004708
ARR006260,CR007832,A007832,2024-09-19,EMP000170
ARR006261,CR007834,A007834,2025-11-05,EMP004701
ARR006262,CR007835,A007835,2026-06-07,EMP004522
ARR006263,CR007836,A007836,2024-10-11,EMP003298
ARR006264,CR007838,A007838,2026-05-03,EMP004496
ARR006265,CR007839,A007839,2025-02-20,EMP000806
ARR006266,CR007841,A007841,2025-05-12,EMP002901
ARR006267,CR007842,A007842,2024-08-12,EMP003448
ARR006268,CR007843,A007843,2025-09-18,EMP009348
ARR006269,CR007844,A007844,2026-07-16,EMP007068
ARR006270,CR007845,A007845,2024-10-01,EMP005371
ARR006271,CR007846,A007846,2026-06-04,EMP001331
ARR006272,CR007848,A007848,2025-01-10,EMP003265
ARR006273,CR007850,A007850,2026-03-10,EMP008232
ARR006274,CR007851,A007851,2025-03-12,EMP004094
ARR006275,CR007852,A007852,2026-06-23,EMP004742
ARR006276,CR007853,A007853,2025-07-22,EMP004831
ARR006277,CR007854,A007854,2026-01-26,EMP001485
ARR006278,CR007855,A007855,2025-01-19,EMP006131
ARR006279,CR007857,A007857,2024-08-16,EMP003294
ARR006280,CR007858,A007858,2025-09-25,EMP003377
ARR006281,CR007859,A007859,2025-12-01,EMP010057
ARR006282,CR007860,A007860,2024-11-22,EMP003038
ARR006283,CR007861,A007861,2026-05-17,EMP004829
ARR006284,CR007862,A007862,2026-01-15,EMP007131
ARR006285,CR007863,A007863,2025-10-09,EMP004663
ARR006286,CR007864,A007864,2026-02-04,EMP005180
ARR006287,CR007865,A007865,2025-10-21,EMP006663
ARR006288,CR007866,A007866,2025-06-19,EMP008097
ARR006289,CR007867,A007867,2026-03-28,EMP000884
ARR006290,CR007868,A007868,2025-05-28,EMP003370
ARR006291,CR007869,A007869,2026-03-04,EMP005793
ARR006292,CR007870,A007870,2025-07-01,EMP003279
ARR006293,CR007871,A007871,2026-01-24,EMP007231
ARR006294,CR007872,A007872,2025-02-06,EMP007173
ARR006295,CR007873,A007873,2026-06-04,EMP004128
ARR006296,CR007877,A007877,2025-05-26,EMP001101
ARR006297,CR007878,A007878,2025-08-11,EMP006127
ARR006298,CR007879,A007879,2026-03-30,EMP003356
ARR006299,CR007880,A007880,2026-04-28,EMP006952
ARR006300,CR007881,A007881,2026-04-11,EMP001330
ARR006301,CR007882,A007882,2025-09-26,EMP005137
ARR006302,CR007883,A007883,2025-09-24,EMP004735
ARR006303,CR007884,A007884,2026-04-25,EMP003264
ARR006304,CR007885,A007885,2025-04-09,EMP003464
ARR006305,CR007886,A007886,2025-10-29,EMP004948
ARR006306,CR007887,A007887,2025-11-30,EMP008393
ARR006307,CR007888,A007888,2024-12-13,EMP006748
ARR006308,CR007890,A007890,2026-06-11,EMP008666
ARR006309,CR007891,A007891,2025-07-13,EMP008767
ARR006310,CR007892,A007892,2026-02-27,EMP005152
ARR006311,CR007893,A007893,2026-06-28,EMP003294
ARR006312,CR007894,A007894,2025-12-19,EMP003267
ARR006313,CR007895,A007895,2024-12-09,EMP008686
ARR006314,CR007897,A007897,2026-02-27,EMP009669
ARR006315,CR007900,A007900,2026-01-31,EMP000084
ARR006316,CR007901,A007901,2025-01-03,EMP003308
ARR006317,CR007902,A007902,2024-10-30,EMP008145
ARR006318,CR007904,A007904,2026-01-14,EMP001752
ARR006319,CR007905,A007905,2025-10-08,EMP004190
ARR006320,CR007906,A007906,2025-08-20,EMP005953
ARR006321,CR007907,A007907,2025-08-07,EMP009602
ARR006322,CR007908,A007908,2025-10-11,EMP006304
ARR006323,CR007909,A007909,2025-10-28,EMP001925
ARR006324,CR007910,A007910,2025-07-15,EMP008685
ARR006325,CR007911,A007911,2026-03-14,EMP003297
ARR006326,CR007912,A007912,2025-12-25,EMP003296
ARR006327,CR007913,A007913,2026-04-27,EMP002054
ARR006328,CR007914,A007914,2026-01-19,EMP008706
ARR006329,CR007915,A007915,2026-01-14,EMP003918
ARR006330,CR007916,A007916,2026-05-18,EMP004781
ARR006331,CR007917,A007917,2026-01-08,EMP009403
ARR006332,CR007918,A007918,2024-08-07,EMP009235
ARR006333,CR007919,A007919,2025-03-23,EMP001945
ARR006334,CR007920,A007920,2025-07-20,EMP000817
ARR006335,CR007921,A007921,2026-04-03,EMP008597
ARR006336,CR007922,A007922,2025-12-17,EMP003291
ARR006337,CR007923,A007923,2025-11-08,EMP003291
ARR006338,CR007924,A007924,2025-01-19,EMP003894
ARR006339,CR007925,A007925,2024-10-02,EMP008556
ARR006340,CR007926,A007926,2024-09-01,EMP001008
ARR006341,CR007927,A007927,2025-12-07,EMP007288
ARR006342,CR007928,A007928,2025-09-09,EMP000715
ARR006343,CR007929,A007929,2026-04-08,EMP006415
ARR006344,CR007931,A007931,2026-02-13,EMP005871
ARR006345,CR007932,A007932,2024-09-06,EMP007889
ARR006346,CR007935,A007935,2025-07-24,EMP006903
ARR006347,CR007936,A007936,2026-04-26,EMP009350
ARR006348,CR007937,A007937,2025-01-03,EMP003277
ARR006349,CR007938,A007938,2025-04-03,EMP004717
ARR006350,CR007940,A007940,2026-07-02,EMP004537
ARR006351,CR007941,A007941,2026-01-03,EMP003150
ARR006352,CR007944,A007944,2024-10-05,EMP007994
ARR006353,CR007945,A007945,2025-05-13,EMP004831
ARR006354,CR007946,A007946,2026-03-15,EMP000490
ARR006355,CR007947,A007947,2026-05-03,EMP007949
ARR006356,CR007948,A007948,2024-10-27,EMP001730
ARR006357,CR007949,A007949,2025-11-19,EMP009387
ARR006358,CR007950,A007950,2026-03-11,EMP007198
ARR006359,CR007951,A007951,2025-10-18,EMP000721
ARR006360,CR007952,A007952,2024-08-05,EMP003270
ARR006361,CR007953,A007953,2024-10-12,EMP009404
ARR006362,CR007954,A007954,2026-04-14,EMP008038
ARR006363,CR007955,A007955,2025-06-16,EMP005246
ARR006364,CR007956,A007956,2025-07-03,EMP007987
ARR006365,CR007957,A007957,2025-04-23,EMP001268
ARR006366,CR007958,A007958,2026-07-04,EMP004921
ARR006367,CR007959,A007959,2024-12-28,EMP003369
ARR006368,CR007960,A007960,2026-03-26,EMP003842
ARR006369,CR007962,A007962,2026-01-18,EMP004778
ARR006370,CR007963,A007963,2024-08-16,EMP004907
ARR006371,CR007964,A007964,2024-08-01,EMP001524
ARR006372,CR007965,A007965,2025-10-21,EMP008234
ARR006373,CR007966,A007966,2025-08-31,EMP002004
ARR006374,CR007967,A007967,2026-02-22,EMP003307
ARR006375,CR007968,A007968,2026-03-11,EMP003290
ARR006376,CR007970,A007970,2025-03-04,EMP008723
ARR006377,CR007971,A007971,2025-02-11,EMP001676
ARR006378,CR007972,A007972,2024-07-13,EMP003282
ARR006379,CR007973,A007973,2025-12-29,EMP007135
ARR006380,CR007974,A007974,2025-11-19,EMP004041
ARR006381,CR007975,A007975,2025-07-19,EMP004365
ARR006382,CR007976,A007976,2024-11-11,EMP004672
ARR006383,CR007977,A007977,2025-08-23,EMP001326
ARR006384,CR007978,A007978,2025-08-27,EMP005428
ARR006385,CR007979,A007979,2026-04-16,EMP008540
ARR006386,CR007980,A007980,2025-10-04,EMP001338
ARR006387,CR007981,A007981,2025-01-25,EMP005760
ARR006388,CR007982,A007982,2025-12-10,EMP000886
ARR006389,CR007983,A007983,2026-06-26,EMP008675
ARR006390,CR007984,A007984,2024-07-25,EMP008746
ARR006391,CR007985,A007985,2026-06-10,EMP007703
ARR006392,CR007986,A007986,2026-04-02,EMP008667
ARR006393,CR007987,A007987,2026-06-29,EMP005259
ARR006394,CR007988,A007988,2026-01-19,EMP009959
ARR006395,CR007989,A007989,2026-01-14,EMP003301
ARR006396,CR007990,A007990,2026-03-04,EMP009961
ARR006397,CR007991,A007991,2025-10-08,EMP000885
ARR006398,CR007992,A007992,2025-12-16,EMP001287
ARR006399,CR007993,A007993,2024-11-18,EMP002341
ARR006400,CR007994,A007994,2026-07-09,EMP006575
ARR006401,CR007995,A007995,2026-02-06,EMP009181
ARR006402,CR007996,A007996,2026-03-12,EMP003310
ARR006403,CR007997,A007997,2025-12-27,EMP008783
ARR006404,CR007998,A007998,2025-10-15,EMP009203
ARR006405,CR007999,A007999,2026-06-09,EMP006959
ARR006406,CR008002,A008002,2025-09-27,EMP000978
ARR006407,CR008003,A008003,2024-09-01,EMP003304
ARR006408,CR008004,A008004,2025-05-25,EMP003932
ARR006409,CR008005,A008005,2026-02-15,EMP007485
ARR006410,CR008007,A008007,2025-03-26,EMP009158
ARR006411,CR008008,A008008,2024-11-24,EMP005865
ARR006412,CR008009,A008009,2026-02-27,EMP005115
ARR006413,CR008011,A008011,2026-07-17,EMP000892
ARR006414,CR008012,A008012,2025-02-15,EMP003290
ARR006415,CR008013,A008013,2025-06-17,EMP005840
ARR006416,CR008015,A008015,2026-05-11,EMP006059
ARR006417,CR008017,A008017,2025-12-17,EMP003271
ARR006418,CR008018,A008018,2024-09-27,EMP004138
ARR006419,CR008020,A008020,2026-03-01,EMP004472
ARR006420,CR008021,A008021,2024-08-28,EMP008520
ARR006421,CR008022,A008022,2026-05-15,EMP002397
ARR006422,CR008025,A008025,2024-09-04,EMP003374
ARR006423,CR008026,A008026,2024-11-14,EMP006892
ARR006424,CR008027,A008027,2025-11-17,EMP003299
ARR006425,CR008028,A008028,2025-02-21,EMP006900
ARR006426,CR008029,A008029,2024-08-30,EMP004175
ARR006427,CR008030,A008030,2026-06-07,EMP008243
ARR006428,CR008031,A008031,2025-05-10,EMP001390
ARR006429,CR008033,A008033,2025-04-04,EMP005019
ARR006430,CR008034,A008034,2025-08-16,EMP002889
ARR006431,CR008035,A008035,2024-10-27,EMP005595
ARR006432,CR008036,A008036,2024-10-18,EMP000701
ARR006433,CR008037,A008037,2025-11-13,EMP005972
ARR006434,CR008038,A008038,2025-03-20,EMP008128
ARR006435,CR008039,A008039,2026-04-05,EMP008787
ARR006436,CR008040,A008040,2024-09-14,EMP008555
ARR006437,CR008041,A008041,2024-08-05,EMP006695
ARR006438,CR008043,A008043,2025-01-21,EMP006104
ARR006439,CR008045,A008045,2025-11-09,EMP003295
ARR006440,CR008046,A008046,2026-02-03,EMP004508
ARR006441,CR008047,A008047,2026-04-28,EMP009893
ARR006442,CR008050,A008050,2025-09-07,EMP003312
ARR006443,CR008051,A008051,2026-05-29,EMP000205
ARR006444,CR008054,A008054,2026-03-16,EMP009769
ARR006445,CR008055,A008055,2024-12-04,EMP008315
ARR006446,CR008057,A008057,2025-05-04,EMP001099
ARR006447,CR008058,A008058,2024-09-15,EMP007115
ARR006448,CR008059,A008059,2024-07-31,EMP003260
ARR006449,CR008060,A008060,2025-07-24,EMP002929
ARR006450,CR008061,A008061,2026-05-17,EMP006649
ARR006451,CR008065,A008065,2025-01-05,EMP003299
ARR006452,CR008066,A008066,2024-08-06,EMP004120
ARR006453,CR008067,A008067,2025-04-02,EMP004878
ARR006454,CR008068,A008068,2024-08-27,EMP006100
ARR006455,CR008070,A008070,2025-06-05,EMP001272
ARR006456,CR008071,A008071,2024-08-26,EMP003354
ARR006457,CR008074,A008074,2025-05-19,EMP002637
ARR006458,CR008075,A008075,2025-09-26,EMP009029
ARR006459,CR008076,A008076,2025-11-26,EMP006314
ARR006460,CR008077,A008077,2025-09-23,EMP004336
ARR006461,CR008079,A008079,2025-08-06,EMP000891
ARR006462,CR008080,A008080,2025-01-29,EMP007275
ARR006463,CR008081,A008081,2025-04-26,EMP006625
ARR006464,CR008084,A008084,2025-02-24,EMP002336
ARR006465,CR008085,A008085,2025-07-03,EMP007789
ARR006466,CR008086,A008086,2025-01-22,EMP000673
ARR006467,CR008087,A008087,2024-11-24,EMP008074
ARR006468,CR008089,A008089,2025-03-03,EMP006143
ARR006469,CR008090,A008090,2025-10-14,EMP007980
ARR006470,CR008092,A008092,2025-01-22,EMP004645
ARR006471,CR008093,A008093,2026-04-07,EMP006481
ARR006472,CR008094,A008094,2025-07-03,EMP003122
ARR006473,CR008095,A008095,2026-07-02,EMP003305
ARR006474,CR008096,A008096,2026-01-14,EMP007267
ARR006475,CR008097,A008097,2025-06-23,EMP008669
ARR006476,CR008098,A008098,2026-03-19,EMP005302
ARR006477,CR008101,A008101,2025-10-01,EMP003258
ARR006478,CR008102,A008102,2026-06-15,EMP004831
ARR006479,CR008103,A008103,2026-07-08,EMP003296
ARR006480,CR008105,A008105,2025-03-19,EMP008486
ARR006481,CR008106,A008106,2025-02-20,EMP004769
ARR006482,CR008107,A008107,2024-08-29,EMP003348
ARR006483,CR008109,A008109,2025-12-09,EMP003307
ARR006484,CR008110,A008110,2025-04-14,EMP008501
ARR006485,CR008111,A008111,2026-02-26,EMP003266
ARR006486,CR008113,A008113,2025-02-19,EMP006307
ARR006487,CR008114,A008114,2024-11-07,EMP008530
ARR006488,CR008115,A008115,2025-07-22,EMP003277
ARR006489,CR008116,A008116,2025-08-16,EMP000227
ARR006490,CR008117,A008117,2024-11-23,EMP003084
ARR006491,CR008121,A008121,2024-09-18,EMP003029
ARR006492,CR008123,A008123,2026-06-16,EMP004662
ARR006493,CR008124,A008124,2025-05-08,EMP006674
ARR006494,CR008125,A008125,2024-07-28,EMP003302
ARR006495,CR008126,A008126,2025-04-26,EMP004364
ARR006496,CR008127,A008127,2025-08-22,EMP006025
ARR006497,CR008129,A008129,2024-12-26,EMP006253
ARR006498,CR008130,A008130,2026-01-06,EMP001843
ARR006499,CR008131,A008131,2025-02-15,EMP004712
ARR006500,CR008132,A008132,2024-07-27,EMP009003
ARR006501,CR008133,A008133,2026-02-05,EMP008546
ARR006502,CR008134,A008134,2024-12-24,EMP006743
ARR006503,CR008135,A008135,2025-10-15,EMP004903
ARR006504,CR008136,A008136,2025-02-08,EMP008117
ARR006505,CR008137,A008137,2026-01-10,EMP002773
ARR006506,CR008138,A008138,2025-02-07,EMP006343
ARR006507,CR008139,A008139,2025-05-29,EMP003375
ARR006508,CR008140,A008140,2024-08-29,EMP001587
ARR006509,CR008141,A008141,2026-01-26,EMP001586
ARR006510,CR008142,A008142,2025-05-26,EMP001790
ARR006511,CR008143,A008143,2026-03-05,EMP006064
ARR006512,CR008144,A008144,2025-06-28,EMP006873
ARR006513,CR008145,A008145,2025-06-04,EMP007421
ARR006514,CR008146,A008146,2026-02-01,EMP007698
ARR006515,CR008147,A008147,2025-04-19,EMP001330
ARR006516,CR008148,A008148,2025-04-02,EMP004800
ARR006517,CR008149,A008149,2026-02-25,EMP008422
ARR006518,CR008150,A008150,2025-12-16,EMP008050
ARR006519,CR008152,A008152,2024-09-16,EMP001510
ARR006520,CR008153,A008153,2026-05-18,EMP001292
ARR006521,CR008155,A008155,2024-08-26,EMP000410
ARR006522,CR008156,A008156,2026-06-19,EMP006055
ARR006523,CR008157,A008157,2024-08-20,EMP005806
ARR006524,CR008159,A008159,2025-09-08,EMP007065
ARR006525,CR008162,A008162,2025-10-13,EMP004818
ARR006526,CR008163,A008163,2024-09-26,EMP002963
ARR006527,CR008164,A008164,2026-04-29,EMP006177
ARR006528,CR008165,A008165,2026-01-29,EMP000819
ARR006529,CR008166,A008166,2025-10-21,EMP004663
ARR006530,CR008168,A008168,2025-06-02,EMP004293
ARR006531,CR008169,A008169,2024-12-21,EMP008820
ARR006532,CR008170,A008170,2026-03-04,EMP004902
ARR006533,CR008171,A008171,2024-10-02,EMP006192
ARR006534,CR008172,A008172,2025-11-21,EMP008678
ARR006535,CR008173,A008173,2024-12-12,EMP003882
ARR006536,CR008174,A008174,2025-11-07,EMP000891
ARR006537,CR008175,A008175,2025-07-15,EMP008786
ARR006538,CR008176,A008176,2025-06-10,EMP000892
ARR006539,CR008178,A008178,2025-05-30,EMP003296
ARR006540,CR008179,A008179,2025-07-09,EMP006677
ARR006541,CR008182,A008182,2025-05-31,EMP006248
ARR006542,CR008183,A008183,2024-10-12,EMP000831
ARR006543,CR008185,A008185,2026-07-12,EMP001823
ARR006544,CR008186,A008186,2024-08-22,EMP003316
ARR006545,CR008187,A008187,2024-12-31,EMP003266
ARR006546,CR008188,A008188,2025-07-10,EMP003116
ARR006547,CR008189,A008189,2026-05-31,EMP008219
ARR006548,CR008193,A008193,2025-06-21,EMP004238
ARR006549,CR008194,A008194,2024-08-18,EMP008330
ARR006550,CR008195,A008195,2025-06-24,EMP001318
ARR006551,CR008196,A008196,2025-10-04,EMP001341
ARR006552,CR008197,A008197,2026-03-26,EMP008014
ARR006553,CR008198,A008198,2024-09-03,EMP005156
ARR006554,CR008199,A008199,2025-09-03,EMP006530
ARR006555,CR008200,A008200,2025-08-08,EMP008164
ARR006556,CR008201,A008201,2025-02-07,EMP003297
ARR006557,CR008202,A008202,2024-11-20,EMP000342
ARR006558,CR008203,A008203,2026-02-15,EMP008186
ARR006559,CR008204,A008204,2025-06-20,EMP000833
ARR006560,CR008205,A008205,2025-05-09,EMP009563
ARR006561,CR008206,A008206,2024-11-26,EMP003259
ARR006562,CR008209,A008209,2024-08-07,EMP003372
ARR006563,CR008210,A008210,2025-08-12,EMP005703
ARR006564,CR008212,A008212,2025-07-17,EMP006061
ARR006565,CR008213,A008213,2025-07-10,EMP009768
ARR006566,CR008215,A008215,2024-10-03,EMP001569
ARR006567,CR008216,A008216,2026-06-15,EMP009765
ARR006568,CR008217,A008217,2026-07-26,EMP009232
ARR006569,CR008218,A008218,2024-10-19,EMP000471
ARR006570,CR008220,A008220,2025-01-09,EMP009782
ARR006571,CR008222,A008222,2025-07-13,EMP005223
ARR006572,CR008223,A008223,2025-09-19,EMP007751
ARR006573,CR008225,A008225,2025-09-16,EMP002466
ARR006574,CR008227,A008227,2025-04-21,EMP000636
ARR006575,CR008228,A008228,2025-08-18,EMP003303
ARR006576,CR008229,A008229,2025-05-14,EMP005185
ARR006577,CR008231,A008231,2026-01-13,EMP005300
ARR006578,CR008232,A008232,2026-01-08,EMP001806
ARR006579,CR008233,A008233,2025-06-14,EMP006697
ARR006580,CR008235,A008235,2025-06-02,EMP000983
ARR006581,CR008238,A008238,2025-09-25,EMP004676
ARR006582,CR008239,A008239,2026-02-02,EMP000022
ARR006583,CR008240,A008240,2025-12-30,EMP003318
ARR006584,CR008241,A008241,2026-07-05,EMP003305
ARR006585,CR008243,A008243,2026-05-25,EMP000721
ARR006586,CR008244,A008244,2026-04-19,EMP003546
ARR006587,CR008245,A008245,2026-04-11,EMP000884
ARR006588,CR008247,A008247,2026-04-27,EMP007697
ARR006589,CR008248,A008248,2025-01-04,EMP006984
ARR006590,CR008249,A008249,2025-08-05,EMP009371
ARR006591,CR008250,A008250,2025-02-08,EMP004872
ARR006592,CR008251,A008251,2026-05-02,EMP003118
ARR006593,CR008252,A008252,2026-02-17,EMP003289
ARR006594,CR008254,A008254,2026-01-04,EMP000885
ARR006595,CR008256,A008256,2025-05-28,EMP003259
ARR006596,CR008257,A008257,2025-12-18,EMP007376
ARR006597,CR008258,A008258,2024-10-09,EMP003312
ARR006598,CR008259,A008259,2026-01-01,EMP006629
ARR006599,CR008260,A008260,2025-05-04,EMP004172
ARR006600,CR008262,A008262,2024-10-16,EMP009037
ARR006601,CR008263,A008263,2026-05-11,EMP001327
ARR006602,CR008264,A008264,2026-06-23,EMP008748
ARR006603,CR008265,A008265,2026-04-19,EMP006207
ARR006604,CR008266,A008266,2025-12-03,EMP006229
ARR006605,CR008268,A008268,2025-05-01,EMP003295
ARR006606,CR008269,A008269,2025-06-30,EMP002307
ARR006607,CR008270,A008270,2025-09-02,EMP000596
ARR006608,CR008273,A008273,2025-08-26,EMP008800
ARR006609,CR008274,A008274,2025-05-22,EMP000121
ARR006610,CR008275,A008275,2024-11-17,EMP008648
ARR006611,CR008276,A008276,2025-08-23,EMP003340
ARR006612,CR008278,A008278,2026-06-17,EMP008653
ARR006613,CR008281,A008281,2025-05-02,EMP008441
ARR006614,CR008282,A008282,2025-07-10,EMP003382
ARR006615,CR008283,A008283,2026-03-27,EMP008614
ARR006616,CR008285,A008285,2024-09-26,EMP005157
ARR006617,CR008287,A008287,2025-04-29,EMP003291
ARR006618,CR008288,A008288,2026-06-04,EMP003442
ARR006619,CR008289,A008289,2025-12-06,EMP008506
ARR006620,CR008290,A008290,2024-08-05,EMP000403
ARR006621,CR008292,A008292,2026-05-25,EMP003297
ARR006622,CR008293,A008293,2026-07-15,EMP006161
ARR006623,CR008294,A008294,2024-08-30,EMP007216
ARR006624,CR008295,A008295,2025-07-29,EMP004452
ARR006625,CR008297,A008297,2025-08-09,EMP000364
ARR006626,CR008298,A008298,2024-08-24,EMP009156
ARR006627,CR008299,A008299,2025-02-12,EMP008696
ARR006628,CR008300,A008300,2025-08-01,EMP007987
ARR006629,CR008303,A008303,2026-01-18,EMP009722
ARR006630,CR008304,A008304,2025-02-25,EMP005841
ARR006631,CR008305,A008305,2024-11-09,EMP006177
ARR006632,CR008306,A008306,2024-10-18,EMP006650
ARR006633,CR008307,A008307,2025-08-17,EMP009156
ARR006634,CR008308,A008308,2026-03-12,EMP004825
ARR006635,CR008309,A008309,2026-03-12,EMP006026
ARR006636,CR008311,A008311,2024-11-10,EMP007916
ARR006637,CR008313,A008313,2026-05-03,EMP009623
ARR006638,CR008314,A008314,2025-10-30,EMP004663
ARR006639,CR008315,A008315,2025-07-08,EMP001096
ARR006640,CR008316,A008316,2024-12-31,EMP004896
ARR006641,CR008318,A008318,2025-11-03,EMP004636
ARR006642,CR008319,A008319,2026-05-30,EMP008732
ARR006643,CR008321,A008321,2025-11-04,EMP006099
ARR006644,CR008322,A008322,2026-05-16,EMP008616
ARR006645,CR008323,A008323,2024-08-23,EMP004906
ARR006646,CR008324,A008324,2024-10-21,EMP008562
ARR006647,CR008325,A008325,2025-10-29,EMP003332
ARR006648,CR008326,A008326,2026-06-19,EMP009246
ARR006649,CR008327,A008327,2025-07-22,EMP008697
ARR006650,CR008328,A008328,2025-10-02,EMP008653
ARR006651,CR008329,A008329,2025-06-09,EMP003268
ARR006652,CR008330,A008330,2025-07-15,EMP004401
ARR006653,CR008331,A008331,2025-04-03,EMP003299
ARR006654,CR008333,A008333,2026-01-21,EMP006230
ARR006655,CR008334,A008334,2025-12-04,EMP004812
ARR006656,CR008335,A008335,2026-02-11,EMP001152
ARR006657,CR008336,A008336,2026-01-29,EMP007300
ARR006658,CR008337,A008337,2025-07-08,EMP004728
ARR006659,CR008338,A008338,2024-07-30,EMP010001
ARR006660,CR008339,A008339,2025-03-15,EMP009590
ARR006661,CR008340,A008340,2025-10-29,EMP009157
ARR006662,CR008341,A008341,2024-12-09,EMP002493
ARR006663,CR008342,A008342,2025-06-23,EMP003291
ARR006664,CR008343,A008343,2026-05-20,EMP004811
ARR006665,CR008344,A008344,2025-06-08,EMP004814
ARR006666,CR008346,A008346,2025-05-22,EMP000982
ARR006667,CR008347,A008347,2025-12-01,EMP009152
ARR006668,CR008349,A008349,2026-02-16,EMP007139
ARR006669,CR008350,A008350,2025-06-16,EMP002945
ARR006670,CR008351,A008351,2026-06-28,EMP002255
ARR006671,CR008352,A008352,2025-06-18,EMP004672
ARR006672,CR008353,A008353,2025-11-12,EMP009541
ARR006673,CR008354,A008354,2025-05-20,EMP003302
ARR006674,CR008355,A008355,2025-08-16,EMP005363
ARR006675,CR008356,A008356,2024-12-12,EMP009014
ARR006676,CR008357,A008357,2025-12-07,EMP003094
ARR006677,CR008358,A008358,2025-01-18,EMP000557
ARR006678,CR008359,A008359,2024-08-15,EMP003264
ARR006679,CR008360,A008360,2025-05-26,EMP001527
ARR006680,CR008361,A008361,2026-03-20,EMP009428
ARR006681,CR008362,A008362,2025-06-02,EMP005949
ARR006682,CR008363,A008363,2025-04-26,EMP008394
ARR006683,CR008366,A008366,2026-01-26,EMP005852
ARR006684,CR008367,A008367,2026-01-13,EMP000595
ARR006685,CR008368,A008368,2025-03-22,EMP006865
ARR006686,CR008369,A008369,2026-03-12,EMP004842
ARR006687,CR008370,A008370,2025-10-12,EMP008400
ARR006688,CR008371,A008371,2024-12-03,EMP001576
ARR006689,CR008373,A008373,2026-06-02,EMP002952
ARR006690,CR008374,A008374,2026-02-12,EMP008048
ARR006691,CR008375,A008375,2025-03-13,EMP001585
ARR006692,CR008376,A008376,2025-08-24,EMP000887
ARR006693,CR008377,A008377,2026-04-04,EMP004664
ARR006694,CR008378,A008378,2026-06-13,EMP003273
ARR006695,CR008379,A008379,2026-02-23,EMP001631
ARR006696,CR008380,A008380,2025-02-25,EMP001790
ARR006697,CR008381,A008381,2026-06-22,EMP003265
ARR006698,CR008382,A008382,2024-12-21,EMP005608
ARR006699,CR008383,A008383,2024-08-17,EMP004191
ARR006700,CR008384,A008384,2024-10-11,EMP007036
ARR006701,CR008387,A008387,2025-09-29,EMP004395
ARR006702,CR008388,A008388,2025-12-17,EMP003945
ARR006703,CR008389,A008389,2025-05-18,EMP007448
ARR006704,CR008390,A008390,2024-08-19,EMP007292
ARR006705,CR008391,A008391,2025-09-15,EMP007779
ARR006706,CR008393,A008393,2026-04-30,EMP008707
ARR006707,CR008395,A008395,2025-07-30,EMP003312
ARR006708,CR008397,A008397,2025-10-30,EMP008899
ARR006709,CR008398,A008398,2025-11-17,EMP008627
ARR006710,CR008399,A008399,2025-03-04,EMP003335
ARR006711,CR008401,A008401,2026-05-15,EMP006019
ARR006712,CR008402,A008402,2025-10-05,EMP009575
ARR006713,CR008403,A008403,2026-05-23,EMP003351
ARR006714,CR008404,A008404,2025-05-22,EMP006220
ARR006715,CR008405,A008405,2026-06-14,EMP000182
ARR006716,CR008406,A008406,2024-09-08,EMP000200
ARR006717,CR008408,A008408,2026-03-10,EMP005681
ARR006718,CR008409,A008409,2025-07-09,EMP008549
ARR006719,CR008410,A008410,2026-06-19,EMP000683
ARR006720,CR008411,A008411,2024-08-25,EMP004879
ARR006721,CR008412,A008412,2025-08-18,EMP006970
ARR006722,CR008413,A008413,2026-07-16,EMP008453
ARR006723,CR008414,A008414,2025-09-24,EMP004751
ARR006724,CR008415,A008415,2024-12-05,EMP005638
ARR006725,CR008416,A008416,2025-10-25,EMP005071
ARR006726,CR008418,A008418,2026-03-13,EMP004540
ARR006727,CR008419,A008419,2025-08-11,EMP003747
ARR006728,CR008420,A008420,2025-12-05,EMP004783
ARR006729,CR008421,A008421,2025-06-21,EMP009971
ARR006730,CR008422,A008422,2024-12-08,EMP007945
ARR006731,CR008423,A008423,2026-01-18,EMP003256
ARR006732,CR008424,A008424,2025-03-09,EMP003999
ARR006733,CR008425,A008425,2026-07-16,EMP002584
ARR006734,CR008426,A008426,2025-08-09,EMP008580
ARR006735,CR008428,A008428,2024-12-21,EMP005149
ARR006736,CR008429,A008429,2025-03-09,EMP002253
ARR006737,CR008430,A008430,2025-07-29,EMP004730
ARR006738,CR008431,A008431,2025-03-10,EMP001253
ARR006739,CR008432,A008432,2026-02-04,EMP007271
ARR006740,CR008433,A008433,2026-02-11,EMP003830
ARR006741,CR008434,A008434,2026-05-23,EMP009775
ARR006742,CR008435,A008435,2026-02-22,EMP005864
ARR006743,CR008436,A008436,2025-04-17,EMP004696
ARR006744,CR008437,A008437,2026-01-20,EMP003872
ARR006745,CR008438,A008438,2025-09-27,EMP003665
ARR006746,CR008440,A008440,2025-12-31,EMP005099
ARR006747,CR008443,A008443,2026-06-17,EMP008535
ARR006748,CR008444,A008444,2024-08-20,EMP003290
ARR006749,CR008445,A008445,2025-02-28,EMP009445
ARR006750,CR008447,A008447,2026-05-12,EMP004492
ARR006751,CR008448,A008448,2024-09-20,EMP005004
ARR006752,CR008449,A008449,2025-05-12,EMP009370
ARR006753,CR008450,A008450,2025-10-28,EMP008522
ARR006754,CR008451,A008451,2025-11-07,EMP007013
ARR006755,CR008452,A008452,2026-05-11,EMP008249
ARR006756,CR008454,A008454,2024-11-03,EMP009275
ARR006757,CR008455,A008455,2026-02-15,EMP002887
ARR006758,CR008456,A008456,2025-06-18,EMP005352
ARR006759,CR008457,A008457,2024-09-11,EMP006147
ARR006760,CR008458,A008458,2025-12-03,EMP006659
ARR006761,CR008459,A008459,2025-12-04,EMP004670
ARR006762,CR008460,A008460,2025-03-21,EMP008738
ARR006763,CR008461,A008461,2025-04-26,EMP003254
ARR006764,CR008462,A008462,2025-08-06,EMP003359
ARR006765,CR008463,A008463,2026-06-23,EMP008775
ARR006766,CR008464,A008464,2025-08-12,EMP001718
ARR006767,CR008465,A008465,2025-12-23,EMP001612
ARR006768,CR008466,A008466,2025-01-27,EMP004501
ARR006769,CR008467,A008467,2024-08-04,EMP008543
ARR006770,CR008468,A008468,2026-07-29,EMP010052
ARR006771,CR008469,A008469,2026-05-11,EMP001284
ARR006772,CR008470,A008470,2025-05-15,EMP007311
ARR006773,CR008471,A008471,2025-04-27,EMP004739
ARR006774,CR008472,A008472,2025-08-06,EMP000873
ARR006775,CR008473,A008473,2026-01-28,EMP006732
ARR006776,CR008475,A008475,2025-03-07,EMP003254
ARR006777,CR008476,A008476,2024-09-19,EMP002336
ARR006778,CR008477,A008477,2025-06-17,EMP010014
ARR006779,CR008479,A008479,2025-11-09,EMP009252
ARR006780,CR008480,A008480,2026-03-07,EMP005271
ARR006781,CR008481,A008481,2024-09-19,EMP009840
ARR006782,CR008482,A008482,2025-07-28,EMP003301
ARR006783,CR008484,A008484,2026-01-26,EMP000888
ARR006784,CR008485,A008485,2025-03-20,EMP008709
ARR006785,CR008486,A008486,2024-11-10,EMP008256
ARR006786,CR008487,A008487,2025-03-18,EMP003261
ARR006787,CR008488,A008488,2024-09-07,EMP007021
ARR006788,CR008489,A008489,2025-02-26,EMP005455
ARR006789,CR008491,A008491,2025-06-24,EMP000443
ARR006790,CR008492,A008492,2024-09-11,EMP008276
ARR006791,CR008493,A008493,2026-07-10,EMP002637
ARR006792,CR008494,A008494,2026-06-25,EMP003315
ARR006793,CR008495,A008495,2024-10-11,EMP008231
ARR006794,CR008496,A008496,2024-10-21,EMP003263
ARR006795,CR008497,A008497,2024-11-28,EMP004550
ARR006796,CR008498,A008498,2025-07-27,EMP006243
ARR006797,CR008500,A008500,2025-05-13,EMP000887
ARR006798,CR008501,A008501,2025-02-22,EMP005767
ARR006799,CR008502,A008502,2025-08-12,EMP003281
ARR006800,CR008504,A008504,2026-06-08,EMP001752
ARR006801,CR008505,A008505,2025-12-03,EMP003312
ARR006802,CR008506,A008506,2025-01-27,EMP001450
ARR006803,CR008508,A008508,2025-09-02,EMP009303
ARR006804,CR008509,A008509,2024-12-08,EMP005708
ARR006805,CR008510,A008510,2025-10-04,EMP005166
ARR006806,CR008511,A008511,2024-09-20,EMP009930
ARR006807,CR008512,A008512,2025-03-12,EMP003303
ARR006808,CR008513,A008513,2025-10-15,EMP009652
ARR006809,CR008515,A008515,2024-09-25,EMP009358
ARR006810,CR008516,A008516,2024-11-16,EMP007723
ARR006811,CR008517,A008517,2025-10-12,EMP003319
ARR006812,CR008519,A008519,2026-06-30,EMP003315
ARR006813,CR008521,A008521,2025-04-22,EMP007754
ARR006814,CR008523,A008523,2025-12-05,EMP002192
ARR006815,CR008524,A008524,2025-04-01,EMP006111
ARR006816,CR008525,A008525,2025-05-25,EMP008087
ARR006817,CR008526,A008526,2025-04-08,EMP004811
ARR006818,CR008527,A008527,2024-11-07,EMP003688
ARR006819,CR008528,A008528,2025-08-02,EMP000954
ARR006820,CR008529,A008529,2025-02-26,EMP005637
ARR006821,CR008530,A008530,2025-12-16,EMP006843
ARR006822,CR008532,A008532,2025-12-09,EMP003371
ARR006823,CR008533,A008533,2025-11-11,EMP007757
ARR006824,CR008534,A008534,2026-06-13,EMP000193
ARR006825,CR008535,A008535,2026-02-07,EMP006869
ARR006826,CR008536,A008536,2025-09-22,EMP008147
ARR006827,CR008537,A008537,2025-05-23,EMP004549
ARR006828,CR008538,A008538,2025-12-01,EMP004559
ARR006829,CR008539,A008539,2026-01-20,EMP004721
ARR006830,CR008540,A008540,2025-05-30,EMP001112
ARR006831,CR008541,A008541,2024-12-29,EMP007915
ARR006832,CR008542,A008542,2025-08-17,EMP000231
ARR006833,CR008543,A008543,2025-12-12,EMP003291
ARR006834,CR008545,A008545,2025-03-27,EMP007827
ARR006835,CR008546,A008546,2024-08-31,EMP003314
ARR006836,CR008547,A008547,2024-10-08,EMP000015
ARR006837,CR008548,A008548,2024-11-15,EMP001788
ARR006838,CR008550,A008550,2025-03-23,EMP008928
ARR006839,CR008551,A008551,2026-03-08,EMP005638
ARR006840,CR008552,A008552,2025-08-13,EMP001554
ARR006841,CR008553,A008553,2025-04-11,EMP006059
ARR006842,CR008555,A008555,2025-05-02,EMP000195
ARR006843,CR008556,A008556,2025-06-04,EMP004576
ARR006844,CR008558,A008558,2025-07-16,EMP005765
ARR006845,CR008559,A008559,2026-01-23,EMP009413
ARR006846,CR008560,A008560,2025-02-24,EMP006240
ARR006847,CR008561,A008561,2025-02-17,EMP006851
ARR006848,CR008562,A008562,2026-03-11,EMP003372
ARR006849,CR008563,A008563,2025-02-05,EMP003912
ARR006850,CR008564,A008564,2024-09-18,EMP002346
ARR006851,CR008565,A008565,2025-11-30,EMP003255
ARR006852,CR008567,A008567,2025-01-22,EMP007363
ARR006853,CR008569,A008569,2025-06-21,EMP003284
ARR006854,CR008570,A008570,2024-12-24,EMP005431
ARR006855,CR008571,A008571,2025-12-27,EMP004471
ARR006856,CR008572,A008572,2024-09-14,EMP003257
ARR006857,CR008575,A008575,2026-01-10,EMP007913
ARR006858,CR008576,A008576,2025-02-09,EMP003287
ARR006859,CR008577,A008577,2024-11-26,EMP001649
ARR006860,CR008578,A008578,2025-03-15,EMP008012
ARR006861,CR008579,A008579,2024-09-30,EMP007978
ARR006862,CR008580,A008580,2025-02-06,EMP001828
ARR006863,CR008581,A008581,2025-12-19,EMP000834
ARR006864,CR008582,A008582,2025-07-10,EMP003296
ARR006865,CR008583,A008583,2025-11-18,EMP003403
ARR006866,CR008584,A008584,2026-04-07,EMP003339
ARR006867,CR008585,A008585,2025-12-28,EMP008785
ARR006868,CR008586,A008586,2025-02-16,EMP008301
ARR006869,CR008588,A008588,2025-11-03,EMP007705
ARR006870,CR008590,A008590,2025-11-07,EMP002955
ARR006871,CR008592,A008592,2024-08-04,EMP007402
ARR006872,CR008593,A008593,2025-12-19,EMP006184
ARR006873,CR008594,A008594,2026-07-05,EMP002995
ARR006874,CR008595,A008595,2025-02-03,EMP003281
ARR006875,CR008596,A008596,2026-06-14,EMP000083
ARR006876,CR008597,A008597,2026-07-06,EMP003262
ARR006877,CR008598,A008598,2026-06-07,EMP000892
ARR006878,CR008599,A008599,2024-08-13,EMP008094
ARR006879,CR008600,A008600,2025-08-07,EMP003370
ARR006880,CR008601,A008601,2026-07-07,EMP003276
ARR006881,CR008602,A008602,2024-10-18,EMP006782
ARR006882,CR008603,A008603,2025-08-09,EMP009976
ARR006883,CR008604,A008604,2025-03-08,EMP006328
ARR006884,CR008605,A008605,2026-02-16,EMP010043
ARR006885,CR008607,A008607,2024-10-08,EMP006634
ARR006886,CR008608,A008608,2026-06-06,EMP007230
ARR006887,CR008609,A008609,2025-11-12,EMP004785
ARR006888,CR008611,A008611,2025-08-03,EMP000559
ARR006889,CR008612,A008612,2025-05-09,EMP001429
ARR006890,CR008613,A008613,2025-08-08,EMP004653
ARR006891,CR008615,A008615,2025-02-25,EMP001378
ARR006892,CR008616,A008616,2025-03-21,EMP007294
ARR006893,CR008617,A008617,2025-07-27,EMP009652
ARR006894,CR008618,A008618,2026-05-17,EMP008947
ARR006895,CR008621,A008621,2025-06-24,EMP004779
ARR006896,CR008622,A008622,2025-11-01,EMP005365
ARR006897,CR008623,A008623,2024-10-13,EMP006482
ARR006898,CR008624,A008624,2024-07-11,EMP001039
ARR006899,CR008625,A008625,2025-08-24,EMP000792
ARR006900,CR008626,A008626,2025-08-30,EMP003330
ARR006901,CR008627,A008627,2025-10-08,EMP008119
ARR006902,CR008628,A008628,2025-04-26,EMP005576
ARR006903,CR008629,A008629,2025-06-12,EMP002249
ARR006904,CR008631,A008631,2026-02-18,EMP008507
ARR006905,CR008632,A008632,2025-02-03,EMP008569
ARR006906,CR008633,A008633,2026-06-14,EMP002565
ARR006907,CR008634,A008634,2026-05-17,EMP003265
ARR006908,CR008635,A008635,2025-08-21,EMP008687
ARR006909,CR008636,A008636,2025-05-02,EMP001503
ARR006910,CR008638,A008638,2026-04-01,EMP005655
ARR006911,CR008639,A008639,2026-01-06,EMP000352
ARR006912,CR008640,A008640,2026-07-27,EMP008196
ARR006913,CR008641,A008641,2025-07-28,EMP008671
ARR006914,CR008642,A008642,2024-12-05,EMP004675
ARR006915,CR008643,A008643,2025-12-23,EMP002575
ARR006916,CR008645,A008645,2025-04-15,EMP008655
ARR006917,CR008646,A008646,2024-12-14,EMP006881
ARR006918,CR008647,A008647,2026-06-27,EMP003280
ARR006919,CR008648,A008648,2026-05-11,EMP008851
ARR006920,CR008649,A008649,2026-03-24,EMP003288
ARR006921,CR008650,A008650,2024-08-14,EMP006805
ARR006922,CR008651,A008651,2026-03-13,EMP000021
ARR006923,CR008652,A008652,2024-10-14,EMP007737
ARR006924,CR008653,A008653,2025-03-03,EMP007164
ARR006925,CR008654,A008654,2025-01-10,EMP007120
ARR006926,CR008655,A008655,2026-03-21,EMP003305
ARR006927,CR008656,A008656,2026-04-28,EMP008478
ARR006928,CR008657,A008657,2026-02-13,EMP005800
ARR006929,CR008658,A008658,2026-04-12,EMP007919
ARR006930,CR008659,A008659,2025-07-19,EMP007275
ARR006931,CR008660,A008660,2025-11-23,EMP008405
ARR006932,CR008661,A008661,2025-07-06,EMP000601
ARR006933,CR008662,A008662,2026-05-10,EMP003336
ARR006934,CR008663,A008663,2025-11-02,EMP007343
ARR006935,CR008664,A008664,2025-04-29,EMP001451
ARR006936,CR008665,A008665,2025-03-09,EMP003295
ARR006937,CR008666,A008666,2025-05-10,EMP003371
ARR006938,CR008667,A008667,2025-05-15,EMP007880
ARR006939,CR008668,A008668,2026-04-18,EMP003347
ARR006940,CR008669,A008669,2025-07-20,EMP003279
ARR006941,CR008670,A008670,2026-07-28,EMP009273
ARR006942,CR008671,A008671,2025-01-25,EMP004657
ARR006943,CR008672,A008672,2024-09-23,EMP006634
ARR006944,CR008673,A008673,2025-09-30,EMP003284
ARR006945,CR008675,A008675,2025-02-12,EMP003315
ARR006946,CR008677,A008677,2024-10-12,EMP008173
ARR006947,CR008678,A008678,2025-05-13,EMP003261
ARR006948,CR008680,A008680,2026-05-04,EMP006289
ARR006949,CR008681,A008681,2024-11-01,EMP003189
ARR006950,CR008683,A008683,2025-11-30,EMP002302
ARR006951,CR008684,A008684,2025-11-06,EMP000719
ARR006952,CR008685,A008685,2026-04-10,EMP006729
ARR006953,CR008686,A008686,2024-08-24,EMP003864
ARR006954,CR008687,A008687,2025-10-27,EMP002011
ARR006955,CR008688,A008688,2026-01-12,EMP000660
ARR006956,CR008691,A008691,2025-02-17,EMP009611
ARR006957,CR008692,A008692,2025-11-09,EMP009381
ARR006958,CR008695,A008695,2024-12-09,EMP007275
ARR006959,CR008696,A008696,2025-06-07,EMP001528
ARR006960,CR008697,A008697,2025-04-13,EMP008651
ARR006961,CR008699,A008699,2025-08-14,EMP008358
ARR006962,CR008700,A008700,2025-02-22,EMP009762
ARR006963,CR008705,A008705,2024-11-05,EMP003299
ARR006964,CR008707,A008707,2024-08-09,EMP008191
ARR006965,CR008708,A008708,2026-01-18,EMP009988
ARR006966,CR008709,A008709,2026-03-16,EMP000878
ARR006967,CR008710,A008710,2026-02-16,EMP006363
ARR006968,CR008712,A008712,2025-01-11,EMP007974
ARR006969,CR008713,A008713,2024-10-04,EMP009974
ARR006970,CR008714,A008714,2025-11-19,EMP008149
ARR006971,CR008715,A008715,2026-01-27,EMP006404
ARR006972,CR008716,A008716,2024-11-28,EMP001920
ARR006973,CR008717,A008717,2024-10-11,EMP006231
ARR006974,CR008718,A008718,2024-09-20,EMP008007
ARR006975,CR008719,A008719,2024-11-04,EMP006116
ARR006976,CR008722,A008722,2025-02-25,EMP003260
ARR006977,CR008723,A008723,2025-06-14,EMP001861
ARR006978,CR008724,A008724,2026-06-04,EMP007787
ARR006979,CR008725,A008725,2024-11-01,EMP006656
ARR006980,CR008726,A008726,2025-04-17,EMP009456
ARR006981,CR008727,A008727,2025-07-12,EMP003256
ARR006982,CR008729,A008729,2025-06-06,EMP008807
ARR006983,CR008730,A008730,2025-09-29,EMP007163
ARR006984,CR008733,A008733,2026-03-03,EMP003292
ARR006985,CR008734,A008734,2025-09-14,EMP003286
ARR006986,CR008735,A008735,2025-01-07,EMP009602
ARR006987,CR008736,A008736,2025-11-28,EMP000886
ARR006988,CR008738,A008738,2025-07-22,EMP001564
ARR006989,CR008739,A008739,2025-07-18,EMP003310
ARR006990,CR008740,A008740,2025-02-22,EMP006259
ARR006991,CR008743,A008743,2025-11-30,EMP008838
ARR006992,CR008744,A008744,2025-02-08,EMP003431
ARR006993,CR008745,A008745,2026-07-11,EMP000886
ARR006994,CR008746,A008746,2025-10-30,EMP004680
ARR006995,CR008748,A008748,2024-10-02,EMP007706
ARR006996,CR008749,A008749,2025-07-22,EMP007148
ARR006997,CR008750,A008750,2025-10-05,EMP003537
ARR006998,CR008753,A008753,2025-08-06,EMP005787
ARR006999,CR008754,A008754,2024-12-16,EMP001104
ARR007000,CR008755,A008755,2026-04-28,EMP004838
ARR007001,CR008756,A008756,2025-07-04,EMP005161
ARR007002,CR008757,A008757,2026-04-06,EMP008509
ARR007003,CR008758,A008758,2026-04-21,EMP009591
ARR007004,CR008759,A008759,2026-01-11,EMP004125
ARR007005,CR008760,A008760,2025-03-21,EMP008616
ARR007006,CR008761,A008761,2026-05-16,EMP008298
ARR007007,CR008762,A008762,2026-05-26,EMP003273
ARR007008,CR008763,A008763,2024-09-26,EMP004619
ARR007009,CR008764,A008764,2025-03-04,EMP007981
ARR007010,CR008765,A008765,2025-07-08,EMP003324
ARR007011,CR008766,A008766,2025-07-17,EMP008219
ARR007012,CR008767,A008767,2026-03-16,EMP004289
ARR007013,CR008768,A008768,2024-09-03,EMP004476
ARR007014,CR008769,A008769,2026-07-06,EMP005824
ARR007015,CR008770,A008770,2025-12-19,EMP004731
ARR007016,CR008771,A008771,2025-05-15,EMP003282
ARR007017,CR008774,A008774,2026-05-23,EMP009964
ARR007018,CR008775,A008775,2026-06-03,EMP008292
ARR007019,CR008776,A008776,2025-11-14,EMP004841
ARR007020,CR008777,A008777,2025-11-17,EMP006347
ARR007021,CR008778,A008778,2025-11-22,EMP001410
ARR007022,CR008779,A008779,2025-12-11,EMP008486
ARR007023,CR008780,A008780,2025-08-12,EMP007142
ARR007024,CR008781,A008781,2025-11-29,EMP001006
ARR007025,CR008782,A008782,2025-09-20,EMP009787
ARR007026,CR008783,A008783,2025-05-14,EMP009411
ARR007027,CR008784,A008784,2024-08-08,EMP006829
ARR007028,CR008785,A008785,2025-03-31,EMP000042
ARR007029,CR008786,A008786,2025-12-06,EMP006213
ARR007030,CR008787,A008787,2025-12-16,EMP009893
ARR007031,CR008788,A008788,2024-10-30,EMP006239
ARR007032,CR008789,A008789,2024-10-02,EMP003283
ARR007033,CR008790,A008790,2025-01-01,EMP009570
ARR007034,CR008791,A008791,2025-04-18,EMP001429
ARR007035,CR008792,A008792,2026-02-17,EMP007791
ARR007036,CR008793,A008793,2025-08-26,EMP009249
ARR007037,CR008794,A008794,2025-02-23,EMP000094
ARR007038,CR008795,A008795,2024-10-07,EMP001472
ARR007039,CR008796,A008796,2025-08-20,EMP007785
ARR007040,CR008797,A008797,2026-01-22,EMP001638
ARR007041,CR008801,A008801,2025-07-16,EMP000249
ARR007042,CR008802,A008802,2025-09-05,EMP007736
ARR007043,CR008804,A008804,2024-10-21,EMP009030
ARR007044,CR008805,A008805,2026-06-28,EMP004859
ARR007045,CR008806,A008806,2025-05-16,EMP008236
ARR007046,CR008807,A008807,2025-09-29,EMP006510
ARR007047,CR008808,A008808,2025-11-06,EMP007686
ARR007048,CR008809,A008809,2026-01-22,EMP007747
ARR007049,CR008812,A008812,2025-03-30,EMP001606
ARR007050,CR008813,A008813,2025-03-31,EMP002939
ARR007051,CR008814,A008814,2025-10-29,EMP001334
ARR007052,CR008815,A008815,2024-09-16,EMP003319
ARR007053,CR008817,A008817,2024-09-16,EMP008045
ARR007054,CR008819,A008819,2026-04-20,EMP003287
ARR007055,CR008820,A008820,2025-03-20,EMP003271
ARR007056,CR008821,A008821,2025-08-03,EMP005901
ARR007057,CR008823,A008823,2024-09-05,EMP004552
ARR007058,CR008824,A008824,2024-11-19,EMP003291
ARR007059,CR008825,A008825,2026-01-21,EMP004013
ARR007060,CR008826,A008826,2026-04-13,EMP005830
ARR007061,CR008827,A008827,2026-03-10,EMP003268
ARR007062,CR008829,A008829,2025-03-26,EMP004905
ARR007063,CR008830,A008830,2025-02-28,EMP006220
ARR007064,CR008831,A008831,2026-03-25,EMP003024
ARR007065,CR008832,A008832,2026-05-25,EMP009642
ARR007066,CR008833,A008833,2026-04-19,EMP004285
ARR007067,CR008834,A008834,2026-06-02,EMP003313
ARR007068,CR008835,A008835,2026-04-07,EMP008418
ARR007069,CR008836,A008836,2025-05-28,EMP005356
ARR007070,CR008837,A008837,2024-09-21,EMP000635
ARR007071,CR008838,A008838,2024-09-23,EMP008333
ARR007072,CR008839,A008839,2025-01-18,EMP009222
ARR007073,CR008840,A008840,2025-12-30,EMP006082
ARR007074,CR008841,A008841,2025-06-30,EMP004695
ARR007075,CR008842,A008842,2024-09-21,EMP002558
ARR007076,CR008843,A008843,2025-03-05,EMP001354
ARR007077,CR008844,A008844,2025-05-16,EMP000572
ARR007078,CR008845,A008845,2026-03-07,EMP004726
ARR007079,CR008846,A008846,2024-09-05,EMP000884
ARR007080,CR008847,A008847,2025-01-07,EMP004451
ARR007081,CR008848,A008848,2024-12-12,EMP003256
ARR007082,CR008850,A008850,2025-03-11,EMP009828
ARR007083,CR008851,A008851,2025-07-11,EMP007417
ARR007084,CR008852,A008852,2025-12-21,EMP006868
ARR007085,CR008853,A008853,2025-10-07,EMP004186
ARR007086,CR008854,A008854,2024-09-13,EMP002899
ARR007087,CR008855,A008855,2026-05-23,EMP003255
ARR007088,CR008857,A008857,2025-04-18,EMP004679
ARR007089,CR008858,A008858,2025-11-18,EMP003296
ARR007090,CR008860,A008860,2024-10-10,EMP006294
ARR007091,CR008861,A008861,2024-09-05,EMP007346
ARR007092,CR008863,A008863,2024-11-01,EMP006301
ARR007093,CR008864,A008864,2026-02-19,EMP000361
ARR007094,CR008866,A008866,2025-12-03,EMP009986
ARR007095,CR008867,A008867,2025-06-28,EMP008508
ARR007096,CR008870,A008870,2025-03-11,EMP004783
ARR007097,CR008871,A008871,2025-12-20,EMP006885
ARR007098,CR008872,A008872,2024-08-13,EMP004855
ARR007099,CR008873,A008873,2024-08-04,EMP009369
ARR007100,CR008874,A008874,2025-07-25,EMP004531
ARR007101,CR008877,A008877,2025-06-21,EMP002156
ARR007102,CR008879,A008879,2025-12-08,EMP007813
ARR007103,CR008881,A008881,2024-09-10,EMP001380
ARR007104,CR008882,A008882,2024-08-14,EMP005552
ARR007105,CR008883,A008883,2026-06-07,EMP000442
ARR007106,CR008884,A008884,2025-03-18,EMP004555
ARR007107,CR008885,A008885,2025-05-11,EMP000917
ARR007108,CR008889,A008889,2024-11-14,EMP003457
ARR007109,CR008890,A008890,2024-10-28,EMP009836
ARR007110,CR008891,A008891,2026-05-03,EMP003323
ARR007111,CR008894,A008894,2026-05-18,EMP004834
ARR007112,CR008895,A008895,2025-02-22,EMP008847
ARR007113,CR008896,A008896,2024-10-05,EMP005856
ARR007114,CR008897,A008897,2026-01-07,EMP008130
ARR007115,CR008900,A008900,2024-09-11,EMP009157
ARR007116,CR008901,A008901,2025-06-23,EMP005353
ARR007117,CR008902,A008902,2026-01-10,EMP003305
ARR007118,CR008903,A008903,2024-12-11,EMP006090
ARR007119,CR008904,A008904,2025-04-05,EMP006223
ARR007120,CR008905,A008905,2025-05-14,EMP003386
ARR007121,CR008906,A008906,2025-10-26,EMP007276
ARR007122,CR008907,A008907,2025-08-17,EMP009599
ARR007123,CR008909,A008909,2026-06-28,EMP005259
ARR007124,CR008910,A008910,2025-07-14,EMP008056
ARR007125,CR008911,A008911,2025-10-01,EMP006165
ARR007126,CR008912,A008912,2025-04-22,EMP008513
ARR007127,CR008913,A008913,2026-07-20,EMP007765
ARR007128,CR008914,A008914,2026-03-05,EMP006079
ARR007129,CR008915,A008915,2026-07-02,EMP009476
ARR007130,CR008916,A008916,2024-08-04,EMP009509
ARR007131,CR008917,A008917,2025-08-06,EMP008118
ARR007132,CR008918,A008918,2026-06-10,EMP001778
ARR007133,CR008919,A008919,2025-01-20,EMP008408
ARR007134,CR008920,A008920,2024-09-24,EMP003728
ARR007135,CR008921,A008921,2026-02-26,EMP005417
ARR007136,CR008922,A008922,2026-06-24,EMP005070
ARR007137,CR008923,A008923,2024-08-28,EMP007793
ARR007138,CR008924,A008924,2026-07-25,EMP001187
ARR007139,CR008925,A008925,2026-03-30,EMP003306
ARR007140,CR008926,A008926,2024-08-10,EMP005224
ARR007141,CR008927,A008927,2025-11-27,EMP007094
ARR007142,CR008929,A008929,2025-04-20,EMP007799
ARR007143,CR008931,A008931,2026-04-27,EMP006649
ARR007144,CR008932,A008932,2024-12-05,EMP005633
ARR007145,CR008933,A008933,2024-08-08,EMP008480
ARR007146,CR008934,A008934,2026-01-19,EMP001013
ARR007147,CR008935,A008935,2025-05-16,EMP001863
ARR007148,CR008936,A008936,2025-01-17,EMP009150
ARR007149,CR008938,A008938,2025-07-21,EMP001683
ARR007150,CR008942,A008942,2024-12-10,EMP002883
ARR007151,CR008943,A008943,2025-09-02,EMP004834
ARR007152,CR008944,A008944,2025-04-12,EMP003267
ARR007153,CR008945,A008945,2024-09-20,EMP008395
ARR007154,CR008946,A008946,2026-03-06,EMP009296
ARR007155,CR008947,A008947,2025-12-27,EMP002367
ARR007156,CR008948,A008948,2026-07-27,EMP003037
ARR007157,CR008949,A008949,2025-05-29,EMP001265
ARR007158,CR008950,A008950,2025-05-17,EMP008282
ARR007159,CR008953,A008953,2025-12-19,EMP000299
ARR007160,CR008956,A008956,2025-07-31,EMP004311
ARR007161,CR008957,A008957,2026-04-23,EMP004394
ARR007162,CR008958,A008958,2025-08-03,EMP004897
ARR007163,CR008960,A008960,2025-04-16,EMP006677
ARR007164,CR008961,A008961,2026-05-11,EMP003374
ARR007165,CR008962,A008962,2026-02-26,EMP002991
ARR007166,CR008963,A008963,2024-08-13,EMP005935
ARR007167,CR008966,A008966,2025-04-03,EMP000332
ARR007168,CR008967,A008967,2025-08-07,EMP001675
ARR007169,CR008968,A008968,2024-08-22,EMP004748
ARR007170,CR008969,A008969,2026-06-12,EMP005326
ARR007171,CR008970,A008970,2026-04-29,EMP000049
ARR007172,CR008972,A008972,2024-12-25,EMP005509
ARR007173,CR008973,A008973,2024-11-12,EMP007732
ARR007174,CR008974,A008974,2025-06-14,EMP006016
ARR007175,CR008975,A008975,2025-03-07,EMP003301
ARR007176,CR008976,A008976,2025-02-10,EMP004786
ARR007177,CR008977,A008977,2025-12-30,EMP000121
ARR007178,CR008979,A008979,2026-01-15,EMP001562
ARR007179,CR008982,A008982,2025-07-10,EMP005502
ARR007180,CR008983,A008983,2026-06-28,EMP001046
ARR007181,CR008985,A008985,2025-12-15,EMP000717
ARR007182,CR008987,A008987,2026-02-22,EMP008460
ARR007183,CR008988,A008988,2025-08-02,EMP009897
ARR007184,CR008989,A008989,2025-05-26,EMP008778
ARR007185,CR008990,A008990,2025-11-14,EMP003196
ARR007186,CR008991,A008991,2024-11-17,EMP003727
ARR007187,CR008992,A008992,2025-09-12,EMP008675
ARR007188,CR008993,A008993,2026-07-03,EMP001584
ARR007189,CR008994,A008994,2025-02-15,EMP005169
ARR007190,CR008995,A008995,2024-10-11,EMP005219
ARR007191,CR008996,A008996,2026-04-28,EMP001284
ARR007192,CR008997,A008997,2024-10-18,EMP008691
ARR007193,CR008998,A008998,2025-11-20,EMP004706
ARR007194,CR008999,A008999,2025-02-15,EMP008642
ARR007195,CR009003,A009003,2026-04-02,EMP005818
ARR007196,CR009004,A009004,2025-08-18,EMP006770
ARR007197,CR009005,A009005,2025-04-20,EMP008800
ARR007198,CR009007,A009007,2026-07-12,EMP007704
ARR007199,CR009008,A009008,2024-12-02,EMP004188
ARR007200,CR009010,A009010,2025-07-15,EMP008953
ARR007201,CR009011,A009011,2025-11-27,EMP004590
ARR007202,CR009012,A009012,2025-08-08,EMP006121
ARR007203,CR009013,A009013,2024-07-16,EMP003312
ARR007204,CR009014,A009014,2025-09-27,EMP009953
ARR007205,CR009015,A009015,2025-05-25,EMP003276
ARR007206,CR009016,A009016,2025-05-16,EMP000615
ARR007207,CR009017,A009017,2024-12-10,EMP009201
ARR007208,CR009018,A009018,2026-03-08,EMP007766
ARR007209,CR009019,A009019,2024-09-11,EMP005353
ARR007210,CR009020,A009020,2025-10-29,EMP008616
ARR007211,CR009021,A009021,2026-05-31,EMP005021
ARR007212,CR009023,A009023,2026-03-03,EMP003254
ARR007213,CR009024,A009024,2024-08-09,EMP008454
ARR007214,CR009027,A009027,2026-06-20,EMP004671
ARR007215,CR009028,A009028,2026-07-08,EMP003277
ARR007216,CR009030,A009030,2026-05-13,EMP008607
ARR007217,CR009031,A009031,2025-02-20,EMP007324
ARR007218,CR009032,A009032,2025-12-18,EMP001653
ARR007219,CR009033,A009033,2025-08-08,EMP009677
ARR007220,CR009034,A009034,2026-06-12,EMP008537
ARR007221,CR009035,A009035,2024-11-16,EMP005242
ARR007222,CR009036,A009036,2025-05-16,EMP001616
ARR007223,CR009037,A009037,2025-03-12,EMP009744
ARR007224,CR009038,A009038,2025-03-16,EMP007253
ARR007225,CR009039,A009039,2024-10-12,EMP001158
ARR007226,CR009041,A009041,2025-09-15,EMP002130
ARR007227,CR009042,A009042,2025-07-27,EMP010006
ARR007228,CR009043,A009043,2026-04-18,EMP003309
ARR007229,CR009044,A009044,2026-01-23,EMP003548
ARR007230,CR009046,A009046,2025-06-18,EMP006852
ARR007231,CR009047,A009047,2024-10-26,EMP008704
ARR007232,CR009050,A009050,2024-11-05,EMP003265
ARR007233,CR009051,A009051,2025-02-11,EMP003367
ARR007234,CR009052,A009052,2025-10-29,EMP009167
ARR007235,CR009054,A009054,2024-11-30,EMP004313
ARR007236,CR009055,A009055,2024-09-20,EMP001623
ARR007237,CR009057,A009057,2025-12-21,EMP001270
ARR007238,CR009058,A009058,2026-04-11,EMP007844
ARR007239,CR009059,A009059,2026-06-26,EMP005199
ARR007240,CR009060,A009060,2026-06-28,EMP003048
ARR007241,CR009062,A009062,2024-12-07,EMP005356
ARR007242,CR009064,A009064,2025-05-04,EMP005020
ARR007243,CR009066,A009066,2025-01-28,EMP006821
ARR007244,CR009067,A009067,2025-08-13,EMP002875
ARR007245,CR009068,A009068,2026-04-11,EMP000055
ARR007246,CR009069,A009069,2026-04-02,EMP004069
ARR007247,CR009072,A009072,2025-04-08,EMP008658
ARR007248,CR009073,A009073,2026-04-22,EMP009736
ARR007249,CR009074,A009074,2024-08-10,EMP001483
ARR007250,CR009075,A009075,2025-05-04,EMP003298
ARR007251,CR009078,A009078,2024-07-29,EMP006692
ARR007252,CR009079,A009079,2025-05-24,EMP001794
ARR007253,CR009080,A009080,2024-10-30,EMP003016
ARR007254,CR009081,A009081,2024-12-20,EMP003311
ARR007255,CR009082,A009082,2026-02-22,EMP003258
ARR007256,CR009084,A009084,2025-11-15,EMP008072
ARR007257,CR009087,A009087,2025-06-07,EMP009181
ARR007258,CR009088,A009088,2025-12-16,EMP008805
ARR007259,CR009089,A009089,2025-09-21,EMP004718
ARR007260,CR009090,A009090,2024-12-16,EMP006700
ARR007261,CR009091,A009091,2025-03-13,EMP001245
ARR007262,CR009092,A009092,2025-01-07,EMP004620
ARR007263,CR009093,A009093,2025-12-16,EMP008597
ARR007264,CR009094,A009094,2024-12-05,EMP005060
ARR007265,CR009095,A009095,2025-08-15,EMP006290
ARR007266,CR009096,A009096,2025-10-26,EMP006703
ARR007267,CR009097,A009097,2025-03-14,EMP005611
ARR007268,CR009098,A009098,2025-01-14,EMP006130
ARR007269,CR009100,A009100,2025-10-11,EMP004709
ARR007270,CR009101,A009101,2025-11-23,EMP001634
ARR007271,CR009102,A009102,2026-03-26,EMP001522
ARR007272,CR009104,A009104,2026-07-10,EMP001217
ARR007273,CR009105,A009105,2025-11-19,EMP004515
ARR007274,CR009106,A009106,2025-09-14,EMP006238
ARR007275,CR009108,A009108,2024-09-23,EMP010007
ARR007276,CR009109,A009109,2026-02-25,EMP004861
ARR007277,CR009110,A009110,2024-08-22,EMP001502
ARR007278,CR009111,A009111,2026-07-18,EMP006068
ARR007279,CR009112,A009112,2024-09-24,EMP004678
ARR007280,CR009113,A009113,2026-02-27,EMP005483
ARR007281,CR009114,A009114,2026-01-05,EMP005855
ARR007282,CR009115,A009115,2025-12-27,EMP001550
ARR007283,CR009116,A009116,2025-03-12,EMP007847
ARR007284,CR009117,A009117,2025-03-03,EMP010009
ARR007285,CR009118,A009118,2026-03-14,EMP006130
ARR007286,CR009119,A009119,2025-02-25,EMP001217
ARR007287,CR009120,A009120,2025-06-10,EMP004526
ARR007288,CR009121,A009121,2025-01-21,EMP003295
ARR007289,CR009122,A009122,2026-06-11,EMP009169
ARR007290,CR009123,A009123,2025-02-08,EMP004881
ARR007291,CR009125,A009125,2026-02-01,EMP005794
ARR007292,CR009127,A009127,2025-08-23,EMP006217
ARR007293,CR009129,A009129,2025-03-28,EMP004884
ARR007294,CR009130,A009130,2025-06-17,EMP008604
ARR007295,CR009131,A009131,2025-06-08,EMP000836
ARR007296,CR009132,A009132,2026-02-26,EMP003310
ARR007297,CR009133,A009133,2026-05-14,EMP005762
ARR007298,CR009134,A009134,2025-09-16,EMP007433
ARR007299,CR009135,A009135,2025-02-09,EMP009264
ARR007300,CR009136,A009136,2024-08-28,EMP001421
ARR007301,CR009137,A009137,2026-06-16,EMP003266
ARR007302,CR009140,A009140,2024-09-15,EMP003283
ARR007303,CR009141,A009141,2025-02-11,EMP006192
ARR007304,CR009142,A009142,2025-01-27,EMP004656
ARR007305,CR009143,A009143,2025-04-19,EMP008666
ARR007306,CR009145,A009145,2025-06-25,EMP006393
ARR007307,CR009146,A009146,2025-02-17,EMP005186
ARR007308,CR009147,A009147,2024-12-28,EMP006152
ARR007309,CR009148,A009148,2025-05-02,EMP003297
ARR007310,CR009149,A009149,2025-02-04,EMP009234
ARR007311,CR009150,A009150,2025-04-15,EMP005519
ARR007312,CR009151,A009151,2024-08-01,EMP000982
ARR007313,CR009152,A009152,2026-07-23,EMP004515
ARR007314,CR009153,A009153,2025-06-24,EMP005350
ARR007315,CR009154,A009154,2025-06-05,EMP005765
ARR007316,CR009155,A009155,2025-01-02,EMP001563
ARR007317,CR009157,A009157,2026-04-09,EMP008008
ARR007318,CR009159,A009159,2026-02-03,EMP004531
ARR007319,CR009160,A009160,2026-05-24,EMP003287
ARR007320,CR009161,A009161,2025-10-22,EMP001922
ARR007321,CR009162,A009162,2025-10-08,EMP007145
ARR007322,CR009163,A009163,2024-11-27,EMP000872
ARR007323,CR009164,A009164,2026-05-17,EMP004323
ARR007324,CR009166,A009166,2025-08-15,EMP002952
ARR007325,CR009167,A009167,2024-11-22,EMP004830
ARR007326,CR009168,A009168,2024-08-13,EMP002953
ARR007327,CR009169,A009169,2025-03-09,EMP007451
ARR007328,CR009170,A009170,2024-11-10,EMP003292
ARR007329,CR009171,A009171,2025-05-16,EMP001002
ARR007330,CR009172,A009172,2024-11-03,EMP006974
ARR007331,CR009175,A009175,2025-12-27,EMP008070
ARR007332,CR009176,A009176,2026-07-17,EMP001340
ARR007333,CR009177,A009177,2024-09-07,EMP009324
ARR007334,CR009178,A009178,2025-06-15,EMP004705
ARR007335,CR009179,A009179,2025-08-27,EMP008382
ARR007336,CR009180,A009180,2024-12-10,EMP007434
ARR007337,CR009181,A009181,2025-09-17,EMP003293
ARR007338,CR009182,A009182,2024-10-09,EMP004817
ARR007339,CR009183,A009183,2025-02-19,EMP008662
ARR007340,CR009185,A009185,2024-09-12,EMP003339
ARR007341,CR009188,A009188,2026-04-19,EMP004965
ARR007342,CR009191,A009191,2025-05-12,EMP005415
ARR007343,CR009192,A009192,2025-10-09,EMP006696
ARR007344,CR009194,A009194,2025-10-02,EMP009513
ARR007345,CR009195,A009195,2025-02-11,EMP005812
ARR007346,CR009196,A009196,2026-01-10,EMP003276
ARR007347,CR009199,A009199,2025-01-19,EMP007918
ARR007348,CR009200,A009200,2025-01-12,EMP008149
ARR007349,CR009201,A009201,2025-01-01,EMP005352
ARR007350,CR009202,A009202,2025-08-23,EMP009387
ARR007351,CR009205,A009205,2025-06-23,EMP009982
ARR007352,CR009207,A009207,2025-08-22,EMP008480
ARR007353,CR009208,A009208,2024-09-03,EMP008141
ARR007354,CR009209,A009209,2026-01-26,EMP006365
ARR007355,CR009210,A009210,2025-01-19,EMP004699
ARR007356,CR009211,A009211,2025-07-03,EMP005016
ARR007357,CR009212,A009212,2024-08-15,EMP006735
ARR007358,CR009213,A009213,2025-12-25,EMP001625
ARR007359,CR009215,A009215,2025-12-08,EMP008322
ARR007360,CR009217,A009217,2025-05-05,EMP004144
ARR007361,CR009218,A009218,2025-12-10,EMP006408
ARR007362,CR009219,A009219,2025-12-22,EMP004835
ARR007363,CR009221,A009221,2025-05-31,EMP000885
ARR007364,CR009224,A009224,2024-11-09,EMP004718
ARR007365,CR009225,A009225,2026-03-28,EMP010007
ARR007366,CR009227,A009227,2024-11-23,EMP006628
ARR007367,CR009228,A009228,2025-03-27,EMP006205
ARR007368,CR009229,A009229,2026-01-18,EMP005427
ARR007369,CR009231,A009231,2025-12-08,EMP006293
ARR007370,CR009232,A009232,2025-10-20,EMP009946
ARR007371,CR009233,A009233,2025-11-26,EMP007748
ARR007372,CR009234,A009234,2026-07-13,EMP008580
ARR007373,CR009236,A009236,2025-10-02,EMP003284
ARR007374,CR009237,A009237,2024-12-25,EMP005185
ARR007375,CR009238,A009238,2025-07-19,EMP008152
ARR007376,CR009239,A009239,2025-01-23,EMP006665
ARR007377,CR009240,A009240,2025-07-26,EMP003292
ARR007378,CR009241,A009241,2025-03-11,EMP005204
ARR007379,CR009242,A009242,2024-11-23,EMP006312
ARR007380,CR009243,A009243,2025-01-29,EMP005603
ARR007381,CR009244,A009244,2025-02-16,EMP006321
ARR007382,CR009245,A009245,2025-05-09,EMP007976
ARR007383,CR009246,A009246,2026-06-29,EMP001346
ARR007384,CR009247,A009247,2024-10-29,EMP003829
ARR007385,CR009248,A009248,2025-03-27,EMP007038
ARR007386,CR009250,A009250,2026-07-04,EMP003313
ARR007387,CR009251,A009251,2026-03-28,EMP004699
ARR007388,CR009252,A009252,2025-02-22,EMP004997
ARR007389,CR009253,A009253,2025-03-01,EMP009916
ARR007390,CR009254,A009254,2025-02-28,EMP008285
ARR007391,CR009255,A009255,2024-10-16,EMP006146
ARR007392,CR009256,A009256,2025-11-25,EMP003254
ARR007393,CR009259,A009259,2024-10-28,EMP003311
ARR007394,CR009260,A009260,2024-08-08,EMP003299
ARR007395,CR009261,A009261,2025-11-27,EMP006514
ARR007396,CR009262,A009262,2024-12-03,EMP006193
ARR007397,CR009263,A009263,2024-08-26,EMP006073
ARR007398,CR009265,A009265,2024-08-18,EMP007749
ARR007399,CR009266,A009266,2024-11-29,EMP003301
ARR007400,CR009267,A009267,2025-10-09,EMP004229
ARR007401,CR009268,A009268,2026-02-14,EMP003520
ARR007402,CR009269,A009269,2025-12-07,EMP002638
ARR007403,CR009272,A009272,2025-11-16,EMP008394
ARR007404,CR009273,A009273,2025-10-11,EMP009977
ARR007405,CR009274,A009274,2025-02-25,EMP004475
ARR007406,CR009275,A009275,2026-05-15,EMP003823
ARR007407,CR009277,A009277,2025-05-21,EMP008451
ARR007408,CR009278,A009278,2026-05-25,EMP000890
ARR007409,CR009279,A009279,2024-11-03,EMP007038
ARR007410,CR009280,A009280,2025-02-25,EMP006941
ARR007411,CR009281,A009281,2025-06-26,EMP006450
ARR007412,CR009282,A009282,2024-10-07,EMP008334
ARR007413,CR009286,A009286,2024-12-10,EMP001683
ARR007414,CR009287,A009287,2025-05-24,EMP005206
ARR007415,CR009288,A009288,2024-11-17,EMP003370
ARR007416,CR009289,A009289,2026-02-17,EMP004983
ARR007417,CR009290,A009290,2025-12-18,EMP003870
ARR007418,CR009291,A009291,2025-02-23,EMP006118
ARR007419,CR009292,A009292,2024-09-30,EMP005214
ARR007420,CR009293,A009293,2025-07-14,EMP005150
ARR007421,CR009294,A009294,2024-12-07,EMP000632
ARR007422,CR009295,A009295,2025-05-13,EMP003321
ARR007423,CR009296,A009296,2025-06-29,EMP004543
ARR007424,CR009297,A009297,2025-08-29,EMP008807
ARR007425,CR009298,A009298,2024-09-02,EMP000891
ARR007426,CR009299,A009299,2025-02-25,EMP006547
ARR007427,CR009301,A009301,2026-07-19,EMP001304
ARR007428,CR009302,A009302,2026-04-07,EMP000885
ARR007429,CR009303,A009303,2025-09-19,EMP000897
ARR007430,CR009304,A009304,2026-06-21,EMP007301
ARR007431,CR009305,A009305,2026-03-16,EMP003295
ARR007432,CR009307,A009307,2025-10-23,EMP003303
ARR007433,CR009309,A009309,2025-01-28,EMP004678
ARR007434,CR009310,A009310,2025-09-30,EMP004956
ARR007435,CR009311,A009311,2024-08-04,EMP009414
ARR007436,CR009313,A009313,2025-08-15,EMP000270
ARR007437,CR009314,A009314,2024-08-29,EMP003737
ARR007438,CR009315,A009315,2025-05-19,EMP002172
ARR007439,CR009316,A009316,2025-03-28,EMP003255
ARR007440,CR009317,A009317,2024-09-23,EMP006189
ARR007441,CR009319,A009319,2026-05-09,EMP003372
ARR007442,CR009320,A009320,2026-02-10,EMP003319
ARR007443,CR009321,A009321,2025-03-19,EMP006791
ARR007444,CR009322,A009322,2026-01-02,EMP006075
ARR007445,CR009323,A009323,2025-12-15,EMP002921
ARR007446,CR009325,A009325,2025-12-17,EMP006917
ARR007447,CR009326,A009326,2025-12-20,EMP003991
ARR007448,CR009328,A009328,2025-01-17,EMP005801
ARR007449,CR009329,A009329,2025-11-14,EMP002030
ARR007450,CR009330,A009330,2025-10-25,EMP003677
ARR007451,CR009331,A009331,2025-03-16,EMP006484
ARR007452,CR009332,A009332,2024-12-21,EMP006230
ARR007453,CR009333,A009333,2025-04-26,EMP003289
ARR007454,CR009334,A009334,2025-05-27,EMP001572
ARR007455,CR009335,A009335,2025-10-14,EMP008055
ARR007456,CR009336,A009336,2025-05-24,EMP001254
ARR007457,CR009337,A009337,2026-06-22,EMP006431
ARR007458,CR009339,A009339,2025-04-22,EMP005176
ARR007459,CR009340,A009340,2025-12-26,EMP003132
ARR007460,CR009342,A009342,2026-06-26,EMP000067
ARR007461,CR009344,A009344,2025-01-02,EMP005054
ARR007462,CR009345,A009345,2025-05-03,EMP002171
ARR007463,CR009346,A009346,2025-09-24,EMP010027
ARR007464,CR009348,A009348,2024-12-10,EMP002201
ARR007465,CR009352,A009352,2026-06-30,EMP006058
ARR007466,CR009353,A009353,2026-06-19,EMP008295
ARR007467,CR009354,A009354,2025-03-04,EMP000614
ARR007468,CR009355,A009355,2026-06-28,EMP006082
ARR007469,CR009357,A009357,2025-01-17,EMP009898
ARR007470,CR009358,A009358,2026-02-26,EMP007769
ARR007471,CR009359,A009359,2025-05-07,EMP006150
ARR007472,CR009360,A009360,2026-03-04,EMP005036
ARR007473,CR009361,A009361,2025-08-24,EMP006631
ARR007474,CR009362,A009362,2025-05-14,EMP003257
ARR007475,CR009365,A009365,2025-11-25,EMP007694
ARR007476,CR009367,A009367,2024-12-15,EMP003552
ARR007477,CR009368,A009368,2025-10-01,EMP008931
ARR007478,CR009369,A009369,2024-08-15,EMP003101
ARR007479,CR009370,A009370,2025-02-08,EMP002638
ARR007480,CR009371,A009371,2025-02-28,EMP008246
ARR007481,CR009372,A009372,2024-12-02,EMP004496
ARR007482,CR009373,A009373,2026-01-04,EMP006061
ARR007483,CR009375,A009375,2025-12-25,EMP004905
ARR007484,CR009377,A009377,2025-07-29,EMP007935
ARR007485,CR009380,A009380,2025-10-06,EMP008245
ARR007486,CR009381,A009381,2025-06-14,EMP010088
ARR007487,CR009382,A009382,2025-04-15,EMP009316
ARR007488,CR009385,A009385,2024-09-28,EMP003031
ARR007489,CR009386,A009386,2025-01-01,EMP007984
ARR007490,CR009389,A009389,2026-01-27,EMP007841
ARR007491,CR009390,A009390,2025-01-17,EMP004700
ARR007492,CR009391,A009391,2026-07-19,EMP006120
ARR007493,CR009392,A009392,2026-07-16,EMP003307
ARR007494,CR009393,A009393,2026-07-10,EMP010005
ARR007495,CR009394,A009394,2025-03-19,EMP006036
ARR007496,CR009395,A009395,2025-08-22,EMP001258
ARR007497,CR009396,A009396,2024-12-10,EMP008140
ARR007498,CR009397,A009397,2024-12-04,EMP008939
ARR007499,CR009398,A009398,2024-09-30,EMP006297
ARR007500,CR009399,A009399,2025-05-11,EMP008463
ARR007501,CR009401,A009401,2025-11-12,EMP008009
ARR007502,CR009402,A009402,2025-10-12,EMP008325
ARR007503,CR009403,A009403,2024-10-20,EMP005161
ARR007504,CR009404,A009404,2025-09-17,EMP009995
ARR007505,CR009405,A009405,2025-03-26,EMP001365
ARR007506,CR009406,A009406,2024-11-12,EMP005456
ARR007507,CR009407,A009407,2025-09-07,EMP009352
ARR007508,CR009408,A009408,2026-01-24,EMP003279
ARR007509,CR009409,A009409,2025-08-05,EMP007872
ARR007510,CR009411,A009411,2025-09-22,EMP000891
ARR007511,CR009412,A009412,2026-03-06,EMP008717
ARR007512,CR009413,A009413,2024-09-26,EMP006235
ARR007513,CR009414,A009414,2025-05-19,EMP008994
ARR007514,CR009415,A009415,2025-12-03,EMP006227
ARR007515,CR009416,A009416,2024-10-10,EMP003313
ARR007516,CR009417,A009417,2025-08-11,EMP005181
ARR007517,CR009418,A009418,2025-09-18,EMP000891
ARR007518,CR009419,A009419,2024-09-15,EMP006560
ARR007519,CR009420,A009420,2026-05-23,EMP003433
ARR007520,CR009421,A009421,2026-03-19,EMP007887
ARR007521,CR009422,A009422,2026-04-17,EMP003316
ARR007522,CR009425,A009425,2024-11-29,EMP006115
ARR007523,CR009426,A009426,2026-02-27,EMP000084
ARR007524,CR009429,A009429,2024-07-27,EMP005187
ARR007525,CR009431,A009431,2025-09-20,EMP000884
ARR007526,CR009432,A009432,2026-02-12,EMP007134
ARR007527,CR009433,A009433,2025-12-06,EMP004113
ARR007528,CR009434,A009434,2026-02-14,EMP008000
ARR007529,CR009435,A009435,2025-01-10,EMP006062
ARR007530,CR009436,A009436,2024-10-09,EMP009335
ARR007531,CR009438,A009438,2025-12-28,EMP001871
ARR007532,CR009439,A009439,2025-08-26,EMP005816
ARR007533,CR009440,A009440,2025-02-04,EMP006111
ARR007534,CR009441,A009441,2025-05-20,EMP001230
ARR007535,CR009442,A009442,2025-12-25,EMP003280
ARR007536,CR009443,A009443,2025-02-02,EMP003313
ARR007537,CR009445,A009445,2024-12-27,EMP001278
ARR007538,CR009446,A009446,2025-07-16,EMP007239
ARR007539,CR009447,A009447,2024-12-23,EMP003288
ARR007540,CR009448,A009448,2025-07-05,EMP006392
ARR007541,CR009449,A009449,2025-07-09,EMP008106
ARR007542,CR009452,A009452,2025-03-12,EMP006162
ARR007543,CR009453,A009453,2026-03-19,EMP003255
ARR007544,CR009454,A009454,2026-03-12,EMP003927
ARR007545,CR009455,A009455,2026-02-15,EMP007992
ARR007546,CR009456,A009456,2025-04-30,EMP003881
ARR007547,CR009458,A009458,2026-06-17,EMP001521
ARR007548,CR009459,A009459,2026-07-10,EMP009616
ARR007549,CR009460,A009460,2026-06-23,EMP000533
ARR007550,CR009463,A009463,2025-03-25,EMP003513
ARR007551,CR009464,A009464,2026-06-25,EMP001616
ARR007552,CR009465,A009465,2025-04-14,EMP008666
ARR007553,CR009466,A009466,2026-02-11,EMP000995
ARR007554,CR009467,A009467,2026-01-29,EMP003386
ARR007555,CR009469,A009469,2025-06-01,EMP000324
ARR007556,CR009470,A009470,2024-10-13,EMP009648
ARR007557,CR009471,A009471,2026-01-26,EMP003265
ARR007558,CR009472,A009472,2025-02-03,EMP001503
ARR007559,CR009474,A009474,2026-03-21,EMP007135
ARR007560,CR009475,A009475,2026-01-19,EMP007692
ARR007561,CR009476,A009476,2025-06-06,EMP003300
ARR007562,CR009477,A009477,2025-09-29,EMP004476
ARR007563,CR009478,A009478,2026-04-19,EMP004848
ARR007564,CR009479,A009479,2025-11-09,EMP006418
ARR007565,CR009480,A009480,2025-11-01,EMP006275
ARR007566,CR009481,A009481,2025-01-06,EMP003333
ARR007567,CR009482,A009482,2026-07-12,EMP002547
ARR007568,CR009483,A009483,2025-04-27,EMP007148
ARR007569,CR009485,A009485,2025-02-01,EMP008760
ARR007570,CR009486,A009486,2025-08-18,EMP000887
ARR007571,CR009487,A009487,2025-07-28,EMP009769
ARR007572,CR009488,A009488,2025-11-19,EMP003265
ARR007573,CR009489,A009489,2025-10-27,EMP002638
ARR007574,CR009490,A009490,2024-07-17,EMP001328
ARR007575,CR009491,A009491,2024-10-28,EMP001228
ARR007576,CR009492,A009492,2026-06-01,EMP004649
ARR007577,CR009493,A009493,2026-04-12,EMP006020
ARR007578,CR009494,A009494,2025-09-04,EMP008561
ARR007579,CR009495,A009495,2026-02-10,EMP007991
ARR007580,CR009496,A009496,2026-05-22,EMP003843
ARR007581,CR009497,A009497,2025-07-28,EMP000888
ARR007582,CR009498,A009498,2025-11-19,EMP004766
ARR007583,CR009500,A009500,2024-09-01,EMP003288
ARR007584,CR009502,A009502,2024-12-09,EMP010025
ARR007585,CR009503,A009503,2025-12-20,EMP005162
ARR007586,CR009504,A009504,2026-02-22,EMP001339
ARR007587,CR009505,A009505,2025-03-22,EMP004520
ARR007588,CR009506,A009506,2025-10-03,EMP007728
ARR007589,CR009507,A009507,2026-03-19,EMP008596
ARR007590,CR009509,A009509,2026-05-29,EMP003692
ARR007591,CR009510,A009510,2025-09-11,EMP004750
ARR007592,CR009511,A009511,2026-05-13,EMP004331
ARR007593,CR009514,A009514,2024-12-29,EMP007121
ARR007594,CR009515,A009515,2025-04-30,EMP003086
ARR007595,CR009517,A009517,2025-02-12,EMP009254
ARR007596,CR009520,A009520,2025-07-11,EMP001269
ARR007597,CR009521,A009521,2024-10-02,EMP003312
ARR007598,CR009522,A009522,2026-03-21,EMP004121
ARR007599,CR009523,A009523,2025-06-30,EMP006098
ARR007600,CR009526,A009526,2026-02-21,EMP006910
ARR007601,CR009528,A009528,2024-11-24,EMP004596
ARR007602,CR009529,A009529,2025-03-12,EMP004151
ARR007603,CR009531,A009531,2025-07-21,EMP006075
ARR007604,CR009532,A009532,2025-02-20,EMP008787
ARR007605,CR009534,A009534,2026-03-21,EMP000516
ARR007606,CR009535,A009535,2025-08-12,EMP006445
ARR007607,CR009536,A009536,2024-10-06,EMP008548
ARR007608,CR009537,A009537,2025-06-23,EMP000760
ARR007609,CR009538,A009538,2024-10-22,EMP003293
ARR007610,CR009539,A009539,2025-09-13,EMP005545
ARR007611,CR009540,A009540,2026-01-04,EMP006037
ARR007612,CR009541,A009541,2026-05-24,EMP001332
ARR007613,CR009542,A009542,2025-07-26,EMP008315
ARR007614,CR009544,A009544,2025-09-10,EMP004754
ARR007615,CR009545,A009545,2026-04-02,EMP004582
ARR007616,CR009546,A009546,2025-03-20,EMP003351
ARR007617,CR009548,A009548,2026-07-18,EMP003306
ARR007618,CR009549,A009549,2026-06-25,EMP003901
ARR007619,CR009550,A009550,2024-12-28,EMP001207
ARR007620,CR009551,A009551,2025-05-31,EMP005021
ARR007621,CR009552,A009552,2024-12-05,EMP006240
ARR007622,CR009553,A009553,2025-11-09,EMP004368
ARR007623,CR009554,A009554,2025-02-19,EMP001207
ARR007624,CR009556,A009556,2025-11-15,EMP004252
ARR007625,CR009557,A009557,2024-12-12,EMP008404
ARR007626,CR009558,A009558,2025-07-13,EMP001191
ARR007627,CR009559,A009559,2026-02-21,EMP003256
ARR007628,CR009560,A009560,2024-12-10,EMP003793
ARR007629,CR009561,A009561,2024-09-29,EMP009012
ARR007630,CR009562,A009562,2026-02-13,EMP003316
ARR007631,CR009563,A009563,2025-05-28,EMP006159
ARR007632,CR009564,A009564,2025-04-26,EMP000317
ARR007633,CR009566,A009566,2025-12-02,EMP004719
ARR007634,CR009568,A009568,2024-12-12,EMP003261
ARR007635,CR009569,A009569,2026-02-12,EMP008178
ARR007636,CR009570,A009570,2026-05-20,EMP000890
ARR007637,CR009571,A009571,2025-03-04,EMP008652
ARR007638,CR009572,A009572,2024-10-15,EMP006838
ARR007639,CR009573,A009573,2024-07-30,EMP003266
ARR007640,CR009574,A009574,2025-11-20,EMP006106
ARR007641,CR009576,A009576,2025-08-23,EMP008455
ARR007642,CR009577,A009577,2024-12-28,EMP006321
ARR007643,CR009578,A009578,2025-06-03,EMP005821
ARR007644,CR009579,A009579,2025-07-10,EMP006076
ARR007645,CR009580,A009580,2025-03-28,EMP009730
ARR007646,CR009581,A009581,2025-04-05,EMP008068
ARR007647,CR009583,A009583,2024-10-13,EMP004829
ARR007648,CR009585,A009585,2024-08-09,EMP000716
ARR007649,CR009587,A009587,2025-01-19,EMP008141
ARR007650,CR009588,A009588,2025-05-20,EMP007126
ARR007651,CR009589,A009589,2025-10-11,EMP003308
ARR007652,CR009590,A009590,2025-08-11,EMP004310
ARR007653,CR009594,A009594,2025-09-03,EMP003267
ARR007654,CR009595,A009595,2025-02-24,EMP008750
ARR007655,CR009596,A009596,2025-08-17,EMP006645
ARR007656,CR009597,A009597,2025-04-07,EMP003306
ARR007657,CR009599,A009599,2025-03-17,EMP003299
ARR007658,CR009601,A009601,2025-01-12,EMP004658
ARR007659,CR009602,A009602,2026-01-05,EMP003914
ARR007660,CR009603,A009603,2024-09-10,EMP004831
ARR007661,CR009604,A009604,2026-04-19,EMP006750
ARR007662,CR009605,A009605,2026-06-06,EMP008214
ARR007663,CR009606,A009606,2025-12-16,EMP003992
ARR007664,CR009607,A009607,2025-08-25,EMP007484
ARR007665,CR009608,A009608,2025-05-05,EMP000080
ARR007666,CR009609,A009609,2025-04-22,EMP009999
ARR007667,CR009610,A009610,2026-01-15,EMP003301
ARR007668,CR009612,A009612,2026-07-06,EMP006890
ARR007669,CR009613,A009613,2024-08-04,EMP001629
ARR007670,CR009614,A009614,2026-04-25,EMP007052
ARR007671,CR009615,A009615,2026-06-17,EMP000891
ARR007672,CR009616,A009616,2025-06-27,EMP005644
ARR007673,CR009617,A009617,2024-12-06,EMP004973
ARR007674,CR009618,A009618,2024-07-21,EMP008424
ARR007675,CR009619,A009619,2025-05-30,EMP005405
ARR007676,CR009620,A009620,2025-09-03,EMP007239
ARR007677,CR009621,A009621,2026-03-31,EMP007318
ARR007678,CR009622,A009622,2025-02-13,EMP005058
ARR007679,CR009623,A009623,2026-05-18,EMP003325
ARR007680,CR009625,A009625,2024-11-23,EMP008341
ARR007681,CR009626,A009626,2025-06-18,EMP005921
ARR007682,CR009627,A009627,2025-01-07,EMP003316
ARR007683,CR009629,A009629,2025-01-19,EMP008119
ARR007684,CR009630,A009630,2025-03-27,EMP000317
ARR007685,CR009631,A009631,2024-08-18,EMP004239
ARR007686,CR009632,A009632,2025-09-19,EMP004336
ARR007687,CR009633,A009633,2025-12-17,EMP008840
ARR007688,CR009634,A009634,2024-11-24,EMP006989
ARR007689,CR009635,A009635,2025-09-12,EMP007236
ARR007690,CR009636,A009636,2024-12-28,EMP009182
ARR007691,CR009637,A009637,2026-01-03,EMP009717
ARR007692,CR009639,A009639,2026-01-14,EMP001602
ARR007693,CR009640,A009640,2025-03-04,EMP001020
ARR007694,CR009641,A009641,2026-05-27,EMP001331
ARR007695,CR009642,A009642,2024-08-19,EMP001556
ARR007696,CR009643,A009643,2024-09-24,EMP005203
ARR007697,CR009645,A009645,2025-11-23,EMP008324
ARR007698,CR009646,A009646,2025-06-10,EMP002196
ARR007699,CR009647,A009647,2024-09-23,EMP009178
ARR007700,CR009649,A009649,2026-06-03,EMP002462
ARR007701,CR009650,A009650,2025-02-06,EMP005568
ARR007702,CR009651,A009651,2026-06-05,EMP004583
ARR007703,CR009652,A009652,2024-09-09,EMP003876
ARR007704,CR009653,A009653,2024-09-19,EMP008688
ARR007705,CR009655,A009655,2025-04-09,EMP009546
ARR007706,CR009656,A009656,2025-07-26,EMP008301
ARR007707,CR009657,A009657,2024-08-25,EMP006347
ARR007708,CR009658,A009658,2025-02-26,EMP005259
ARR007709,CR009659,A009659,2025-02-20,EMP007288
ARR007710,CR009661,A009661,2026-06-22,EMP008812
ARR007711,CR009663,A009663,2025-12-14,EMP006075
ARR007712,CR009664,A009664,2024-08-13,EMP009789
ARR007713,CR009665,A009665,2024-08-29,EMP008484
ARR007714,CR009666,A009666,2025-09-30,EMP008407
ARR007715,CR009668,A009668,2024-12-30,EMP005615
ARR007716,CR009669,A009669,2025-03-12,EMP008023
ARR007717,CR009670,A009670,2026-04-22,EMP000332
ARR007718,CR009671,A009671,2025-09-20,EMP000887
ARR007719,CR009673,A009673,2024-11-24,EMP005305
ARR007720,CR009674,A009674,2026-07-13,EMP003302
ARR007721,CR009675,A009675,2026-02-23,EMP008844
ARR007722,CR009676,A009676,2025-02-23,EMP009954
ARR007723,CR009677,A009677,2025-11-30,EMP003262
ARR007724,CR009679,A009679,2025-05-14,EMP008529
ARR007725,CR009680,A009680,2026-04-21,EMP002953
ARR007726,CR009683,A009683,2024-07-31,EMP008809
ARR007727,CR009685,A009685,2024-12-05,EMP004110
ARR007728,CR009686,A009686,2025-11-14,EMP006659
ARR007729,CR009688,A009688,2025-02-08,EMP001586
ARR007730,CR009689,A009689,2024-09-07,EMP006139
ARR007731,CR009690,A009690,2024-08-10,EMP005148
ARR007732,CR009691,A009691,2024-08-21,EMP006155
ARR007733,CR009692,A009692,2025-06-16,EMP008182
ARR007734,CR009694,A009694,2026-05-21,EMP003301
ARR007735,CR009696,A009696,2025-12-18,EMP004758
ARR007736,CR009698,A009698,2024-12-20,EMP006579
ARR007737,CR009699,A009699,2024-08-13,EMP003341
ARR007738,CR009703,A009703,2025-08-11,EMP008510
ARR007739,CR009704,A009704,2025-07-16,EMP003259
ARR007740,CR009705,A009705,2025-02-25,EMP005444
ARR007741,CR009706,A009706,2026-07-29,EMP003977
ARR007742,CR009709,A009709,2026-03-06,EMP003267
ARR007743,CR009710,A009710,2025-10-01,EMP003298
ARR007744,CR009711,A009711,2024-12-19,EMP003259
ARR007745,CR009712,A009712,2024-09-19,EMP003420
ARR007746,CR009713,A009713,2026-03-08,EMP009995
ARR007747,CR009714,A009714,2026-04-23,EMP001619
ARR007748,CR009715,A009715,2026-02-26,EMP004882
ARR007749,CR009718,A009718,2025-03-13,EMP008219
ARR007750,CR009719,A009719,2024-09-02,EMP008428
ARR007751,CR009720,A009720,2024-09-13,EMP001715
ARR007752,CR009721,A009721,2026-03-04,EMP007715
ARR007753,CR009722,A009722,2026-05-29,EMP001339
ARR007754,CR009723,A009723,2025-09-26,EMP004973
ARR007755,CR009725,A009725,2025-03-31,EMP003473
ARR007756,CR009727,A009727,2024-12-09,EMP003332
ARR007757,CR009728,A009728,2026-06-09,EMP003267
ARR007758,CR009730,A009730,2024-10-10,EMP008022
ARR007759,CR009731,A009731,2025-05-28,EMP003987
ARR007760,CR009732,A009732,2024-11-09,EMP008533
ARR007761,CR009733,A009733,2026-01-07,EMP006387
ARR007762,CR009734,A009734,2025-03-12,EMP004779
ARR007763,CR009736,A009736,2025-02-08,EMP004686
ARR007764,CR009737,A009737,2025-03-03,EMP005810
ARR007765,CR009738,A009738,2025-10-16,EMP004346
ARR007766,CR009742,A009742,2025-07-13,EMP008334
ARR007767,CR009743,A009743,2026-07-07,EMP010016
ARR007768,CR009745,A009745,2024-09-26,EMP003290
ARR007769,CR009746,A009746,2025-07-21,EMP003304
ARR007770,CR009747,A009747,2025-08-21,EMP003274
ARR007771,CR009748,A009748,2025-08-21,EMP004195
ARR007772,CR009749,A009749,2026-06-13,EMP003926
ARR007773,CR009750,A009750,2024-11-22,EMP003820
ARR007774,CR009751,A009751,2026-05-28,EMP006018
ARR007775,CR009752,A009752,2026-05-26,EMP001329
ARR007776,CR009753,A009753,2026-02-06,EMP006557
ARR007777,CR009754,A009754,2025-11-30,EMP003858
ARR007778,CR009755,A009755,2026-02-19,EMP003361
ARR007779,CR009757,A009757,2026-07-01,EMP003522
ARR007780,CR009758,A009758,2025-08-13,EMP003283
ARR007781,CR009759,A009759,2025-03-19,EMP008224
ARR007782,CR009760,A009760,2024-08-31,EMP003303
ARR007783,CR009761,A009761,2025-01-10,EMP007065
ARR007784,CR009762,A009762,2025-12-10,EMP002635
ARR007785,CR009763,A009763,2025-07-14,EMP002952
ARR007786,CR009764,A009764,2026-02-08,EMP001545
ARR007787,CR009765,A009765,2026-01-20,EMP007184
ARR007788,CR009766,A009766,2025-06-21,EMP006166
ARR007789,CR009767,A009767,2024-08-23,EMP003299
ARR007790,CR009768,A009768,2026-02-18,EMP008181
ARR007791,CR009769,A009769,2024-11-04,EMP003986
ARR007792,CR009770,A009770,2026-02-06,EMP003861
ARR007793,CR009772,A009772,2025-06-27,EMP003359
ARR007794,CR009773,A009773,2024-07-31,EMP003299
ARR007795,CR009774,A009774,2025-03-20,EMP000775
ARR007796,CR009776,A009776,2026-02-19,EMP003287
ARR007797,CR009777,A009777,2024-11-13,EMP006692
ARR007798,CR009779,A009779,2025-12-04,EMP008314
ARR007799,CR009780,A009780,2024-09-18,EMP005143
ARR007800,CR009781,A009781,2024-08-25,EMP008797
ARR007801,CR009782,A009782,2024-07-19,EMP003288
ARR007802,CR009784,A009784,2025-07-13,EMP002632
ARR007803,CR009785,A009785,2026-07-03,EMP008759
ARR007804,CR009786,A009786,2025-11-23,EMP006208
ARR007805,CR009787,A009787,2024-10-08,EMP004792
ARR007806,CR009788,A009788,2025-10-01,EMP008244
ARR007807,CR009789,A009789,2024-09-26,EMP000552
ARR007808,CR009790,A009790,2024-09-15,EMP010021
ARR007809,CR009791,A009791,2026-05-18,EMP003255
ARR007810,CR009792,A009792,2025-08-05,EMP005619
ARR007811,CR009793,A009793,2026-01-31,EMP005790
ARR007812,CR009794,A009794,2026-03-17,EMP003206
ARR007813,CR009796,A009796,2025-10-19,EMP007270
ARR007814,CR009798,A009798,2025-10-10,EMP001442
ARR007815,CR009799,A009799,2025-07-04,EMP007441
ARR007816,CR009800,A009800,2025-12-10,EMP006737
ARR007817,CR009801,A009801,2026-05-24,EMP007058
ARR007818,CR009802,A009802,2026-07-09,EMP009255
ARR007819,CR009803,A009803,2026-04-27,EMP005042
ARR007820,CR009805,A009805,2025-09-17,EMP005841
ARR007821,CR009806,A009806,2025-03-31,EMP003302
ARR007822,CR009807,A009807,2026-03-04,EMP009758
ARR007823,CR009808,A009808,2026-02-01,EMP005304
ARR007824,CR009809,A009809,2025-07-17,EMP004821
ARR007825,CR009810,A009810,2025-03-10,EMP006134
ARR007826,CR009811,A009811,2025-09-23,EMP009252
ARR007827,CR009812,A009812,2025-08-30,EMP006799
ARR007828,CR009813,A009813,2026-04-24,EMP009622
ARR007829,CR009814,A009814,2024-10-25,EMP006281
ARR007830,CR009815,A009815,2024-11-18,EMP001337
ARR007831,CR009817,A009817,2025-11-29,EMP001054
ARR007832,CR009818,A009818,2025-12-11,EMP009155
ARR007833,CR009819,A009819,2024-12-20,EMP008484
ARR007834,CR009821,A009821,2025-10-25,EMP002926
ARR007835,CR009822,A009822,2026-03-27,EMP005004
ARR007836,CR009824,A009824,2024-11-16,EMP009510
ARR007837,CR009825,A009825,2025-09-05,EMP009201
ARR007838,CR009826,A009826,2025-09-05,EMP005345
ARR007839,CR009827,A009827,2025-10-18,EMP009618
ARR007840,CR009828,A009828,2024-11-08,EMP007911
ARR007841,CR009829,A009829,2026-07-30,EMP003300
ARR007842,CR009830,A009830,2024-07-21,EMP009221
ARR007843,CR009831,A009831,2025-01-26,EMP009571
ARR007844,CR009832,A009832,2024-09-26,EMP006132
ARR007845,CR009833,A009833,2025-04-19,EMP007819
ARR007846,CR009834,A009834,2024-12-27,EMP004799
ARR007847,CR009835,A009835,2025-09-23,EMP003257
ARR007848,CR009836,A009836,2026-05-26,EMP001044
ARR007849,CR009837,A009837,2024-11-19,EMP004824
ARR007850,CR009838,A009838,2025-11-01,EMP004693
ARR007851,CR009839,A009839,2025-10-05,EMP002869
ARR007852,CR009842,A009842,2025-03-26,EMP004959
ARR007853,CR009843,A009843,2024-10-23,EMP008864
ARR007854,CR009844,A009844,2026-05-28,EMP008394
ARR007855,CR009845,A009845,2025-12-11,EMP004435
ARR007856,CR009846,A009846,2026-03-16,EMP006689
ARR007857,CR009848,A009848,2024-10-22,EMP003040
ARR007858,CR009849,A009849,2024-07-25,EMP001245
ARR007859,CR009850,A009850,2025-05-30,EMP008833
ARR007860,CR009851,A009851,2026-02-16,EMP001373
ARR007861,CR009854,A009854,2025-02-25,EMP004770
ARR007862,CR009855,A009855,2024-07-24,EMP003466
ARR007863,CR009856,A009856,2025-10-12,EMP003705
ARR007864,CR009857,A009857,2025-10-14,EMP004880
ARR007865,CR009858,A009858,2025-01-18,EMP008401
ARR007866,CR009859,A009859,2025-02-23,EMP005399
ARR007867,CR009860,A009860,2026-05-31,EMP003308
ARR007868,CR009861,A009861,2024-07-26,EMP005528
ARR007869,CR009862,A009862,2024-07-23,EMP000296
ARR007870,CR009864,A009864,2026-04-02,EMP007431
ARR007871,CR009865,A009865,2024-11-10,EMP003840
ARR007872,CR009867,A009867,2024-11-22,EMP003299
ARR007873,CR009868,A009868,2024-11-25,EMP005042
ARR007874,CR009869,A009869,2026-04-14,EMP007919
ARR007875,CR009870,A009870,2025-06-04,EMP007788
ARR007876,CR009871,A009871,2026-03-20,EMP005423
ARR007877,CR009872,A009872,2024-09-28,EMP004324
ARR007878,CR009873,A009873,2025-10-07,EMP003744
ARR007879,CR009874,A009874,2025-05-04,EMP001238
ARR007880,CR009875,A009875,2026-05-28,EMP005485
ARR007881,CR009876,A009876,2024-12-06,EMP008322
ARR007882,CR009877,A009877,2024-09-03,EMP006706
ARR007883,CR009878,A009878,2026-02-24,EMP009624
ARR007884,CR009879,A009879,2025-05-11,EMP006044
ARR007885,CR009880,A009880,2025-11-18,EMP003313
ARR007886,CR009881,A009881,2025-03-30,EMP004927
ARR007887,CR009882,A009882,2025-02-08,EMP006062
ARR007888,CR009883,A009883,2024-10-10,EMP003301
ARR007889,CR009886,A009886,2025-05-03,EMP006095
ARR007890,CR009889,A009889,2026-06-30,EMP000629
ARR007891,CR009892,A009892,2025-06-06,EMP004046
ARR007892,CR009894,A009894,2026-04-05,EMP007979
ARR007893,CR009896,A009896,2025-01-02,EMP007322
ARR007894,CR009897,A009897,2025-03-12,EMP002352
ARR007895,CR009900,A009900,2026-07-03,EMP003277
ARR007896,CR009901,A009901,2026-01-03,EMP001821
ARR007897,CR009903,A009903,2026-02-16,EMP003841
ARR007898,CR009904,A009904,2025-01-03,EMP009782
ARR007899,CR009905,A009905,2025-12-02,EMP005422
ARR007900,CR009906,A009906,2024-08-03,EMP003272
ARR007901,CR009907,A009907,2025-02-14,EMP008175
ARR007902,CR009908,A009908,2026-03-29,EMP009313
ARR007903,CR009909,A009909,2026-06-03,EMP008825
ARR007904,CR009911,A009911,2025-11-17,EMP009197
ARR007905,CR009913,A009913,2026-01-08,EMP000027
ARR007906,CR009914,A009914,2026-06-16,EMP007977
ARR007907,CR009915,A009915,2026-05-12,EMP001622
ARR007908,CR009916,A009916,2025-01-04,EMP008753
ARR007909,CR009917,A009917,2025-05-07,EMP004871
ARR007910,CR009920,A009920,2025-05-08,EMP003296
ARR007911,CR009921,A009921,2025-09-02,EMP009994
ARR007912,CR009922,A009922,2024-10-09,EMP003541
ARR007913,CR009923,A009923,2026-01-29,EMP000889
ARR007914,CR009924,A009924,2025-08-25,EMP003148
ARR007915,CR009925,A009925,2025-01-28,EMP000035
ARR007916,CR009926,A009926,2026-06-24,EMP003309
ARR007917,CR009928,A009928,2025-11-14,EMP004627
ARR007918,CR009929,A009929,2026-03-27,EMP000595
ARR007919,CR009931,A009931,2026-06-12,EMP006183
ARR007920,CR009932,A009932,2025-10-08,EMP004691
ARR007921,CR009933,A009933,2024-11-07,EMP006353
ARR007922,CR009934,A009934,2024-11-12,EMP006159
ARR007923,CR009935,A009935,2025-01-23,EMP009347
ARR007924,CR009937,A009937,2026-02-13,EMP001508
ARR007925,CR009939,A009939,2025-02-04,EMP003315
ARR007926,CR009940,A009940,2025-12-21,EMP009242
ARR007927,CR009941,A009941,2026-05-04,EMP009980
ARR007928,CR009943,A009943,2025-10-27,EMP004112
ARR007929,CR009945,A009945,2025-11-29,EMP008885
ARR007930,CR009946,A009946,2025-08-03,EMP000891
ARR007931,CR009948,A009948,2025-11-05,EMP006180
ARR007932,CR009949,A009949,2026-04-14,EMP007760
ARR007933,CR009951,A009951,2026-07-27,EMP001320
ARR007934,CR009952,A009952,2025-04-18,EMP008225
ARR007935,CR009953,A009953,2025-02-01,EMP004668
ARR007936,CR009954,A009954,2025-06-11,EMP003359
ARR007937,CR009955,A009955,2026-07-08,EMP009589
ARR007938,CR009956,A009956,2026-03-16,EMP007279
ARR007939,CR009957,A009957,2026-07-18,EMP004099
ARR007940,CR009958,A009958,2025-06-03,EMP007472
ARR007941,CR009959,A009959,2024-12-31,EMP003309
ARR007942,CR009960,A009960,2026-06-11,EMP005560
ARR007943,CR009961,A009961,2025-12-28,EMP004704
ARR007944,CR009962,A009962,2024-09-03,EMP006666
ARR007945,CR009963,A009963,2025-06-03,EMP000511
ARR007946,CR009964,A009964,2025-12-01,EMP000885
ARR007947,CR009965,A009965,2024-08-08,EMP003333
ARR007948,CR009966,A009966,2025-08-02,EMP006815
ARR007949,CR009967,A009967,2025-10-08,EMP003316
ARR007950,CR009968,A009968,2024-12-08,EMP003382
ARR007951,CR009969,A009969,2026-02-17,EMP000042
ARR007952,CR009971,A009971,2025-06-22,EMP000062
ARR007953,CR009972,A009972,2025-07-07,EMP001093
ARR007954,CR009973,A009973,2025-05-29,EMP004369
ARR007955,CR009975,A009975,2026-03-19,EMP007205
ARR007956,CR009977,A009977,2024-12-18,EMP006432
ARR007957,CR009978,A009978,2025-07-02,EMP009750
ARR007958,CR009979,A009979,2025-08-22,EMP004155
ARR007959,CR009980,A009980,2025-12-27,EMP002077
ARR007960,CR009982,A009982,2024-12-13,EMP000892
ARR007961,CR009983,A009983,2025-04-11,EMP005004
ARR007962,CR009984,A009984,2025-12-27,EMP007267
ARR007963,CR009986,A009986,2025-08-24,EMP009156
ARR007964,CR009987,A009987,2024-10-30,EMP004893
ARR007965,CR009988,A009988,2025-12-07,EMP005474
ARR007966,CR009989,A009989,2025-01-17,EMP008948
ARR007967,CR009990,A009990,2024-10-30,EMP002140
ARR007968,CR009991,A009991,2025-12-04,EMP009589
ARR007969,CR009992,A009992,2024-12-28,EMP002132
ARR007970,CR009994,A009994,2025-09-21,EMP008844
ARR007971,CR009995,A009995,2026-01-19,EMP007874
ARR007972,CR009996,A009996,2025-04-16,EMP003286
ARR007973,CR009997,A009997,2026-04-06,EMP007946
ARR007974,CR009998,A009998,2025-06-08,EMP008525
ARR007975,CR009999,A009999,2024-10-14,EMP009312
ARR007976,CR010000,A010000,2026-05-06,EMP007539
