chargesheet_id,case_id,court_id,court_name,filing_date,filing_officer_id,chargesheet_status
CHG000001,CR000002,CRT0017,Bengaluru Rural Senior Civil Court,2025-10-29,EMP001465,Accepted
CHG000002,CR000003,CRT0080,Hassan Special Court,2025-10-18,EMP004855,Accepted
CHG000003,CR000008,CRT0090,Kalaburagi Special Court,2025-11-16,EMP005419,Filed
CHG000004,CR000013,CRT0075,Gadag Special Court,2026-10-06,EMP004535,Filed
CHG000005,CR000018,CRT0045,Chikkaballapura Special Court,2025-09-30,EMP003280,Filed
CHG000006,CR000020,CRT0130,Tumakuru Special Court,2025-03-11,EMP008512,Filed
CHG000007,CR000025,CRT0094,Kodagu Family Court,2026-02-01,EMP005760,Filed
CHG000008,CR000028,CRT0040,Chamarajanagar Special Court,2026-07-13,EMP003262,Filed
CHG000009,CR000032,CRT0152,Yadgir Senior Civil Court,2025-03-19,EMP010003,Accepted
CHG000010,CR000033,CRT0045,Chikkaballapura Special Court,2026-01-27,EMP003265,Filed
CHG000011,CR000044,CRT0127,Tumakuru Senior Civil Court,2025-06-26,EMP008600,Filed
CHG000012,CR000047,CRT0135,Udupi Special Court,2025-01-13,EMP008923,Accepted
CHG000013,CR000048,CRT0147,Vijayapura Senior Civil Court,2026-02-21,EMP009615,Accepted
CHG000014,CR000052,CRT0076,Hassan District and Sessions Court,2025-10-07,EMP004997,Filed
CHG000015,CR000054,CRT0085,Haveri Special Court,2026-03-19,EMP005210,Filed
CHG000016,CR000059,CRT0042,Chikkaballapura Senior Civil Court,2025-05-08,EMP003291,Accepted
CHG000017,CR000065,CRT0129,Tumakuru Family Court,2026-11-25,EMP008594,Filed
CHG000018,CR000073,CRT0115,Mysuru Special Court,2026-06-15,EMP007344,Accepted
CHG000019,CR000078,CRT0064,Davanagere Family Court,2026-06-03,EMP004034,Accepted
CHG000020,CR000079,CRT0078,Hassan Civil Judge and JMFC Court,2025-07-11,EMP004951,Accepted
CHG000021,CR000080,CRT0066,Dharwad District and Sessions Court,2026-02-06,EMP004270,Accepted
CHG000022,CR000086,CRT0129,Tumakuru Family Court,2026-02-10,EMP008526,Filed
CHG000023,CR000092,CRT0129,Tumakuru Family Court,2026-03-17,EMP008562,Filed
CHG000024,CR000098,CRT0146,Vijayapura District and Sessions Court,2025-10-25,EMP009767,Accepted
CHG000025,CR000108,CRT0010,Ballari Special Court,2026-12-26,EMP000400,Accepted
CHG000026,CR000111,CRT0066,Dharwad District and Sessions Court,2025-06-30,EMP004329,Filed
CHG000027,CR000113,CRT0010,Ballari Special Court,2026-04-06,EMP000409,Accepted
CHG000028,CR000117,CRT0128,Tumakuru Civil Judge and JMFC Court,2026-01-26,EMP008651,Filed
CHG000029,CR000124,CRT0107,Mandya Senior Civil Court,2025-12-26,EMP007009,Filed
CHG000030,CR000126,CRT0055,Chitradurga Special Court,2025-08-07,EMP003323,Filed
CHG000031,CR000131,CRT0126,Tumakuru District and Sessions Court,2024-09-25,EMP008711,Filed
CHG000032,CR000133,CRT0106,Mandya District and Sessions Court,2025-09-29,EMP006743,Filed
CHG000033,CR000138,CRT0108,Mandya Civil Judge and JMFC Court,2025-07-29,EMP006673,Accepted
CHG000034,CR000140,CRT0052,Chitradurga Senior Civil Court,2026-07-31,EMP003369,Accepted
CHG000035,CR000142,CRT0096,Kolar District and Sessions Court,2026-02-13,EMP006073,Accepted
CHG000036,CR000147,CRT0103,Koppal Civil Judge and JMFC Court,2026-08-10,EMP006574,Filed
CHG000037,CR000148,CRT0014,Belagavi Family Court,2025-07-23,EMP000554,Filed
CHG000038,CR000152,CRT0106,Mandya District and Sessions Court,2025-09-25,EMP006666,Filed
CHG000039,CR000153,CRT0076,Hassan District and Sessions Court,2025-07-11,EMP004960,Filed
CHG000040,CR000159,CRT0044,Chikkaballapura Family Court,2026-08-10,EMP003263,Accepted
CHG000041,CR000166,CRT0126,Tumakuru District and Sessions Court,2026-02-14,EMP008645,Filed
CHG000042,CR000168,CRT0061,Davanagere District and Sessions Court,2026-04-16,EMP004102,Returned for Correction
CHG000043,CR000171,CRT0127,Tumakuru Senior Civil Court,2025-06-10,EMP008470,Filed
CHG000044,CR000174,CRT0049,Chikkamagaluru Family Court,2025-11-03,EMP003301,Filed
CHG000045,CR000179,CRT0096,Kolar District and Sessions Court,2025-12-05,EMP006108,Filed
CHG000046,CR000181,CRT0126,Tumakuru District and Sessions Court,2026-05-11,EMP008803,Filed
CHG000047,CR000185,CRT0133,Udupi Civil Judge and JMFC Court,2026-03-07,EMP008926,Accepted
CHG000048,CR000186,CRT0034,Bidar Family Court,2025-08-18,EMP003050,Filed
CHG000049,CR000187,CRT0123,Shivamogga Civil Judge and JMFC Court,2024-11-28,EMP007996,Filed
CHG000050,CR000196,CRT0066,Dharwad District and Sessions Court,2026-08-13,EMP004258,Accepted
CHG000051,CR000197,CRT0088,Kalaburagi Civil Judge and JMFC Court,2025-12-16,EMP005473,Filed
CHG000052,CR000199,CRT0102,Koppal Senior Civil Court,2025-03-03,EMP006452,Filed
CHG000053,CR000201,CRT0130,Tumakuru Special Court,2025-01-13,EMP008737,Filed
CHG000054,CR000202,CRT0101,Koppal District and Sessions Court,2025-12-13,EMP006535,Filed
CHG000055,CR000219,CRT0053,Chitradurga Civil Judge and JMFC Court,2026-09-15,EMP003354,Accepted
CHG000056,CR000230,CRT0025,Bengaluru South Special Court,2025-02-12,EMP001688,Filed
CHG000057,CR000234,CRT0139,Uttara Kannada Family Court,2026-08-18,EMP009430,Filed
CHG000058,CR000236,CRT0140,Uttara Kannada Special Court,2025-10-09,EMP009162,Filed
CHG000059,CR000241,CRT0128,Tumakuru Civil Judge and JMFC Court,2025-12-19,EMP008650,Filed
CHG000060,CR000245,CRT0032,Bidar Senior Civil Court,2025-08-22,EMP003182,Filed
CHG000061,CR000247,CRT0123,Shivamogga Civil Judge and JMFC Court,2025-04-06,EMP008326,Filed
CHG000062,CR000261,CRT0027,Bengaluru Urban Senior Civil Court,2026-02-28,EMP002321,Accepted
CHG000063,CR000262,CRT0094,Kodagu Family Court,2025-07-01,EMP005815,Filed
CHG000064,CR000267,CRT0049,Chikkamagaluru Family Court,2025-04-08,EMP003297,Filed
CHG000065,CR000269,CRT0139,Uttara Kannada Family Court,2026-05-02,EMP009238,Filed
CHG000066,CR000272,CRT0106,Mandya District and Sessions Court,2025-12-17,EMP006678,Filed
CHG000067,CR000277,CRT0023,Bengaluru South Civil Judge and JMFC Court,2024-11-28,EMP001636,Returned for Correction
CHG000068,CR000283,CRT0084,Haveri Family Court,2026-06-01,EMP005128,Filed
CHG000069,CR000287,CRT0013,Belagavi Civil Judge and JMFC Court,2025-01-13,EMP000789,Filed
CHG000070,CR000289,CRT0077,Hassan Senior Civil Court,2025-09-30,EMP004831,Filed
CHG000071,CR000292,CRT0103,Koppal Civil Judge and JMFC Court,2025-09-26,EMP006559,Filed
CHG000072,CR000295,CRT0077,Hassan Senior Civil Court,2025-09-02,EMP004911,Filed
CHG000073,CR000302,CRT0016,Bengaluru Rural District and Sessions Court,2025-11-25,EMP001333,Returned for Correction
CHG000074,CR000305,CRT0117,Raichur Senior Civil Court,2026-04-26,EMP007834,Filed
CHG000075,CR000311,CRT0004,Bagalkote Family Court,2025-06-10,EMP000011,Filed
CHG000076,CR000315,CRT0110,Mandya Special Court,2026-11-05,EMP006818,Filed
CHG000077,CR000317,CRT0139,Uttara Kannada Family Court,2026-06-22,EMP009414,Filed
CHG000078,CR000318,CRT0064,Davanagere Family Court,2026-05-10,EMP003928,Filed
CHG000079,CR000320,CRT0034,Bidar Family Court,2025-06-16,EMP002955,Filed
CHG000080,CR000322,CRT0124,Shivamogga Family Court,2025-01-31,EMP008099,Filed
CHG000081,CR000323,CRT0068,Dharwad Civil Judge and JMFC Court,2025-08-27,EMP003868,Filed
CHG000082,CR000328,CRT0081,Haveri District and Sessions Court,2025-09-17,EMP005055,Filed
CHG000083,CR000331,CRT0129,Tumakuru Family Court,2026-02-02,EMP008658,Filed
CHG000084,CR000336,CRT0041,Chikkaballapura District and Sessions Court,2026-05-23,EMP003277,Filed
CHG000085,CR000338,CRT0055,Chitradurga Special Court,2025-06-19,EMP000885,Filed
CHG000086,CR000346,CRT0086,Kalaburagi District and Sessions Court,2025-10-21,EMP005497,Filed
CHG000087,CR000350,CRT0044,Chikkaballapura Family Court,2025-01-12,EMP003293,Filed
CHG000088,CR000352,CRT0149,Vijayapura Family Court,2025-03-03,EMP009736,Filed
CHG000089,CR000354,CRT0041,Chikkaballapura District and Sessions Court,2026-08-26,EMP003287,Accepted
CHG000090,CR000361,CRT0131,Udupi District and Sessions Court,2025-12-22,EMP009114,Filed
CHG000091,CR000366,CRT0127,Tumakuru Senior Civil Court,2025-02-12,EMP008632,Filed
CHG000092,CR000369,CRT0132,Udupi Senior Civil Court,2026-01-25,EMP008947,Filed
CHG000093,CR000375,CRT0112,Mysuru Senior Civil Court,2026-02-13,EMP007314,Filed
CHG000094,CR000377,CRT0019,Bengaluru Rural Family Court,2026-03-10,EMP001183,Filed
CHG000095,CR000378,CRT0109,Mandya Family Court,2025-03-03,EMP006799,Filed
CHG000096,CR000381,CRT0106,Mandya District and Sessions Court,2025-10-06,EMP006703,Filed
CHG000097,CR000385,CRT0129,Tumakuru Family Court,2025-09-15,EMP008685,Filed
CHG000098,CR000387,CRT0127,Tumakuru Senior Civil Court,2025-06-13,EMP008682,Accepted
CHG000099,CR000390,CRT0090,Kalaburagi Special Court,2026-08-05,EMP005460,Filed
CHG000100,CR000392,CRT0062,Davanagere Senior Civil Court,2024-11-29,EMP004085,Filed
CHG000101,CR000393,CRT0036,Chamarajanagar District and Sessions Court,2025-04-11,EMP003255,Accepted
CHG000102,CR000394,CRT0077,Hassan Senior Civil Court,2024-09-24,EMP004640,Filed
CHG000103,CR000395,CRT0042,Chikkaballapura Senior Civil Court,2025-08-10,EMP003292,Filed
CHG000104,CR000404,CRT0035,Bidar Special Court,2025-09-15,EMP002941,Accepted
CHG000105,CR000411,CRT0059,Dakshina Kannada Family Court,2026-06-04,EMP003485,Filed
CHG000106,CR000412,CRT0136,Uttara Kannada District and Sessions Court,2026-09-08,EMP009425,Filed
CHG000107,CR000416,CRT0097,Kolar Senior Civil Court,2026-05-30,EMP006224,Filed
CHG000108,CR000418,CRT0021,Bengaluru South District and Sessions Court,2025-06-30,EMP001503,Filed
CHG000109,CR000422,CRT0014,Belagavi Family Court,2025-12-10,EMP000626,Filed
CHG000110,CR000429,CRT0109,Mandya Family Court,2025-08-10,EMP007020,Filed
CHG000111,CR000432,CRT0129,Tumakuru Family Court,2026-01-17,EMP008603,Filed
CHG000112,CR000434,CRT0125,Shivamogga Special Court,2026-01-17,EMP008199,Filed
CHG000113,CR000453,CRT0077,Hassan Senior Civil Court,2026-10-04,EMP004708,Filed
CHG000114,CR000460,CRT0125,Shivamogga Special Court,2025-09-16,EMP008145,Filed
CHG000115,CR000461,CRT0049,Chikkamagaluru Family Court,2025-11-08,EMP003300,Filed
CHG000116,CR000467,CRT0046,Chikkamagaluru District and Sessions Court,2025-01-16,EMP003299,Accepted
CHG000117,CR000470,CRT0091,Kodagu District and Sessions Court,2025-11-10,EMP005792,Filed
CHG000118,CR000473,CRT0030,Bengaluru Urban Special Court,2025-01-18,EMP002282,Filed
CHG000119,CR000477,CRT0113,Mysuru Civil Judge and JMFC Court,2024-12-21,EMP007287,Returned for Correction
CHG000120,CR000490,CRT0077,Hassan Senior Civil Court,2025-02-11,EMP004870,Accepted
CHG000121,CR000492,CRT0008,Ballari Civil Judge and JMFC Court,2025-05-04,EMP000437,Accepted
CHG000122,CR000510,CRT0047,Chikkamagaluru Senior Civil Court,2025-12-06,EMP003303,Filed
CHG000123,CR000517,CRT0109,Mandya Family Court,2024-12-29,EMP006661,Filed
CHG000124,CR000523,CRT0099,Kolar Family Court,2025-02-16,EMP006238,Filed
CHG000125,CR000527,CRT0050,Chikkamagaluru Special Court,2025-11-05,EMP003297,Returned for Correction
CHG000126,CR000536,CRT0090,Kalaburagi Special Court,2025-09-25,EMP005400,Accepted
CHG000127,CR000537,CRT0111,Mysuru District and Sessions Court,2025-08-19,EMP007556,Filed
CHG000128,CR000539,CRT0001,Bagalkote District and Sessions Court,2025-03-06,EMP000187,Returned for Correction
CHG000129,CR000546,CRT0020,Bengaluru Rural Special Court,2025-09-14,EMP001207,Filed
CHG000130,CR000549,CRT0078,Hassan Civil Judge and JMFC Court,2025-07-28,EMP005014,Filed
CHG000131,CR000554,CRT0008,Ballari Civil Judge and JMFC Court,2025-08-11,EMP000370,Filed
CHG000132,CR000562,CRT0018,Bengaluru Rural Civil Judge and JMFC Court,2026-03-23,EMP001185,Filed
CHG000133,CR000568,CRT0128,Tumakuru Civil Judge and JMFC Court,2025-03-13,EMP008706,Accepted
CHG000134,CR000569,CRT0018,Bengaluru Rural Civil Judge and JMFC Court,2026-04-12,EMP001435,Accepted
CHG000135,CR000572,CRT0079,Hassan Family Court,2026-04-26,EMP004697,Accepted
CHG000136,CR000576,CRT0104,Koppal Family Court,2025-01-31,EMP006404,Filed
CHG000137,CR000580,CRT0046,Chikkamagaluru District and Sessions Court,2024-12-23,EMP003313,Filed
CHG000138,CR000583,CRT0077,Hassan Senior Civil Court,2025-08-28,EMP004768,Filed
CHG000139,CR000585,CRT0044,Chikkaballapura Family Court,2026-05-22,EMP003265,Accepted
CHG000140,CR000594,CRT0044,Chikkaballapura Family Court,2025-03-14,EMP003269,Accepted
CHG000141,CR000596,CRT0074,Gadag Family Court,2025-04-30,EMP004481,Accepted
CHG000142,CR000603,CRT0080,Hassan Special Court,2025-02-27,EMP004836,Accepted
CHG000143,CR000610,CRT0045,Chikkaballapura Special Court,2026-02-07,EMP003291,Filed
CHG000144,CR000613,CRT0019,Bengaluru Rural Family Court,2026-10-09,EMP001432,Filed
CHG000145,CR000614,CRT0148,Vijayapura Civil Judge and JMFC Court,2025-05-12,EMP009662,Filed
CHG000146,CR000627,CRT0124,Shivamogga Family Court,2026-10-12,EMP008167,Accepted
CHG000147,CR000628,CRT0061,Davanagere District and Sessions Court,2026-10-06,EMP003870,Filed
CHG000148,CR000649,CRT0077,Hassan Senior Civil Court,2026-06-21,EMP004881,Filed
CHG000149,CR000654,CRT0003,Bagalkote Civil Judge and JMFC Court,2026-02-11,EMP000119,Returned for Correction
CHG000150,CR000655,CRT0098,Kolar Civil Judge and JMFC Court,2026-04-13,EMP006342,Accepted
CHG000151,CR000661,CRT0081,Haveri District and Sessions Court,2026-02-25,EMP005332,Filed
CHG000152,CR000666,CRT0081,Haveri District and Sessions Court,2025-06-11,EMP005072,Filed
CHG000153,CR000671,CRT0077,Hassan Senior Civil Court,2025-10-14,EMP004935,Filed
CHG000154,CR000672,CRT0080,Hassan Special Court,2024-12-20,EMP004996,Accepted
CHG000155,CR000674,CRT0077,Hassan Senior Civil Court,2025-11-12,EMP004840,Accepted
CHG000156,CR000675,CRT0138,Uttara Kannada Civil Judge and JMFC Court,2025-01-04,EMP009245,Filed
CHG000157,CR000679,CRT0019,Bengaluru Rural Family Court,2026-10-11,EMP001202,Filed
CHG000158,CR000681,CRT0004,Bagalkote Family Court,2025-11-02,EMP000025,Filed
CHG000159,CR000705,CRT0014,Belagavi Family Court,2026-11-26,EMP000792,Filed
CHG000160,CR000706,CRT0140,Uttara Kannada Special Court,2026-02-22,EMP009364,Filed
CHG000161,CR000707,CRT0029,Bengaluru Urban Family Court,2025-03-11,EMP001898,Filed
CHG000162,CR000708,CRT0031,Bidar District and Sessions Court,2025-07-14,EMP002966,Accepted
CHG000163,CR000713,CRT0074,Gadag Family Court,2024-11-13,EMP004529,Filed
CHG000164,CR000714,CRT0139,Uttara Kannada Family Court,2025-08-14,EMP009273,Filed
CHG000165,CR000720,CRT0045,Chikkaballapura Special Court,2025-09-21,EMP003273,Filed
CHG000166,CR000721,CRT0027,Bengaluru Urban Senior Civil Court,2026-02-27,EMP001813,Filed
CHG000167,CR000722,CRT0033,Bidar Civil Judge and JMFC Court,2025-06-16,EMP003173,Filed
CHG000168,CR000726,CRT0129,Tumakuru Family Court,2025-08-06,EMP008566,Filed
CHG000169,CR000740,CRT0127,Tumakuru Senior Civil Court,2026-01-04,EMP001618,Filed
CHG000170,CR000749,CRT0116,Raichur District and Sessions Court,2025-11-04,EMP007828,Filed
CHG000171,CR000750,CRT0124,Shivamogga Family Court,2026-08-19,EMP008253,Filed
CHG000172,CR000751,CRT0053,Chitradurga Civil Judge and JMFC Court,2025-07-22,EMP003350,Filed
CHG000173,CR000755,CRT0137,Uttara Kannada Senior Civil Court,2025-01-01,EMP009185,Accepted
CHG000174,CR000759,CRT0062,Davanagere Senior Civil Court,2025-12-07,EMP000890,Filed
CHG000175,CR000760,CRT0126,Tumakuru District and Sessions Court,2025-06-08,EMP001622,Filed
CHG000176,CR000765,CRT0128,Tumakuru Civil Judge and JMFC Court,2026-08-19,EMP008579,Accepted
CHG000177,CR000770,CRT0087,Kalaburagi Senior Civil Court,2026-03-02,EMP005607,Filed
CHG000178,CR000771,CRT0108,Mandya Civil Judge and JMFC Court,2026-08-05,EMP006777,Filed
CHG000179,CR000774,CRT0100,Kolar Special Court,2024-10-03,EMP006120,Accepted
CHG000180,CR000785,CRT0055,Chitradurga Special Court,2026-02-21,EMP003341,Filed
CHG000181,CR000796,CRT0128,Tumakuru Civil Judge and JMFC Court,2025-03-01,EMP008645,Accepted
CHG000182,CR000801,CRT0051,Chitradurga District and Sessions Court,2024-11-16,EMP000884,Filed
CHG000183,CR000803,CRT0128,Tumakuru Civil Judge and JMFC Court,2025-12-01,EMP008850,Accepted
CHG000184,CR000834,CRT0062,Davanagere Senior Civil Court,2026-12-06,EMP004034,Filed
CHG000185,CR000838,CRT0025,Bengaluru South Special Court,2026-04-13,EMP001567,Filed
CHG000186,CR000839,CRT0137,Uttara Kannada Senior Civil Court,2026-04-02,EMP009245,Filed
CHG000187,CR000840,CRT0044,Chikkaballapura Family Court,2026-09-16,EMP003292,Filed
CHG000188,CR000841,CRT0063,Davanagere Civil Judge and JMFC Court,2025-11-11,EMP003912,Filed
CHG000189,CR000846,CRT0005,Bagalkote Special Court,2024-12-20,EMP000009,Filed
CHG000190,CR000848,CRT0129,Tumakuru Family Court,2025-02-24,EMP008409,Filed
CHG000191,CR000861,CRT0086,Kalaburagi District and Sessions Court,2026-04-26,EMP005354,Filed
CHG000192,CR000862,CRT0072,Gadag Senior Civil Court,2025-12-16,EMP004538,Accepted
CHG000193,CR000866,CRT0079,Hassan Family Court,2025-01-05,EMP004868,Returned for Correction
CHG000194,CR000869,CRT0112,Mysuru Senior Civil Court,2026-07-16,EMP007374,Returned for Correction
CHG000195,CR000870,CRT0027,Bengaluru Urban Senior Civil Court,2025-09-16,EMP002751,Accepted
CHG000196,CR000871,CRT0131,Udupi District and Sessions Court,2024-11-30,EMP009041,Filed
CHG000197,CR000886,CRT0080,Hassan Special Court,2026-09-05,EMP004726,Filed
CHG000198,CR000895,CRT0025,Bengaluru South Special Court,2025-12-10,EMP001536,Filed
CHG000199,CR000897,CRT0113,Mysuru Civil Judge and JMFC Court,2026-08-23,EMP007200,Filed
CHG000200,CR000898,CRT0123,Shivamogga Civil Judge and JMFC Court,2025-06-03,EMP008277,Filed
CHG000201,CR000899,CRT0017,Bengaluru Rural Senior Civil Court,2026-06-08,EMP001259,Filed
CHG000202,CR000902,CRT0054,Chitradurga Family Court,2025-08-12,EMP003329,Returned for Correction
CHG000203,CR000903,CRT0041,Chikkaballapura District and Sessions Court,2026-08-25,EMP003287,Filed
CHG000204,CR000904,CRT0097,Kolar Senior Civil Court,2025-03-19,EMP006039,Accepted
CHG000205,CR000912,CRT0033,Bidar Civil Judge and JMFC Court,2025-02-08,EMP002893,Filed
CHG000206,CR000914,CRT0060,Dakshina Kannada Special Court,2026-01-02,EMP003419,Filed
CHG000207,CR000915,CRT0146,Vijayapura District and Sessions Court,2025-09-27,EMP009674,Filed
CHG000208,CR000919,CRT0040,Chamarajanagar Special Court,2025-01-26,EMP003260,Filed
CHG000209,CR000920,CRT0081,Haveri District and Sessions Court,2025-05-08,EMP005077,Filed
CHG000210,CR000921,CRT0112,Mysuru Senior Civil Court,2025-09-03,EMP007160,Filed
CHG000211,CR000922,CRT0146,Vijayapura District and Sessions Court,2024-10-08,EMP009587,Filed
CHG000212,CR000923,CRT0096,Kolar District and Sessions Court,2026-06-16,EMP006144,Filed
CHG000213,CR000928,CRT0093,Kodagu Civil Judge and JMFC Court,2026-06-13,EMP005890,Filed
CHG000214,CR000933,CRT0087,Kalaburagi Senior Civil Court,2024-09-20,EMP005527,Returned for Correction
CHG000215,CR000934,CRT0061,Davanagere District and Sessions Court,2026-02-19,EMP003838,Filed
CHG000216,CR000935,CRT0038,Chamarajanagar Civil Judge and JMFC Court,2025-05-25,EMP003257,Filed
CHG000217,CR000937,CRT0120,Raichur Special Court,2024-10-17,EMP007738,Returned for Correction
CHG000218,CR000954,CRT0098,Kolar Civil Judge and JMFC Court,2026-05-30,EMP006360,Filed
CHG000219,CR000955,CRT0112,Mysuru Senior Civil Court,2025-02-12,EMP007281,Filed
CHG000220,CR000958,CRT0016,Bengaluru Rural District and Sessions Court,2025-05-01,EMP001342,Filed
CHG000221,CR000961,CRT0126,Tumakuru District and Sessions Court,2026-02-09,EMP008406,Filed
CHG000222,CR000962,CRT0032,Bidar Senior Civil Court,2025-01-18,EMP002954,Accepted
CHG000223,CR000967,CRT0129,Tumakuru Family Court,2025-12-28,EMP008653,Filed
CHG000224,CR000972,CRT0080,Hassan Special Court,2026-08-31,EMP004883,Filed
CHG000225,CR000974,CRT0061,Davanagere District and Sessions Court,2026-06-24,EMP000884,Returned for Correction
CHG000226,CR000985,CRT0051,Chitradurga District and Sessions Court,2026-07-14,EMP003338,Filed
CHG000227,CR000987,CRT0124,Shivamogga Family Court,2026-10-31,EMP008149,Filed
CHG000228,CR000996,CRT0124,Shivamogga Family Court,2025-05-22,EMP008031,Filed
CHG000229,CR000997,CRT0015,Belagavi Special Court,2025-05-07,EMP000615,Accepted
CHG000230,CR000999,CRT0030,Bengaluru Urban Special Court,2025-03-26,EMP002436,Accepted
CHG000231,CR001001,CRT0153,Yadgir Civil Judge and JMFC Court,2024-11-27,EMP009936,Accepted
CHG000232,CR001003,CRT0022,Bengaluru South Senior Civil Court,2026-08-08,EMP001483,Filed
CHG000233,CR001004,CRT0131,Udupi District and Sessions Court,2025-01-16,EMP008994,Accepted
CHG000234,CR001005,CRT0126,Tumakuru District and Sessions Court,2025-02-02,EMP008530,Filed
CHG000235,CR001008,CRT0147,Vijayapura Senior Civil Court,2025-09-29,EMP009575,Filed
CHG000236,CR001009,CRT0054,Chitradurga Family Court,2026-02-13,EMP003323,Filed
CHG000237,CR001011,CRT0028,Bengaluru Urban Civil Judge and JMFC Court,2026-11-11,EMP002258,Accepted
CHG000238,CR001012,CRT0018,Bengaluru Rural Civil Judge and JMFC Court,2025-07-24,EMP001252,Filed
CHG000239,CR001022,CRT0118,Raichur Civil Judge and JMFC Court,2025-09-19,EMP007804,Filed
CHG000240,CR001023,CRT0096,Kolar District and Sessions Court,2026-04-23,EMP006066,Accepted
CHG000241,CR001029,CRT0116,Raichur District and Sessions Court,2026-05-03,EMP007776,Filed
CHG000242,CR001031,CRT0122,Shivamogga Senior Civil Court,2025-05-04,EMP007986,Filed
CHG000243,CR001038,CRT0084,Haveri Family Court,2025-12-07,EMP005089,Filed
CHG000244,CR001039,CRT0062,Davanagere Senior Civil Court,2025-04-25,EMP004018,Filed
CHG000245,CR001040,CRT0112,Mysuru Senior Civil Court,2025-10-20,EMP007148,Filed
CHG000246,CR001047,CRT0018,Bengaluru Rural Civil Judge and JMFC Court,2025-12-23,EMP001258,Returned for Correction
CHG000247,CR001052,CRT0074,Gadag Family Court,2026-04-22,EMP004569,Filed
CHG000248,CR001058,CRT0052,Chitradurga Senior Civil Court,2025-01-25,EMP000889,Filed
CHG000249,CR001062,CRT0014,Belagavi Family Court,2025-05-13,EMP000618,Filed
CHG000250,CR001064,CRT0108,Mandya Civil Judge and JMFC Court,2025-08-30,EMP006833,Filed
CHG000251,CR001075,CRT0112,Mysuru Senior Civil Court,2026-03-11,EMP007418,Filed
CHG000252,CR001089,CRT0054,Chitradurga Family Court,2025-02-01,EMP000889,Accepted
CHG000253,CR001104,CRT0126,Tumakuru District and Sessions Court,2025-04-17,EMP008406,Filed
CHG000254,CR001106,CRT0045,Chikkaballapura Special Court,2026-02-02,EMP003280,Filed
CHG000255,CR001107,CRT0097,Kolar Senior Civil Court,2024-10-27,EMP006165,Accepted
CHG000256,CR001108,CRT0056,Dakshina Kannada District and Sessions Court,2026-05-23,EMP003679,Filed
CHG000257,CR001109,CRT0096,Kolar District and Sessions Court,2026-06-14,EMP006265,Filed
CHG000258,CR001114,CRT0096,Kolar District and Sessions Court,2026-01-28,EMP006219,Accepted
CHG000259,CR001119,CRT0087,Kalaburagi Senior Civil Court,2025-02-01,EMP005434,Filed
CHG000260,CR001122,CRT0110,Mandya Special Court,2025-10-02,EMP006651,Filed
CHG000261,CR001135,CRT0033,Bidar Civil Judge and JMFC Court,2025-10-28,EMP003028,Filed
CHG000262,CR001138,CRT0132,Udupi Senior Civil Court,2025-05-26,EMP008953,Filed
CHG000263,CR001142,CRT0080,Hassan Special Court,2025-09-28,EMP004849,Filed
CHG000264,CR001146,CRT0077,Hassan Senior Civil Court,2024-09-12,EMP004799,Returned for Correction
CHG000265,CR001147,CRT0121,Shivamogga District and Sessions Court,2026-04-11,EMP008353,Filed
CHG000266,CR001150,CRT0125,Shivamogga Special Court,2025-05-05,EMP008167,Accepted
CHG000267,CR001163,CRT0138,Uttara Kannada Civil Judge and JMFC Court,2026-08-16,EMP009297,Filed
CHG000268,CR001167,CRT0138,Uttara Kannada Civil Judge and JMFC Court,2025-09-19,EMP009247,Filed
CHG000269,CR001171,CRT0090,Kalaburagi Special Court,2025-01-01,EMP005428,Filed
CHG000270,CR001176,CRT0078,Hassan Civil Judge and JMFC Court,2025-09-15,EMP004660,Filed
CHG000271,CR001183,CRT0123,Shivamogga Civil Judge and JMFC Court,2025-11-26,EMP007995,Accepted
CHG000272,CR001184,CRT0109,Mandya Family Court,2025-12-30,EMP006671,Filed
CHG000273,CR001188,CRT0008,Ballari Civil Judge and JMFC Court,2026-01-27,EMP000437,Filed
CHG000274,CR001192,CRT0098,Kolar Civil Judge and JMFC Court,2024-11-16,EMP006237,Returned for Correction
CHG000275,CR001196,CRT0050,Chikkamagaluru Special Court,2025-11-03,EMP003314,Filed
CHG000276,CR001202,CRT0137,Uttara Kannada Senior Civil Court,2025-09-10,EMP009325,Accepted
CHG000277,CR001205,CRT0045,Chikkaballapura Special Court,2026-01-27,EMP003287,Filed
CHG000278,CR001213,CRT0099,Kolar Family Court,2025-02-10,EMP006290,Accepted
CHG000279,CR001217,CRT0108,Mandya Civil Judge and JMFC Court,2026-02-15,EMP006639,Filed
CHG000280,CR001223,CRT0017,Bengaluru Rural Senior Civil Court,2026-03-03,EMP001251,Filed
CHG000281,CR001230,CRT0100,Kolar Special Court,2026-09-01,EMP006144,Filed
CHG000282,CR001232,CRT0045,Chikkaballapura Special Court,2024-09-19,EMP003289,Filed
CHG000283,CR001233,CRT0089,Kalaburagi Family Court,2026-05-27,EMP005389,Filed
CHG000284,CR001237,CRT0048,Chikkamagaluru Civil Judge and JMFC Court,2026-03-15,EMP003316,Accepted
CHG000285,CR001247,CRT0040,Chamarajanagar Special Court,2025-07-04,EMP003260,Filed
CHG000286,CR001250,CRT0044,Chikkaballapura Family Court,2025-03-10,EMP003272,Filed
CHG000287,CR001251,CRT0024,Bengaluru South Family Court,2026-05-08,EMP001616,Filed
CHG000288,CR001252,CRT0121,Shivamogga District and Sessions Court,2025-11-20,EMP008299,Filed
CHG000289,CR001259,CRT0053,Chitradurga Civil Judge and JMFC Court,2024-10-04,EMP003321,Filed
CHG000290,CR001260,CRT0048,Chikkamagaluru Civil Judge and JMFC Court,2025-10-13,EMP003299,Accepted
CHG000291,CR001262,CRT0090,Kalaburagi Special Court,2026-03-27,EMP005351,Returned for Correction
CHG000292,CR001265,CRT0130,Tumakuru Special Court,2025-02-01,EMP008511,Accepted
CHG000293,CR001269,CRT0078,Hassan Civil Judge and JMFC Court,2026-11-08,EMP004941,Filed
CHG000294,CR001271,CRT0013,Belagavi Civil Judge and JMFC Court,2024-12-13,EMP000767,Filed
CHG000295,CR001275,CRT0139,Uttara Kannada Family Court,2024-11-03,EMP009419,Filed
CHG000296,CR001278,CRT0047,Chikkamagaluru Senior Civil Court,2025-06-19,EMP003301,Accepted
CHG000297,CR001290,CRT0021,Bengaluru South District and Sessions Court,2024-11-27,EMP001727,Accepted
CHG000298,CR001291,CRT0099,Kolar Family Court,2025-12-25,EMP006262,Filed
CHG000299,CR001302,CRT0041,Chikkaballapura District and Sessions Court,2026-03-16,EMP003275,Filed
CHG000300,CR001305,CRT0012,Belagavi Senior Civil Court,2026-08-09,EMP001181,Filed
CHG000301,CR001312,CRT0058,Dakshina Kannada Civil Judge and JMFC Court,2025-04-30,EMP003502,Filed
CHG000302,CR001315,CRT0133,Udupi Civil Judge and JMFC Court,2026-06-04,EMP008947,Accepted
CHG000303,CR001316,CRT0146,Vijayapura District and Sessions Court,2024-09-20,EMP009728,Accepted
CHG000304,CR001334,CRT0130,Tumakuru Special Court,2025-03-07,EMP008390,Returned for Correction
CHG000305,CR001336,CRT0004,Bagalkote Family Court,2025-09-20,EMP000033,Filed
CHG000306,CR001339,CRT0028,Bengaluru Urban Civil Judge and JMFC Court,2026-07-20,EMP002001,Returned for Correction
CHG000307,CR001342,CRT0093,Kodagu Civil Judge and JMFC Court,2025-07-19,EMP005838,Filed
CHG000308,CR001344,CRT0127,Tumakuru Senior Civil Court,2026-10-08,EMP008477,Filed
CHG000309,CR001345,CRT0049,Chikkamagaluru Family Court,2026-12-01,EMP003297,Filed
CHG000310,CR001351,CRT0079,Hassan Family Court,2026-07-20,EMP004650,Filed
CHG000311,CR001358,CRT0038,Chamarajanagar Civil Judge and JMFC Court,2024-12-26,EMP003255,Filed
CHG000312,CR001359,CRT0093,Kodagu Civil Judge and JMFC Court,2026-09-20,EMP005938,Filed
CHG000313,CR001360,CRT0029,Bengaluru Urban Family Court,2025-09-25,EMP002760,Filed
CHG000314,CR001367,CRT0034,Bidar Family Court,2025-06-02,EMP003134,Accepted
CHG000315,CR001368,CRT0078,Hassan Civil Judge and JMFC Court,2026-05-12,EMP004666,Accepted
CHG000316,CR001369,CRT0022,Bengaluru South Senior Civil Court,2026-07-08,EMP001740,Returned for Correction
CHG000317,CR001371,CRT0120,Raichur Special Court,2025-07-21,EMP007959,Filed
CHG000318,CR001373,CRT0113,Mysuru Civil Judge and JMFC Court,2025-03-28,EMP007576,Filed
CHG000319,CR001375,CRT0099,Kolar Family Court,2026-05-20,EMP006206,Filed
CHG000320,CR001376,CRT0088,Kalaburagi Civil Judge and JMFC Court,2025-06-06,EMP005524,Filed
CHG000321,CR001377,CRT0076,Hassan District and Sessions Court,2026-07-03,EMP004626,Accepted
CHG000322,CR001379,CRT0109,Mandya Family Court,2026-07-04,EMP006960,Filed
CHG000323,CR001383,CRT0106,Mandya District and Sessions Court,2026-02-20,EMP006871,Accepted
CHG000324,CR001384,CRT0062,Davanagere Senior Civil Court,2024-11-22,EMP003838,Filed
CHG000325,CR001385,CRT0128,Tumakuru Civil Judge and JMFC Court,2025-12-25,EMP000889,Filed
CHG000326,CR001386,CRT0062,Davanagere Senior Civil Court,2025-01-04,EMP004011,Filed
CHG000327,CR001389,CRT0079,Hassan Family Court,2026-01-27,EMP004966,Filed
CHG000328,CR001392,CRT0136,Uttara Kannada District and Sessions Court,2026-10-21,EMP009236,Filed
CHG000329,CR001393,CRT0080,Hassan Special Court,2026-07-07,EMP004717,Returned for Correction
CHG000330,CR001394,CRT0100,Kolar Special Court,2025-03-07,EMP006378,Returned for Correction
CHG000331,CR001400,CRT0023,Bengaluru South Civil Judge and JMFC Court,2025-12-01,EMP001689,Accepted
CHG000332,CR001409,CRT0033,Bidar Civil Judge and JMFC Court,2025-01-22,EMP002957,Filed
CHG000333,CR001412,CRT0027,Bengaluru Urban Senior Civil Court,2026-08-21,EMP001863,Filed
CHG000334,CR001413,CRT0077,Hassan Senior Civil Court,2025-12-21,EMP004702,Accepted
CHG000335,CR001415,CRT0147,Vijayapura Senior Civil Court,2026-02-13,EMP009666,Filed
CHG000336,CR001424,CRT0042,Chikkaballapura Senior Civil Court,2026-07-20,EMP003289,Filed
CHG000337,CR001428,CRT0147,Vijayapura Senior Civil Court,2025-01-30,EMP009728,Filed
CHG000338,CR001436,CRT0101,Koppal District and Sessions Court,2026-01-16,EMP006417,Filed
CHG000339,CR001440,CRT0050,Chikkamagaluru Special Court,2025-03-04,EMP003297,Filed
CHG000340,CR001447,CRT0097,Kolar Senior Civil Court,2026-03-10,EMP006206,Filed
CHG000341,CR001450,CRT0148,Vijayapura Civil Judge and JMFC Court,2025-11-11,EMP009578,Accepted
CHG000342,CR001456,CRT0024,Bengaluru South Family Court,2026-07-03,EMP001530,Filed
CHG000343,CR001460,CRT0015,Belagavi Special Court,2025-01-12,EMP000672,Filed
CHG000344,CR001461,CRT0105,Koppal Special Court,2025-08-08,EMP006496,Filed
CHG000345,CR001463,CRT0128,Tumakuru Civil Judge and JMFC Court,2025-08-01,EMP008635,Filed
CHG000346,CR001465,CRT0045,Chikkaballapura Special Court,2026-02-11,EMP003263,Accepted
CHG000347,CR001466,CRT0069,Dharwad Family Court,2025-08-31,EMP004310,Filed
CHG000348,CR001468,CRT0077,Hassan Senior Civil Court,2025-02-04,EMP004676,Filed
CHG000349,CR001471,CRT0034,Bidar Family Court,2026-01-12,EMP002950,Accepted
CHG000350,CR001477,CRT0093,Kodagu Civil Judge and JMFC Court,2025-04-18,EMP005787,Filed
CHG000351,CR001487,CRT0126,Tumakuru District and Sessions Court,2025-11-06,EMP008432,Filed
CHG000352,CR001499,CRT0146,Vijayapura District and Sessions Court,2026-01-11,EMP009758,Returned for Correction
CHG000353,CR001502,CRT0035,Bidar Special Court,2026-02-25,EMP002891,Accepted
CHG000354,CR001504,CRT0045,Chikkaballapura Special Court,2025-04-12,EMP003264,Accepted
CHG000355,CR001506,CRT0130,Tumakuru Special Court,2025-11-08,EMP008570,Filed
CHG000356,CR001507,CRT0086,Kalaburagi District and Sessions Court,2026-06-22,EMP005363,Accepted
CHG000357,CR001509,CRT0069,Dharwad Family Court,2024-12-16,EMP004220,Filed
CHG000358,CR001513,CRT0116,Raichur District and Sessions Court,2025-08-12,EMP007915,Filed
CHG000359,CR001522,CRT0024,Bengaluru South Family Court,2025-07-24,EMP001497,Filed
CHG000360,CR001523,CRT0077,Hassan Senior Civil Court,2025-08-08,EMP004742,Filed
CHG000361,CR001527,CRT0129,Tumakuru Family Court,2026-04-09,EMP008497,Filed
CHG000362,CR001528,CRT0047,Chikkamagaluru Senior Civil Court,2025-09-21,EMP003298,Accepted
CHG000363,CR001531,CRT0080,Hassan Special Court,2025-02-10,EMP004944,Filed
CHG000364,CR001536,CRT0100,Kolar Special Court,2026-04-12,EMP006203,Returned for Correction
CHG000365,CR001539,CRT0126,Tumakuru District and Sessions Court,2026-02-21,EMP008527,Filed
CHG000366,CR001541,CRT0012,Belagavi Senior Civil Court,2025-07-29,EMP000619,Filed
CHG000367,CR001545,CRT0130,Tumakuru Special Court,2025-03-17,EMP008573,Filed
CHG000368,CR001548,CRT0035,Bidar Special Court,2026-04-22,EMP002983,Accepted
CHG000369,CR001552,CRT0136,Uttara Kannada District and Sessions Court,2026-06-17,EMP009327,Filed
CHG000370,CR001553,CRT0079,Hassan Family Court,2026-08-12,EMP004663,Filed
CHG000371,CR001556,CRT0011,Belagavi District and Sessions Court,2026-11-08,EMP001103,Filed
CHG000372,CR001557,CRT0125,Shivamogga Special Court,2026-09-11,EMP008020,Filed
CHG000373,CR001561,CRT0104,Koppal Family Court,2026-02-26,EMP006457,Accepted
CHG000374,CR001563,CRT0076,Hassan District and Sessions Court,2026-01-20,EMP004707,Filed
CHG000375,CR001571,CRT0043,Chikkaballapura Civil Judge and JMFC Court,2025-04-12,EMP003263,Filed
CHG000376,CR001578,CRT0115,Mysuru Special Court,2025-12-16,EMP007101,Accepted
CHG000377,CR001582,CRT0062,Davanagere Senior Civil Court,2025-01-24,EMP004062,Filed
CHG000378,CR001585,CRT0012,Belagavi Senior Civil Court,2025-03-05,EMP000838,Filed
CHG000379,CR001588,CRT0036,Chamarajanagar District and Sessions Court,2025-04-15,EMP003255,Accepted
CHG000380,CR001597,CRT0136,Uttara Kannada District and Sessions Court,2025-10-09,EMP009253,Returned for Correction
CHG000381,CR001599,CRT0108,Mandya Civil Judge and JMFC Court,2025-02-18,EMP006871,Accepted
CHG000382,CR001613,CRT0029,Bengaluru Urban Family Court,2026-07-24,EMP002221,Filed
CHG000383,CR001615,CRT0107,Mandya Senior Civil Court,2026-04-15,EMP006763,Filed
CHG000384,CR001626,CRT0022,Bengaluru South Senior Civil Court,2026-10-28,EMP001563,Filed
CHG000385,CR001629,CRT0020,Bengaluru Rural Special Court,2026-01-31,EMP001194,Filed
CHG000386,CR001633,CRT0154,Yadgir Family Court,2024-11-23,EMP010047,Filed
CHG000387,CR001643,CRT0127,Tumakuru Senior Civil Court,2026-05-26,EMP008807,Accepted
CHG000388,CR001644,CRT0079,Hassan Family Court,2025-12-03,EMP004744,Filed
CHG000389,CR001649,CRT0085,Haveri Special Court,2025-08-10,EMP005337,Filed
CHG000390,CR001650,CRT0018,Bengaluru Rural Civil Judge and JMFC Court,2025-09-26,EMP001252,Filed
CHG000391,CR001655,CRT0126,Tumakuru District and Sessions Court,2026-07-13,EMP008434,Accepted
CHG000392,CR001657,CRT0080,Hassan Special Court,2026-03-26,EMP004651,Filed
CHG000393,CR001674,CRT0024,Bengaluru South Family Court,2026-05-24,EMP001715,Filed
CHG000394,CR001681,CRT0013,Belagavi Civil Judge and JMFC Court,2026-08-19,EMP000753,Filed
CHG000395,CR001689,CRT0076,Hassan District and Sessions Court,2025-09-12,EMP004993,Filed
CHG000396,CR001692,CRT0117,Raichur Senior Civil Court,2026-09-12,EMP007787,Accepted
CHG000397,CR001695,CRT0018,Bengaluru Rural Civil Judge and JMFC Court,2026-02-03,EMP001435,Filed
CHG000398,CR001699,CRT0150,Vijayapura Special Court,2025-05-15,EMP009731,Filed
CHG000399,CR001708,CRT0066,Dharwad District and Sessions Court,2026-04-05,EMP004325,Filed
CHG000400,CR001710,CRT0060,Dakshina Kannada Special Court,2025-01-28,EMP003406,Accepted
CHG000401,CR001716,CRT0039,Chamarajanagar Family Court,2026-08-07,EMP003258,Filed
CHG000402,CR001720,CRT0019,Bengaluru Rural Family Court,2026-09-18,EMP001333,Filed
CHG000403,CR001722,CRT0098,Kolar Civil Judge and JMFC Court,2025-07-27,EMP006074,Filed
CHG000404,CR001723,CRT0017,Bengaluru Rural Senior Civil Court,2026-09-04,EMP001249,Filed
CHG000405,CR001734,CRT0113,Mysuru Civil Judge and JMFC Court,2026-11-22,EMP007112,Filed
CHG000406,CR001739,CRT0077,Hassan Senior Civil Court,2026-05-31,EMP004844,Filed
CHG000407,CR001743,CRT0023,Bengaluru South Civil Judge and JMFC Court,2025-09-15,EMP001622,Accepted
CHG000408,CR001748,CRT0155,Yadgir Special Court,2025-07-12,EMP009933,Filed
CHG000409,CR001751,CRT0104,Koppal Family Court,2026-09-07,EMP006443,Filed
CHG000410,CR001758,CRT0077,Hassan Senior Civil Court,2025-12-03,EMP004874,Filed
CHG000411,CR001760,CRT0066,Dharwad District and Sessions Court,2025-02-28,EMP004190,Filed
CHG000412,CR001775,CRT0102,Koppal Senior Civil Court,2026-02-15,EMP006554,Filed
CHG000413,CR001778,CRT0100,Kolar Special Court,2025-04-07,EMP006065,Accepted
CHG000414,CR001780,CRT0078,Hassan Civil Judge and JMFC Court,2026-02-07,EMP004864,Filed
CHG000415,CR001782,CRT0079,Hassan Family Court,2024-09-20,EMP005002,Returned for Correction
CHG000416,CR001785,CRT0061,Davanagere District and Sessions Court,2026-06-08,EMP003925,Accepted
CHG000417,CR001786,CRT0096,Kolar District and Sessions Court,2025-11-05,EMP006236,Filed
CHG000418,CR001790,CRT0120,Raichur Special Court,2025-02-03,EMP007843,Accepted
CHG000419,CR001793,CRT0078,Hassan Civil Judge and JMFC Court,2025-06-07,EMP004829,Filed
CHG000420,CR001795,CRT0018,Bengaluru Rural Civil Judge and JMFC Court,2025-03-16,EMP001253,Filed
CHG000421,CR001799,CRT0117,Raichur Senior Civil Court,2026-06-13,EMP007708,Filed
CHG000422,CR001804,CRT0136,Uttara Kannada District and Sessions Court,2025-08-15,EMP009410,Filed
CHG000423,CR001805,CRT0126,Tumakuru District and Sessions Court,2026-01-31,EMP008835,Filed
CHG000424,CR001807,CRT0086,Kalaburagi District and Sessions Court,2025-07-11,EMP005426,Filed
CHG000425,CR001811,CRT0069,Dharwad Family Court,2025-01-26,EMP004156,Filed
CHG000426,CR001814,CRT0122,Shivamogga Senior Civil Court,2025-04-05,EMP008016,Filed
CHG000427,CR001818,CRT0147,Vijayapura Senior Civil Court,2025-03-14,EMP009572,Filed
CHG000428,CR001824,CRT0152,Yadgir Senior Civil Court,2026-03-13,EMP009943,Filed
CHG000429,CR001831,CRT0078,Hassan Civil Judge and JMFC Court,2025-10-28,EMP005032,Filed
CHG000430,CR001836,CRT0122,Shivamogga Senior Civil Court,2025-07-04,EMP008277,Filed
CHG000431,CR001842,CRT0002,Bagalkote Senior Civil Court,2026-05-11,EMP000163,Filed
CHG000432,CR001846,CRT0012,Belagavi Senior Civil Court,2024-11-06,EMP000910,Accepted
CHG000433,CR001851,CRT0074,Gadag Family Court,2026-02-07,EMP004519,Accepted
CHG000434,CR001858,CRT0120,Raichur Special Court,2025-10-17,EMP007825,Filed
CHG000435,CR001860,CRT0118,Raichur Civil Judge and JMFC Court,2026-02-27,EMP007752,Filed
CHG000436,CR001865,CRT0120,Raichur Special Court,2026-09-17,EMP007799,Filed
CHG000437,CR001868,CRT0019,Bengaluru Rural Family Court,2025-06-12,EMP001433,Filed
CHG000438,CR001869,CRT0098,Kolar Civil Judge and JMFC Court,2026-10-09,EMP006078,Filed
CHG000439,CR001874,CRT0149,Vijayapura Family Court,2025-04-01,EMP009767,Filed
CHG000440,CR001882,CRT0015,Belagavi Special Court,2025-12-18,EMP000824,Filed
CHG000441,CR001885,CRT0113,Mysuru Civil Judge and JMFC Court,2025-12-25,EMP007131,Filed
CHG000442,CR001887,CRT0055,Chitradurga Special Court,2025-03-28,EMP000889,Filed
CHG000443,CR001890,CRT0121,Shivamogga District and Sessions Court,2025-03-03,EMP008020,Filed
CHG000444,CR001894,CRT0140,Uttara Kannada Special Court,2026-07-23,EMP009347,Filed
CHG000445,CR001895,CRT0155,Yadgir Special Court,2025-10-01,EMP009943,Filed
CHG000446,CR001898,CRT0140,Uttara Kannada Special Court,2026-01-21,EMP009496,Accepted
CHG000447,CR001904,CRT0095,Kodagu Special Court,2026-10-02,EMP005759,Filed
CHG000448,CR001906,CRT0005,Bagalkote Special Court,2025-01-01,EMP000189,Filed
CHG000449,CR001908,CRT0122,Shivamogga Senior Civil Court,2026-03-25,EMP008227,Accepted
CHG000450,CR001909,CRT0086,Kalaburagi District and Sessions Court,2025-04-27,EMP005492,Filed
CHG000451,CR001913,CRT0113,Mysuru Civil Judge and JMFC Court,2025-06-25,EMP003301,Returned for Correction
CHG000452,CR001918,CRT0132,Udupi Senior Civil Court,2026-05-23,EMP009041,Filed
CHG000453,CR001921,CRT0113,Mysuru Civil Judge and JMFC Court,2025-10-05,EMP007380,Filed
CHG000454,CR001923,CRT0049,Chikkamagaluru Family Court,2026-04-04,EMP003302,Filed
CHG000455,CR001924,CRT0100,Kolar Special Court,2026-01-24,EMP006216,Accepted
CHG000456,CR001928,CRT0049,Chikkamagaluru Family Court,2025-09-20,EMP003302,Filed
CHG000457,CR001929,CRT0091,Kodagu District and Sessions Court,2025-12-13,EMP005773,Filed
CHG000458,CR001934,CRT0087,Kalaburagi Senior Civil Court,2026-05-28,EMP005382,Accepted
CHG000459,CR001938,CRT0128,Tumakuru Civil Judge and JMFC Court,2026-07-10,EMP008571,Filed
CHG000460,CR001940,CRT0012,Belagavi Senior Civil Court,2025-01-13,EMP000596,Accepted
CHG000461,CR001946,CRT0099,Kolar Family Court,2024-12-10,EMP006318,Filed
CHG000462,CR001947,CRT0113,Mysuru Civil Judge and JMFC Court,2025-05-31,EMP007257,Filed
CHG000463,CR001950,CRT0113,Mysuru Civil Judge and JMFC Court,2026-10-02,EMP007452,Accepted
CHG000464,CR001954,CRT0004,Bagalkote Family Court,2025-10-22,EMP000123,Filed
CHG000465,CR001956,CRT0047,Chikkamagaluru Senior Civil Court,2026-04-22,EMP003314,Returned for Correction
CHG000466,CR001959,CRT0070,Dharwad Special Court,2025-08-15,EMP004319,Filed
CHG000467,CR001962,CRT0020,Bengaluru Rural Special Court,2025-04-04,EMP001245,Filed
CHG000468,CR001966,CRT0031,Bidar District and Sessions Court,2025-11-18,EMP003048,Filed
CHG000469,CR001967,CRT0125,Shivamogga Special Court,2026-01-27,EMP008077,Accepted
CHG000470,CR001971,CRT0130,Tumakuru Special Court,2026-09-18,EMP008436,Filed
CHG000471,CR001972,CRT0126,Tumakuru District and Sessions Court,2025-12-13,EMP008602,Returned for Correction
CHG000472,CR001978,CRT0007,Ballari Senior Civil Court,2026-09-12,EMP000330,Filed
CHG000473,CR001983,CRT0077,Hassan Senior Civil Court,2025-12-11,EMP004949,Filed
CHG000474,CR001985,CRT0116,Raichur District and Sessions Court,2026-10-25,EMP007840,Accepted
CHG000475,CR001988,CRT0044,Chikkaballapura Family Court,2025-03-19,EMP003288,Filed
CHG000476,CR001989,CRT0138,Uttara Kannada Civil Judge and JMFC Court,2025-10-22,EMP005818,Filed
CHG000477,CR001990,CRT0123,Shivamogga Civil Judge and JMFC Court,2025-05-09,EMP008199,Accepted
CHG000478,CR001998,CRT0122,Shivamogga Senior Civil Court,2025-05-05,EMP008213,Accepted
CHG000479,CR001999,CRT0077,Hassan Senior Civil Court,2025-10-19,EMP004662,Filed
CHG000480,CR002014,CRT0122,Shivamogga Senior Civil Court,2025-09-28,EMP008045,Filed
CHG000481,CR002015,CRT0121,Shivamogga District and Sessions Court,2026-01-29,EMP008169,Filed
CHG000482,CR002016,CRT0053,Chitradurga Civil Judge and JMFC Court,2025-01-22,EMP003367,Accepted
CHG000483,CR002018,CRT0100,Kolar Special Court,2026-05-17,EMP006320,Accepted
CHG000484,CR002021,CRT0078,Hassan Civil Judge and JMFC Court,2026-10-27,EMP004650,Filed
CHG000485,CR002022,CRT0097,Kolar Senior Civil Court,2025-12-19,EMP006117,Filed
CHG000486,CR002028,CRT0001,Bagalkote District and Sessions Court,2026-03-02,EMP000004,Accepted
CHG000487,CR002038,CRT0140,Uttara Kannada Special Court,2026-02-20,EMP009329,Filed
CHG000488,CR002045,CRT0083,Haveri Civil Judge and JMFC Court,2026-04-24,EMP005299,Filed
CHG000489,CR002048,CRT0080,Hassan Special Court,2025-03-13,EMP004846,Filed
CHG000490,CR002049,CRT0085,Haveri Special Court,2025-03-02,EMP005324,Accepted
CHG000491,CR002051,CRT0029,Bengaluru Urban Family Court,2026-05-05,EMP001896,Filed
CHG000492,CR002057,CRT0048,Chikkamagaluru Civil Judge and JMFC Court,2025-07-26,EMP003304,Filed
CHG000493,CR002058,CRT0018,Bengaluru Rural Civil Judge and JMFC Court,2024-09-30,EMP001273,Accepted
CHG000494,CR002061,CRT0089,Kalaburagi Family Court,2025-02-04,EMP005353,Accepted
CHG000495,CR002073,CRT0122,Shivamogga Senior Civil Court,2026-08-17,EMP008025,Filed
CHG000496,CR002082,CRT0084,Haveri Family Court,2026-04-15,EMP005164,Filed
CHG000497,CR002083,CRT0045,Chikkaballapura Special Court,2026-01-13,EMP003279,Accepted
CHG000498,CR002087,CRT0100,Kolar Special Court,2026-09-04,EMP006291,Filed
CHG000499,CR002089,CRT0017,Bengaluru Rural Senior Civil Court,2025-02-01,EMP001374,Filed
CHG000500,CR002092,CRT0051,Chitradurga District and Sessions Court,2026-06-11,EMP003373,Filed
CHG000501,CR002094,CRT0129,Tumakuru Family Court,2025-03-26,EMP008541,Returned for Correction
CHG000502,CR002096,CRT0100,Kolar Special Court,2025-01-25,EMP006098,Filed
CHG000503,CR002103,CRT0114,Mysuru Family Court,2026-06-30,EMP007154,Accepted
CHG000504,CR002104,CRT0025,Bengaluru South Special Court,2025-06-09,EMP001693,Filed
CHG000505,CR002107,CRT0037,Chamarajanagar Senior Civil Court,2024-09-21,EMP003262,Filed
CHG000506,CR002110,CRT0129,Tumakuru Family Court,2026-04-23,EMP008641,Filed
CHG000507,CR002113,CRT0126,Tumakuru District and Sessions Court,2025-05-24,EMP008740,Filed
CHG000508,CR002125,CRT0123,Shivamogga Civil Judge and JMFC Court,2025-02-18,EMP008151,Filed
CHG000509,CR002126,CRT0077,Hassan Senior Civil Court,2025-08-16,EMP004674,Filed
CHG000510,CR002131,CRT0036,Chamarajanagar District and Sessions Court,2026-02-15,EMP003257,Filed
CHG000511,CR002135,CRT0015,Belagavi Special Court,2026-04-01,EMP000960,Filed
CHG000512,CR002136,CRT0030,Bengaluru Urban Special Court,2025-10-02,EMP002787,Filed
CHG000513,CR002138,CRT0114,Mysuru Family Court,2025-06-13,EMP007616,Filed
CHG000514,CR002156,CRT0078,Hassan Civil Judge and JMFC Court,2025-06-15,EMP004902,Filed
CHG000515,CR002157,CRT0044,Chikkaballapura Family Court,2025-10-22,EMP003292,Accepted
CHG000516,CR002159,CRT0037,Chamarajanagar Senior Civil Court,2026-02-10,EMP003260,Accepted
CHG000517,CR002168,CRT0019,Bengaluru Rural Family Court,2024-12-14,EMP001332,Accepted
CHG000518,CR002169,CRT0014,Belagavi Family Court,2025-02-14,EMP000917,Filed
CHG000519,CR002170,CRT0060,Dakshina Kannada Special Court,2026-05-25,EMP003457,Filed
CHG000520,CR002171,CRT0129,Tumakuru Family Court,2026-06-03,EMP008884,Filed
CHG000521,CR002176,CRT0051,Chitradurga District and Sessions Court,2025-03-26,EMP003372,Filed
CHG000522,CR002180,CRT0111,Mysuru District and Sessions Court,2025-02-18,EMP007354,Accepted
CHG000523,CR002183,CRT0076,Hassan District and Sessions Court,2025-04-12,EMP004730,Filed
CHG000524,CR002187,CRT0139,Uttara Kannada Family Court,2025-05-04,EMP009360,Filed
CHG000525,CR002188,CRT0090,Kalaburagi Special Court,2025-06-10,EMP005429,Accepted
CHG000526,CR002189,CRT0127,Tumakuru Senior Civil Court,2026-09-18,EMP008681,Filed
CHG000527,CR002191,CRT0118,Raichur Civil Judge and JMFC Court,2025-03-01,EMP007884,Accepted
CHG000528,CR002192,CRT0134,Udupi Family Court,2025-05-18,EMP008926,Accepted
CHG000529,CR002195,CRT0012,Belagavi Senior Civil Court,2024-11-22,EMP000566,Filed
CHG000530,CR002199,CRT0079,Hassan Family Court,2026-07-27,EMP004929,Filed
CHG000531,CR002200,CRT0013,Belagavi Civil Judge and JMFC Court,2025-10-03,EMP000798,Filed
CHG000532,CR002202,CRT0026,Bengaluru Urban District and Sessions Court,2025-06-19,EMP001940,Filed
CHG000533,CR002205,CRT0149,Vijayapura Family Court,2025-06-21,EMP009608,Accepted
CHG000534,CR002209,CRT0114,Mysuru Family Court,2025-09-16,EMP007247,Accepted
CHG000535,CR002212,CRT0046,Chikkamagaluru District and Sessions Court,2025-01-02,EMP003316,Filed
CHG000536,CR002214,CRT0116,Raichur District and Sessions Court,2026-01-09,EMP007840,Filed
CHG000537,CR002217,CRT0074,Gadag Family Court,2026-04-22,EMP004510,Filed
CHG000538,CR002218,CRT0052,Chitradurga Senior Civil Court,2026-09-23,EMP003364,Filed
CHG000539,CR002220,CRT0099,Kolar Family Court,2026-07-18,EMP006303,Accepted
CHG000540,CR002223,CRT0017,Bengaluru Rural Senior Civil Court,2026-03-15,EMP001446,Filed
CHG000541,CR002225,CRT0128,Tumakuru Civil Judge and JMFC Court,2027-01-10,EMP008629,Filed
CHG000542,CR002227,CRT0140,Uttara Kannada Special Court,2026-05-15,EMP009498,Filed
CHG000543,CR002230,CRT0089,Kalaburagi Family Court,2026-01-01,EMP005393,Filed
CHG000544,CR002233,CRT0089,Kalaburagi Family Court,2026-08-21,EMP005737,Filed
CHG000545,CR002238,CRT0029,Bengaluru Urban Family Court,2026-07-05,EMP001925,Filed
CHG000546,CR002239,CRT0048,Chikkamagaluru Civil Judge and JMFC Court,2025-02-04,EMP003297,Accepted
CHG000547,CR002240,CRT0086,Kalaburagi District and Sessions Court,2025-08-11,EMP005472,Accepted
CHG000548,CR002241,CRT0046,Chikkamagaluru District and Sessions Court,2026-04-29,EMP003316,Accepted
CHG000549,CR002251,CRT0151,Yadgir District and Sessions Court,2026-06-08,EMP010022,Filed
CHG000550,CR002258,CRT0123,Shivamogga Civil Judge and JMFC Court,2025-09-30,EMP008129,Filed
CHG000551,CR002266,CRT0046,Chikkamagaluru District and Sessions Court,2025-06-29,EMP003297,Filed
CHG000552,CR002270,CRT0096,Kolar District and Sessions Court,2025-07-22,EMP006284,Accepted
CHG000553,CR002274,CRT0128,Tumakuru Civil Judge and JMFC Court,2025-10-11,EMP008610,Filed
CHG000554,CR002277,CRT0120,Raichur Special Court,2025-05-13,EMP007750,Filed
CHG000555,CR002280,CRT0096,Kolar District and Sessions Court,2025-02-26,EMP006257,Accepted
CHG000556,CR002281,CRT0062,Davanagere Senior Civil Court,2025-01-12,EMP003929,Filed
CHG000557,CR002285,CRT0021,Bengaluru South District and Sessions Court,2026-10-25,EMP001614,Filed
CHG000558,CR002287,CRT0140,Uttara Kannada Special Court,2026-03-23,EMP009153,Accepted
CHG000559,CR002288,CRT0055,Chitradurga Special Court,2025-02-01,EMP000889,Filed
CHG000560,CR002292,CRT0121,Shivamogga District and Sessions Court,2025-03-16,EMP008334,Filed
CHG000561,CR002293,CRT0105,Koppal Special Court,2025-12-19,EMP006452,Returned for Correction
CHG000562,CR002297,CRT0136,Uttara Kannada District and Sessions Court,2026-06-16,EMP005823,Filed
CHG000563,CR002298,CRT0026,Bengaluru Urban District and Sessions Court,2026-02-26,EMP002167,Filed
CHG000564,CR002311,CRT0035,Bidar Special Court,2025-05-01,EMP003050,Filed
CHG000565,CR002314,CRT0150,Vijayapura Special Court,2025-01-19,EMP009614,Filed
CHG000566,CR002321,CRT0043,Chikkaballapura Civil Judge and JMFC Court,2026-02-13,EMP003292,Filed
CHG000567,CR002322,CRT0125,Shivamogga Special Court,2025-03-03,EMP006114,Accepted
CHG000568,CR002325,CRT0050,Chikkamagaluru Special Court,2026-03-24,EMP003299,Filed
CHG000569,CR002328,CRT0091,Kodagu District and Sessions Court,2025-07-16,EMP005903,Accepted
CHG000570,CR002332,CRT0032,Bidar Senior Civil Court,2026-10-10,EMP003168,Accepted
CHG000571,CR002333,CRT0020,Bengaluru Rural Special Court,2026-03-02,EMP001400,Filed
CHG000572,CR002335,CRT0126,Tumakuru District and Sessions Court,2025-06-08,EMP008509,Accepted
CHG000573,CR002344,CRT0087,Kalaburagi Senior Civil Court,2025-06-24,EMP005496,Filed
CHG000574,CR002350,CRT0120,Raichur Special Court,2026-08-09,EMP007808,Accepted
CHG000575,CR002355,CRT0106,Mandya District and Sessions Court,2026-06-18,EMP007017,Filed
CHG000576,CR002362,CRT0015,Belagavi Special Court,2025-04-26,EMP000956,Filed
CHG000577,CR002363,CRT0125,Shivamogga Special Court,2026-04-26,EMP008304,Filed
CHG000578,CR002380,CRT0036,Chamarajanagar District and Sessions Court,2025-01-27,EMP003259,Returned for Correction
CHG000579,CR002383,CRT0089,Kalaburagi Family Court,2025-06-22,EMP005578,Filed
CHG000580,CR002385,CRT0037,Chamarajanagar Senior Civil Court,2026-09-14,EMP003260,Accepted
CHG000581,CR002396,CRT0108,Mandya Civil Judge and JMFC Court,2024-11-15,EMP006660,Filed
CHG000582,CR002400,CRT0094,Kodagu Family Court,2024-10-27,EMP005752,Filed
CHG000583,CR002407,CRT0125,Shivamogga Special Court,2026-06-17,EMP008181,Filed
CHG000584,CR002414,CRT0050,Chikkamagaluru Special Court,2025-05-07,EMP003296,Accepted
CHG000585,CR002416,CRT0102,Koppal Senior Civil Court,2026-10-07,EMP006416,Filed
CHG000586,CR002427,CRT0003,Bagalkote Civil Judge and JMFC Court,2025-03-11,EMP000049,Filed
CHG000587,CR002432,CRT0033,Bidar Civil Judge and JMFC Court,2026-05-02,EMP003049,Filed
CHG000588,CR002441,CRT0051,Chitradurga District and Sessions Court,2025-11-24,EMP000891,Accepted
CHG000589,CR002445,CRT0059,Dakshina Kannada Family Court,2026-01-02,EMP003395,Accepted
CHG000590,CR002454,CRT0114,Mysuru Family Court,2027-01-03,EMP007207,Filed
CHG000591,CR002457,CRT0107,Mandya Senior Civil Court,2025-11-06,EMP006853,Filed
CHG000592,CR002461,CRT0098,Kolar Civil Judge and JMFC Court,2026-09-03,EMP006139,Filed
CHG000593,CR002466,CRT0060,Dakshina Kannada Special Court,2025-04-13,EMP003720,Filed
CHG000594,CR002467,CRT0030,Bengaluru Urban Special Court,2025-12-14,EMP001833,Filed
CHG000595,CR002469,CRT0012,Belagavi Senior Civil Court,2025-07-15,EMP000931,Filed
CHG000596,CR002476,CRT0120,Raichur Special Court,2026-05-30,EMP007834,Accepted
CHG000597,CR002478,CRT0104,Koppal Family Court,2024-11-22,EMP006475,Accepted
CHG000598,CR002488,CRT0001,Bagalkote District and Sessions Court,2026-12-08,EMP000125,Filed
CHG000599,CR002489,CRT0067,Dharwad Senior Civil Court,2025-05-05,EMP004223,Filed
CHG000600,CR002492,CRT0003,Bagalkote Civil Judge and JMFC Court,2026-03-29,EMP000123,Returned for Correction
CHG000601,CR002495,CRT0047,Chikkamagaluru Senior Civil Court,2025-05-06,EMP003296,Filed
CHG000602,CR002497,CRT0128,Tumakuru Civil Judge and JMFC Court,2025-04-03,EMP001623,Filed
CHG000603,CR002501,CRT0084,Haveri Family Court,2025-07-26,EMP005164,Filed
CHG000604,CR002503,CRT0051,Chitradurga District and Sessions Court,2025-03-14,EMP000891,Filed
CHG000605,CR002506,CRT0081,Haveri District and Sessions Court,2025-10-31,EMP005100,Accepted
CHG000606,CR002511,CRT0125,Shivamogga Special Court,2025-09-28,EMP008020,Filed
CHG000607,CR002513,CRT0039,Chamarajanagar Family Court,2025-02-12,EMP003256,Filed
CHG000608,CR002521,CRT0097,Kolar Senior Civil Court,2026-12-15,EMP006132,Accepted
CHG000609,CR002522,CRT0088,Kalaburagi Civil Judge and JMFC Court,2026-06-13,EMP005527,Filed
CHG000610,CR002525,CRT0095,Kodagu Special Court,2025-03-04,EMP005979,Accepted
CHG000611,CR002526,CRT0052,Chitradurga Senior Civil Court,2025-08-24,EMP003356,Filed
CHG000612,CR002527,CRT0140,Uttara Kannada Special Court,2026-01-26,EMP009335,Accepted
CHG000613,CR002532,CRT0085,Haveri Special Court,2025-05-05,EMP005137,Filed
CHG000614,CR002535,CRT0125,Shivamogga Special Court,2026-12-11,EMP008255,Filed
CHG000615,CR002551,CRT0045,Chikkaballapura Special Court,2025-02-15,EMP003282,Filed
CHG000616,CR002552,CRT0088,Kalaburagi Civil Judge and JMFC Court,2025-07-20,EMP005563,Filed
CHG000617,CR002569,CRT0047,Chikkamagaluru Senior Civil Court,2026-03-13,EMP003314,Filed
CHG000618,CR002571,CRT0127,Tumakuru Senior Civil Court,2026-02-28,EMP008675,Accepted
CHG000619,CR002574,CRT0045,Chikkaballapura Special Court,2026-10-17,EMP003291,Accepted
CHG000620,CR002576,CRT0140,Uttara Kannada Special Court,2025-07-13,EMP009396,Filed
CHG000621,CR002586,CRT0013,Belagavi Civil Judge and JMFC Court,2025-01-01,EMP000549,Filed
CHG000622,CR002587,CRT0100,Kolar Special Court,2024-10-27,EMP006023,Accepted
CHG000623,CR002599,CRT0097,Kolar Senior Civil Court,2024-10-03,EMP006160,Filed
CHG000624,CR002608,CRT0076,Hassan District and Sessions Court,2026-06-18,EMP004680,Filed
CHG000625,CR002612,CRT0092,Kodagu Senior Civil Court,2025-11-22,EMP006009,Accepted
CHG000626,CR002614,CRT0012,Belagavi Senior Civil Court,2026-12-01,EMP000966,Filed
CHG000627,CR002616,CRT0110,Mandya Special Court,2025-04-09,EMP006645,Filed
CHG000628,CR002627,CRT0108,Mandya Civil Judge and JMFC Court,2025-03-28,EMP006690,Filed
CHG000629,CR002628,CRT0048,Chikkamagaluru Civil Judge and JMFC Court,2025-06-25,EMP003305,Filed
CHG000630,CR002633,CRT0079,Hassan Family Court,2026-07-08,EMP004661,Filed
CHG000631,CR002634,CRT0125,Shivamogga Special Court,2025-03-03,EMP008336,Filed
CHG000632,CR002635,CRT0138,Uttara Kannada Civil Judge and JMFC Court,2024-11-20,EMP009353,Accepted
CHG000633,CR002638,CRT0068,Dharwad Civil Judge and JMFC Court,2025-12-12,EMP004162,Accepted
CHG000634,CR002640,CRT0121,Shivamogga District and Sessions Court,2025-02-02,EMP008034,Filed
CHG000635,CR002642,CRT0106,Mandya District and Sessions Court,2025-09-29,EMP006770,Accepted
CHG000636,CR002644,CRT0012,Belagavi Senior Civil Court,2026-04-26,EMP000655,Accepted
CHG000637,CR002648,CRT0058,Dakshina Kannada Civil Judge and JMFC Court,2025-11-22,EMP003430,Filed
CHG000638,CR002649,CRT0089,Kalaburagi Family Court,2026-03-22,EMP005463,Filed
CHG000639,CR002654,CRT0012,Belagavi Senior Civil Court,2025-12-04,EMP000786,Accepted
CHG000640,CR002655,CRT0015,Belagavi Special Court,2026-07-03,EMP000686,Accepted
CHG000641,CR002656,CRT0049,Chikkamagaluru Family Court,2026-04-04,EMP003310,Returned for Correction
CHG000642,CR002657,CRT0023,Bengaluru South Civil Judge and JMFC Court,2025-06-28,EMP001624,Filed
CHG000643,CR002660,CRT0122,Shivamogga Senior Civil Court,2026-04-09,EMP008253,Filed
CHG000644,CR002671,CRT0110,Mandya Special Court,2026-02-13,EMP006910,Accepted
CHG000645,CR002674,CRT0047,Chikkamagaluru Senior Civil Court,2025-10-12,EMP003310,Returned for Correction
CHG000646,CR002677,CRT0113,Mysuru Civil Judge and JMFC Court,2025-07-01,EMP007216,Filed
CHG000647,CR002680,CRT0118,Raichur Civil Judge and JMFC Court,2025-07-09,EMP007756,Accepted
CHG000648,CR002684,CRT0046,Chikkamagaluru District and Sessions Court,2025-05-16,EMP003310,Filed
CHG000649,CR002687,CRT0066,Dharwad District and Sessions Court,2025-03-15,EMP004191,Filed
CHG000650,CR002693,CRT0050,Chikkamagaluru Special Court,2026-01-22,EMP003300,Filed
CHG000651,CR002700,CRT0127,Tumakuru Senior Civil Court,2024-12-17,EMP008519,Filed
CHG000652,CR002707,CRT0095,Kodagu Special Court,2025-03-09,EMP005799,Filed
CHG000653,CR002712,CRT0014,Belagavi Family Court,2025-06-12,EMP000718,Filed
CHG000654,CR002715,CRT0109,Mandya Family Court,2025-07-20,EMP006986,Filed
CHG000655,CR002716,CRT0128,Tumakuru Civil Judge and JMFC Court,2025-09-29,EMP008447,Filed
CHG000656,CR002717,CRT0136,Uttara Kannada District and Sessions Court,2025-06-18,EMP009327,Filed
CHG000657,CR002725,CRT0026,Bengaluru Urban District and Sessions Court,2025-07-26,EMP002645,Accepted
CHG000658,CR002750,CRT0137,Uttara Kannada Senior Civil Court,2026-05-18,EMP009232,Filed
CHG000659,CR002753,CRT0115,Mysuru Special Court,2025-09-02,EMP007161,Filed
CHG000660,CR002755,CRT0045,Chikkaballapura Special Court,2025-08-31,EMP003283,Accepted
CHG000661,CR002758,CRT0128,Tumakuru Civil Judge and JMFC Court,2026-10-03,EMP008538,Accepted
CHG000662,CR002760,CRT0042,Chikkaballapura Senior Civil Court,2025-09-14,EMP003287,Filed
CHG000663,CR002763,CRT0097,Kolar Senior Civil Court,2026-02-05,EMP006066,Accepted
CHG000664,CR002771,CRT0118,Raichur Civil Judge and JMFC Court,2025-11-27,EMP007933,Accepted
CHG000665,CR002779,CRT0116,Raichur District and Sessions Court,2026-03-07,EMP007943,Filed
CHG000666,CR002785,CRT0108,Mandya Civil Judge and JMFC Court,2026-07-24,EMP006681,Filed
CHG000667,CR002788,CRT0076,Hassan District and Sessions Court,2024-12-25,EMP004703,Filed
CHG000668,CR002799,CRT0039,Chamarajanagar Family Court,2026-12-05,EMP003255,Accepted
CHG000669,CR002802,CRT0096,Kolar District and Sessions Court,2025-03-03,EMP006365,Returned for Correction
CHG000670,CR002805,CRT0113,Mysuru Civil Judge and JMFC Court,2025-08-08,EMP007373,Filed
CHG000671,CR002806,CRT0128,Tumakuru Civil Judge and JMFC Court,2025-11-21,EMP008599,Accepted
CHG000672,CR002807,CRT0022,Bengaluru South Senior Civil Court,2026-01-22,EMP001631,Filed
CHG000673,CR002810,CRT0044,Chikkaballapura Family Court,2026-11-03,EMP003288,Filed
CHG000674,CR002811,CRT0121,Shivamogga District and Sessions Court,2025-08-10,EMP008184,Accepted
CHG000675,CR002822,CRT0019,Bengaluru Rural Family Court,2025-02-28,EMP001329,Returned for Correction
CHG000676,CR002823,CRT0020,Bengaluru Rural Special Court,2025-05-30,EMP001440,Accepted
CHG000677,CR002826,CRT0044,Chikkaballapura Family Court,2025-08-07,EMP003288,Filed
CHG000678,CR002834,CRT0054,Chitradurga Family Court,2025-12-01,EMP003349,Accepted
CHG000679,CR002839,CRT0049,Chikkamagaluru Family Court,2025-12-28,EMP003302,Returned for Correction
CHG000680,CR002848,CRT0049,Chikkamagaluru Family Court,2026-01-12,EMP003306,Filed
CHG000681,CR002855,CRT0027,Bengaluru Urban Senior Civil Court,2026-05-13,EMP002765,Accepted
CHG000682,CR002863,CRT0125,Shivamogga Special Court,2026-06-19,EMP008034,Accepted
CHG000683,CR002864,CRT0028,Bengaluru Urban Civil Judge and JMFC Court,2026-06-23,EMP002543,Filed
CHG000684,CR002866,CRT0062,Davanagere Senior Civil Court,2025-11-15,EMP004096,Returned for Correction
CHG000685,CR002867,CRT0080,Hassan Special Court,2026-08-29,EMP004974,Accepted
CHG000686,CR002870,CRT0035,Bidar Special Court,2026-01-16,EMP003028,Filed
CHG000687,CR002873,CRT0154,Yadgir Family Court,2026-08-02,EMP010003,Filed
CHG000688,CR002876,CRT0139,Uttara Kannada Family Court,2026-02-06,EMP009402,Filed
CHG000689,CR002877,CRT0050,Chikkamagaluru Special Court,2026-10-17,EMP003295,Filed
CHG000690,CR002882,CRT0029,Bengaluru Urban Family Court,2026-05-13,EMP002281,Filed
CHG000691,CR002883,CRT0047,Chikkamagaluru Senior Civil Court,2024-12-31,EMP003301,Filed
CHG000692,CR002885,CRT0096,Kolar District and Sessions Court,2025-05-09,EMP006163,Filed
CHG000693,CR002890,CRT0011,Belagavi District and Sessions Court,2025-05-20,EMP000895,Filed
CHG000694,CR002892,CRT0079,Hassan Family Court,2024-08-31,EMP004900,Filed
CHG000695,CR002906,CRT0016,Bengaluru Rural District and Sessions Court,2024-09-22,EMP001301,Filed
CHG000696,CR002907,CRT0108,Mandya Civil Judge and JMFC Court,2025-04-19,EMP006751,Accepted
CHG000697,CR002917,CRT0013,Belagavi Civil Judge and JMFC Court,2026-09-24,EMP000754,Accepted
CHG000698,CR002920,CRT0009,Ballari Family Court,2025-03-30,EMP000463,Accepted
CHG000699,CR002924,CRT0061,Davanagere District and Sessions Court,2025-05-30,EMP004093,Filed
CHG000700,CR002926,CRT0044,Chikkaballapura Family Court,2025-10-29,EMP003282,Accepted
CHG000701,CR002927,CRT0016,Bengaluru Rural District and Sessions Court,2025-12-13,EMP001320,Filed
CHG000702,CR002928,CRT0111,Mysuru District and Sessions Court,2024-11-02,EMP007213,Filed
CHG000703,CR002929,CRT0137,Uttara Kannada Senior Civil Court,2025-09-04,EMP009153,Filed
CHG000704,CR002931,CRT0150,Vijayapura Special Court,2025-12-31,EMP009736,Filed
CHG000705,CR002935,CRT0014,Belagavi Family Court,2024-09-15,EMP000549,Filed
CHG000706,CR002936,CRT0044,Chikkaballapura Family Court,2025-03-11,EMP003269,Accepted
CHG000707,CR002938,CRT0004,Bagalkote Family Court,2026-06-01,EMP000025,Filed
CHG000708,CR002953,CRT0079,Hassan Family Court,2026-06-04,EMP004784,Filed
CHG000709,CR002954,CRT0126,Tumakuru District and Sessions Court,2025-05-13,EMP008517,Accepted
CHG000710,CR002955,CRT0080,Hassan Special Court,2025-10-23,EMP004964,Accepted
CHG000711,CR002963,CRT0110,Mandya Special Court,2024-11-19,EMP006926,Filed
CHG000712,CR002965,CRT0080,Hassan Special Court,2026-03-27,EMP004939,Filed
CHG000713,CR002970,CRT0128,Tumakuru Civil Judge and JMFC Court,2026-02-27,EMP008431,Filed
CHG000714,CR002973,CRT0112,Mysuru Senior Civil Court,2025-06-25,EMP007240,Accepted
CHG000715,CR002977,CRT0017,Bengaluru Rural Senior Civil Court,2026-07-31,EMP001378,Filed
CHG000716,CR002978,CRT0045,Chikkaballapura Special Court,2025-08-18,EMP003294,Accepted
CHG000717,CR002979,CRT0121,Shivamogga District and Sessions Court,2026-06-21,EMP008017,Filed
CHG000718,CR002981,CRT0107,Mandya Senior Civil Court,2026-01-07,EMP006709,Filed
CHG000719,CR002982,CRT0046,Chikkamagaluru District and Sessions Court,2025-01-01,EMP003298,Filed
CHG000720,CR002984,CRT0085,Haveri Special Court,2026-05-13,EMP005096,Filed
CHG000721,CR002988,CRT0021,Bengaluru South District and Sessions Court,2026-04-09,EMP001644,Filed
CHG000722,CR002993,CRT0053,Chitradurga Civil Judge and JMFC Court,2026-10-10,EMP003357,Filed
CHG000723,CR002995,CRT0111,Mysuru District and Sessions Court,2025-01-29,EMP007507,Accepted
CHG000724,CR002996,CRT0107,Mandya Senior Civil Court,2025-10-10,EMP006872,Accepted
CHG000725,CR003003,CRT0016,Bengaluru Rural District and Sessions Court,2025-02-11,EMP001464,Filed
CHG000726,CR003005,CRT0045,Chikkaballapura Special Court,2025-09-08,EMP003270,Filed
CHG000727,CR003007,CRT0086,Kalaburagi District and Sessions Court,2026-08-07,EMP005456,Filed
CHG000728,CR003010,CRT0097,Kolar Senior Civil Court,2024-12-11,EMP006300,Accepted
CHG000729,CR003011,CRT0107,Mandya Senior Civil Court,2026-03-03,EMP006706,Accepted
CHG000730,CR003017,CRT0056,Dakshina Kannada District and Sessions Court,2026-06-02,EMP003615,Filed
CHG000731,CR003018,CRT0030,Bengaluru Urban Special Court,2026-04-14,EMP002423,Filed
CHG000732,CR003021,CRT0109,Mandya Family Court,2025-02-13,EMP006773,Accepted
CHG000733,CR003028,CRT0065,Davanagere Special Court,2026-04-10,EMP004104,Accepted
CHG000734,CR003029,CRT0017,Bengaluru Rural Senior Civil Court,2025-02-02,EMP001412,Filed
CHG000735,CR003044,CRT0030,Bengaluru Urban Special Court,2025-08-02,EMP001810,Filed
CHG000736,CR003045,CRT0128,Tumakuru Civil Judge and JMFC Court,2026-10-24,EMP008515,Filed
CHG000737,CR003046,CRT0076,Hassan District and Sessions Court,2025-08-06,EMP004651,Filed
CHG000738,CR003049,CRT0078,Hassan Civil Judge and JMFC Court,2026-09-24,EMP004873,Accepted
CHG000739,CR003050,CRT0121,Shivamogga District and Sessions Court,2025-01-22,EMP007981,Filed
CHG000740,CR003055,CRT0097,Kolar Senior Civil Court,2026-04-24,EMP006236,Filed
CHG000741,CR003056,CRT0022,Bengaluru South Senior Civil Court,2025-02-18,EMP001531,Filed
CHG000742,CR003061,CRT0007,Ballari Senior Civil Court,2026-07-15,EMP000455,Filed
CHG000743,CR003063,CRT0047,Chikkamagaluru Senior Civil Court,2025-04-27,EMP003298,Filed
CHG000744,CR003067,CRT0041,Chikkaballapura District and Sessions Court,2026-06-20,EMP003266,Filed
CHG000745,CR003068,CRT0125,Shivamogga Special Court,2025-12-19,EMP008191,Filed
CHG000746,CR003072,CRT0105,Koppal Special Court,2025-07-29,EMP006487,Accepted
CHG000747,CR003092,CRT0045,Chikkaballapura Special Court,2025-10-15,EMP003267,Filed
CHG000748,CR003094,CRT0024,Bengaluru South Family Court,2024-11-15,EMP001682,Accepted
CHG000749,CR003105,CRT0109,Mandya Family Court,2026-04-02,EMP006806,Filed
CHG000750,CR003106,CRT0057,Dakshina Kannada Senior Civil Court,2025-11-10,EMP003475,Accepted
CHG000751,CR003111,CRT0139,Uttara Kannada Family Court,2026-04-17,EMP009460,Filed
CHG000752,CR003112,CRT0077,Hassan Senior Civil Court,2025-07-02,EMP004846,Filed
CHG000753,CR003118,CRT0109,Mandya Family Court,2026-03-26,EMP006634,Accepted
CHG000754,CR003123,CRT0078,Hassan Civil Judge and JMFC Court,2025-03-29,EMP004705,Filed
CHG000755,CR003127,CRT0023,Bengaluru South Civil Judge and JMFC Court,2025-05-11,EMP001667,Filed
CHG000756,CR003134,CRT0087,Kalaburagi Senior Civil Court,2025-11-21,EMP005431,Filed
CHG000757,CR003140,CRT0043,Chikkaballapura Civil Judge and JMFC Court,2026-09-23,EMP003290,Filed
CHG000758,CR003147,CRT0055,Chitradurga Special Court,2026-11-01,EMP003358,Accepted
CHG000759,CR003148,CRT0043,Chikkaballapura Civil Judge and JMFC Court,2026-01-22,EMP003280,Returned for Correction
CHG000760,CR003162,CRT0078,Hassan Civil Judge and JMFC Court,2026-06-08,EMP004973,Filed
CHG000761,CR003163,CRT0127,Tumakuru Senior Civil Court,2024-12-26,EMP008593,Filed
CHG000762,CR003164,CRT0100,Kolar Special Court,2026-07-01,EMP006234,Filed
CHG000763,CR003166,CRT0112,Mysuru Senior Civil Court,2025-05-12,EMP007452,Filed
CHG000764,CR003168,CRT0077,Hassan Senior Civil Court,2026-03-26,EMP004889,Returned for Correction
CHG000765,CR003173,CRT0129,Tumakuru Family Court,2025-07-21,EMP008616,Filed
CHG000766,CR003175,CRT0055,Chitradurga Special Court,2025-07-13,EMP003344,Accepted
CHG000767,CR003177,CRT0128,Tumakuru Civil Judge and JMFC Court,2025-08-15,EMP001622,Filed
CHG000768,CR003178,CRT0028,Bengaluru Urban Civil Judge and JMFC Court,2025-08-27,EMP001857,Filed
CHG000769,CR003183,CRT0094,Kodagu Family Court,2026-12-19,EMP005942,Filed
CHG000770,CR003188,CRT0117,Raichur Senior Civil Court,2025-01-24,EMP007801,Filed
CHG000771,CR003190,CRT0119,Raichur Family Court,2025-01-06,EMP007681,Filed
CHG000772,CR003196,CRT0137,Uttara Kannada Senior Civil Court,2026-06-23,EMP009286,Accepted
CHG000773,CR003198,CRT0002,Bagalkote Senior Civil Court,2024-10-28,EMP000166,Filed
CHG000774,CR003199,CRT0152,Yadgir Senior Civil Court,2024-12-24,EMP009974,Filed
CHG000775,CR003200,CRT0047,Chikkamagaluru Senior Civil Court,2026-06-25,EMP003302,Filed
CHG000776,CR003201,CRT0051,Chitradurga District and Sessions Court,2026-05-22,EMP003360,Accepted
CHG000777,CR003211,CRT0054,Chitradurga Family Court,2026-04-23,EMP000886,Filed
CHG000778,CR003212,CRT0043,Chikkaballapura Civil Judge and JMFC Court,2025-04-03,EMP003271,Filed
CHG000779,CR003213,CRT0026,Bengaluru Urban District and Sessions Court,2025-07-01,EMP002352,Filed
CHG000780,CR003220,CRT0029,Bengaluru Urban Family Court,2025-10-12,EMP002131,Accepted
CHG000781,CR003226,CRT0109,Mandya Family Court,2026-04-13,EMP006887,Filed
CHG000782,CR003227,CRT0146,Vijayapura District and Sessions Court,2025-09-10,EMP009641,Returned for Correction
CHG000783,CR003233,CRT0078,Hassan Civil Judge and JMFC Court,2025-01-29,EMP004843,Returned for Correction
CHG000784,CR003236,CRT0139,Uttara Kannada Family Court,2025-06-05,EMP009369,Filed
CHG000785,CR003241,CRT0114,Mysuru Family Court,2025-05-06,EMP007373,Accepted
CHG000786,CR003254,CRT0067,Dharwad Senior Civil Court,2025-01-17,EMP004299,Accepted
CHG000787,CR003260,CRT0033,Bidar Civil Judge and JMFC Court,2026-07-16,EMP003135,Filed
CHG000788,CR003262,CRT0124,Shivamogga Family Court,2025-10-02,EMP008147,Accepted
CHG000789,CR003264,CRT0125,Shivamogga Special Court,2024-12-12,EMP008031,Filed
CHG000790,CR003266,CRT0099,Kolar Family Court,2026-04-08,EMP006302,Accepted
CHG000791,CR003268,CRT0097,Kolar Senior Civil Court,2025-11-05,EMP006083,Accepted
CHG000792,CR003269,CRT0011,Belagavi District and Sessions Court,2026-01-10,EMP000984,Accepted
CHG000793,CR003276,CRT0024,Bengaluru South Family Court,2025-09-07,EMP001649,Filed
CHG000794,CR003277,CRT0044,Chikkaballapura Family Court,2025-09-25,EMP003288,Returned for Correction
CHG000795,CR003289,CRT0129,Tumakuru Family Court,2025-05-16,EMP008404,Filed
CHG000796,CR003291,CRT0100,Kolar Special Court,2025-06-11,EMP006064,Filed
CHG000797,CR003293,CRT0112,Mysuru Senior Civil Court,2024-12-05,EMP007639,Filed
CHG000798,CR003297,CRT0007,Ballari Senior Civil Court,2025-06-28,EMP000318,Filed
CHG000799,CR003298,CRT0112,Mysuru Senior Civil Court,2025-09-09,EMP007265,Filed
CHG000800,CR003300,CRT0122,Shivamogga Senior Civil Court,2025-07-12,EMP000884,Filed
CHG000801,CR003301,CRT0132,Udupi Senior Civil Court,2026-07-12,EMP000890,Filed
CHG000802,CR003307,CRT0124,Shivamogga Family Court,2026-08-23,EMP008076,Filed
CHG000803,CR003312,CRT0060,Dakshina Kannada Special Court,2026-04-09,EMP003393,Accepted
CHG000804,CR003313,CRT0136,Uttara Kannada District and Sessions Court,2024-12-08,EMP009168,Filed
CHG000805,CR003318,CRT0015,Belagavi Special Court,2024-12-24,EMP001021,Accepted
CHG000806,CR003319,CRT0051,Chitradurga District and Sessions Court,2026-04-17,EMP003369,Filed
CHG000807,CR003330,CRT0126,Tumakuru District and Sessions Court,2025-03-04,EMP008590,Filed
CHG000808,CR003331,CRT0091,Kodagu District and Sessions Court,2026-03-30,EMP005855,Filed
CHG000809,CR003332,CRT0122,Shivamogga Senior Civil Court,2025-12-18,EMP008199,Filed
CHG000810,CR003333,CRT0041,Chikkaballapura District and Sessions Court,2025-06-07,EMP003287,Filed
CHG000811,CR003343,CRT0050,Chikkamagaluru Special Court,2025-09-24,EMP003296,Filed
CHG000812,CR003347,CRT0079,Hassan Family Court,2026-08-31,EMP004789,Filed
CHG000813,CR003350,CRT0076,Hassan District and Sessions Court,2025-05-26,EMP004779,Accepted
CHG000814,CR003351,CRT0109,Mandya Family Court,2026-03-03,EMP006623,Filed
CHG000815,CR003371,CRT0107,Mandya Senior Civil Court,2026-08-02,EMP006688,Accepted
CHG000816,CR003372,CRT0136,Uttara Kannada District and Sessions Court,2025-02-16,EMP009277,Filed
CHG000817,CR003375,CRT0087,Kalaburagi Senior Civil Court,2026-10-29,EMP005431,Accepted
CHG000818,CR003377,CRT0011,Belagavi District and Sessions Court,2025-04-17,EMP000817,Accepted
CHG000819,CR003379,CRT0028,Bengaluru Urban Civil Judge and JMFC Court,2025-03-20,EMP001989,Filed
CHG000820,CR003380,CRT0041,Chikkaballapura District and Sessions Court,2024-11-10,EMP003293,Filed
CHG000821,CR003385,CRT0140,Uttara Kannada Special Court,2025-01-05,EMP009238,Filed
CHG000822,CR003388,CRT0049,Chikkamagaluru Family Court,2025-07-18,EMP003302,Filed
CHG000823,CR003389,CRT0126,Tumakuru District and Sessions Court,2026-06-23,EMP008392,Filed
CHG000824,CR003398,CRT0018,Bengaluru Rural Civil Judge and JMFC Court,2026-01-14,EMP001235,Accepted
CHG000825,CR003407,CRT0043,Chikkaballapura Civil Judge and JMFC Court,2026-03-31,EMP003272,Filed
CHG000826,CR003411,CRT0012,Belagavi Senior Civil Court,2025-06-08,EMP000702,Filed
CHG000827,CR003413,CRT0125,Shivamogga Special Court,2025-08-07,EMP008056,Filed
CHG000828,CR003419,CRT0022,Bengaluru South Senior Civil Court,2026-08-20,EMP001533,Accepted
CHG000829,CR003424,CRT0107,Mandya Senior Civil Court,2026-10-25,EMP006794,Filed
CHG000830,CR003425,CRT0125,Shivamogga Special Court,2026-11-03,EMP007986,Filed
CHG000831,CR003428,CRT0080,Hassan Special Court,2024-11-07,EMP004854,Accepted
CHG000832,CR003429,CRT0148,Vijayapura Civil Judge and JMFC Court,2025-12-29,EMP009616,Filed
CHG000833,CR003434,CRT0076,Hassan District and Sessions Court,2026-08-12,EMP004765,Filed
CHG000834,CR003441,CRT0121,Shivamogga District and Sessions Court,2025-07-17,EMP008095,Accepted
CHG000835,CR003446,CRT0136,Uttara Kannada District and Sessions Court,2025-11-22,EMP009157,Accepted
CHG000836,CR003452,CRT0032,Bidar Senior Civil Court,2025-05-26,EMP003084,Accepted
CHG000837,CR003456,CRT0129,Tumakuru Family Court,2025-11-20,EMP008599,Filed
CHG000838,CR003458,CRT0046,Chikkamagaluru District and Sessions Court,2026-10-02,EMP003303,Filed
CHG000839,CR003470,CRT0130,Tumakuru Special Court,2025-03-20,EMP008596,Filed
CHG000840,CR003471,CRT0112,Mysuru Senior Civil Court,2025-01-07,EMP007108,Accepted
CHG000841,CR003483,CRT0109,Mandya Family Court,2026-02-20,EMP003308,Filed
CHG000842,CR003484,CRT0106,Mandya District and Sessions Court,2025-08-28,EMP006844,Accepted
CHG000843,CR003488,CRT0136,Uttara Kannada District and Sessions Court,2026-02-14,EMP009217,Accepted
CHG000844,CR003497,CRT0106,Mandya District and Sessions Court,2025-10-02,EMP006936,Filed
CHG000845,CR003504,CRT0051,Chitradurga District and Sessions Court,2026-05-31,EMP003330,Filed
CHG000846,CR003505,CRT0002,Bagalkote Senior Civil Court,2025-08-21,EMP000140,Filed
CHG000847,CR003511,CRT0127,Tumakuru Senior Civil Court,2024-10-15,EMP008592,Filed
CHG000848,CR003515,CRT0100,Kolar Special Court,2026-10-31,EMP006060,Filed
CHG000849,CR003519,CRT0122,Shivamogga Senior Civil Court,2026-07-18,EMP000891,Filed
CHG000850,CR003520,CRT0078,Hassan Civil Judge and JMFC Court,2025-06-21,EMP004672,Accepted
CHG000851,CR003523,CRT0065,Davanagere Special Court,2026-01-21,EMP004078,Filed
CHG000852,CR003524,CRT0078,Hassan Civil Judge and JMFC Court,2026-08-22,EMP004848,Accepted
CHG000853,CR003527,CRT0129,Tumakuru Family Court,2024-12-14,EMP008890,Accepted
CHG000854,CR003535,CRT0055,Chitradurga Special Court,2025-05-16,EMP000889,Filed
CHG000855,CR003537,CRT0099,Kolar Family Court,2025-12-04,EMP006232,Filed
CHG000856,CR003539,CRT0129,Tumakuru Family Court,2024-08-13,EMP001624,Filed
CHG000857,CR003546,CRT0107,Mandya Senior Civil Court,2026-08-21,EMP006716,Filed
CHG000858,CR003551,CRT0046,Chikkamagaluru District and Sessions Court,2026-05-20,EMP003301,Filed
CHG000859,CR003552,CRT0116,Raichur District and Sessions Court,2025-11-26,EMP007793,Filed
CHG000860,CR003556,CRT0110,Mandya Special Court,2025-05-15,EMP006697,Filed
CHG000861,CR003557,CRT0131,Udupi District and Sessions Court,2025-01-02,EMP008951,Filed
CHG000862,CR003563,CRT0107,Mandya Senior Civil Court,2025-03-30,EMP006924,Accepted
CHG000863,CR003564,CRT0029,Bengaluru Urban Family Court,2025-06-29,EMP001889,Filed
CHG000864,CR003565,CRT0045,Chikkaballapura Special Court,2026-01-26,EMP003276,Filed
CHG000865,CR003570,CRT0096,Kolar District and Sessions Court,2025-02-04,EMP006125,Filed
CHG000866,CR003572,CRT0015,Belagavi Special Court,2024-12-25,EMP000685,Filed
CHG000867,CR003573,CRT0042,Chikkaballapura Senior Civil Court,2025-08-29,EMP003279,Filed
CHG000868,CR003574,CRT0065,Davanagere Special Court,2026-04-03,EMP003849,Filed
CHG000869,CR003575,CRT0066,Dharwad District and Sessions Court,2025-11-27,EMP004313,Filed
CHG000870,CR003578,CRT0026,Bengaluru Urban District and Sessions Court,2026-07-08,EMP002302,Filed
CHG000871,CR003586,CRT0027,Bengaluru Urban Senior Civil Court,2026-05-08,EMP002378,Filed
CHG000872,CR003591,CRT0127,Tumakuru Senior Civil Court,2026-06-18,EMP008590,Filed
CHG000873,CR003602,CRT0081,Haveri District and Sessions Court,2026-02-06,EMP005090,Filed
CHG000874,CR003604,CRT0117,Raichur Senior Civil Court,2025-02-17,EMP007750,Accepted
CHG000875,CR003605,CRT0155,Yadgir Special Court,2026-07-19,EMP009939,Filed
CHG000876,CR003607,CRT0126,Tumakuru District and Sessions Court,2025-02-10,EMP008887,Filed
CHG000877,CR003608,CRT0107,Mandya Senior Civil Court,2026-06-08,EMP006864,Filed
CHG000878,CR003609,CRT0139,Uttara Kannada Family Court,2025-03-03,EMP009155,Accepted
CHG000879,CR003616,CRT0011,Belagavi District and Sessions Court,2026-04-21,EMP000599,Filed
CHG000880,CR003628,CRT0105,Koppal Special Court,2026-05-18,EMP006400,Filed
CHG000881,CR003630,CRT0129,Tumakuru Family Court,2026-05-02,EMP008806,Filed
CHG000882,CR003632,CRT0015,Belagavi Special Court,2025-07-03,EMP000699,Filed
CHG000883,CR003635,CRT0018,Bengaluru Rural Civil Judge and JMFC Court,2026-01-25,EMP001398,Filed
CHG000884,CR003639,CRT0038,Chamarajanagar Civil Judge and JMFC Court,2025-08-26,EMP003257,Accepted
CHG000885,CR003644,CRT0056,Dakshina Kannada District and Sessions Court,2026-04-30,EMP003523,Filed
CHG000886,CR003647,CRT0020,Bengaluru Rural Special Court,2025-03-01,EMP001246,Accepted
CHG000887,CR003651,CRT0022,Bengaluru South Senior Civil Court,2026-08-07,EMP001509,Accepted
CHG000888,CR003652,CRT0031,Bidar District and Sessions Court,2026-09-29,EMP002949,Accepted
CHG000889,CR003654,CRT0053,Chitradurga Civil Judge and JMFC Court,2025-10-21,EMP003336,Returned for Correction
CHG000890,CR003660,CRT0041,Chikkaballapura District and Sessions Court,2026-06-19,EMP003290,Filed
CHG000891,CR003661,CRT0037,Chamarajanagar Senior Civil Court,2026-01-03,EMP003258,Filed
CHG000892,CR003664,CRT0050,Chikkamagaluru Special Court,2025-07-28,EMP003309,Filed
CHG000893,CR003665,CRT0015,Belagavi Special Court,2026-10-15,EMP000553,Filed
CHG000894,CR003670,CRT0138,Uttara Kannada Civil Judge and JMFC Court,2026-07-25,EMP009505,Accepted
CHG000895,CR003672,CRT0080,Hassan Special Court,2026-07-05,EMP004739,Filed
CHG000896,CR003676,CRT0100,Kolar Special Court,2025-10-13,EMP006164,Accepted
CHG000897,CR003678,CRT0017,Bengaluru Rural Senior Civil Court,2026-06-12,EMP001360,Filed
CHG000898,CR003692,CRT0127,Tumakuru Senior Civil Court,2026-05-04,EMP008629,Accepted
CHG000899,CR003701,CRT0126,Tumakuru District and Sessions Court,2025-02-16,EMP008295,Filed
CHG000900,CR003704,CRT0078,Hassan Civil Judge and JMFC Court,2026-05-30,EMP004731,Accepted
CHG000901,CR003707,CRT0046,Chikkamagaluru District and Sessions Court,2025-07-21,EMP003310,Filed
CHG000902,CR003708,CRT0039,Chamarajanagar Family Court,2024-10-18,EMP003259,Filed
CHG000903,CR003719,CRT0039,Chamarajanagar Family Court,2026-03-30,EMP003259,Filed
CHG000904,CR003720,CRT0140,Uttara Kannada Special Court,2025-07-16,EMP009445,Returned for Correction
CHG000905,CR003735,CRT0042,Chikkaballapura Senior Civil Court,2025-12-08,EMP003270,Filed
CHG000906,CR003741,CRT0108,Mandya Civil Judge and JMFC Court,2025-11-27,EMP006965,Accepted
CHG000907,CR003743,CRT0122,Shivamogga Senior Civil Court,2025-03-08,EMP008160,Filed
CHG000908,CR003749,CRT0127,Tumakuru Senior Civil Court,2025-05-14,EMP001621,Filed
CHG000909,CR003753,CRT0118,Raichur Civil Judge and JMFC Court,2026-08-29,EMP007804,Filed
CHG000910,CR003755,CRT0028,Bengaluru Urban Civil Judge and JMFC Court,2026-08-04,EMP002594,Filed
CHG000911,CR003758,CRT0138,Uttara Kannada Civil Judge and JMFC Court,2025-10-04,EMP005824,Filed
CHG000912,CR003767,CRT0058,Dakshina Kannada Civil Judge and JMFC Court,2025-05-06,EMP003648,Accepted
CHG000913,CR003769,CRT0082,Haveri Senior Civil Court,2026-08-07,EMP005131,Accepted
CHG000914,CR003770,CRT0128,Tumakuru Civil Judge and JMFC Court,2025-11-08,EMP008568,Filed
CHG000915,CR003775,CRT0129,Tumakuru Family Court,2024-09-29,EMP000885,Filed
CHG000916,CR003779,CRT0114,Mysuru Family Court,2026-02-06,EMP007284,Filed
CHG000917,CR003783,CRT0024,Bengaluru South Family Court,2026-06-13,EMP001575,Filed
CHG000918,CR003785,CRT0042,Chikkaballapura Senior Civil Court,2026-09-10,EMP003285,Filed
CHG000919,CR003790,CRT0148,Vijayapura Civil Judge and JMFC Court,2026-07-22,EMP009557,Filed
CHG000920,CR003801,CRT0151,Yadgir District and Sessions Court,2025-05-09,EMP009975,Filed
CHG000921,CR003808,CRT0149,Vijayapura Family Court,2024-12-20,EMP009786,Returned for Correction
CHG000922,CR003811,CRT0151,Yadgir District and Sessions Court,2025-06-07,EMP010073,Accepted
CHG000923,CR003820,CRT0154,Yadgir Family Court,2025-05-22,EMP010054,Returned for Correction
CHG000924,CR003834,CRT0084,Haveri Family Court,2025-08-09,EMP005320,Filed
CHG000925,CR003835,CRT0077,Hassan Senior Civil Court,2025-12-08,EMP004846,Filed
CHG000926,CR003837,CRT0115,Mysuru Special Court,2025-06-27,EMP007418,Filed
CHG000927,CR003838,CRT0001,Bagalkote District and Sessions Court,2025-06-19,EMP000146,Filed
CHG000928,CR003840,CRT0023,Bengaluru South Civil Judge and JMFC Court,2025-05-30,EMP001695,Returned for Correction
CHG000929,CR003844,CRT0024,Bengaluru South Family Court,2026-10-01,EMP001638,Filed
CHG000930,CR003848,CRT0062,Davanagere Senior Civil Court,2024-12-05,EMP004022,Filed
CHG000931,CR003850,CRT0011,Belagavi District and Sessions Court,2025-05-18,EMP001090,Filed
CHG000932,CR003856,CRT0155,Yadgir Special Court,2025-09-24,EMP009985,Accepted
CHG000933,CR003866,CRT0088,Kalaburagi Civil Judge and JMFC Court,2025-04-28,EMP005646,Accepted
CHG000934,CR003867,CRT0089,Kalaburagi Family Court,2025-04-02,EMP005703,Filed
CHG000935,CR003869,CRT0122,Shivamogga Senior Civil Court,2025-04-18,EMP007984,Accepted
CHG000936,CR003872,CRT0126,Tumakuru District and Sessions Court,2026-08-10,EMP008431,Filed
CHG000937,CR003873,CRT0126,Tumakuru District and Sessions Court,2026-06-04,EMP008530,Filed
CHG000938,CR003874,CRT0051,Chitradurga District and Sessions Court,2025-05-09,EMP003358,Filed
CHG000939,CR003876,CRT0155,Yadgir Special Court,2026-11-02,EMP010023,Filed
CHG000940,CR003879,CRT0078,Hassan Civil Judge and JMFC Court,2025-02-25,EMP004874,Accepted
CHG000941,CR003882,CRT0150,Vijayapura Special Court,2025-12-21,EMP009570,Accepted
CHG000942,CR003883,CRT0091,Kodagu District and Sessions Court,2025-09-29,EMP005807,Accepted
CHG000943,CR003889,CRT0063,Davanagere Civil Judge and JMFC Court,2026-10-24,EMP004042,Filed
CHG000944,CR003893,CRT0121,Shivamogga District and Sessions Court,2026-02-26,EMP008055,Filed
CHG000945,CR003894,CRT0077,Hassan Senior Civil Court,2026-09-07,EMP004942,Accepted
CHG000946,CR003899,CRT0001,Bagalkote District and Sessions Court,2025-10-23,EMP000094,Accepted
CHG000947,CR003900,CRT0041,Chikkaballapura District and Sessions Court,2026-02-21,EMP003278,Filed
CHG000948,CR003901,CRT0106,Mandya District and Sessions Court,2025-03-05,EMP006876,Filed
CHG000949,CR003903,CRT0018,Bengaluru Rural Civil Judge and JMFC Court,2025-03-06,EMP001195,Accepted
CHG000950,CR003905,CRT0074,Gadag Family Court,2025-05-06,EMP004461,Accepted
CHG000951,CR003921,CRT0052,Chitradurga Senior Civil Court,2025-01-10,EMP003367,Accepted
CHG000952,CR003924,CRT0138,Uttara Kannada Civil Judge and JMFC Court,2025-05-17,EMP009346,Filed
CHG000953,CR003928,CRT0017,Bengaluru Rural Senior Civil Court,2026-10-07,EMP001235,Filed
CHG000954,CR003929,CRT0110,Mandya Special Court,2025-07-07,EMP006749,Filed
CHG000955,CR003935,CRT0111,Mysuru District and Sessions Court,2025-06-19,EMP007428,Filed
CHG000956,CR003937,CRT0012,Belagavi Senior Civil Court,2025-05-03,EMP001102,Filed
CHG000957,CR003939,CRT0001,Bagalkote District and Sessions Court,2026-02-18,EMP000003,Filed
CHG000958,CR003950,CRT0089,Kalaburagi Family Court,2025-11-15,EMP005493,Returned for Correction
CHG000959,CR003958,CRT0051,Chitradurga District and Sessions Court,2026-02-20,EMP003374,Filed
CHG000960,CR003962,CRT0077,Hassan Senior Civil Court,2025-08-08,EMP004670,Filed
CHG000961,CR003966,CRT0109,Mandya Family Court,2026-10-24,EMP006946,Accepted
CHG000962,CR003977,CRT0115,Mysuru Special Court,2026-01-07,EMP007547,Filed
CHG000963,CR003979,CRT0125,Shivamogga Special Court,2025-09-07,EMP008340,Returned for Correction
CHG000964,CR003981,CRT0047,Chikkamagaluru Senior Civil Court,2026-06-25,EMP003300,Accepted
CHG000965,CR003982,CRT0035,Bidar Special Court,2026-10-22,EMP003028,Filed
CHG000966,CR003986,CRT0019,Bengaluru Rural Family Court,2026-12-22,EMP001198,Accepted
CHG000967,CR003989,CRT0084,Haveri Family Court,2025-01-12,EMP005302,Filed
CHG000968,CR003993,CRT0097,Kolar Senior Civil Court,2024-10-02,EMP006083,Filed
CHG000969,CR004001,CRT0011,Belagavi District and Sessions Court,2026-01-18,EMP000665,Filed
CHG000970,CR004002,CRT0050,Chikkamagaluru Special Court,2026-07-30,EMP003308,Filed
CHG000971,CR004004,CRT0021,Bengaluru South District and Sessions Court,2025-07-09,EMP001696,Filed
CHG000972,CR004008,CRT0021,Bengaluru South District and Sessions Court,2025-10-04,EMP001540,Filed
CHG000973,CR004014,CRT0100,Kolar Special Court,2025-08-20,EMP006256,Filed
CHG000974,CR004030,CRT0100,Kolar Special Court,2026-04-19,EMP006026,Filed
CHG000975,CR004032,CRT0041,Chikkaballapura District and Sessions Court,2026-11-28,EMP003268,Accepted
CHG000976,CR004038,CRT0086,Kalaburagi District and Sessions Court,2025-08-27,EMP005350,Accepted
CHG000977,CR004043,CRT0106,Mandya District and Sessions Court,2024-12-21,EMP006791,Filed
CHG000978,CR004044,CRT0137,Uttara Kannada Senior Civil Court,2025-01-26,EMP009164,Returned for Correction
CHG000979,CR004047,CRT0035,Bidar Special Court,2025-05-27,EMP003117,Filed
CHG000980,CR004050,CRT0084,Haveri Family Court,2025-03-13,EMP005321,Filed
CHG000981,CR004051,CRT0100,Kolar Special Court,2026-11-30,EMP006168,Filed
CHG000982,CR004058,CRT0101,Koppal District and Sessions Court,2025-12-18,EMP006510,Accepted
CHG000983,CR004068,CRT0092,Kodagu Senior Civil Court,2026-03-03,EMP005936,Accepted
CHG000984,CR004074,CRT0121,Shivamogga District and Sessions Court,2026-06-11,EMP007985,Filed
CHG000985,CR004077,CRT0088,Kalaburagi Civil Judge and JMFC Court,2026-09-06,EMP005415,Filed
CHG000986,CR004080,CRT0047,Chikkamagaluru Senior Civil Court,2025-07-09,EMP003299,Filed
CHG000987,CR004082,CRT0041,Chikkaballapura District and Sessions Court,2025-09-13,EMP003284,Filed
CHG000988,CR004091,CRT0083,Haveri Civil Judge and JMFC Court,2025-11-22,EMP005133,Filed
CHG000989,CR004092,CRT0123,Shivamogga Civil Judge and JMFC Court,2025-06-23,EMP008148,Filed
CHG000990,CR004097,CRT0139,Uttara Kannada Family Court,2024-11-19,EMP009333,Filed
CHG000991,CR004105,CRT0078,Hassan Civil Judge and JMFC Court,2025-12-17,EMP004759,Accepted
CHG000992,CR004111,CRT0098,Kolar Civil Judge and JMFC Court,2025-07-27,EMP006140,Accepted
CHG000993,CR004112,CRT0029,Bengaluru Urban Family Court,2025-05-25,EMP002359,Filed
CHG000994,CR004114,CRT0097,Kolar Senior Civil Court,2025-01-11,EMP006305,Accepted
CHG000995,CR004115,CRT0107,Mandya Senior Civil Court,2025-09-21,EMP006663,Filed
CHG000996,CR004117,CRT0124,Shivamogga Family Court,2025-07-22,EMP000888,Filed
CHG000997,CR004119,CRT0048,Chikkamagaluru Civil Judge and JMFC Court,2025-09-24,EMP003305,Filed
CHG000998,CR004123,CRT0140,Uttara Kannada Special Court,2025-10-08,EMP009334,Accepted
CHG000999,CR004124,CRT0107,Mandya Senior Civil Court,2025-04-13,EMP006667,Filed
CHG001000,CR004130,CRT0019,Bengaluru Rural Family Court,2025-01-09,EMP001432,Accepted
CHG001001,CR004136,CRT0113,Mysuru Civil Judge and JMFC Court,2025-04-07,EMP007315,Accepted
CHG001002,CR004139,CRT0030,Bengaluru Urban Special Court,2026-04-08,EMP002628,Accepted
CHG001003,CR004140,CRT0069,Dharwad Family Court,2026-12-02,EMP004291,Accepted
CHG001004,CR004141,CRT0039,Chamarajanagar Family Court,2025-08-08,EMP003261,Filed
CHG001005,CR004145,CRT0130,Tumakuru Special Court,2026-04-20,EMP008884,Filed
CHG001006,CR004147,CRT0043,Chikkaballapura Civil Judge and JMFC Court,2026-05-15,EMP003268,Filed
CHG001007,CR004158,CRT0012,Belagavi Senior Civil Court,2026-05-29,EMP000793,Filed
CHG001008,CR004162,CRT0128,Tumakuru Civil Judge and JMFC Court,2025-01-07,EMP008426,Filed
CHG001009,CR004164,CRT0076,Hassan District and Sessions Court,2025-03-08,EMP004865,Accepted
CHG001010,CR004169,CRT0130,Tumakuru Special Court,2026-03-12,EMP008886,Filed
CHG001011,CR004179,CRT0012,Belagavi Senior Civil Court,2025-04-29,EMP000648,Filed
CHG001012,CR004180,CRT0062,Davanagere Senior Civil Court,2026-05-24,EMP003855,Accepted
CHG001013,CR004185,CRT0123,Shivamogga Civil Judge and JMFC Court,2026-03-29,EMP006111,Accepted
CHG001014,CR004187,CRT0014,Belagavi Family Court,2025-07-31,EMP000896,Filed
CHG001015,CR004197,CRT0130,Tumakuru Special Court,2026-08-29,EMP008788,Accepted
CHG001016,CR004202,CRT0077,Hassan Senior Civil Court,2026-12-21,EMP004918,Accepted
CHG001017,CR004214,CRT0054,Chitradurga Family Court,2026-08-03,EMP003353,Filed
CHG001018,CR004217,CRT0079,Hassan Family Court,2026-05-29,EMP004730,Filed
CHG001019,CR004221,CRT0139,Uttara Kannada Family Court,2026-01-16,EMP009193,Filed
CHG001020,CR004224,CRT0004,Bagalkote Family Court,2025-06-09,EMP000258,Filed
CHG001021,CR004231,CRT0032,Bidar Senior Civil Court,2025-07-15,EMP003027,Accepted
CHG001022,CR004234,CRT0140,Uttara Kannada Special Court,2026-08-16,EMP005818,Returned for Correction
CHG001023,CR004235,CRT0043,Chikkaballapura Civil Judge and JMFC Court,2026-03-11,EMP003270,Accepted
CHG001024,CR004236,CRT0050,Chikkamagaluru Special Court,2026-05-28,EMP003295,Filed
CHG001025,CR004237,CRT0137,Uttara Kannada Senior Civil Court,2024-10-18,EMP009333,Filed
CHG001026,CR004241,CRT0079,Hassan Family Court,2025-07-04,EMP004712,Accepted
CHG001027,CR004242,CRT0115,Mysuru Special Court,2025-07-31,EMP007164,Filed
CHG001028,CR004244,CRT0127,Tumakuru Senior Civil Court,2025-08-08,EMP008817,Accepted
CHG001029,CR004258,CRT0120,Raichur Special Court,2025-05-29,EMP007739,Filed
CHG001030,CR004262,CRT0077,Hassan Senior Civil Court,2025-04-07,EMP004732,Filed
CHG001031,CR004263,CRT0100,Kolar Special Court,2025-06-13,EMP006239,Filed
CHG001032,CR004267,CRT0126,Tumakuru District and Sessions Court,2026-03-29,EMP008454,Accepted
CHG001033,CR004271,CRT0096,Kolar District and Sessions Court,2026-11-17,EMP006304,Accepted
CHG001034,CR004277,CRT0058,Dakshina Kannada Civil Judge and JMFC Court,2025-12-04,EMP003603,Filed
CHG001035,CR004287,CRT0088,Kalaburagi Civil Judge and JMFC Court,2025-03-25,EMP005697,Filed
CHG001036,CR004288,CRT0146,Vijayapura District and Sessions Court,2025-06-21,EMP009779,Filed
CHG001037,CR004289,CRT0070,Dharwad Special Court,2025-07-30,EMP004279,Filed
CHG001038,CR004291,CRT0106,Mandya District and Sessions Court,2024-11-29,EMP006647,Accepted
CHG001039,CR004295,CRT0004,Bagalkote Family Court,2026-08-07,EMP000235,Returned for Correction
CHG001040,CR004297,CRT0080,Hassan Special Court,2024-09-03,EMP004701,Filed
CHG001041,CR004299,CRT0126,Tumakuru District and Sessions Court,2026-06-01,EMP008764,Filed
CHG001042,CR004300,CRT0086,Kalaburagi District and Sessions Court,2025-03-07,EMP005513,Filed
CHG001043,CR004301,CRT0099,Kolar Family Court,2025-11-04,EMP006328,Filed
CHG001044,CR004309,CRT0050,Chikkamagaluru Special Court,2025-01-27,EMP003300,Filed
CHG001045,CR004310,CRT0047,Chikkamagaluru Senior Civil Court,2025-04-02,EMP003310,Filed
CHG001046,CR004317,CRT0112,Mysuru Senior Civil Court,2025-12-28,EMP007120,Filed
CHG001047,CR004318,CRT0092,Kodagu Senior Civil Court,2025-12-31,EMP005862,Accepted
CHG001048,CR004331,CRT0013,Belagavi Civil Judge and JMFC Court,2025-09-25,EMP001125,Accepted
CHG001049,CR004339,CRT0146,Vijayapura District and Sessions Court,2026-05-17,EMP009763,Filed
CHG001050,CR004343,CRT0027,Bengaluru Urban Senior Civil Court,2026-11-30,EMP002315,Filed
CHG001051,CR004344,CRT0110,Mandya Special Court,2026-03-16,EMP006668,Filed
CHG001052,CR004349,CRT0080,Hassan Special Court,2024-09-17,EMP004676,Filed
CHG001053,CR004350,CRT0114,Mysuru Family Court,2026-10-25,EMP007215,Filed
CHG001054,CR004352,CRT0032,Bidar Senior Civil Court,2026-03-15,EMP002969,Accepted
CHG001055,CR004358,CRT0127,Tumakuru Senior Civil Court,2026-05-23,EMP008437,Filed
CHG001056,CR004359,CRT0117,Raichur Senior Civil Court,2026-02-26,EMP007757,Filed
CHG001057,CR004363,CRT0099,Kolar Family Court,2026-01-23,EMP006363,Filed
CHG001058,CR004379,CRT0066,Dharwad District and Sessions Court,2025-01-13,EMP004376,Filed
CHG001059,CR004386,CRT0035,Bidar Special Court,2026-02-03,EMP002914,Filed
CHG001060,CR004387,CRT0069,Dharwad Family Court,2026-03-04,EMP004147,Filed
CHG001061,CR004392,CRT0061,Davanagere District and Sessions Court,2025-09-16,EMP003874,Accepted
CHG001062,CR004396,CRT0113,Mysuru Civil Judge and JMFC Court,2025-03-28,EMP007636,Accepted
CHG001063,CR004398,CRT0097,Kolar Senior Civil Court,2025-06-19,EMP006138,Filed
CHG001064,CR004400,CRT0083,Haveri Civil Judge and JMFC Court,2026-06-02,EMP005179,Accepted
CHG001065,CR004409,CRT0041,Chikkaballapura District and Sessions Court,2025-05-08,EMP003266,Filed
CHG001066,CR004416,CRT0155,Yadgir Special Court,2026-03-22,EMP009931,Filed
CHG001067,CR004420,CRT0021,Bengaluru South District and Sessions Court,2025-02-01,EMP001481,Accepted
CHG001068,CR004426,CRT0129,Tumakuru Family Court,2026-04-17,EMP008696,Filed
CHG001069,CR004429,CRT0041,Chikkaballapura District and Sessions Court,2025-01-10,EMP003268,Returned for Correction
CHG001070,CR004434,CRT0115,Mysuru Special Court,2026-08-12,EMP007425,Filed
CHG001071,CR004440,CRT0027,Bengaluru Urban Senior Civil Court,2025-01-22,EMP001896,Accepted
CHG001072,CR004445,CRT0012,Belagavi Senior Civil Court,2026-03-14,EMP000589,Filed
CHG001073,CR004450,CRT0088,Kalaburagi Civil Judge and JMFC Court,2026-05-24,EMP005567,Filed
CHG001074,CR004454,CRT0097,Kolar Senior Civil Court,2026-01-19,EMP006223,Filed
CHG001075,CR004468,CRT0108,Mandya Civil Judge and JMFC Court,2026-04-18,EMP006849,Accepted
CHG001076,CR004471,CRT0007,Ballari Senior Civil Court,2025-02-14,EMP000479,Filed
CHG001077,CR004476,CRT0118,Raichur Civil Judge and JMFC Court,2026-04-10,EMP000889,Filed
CHG001078,CR004480,CRT0014,Belagavi Family Court,2025-01-29,EMP000781,Filed
CHG001079,CR004482,CRT0110,Mandya Special Court,2026-09-06,EMP006900,Filed
CHG001080,CR004485,CRT0106,Mandya District and Sessions Court,2026-06-22,EMP006903,Filed
CHG001081,CR004488,CRT0122,Shivamogga Senior Civil Court,2024-11-08,EMP008025,Filed
CHG001082,CR004501,CRT0152,Yadgir Senior Civil Court,2026-07-10,EMP010013,Filed
CHG001083,CR004505,CRT0099,Kolar Family Court,2025-09-15,EMP006124,Accepted
CHG001084,CR004511,CRT0111,Mysuru District and Sessions Court,2025-08-18,EMP007439,Filed
CHG001085,CR004513,CRT0137,Uttara Kannada Senior Civil Court,2026-04-26,EMP009421,Filed
CHG001086,CR004523,CRT0113,Mysuru Civil Judge and JMFC Court,2024-08-30,EMP007380,Filed
CHG001087,CR004525,CRT0076,Hassan District and Sessions Court,2025-03-27,EMP004668,Filed
CHG001088,CR004529,CRT0075,Gadag Special Court,2025-08-16,EMP004564,Accepted
CHG001089,CR004532,CRT0066,Dharwad District and Sessions Court,2026-07-30,EMP002636,Filed
CHG001090,CR004539,CRT0107,Mandya Senior Civil Court,2026-06-26,EMP006659,Accepted
CHG001091,CR004543,CRT0009,Ballari Family Court,2024-12-31,EMP000297,Filed
CHG001092,CR004545,CRT0061,Davanagere District and Sessions Court,2026-09-04,EMP003893,Filed
CHG001093,CR004546,CRT0107,Mandya Senior Civil Court,2025-03-02,EMP006770,Filed
CHG001094,CR004553,CRT0077,Hassan Senior Civil Court,2026-10-23,EMP004645,Filed
CHG001095,CR004558,CRT0060,Dakshina Kannada Special Court,2026-08-29,EMP003623,Filed
CHG001096,CR004560,CRT0062,Davanagere Senior Civil Court,2025-02-12,EMP003925,Filed
CHG001097,CR004564,CRT0076,Hassan District and Sessions Court,2025-01-12,EMP004682,Filed
CHG001098,CR004569,CRT0077,Hassan Senior Civil Court,2024-10-17,EMP004907,Filed
CHG001099,CR004581,CRT0072,Gadag Senior Civil Court,2025-12-27,EMP004515,Accepted
CHG001100,CR004582,CRT0118,Raichur Civil Judge and JMFC Court,2026-09-18,EMP007755,Filed
CHG001101,CR004583,CRT0050,Chikkamagaluru Special Court,2025-12-11,EMP003306,Accepted
CHG001102,CR004584,CRT0013,Belagavi Civil Judge and JMFC Court,2026-11-05,EMP001003,Accepted
CHG001103,CR004586,CRT0036,Chamarajanagar District and Sessions Court,2026-08-30,EMP003257,Filed
CHG001104,CR004587,CRT0087,Kalaburagi Senior Civil Court,2025-04-20,EMP005707,Filed
CHG001105,CR004589,CRT0059,Dakshina Kannada Family Court,2025-07-30,EMP003383,Filed
CHG001106,CR004593,CRT0115,Mysuru Special Court,2025-02-15,EMP007335,Filed
CHG001107,CR004597,CRT0099,Kolar Family Court,2024-11-30,EMP006135,Filed
CHG001108,CR004598,CRT0153,Yadgir Civil Judge and JMFC Court,2025-08-13,EMP010018,Filed
CHG001109,CR004602,CRT0112,Mysuru Senior Civil Court,2024-11-09,EMP007507,Accepted
CHG001110,CR004608,CRT0048,Chikkamagaluru Civil Judge and JMFC Court,2026-03-26,EMP003302,Accepted
CHG001111,CR004614,CRT0125,Shivamogga Special Court,2025-08-30,EMP008335,Filed
CHG001112,CR004615,CRT0139,Uttara Kannada Family Court,2025-07-16,EMP009330,Accepted
CHG001113,CR004616,CRT0069,Dharwad Family Court,2026-08-09,EMP004377,Filed
CHG001114,CR004619,CRT0088,Kalaburagi Civil Judge and JMFC Court,2026-04-23,EMP005457,Filed
CHG001115,CR004622,CRT0094,Kodagu Family Court,2026-05-31,EMP005790,Filed
CHG001116,CR004627,CRT0081,Haveri District and Sessions Court,2026-01-13,EMP005188,Filed
CHG001117,CR004628,CRT0044,Chikkaballapura Family Court,2025-07-29,EMP003269,Filed
CHG001118,CR004632,CRT0045,Chikkaballapura Special Court,2025-04-08,EMP003264,Filed
CHG001119,CR004636,CRT0077,Hassan Senior Civil Court,2026-11-09,EMP004896,Filed
CHG001120,CR004639,CRT0127,Tumakuru Senior Civil Court,2025-12-24,EMP001628,Filed
CHG001121,CR004644,CRT0088,Kalaburagi Civil Judge and JMFC Court,2024-12-05,EMP005529,Filed
CHG001122,CR004649,CRT0126,Tumakuru District and Sessions Court,2026-05-19,EMP008450,Returned for Correction
CHG001123,CR004660,CRT0077,Hassan Senior Civil Court,2026-05-02,EMP004813,Filed
CHG001124,CR004663,CRT0015,Belagavi Special Court,2026-02-03,EMP000611,Returned for Correction
CHG001125,CR004666,CRT0097,Kolar Senior Civil Court,2025-09-22,EMP006032,Filed
CHG001126,CR004667,CRT0097,Kolar Senior Civil Court,2026-03-20,EMP006370,Filed
CHG001127,CR004669,CRT0042,Chikkaballapura Senior Civil Court,2025-03-02,EMP003272,Filed
CHG001128,CR004672,CRT0045,Chikkaballapura Special Court,2025-08-14,EMP003281,Accepted
CHG001129,CR004673,CRT0128,Tumakuru Civil Judge and JMFC Court,2026-05-31,EMP008829,Filed
CHG001130,CR004678,CRT0150,Vijayapura Special Court,2025-07-03,EMP009533,Filed
CHG001131,CR004686,CRT0076,Hassan District and Sessions Court,2026-08-10,EMP005015,Filed
CHG001132,CR004692,CRT0045,Chikkaballapura Special Court,2025-05-17,EMP003292,Accepted
CHG001133,CR004696,CRT0008,Ballari Civil Judge and JMFC Court,2025-06-10,EMP000389,Accepted
CHG001134,CR004700,CRT0031,Bidar District and Sessions Court,2024-12-12,EMP002886,Filed
CHG001135,CR004711,CRT0101,Koppal District and Sessions Court,2025-09-27,EMP006442,Filed
CHG001136,CR004712,CRT0122,Shivamogga Senior Civil Court,2026-04-09,EMP007988,Filed
CHG001137,CR004713,CRT0092,Kodagu Senior Civil Court,2026-06-04,EMP005756,Accepted
CHG001138,CR004718,CRT0080,Hassan Special Court,2026-06-20,EMP004759,Filed
CHG001139,CR004724,CRT0053,Chitradurga Civil Judge and JMFC Court,2025-05-16,EMP000892,Filed
CHG001140,CR004740,CRT0045,Chikkaballapura Special Court,2025-08-17,EMP003289,Filed
CHG001141,CR004744,CRT0115,Mysuru Special Court,2026-02-12,EMP007138,Filed
CHG001142,CR004749,CRT0049,Chikkamagaluru Family Court,2026-07-03,EMP003299,Filed
CHG001143,CR004750,CRT0079,Hassan Family Court,2026-05-05,EMP004778,Filed
CHG001144,CR004751,CRT0112,Mysuru Senior Civil Court,2026-03-20,EMP007330,Filed
CHG001145,CR004757,CRT0013,Belagavi Civil Judge and JMFC Court,2026-01-13,EMP000803,Filed
CHG001146,CR004765,CRT0140,Uttara Kannada Special Court,2025-08-24,EMP005823,Filed
CHG001147,CR004767,CRT0126,Tumakuru District and Sessions Court,2025-05-10,EMP008699,Filed
CHG001148,CR004768,CRT0096,Kolar District and Sessions Court,2026-02-18,EMP006067,Filed
CHG001149,CR004770,CRT0041,Chikkaballapura District and Sessions Court,2026-02-21,EMP003270,Filed
CHG001150,CR004776,CRT0076,Hassan District and Sessions Court,2025-08-30,EMP004892,Filed
CHG001151,CR004777,CRT0005,Bagalkote Special Court,2026-04-24,EMP000219,Returned for Correction
CHG001152,CR004784,CRT0124,Shivamogga Family Court,2025-01-01,EMP008029,Accepted
CHG001153,CR004787,CRT0131,Udupi District and Sessions Court,2026-03-02,EMP008954,Filed
CHG001154,CR004790,CRT0114,Mysuru Family Court,2026-07-14,EMP007214,Accepted
CHG001155,CR004793,CRT0127,Tumakuru Senior Civil Court,2026-03-21,EMP008607,Filed
CHG001156,CR004800,CRT0012,Belagavi Senior Civil Court,2025-06-19,EMP000943,Filed
CHG001157,CR004802,CRT0070,Dharwad Special Court,2025-04-03,EMP003869,Filed
CHG001158,CR004803,CRT0149,Vijayapura Family Court,2025-12-06,EMP009822,Filed
CHG001159,CR004812,CRT0098,Kolar Civil Judge and JMFC Court,2025-02-20,EMP006233,Filed
CHG001160,CR004816,CRT0062,Davanagere Senior Civil Court,2026-03-13,EMP004079,Filed
CHG001161,CR004826,CRT0014,Belagavi Family Court,2026-08-06,EMP000654,Filed
CHG001162,CR004828,CRT0015,Belagavi Special Court,2026-09-16,EMP000982,Filed
CHG001163,CR004830,CRT0106,Mandya District and Sessions Court,2025-12-20,EMP006986,Accepted
CHG001164,CR004831,CRT0137,Uttara Kannada Senior Civil Court,2025-02-16,EMP009354,Filed
CHG001165,CR004838,CRT0130,Tumakuru Special Court,2025-01-12,EMP001624,Filed
CHG001166,CR004842,CRT0049,Chikkamagaluru Family Court,2026-06-25,EMP003302,Filed
CHG001167,CR004843,CRT0056,Dakshina Kannada District and Sessions Court,2025-02-14,EMP003408,Returned for Correction
CHG001168,CR004846,CRT0138,Uttara Kannada Civil Judge and JMFC Court,2025-06-20,EMP009164,Accepted
CHG001169,CR004855,CRT0064,Davanagere Family Court,2025-02-16,EMP003884,Accepted
CHG001170,CR004860,CRT0045,Chikkaballapura Special Court,2025-06-03,EMP003273,Filed
CHG001171,CR004868,CRT0045,Chikkaballapura Special Court,2025-10-25,EMP003274,Filed
CHG001172,CR004870,CRT0070,Dharwad Special Court,2025-11-16,EMP004157,Filed
CHG001173,CR004871,CRT0079,Hassan Family Court,2025-03-31,EMP004937,Filed
CHG001174,CR004876,CRT0110,Mandya Special Court,2025-01-07,EMP006665,Filed
CHG001175,CR004880,CRT0096,Kolar District and Sessions Court,2026-10-03,EMP006333,Filed
CHG001176,CR004883,CRT0061,Davanagere District and Sessions Court,2025-07-13,EMP003842,Filed
CHG001177,CR004884,CRT0028,Bengaluru Urban Civil Judge and JMFC Court,2025-12-17,EMP002098,Filed
CHG001178,CR004886,CRT0021,Bengaluru South District and Sessions Court,2025-06-27,EMP001725,Accepted
CHG001179,CR004892,CRT0151,Yadgir District and Sessions Court,2026-01-18,EMP009937,Filed
CHG001180,CR004897,CRT0044,Chikkaballapura Family Court,2026-12-02,EMP003287,Filed
CHG001181,CR004898,CRT0068,Dharwad Civil Judge and JMFC Court,2026-01-20,EMP002639,Accepted
CHG001182,CR004899,CRT0099,Kolar Family Court,2025-04-25,EMP006183,Filed
CHG001183,CR004907,CRT0126,Tumakuru District and Sessions Court,2025-03-14,EMP003285,Filed
CHG001184,CR004909,CRT0042,Chikkaballapura Senior Civil Court,2025-10-29,EMP003267,Filed
CHG001185,CR004918,CRT0138,Uttara Kannada Civil Judge and JMFC Court,2025-03-02,EMP009352,Filed
CHG001186,CR004924,CRT0116,Raichur District and Sessions Court,2026-01-13,EMP007884,Filed
CHG001187,CR004928,CRT0155,Yadgir Special Court,2025-11-28,EMP009899,Filed
CHG001188,CR004933,CRT0077,Hassan Senior Civil Court,2026-05-22,EMP005023,Accepted
CHG001189,CR004934,CRT0113,Mysuru Civil Judge and JMFC Court,2025-11-07,EMP007294,Filed
CHG001190,CR004944,CRT0083,Haveri Civil Judge and JMFC Court,2025-12-11,EMP005133,Filed
CHG001191,CR004948,CRT0078,Hassan Civil Judge and JMFC Court,2026-01-13,EMP004682,Filed
CHG001192,CR004949,CRT0126,Tumakuru District and Sessions Court,2025-11-22,EMP008430,Filed
CHG001193,CR004951,CRT0118,Raichur Civil Judge and JMFC Court,2026-04-14,EMP007704,Filed
CHG001194,CR004952,CRT0098,Kolar Civil Judge and JMFC Court,2026-09-18,EMP006021,Returned for Correction
CHG001195,CR004963,CRT0123,Shivamogga Civil Judge and JMFC Court,2025-12-23,EMP008201,Filed
CHG001196,CR004974,CRT0089,Kalaburagi Family Court,2026-05-15,EMP005665,Filed
CHG001197,CR004975,CRT0061,Davanagere District and Sessions Court,2024-12-06,EMP003913,Filed
CHG001198,CR004976,CRT0079,Hassan Family Court,2026-06-16,EMP004789,Filed
CHG001199,CR004981,CRT0017,Bengaluru Rural Senior Civil Court,2025-06-05,EMP001196,Filed
CHG001200,CR004982,CRT0041,Chikkaballapura District and Sessions Court,2026-01-30,EMP003278,Accepted
CHG001201,CR004987,CRT0136,Uttara Kannada District and Sessions Court,2025-03-24,EMP009478,Accepted
CHG001202,CR004992,CRT0059,Dakshina Kannada Family Court,2026-01-22,EMP003396,Filed
CHG001203,CR004993,CRT0080,Hassan Special Court,2025-06-25,EMP005035,Filed
CHG001204,CR005007,CRT0067,Dharwad Senior Civil Court,2025-08-13,EMP002638,Accepted
CHG001205,CR005008,CRT0122,Shivamogga Senior Civil Court,2026-02-03,EMP008079,Filed
CHG001206,CR005022,CRT0053,Chitradurga Civil Judge and JMFC Court,2026-06-09,EMP000890,Filed
CHG001207,CR005025,CRT0055,Chitradurga Special Court,2025-11-22,EMP000887,Filed
CHG001208,CR005027,CRT0126,Tumakuru District and Sessions Court,2025-01-06,EMP008456,Filed
CHG001209,CR005031,CRT0121,Shivamogga District and Sessions Court,2025-11-12,EMP008091,Filed
CHG001210,CR005039,CRT0126,Tumakuru District and Sessions Court,2025-06-09,EMP008595,Filed
CHG001211,CR005041,CRT0020,Bengaluru Rural Special Court,2025-01-15,EMP001412,Filed
CHG001212,CR005045,CRT0116,Raichur District and Sessions Court,2025-04-22,EMP007700,Filed
CHG001213,CR005048,CRT0020,Bengaluru Rural Special Court,2025-12-31,EMP001382,Accepted
CHG001214,CR005050,CRT0038,Chamarajanagar Civil Judge and JMFC Court,2025-02-15,EMP003256,Filed
CHG001215,CR005056,CRT0022,Bengaluru South Senior Civil Court,2025-06-28,EMP001642,Filed
CHG001216,CR005057,CRT0117,Raichur Senior Civil Court,2025-07-07,EMP007806,Returned for Correction
CHG001217,CR005062,CRT0042,Chikkaballapura Senior Civil Court,2025-09-09,EMP003285,Filed
CHG001218,CR005068,CRT0100,Kolar Special Court,2025-03-01,EMP006242,Accepted
CHG001219,CR005072,CRT0098,Kolar Civil Judge and JMFC Court,2026-03-16,EMP006358,Accepted
CHG001220,CR005073,CRT0020,Bengaluru Rural Special Court,2025-04-05,EMP001231,Filed
CHG001221,CR005083,CRT0033,Bidar Civil Judge and JMFC Court,2025-03-28,EMP003004,Filed
CHG001222,CR005084,CRT0074,Gadag Family Court,2024-10-02,EMP004583,Accepted
CHG001223,CR005086,CRT0138,Uttara Kannada Civil Judge and JMFC Court,2026-01-22,EMP009406,Accepted
CHG001224,CR005087,CRT0078,Hassan Civil Judge and JMFC Court,2025-08-20,EMP004653,Filed
CHG001225,CR005088,CRT0140,Uttara Kannada Special Court,2025-08-15,EMP009335,Accepted
CHG001226,CR005091,CRT0108,Mandya Civil Judge and JMFC Court,2025-06-11,EMP007021,Accepted
CHG001227,CR005095,CRT0086,Kalaburagi District and Sessions Court,2026-01-14,EMP005434,Accepted
CHG001228,CR005097,CRT0047,Chikkamagaluru Senior Civil Court,2025-11-10,EMP003297,Filed
CHG001229,CR005106,CRT0011,Belagavi District and Sessions Court,2026-02-10,EMP000661,Filed
CHG001230,CR005110,CRT0111,Mysuru District and Sessions Court,2025-01-25,EMP002122,Filed
CHG001231,CR005121,CRT0146,Vijayapura District and Sessions Court,2024-12-31,EMP009839,Filed
CHG001232,CR005123,CRT0139,Uttara Kannada Family Court,2025-11-17,EMP009425,Filed
CHG001233,CR005130,CRT0011,Belagavi District and Sessions Court,2025-09-19,EMP000604,Accepted
CHG001234,CR005135,CRT0136,Uttara Kannada District and Sessions Court,2025-07-23,EMP009173,Filed
CHG001235,CR005138,CRT0011,Belagavi District and Sessions Court,2025-06-25,EMP001050,Filed
CHG001236,CR005140,CRT0078,Hassan Civil Judge and JMFC Court,2026-11-30,EMP004668,Filed
CHG001237,CR005142,CRT0152,Yadgir Senior Civil Court,2025-12-23,EMP009935,Filed
CHG001238,CR005145,CRT0061,Davanagere District and Sessions Court,2025-02-04,EMP004014,Accepted
CHG001239,CR005151,CRT0034,Bidar Family Court,2025-02-24,EMP003204,Filed
CHG001240,CR005160,CRT0015,Belagavi Special Court,2025-01-16,EMP000898,Filed
CHG001241,CR005163,CRT0100,Kolar Special Court,2026-05-13,EMP006214,Filed
CHG001242,CR005168,CRT0106,Mandya District and Sessions Court,2025-09-02,EMP006876,Filed
CHG001243,CR005169,CRT0130,Tumakuru Special Court,2026-08-23,EMP008499,Filed
CHG001244,CR005173,CRT0077,Hassan Senior Civil Court,2025-03-11,EMP004835,Filed
CHG001245,CR005176,CRT0079,Hassan Family Court,2025-08-12,EMP004627,Filed
CHG001246,CR005178,CRT0153,Yadgir Civil Judge and JMFC Court,2026-06-30,EMP010044,Filed
CHG001247,CR005179,CRT0047,Chikkamagaluru Senior Civil Court,2024-11-22,EMP003305,Filed
CHG001248,CR005183,CRT0015,Belagavi Special Court,2025-08-05,EMP000786,Filed
CHG001249,CR005189,CRT0024,Bengaluru South Family Court,2025-11-30,EMP001514,Filed
CHG001250,CR005191,CRT0125,Shivamogga Special Court,2025-03-03,EMP008331,Filed
CHG001251,CR005192,CRT0055,Chitradurga Special Court,2025-05-02,EMP003333,Filed
CHG001252,CR005195,CRT0155,Yadgir Special Court,2025-12-09,EMP010024,Filed
CHG001253,CR005200,CRT0151,Yadgir District and Sessions Court,2025-11-03,EMP010084,Filed
CHG001254,CR005205,CRT0025,Bengaluru South Special Court,2026-07-18,EMP001712,Accepted
CHG001255,CR005207,CRT0099,Kolar Family Court,2025-09-23,EMP006047,Filed
CHG001256,CR005208,CRT0106,Mandya District and Sessions Court,2026-03-16,EMP006734,Filed
CHG001257,CR005212,CRT0098,Kolar Civil Judge and JMFC Court,2026-04-12,EMP006063,Filed
CHG001258,CR005213,CRT0140,Uttara Kannada Special Court,2026-01-14,EMP009193,Filed
CHG001259,CR005214,CRT0055,Chitradurga Special Court,2026-06-02,EMP003324,Filed
CHG001260,CR005216,CRT0109,Mandya Family Court,2026-03-09,EMP006632,Filed
CHG001261,CR005218,CRT0085,Haveri Special Court,2024-12-27,EMP005323,Filed
CHG001262,CR005221,CRT0037,Chamarajanagar Senior Civil Court,2025-04-18,EMP003259,Accepted
CHG001263,CR005224,CRT0102,Koppal Senior Civil Court,2025-03-03,EMP006440,Filed
CHG001264,CR005226,CRT0116,Raichur District and Sessions Court,2026-08-19,EMP007863,Filed
CHG001265,CR005230,CRT0130,Tumakuru Special Court,2026-03-21,EMP008828,Filed
CHG001266,CR005233,CRT0050,Chikkamagaluru Special Court,2026-08-04,EMP003297,Filed
CHG001267,CR005235,CRT0100,Kolar Special Court,2026-03-17,EMP006182,Filed
CHG001268,CR005247,CRT0121,Shivamogga District and Sessions Court,2026-09-03,EMP007985,Filed
CHG001269,CR005252,CRT0083,Haveri Civil Judge and JMFC Court,2026-03-12,EMP005189,Accepted
CHG001270,CR005255,CRT0120,Raichur Special Court,2025-12-11,EMP007913,Filed
CHG001271,CR005258,CRT0121,Shivamogga District and Sessions Court,2024-12-06,EMP008129,Returned for Correction
CHG001272,CR005259,CRT0086,Kalaburagi District and Sessions Court,2026-08-26,EMP005437,Filed
CHG001273,CR005263,CRT0068,Dharwad Civil Judge and JMFC Court,2026-02-23,EMP004326,Filed
CHG001274,CR005264,CRT0100,Kolar Special Court,2025-11-15,EMP006071,Filed
CHG001275,CR005265,CRT0084,Haveri Family Court,2025-06-19,EMP005062,Filed
CHG001276,CR005268,CRT0018,Bengaluru Rural Civil Judge and JMFC Court,2026-01-30,EMP001203,Filed
CHG001277,CR005286,CRT0089,Kalaburagi Family Court,2025-01-18,EMP005393,Filed
CHG001278,CR005287,CRT0099,Kolar Family Court,2026-02-23,EMP006212,Filed
CHG001279,CR005290,CRT0126,Tumakuru District and Sessions Court,2025-07-23,EMP008698,Filed
CHG001280,CR005293,CRT0039,Chamarajanagar Family Court,2025-05-14,EMP003254,Accepted
CHG001281,CR005296,CRT0003,Bagalkote Civil Judge and JMFC Court,2026-04-04,EMP000042,Filed
CHG001282,CR005298,CRT0100,Kolar Special Court,2024-08-31,EMP006313,Filed
CHG001283,CR005300,CRT0051,Chitradurga District and Sessions Court,2026-10-27,EMP003351,Accepted
CHG001284,CR005301,CRT0098,Kolar Civil Judge and JMFC Court,2026-08-08,EMP006103,Accepted
CHG001285,CR005321,CRT0122,Shivamogga Senior Civil Court,2026-06-27,EMP008182,Filed
CHG001286,CR005322,CRT0068,Dharwad Civil Judge and JMFC Court,2025-08-11,EMP004244,Filed
CHG001287,CR005323,CRT0150,Vijayapura Special Court,2025-12-05,EMP009598,Filed
CHG001288,CR005324,CRT0114,Mysuru Family Court,2025-07-02,EMP000884,Filed
CHG001289,CR005328,CRT0067,Dharwad Senior Civil Court,2025-07-21,EMP004405,Filed
CHG001290,CR005330,CRT0076,Hassan District and Sessions Court,2026-07-03,EMP004843,Filed
CHG001291,CR005331,CRT0154,Yadgir Family Court,2026-04-24,EMP009960,Filed
CHG001292,CR005337,CRT0126,Tumakuru District and Sessions Court,2025-01-12,EMP008621,Accepted
CHG001293,CR005338,CRT0045,Chikkaballapura Special Court,2026-12-31,EMP003277,Returned for Correction
CHG001294,CR005339,CRT0097,Kolar Senior Civil Court,2025-10-21,EMP006071,Accepted
CHG001295,CR005344,CRT0119,Raichur Family Court,2025-09-20,EMP007820,Accepted
CHG001296,CR005355,CRT0111,Mysuru District and Sessions Court,2025-02-11,EMP007354,Filed
CHG001297,CR005370,CRT0044,Chikkaballapura Family Court,2026-03-09,EMP003292,Accepted
CHG001298,CR005373,CRT0079,Hassan Family Court,2025-09-28,EMP004833,Filed
CHG001299,CR005377,CRT0076,Hassan District and Sessions Court,2025-08-29,EMP004683,Accepted
CHG001300,CR005378,CRT0118,Raichur Civil Judge and JMFC Court,2026-02-05,EMP000891,Filed
CHG001301,CR005380,CRT0017,Bengaluru Rural Senior Civil Court,2026-07-21,EMP001429,Filed
CHG001302,CR005392,CRT0075,Gadag Special Court,2026-04-03,EMP004591,Returned for Correction
CHG001303,CR005393,CRT0053,Chitradurga Civil Judge and JMFC Court,2026-09-27,EMP000887,Filed
CHG001304,CR005400,CRT0106,Mandya District and Sessions Court,2026-06-15,EMP007034,Filed
CHG001305,CR005403,CRT0099,Kolar Family Court,2025-11-30,EMP006279,Filed
CHG001306,CR005412,CRT0078,Hassan Civil Judge and JMFC Court,2024-10-28,EMP004983,Returned for Correction
CHG001307,CR005415,CRT0100,Kolar Special Court,2026-05-31,EMP006110,Accepted
CHG001308,CR005422,CRT0107,Mandya Senior Civil Court,2025-04-02,EMP006704,Filed
CHG001309,CR005429,CRT0138,Uttara Kannada Civil Judge and JMFC Court,2025-06-02,EMP009228,Filed
CHG001310,CR005433,CRT0099,Kolar Family Court,2026-08-27,EMP006295,Filed
CHG001311,CR005434,CRT0115,Mysuru Special Court,2026-06-29,EMP007504,Accepted
CHG001312,CR005436,CRT0139,Uttara Kannada Family Court,2025-11-18,EMP009443,Filed
CHG001313,CR005438,CRT0123,Shivamogga Civil Judge and JMFC Court,2025-07-11,EMP008081,Filed
CHG001314,CR005439,CRT0023,Bengaluru South Civil Judge and JMFC Court,2026-03-31,EMP001713,Filed
CHG001315,CR005443,CRT0139,Uttara Kannada Family Court,2025-05-30,EMP009321,Filed
CHG001316,CR005444,CRT0140,Uttara Kannada Special Court,2025-12-22,EMP009441,Filed
CHG001317,CR005448,CRT0116,Raichur District and Sessions Court,2025-02-10,EMP007851,Filed
CHG001318,CR005450,CRT0121,Shivamogga District and Sessions Court,2026-01-28,EMP008029,Filed
CHG001319,CR005460,CRT0096,Kolar District and Sessions Court,2024-12-16,EMP006055,Filed
CHG001320,CR005461,CRT0076,Hassan District and Sessions Court,2026-07-03,EMP004683,Filed
CHG001321,CR005462,CRT0147,Vijayapura Senior Civil Court,2026-03-24,EMP009736,Accepted
CHG001322,CR005463,CRT0065,Davanagere Special Court,2026-01-23,EMP003986,Filed
CHG001323,CR005466,CRT0115,Mysuru Special Court,2024-11-03,EMP007288,Filed
CHG001324,CR005478,CRT0154,Yadgir Family Court,2025-02-09,EMP010053,Filed
CHG001325,CR005482,CRT0112,Mysuru Senior Civil Court,2026-07-12,EMP007374,Filed
CHG001326,CR005488,CRT0155,Yadgir Special Court,2025-12-12,EMP009989,Filed
CHG001327,CR005489,CRT0095,Kodagu Special Court,2025-05-26,EMP005951,Filed
CHG001328,CR005491,CRT0091,Kodagu District and Sessions Court,2024-12-25,EMP006014,Filed
CHG001329,CR005496,CRT0041,Chikkaballapura District and Sessions Court,2026-01-04,EMP003274,Filed
CHG001330,CR005499,CRT0077,Hassan Senior Civil Court,2025-08-27,EMP005004,Filed
CHG001331,CR005506,CRT0034,Bidar Family Court,2026-03-24,EMP003102,Filed
CHG001332,CR005513,CRT0045,Chikkaballapura Special Court,2025-02-26,EMP003294,Filed
CHG001333,CR005520,CRT0151,Yadgir District and Sessions Court,2026-10-12,EMP009947,Accepted
CHG001334,CR005526,CRT0047,Chikkamagaluru Senior Civil Court,2026-04-01,EMP003310,Returned for Correction
CHG001335,CR005540,CRT0048,Chikkamagaluru Civil Judge and JMFC Court,2026-06-29,EMP003313,Filed
CHG001336,CR005548,CRT0140,Uttara Kannada Special Court,2024-09-26,EMP009466,Filed
CHG001337,CR005552,CRT0093,Kodagu Civil Judge and JMFC Court,2025-10-04,EMP005867,Returned for Correction
CHG001338,CR005554,CRT0087,Kalaburagi Senior Civil Court,2025-09-20,EMP005352,Filed
CHG001339,CR005559,CRT0077,Hassan Senior Civil Court,2025-05-14,EMP004780,Accepted
CHG001340,CR005570,CRT0091,Kodagu District and Sessions Court,2025-12-26,EMP005760,Filed
CHG001341,CR005579,CRT0063,Davanagere Civil Judge and JMFC Court,2024-12-01,EMP004108,Filed
CHG001342,CR005580,CRT0063,Davanagere Civil Judge and JMFC Court,2025-11-22,EMP003907,Filed
CHG001343,CR005581,CRT0076,Hassan District and Sessions Court,2025-08-03,EMP004740,Filed
CHG001344,CR005583,CRT0077,Hassan Senior Civil Court,2025-05-03,EMP004729,Filed
CHG001345,CR005584,CRT0065,Davanagere Special Court,2026-08-06,EMP003886,Filed
CHG001346,CR005585,CRT0146,Vijayapura District and Sessions Court,2025-11-19,EMP009879,Filed
CHG001347,CR005587,CRT0027,Bengaluru Urban Senior Civil Court,2026-01-16,EMP002379,Filed
CHG001348,CR005596,CRT0128,Tumakuru Civil Judge and JMFC Court,2026-02-17,EMP008699,Filed
CHG001349,CR005597,CRT0078,Hassan Civil Judge and JMFC Court,2026-05-31,EMP004801,Accepted
CHG001350,CR005602,CRT0036,Chamarajanagar District and Sessions Court,2024-12-09,EMP003258,Filed
CHG001351,CR005617,CRT0041,Chikkaballapura District and Sessions Court,2025-03-26,EMP003264,Filed
CHG001352,CR005618,CRT0101,Koppal District and Sessions Court,2026-04-16,EMP006552,Filed
CHG001353,CR005625,CRT0106,Mandya District and Sessions Court,2025-05-23,EMP006962,Filed
CHG001354,CR005626,CRT0046,Chikkamagaluru District and Sessions Court,2025-02-01,EMP003315,Returned for Correction
CHG001355,CR005628,CRT0079,Hassan Family Court,2026-03-29,EMP004888,Filed
CHG001356,CR005632,CRT0131,Udupi District and Sessions Court,2025-12-30,EMP008932,Filed
CHG001357,CR005633,CRT0128,Tumakuru Civil Judge and JMFC Court,2025-03-25,EMP008689,Filed
CHG001358,CR005637,CRT0047,Chikkamagaluru Senior Civil Court,2026-07-28,EMP003306,Filed
CHG001359,CR005644,CRT0077,Hassan Senior Civil Court,2025-04-02,EMP004793,Accepted
CHG001360,CR005651,CRT0089,Kalaburagi Family Court,2026-02-28,EMP005411,Filed
CHG001361,CR005652,CRT0124,Shivamogga Family Court,2025-02-01,EMP008248,Filed
CHG001362,CR005653,CRT0044,Chikkaballapura Family Court,2025-05-22,EMP003291,Accepted
CHG001363,CR005655,CRT0077,Hassan Senior Civil Court,2026-06-28,EMP004742,Filed
CHG001364,CR005659,CRT0041,Chikkaballapura District and Sessions Court,2025-04-02,EMP003265,Filed
CHG001365,CR005662,CRT0053,Chitradurga Civil Judge and JMFC Court,2025-11-30,EMP003374,Filed
CHG001366,CR005667,CRT0004,Bagalkote Family Court,2025-01-06,EMP000262,Returned for Correction
CHG001367,CR005671,CRT0065,Davanagere Special Court,2025-09-10,EMP004030,Accepted
CHG001368,CR005672,CRT0008,Ballari Civil Judge and JMFC Court,2025-06-26,EMP000493,Filed
CHG001369,CR005675,CRT0137,Uttara Kannada Senior Civil Court,2025-01-04,EMP009200,Accepted
CHG001370,CR005681,CRT0101,Koppal District and Sessions Court,2026-05-09,EMP006413,Filed
CHG001371,CR005682,CRT0067,Dharwad Senior Civil Court,2025-04-19,EMP004317,Filed
CHG001372,CR005685,CRT0096,Kolar District and Sessions Court,2025-05-19,EMP006351,Accepted
CHG001373,CR005688,CRT0055,Chitradurga Special Court,2026-05-02,EMP000892,Filed
CHG001374,CR005692,CRT0121,Shivamogga District and Sessions Court,2025-10-08,EMP008169,Filed
CHG001375,CR005702,CRT0048,Chikkamagaluru Civil Judge and JMFC Court,2024-12-06,EMP003303,Accepted
CHG001376,CR005715,CRT0065,Davanagere Special Court,2025-05-07,EMP004061,Filed
CHG001377,CR005718,CRT0039,Chamarajanagar Family Court,2025-03-07,EMP003260,Filed
CHG001378,CR005721,CRT0034,Bidar Family Court,2025-11-01,EMP003154,Filed
CHG001379,CR005722,CRT0012,Belagavi Senior Civil Court,2025-05-03,EMP000612,Accepted
CHG001380,CR005724,CRT0003,Bagalkote Civil Judge and JMFC Court,2025-07-04,EMP000057,Filed
CHG001381,CR005735,CRT0081,Haveri District and Sessions Court,2026-06-23,EMP005330,Filed
CHG001382,CR005739,CRT0105,Koppal Special Court,2025-11-21,EMP006584,Accepted
CHG001383,CR005745,CRT0044,Chikkaballapura Family Court,2025-03-19,EMP003289,Filed
CHG001384,CR005747,CRT0029,Bengaluru Urban Family Court,2025-08-08,EMP002315,Accepted
CHG001385,CR005752,CRT0096,Kolar District and Sessions Court,2024-11-06,EMP006182,Filed
CHG001386,CR005761,CRT0139,Uttara Kannada Family Court,2025-01-13,EMP009444,Filed
CHG001387,CR005762,CRT0104,Koppal Family Court,2025-06-25,EMP006550,Filed
CHG001388,CR005763,CRT0121,Shivamogga District and Sessions Court,2025-11-02,EMP008137,Filed
CHG001389,CR005765,CRT0076,Hassan District and Sessions Court,2025-06-01,EMP004907,Filed
CHG001390,CR005766,CRT0054,Chitradurga Family Court,2026-08-03,EMP003330,Filed
CHG001391,CR005772,CRT0002,Bagalkote Senior Civil Court,2025-05-16,EMP000018,Filed
CHG001392,CR005775,CRT0130,Tumakuru Special Court,2026-05-17,EMP008505,Accepted
CHG001393,CR005779,CRT0029,Bengaluru Urban Family Court,2025-10-19,EMP002671,Filed
CHG001394,CR005783,CRT0081,Haveri District and Sessions Court,2026-03-11,EMP005059,Accepted
CHG001395,CR005785,CRT0081,Haveri District and Sessions Court,2025-07-31,EMP005308,Accepted
CHG001396,CR005789,CRT0066,Dharwad District and Sessions Court,2025-03-17,EMP002632,Filed
CHG001397,CR005800,CRT0011,Belagavi District and Sessions Court,2025-09-24,EMP000708,Filed
CHG001398,CR005805,CRT0123,Shivamogga Civil Judge and JMFC Court,2026-10-30,EMP007994,Accepted
CHG001399,CR005808,CRT0091,Kodagu District and Sessions Court,2026-02-22,EMP005789,Filed
CHG001400,CR005809,CRT0130,Tumakuru Special Court,2025-07-12,EMP008833,Filed
CHG001401,CR005811,CRT0118,Raichur Civil Judge and JMFC Court,2026-08-01,EMP007697,Accepted
CHG001402,CR005812,CRT0111,Mysuru District and Sessions Court,2024-12-04,EMP007234,Accepted
CHG001403,CR005819,CRT0049,Chikkamagaluru Family Court,2026-09-03,EMP003296,Filed
CHG001404,CR005822,CRT0098,Kolar Civil Judge and JMFC Court,2026-08-16,EMP006203,Filed
CHG001405,CR005828,CRT0125,Shivamogga Special Court,2025-04-07,EMP008320,Accepted
CHG001406,CR005836,CRT0118,Raichur Civil Judge and JMFC Court,2025-06-20,EMP007918,Filed
CHG001407,CR005838,CRT0059,Dakshina Kannada Family Court,2024-11-05,EMP003426,Filed
CHG001408,CR005839,CRT0034,Bidar Family Court,2025-12-21,EMP002990,Filed
CHG001409,CR005842,CRT0051,Chitradurga District and Sessions Court,2026-08-17,EMP003331,Accepted
CHG001410,CR005843,CRT0078,Hassan Civil Judge and JMFC Court,2025-12-15,EMP004746,Filed
CHG001411,CR005849,CRT0117,Raichur Senior Civil Court,2024-11-14,EMP007787,Accepted
CHG001412,CR005850,CRT0106,Mandya District and Sessions Court,2025-04-06,EMP006672,Filed
CHG001413,CR005853,CRT0127,Tumakuru Senior Civil Court,2025-10-20,EMP008408,Returned for Correction
CHG001414,CR005856,CRT0087,Kalaburagi Senior Civil Court,2025-09-07,EMP005382,Filed
CHG001415,CR005857,CRT0032,Bidar Senior Civil Court,2025-04-29,EMP003152,Accepted
CHG001416,CR005865,CRT0147,Vijayapura Senior Civil Court,2026-02-19,EMP009631,Accepted
CHG001417,CR005891,CRT0062,Davanagere Senior Civil Court,2025-05-25,EMP003976,Filed
CHG001418,CR005900,CRT0078,Hassan Civil Judge and JMFC Court,2026-06-16,EMP004738,Filed
CHG001419,CR005912,CRT0093,Kodagu Civil Judge and JMFC Court,2025-11-26,EMP005772,Filed
CHG001420,CR005913,CRT0098,Kolar Civil Judge and JMFC Court,2025-06-24,EMP006134,Accepted
CHG001421,CR005914,CRT0147,Vijayapura Senior Civil Court,2025-09-25,EMP009724,Filed
CHG001422,CR005922,CRT0011,Belagavi District and Sessions Court,2025-02-15,EMP000883,Accepted
CHG001423,CR005929,CRT0094,Kodagu Family Court,2025-05-04,EMP005824,Filed
CHG001424,CR005931,CRT0020,Bengaluru Rural Special Court,2026-02-19,EMP001237,Filed
CHG001425,CR005934,CRT0011,Belagavi District and Sessions Court,2025-08-28,EMP000565,Filed
CHG001426,CR005940,CRT0121,Shivamogga District and Sessions Court,2026-04-20,EMP008062,Filed
CHG001427,CR005946,CRT0087,Kalaburagi Senior Civil Court,2025-05-31,EMP005443,Filed
CHG001428,CR005962,CRT0126,Tumakuru District and Sessions Court,2025-07-02,EMP008507,Filed
CHG001429,CR005964,CRT0090,Kalaburagi Special Court,2026-08-24,EMP005390,Filed
CHG001430,CR005968,CRT0139,Uttara Kannada Family Court,2025-01-06,EMP009183,Accepted
CHG001431,CR005972,CRT0049,Chikkamagaluru Family Court,2025-10-30,EMP003304,Filed
CHG001432,CR005973,CRT0065,Davanagere Special Court,2026-03-13,EMP003858,Filed
CHG001433,CR005977,CRT0019,Bengaluru Rural Family Court,2025-11-01,EMP001474,Accepted
CHG001434,CR005979,CRT0091,Kodagu District and Sessions Court,2025-03-24,EMP005809,Filed
CHG001435,CR005983,CRT0110,Mandya Special Court,2026-03-18,EMP006655,Accepted
CHG001436,CR005988,CRT0107,Mandya Senior Civil Court,2025-01-08,EMP006692,Filed
CHG001437,CR005994,CRT0120,Raichur Special Court,2025-11-26,EMP007776,Filed
CHG001438,CR006002,CRT0108,Mandya Civil Judge and JMFC Court,2025-08-10,EMP003307,Filed
CHG001439,CR006007,CRT0076,Hassan District and Sessions Court,2025-06-20,EMP004680,Filed
CHG001440,CR006009,CRT0087,Kalaburagi Senior Civil Court,2026-08-25,EMP005355,Filed
CHG001441,CR006014,CRT0115,Mysuru Special Court,2024-11-05,EMP007344,Filed
CHG001442,CR006015,CRT0010,Ballari Special Court,2025-04-06,EMP000327,Filed
CHG001443,CR006027,CRT0124,Shivamogga Family Court,2025-10-13,EMP008236,Filed
CHG001444,CR006029,CRT0097,Kolar Senior Civil Court,2025-05-28,EMP006304,Accepted
CHG001445,CR006033,CRT0129,Tumakuru Family Court,2025-12-16,EMP008606,Filed
CHG001446,CR006036,CRT0053,Chitradurga Civil Judge and JMFC Court,2024-10-08,EMP003349,Filed
CHG001447,CR006038,CRT0088,Kalaburagi Civil Judge and JMFC Court,2025-11-26,EMP005640,Returned for Correction
CHG001448,CR006042,CRT0063,Davanagere Civil Judge and JMFC Court,2024-11-15,EMP003827,Filed
CHG001449,CR006045,CRT0105,Koppal Special Court,2024-10-26,EMP006512,Filed
CHG001450,CR006050,CRT0127,Tumakuru Senior Civil Court,2025-08-14,EMP000889,Accepted
CHG001451,CR006051,CRT0121,Shivamogga District and Sessions Court,2026-07-31,EMP008075,Filed
CHG001452,CR006058,CRT0106,Mandya District and Sessions Court,2026-04-25,EMP006796,Filed
CHG001453,CR006062,CRT0108,Mandya Civil Judge and JMFC Court,2026-07-01,EMP006744,Accepted
CHG001454,CR006063,CRT0050,Chikkamagaluru Special Court,2026-04-06,EMP003312,Filed
CHG001455,CR006069,CRT0069,Dharwad Family Court,2026-06-28,EMP004288,Filed
CHG001456,CR006070,CRT0108,Mandya Civil Judge and JMFC Court,2026-05-06,EMP006669,Filed
CHG001457,CR006071,CRT0127,Tumakuru Senior Civil Court,2025-11-16,EMP008770,Accepted
CHG001458,CR006072,CRT0094,Kodagu Family Court,2025-11-25,EMP005773,Filed
CHG001459,CR006076,CRT0137,Uttara Kannada Senior Civil Court,2026-07-25,EMP009364,Filed
CHG001460,CR006078,CRT0117,Raichur Senior Civil Court,2026-03-19,EMP007919,Filed
CHG001461,CR006088,CRT0128,Tumakuru Civil Judge and JMFC Court,2025-01-22,EMP008529,Returned for Correction
CHG001462,CR006092,CRT0078,Hassan Civil Judge and JMFC Court,2025-09-18,EMP004625,Filed
CHG001463,CR006097,CRT0120,Raichur Special Court,2025-05-15,EMP007836,Filed
CHG001464,CR006113,CRT0107,Mandya Senior Civil Court,2025-12-11,EMP007013,Filed
CHG001465,CR006118,CRT0154,Yadgir Family Court,2025-11-06,EMP010055,Filed
CHG001466,CR006120,CRT0079,Hassan Family Court,2025-05-23,EMP005005,Filed
CHG001467,CR006134,CRT0138,Uttara Kannada Civil Judge and JMFC Court,2025-03-14,EMP009181,Filed
CHG001468,CR006135,CRT0045,Chikkaballapura Special Court,2025-11-13,EMP003278,Filed
CHG001469,CR006138,CRT0044,Chikkaballapura Family Court,2026-04-02,EMP003277,Filed
CHG001470,CR006139,CRT0152,Yadgir Senior Civil Court,2024-12-02,EMP010060,Filed
CHG001471,CR006145,CRT0128,Tumakuru Civil Judge and JMFC Court,2026-03-27,EMP008591,Accepted
CHG001472,CR006146,CRT0050,Chikkamagaluru Special Court,2026-03-19,EMP003297,Filed
CHG001473,CR006147,CRT0042,Chikkaballapura Senior Civil Court,2025-08-23,EMP003270,Filed
CHG001474,CR006155,CRT0055,Chitradurga Special Court,2025-09-24,EMP003367,Filed
CHG001475,CR006156,CRT0079,Hassan Family Court,2025-06-30,EMP004906,Filed
CHG001476,CR006160,CRT0054,Chitradurga Family Court,2026-07-01,EMP003346,Accepted
CHG001477,CR006162,CRT0023,Bengaluru South Civil Judge and JMFC Court,2026-03-31,EMP001695,Filed
CHG001478,CR006163,CRT0053,Chitradurga Civil Judge and JMFC Court,2026-03-19,EMP003347,Filed
CHG001479,CR006165,CRT0070,Dharwad Special Court,2026-01-22,EMP003869,Filed
CHG001480,CR006168,CRT0128,Tumakuru Civil Judge and JMFC Court,2025-01-03,EMP008861,Accepted
CHG001481,CR006171,CRT0096,Kolar District and Sessions Court,2026-06-07,EMP006100,Filed
CHG001482,CR006176,CRT0136,Uttara Kannada District and Sessions Court,2026-11-06,EMP009418,Filed
CHG001483,CR006189,CRT0130,Tumakuru Special Court,2026-01-17,EMP008404,Accepted
CHG001484,CR006194,CRT0036,Chamarajanagar District and Sessions Court,2026-04-21,EMP003256,Filed
CHG001485,CR006214,CRT0096,Kolar District and Sessions Court,2024-10-11,EMP006076,Filed
CHG001486,CR006215,CRT0078,Hassan Civil Judge and JMFC Court,2026-01-17,EMP004627,Filed
CHG001487,CR006222,CRT0020,Bengaluru Rural Special Court,2025-12-29,EMP001196,Filed
CHG001488,CR006223,CRT0086,Kalaburagi District and Sessions Court,2026-06-02,EMP005643,Accepted
CHG001489,CR006224,CRT0147,Vijayapura Senior Civil Court,2025-07-12,EMP009724,Accepted
CHG001490,CR006226,CRT0082,Haveri Senior Civil Court,2024-12-14,EMP005207,Filed
CHG001491,CR006229,CRT0129,Tumakuru Family Court,2026-03-19,EMP008493,Filed
CHG001492,CR006238,CRT0113,Mysuru Civil Judge and JMFC Court,2027-01-13,EMP007313,Filed
CHG001493,CR006242,CRT0129,Tumakuru Family Court,2025-04-05,EMP008451,Filed
CHG001494,CR006245,CRT0140,Uttara Kannada Special Court,2026-02-10,EMP009457,Accepted
CHG001495,CR006247,CRT0129,Tumakuru Family Court,2026-04-11,EMP008682,Accepted
CHG001496,CR006249,CRT0061,Davanagere District and Sessions Court,2025-03-16,EMP003929,Filed
CHG001497,CR006266,CRT0054,Chitradurga Family Court,2026-01-16,EMP003351,Accepted
CHG001498,CR006267,CRT0014,Belagavi Family Court,2025-03-03,EMP000607,Filed
CHG001499,CR006278,CRT0130,Tumakuru Special Court,2026-03-21,EMP008538,Filed
CHG001500,CR006280,CRT0016,Bengaluru Rural District and Sessions Court,2026-05-27,EMP001322,Filed
CHG001501,CR006287,CRT0017,Bengaluru Rural Senior Civil Court,2024-12-26,EMP001403,Filed
CHG001502,CR006300,CRT0045,Chikkaballapura Special Court,2025-04-14,EMP003277,Filed
CHG001503,CR006301,CRT0107,Mandya Senior Civil Court,2025-05-26,EMP006648,Filed
CHG001504,CR006303,CRT0095,Kodagu Special Court,2026-03-12,EMP006000,Accepted
CHG001505,CR006304,CRT0078,Hassan Civil Judge and JMFC Court,2025-07-06,EMP004776,Filed
CHG001506,CR006305,CRT0087,Kalaburagi Senior Civil Court,2025-01-03,EMP005392,Filed
CHG001507,CR006313,CRT0149,Vijayapura Family Court,2026-10-20,EMP009642,Accepted
CHG001508,CR006316,CRT0105,Koppal Special Court,2026-02-04,EMP006445,Filed
CHG001509,CR006320,CRT0096,Kolar District and Sessions Court,2026-03-26,EMP006293,Accepted
CHG001510,CR006323,CRT0081,Haveri District and Sessions Court,2026-07-05,EMP005068,Filed
CHG001511,CR006328,CRT0106,Mandya District and Sessions Court,2025-04-06,EMP006690,Filed
CHG001512,CR006332,CRT0136,Uttara Kannada District and Sessions Court,2025-11-19,EMP009427,Filed
CHG001513,CR006338,CRT0051,Chitradurga District and Sessions Court,2025-06-24,EMP000885,Filed
CHG001514,CR006339,CRT0098,Kolar Civil Judge and JMFC Court,2025-06-14,EMP006264,Accepted
CHG001515,CR006344,CRT0035,Bidar Special Court,2026-01-31,EMP002952,Filed
CHG001516,CR006347,CRT0013,Belagavi Civil Judge and JMFC Court,2025-11-18,EMP000615,Filed
CHG001517,CR006350,CRT0137,Uttara Kannada Senior Civil Court,2025-11-24,EMP009353,Accepted
CHG001518,CR006353,CRT0115,Mysuru Special Court,2026-08-01,EMP007280,Accepted
CHG001519,CR006355,CRT0053,Chitradurga Civil Judge and JMFC Court,2025-07-30,EMP003331,Filed
CHG001520,CR006357,CRT0134,Udupi Family Court,2026-01-15,EMP008954,Filed
CHG001521,CR006358,CRT0024,Bengaluru South Family Court,2025-07-06,EMP001566,Returned for Correction
CHG001522,CR006361,CRT0129,Tumakuru Family Court,2026-09-16,EMP008394,Filed
CHG001523,CR006362,CRT0097,Kolar Senior Civil Court,2026-06-22,EMP006100,Filed
CHG001524,CR006363,CRT0048,Chikkamagaluru Civil Judge and JMFC Court,2025-04-26,EMP003303,Filed
CHG001525,CR006367,CRT0122,Shivamogga Senior Civil Court,2026-02-03,EMP000885,Accepted
CHG001526,CR006376,CRT0087,Kalaburagi Senior Civil Court,2026-10-24,EMP005395,Filed
CHG001527,CR006377,CRT0049,Chikkamagaluru Family Court,2025-04-10,EMP003309,Filed
CHG001528,CR006387,CRT0061,Davanagere District and Sessions Court,2026-07-07,EMP003944,Filed
CHG001529,CR006389,CRT0120,Raichur Special Court,2026-04-09,EMP007911,Filed
CHG001530,CR006396,CRT0089,Kalaburagi Family Court,2026-07-15,EMP005406,Accepted
CHG001531,CR006407,CRT0015,Belagavi Special Court,2025-12-08,EMP000584,Filed
CHG001532,CR006413,CRT0136,Uttara Kannada District and Sessions Court,2026-12-29,EMP009504,Accepted
CHG001533,CR006417,CRT0127,Tumakuru Senior Civil Court,2024-10-29,EMP008703,Filed
CHG001534,CR006421,CRT0111,Mysuru District and Sessions Court,2025-03-07,EMP007455,Accepted
CHG001535,CR006422,CRT0091,Kodagu District and Sessions Court,2026-08-12,EMP005847,Filed
CHG001536,CR006434,CRT0093,Kodagu Civil Judge and JMFC Court,2024-09-28,EMP005851,Filed
CHG001537,CR006437,CRT0012,Belagavi Senior Civil Court,2026-04-24,EMP000681,Filed
CHG001538,CR006441,CRT0007,Ballari Senior Civil Court,2026-10-30,EMP000343,Filed
CHG001539,CR006447,CRT0049,Chikkamagaluru Family Court,2025-09-27,EMP003302,Filed
CHG001540,CR006449,CRT0041,Chikkaballapura District and Sessions Court,2026-08-12,EMP003266,Filed
CHG001541,CR006451,CRT0010,Ballari Special Court,2025-07-26,EMP000334,Filed
CHG001542,CR006453,CRT0080,Hassan Special Court,2026-03-01,EMP004666,Filed
CHG001543,CR006455,CRT0096,Kolar District and Sessions Court,2026-06-25,EMP006244,Filed
CHG001544,CR006459,CRT0019,Bengaluru Rural Family Court,2025-06-24,EMP001230,Accepted
CHG001545,CR006460,CRT0047,Chikkamagaluru Senior Civil Court,2024-12-23,EMP003307,Accepted
CHG001546,CR006470,CRT0019,Bengaluru Rural Family Court,2026-04-29,EMP001338,Filed
CHG001547,CR006474,CRT0088,Kalaburagi Civil Judge and JMFC Court,2025-01-07,EMP005352,Filed
CHG001548,CR006475,CRT0018,Bengaluru Rural Civil Judge and JMFC Court,2025-03-13,EMP001249,Filed
CHG001549,CR006479,CRT0041,Chikkaballapura District and Sessions Court,2025-10-12,EMP003288,Filed
CHG001550,CR006481,CRT0051,Chitradurga District and Sessions Court,2025-11-11,EMP003347,Filed
CHG001551,CR006483,CRT0046,Chikkamagaluru District and Sessions Court,2024-10-21,EMP003302,Accepted
CHG001552,CR006486,CRT0053,Chitradurga Civil Judge and JMFC Court,2024-12-14,EMP003343,Filed
CHG001553,CR006493,CRT0106,Mandya District and Sessions Court,2025-11-25,EMP006709,Filed
CHG001554,CR006504,CRT0151,Yadgir District and Sessions Court,2025-09-02,EMP009943,Filed
CHG001555,CR006515,CRT0153,Yadgir Civil Judge and JMFC Court,2025-10-28,EMP010058,Returned for Correction
CHG001556,CR006518,CRT0097,Kolar Senior Civil Court,2025-11-04,EMP006292,Filed
CHG001557,CR006521,CRT0078,Hassan Civil Judge and JMFC Court,2025-02-09,EMP004734,Filed
CHG001558,CR006525,CRT0081,Haveri District and Sessions Court,2026-08-30,EMP005044,Returned for Correction
CHG001559,CR006528,CRT0014,Belagavi Family Court,2025-08-25,EMP001010,Filed
CHG001560,CR006531,CRT0099,Kolar Family Court,2024-08-26,EMP006296,Filed
CHG001561,CR006532,CRT0126,Tumakuru District and Sessions Court,2025-10-23,EMP008661,Filed
CHG001562,CR006546,CRT0083,Haveri Civil Judge and JMFC Court,2024-12-25,EMP005133,Accepted
CHG001563,CR006557,CRT0089,Kalaburagi Family Court,2026-09-20,EMP005375,Filed
CHG001564,CR006567,CRT0097,Kolar Senior Civil Court,2024-11-07,EMP006025,Filed
CHG001565,CR006568,CRT0045,Chikkaballapura Special Court,2026-05-14,EMP003289,Accepted
CHG001566,CR006570,CRT0126,Tumakuru District and Sessions Court,2026-07-03,EMP008604,Filed
CHG001567,CR006571,CRT0107,Mandya Senior Civil Court,2025-12-28,EMP006697,Accepted
CHG001568,CR006576,CRT0108,Mandya Civil Judge and JMFC Court,2026-08-30,EMP006912,Filed
CHG001569,CR006578,CRT0139,Uttara Kannada Family Court,2026-08-18,EMP009421,Filed
CHG001570,CR006583,CRT0041,Chikkaballapura District and Sessions Court,2026-02-02,EMP003290,Returned for Correction
CHG001571,CR006586,CRT0043,Chikkaballapura Civil Judge and JMFC Court,2026-05-08,EMP003268,Filed
CHG001572,CR006587,CRT0146,Vijayapura District and Sessions Court,2025-02-22,EMP009759,Filed
CHG001573,CR006588,CRT0081,Haveri District and Sessions Court,2026-06-21,EMP005130,Accepted
CHG001574,CR006594,CRT0018,Bengaluru Rural Civil Judge and JMFC Court,2025-06-13,EMP001426,Filed
CHG001575,CR006598,CRT0149,Vijayapura Family Court,2026-02-06,EMP009576,Filed
CHG001576,CR006599,CRT0048,Chikkamagaluru Civil Judge and JMFC Court,2025-12-12,EMP003315,Accepted
CHG001577,CR006604,CRT0109,Mandya Family Court,2025-01-23,EMP006974,Filed
CHG001578,CR006607,CRT0136,Uttara Kannada District and Sessions Court,2025-05-20,EMP005825,Filed
CHG001579,CR006608,CRT0076,Hassan District and Sessions Court,2025-03-09,EMP004833,Filed
CHG001580,CR006616,CRT0037,Chamarajanagar Senior Civil Court,2025-01-16,EMP003259,Filed
CHG001581,CR006619,CRT0092,Kodagu Senior Civil Court,2026-02-17,EMP005883,Filed
CHG001582,CR006623,CRT0134,Udupi Family Court,2025-07-04,EMP009027,Filed
CHG001583,CR006634,CRT0122,Shivamogga Senior Civil Court,2025-11-14,EMP008047,Accepted
CHG001584,CR006638,CRT0138,Uttara Kannada Civil Judge and JMFC Court,2026-11-12,EMP009158,Returned for Correction
CHG001585,CR006639,CRT0054,Chitradurga Family Court,2025-04-22,EMP003338,Accepted
CHG001586,CR006663,CRT0096,Kolar District and Sessions Court,2026-10-03,EMP006127,Accepted
CHG001587,CR006667,CRT0118,Raichur Civil Judge and JMFC Court,2026-02-21,EMP007704,Filed
CHG001588,CR006675,CRT0026,Bengaluru Urban District and Sessions Court,2024-10-17,EMP001809,Filed
CHG001589,CR006681,CRT0129,Tumakuru Family Court,2025-05-23,EMP008619,Accepted
CHG001590,CR006684,CRT0109,Mandya Family Court,2025-02-09,EMP006991,Accepted
CHG001591,CR006692,CRT0122,Shivamogga Senior Civil Court,2025-01-14,EMP000889,Filed
CHG001592,CR006695,CRT0099,Kolar Family Court,2026-07-23,EMP006020,Accepted
CHG001593,CR006697,CRT0090,Kalaburagi Special Court,2026-10-15,EMP005423,Filed
CHG001594,CR006703,CRT0013,Belagavi Civil Judge and JMFC Court,2026-07-23,EMP000781,Filed
CHG001595,CR006704,CRT0118,Raichur Civil Judge and JMFC Court,2025-02-11,EMP007886,Filed
CHG001596,CR006716,CRT0076,Hassan District and Sessions Court,2026-01-14,EMP004696,Returned for Correction
CHG001597,CR006718,CRT0120,Raichur Special Court,2025-12-29,EMP007936,Filed
CHG001598,CR006723,CRT0059,Dakshina Kannada Family Court,2025-12-01,EMP003381,Filed
CHG001599,CR006731,CRT0049,Chikkamagaluru Family Court,2026-01-27,EMP003312,Filed
CHG001600,CR006737,CRT0032,Bidar Senior Civil Court,2026-11-23,EMP003023,Accepted
CHG001601,CR006738,CRT0154,Yadgir Family Court,2025-03-08,EMP009976,Filed
CHG001602,CR006742,CRT0128,Tumakuru Civil Judge and JMFC Court,2024-12-28,EMP008496,Filed
CHG001603,CR006746,CRT0020,Bengaluru Rural Special Court,2025-09-19,EMP001264,Filed
CHG001604,CR006751,CRT0097,Kolar Senior Civil Court,2025-03-22,EMP006308,Filed
CHG001605,CR006752,CRT0019,Bengaluru Rural Family Court,2026-07-15,EMP001335,Filed
CHG001606,CR006755,CRT0097,Kolar Senior Civil Court,2026-05-05,EMP006325,Accepted
CHG001607,CR006764,CRT0140,Uttara Kannada Special Court,2025-11-16,EMP009211,Accepted
CHG001608,CR006767,CRT0124,Shivamogga Family Court,2026-01-02,EMP008193,Accepted
CHG001609,CR006789,CRT0152,Yadgir Senior Civil Court,2026-04-20,EMP010011,Filed
CHG001610,CR006792,CRT0011,Belagavi District and Sessions Court,2024-11-15,EMP000717,Accepted
CHG001611,CR006793,CRT0078,Hassan Civil Judge and JMFC Court,2025-01-11,EMP004702,Accepted
CHG001612,CR006795,CRT0130,Tumakuru Special Court,2024-11-30,EMP008479,Filed
CHG001613,CR006800,CRT0063,Davanagere Civil Judge and JMFC Court,2026-04-23,EMP004040,Accepted
CHG001614,CR006807,CRT0042,Chikkaballapura Senior Civil Court,2025-08-03,EMP003271,Filed
CHG001615,CR006810,CRT0026,Bengaluru Urban District and Sessions Court,2025-05-24,EMP002451,Filed
CHG001616,CR006815,CRT0087,Kalaburagi Senior Civil Court,2025-06-03,EMP005399,Filed
CHG001617,CR006816,CRT0125,Shivamogga Special Court,2026-02-18,EMP008017,Accepted
CHG001618,CR006818,CRT0050,Chikkamagaluru Special Court,2025-10-14,EMP003309,Filed
CHG001619,CR006827,CRT0111,Mysuru District and Sessions Court,2026-05-08,EMP007246,Accepted
CHG001620,CR006831,CRT0020,Bengaluru Rural Special Court,2025-08-12,EMP001304,Accepted
CHG001621,CR006834,CRT0146,Vijayapura District and Sessions Court,2026-05-11,EMP009635,Filed
CHG001622,CR006837,CRT0138,Uttara Kannada Civil Judge and JMFC Court,2026-08-28,EMP009356,Accepted
CHG001623,CR006838,CRT0079,Hassan Family Court,2026-03-28,EMP004701,Filed
CHG001624,CR006844,CRT0111,Mysuru District and Sessions Court,2026-05-28,EMP007075,Returned for Correction
CHG001625,CR006851,CRT0076,Hassan District and Sessions Court,2025-01-30,EMP004796,Accepted
CHG001626,CR006852,CRT0110,Mandya Special Court,2025-10-15,EMP007033,Accepted
CHG001627,CR006859,CRT0138,Uttara Kannada Civil Judge and JMFC Court,2025-03-05,EMP009163,Filed
CHG001628,CR006865,CRT0054,Chitradurga Family Court,2026-09-30,EMP003317,Filed
CHG001629,CR006867,CRT0134,Udupi Family Court,2025-02-04,EMP008986,Filed
CHG001630,CR006874,CRT0080,Hassan Special Court,2026-01-26,EMP004712,Filed
CHG001631,CR006878,CRT0120,Raichur Special Court,2024-09-22,EMP007685,Filed
CHG001632,CR006879,CRT0016,Bengaluru Rural District and Sessions Court,2026-04-03,EMP001406,Filed
CHG001633,CR006881,CRT0099,Kolar Family Court,2026-11-19,EMP006185,Accepted
CHG001634,CR006883,CRT0084,Haveri Family Court,2026-08-13,EMP005187,Accepted
CHG001635,CR006886,CRT0134,Udupi Family Court,2025-04-05,EMP008910,Filed
CHG001636,CR006890,CRT0025,Bengaluru South Special Court,2025-04-27,EMP001518,Filed
CHG001637,CR006897,CRT0096,Kolar District and Sessions Court,2025-10-07,EMP006206,Filed
CHG001638,CR006901,CRT0132,Udupi Senior Civil Court,2026-09-06,EMP000888,Filed
CHG001639,CR006902,CRT0040,Chamarajanagar Special Court,2025-05-14,EMP003255,Accepted
CHG001640,CR006904,CRT0095,Kodagu Special Court,2025-04-02,EMP005964,Filed
CHG001641,CR006906,CRT0152,Yadgir Senior Civil Court,2026-06-14,EMP010016,Filed
CHG001642,CR006907,CRT0139,Uttara Kannada Family Court,2026-03-31,EMP009196,Filed
CHG001643,CR006911,CRT0021,Bengaluru South District and Sessions Court,2025-05-25,EMP001703,Returned for Correction
CHG001644,CR006914,CRT0129,Tumakuru Family Court,2025-06-13,EMP008566,Accepted
CHG001645,CR006916,CRT0052,Chitradurga Senior Civil Court,2025-06-27,EMP003327,Filed
CHG001646,CR006917,CRT0109,Mandya Family Court,2026-03-11,EMP006722,Filed
CHG001647,CR006933,CRT0104,Koppal Family Court,2026-07-24,EMP006466,Filed
CHG001648,CR006948,CRT0087,Kalaburagi Senior Civil Court,2025-07-30,EMP005487,Accepted
CHG001649,CR006949,CRT0067,Dharwad Senior Civil Court,2026-02-22,EMP004197,Accepted
CHG001650,CR006957,CRT0106,Mandya District and Sessions Court,2026-08-23,EMP006639,Filed
CHG001651,CR006958,CRT0097,Kolar Senior Civil Court,2025-11-13,EMP006107,Filed
CHG001652,CR006959,CRT0021,Bengaluru South District and Sessions Court,2024-12-28,EMP001528,Filed
CHG001653,CR006962,CRT0097,Kolar Senior Civil Court,2025-07-09,EMP006167,Filed
CHG001654,CR006964,CRT0115,Mysuru Special Court,2025-10-09,EMP007170,Filed
CHG001655,CR006967,CRT0012,Belagavi Senior Civil Court,2025-12-02,EMP001092,Returned for Correction
CHG001656,CR006971,CRT0126,Tumakuru District and Sessions Court,2024-12-12,EMP008522,Filed
CHG001657,CR006972,CRT0114,Mysuru Family Court,2026-01-31,EMP007103,Filed
CHG001658,CR006980,CRT0079,Hassan Family Court,2026-02-23,EMP004886,Filed
CHG001659,CR006986,CRT0121,Shivamogga District and Sessions Court,2025-10-16,EMP008052,Accepted
CHG001660,CR006987,CRT0021,Bengaluru South District and Sessions Court,2026-06-17,EMP001535,Filed
CHG001661,CR006993,CRT0129,Tumakuru Family Court,2024-12-21,EMP008724,Filed
CHG001662,CR007007,CRT0100,Kolar Special Court,2024-10-25,EMP006045,Filed
CHG001663,CR007013,CRT0118,Raichur Civil Judge and JMFC Court,2025-08-24,EMP007841,Filed
CHG001664,CR007014,CRT0045,Chikkaballapura Special Court,2025-03-09,EMP003278,Filed
CHG001665,CR007017,CRT0045,Chikkaballapura Special Court,2026-08-15,EMP003282,Accepted
CHG001666,CR007020,CRT0110,Mandya Special Court,2025-11-20,EMP006842,Accepted
CHG001667,CR007021,CRT0064,Davanagere Family Court,2026-01-11,EMP004062,Filed
CHG001668,CR007022,CRT0027,Bengaluru Urban Senior Civil Court,2025-01-25,EMP002234,Filed
CHG001669,CR007026,CRT0098,Kolar Civil Judge and JMFC Court,2026-05-04,EMP006104,Filed
CHG001670,CR007028,CRT0065,Davanagere Special Court,2026-04-02,EMP003847,Filed
CHG001671,CR007037,CRT0073,Gadag Civil Judge and JMFC Court,2024-12-31,EMP004554,Accepted
CHG001672,CR007039,CRT0125,Shivamogga Special Court,2026-10-17,EMP006118,Filed
CHG001673,CR007042,CRT0019,Bengaluru Rural Family Court,2026-03-21,EMP001316,Returned for Correction
CHG001674,CR007046,CRT0128,Tumakuru Civil Judge and JMFC Court,2026-01-19,EMP008439,Filed
CHG001675,CR007048,CRT0057,Dakshina Kannada Senior Civil Court,2025-09-10,EMP003701,Filed
CHG001676,CR007051,CRT0077,Hassan Senior Civil Court,2024-12-27,EMP004965,Filed
CHG001677,CR007053,CRT0117,Raichur Senior Civil Court,2026-04-13,EMP007797,Filed
CHG001678,CR007058,CRT0148,Vijayapura Civil Judge and JMFC Court,2025-11-22,EMP009653,Filed
CHG001679,CR007060,CRT0153,Yadgir Civil Judge and JMFC Court,2026-06-25,EMP009894,Filed
CHG001680,CR007066,CRT0078,Hassan Civil Judge and JMFC Court,2025-07-27,EMP004799,Filed
CHG001681,CR007068,CRT0052,Chitradurga Senior Civil Court,2025-08-24,EMP000889,Accepted
CHG001682,CR007069,CRT0086,Kalaburagi District and Sessions Court,2026-08-15,EMP005439,Filed
CHG001683,CR007077,CRT0100,Kolar Special Court,2025-09-22,EMP006107,Filed
CHG001684,CR007082,CRT0127,Tumakuru Senior Civil Court,2025-06-18,EMP008549,Filed
CHG001685,CR007087,CRT0115,Mysuru Special Court,2026-05-30,EMP007497,Filed
CHG001686,CR007091,CRT0042,Chikkaballapura Senior Civil Court,2025-06-22,EMP003266,Filed
CHG001687,CR007101,CRT0106,Mandya District and Sessions Court,2024-12-05,EMP006979,Filed
CHG001688,CR007104,CRT0107,Mandya Senior Civil Court,2025-01-19,EMP006918,Filed
CHG001689,CR007108,CRT0008,Ballari Civil Judge and JMFC Court,2024-11-10,EMP000398,Accepted
CHG001690,CR007110,CRT0032,Bidar Senior Civil Court,2025-07-13,EMP002993,Accepted
CHG001691,CR007120,CRT0080,Hassan Special Court,2025-06-26,EMP004940,Filed
CHG001692,CR007121,CRT0051,Chitradurga District and Sessions Court,2025-08-18,EMP003351,Accepted
CHG001693,CR007130,CRT0119,Raichur Family Court,2026-06-18,EMP007918,Filed
CHG001694,CR007131,CRT0085,Haveri Special Court,2025-12-06,EMP005323,Filed
CHG001695,CR007134,CRT0137,Uttara Kannada Senior Civil Court,2026-02-23,EMP009404,Filed
CHG001696,CR007148,CRT0107,Mandya Senior Civil Court,2025-03-26,EMP007020,Filed
CHG001697,CR007151,CRT0083,Haveri Civil Judge and JMFC Court,2025-02-25,EMP005238,Filed
CHG001698,CR007165,CRT0097,Kolar Senior Civil Court,2026-01-25,EMP006023,Filed
CHG001699,CR007166,CRT0003,Bagalkote Civil Judge and JMFC Court,2026-10-08,EMP000095,Filed
CHG001700,CR007167,CRT0128,Tumakuru Civil Judge and JMFC Court,2025-04-29,EMP008805,Filed
CHG001701,CR007169,CRT0078,Hassan Civil Judge and JMFC Court,2025-04-09,EMP004732,Filed
CHG001702,CR007172,CRT0123,Shivamogga Civil Judge and JMFC Court,2026-04-06,EMP006116,Filed
CHG001703,CR007181,CRT0055,Chitradurga Special Court,2024-12-06,EMP000887,Accepted
CHG001704,CR007184,CRT0079,Hassan Family Court,2025-03-16,EMP004910,Filed
CHG001705,CR007194,CRT0110,Mandya Special Court,2025-01-09,EMP006696,Returned for Correction
CHG001706,CR007198,CRT0022,Bengaluru South Senior Civil Court,2025-08-18,EMP001571,Filed
CHG001707,CR007199,CRT0002,Bagalkote Senior Civil Court,2026-10-26,EMP000091,Filed
CHG001708,CR007205,CRT0079,Hassan Family Court,2026-05-23,EMP004689,Filed
CHG001709,CR007214,CRT0128,Tumakuru Civil Judge and JMFC Court,2025-07-01,EMP008581,Accepted
CHG001710,CR007216,CRT0008,Ballari Civil Judge and JMFC Court,2025-08-15,EMP000345,Accepted
CHG001711,CR007223,CRT0087,Kalaburagi Senior Civil Court,2024-12-17,EMP005538,Filed
CHG001712,CR007225,CRT0152,Yadgir Senior Civil Court,2026-07-20,EMP010063,Accepted
CHG001713,CR007231,CRT0129,Tumakuru Family Court,2024-12-06,EMP008566,Filed
CHG001714,CR007232,CRT0111,Mysuru District and Sessions Court,2026-04-24,EMP007386,Filed
CHG001715,CR007234,CRT0043,Chikkaballapura Civil Judge and JMFC Court,2026-12-18,EMP003272,Filed
CHG001716,CR007235,CRT0050,Chikkamagaluru Special Court,2024-12-06,EMP003295,Filed
CHG001717,CR007236,CRT0099,Kolar Family Court,2024-11-23,EMP006308,Filed
CHG001718,CR007264,CRT0126,Tumakuru District and Sessions Court,2026-07-17,EMP008401,Filed
CHG001719,CR007269,CRT0013,Belagavi Civil Judge and JMFC Court,2025-08-15,EMP000677,Filed
CHG001720,CR007271,CRT0110,Mandya Special Court,2026-02-24,EMP006801,Filed
CHG001721,CR007287,CRT0138,Uttara Kannada Civil Judge and JMFC Court,2025-11-01,EMP009448,Returned for Correction
CHG001722,CR007305,CRT0048,Chikkamagaluru Civil Judge and JMFC Court,2025-06-25,EMP003302,Filed
CHG001723,CR007306,CRT0107,Mandya Senior Civil Court,2025-01-30,EMP006994,Filed
CHG001724,CR007317,CRT0050,Chikkamagaluru Special Court,2026-10-27,EMP003315,Accepted
CHG001725,CR007321,CRT0076,Hassan District and Sessions Court,2026-08-22,EMP004651,Filed
CHG001726,CR007324,CRT0035,Bidar Special Court,2025-08-17,EMP001071,Filed
CHG001727,CR007336,CRT0028,Bengaluru Urban Civil Judge and JMFC Court,2026-09-19,EMP002570,Filed
CHG001728,CR007343,CRT0080,Hassan Special Court,2026-07-08,EMP004936,Returned for Correction
CHG001729,CR007368,CRT0120,Raichur Special Court,2025-07-17,EMP007841,Accepted
CHG001730,CR007370,CRT0054,Chitradurga Family Court,2025-11-11,EMP003341,Filed
CHG001731,CR007377,CRT0076,Hassan District and Sessions Court,2026-10-24,EMP004897,Filed
CHG001732,CR007379,CRT0017,Bengaluru Rural Senior Civil Court,2025-03-16,EMP001423,Accepted
CHG001733,CR007382,CRT0084,Haveri Family Court,2025-12-22,EMP005246,Filed
CHG001734,CR007384,CRT0139,Uttara Kannada Family Court,2026-02-19,EMP009396,Filed
CHG001735,CR007387,CRT0030,Bengaluru Urban Special Court,2025-06-26,EMP002168,Accepted
CHG001736,CR007389,CRT0036,Chamarajanagar District and Sessions Court,2025-04-11,EMP003262,Filed
CHG001737,CR007394,CRT0054,Chitradurga Family Court,2026-07-13,EMP003358,Accepted
CHG001738,CR007395,CRT0039,Chamarajanagar Family Court,2026-06-16,EMP003259,Filed
CHG001739,CR007396,CRT0062,Davanagere Senior Civil Court,2026-02-20,EMP003960,Filed
CHG001740,CR007400,CRT0123,Shivamogga Civil Judge and JMFC Court,2026-09-28,EMP008032,Filed
CHG001741,CR007406,CRT0096,Kolar District and Sessions Court,2025-12-30,EMP006029,Accepted
CHG001742,CR007407,CRT0099,Kolar Family Court,2025-05-11,EMP006363,Filed
CHG001743,CR007409,CRT0106,Mandya District and Sessions Court,2025-07-23,EMP007035,Filed
CHG001744,CR007413,CRT0097,Kolar Senior Civil Court,2025-08-26,EMP006128,Filed
CHG001745,CR007417,CRT0140,Uttara Kannada Special Court,2025-01-19,EMP005815,Filed
CHG001746,CR007428,CRT0071,Gadag District and Sessions Court,2024-12-09,EMP004549,Filed
CHG001747,CR007430,CRT0096,Kolar District and Sessions Court,2025-04-05,EMP006295,Filed
CHG001748,CR007431,CRT0052,Chitradurga Senior Civil Court,2025-05-01,EMP003345,Filed
CHG001749,CR007437,CRT0097,Kolar Senior Civil Court,2024-09-03,EMP006020,Filed
CHG001750,CR007439,CRT0004,Bagalkote Family Court,2025-02-20,EMP000184,Filed
CHG001751,CR007440,CRT0077,Hassan Senior Civil Court,2024-11-13,EMP004677,Filed
CHG001752,CR007458,CRT0122,Shivamogga Senior Civil Court,2025-10-14,EMP008153,Accepted
CHG001753,CR007461,CRT0048,Chikkamagaluru Civil Judge and JMFC Court,2024-09-22,EMP003306,Filed
CHG001754,CR007462,CRT0062,Davanagere Senior Civil Court,2025-10-06,EMP004123,Filed
CHG001755,CR007463,CRT0121,Shivamogga District and Sessions Court,2026-01-11,EMP008169,Filed
CHG001756,CR007467,CRT0045,Chikkaballapura Special Court,2025-04-11,EMP003288,Accepted
CHG001757,CR007469,CRT0042,Chikkaballapura Senior Civil Court,2025-06-16,EMP003264,Filed
CHG001758,CR007473,CRT0040,Chamarajanagar Special Court,2026-02-27,EMP003258,Filed
CHG001759,CR007482,CRT0127,Tumakuru Senior Civil Court,2026-02-11,EMP008430,Accepted
CHG001760,CR007483,CRT0138,Uttara Kannada Civil Judge and JMFC Court,2025-09-03,EMP009181,Filed
CHG001761,CR007485,CRT0080,Hassan Special Court,2026-05-10,EMP004670,Filed
CHG001762,CR007486,CRT0154,Yadgir Family Court,2026-04-24,EMP009976,Filed
CHG001763,CR007492,CRT0044,Chikkaballapura Family Court,2025-12-12,EMP003293,Filed
CHG001764,CR007496,CRT0094,Kodagu Family Court,2025-03-26,EMP005874,Filed
CHG001765,CR007497,CRT0108,Mandya Civil Judge and JMFC Court,2024-08-28,EMP006794,Returned for Correction
CHG001766,CR007498,CRT0108,Mandya Civil Judge and JMFC Court,2026-06-25,EMP007045,Filed
CHG001767,CR007499,CRT0044,Chikkaballapura Family Court,2026-04-08,EMP003284,Filed
CHG001768,CR007503,CRT0121,Shivamogga District and Sessions Court,2025-11-17,EMP008090,Filed
CHG001769,CR007512,CRT0110,Mandya Special Court,2025-11-16,EMP006856,Accepted
CHG001770,CR007521,CRT0146,Vijayapura District and Sessions Court,2025-10-08,EMP009859,Filed
CHG001771,CR007524,CRT0114,Mysuru Family Court,2025-02-28,EMP007323,Filed
CHG001772,CR007531,CRT0154,Yadgir Family Court,2026-09-21,EMP010019,Filed
CHG001773,CR007540,CRT0122,Shivamogga Senior Civil Court,2025-09-10,EMP006112,Filed
CHG001774,CR007542,CRT0057,Dakshina Kannada Senior Civil Court,2026-05-14,EMP003418,Filed
CHG001775,CR007544,CRT0064,Davanagere Family Court,2025-11-30,EMP004061,Filed
CHG001776,CR007548,CRT0025,Bengaluru South Special Court,2025-08-09,EMP001567,Filed
CHG001777,CR007550,CRT0047,Chikkamagaluru Senior Civil Court,2026-08-19,EMP003311,Filed
CHG001778,CR007553,CRT0138,Uttara Kannada Civil Judge and JMFC Court,2024-12-12,EMP009443,Filed
CHG001779,CR007555,CRT0150,Vijayapura Special Court,2026-04-04,EMP009581,Filed
CHG001780,CR007562,CRT0121,Shivamogga District and Sessions Court,2025-01-31,EMP008217,Filed
CHG001781,CR007565,CRT0136,Uttara Kannada District and Sessions Court,2026-11-06,EMP009497,Accepted
CHG001782,CR007567,CRT0083,Haveri Civil Judge and JMFC Court,2025-05-19,EMP005192,Filed
CHG001783,CR007574,CRT0027,Bengaluru Urban Senior Civil Court,2026-09-10,EMP002345,Returned for Correction
CHG001784,CR007576,CRT0029,Bengaluru Urban Family Court,2026-09-06,EMP001919,Filed
CHG001785,CR007580,CRT0110,Mandya Special Court,2026-04-20,EMP006710,Filed
CHG001786,CR007584,CRT0097,Kolar Senior Civil Court,2026-05-14,EMP006240,Accepted
CHG001787,CR007587,CRT0121,Shivamogga District and Sessions Court,2025-10-08,EMP008379,Filed
CHG001788,CR007589,CRT0015,Belagavi Special Court,2026-12-16,EMP001075,Accepted
CHG001789,CR007590,CRT0079,Hassan Family Court,2025-09-05,EMP004747,Filed
CHG001790,CR007595,CRT0126,Tumakuru District and Sessions Court,2025-04-25,EMP008624,Accepted
CHG001791,CR007599,CRT0056,Dakshina Kannada District and Sessions Court,2026-07-24,EMP003470,Filed
CHG001792,CR007601,CRT0078,Hassan Civil Judge and JMFC Court,2026-02-05,EMP004832,Filed
CHG001793,CR007602,CRT0063,Davanagere Civil Judge and JMFC Court,2025-04-29,EMP003853,Filed
CHG001794,CR007605,CRT0148,Vijayapura Civil Judge and JMFC Court,2025-09-15,EMP009645,Filed
CHG001795,CR007607,CRT0030,Bengaluru Urban Special Court,2026-11-18,EMP002426,Filed
CHG001796,CR007608,CRT0111,Mysuru District and Sessions Court,2025-09-16,EMP007293,Accepted
CHG001797,CR007610,CRT0090,Kalaburagi Special Court,2026-04-03,EMP005569,Filed
CHG001798,CR007612,CRT0109,Mandya Family Court,2025-06-17,EMP006855,Accepted
CHG001799,CR007616,CRT0016,Bengaluru Rural District and Sessions Court,2025-05-11,EMP001334,Filed
CHG001800,CR007619,CRT0123,Shivamogga Civil Judge and JMFC Court,2025-10-27,EMP008147,Filed
CHG001801,CR007628,CRT0070,Dharwad Special Court,2025-03-07,EMP004396,Filed
CHG001802,CR007633,CRT0100,Kolar Special Court,2025-08-18,EMP006070,Returned for Correction
CHG001803,CR007637,CRT0149,Vijayapura Family Court,2024-12-30,EMP009793,Filed
CHG001804,CR007638,CRT0146,Vijayapura District and Sessions Court,2024-10-02,EMP009647,Accepted
CHG001805,CR007639,CRT0098,Kolar Civil Judge and JMFC Court,2026-04-20,EMP006240,Filed
CHG001806,CR007641,CRT0128,Tumakuru Civil Judge and JMFC Court,2026-02-05,EMP008561,Filed
CHG001807,CR007644,CRT0138,Uttara Kannada Civil Judge and JMFC Court,2024-08-29,EMP009263,Accepted
CHG001808,CR007645,CRT0087,Kalaburagi Senior Civil Court,2024-11-10,EMP005473,Accepted
CHG001809,CR007647,CRT0028,Bengaluru Urban Civil Judge and JMFC Court,2024-10-19,EMP002126,Filed
CHG001810,CR007652,CRT0047,Chikkamagaluru Senior Civil Court,2025-11-02,EMP003315,Accepted
CHG001811,CR007656,CRT0001,Bagalkote District and Sessions Court,2026-04-07,EMP000153,Filed
CHG001812,CR007659,CRT0048,Chikkamagaluru Civil Judge and JMFC Court,2025-08-22,EMP003310,Returned for Correction
CHG001813,CR007660,CRT0149,Vijayapura Family Court,2025-09-05,EMP009601,Filed
CHG001814,CR007663,CRT0124,Shivamogga Family Court,2025-10-09,EMP008024,Returned for Correction
CHG001815,CR007664,CRT0110,Mandya Special Court,2024-12-02,EMP006916,Accepted
CHG001816,CR007666,CRT0080,Hassan Special Court,2025-03-24,EMP004995,Filed
CHG001817,CR007678,CRT0076,Hassan District and Sessions Court,2025-07-10,EMP004674,Accepted
CHG001818,CR007682,CRT0049,Chikkamagaluru Family Court,2025-02-06,EMP003297,Returned for Correction
CHG001819,CR007688,CRT0120,Raichur Special Court,2025-04-28,EMP007707,Filed
CHG001820,CR007690,CRT0113,Mysuru Civil Judge and JMFC Court,2025-01-22,EMP007277,Filed
CHG001821,CR007695,CRT0096,Kolar District and Sessions Court,2025-06-19,EMP006221,Filed
CHG001822,CR007697,CRT0021,Bengaluru South District and Sessions Court,2026-09-30,EMP001713,Filed
CHG001823,CR007701,CRT0137,Uttara Kannada Senior Civil Court,2024-12-27,EMP009466,Filed
CHG001824,CR007702,CRT0101,Koppal District and Sessions Court,2026-12-29,EMP006385,Filed
CHG001825,CR007706,CRT0109,Mandya Family Court,2025-10-05,EMP006997,Filed
CHG001826,CR007708,CRT0076,Hassan District and Sessions Court,2025-08-27,EMP005016,Filed
CHG001827,CR007712,CRT0139,Uttara Kannada Family Court,2025-11-03,EMP009278,Filed
CHG001828,CR007719,CRT0136,Uttara Kannada District and Sessions Court,2026-08-27,EMP009329,Returned for Correction
CHG001829,CR007723,CRT0108,Mandya Civil Judge and JMFC Court,2026-09-09,EMP006861,Filed
CHG001830,CR007724,CRT0081,Haveri District and Sessions Court,2025-02-26,EMP005135,Filed
CHG001831,CR007725,CRT0136,Uttara Kannada District and Sessions Court,2025-07-01,EMP009237,Accepted
CHG001832,CR007730,CRT0133,Udupi Civil Judge and JMFC Court,2026-04-18,EMP008950,Filed
CHG001833,CR007732,CRT0030,Bengaluru Urban Special Court,2026-08-14,EMP001917,Filed
CHG001834,CR007734,CRT0109,Mandya Family Court,2026-09-30,EMP006639,Filed
CHG001835,CR007735,CRT0100,Kolar Special Court,2024-12-03,EMP006066,Filed
CHG001836,CR007737,CRT0080,Hassan Special Court,2025-07-03,EMP004949,Filed
CHG001837,CR007738,CRT0082,Haveri Senior Civil Court,2025-10-06,EMP005190,Filed
CHG001838,CR007743,CRT0019,Bengaluru Rural Family Court,2026-07-05,EMP001225,Filed
CHG001839,CR007744,CRT0047,Chikkamagaluru Senior Civil Court,2025-08-20,EMP003314,Accepted
CHG001840,CR007747,CRT0127,Tumakuru Senior Civil Court,2025-02-07,EMP008581,Accepted
CHG001841,CR007749,CRT0067,Dharwad Senior Civil Court,2025-02-06,EMP003871,Filed
CHG001842,CR007751,CRT0100,Kolar Special Court,2026-04-02,EMP006196,Filed
CHG001843,CR007752,CRT0082,Haveri Senior Civil Court,2025-07-09,EMP005082,Filed
CHG001844,CR007758,CRT0063,Davanagere Civil Judge and JMFC Court,2025-01-13,EMP003960,Filed
CHG001845,CR007761,CRT0042,Chikkaballapura Senior Civil Court,2025-09-10,EMP003291,Filed
CHG001846,CR007763,CRT0106,Mandya District and Sessions Court,2025-11-08,EMP006712,Filed
CHG001847,CR007764,CRT0080,Hassan Special Court,2025-09-02,EMP004869,Filed
CHG001848,CR007765,CRT0044,Chikkaballapura Family Court,2026-08-23,EMP003271,Accepted
CHG001849,CR007767,CRT0019,Bengaluru Rural Family Court,2024-12-21,EMP001381,Filed
CHG001850,CR007770,CRT0017,Bengaluru Rural Senior Civil Court,2026-06-20,EMP001311,Filed
CHG001851,CR007777,CRT0126,Tumakuru District and Sessions Court,2026-10-23,EMP008600,Filed
CHG001852,CR007778,CRT0066,Dharwad District and Sessions Court,2025-09-09,EMP004207,Filed
CHG001853,CR007780,CRT0048,Chikkamagaluru Civil Judge and JMFC Court,2026-01-15,EMP003307,Filed
CHG001854,CR007786,CRT0097,Kolar Senior Civil Court,2026-09-20,EMP006074,Filed
CHG001855,CR007795,CRT0069,Dharwad Family Court,2025-02-07,EMP004398,Filed
CHG001856,CR007801,CRT0065,Davanagere Special Court,2026-09-15,EMP000887,Returned for Correction
CHG001857,CR007816,CRT0056,Dakshina Kannada District and Sessions Court,2025-11-01,EMP003529,Filed
CHG001858,CR007818,CRT0086,Kalaburagi District and Sessions Court,2025-10-14,EMP005491,Filed
CHG001859,CR007821,CRT0096,Kolar District and Sessions Court,2025-04-01,EMP006295,Accepted
CHG001860,CR007823,CRT0077,Hassan Senior Civil Court,2025-03-13,EMP004773,Filed
CHG001861,CR007824,CRT0076,Hassan District and Sessions Court,2025-11-29,EMP004862,Filed
CHG001862,CR007825,CRT0039,Chamarajanagar Family Court,2026-12-09,EMP003256,Filed
CHG001863,CR007833,CRT0020,Bengaluru Rural Special Court,2025-02-01,EMP001335,Accepted
CHG001864,CR007834,CRT0080,Hassan Special Court,2026-04-05,EMP004702,Filed
CHG001865,CR007835,CRT0073,Gadag Civil Judge and JMFC Court,2026-11-24,EMP004521,Filed
CHG001866,CR007837,CRT0019,Bengaluru Rural Family Court,2026-09-21,EMP001412,Filed
CHG001867,CR007842,CRT0056,Dakshina Kannada District and Sessions Court,2024-08-18,EMP003454,Filed
CHG001868,CR007844,CRT0108,Mandya Civil Judge and JMFC Court,2027-01-05,EMP007060,Filed
CHG001869,CR007845,CRT0090,Kalaburagi Special Court,2025-01-18,EMP005359,Filed
CHG001870,CR007851,CRT0063,Davanagere Civil Judge and JMFC Court,2025-05-23,EMP004084,Filed
CHG001871,CR007855,CRT0099,Kolar Family Court,2025-03-12,EMP006134,Returned for Correction
CHG001872,CR007858,CRT0057,Dakshina Kannada Senior Civil Court,2025-11-15,EMP003377,Filed
CHG001873,CR007859,CRT0152,Yadgir Senior Civil Court,2026-04-01,EMP010052,Filed
CHG001874,CR007860,CRT0035,Bidar Special Court,2025-03-28,EMP003035,Filed
CHG001875,CR007863,CRT0076,Hassan District and Sessions Court,2025-12-22,EMP004670,Filed
CHG001876,CR007865,CRT0109,Mandya Family Court,2025-12-28,EMP006665,Accepted
CHG001877,CR007872,CRT0112,Mysuru Senior Civil Court,2025-08-10,EMP007172,Filed
CHG001878,CR007884,CRT0041,Chikkaballapura District and Sessions Court,2026-07-07,EMP003266,Filed
CHG001879,CR007889,CRT0063,Davanagere Civil Judge and JMFC Court,2026-03-09,EMP004084,Accepted
CHG001880,CR007898,CRT0041,Chikkaballapura District and Sessions Court,2025-02-23,EMP003287,Returned for Correction
CHG001881,CR007902,CRT0125,Shivamogga Special Court,2025-03-23,EMP008138,Returned for Correction
CHG001882,CR007904,CRT0023,Bengaluru South Civil Judge and JMFC Court,2026-05-28,EMP001752,Filed
CHG001883,CR007909,CRT0029,Bengaluru Urban Family Court,2025-12-18,EMP001916,Accepted
CHG001884,CR007913,CRT0028,Bengaluru Urban Civil Judge and JMFC Court,2026-10-10,EMP002047,Filed
CHG001885,CR007914,CRT0127,Tumakuru Senior Civil Court,2026-06-23,EMP008707,Filed
CHG001886,CR007916,CRT0078,Hassan Civil Judge and JMFC Court,2026-10-07,EMP004784,Filed
CHG001887,CR007921,CRT0127,Tumakuru Senior Civil Court,2026-05-13,EMP008593,Accepted
CHG001888,CR007927,CRT0113,Mysuru Civil Judge and JMFC Court,2026-01-05,EMP007291,Filed
CHG001889,CR007929,CRT0101,Koppal District and Sessions Court,2026-08-17,EMP006429,Accepted
CHG001890,CR007933,CRT0100,Kolar Special Court,2025-05-16,EMP006230,Filed
CHG001891,CR007934,CRT0118,Raichur Civil Judge and JMFC Court,2026-05-08,EMP007736,Filed
CHG001892,CR007939,CRT0109,Mandya Family Court,2025-05-15,EMP006825,Filed
CHG001893,CR007943,CRT0030,Bengaluru Urban Special Court,2026-07-04,EMP001919,Filed
CHG001894,CR007950,CRT0112,Mysuru Senior Civil Court,2026-06-10,EMP007203,Filed
CHG001895,CR007952,CRT0044,Chikkaballapura Family Court,2024-08-10,EMP003266,Accepted
CHG001896,CR007953,CRT0136,Uttara Kannada District and Sessions Court,2025-01-21,EMP009405,Filed
CHG001897,CR007962,CRT0077,Hassan Senior Civil Court,2026-03-15,EMP004779,Filed
CHG001898,CR007963,CRT0077,Hassan Senior Civil Court,2024-12-16,EMP004911,Filed
CHG001899,CR007965,CRT0121,Shivamogga District and Sessions Court,2025-11-26,EMP008230,Accepted
CHG001900,CR007975,CRT0068,Dharwad Civil Judge and JMFC Court,2025-11-06,EMP004365,Filed
CHG001901,CR007988,CRT0152,Yadgir Senior Civil Court,2026-03-12,EMP009967,Filed
CHG001902,CR007991,CRT0055,Chitradurga Special Court,2025-11-23,EMP000884,Returned for Correction
CHG001903,CR007997,CRT0129,Tumakuru Family Court,2026-01-28,EMP008789,Accepted
CHG001904,CR008000,CRT0029,Bengaluru Urban Family Court,2025-09-18,EMP001791,Filed
CHG001905,CR008001,CRT0053,Chitradurga Civil Judge and JMFC Court,2025-01-11,EMP003320,Filed
CHG001906,CR008011,CRT0118,Raichur Civil Judge and JMFC Court,2026-10-26,EMP000891,Filed
CHG001907,CR008015,CRT0100,Kolar Special Court,2026-07-15,EMP006071,Filed
CHG001908,CR008016,CRT0045,Chikkaballapura Special Court,2025-09-25,EMP003275,Filed
CHG001909,CR008020,CRT0074,Gadag Family Court,2026-03-28,EMP004472,Filed
CHG001910,CR008023,CRT0107,Mandya Senior Civil Court,2025-01-13,EMP006934,Filed
CHG001911,CR008024,CRT0088,Kalaburagi Civil Judge and JMFC Court,2026-09-24,EMP005390,Filed
CHG001912,CR008034,CRT0033,Bidar Civil Judge and JMFC Court,2025-11-17,EMP002890,Filed
CHG001913,CR008035,CRT0087,Kalaburagi Senior Civil Court,2025-05-03,EMP005608,Filed
CHG001914,CR008040,CRT0129,Tumakuru Family Court,2024-12-20,EMP008551,Filed
CHG001915,CR008049,CRT0096,Kolar District and Sessions Court,2026-03-29,EMP006227,Filed
CHG001916,CR008056,CRT0083,Haveri Civil Judge and JMFC Court,2026-02-23,EMP005105,Returned for Correction
CHG001917,CR008061,CRT0110,Mandya Special Court,2026-06-26,EMP006661,Accepted
CHG001918,CR008064,CRT0112,Mysuru Senior Civil Court,2024-12-12,EMP007150,Filed
CHG001919,CR008068,CRT0098,Kolar Civil Judge and JMFC Court,2025-02-03,EMP006110,Filed
CHG001920,CR008072,CRT0044,Chikkaballapura Family Court,2025-06-19,EMP003276,Filed
CHG001921,CR008076,CRT0096,Kolar District and Sessions Court,2026-01-24,EMP006321,Filed
CHG001922,CR008077,CRT0068,Dharwad Civil Judge and JMFC Court,2025-12-26,EMP004346,Filed
CHG001923,CR008080,CRT0113,Mysuru Civil Judge and JMFC Court,2025-05-13,EMP007283,Accepted
CHG001924,CR008093,CRT0105,Koppal Special Court,2026-07-07,EMP006479,Filed
CHG001925,CR008097,CRT0129,Tumakuru Family Court,2025-10-19,EMP008670,Filed
CHG001926,CR008099,CRT0040,Chamarajanagar Special Court,2025-03-25,EMP003255,Filed
CHG001927,CR008104,CRT0071,Gadag District and Sessions Court,2025-03-10,EMP004468,Filed
CHG001928,CR008105,CRT0126,Tumakuru District and Sessions Court,2025-05-20,EMP008492,Returned for Correction
CHG001929,CR008111,CRT0041,Chikkaballapura District and Sessions Court,2026-07-31,EMP003265,Filed
CHG001930,CR008112,CRT0108,Mandya Civil Judge and JMFC Court,2026-09-14,EMP006902,Returned for Correction
CHG001931,CR008115,CRT0043,Chikkaballapura Civil Judge and JMFC Court,2025-11-07,EMP003284,Filed
CHG001932,CR008119,CRT0031,Bidar District and Sessions Court,2025-07-29,EMP003109,Filed
CHG001933,CR008120,CRT0024,Bengaluru South Family Court,2025-02-28,EMP001660,Accepted
CHG001934,CR008121,CRT0033,Bidar Civil Judge and JMFC Court,2025-02-07,EMP003026,Filed
CHG001935,CR008123,CRT0077,Hassan Senior Civil Court,2026-10-01,EMP004667,Filed
CHG001936,CR008125,CRT0047,Chikkamagaluru Senior Civil Court,2024-10-26,EMP003303,Filed
CHG001937,CR008127,CRT0097,Kolar Senior Civil Court,2025-11-03,EMP006028,Filed
CHG001938,CR008131,CRT0076,Hassan District and Sessions Court,2025-05-05,EMP004708,Accepted
CHG001939,CR008133,CRT0126,Tumakuru District and Sessions Court,2026-04-15,EMP008547,Filed
CHG001940,CR008136,CRT0122,Shivamogga Senior Civil Court,2025-04-01,EMP008125,Filed
CHG001941,CR008138,CRT0100,Kolar Special Court,2025-04-20,EMP006335,Filed
CHG001942,CR008146,CRT0116,Raichur District and Sessions Court,2026-04-27,EMP007694,Accepted
CHG001943,CR008147,CRT0017,Bengaluru Rural Senior Civil Court,2025-06-09,EMP001324,Filed
CHG001944,CR008150,CRT0123,Shivamogga Civil Judge and JMFC Court,2026-03-10,EMP008055,Filed
CHG001945,CR008158,CRT0151,Yadgir District and Sessions Court,2026-08-28,EMP009996,Filed
CHG001946,CR008160,CRT0076,Hassan District and Sessions Court,2026-03-13,EMP004700,Filed
CHG001947,CR008172,CRT0130,Tumakuru Special Court,2026-05-02,EMP008682,Accepted
CHG001948,CR008175,CRT0128,Tumakuru Civil Judge and JMFC Court,2026-01-03,EMP008776,Accepted
CHG001949,CR008176,CRT0119,Raichur Family Court,2025-12-01,EMP000884,Filed
CHG001950,CR008178,CRT0048,Chikkamagaluru Civil Judge and JMFC Court,2025-07-09,EMP003301,Filed
CHG001951,CR008180,CRT0009,Ballari Family Court,2025-08-18,EMP000334,Accepted
CHG001952,CR008189,CRT0122,Shivamogga Senior Civil Court,2026-10-26,EMP008220,Filed
CHG001953,CR008191,CRT0125,Shivamogga Special Court,2025-09-02,EMP008165,Accepted
CHG001954,CR008201,CRT0047,Chikkamagaluru Senior Civil Court,2025-04-14,EMP003303,Accepted
CHG001955,CR008205,CRT0148,Vijayapura Civil Judge and JMFC Court,2025-07-28,EMP009562,Filed
CHG001956,CR008215,CRT0021,Bengaluru South District and Sessions Court,2025-03-03,EMP001570,Filed
CHG001957,CR008221,CRT0039,Chamarajanagar Family Court,2025-11-30,EMP003254,Accepted
CHG001958,CR008224,CRT0136,Uttara Kannada District and Sessions Court,2025-12-29,EMP009461,Accepted
CHG001959,CR008231,CRT0084,Haveri Family Court,2026-03-31,EMP005299,Accepted
CHG001960,CR008235,CRT0015,Belagavi Special Court,2025-09-22,EMP000977,Filed
CHG001961,CR008241,CRT0050,Chikkamagaluru Special Court,2026-08-15,EMP003316,Filed
CHG001962,CR008254,CRT0055,Chitradurga Special Court,2026-03-25,EMP000891,Filed
CHG001963,CR008255,CRT0122,Shivamogga Senior Civil Court,2024-10-02,EMP007976,Accepted
CHG001964,CR008259,CRT0110,Mandya Special Court,2026-03-09,EMP006639,Filed
CHG001965,CR008262,CRT0134,Udupi Family Court,2025-02-10,EMP009035,Filed
CHG001966,CR008263,CRT0017,Bengaluru Rural Senior Civil Court,2026-08-05,EMP001324,Accepted
CHG001967,CR008264,CRT0129,Tumakuru Family Court,2026-10-15,EMP008748,Accepted
CHG001968,CR008265,CRT0098,Kolar Civil Judge and JMFC Court,2026-06-02,EMP006212,Filed
CHG001969,CR008269,CRT0030,Bengaluru Urban Special Court,2025-07-19,EMP002299,Filed
CHG001970,CR008271,CRT0124,Shivamogga Family Court,2026-12-20,EMP007992,Accepted
CHG001971,CR008272,CRT0122,Shivamogga Senior Civil Court,2025-03-19,EMP008017,Filed
CHG001972,CR008276,CRT0055,Chitradurga Special Court,2025-10-19,EMP003336,Accepted
CHG001973,CR008277,CRT0022,Bengaluru South Senior Civil Court,2025-07-13,EMP001508,Filed
CHG001974,CR008278,CRT0126,Tumakuru District and Sessions Court,2026-11-04,EMP008654,Filed
CHG001975,CR008279,CRT0050,Chikkamagaluru Special Court,2026-05-23,EMP003298,Filed
CHG001976,CR008280,CRT0118,Raichur Civil Judge and JMFC Court,2026-02-06,EMP007763,Filed
CHG001977,CR008282,CRT0060,Dakshina Kannada Special Court,2025-10-08,EMP003382,Filed
CHG001978,CR008283,CRT0129,Tumakuru Family Court,2026-10-09,EMP008615,Filed
CHG001979,CR008285,CRT0083,Haveri Civil Judge and JMFC Court,2024-12-07,EMP005161,Filed
CHG001980,CR008288,CRT0059,Dakshina Kannada Family Court,2026-10-09,EMP003443,Filed
CHG001981,CR008291,CRT0076,Hassan District and Sessions Court,2025-01-14,EMP004675,Returned for Correction
CHG001982,CR008293,CRT0099,Kolar Family Court,2026-08-05,EMP006166,Filed
CHG001983,CR008301,CRT0121,Shivamogga District and Sessions Court,2026-02-02,EMP008110,Accepted
CHG001984,CR008318,CRT0080,Hassan Special Court,2026-01-29,EMP004639,Accepted
CHG001985,CR008326,CRT0139,Uttara Kannada Family Court,2026-09-16,EMP009249,Filed
CHG001986,CR008333,CRT0096,Kolar District and Sessions Court,2026-02-09,EMP006221,Filed
CHG001987,CR008335,CRT0015,Belagavi Special Court,2026-03-23,EMP001152,Accepted
CHG001988,CR008336,CRT0114,Mysuru Family Court,2026-06-18,EMP007301,Filed
CHG001989,CR008339,CRT0149,Vijayapura Family Court,2025-06-27,EMP009587,Filed
CHG001990,CR008341,CRT0030,Bengaluru Urban Special Court,2025-01-06,EMP002496,Accepted
CHG001991,CR008350,CRT0035,Bidar Special Court,2025-11-27,EMP002948,Filed
CHG001992,CR008351,CRT0029,Bengaluru Urban Family Court,2026-12-24,EMP002254,Accepted
CHG001993,CR008360,CRT0022,Bengaluru South Senior Civil Court,2025-07-09,EMP001529,Accepted
CHG001994,CR008363,CRT0129,Tumakuru Family Court,2025-09-29,EMP008399,Filed
CHG001995,CR008364,CRT0061,Davanagere District and Sessions Court,2026-09-11,EMP003830,Returned for Correction
CHG001996,CR008368,CRT0109,Mandya Family Court,2025-09-09,EMP006874,Returned for Correction
CHG001997,CR008372,CRT0099,Kolar Family Court,2026-03-10,EMP006073,Accepted
CHG001998,CR008376,CRT0118,Raichur Civil Judge and JMFC Court,2026-02-08,EMP000887,Filed
CHG001999,CR008382,CRT0088,Kalaburagi Civil Judge and JMFC Court,2025-06-05,EMP005599,Accepted
CHG002000,CR008392,CRT0025,Bengaluru South Special Court,2025-12-14,EMP001505,Filed
CHG002001,CR008396,CRT0137,Uttara Kannada Senior Civil Court,2025-09-10,EMP009193,Filed
CHG002002,CR008397,CRT0135,Udupi Special Court,2026-01-08,EMP008903,Accepted
CHG002003,CR008405,CRT0004,Bagalkote Family Court,2026-10-06,EMP000181,Filed
CHG002004,CR008409,CRT0127,Tumakuru Senior Civil Court,2025-09-07,EMP008547,Filed
CHG002005,CR008410,CRT0013,Belagavi Civil Judge and JMFC Court,2026-09-20,EMP000682,Filed
CHG002006,CR008413,CRT0126,Tumakuru District and Sessions Court,2026-11-01,EMP008452,Filed
CHG002007,CR008426,CRT0130,Tumakuru Special Court,2025-09-05,EMP008590,Filed
CHG002008,CR008429,CRT0028,Bengaluru Urban Civil Judge and JMFC Court,2025-05-13,EMP002254,Filed
CHG002009,CR008430,CRT0077,Hassan Senior Civil Court,2025-08-03,EMP004733,Filed
CHG002010,CR008434,CRT0146,Vijayapura District and Sessions Court,2026-07-03,EMP009779,Filed
CHG002011,CR008438,CRT0057,Dakshina Kannada Senior Civil Court,2025-11-26,EMP003664,Accepted
CHG002012,CR008443,CRT0129,Tumakuru Family Court,2026-08-07,EMP008542,Accepted
CHG002013,CR008450,CRT0129,Tumakuru Family Court,2026-03-16,EMP008526,Filed
CHG002014,CR008452,CRT0121,Shivamogga District and Sessions Court,2026-06-15,EMP008238,Filed
CHG002015,CR008456,CRT0086,Kalaburagi District and Sessions Court,2025-11-27,EMP005357,Filed
CHG002016,CR008467,CRT0128,Tumakuru Civil Judge and JMFC Court,2024-09-02,EMP008534,Filed
CHG002017,CR008468,CRT0152,Yadgir Senior Civil Court,2026-10-24,EMP010057,Filed
CHG002018,CR008469,CRT0018,Bengaluru Rural Civil Judge and JMFC Court,2026-09-02,EMP001281,Returned for Correction
CHG002019,CR008470,CRT0112,Mysuru Senior Civil Court,2025-06-24,EMP007314,Accepted
CHG002020,CR008478,CRT0009,Ballari Family Court,2026-08-21,EMP000303,Filed
CHG002021,CR008480,CRT0084,Haveri Family Court,2026-04-28,EMP005273,Accepted
CHG002022,CR008486,CRT0123,Shivamogga Civil Judge and JMFC Court,2025-02-11,EMP008259,Filed
CHG002023,CR008488,CRT0109,Mandya Family Court,2025-01-16,EMP007020,Filed
CHG002024,CR008494,CRT0047,Chikkamagaluru Senior Civil Court,2026-12-01,EMP003310,Accepted
CHG002025,CR008499,CRT0105,Koppal Special Court,2025-08-15,EMP006517,Filed
CHG002026,CR008501,CRT0092,Kodagu Senior Civil Court,2025-05-18,EMP005769,Filed
CHG002027,CR008507,CRT0003,Bagalkote Civil Judge and JMFC Court,2025-02-05,EMP000093,Accepted
CHG002028,CR008514,CRT0089,Kalaburagi Family Court,2026-01-29,EMP005363,Accepted
CHG002029,CR008515,CRT0140,Uttara Kannada Special Court,2025-01-14,EMP009364,Accepted
CHG002030,CR008519,CRT0109,Mandya Family Court,2026-07-18,EMP003309,Filed
CHG002031,CR008521,CRT0117,Raichur Senior Civil Court,2025-08-17,EMP007757,Filed
CHG002032,CR008524,CRT0100,Kolar Special Court,2025-09-12,EMP006114,Accepted
CHG002033,CR008540,CRT0015,Belagavi Special Court,2025-10-27,EMP001106,Filed
CHG002034,CR008543,CRT0041,Chikkaballapura District and Sessions Court,2026-01-16,EMP003293,Filed
CHG002035,CR008546,CRT0049,Chikkamagaluru Family Court,2025-01-08,EMP003306,Filed
CHG002036,CR008551,CRT0090,Kalaburagi Special Court,2026-08-25,EMP005640,Accepted
CHG002037,CR008552,CRT0021,Bengaluru South District and Sessions Court,2025-10-08,EMP001546,Filed
CHG002038,CR008564,CRT0027,Bengaluru Urban Senior Civil Court,2025-02-26,EMP002339,Filed
CHG002039,CR008565,CRT0038,Chamarajanagar Civil Judge and JMFC Court,2025-12-15,EMP003261,Accepted
CHG002040,CR008574,CRT0146,Vijayapura District and Sessions Court,2026-06-06,EMP009560,Filed
CHG002041,CR008582,CRT0049,Chikkamagaluru Family Court,2025-10-17,EMP003302,Filed
CHG002042,CR008583,CRT0058,Dakshina Kannada Civil Judge and JMFC Court,2025-12-03,EMP003404,Returned for Correction
CHG002043,CR008590,CRT0033,Bidar Civil Judge and JMFC Court,2025-11-12,EMP002950,Filed
CHG002044,CR008592,CRT0113,Mysuru Civil Judge and JMFC Court,2024-10-25,EMP007397,Filed
CHG002045,CR008596,CRT0002,Bagalkote Senior Civil Court,2026-07-16,EMP000083,Filed
CHG002046,CR008601,CRT0044,Chikkaballapura Family Court,2026-07-28,EMP003280,Accepted
CHG002047,CR008607,CRT0106,Mandya District and Sessions Court,2025-03-14,EMP006631,Filed
CHG002048,CR008611,CRT0012,Belagavi Senior Civil Court,2025-11-16,EMP000554,Filed
CHG002049,CR008613,CRT0078,Hassan Civil Judge and JMFC Court,2026-01-23,EMP004656,Filed
CHG002050,CR008616,CRT0111,Mysuru District and Sessions Court,2025-05-21,EMP007292,Accepted
CHG002051,CR008618,CRT0131,Udupi District and Sessions Court,2026-06-16,EMP008950,Filed
CHG002052,CR008623,CRT0102,Koppal Senior Civil Court,2025-02-05,EMP006490,Filed
CHG002053,CR008627,CRT0121,Shivamogga District and Sessions Court,2026-03-23,EMP008128,Filed
CHG002054,CR008628,CRT0088,Kalaburagi Civil Judge and JMFC Court,2025-06-30,EMP005576,Filed
CHG002055,CR008631,CRT0126,Tumakuru District and Sessions Court,2026-07-12,EMP008513,Filed
CHG002056,CR008632,CRT0127,Tumakuru Senior Civil Court,2025-06-23,EMP008571,Filed
CHG002057,CR008639,CRT0009,Ballari Family Court,2026-06-14,EMP000360,Accepted
CHG002058,CR008650,CRT0110,Mandya Special Court,2025-02-06,EMP006805,Filed
CHG002059,CR008654,CRT0113,Mysuru Civil Judge and JMFC Court,2025-03-13,EMP007121,Filed
CHG002060,CR008661,CRT0013,Belagavi Civil Judge and JMFC Court,2025-10-24,EMP000606,Filed
CHG002061,CR008667,CRT0117,Raichur Senior Civil Court,2025-07-05,EMP007876,Filed
CHG002062,CR008670,CRT0140,Uttara Kannada Special Court,2026-08-26,EMP009272,Filed
CHG002063,CR008678,CRT0037,Chamarajanagar Senior Civil Court,2025-08-16,EMP003261,Returned for Correction
CHG002064,CR008681,CRT0034,Bidar Family Court,2025-01-18,EMP003191,Accepted
CHG002065,CR008684,CRT0011,Belagavi District and Sessions Court,2025-12-03,EMP000713,Accepted
CHG002066,CR008689,CRT0032,Bidar Senior Civil Court,2026-03-11,EMP003007,Filed
CHG002067,CR008692,CRT0136,Uttara Kannada District and Sessions Court,2026-01-06,EMP009388,Accepted
CHG002068,CR008696,CRT0023,Bengaluru South Civil Judge and JMFC Court,2025-11-17,EMP001528,Filed
CHG002069,CR008698,CRT0109,Mandya Family Court,2025-09-11,EMP003316,Filed
CHG002070,CR008699,CRT0122,Shivamogga Senior Civil Court,2025-10-29,EMP008359,Filed
CHG002071,CR008703,CRT0123,Shivamogga Civil Judge and JMFC Court,2025-02-08,EMP008028,Returned for Correction
CHG002072,CR008709,CRT0013,Belagavi Civil Judge and JMFC Court,2026-04-14,EMP000872,Filed
CHG002073,CR008710,CRT0099,Kolar Family Court,2026-04-06,EMP006367,Filed
CHG002074,CR008713,CRT0153,Yadgir Civil Judge and JMFC Court,2025-03-13,EMP009977,Filed
CHG002075,CR008716,CRT0027,Bengaluru Urban Senior Civil Court,2025-02-19,EMP001919,Returned for Correction
CHG002076,CR008722,CRT0040,Chamarajanagar Special Court,2025-05-18,EMP003255,Accepted
CHG002077,CR008723,CRT0027,Bengaluru Urban Senior Civil Court,2025-07-24,EMP001852,Filed
CHG002078,CR008724,CRT0120,Raichur Special Court,2026-11-25,EMP007783,Accepted
CHG002079,CR008725,CRT0107,Mandya Senior Civil Court,2025-01-29,EMP006658,Returned for Correction
CHG002080,CR008735,CRT0146,Vijayapura District and Sessions Court,2025-06-22,EMP009595,Filed
CHG002081,CR008737,CRT0090,Kalaburagi Special Court,2024-12-23,EMP005573,Filed
CHG002082,CR008742,CRT0045,Chikkaballapura Special Court,2026-06-14,EMP003270,Filed
CHG002083,CR008749,CRT0113,Mysuru Civil Judge and JMFC Court,2025-11-19,EMP007149,Filed
CHG002084,CR008752,CRT0128,Tumakuru Civil Judge and JMFC Court,2025-08-24,EMP008410,Filed
CHG002085,CR008763,CRT0077,Hassan Senior Civil Court,2024-12-17,EMP004618,Accepted
CHG002086,CR008766,CRT0122,Shivamogga Senior Civil Court,2025-08-10,EMP008214,Filed
CHG002087,CR008771,CRT0044,Chikkaballapura Family Court,2025-06-23,EMP003281,Filed
CHG002088,CR008772,CRT0095,Kodagu Special Court,2025-10-25,EMP005820,Returned for Correction
CHG002089,CR008775,CRT0129,Tumakuru Family Court,2026-10-20,EMP008297,Filed
CHG002090,CR008777,CRT0098,Kolar Civil Judge and JMFC Court,2026-03-01,EMP006344,Filed
CHG002091,CR008781,CRT0015,Belagavi Special Court,2026-01-20,EMP001013,Accepted
CHG002092,CR008782,CRT0150,Vijayapura Special Court,2026-03-16,EMP009793,Returned for Correction
CHG002093,CR008796,CRT0118,Raichur Civil Judge and JMFC Court,2025-08-29,EMP007778,Filed
CHG002094,CR008806,CRT0124,Shivamogga Family Court,2025-08-10,EMP008247,Accepted
CHG002095,CR008816,CRT0113,Mysuru Civil Judge and JMFC Court,2025-07-07,EMP007244,Accepted
CHG002096,CR008834,CRT0046,Chikkamagaluru District and Sessions Court,2026-11-30,EMP003314,Filed
CHG002097,CR008836,CRT0088,Kalaburagi Civil Judge and JMFC Court,2025-07-08,EMP005352,Returned for Correction
CHG002098,CR008843,CRT0017,Bengaluru Rural Senior Civil Court,2025-04-22,EMP001352,Accepted
CHG002099,CR008849,CRT0089,Kalaburagi Family Court,2025-05-05,EMP005350,Filed
CHG002100,CR008851,CRT0111,Mysuru District and Sessions Court,2025-09-10,EMP007414,Accepted
CHG002101,CR008852,CRT0106,Mandya District and Sessions Court,2026-01-20,EMP006874,Filed
CHG002102,CR008854,CRT0032,Bidar Senior Civil Court,2025-03-13,EMP002897,Accepted
CHG002103,CR008857,CRT0076,Hassan District and Sessions Court,2025-06-08,EMP004682,Accepted
CHG002104,CR008858,CRT0049,Chikkamagaluru Family Court,2026-01-31,EMP003297,Accepted
CHG002105,CR008860,CRT0100,Kolar Special Court,2025-02-13,EMP006294,Accepted
CHG002106,CR008862,CRT0139,Uttara Kannada Family Court,2026-02-01,EMP009340,Filed
CHG002107,CR008863,CRT0097,Kolar Senior Civil Court,2025-03-01,EMP006303,Filed
CHG002108,CR008864,CRT0009,Ballari Family Court,2026-05-09,EMP000359,Filed
CHG002109,CR008870,CRT0079,Hassan Family Court,2025-07-03,EMP004780,Filed
CHG002110,CR008873,CRT0138,Uttara Kannada Civil Judge and JMFC Court,2025-02-07,EMP009377,Accepted
CHG002111,CR008883,CRT0008,Ballari Civil Judge and JMFC Court,2026-11-25,EMP000442,Filed
CHG002112,CR008889,CRT0058,Dakshina Kannada Civil Judge and JMFC Court,2025-05-07,EMP003460,Filed
CHG002113,CR008892,CRT0111,Mysuru District and Sessions Court,2026-06-27,EMP007296,Filed
CHG002114,CR008893,CRT0111,Mysuru District and Sessions Court,2025-09-12,EMP007292,Filed
CHG002115,CR008909,CRT0083,Haveri Civil Judge and JMFC Court,2026-08-23,EMP005265,Accepted
CHG002116,CR008914,CRT0098,Kolar Civil Judge and JMFC Court,2026-02-26,EMP006080,Filed
CHG002117,CR008921,CRT0088,Kalaburagi Civil Judge and JMFC Court,2026-03-06,EMP005413,Filed
CHG002118,CR008927,CRT0112,Mysuru Senior Civil Court,2025-12-14,EMP007097,Filed
CHG002119,CR008931,CRT0107,Mandya Senior Civil Court,2026-10-11,EMP006649,Filed
CHG002120,CR008933,CRT0128,Tumakuru Civil Judge and JMFC Court,2025-01-16,EMP008482,Accepted
CHG002121,CR008936,CRT0131,Udupi District and Sessions Court,2025-06-04,EMP009138,Accepted
CHG002122,CR008942,CRT0034,Bidar Family Court,2025-05-02,EMP002886,Filed
CHG002123,CR008944,CRT0045,Chikkaballapura Special Court,2025-10-04,EMP003264,Filed
CHG002124,CR008951,CRT0038,Chamarajanagar Civil Judge and JMFC Court,2025-02-04,EMP003258,Filed
CHG002125,CR008959,CRT0106,Mandya District and Sessions Court,2026-07-03,EMP006707,Filed
CHG002126,CR008960,CRT0109,Mandya Family Court,2025-07-17,EMP006675,Filed
CHG002127,CR008961,CRT0053,Chitradurga Civil Judge and JMFC Court,2026-10-14,EMP003374,Filed
CHG002128,CR008962,CRT0034,Bidar Family Court,2026-04-19,EMP002985,Filed
CHG002129,CR008964,CRT0091,Kodagu District and Sessions Court,2026-07-13,EMP005836,Accepted
CHG002130,CR008970,CRT0003,Bagalkote Civil Judge and JMFC Court,2026-10-19,EMP000040,Filed
CHG002131,CR008978,CRT0097,Kolar Senior Civil Court,2024-12-26,EMP006081,Filed
CHG002132,CR008980,CRT0079,Hassan Family Court,2025-12-29,EMP004984,Filed
CHG002133,CR008984,CRT0114,Mysuru Family Court,2025-04-28,EMP007131,Filed
CHG002134,CR008990,CRT0035,Bidar Special Court,2026-01-17,EMP003201,Accepted
CHG002135,CR008993,CRT0024,Bengaluru South Family Court,2026-11-09,EMP001582,Filed
CHG002136,CR008998,CRT0080,Hassan Special Court,2026-04-23,EMP004718,Accepted
CHG002137,CR008999,CRT0129,Tumakuru Family Court,2025-07-15,EMP008641,Filed
CHG002138,CR009002,CRT0125,Shivamogga Special Court,2026-07-28,EMP008010,Filed
CHG002139,CR009011,CRT0074,Gadag Family Court,2025-12-11,EMP004589,Accepted
CHG002140,CR009013,CRT0049,Chikkamagaluru Family Court,2024-09-12,EMP003310,Filed
CHG002141,CR009021,CRT0076,Hassan District and Sessions Court,2026-09-16,EMP005012,Filed
CHG002142,CR009023,CRT0038,Chamarajanagar Civil Judge and JMFC Court,2026-05-01,EMP003254,Filed
CHG002143,CR009024,CRT0126,Tumakuru District and Sessions Court,2025-01-10,EMP008455,Accepted
CHG002144,CR009025,CRT0078,Hassan Civil Judge and JMFC Court,2026-05-03,EMP004700,Filed
CHG002145,CR009028,CRT0042,Chikkaballapura Senior Civil Court,2027-01-05,EMP003281,Accepted
CHG002146,CR009034,CRT0128,Tumakuru Civil Judge and JMFC Court,2026-10-12,EMP008544,Filed
CHG002147,CR009040,CRT0148,Vijayapura Civil Judge and JMFC Court,2025-10-19,EMP009852,Filed
CHG002148,CR009041,CRT0115,Mysuru Special Court,2025-12-05,EMP002130,Filed
CHG002149,CR009044,CRT0056,Dakshina Kannada District and Sessions Court,2026-05-01,EMP003548,Accepted
CHG002150,CR009045,CRT0082,Haveri Senior Civil Court,2026-06-06,EMP005257,Accepted
CHG002151,CR009048,CRT0052,Chitradurga Senior Civil Court,2026-06-30,EMP003339,Returned for Correction
CHG002152,CR009056,CRT0118,Raichur Civil Judge and JMFC Court,2025-09-05,EMP007738,Filed
CHG002153,CR009062,CRT0087,Kalaburagi Senior Civil Court,2025-03-26,EMP005354,Filed
CHG002154,CR009066,CRT0106,Mandya District and Sessions Court,2025-05-14,EMP006825,Filed
CHG002155,CR009073,CRT0149,Vijayapura Family Court,2026-10-19,EMP009725,Accepted
CHG002156,CR009077,CRT0076,Hassan District and Sessions Court,2025-08-05,EMP004884,Filed
CHG002157,CR009081,CRT0050,Chikkamagaluru Special Court,2025-03-16,EMP003308,Filed
CHG002158,CR009083,CRT0124,Shivamogga Family Court,2025-09-20,EMP007998,Filed
CHG002159,CR009087,CRT0140,Uttara Kannada Special Court,2025-07-22,EMP009188,Filed
CHG002160,CR009095,CRT0099,Kolar Family Court,2025-10-26,EMP006288,Filed
CHG002161,CR009096,CRT0107,Mandya Senior Civil Court,2025-12-23,EMP006706,Accepted
CHG002162,CR009099,CRT0126,Tumakuru District and Sessions Court,2025-02-27,EMP008822,Accepted
CHG002163,CR009102,CRT0024,Bengaluru South Family Court,2026-05-01,EMP001535,Accepted
CHG002164,CR009103,CRT0115,Mysuru Special Court,2025-04-10,EMP007297,Filed
CHG002165,CR009112,CRT0076,Hassan District and Sessions Court,2024-11-12,EMP004673,Filed
CHG002166,CR009113,CRT0089,Kalaburagi Family Court,2026-07-04,EMP005481,Filed
CHG002167,CR009124,CRT0078,Hassan Civil Judge and JMFC Court,2026-04-26,EMP004874,Filed
CHG002168,CR009126,CRT0017,Bengaluru Rural Senior Civil Court,2025-02-19,EMP001357,Filed
CHG002169,CR009131,CRT0013,Belagavi Civil Judge and JMFC Court,2025-09-13,EMP000833,Accepted
CHG002170,CR009133,CRT0091,Kodagu District and Sessions Court,2026-10-14,EMP005760,Filed
CHG002171,CR009137,CRT0042,Chikkaballapura Senior Civil Court,2026-11-27,EMP003266,Filed
CHG002172,CR009140,CRT0044,Chikkaballapura Family Court,2025-01-17,EMP003282,Accepted
CHG002173,CR009141,CRT0099,Kolar Family Court,2025-07-03,EMP006192,Filed
CHG002174,CR009143,CRT0129,Tumakuru Family Court,2025-05-29,EMP008660,Accepted
CHG002175,CR009150,CRT0088,Kalaburagi Civil Judge and JMFC Court,2025-05-22,EMP005524,Filed
CHG002176,CR009151,CRT0011,Belagavi District and Sessions Court,2024-11-08,EMP000978,Filed
CHG002177,CR009155,CRT0022,Bengaluru South Senior Civil Court,2025-01-15,EMP001567,Filed
CHG002178,CR009156,CRT0110,Mandya Special Court,2026-08-14,EMP006634,Filed
CHG002179,CR009158,CRT0098,Kolar Civil Judge and JMFC Court,2024-09-04,EMP006346,Accepted
CHG002180,CR009164,CRT0069,Dharwad Family Court,2026-06-02,EMP004325,Filed
CHG002181,CR009166,CRT0032,Bidar Senior Civil Court,2025-10-13,EMP002951,Accepted
CHG002182,CR009170,CRT0041,Chikkaballapura District and Sessions Court,2025-01-26,EMP003292,Filed
CHG002183,CR009172,CRT0110,Mandya Special Court,2025-02-09,EMP006972,Filed
CHG002184,CR009175,CRT0125,Shivamogga Special Court,2026-03-30,EMP008059,Filed
CHG002185,CR009177,CRT0137,Uttara Kannada Senior Civil Court,2024-12-18,EMP009335,Filed
CHG002186,CR009179,CRT0123,Shivamogga Civil Judge and JMFC Court,2025-09-20,EMP008387,Returned for Correction
CHG002187,CR009183,CRT0130,Tumakuru Special Court,2025-04-16,EMP008663,Filed
CHG002188,CR009185,CRT0052,Chitradurga Senior Civil Court,2024-11-24,EMP003346,Accepted
CHG002189,CR009186,CRT0022,Bengaluru South Senior Civil Court,2026-09-09,EMP001591,Filed
CHG002190,CR009188,CRT0079,Hassan Family Court,2026-09-23,EMP004962,Filed
CHG002191,CR009189,CRT0064,Davanagere Family Court,2026-07-30,EMP003927,Filed
CHG002192,CR009191,CRT0088,Kalaburagi Civil Judge and JMFC Court,2025-11-16,EMP005417,Accepted
CHG002193,CR009193,CRT0108,Mandya Civil Judge and JMFC Court,2026-10-08,EMP006993,Accepted
CHG002194,CR009194,CRT0147,Vijayapura Senior Civil Court,2025-11-21,EMP009517,Filed
CHG002195,CR009197,CRT0130,Tumakuru Special Court,2026-07-24,EMP008811,Accepted
CHG002196,CR009199,CRT0116,Raichur District and Sessions Court,2025-04-17,EMP007916,Filed
CHG002197,CR009200,CRT0124,Shivamogga Family Court,2025-04-19,EMP008149,Accepted
CHG002198,CR009212,CRT0108,Mandya Civil Judge and JMFC Court,2025-01-02,EMP006732,Filed
CHG002199,CR009214,CRT0046,Chikkamagaluru District and Sessions Court,2025-02-24,EMP003299,Filed
CHG002200,CR009218,CRT0104,Koppal Family Court,2026-01-24,EMP006399,Accepted
CHG002201,CR009224,CRT0079,Hassan Family Court,2024-12-25,EMP004719,Accepted
CHG002202,CR009226,CRT0014,Belagavi Family Court,2026-09-08,EMP000559,Filed
CHG002203,CR009229,CRT0086,Kalaburagi District and Sessions Court,2026-02-22,EMP005423,Accepted
CHG002204,CR009235,CRT0077,Hassan Senior Civil Court,2024-12-06,EMP004712,Filed
CHG002205,CR009236,CRT0043,Chikkaballapura Civil Judge and JMFC Court,2026-02-24,EMP003272,Filed
CHG002206,CR009239,CRT0106,Mandya District and Sessions Court,2025-07-20,EMP006667,Filed
CHG002207,CR009244,CRT0099,Kolar Family Court,2025-03-17,EMP006323,Filed
CHG002208,CR009246,CRT0019,Bengaluru Rural Family Court,2026-12-04,EMP001343,Filed
CHG002209,CR009248,CRT0108,Mandya Civil Judge and JMFC Court,2025-04-27,EMP007035,Accepted
CHG002210,CR009249,CRT0027,Bengaluru Urban Senior Civil Court,2025-12-16,EMP002683,Filed
CHG002211,CR009258,CRT0122,Shivamogga Senior Civil Court,2026-02-27,EMP008030,Filed
CHG002212,CR009266,CRT0048,Chikkamagaluru Civil Judge and JMFC Court,2025-03-28,EMP003300,Filed
CHG002213,CR009267,CRT0070,Dharwad Special Court,2025-11-04,EMP004235,Filed
CHG002214,CR009270,CRT0080,Hassan Special Court,2026-07-24,EMP004909,Accepted
CHG002215,CR009292,CRT0084,Haveri Family Court,2025-01-04,EMP005208,Accepted
CHG002216,CR009295,CRT0051,Chitradurga District and Sessions Court,2025-11-01,EMP003325,Filed
CHG002217,CR009297,CRT0127,Tumakuru Senior Civil Court,2026-02-01,EMP008802,Filed
CHG002218,CR009302,CRT0055,Chitradurga Special Court,2026-08-27,EMP000889,Filed
CHG002219,CR009306,CRT0097,Kolar Senior Civil Court,2025-12-31,EMP006124,Filed
CHG002220,CR009312,CRT0075,Gadag Special Court,2025-08-14,EMP004523,Filed
CHG002221,CR009321,CRT0109,Mandya Family Court,2025-07-25,EMP006795,Filed
CHG002222,CR009335,CRT0123,Shivamogga Civil Judge and JMFC Court,2026-01-19,EMP008045,Filed
CHG002223,CR009344,CRT0085,Haveri Special Court,2025-03-23,EMP005048,Accepted
CHG002224,CR009345,CRT0030,Bengaluru Urban Special Court,2025-08-05,EMP002173,Accepted
CHG002225,CR009348,CRT0030,Bengaluru Urban Special Court,2025-01-15,EMP002200,Filed
CHG002226,CR009349,CRT0068,Dharwad Civil Judge and JMFC Court,2025-05-22,EMP003860,Accepted
CHG002227,CR009351,CRT0062,Davanagere Senior Civil Court,2025-07-28,EMP003896,Filed
CHG002228,CR009354,CRT0013,Belagavi Civil Judge and JMFC Court,2025-05-15,EMP000617,Filed
CHG002229,CR009358,CRT0118,Raichur Civil Judge and JMFC Court,2026-03-25,EMP007765,Filed
CHG002230,CR009365,CRT0120,Raichur Special Court,2026-02-26,EMP007701,Filed
CHG002231,CR009366,CRT0108,Mandya Civil Judge and JMFC Court,2025-08-15,EMP006753,Accepted
CHG002232,CR009368,CRT0131,Udupi District and Sessions Court,2025-12-17,EMP008930,Returned for Correction
CHG002233,CR009370,CRT0068,Dharwad Civil Judge and JMFC Court,2025-06-11,EMP002637,Accepted
CHG002234,CR009372,CRT0072,Gadag Senior Civil Court,2025-01-02,EMP004488,Filed
CHG002235,CR009373,CRT0097,Kolar Senior Civil Court,2026-06-13,EMP006060,Accepted
CHG002236,CR009374,CRT0106,Mandya District and Sessions Court,2026-12-08,EMP006984,Filed
CHG002237,CR009375,CRT0076,Hassan District and Sessions Court,2026-02-22,EMP004902,Accepted
CHG002238,CR009376,CRT0100,Kolar Special Court,2024-09-02,EMP006057,Filed
CHG002239,CR009377,CRT0117,Raichur Senior Civil Court,2025-12-02,EMP007932,Filed
CHG002240,CR009393,CRT0155,Yadgir Special Court,2026-07-25,EMP010002,Filed
CHG002241,CR009405,CRT0016,Bengaluru Rural District and Sessions Court,2025-06-02,EMP001367,Filed
CHG002242,CR009406,CRT0087,Kalaburagi Senior Civil Court,2025-04-16,EMP005467,Accepted
CHG002243,CR009409,CRT0119,Raichur Family Court,2025-09-03,EMP007868,Filed
CHG002244,CR009410,CRT0090,Kalaburagi Special Court,2026-01-26,EMP005637,Filed
CHG002245,CR009414,CRT0131,Udupi District and Sessions Court,2025-06-21,EMP008993,Accepted
CHG002246,CR009417,CRT0082,Haveri Senior Civil Court,2026-01-16,EMP005188,Filed
CHG002247,CR009420,CRT0057,Dakshina Kannada Senior Civil Court,2026-09-07,EMP003441,Filed
CHG002248,CR009423,CRT0103,Koppal Civil Judge and JMFC Court,2024-12-23,EMP006515,Filed
CHG002249,CR009428,CRT0127,Tumakuru Senior Civil Court,2025-01-06,EMP008709,Filed
CHG002250,CR009430,CRT0079,Hassan Family Court,2024-12-31,EMP004732,Filed
CHG002251,CR009431,CRT0128,Tumakuru Civil Judge and JMFC Court,2025-11-13,EMP000888,Filed
CHG002252,CR009434,CRT0125,Shivamogga Special Court,2026-07-07,EMP008003,Filed
CHG002253,CR009435,CRT0100,Kolar Special Court,2025-04-19,EMP006069,Filed
CHG002254,CR009436,CRT0136,Uttara Kannada District and Sessions Court,2025-03-13,EMP009328,Filed
CHG002255,CR009439,CRT0092,Kodagu Senior Civil Court,2026-02-03,EMP005824,Filed
CHG002256,CR009441,CRT0017,Bengaluru Rural Senior Civil Court,2025-06-26,EMP001231,Filed
CHG002257,CR009442,CRT0042,Chikkaballapura Senior Civil Court,2026-03-26,EMP003273,Filed
CHG002258,CR009443,CRT0049,Chikkamagaluru Family Court,2025-06-14,EMP003312,Filed
CHG002259,CR009449,CRT0122,Shivamogga Senior Civil Court,2025-07-27,EMP008112,Accepted
CHG002260,CR009452,CRT0098,Kolar Civil Judge and JMFC Court,2025-06-04,EMP006168,Filed
CHG002261,CR009455,CRT0121,Shivamogga District and Sessions Court,2026-06-16,EMP007993,Filed
CHG002262,CR009458,CRT0023,Bengaluru South Civil Judge and JMFC Court,2026-09-19,EMP001528,Accepted
CHG002263,CR009459,CRT0149,Vijayapura Family Court,2026-10-31,EMP009610,Filed
CHG002264,CR009464,CRT0022,Bengaluru South Senior Civil Court,2026-10-23,EMP001613,Filed
CHG002265,CR009469,CRT0010,Ballari Special Court,2025-07-12,EMP000335,Filed
CHG002266,CR009475,CRT0117,Raichur Senior Civil Court,2026-04-18,EMP007687,Filed
CHG002267,CR009477,CRT0071,Gadag District and Sessions Court,2025-11-08,EMP004484,Filed
CHG002268,CR009480,CRT0098,Kolar Civil Judge and JMFC Court,2026-01-14,EMP006275,Filed
CHG002269,CR009486,CRT0120,Raichur Special Court,2025-09-11,EMP000887,Filed
CHG002270,CR009488,CRT0043,Chikkaballapura Civil Judge and JMFC Court,2026-03-25,EMP003265,Filed
CHG002271,CR009495,CRT0123,Shivamogga Civil Judge and JMFC Court,2026-07-04,EMP007988,Filed
CHG002272,CR009500,CRT0042,Chikkaballapura Senior Civil Court,2025-02-08,EMP003294,Filed
CHG002273,CR009503,CRT0082,Haveri Senior Civil Court,2026-03-14,EMP005164,Filed
CHG002274,CR009507,CRT0128,Tumakuru Civil Judge and JMFC Court,2026-08-20,EMP008595,Filed
CHG002275,CR009508,CRT0128,Tumakuru Civil Judge and JMFC Court,2026-10-10,EMP008617,Filed
CHG002276,CR009513,CRT0110,Mandya Special Court,2026-04-12,EMP006898,Filed
CHG002277,CR009517,CRT0136,Uttara Kannada District and Sessions Court,2025-08-11,EMP009239,Accepted
CHG002278,CR009526,CRT0106,Mandya District and Sessions Court,2026-07-22,EMP006908,Filed
CHG002279,CR009530,CRT0114,Mysuru Family Court,2025-03-15,EMP007162,Filed
CHG002280,CR009533,CRT0064,Davanagere Family Court,2026-07-16,EMP004030,Filed
CHG002281,CR009538,CRT0043,Chikkaballapura Civil Judge and JMFC Court,2024-12-18,EMP003293,Filed
CHG002282,CR009544,CRT0079,Hassan Family Court,2026-01-22,EMP004751,Filed
CHG002283,CR009545,CRT0075,Gadag Special Court,2026-08-07,EMP004570,Accepted
CHG002284,CR009549,CRT0064,Davanagere Family Court,2026-08-07,EMP003907,Filed
CHG002285,CR009552,CRT0097,Kolar Senior Civil Court,2025-03-25,EMP006241,Filed
CHG002286,CR009561,CRT0134,Udupi Family Court,2024-11-24,EMP009007,Accepted
CHG002287,CR009562,CRT0107,Mandya Senior Civil Court,2026-03-24,EMP003315,Filed
CHG002288,CR009563,CRT0100,Kolar Special Court,2025-09-10,EMP006166,Filed
CHG002289,CR009568,CRT0037,Chamarajanagar Senior Civil Court,2025-06-20,EMP003256,Filed
CHG002290,CR009570,CRT0011,Belagavi District and Sessions Court,2026-09-13,EMP000889,Accepted
CHG002291,CR009576,CRT0130,Tumakuru Special Court,2025-10-25,EMP008454,Filed
CHG002292,CR009579,CRT0098,Kolar Civil Judge and JMFC Court,2026-01-10,EMP006079,Filed
CHG002293,CR009582,CRT0048,Chikkamagaluru Civil Judge and JMFC Court,2026-06-24,EMP003300,Filed
CHG002294,CR009583,CRT0078,Hassan Civil Judge and JMFC Court,2024-10-17,EMP004831,Filed
CHG002295,CR009586,CRT0080,Hassan Special Court,2024-10-10,EMP004914,Accepted
CHG002296,CR009592,CRT0023,Bengaluru South Civil Judge and JMFC Court,2025-05-27,EMP001648,Filed
CHG002297,CR009593,CRT0137,Uttara Kannada Senior Civil Court,2025-05-31,EMP009166,Filed
CHG002298,CR009595,CRT0126,Tumakuru District and Sessions Court,2025-07-29,EMP008749,Returned for Correction
CHG002299,CR009596,CRT0107,Mandya Senior Civil Court,2026-02-06,EMP006645,Accepted
CHG002300,CR009600,CRT0080,Hassan Special Court,2026-04-12,EMP004764,Filed
CHG002301,CR009601,CRT0077,Hassan Senior Civil Court,2025-05-22,EMP004656,Filed
CHG002302,CR009602,CRT0063,Davanagere Civil Judge and JMFC Court,2026-05-10,EMP003920,Filed
CHG002303,CR009604,CRT0109,Mandya Family Court,2026-07-14,EMP006752,Filed
CHG002304,CR009607,CRT0113,Mysuru Civil Judge and JMFC Court,2025-12-29,EMP007483,Accepted
CHG002305,CR009609,CRT0154,Yadgir Family Court,2025-08-19,EMP010003,Filed
CHG002306,CR009610,CRT0047,Chikkamagaluru Senior Civil Court,2026-07-16,EMP003296,Filed
CHG002307,CR009615,CRT0129,Tumakuru Family Court,2026-09-19,EMP000886,Filed
CHG002308,CR009616,CRT0090,Kalaburagi Special Court,2025-09-26,EMP005649,Accepted
CHG002309,CR009625,CRT0123,Shivamogga Civil Judge and JMFC Court,2025-02-15,EMP008338,Filed
CHG002310,CR009626,CRT0093,Kodagu Civil Judge and JMFC Court,2025-10-04,EMP005917,Filed
CHG002311,CR009627,CRT0050,Chikkamagaluru Special Court,2025-06-12,EMP003309,Filed
CHG002312,CR009629,CRT0122,Shivamogga Senior Civil Court,2025-04-06,EMP008129,Filed
CHG002313,CR009630,CRT0007,Ballari Senior Civil Court,2025-08-03,EMP000313,Filed
CHG002314,CR009631,CRT0066,Dharwad District and Sessions Court,2024-09-12,EMP004234,Accepted
CHG002315,CR009634,CRT0108,Mandya Civil Judge and JMFC Court,2024-12-25,EMP006986,Filed
CHG002316,CR009637,CRT0147,Vijayapura Senior Civil Court,2026-05-24,EMP009708,Filed
CHG002317,CR009642,CRT0021,Bengaluru South District and Sessions Court,2024-10-11,EMP001553,Filed
CHG002318,CR009644,CRT0131,Udupi District and Sessions Court,2025-12-08,EMP008900,Filed
CHG002319,CR009654,CRT0128,Tumakuru Civil Judge and JMFC Court,2026-04-18,EMP008859,Accepted
CHG002320,CR009656,CRT0123,Shivamogga Civil Judge and JMFC Court,2025-10-13,EMP008295,Accepted
CHG002321,CR009657,CRT0100,Kolar Special Court,2024-10-27,EMP006352,Returned for Correction
CHG002322,CR009661,CRT0128,Tumakuru Civil Judge and JMFC Court,2026-10-21,EMP008819,Filed
CHG002323,CR009669,CRT0121,Shivamogga District and Sessions Court,2025-05-02,EMP008025,Filed
CHG002324,CR009670,CRT0007,Ballari Senior Civil Court,2026-05-20,EMP000333,Filed
CHG002325,CR009674,CRT0049,Chikkamagaluru Family Court,2026-09-10,EMP003298,Filed
CHG002326,CR009677,CRT0036,Chamarajanagar District and Sessions Court,2026-05-05,EMP003258,Filed
CHG002327,CR009684,CRT0081,Haveri District and Sessions Court,2026-05-08,EMP005075,Filed
CHG002328,CR009689,CRT0097,Kolar Senior Civil Court,2024-12-14,EMP006148,Filed
CHG002329,CR009692,CRT0123,Shivamogga Civil Judge and JMFC Court,2025-07-26,EMP008192,Filed
CHG002330,CR009694,CRT0047,Chikkamagaluru Senior Civil Court,2026-07-12,EMP003295,Filed
CHG002331,CR009695,CRT0108,Mandya Civil Judge and JMFC Court,2024-11-24,EMP006717,Accepted
CHG002332,CR009700,CRT0047,Chikkamagaluru Senior Civil Court,2026-08-29,EMP003301,Filed
CHG002333,CR009702,CRT0053,Chitradurga Civil Judge and JMFC Court,2026-02-25,EMP000886,Accepted
CHG002334,CR009712,CRT0057,Dakshina Kannada Senior Civil Court,2024-10-22,EMP003424,Accepted
CHG002335,CR009713,CRT0154,Yadgir Family Court,2026-07-19,EMP009994,Accepted
CHG002336,CR009716,CRT0076,Hassan District and Sessions Court,2025-02-21,EMP004924,Filed
CHG002337,CR009718,CRT0123,Shivamogga Civil Judge and JMFC Court,2025-06-23,EMP008217,Filed
CHG002338,CR009723,CRT0078,Hassan Civil Judge and JMFC Court,2025-12-03,EMP004979,Filed
CHG002339,CR009725,CRT0057,Dakshina Kannada Senior Civil Court,2025-07-06,EMP003473,Filed
CHG002340,CR009732,CRT0128,Tumakuru Civil Judge and JMFC Court,2025-04-27,EMP008536,Filed
CHG002341,CR009734,CRT0078,Hassan Civil Judge and JMFC Court,2025-06-22,EMP004777,Accepted
CHG002342,CR009739,CRT0077,Hassan Senior Civil Court,2026-02-12,EMP005035,Filed
CHG002343,CR009741,CRT0101,Koppal District and Sessions Court,2025-06-23,EMP006562,Filed
CHG002344,CR009762,CRT0066,Dharwad District and Sessions Court,2025-12-25,EMP002634,Filed
CHG002345,CR009767,CRT0050,Chikkamagaluru Special Court,2024-09-11,EMP003297,Filed
CHG002346,CR009768,CRT0122,Shivamogga Senior Civil Court,2026-04-11,EMP008174,Filed
CHG002347,CR009773,CRT0047,Chikkamagaluru Senior Civil Court,2024-11-30,EMP003302,Filed
CHG002348,CR009774,CRT0015,Belagavi Special Court,2025-06-08,EMP000778,Filed
CHG002349,CR009776,CRT0042,Chikkaballapura Senior Civil Court,2026-07-28,EMP003286,Filed
CHG002350,CR009777,CRT0110,Mandya Special Court,2024-12-10,EMP006690,Filed
CHG002351,CR009779,CRT0122,Shivamogga Senior Civil Court,2026-04-18,EMP008303,Filed
CHG002352,CR009787,CRT0076,Hassan District and Sessions Court,2025-01-23,EMP004796,Filed
CHG002353,CR009788,CRT0123,Shivamogga Civil Judge and JMFC Court,2025-10-13,EMP008238,Accepted
CHG002354,CR009791,CRT0039,Chamarajanagar Family Court,2026-10-03,EMP003261,Filed
CHG002355,CR009792,CRT0086,Kalaburagi District and Sessions Court,2025-12-05,EMP005611,Accepted
CHG002356,CR009793,CRT0094,Kodagu Family Court,2026-03-09,EMP005789,Accepted
CHG002357,CR009798,CRT0019,Bengaluru Rural Family Court,2025-11-30,EMP001445,Accepted
CHG002358,CR009800,CRT0110,Mandya Special Court,2026-03-10,EMP006734,Accepted
CHG002359,CR009802,CRT0137,Uttara Kannada Senior Civil Court,2026-11-03,EMP009251,Filed
CHG002360,CR009810,CRT0100,Kolar Special Court,2025-04-05,EMP006122,Filed
CHG002361,CR009811,CRT0136,Uttara Kannada District and Sessions Court,2026-01-12,EMP009253,Filed
CHG002362,CR009812,CRT0106,Mandya District and Sessions Court,2026-01-12,EMP006789,Filed
CHG002363,CR009813,CRT0148,Vijayapura Civil Judge and JMFC Court,2026-06-17,EMP009619,Filed
CHG002364,CR009814,CRT0098,Kolar Civil Judge and JMFC Court,2025-03-12,EMP006284,Accepted
CHG002365,CR009818,CRT0139,Uttara Kannada Family Court,2026-01-16,EMP009160,Filed
CHG002366,CR009822,CRT0080,Hassan Special Court,2026-09-06,EMP005000,Filed
CHG002367,CR009824,CRT0147,Vijayapura Senior Civil Court,2025-02-28,EMP009509,Filed
CHG002368,CR009825,CRT0137,Uttara Kannada Senior Civil Court,2025-10-21,EMP009206,Filed
CHG002369,CR009826,CRT0084,Haveri Family Court,2025-12-13,EMP005345,Filed
CHG002370,CR009827,CRT0147,Vijayapura Senior Civil Court,2025-11-09,EMP009626,Filed
CHG002371,CR009828,CRT0117,Raichur Senior Civil Court,2025-02-21,EMP007919,Returned for Correction
CHG002372,CR009830,CRT0140,Uttara Kannada Special Court,2024-08-23,EMP009217,Filed
CHG002373,CR009834,CRT0080,Hassan Special Court,2025-03-27,EMP004798,Accepted
CHG002374,CR009835,CRT0038,Chamarajanagar Civil Judge and JMFC Court,2026-01-29,EMP003257,Accepted
CHG002375,CR009842,CRT0079,Hassan Family Court,2025-07-25,EMP004955,Filed
CHG002376,CR009847,CRT0107,Mandya Senior Civil Court,2025-07-12,EMP006900,Filed
CHG002377,CR009848,CRT0032,Bidar Senior Civil Court,2025-03-05,EMP003035,Returned for Correction
CHG002378,CR009863,CRT0090,Kalaburagi Special Court,2026-01-20,EMP005405,Filed
CHG002379,CR009864,CRT0111,Mysuru District and Sessions Court,2026-09-14,EMP007421,Filed
CHG002380,CR009870,CRT0118,Raichur Civil Judge and JMFC Court,2025-10-29,EMP007793,Filed
CHG002381,CR009875,CRT0088,Kalaburagi Civil Judge and JMFC Court,2026-09-11,EMP005480,Accepted
CHG002382,CR009876,CRT0124,Shivamogga Family Court,2025-01-29,EMP008322,Filed
CHG002383,CR009880,CRT0047,Chikkamagaluru Senior Civil Court,2026-05-12,EMP003315,Filed
CHG002384,CR009890,CRT0008,Ballari Civil Judge and JMFC Court,2025-06-10,EMP000329,Accepted
CHG002385,CR009891,CRT0019,Bengaluru Rural Family Court,2026-11-12,EMP001193,Returned for Correction
CHG002386,CR009894,CRT0121,Shivamogga District and Sessions Court,2026-05-24,EMP007979,Filed
CHG002387,CR009897,CRT0029,Bengaluru Urban Family Court,2025-04-21,EMP002352,Filed
CHG002388,CR009900,CRT0041,Chikkaballapura District and Sessions Court,2026-10-26,EMP003274,Filed
CHG002389,CR009910,CRT0127,Tumakuru Senior Civil Court,2025-02-25,EMP008523,Filed
CHG002390,CR009915,CRT0129,Tumakuru Family Court,2026-09-15,EMP001621,Accepted
CHG002391,CR009918,CRT0119,Raichur Family Court,2025-01-13,EMP007752,Accepted
CHG002392,CR009919,CRT0054,Chitradurga Family Court,2025-08-09,EMP003356,Accepted
CHG002393,CR009923,CRT0054,Chitradurga Family Court,2026-07-03,EMP000884,Filed
CHG002394,CR009925,CRT0001,Bagalkote District and Sessions Court,2025-06-06,EMP000031,Filed
CHG002395,CR009926,CRT0050,Chikkamagaluru Special Court,2026-08-02,EMP003311,Accepted
CHG002396,CR009927,CRT0014,Belagavi Family Court,2025-11-04,EMP001141,Filed
CHG002397,CR009929,CRT0012,Belagavi Senior Civil Court,2026-07-12,EMP000604,Filed
CHG002398,CR009930,CRT0100,Kolar Special Court,2025-05-17,EMP006308,Filed
CHG002399,CR009938,CRT0055,Chitradurga Special Court,2025-02-05,EMP003332,Filed
CHG002400,CR009943,CRT0064,Davanagere Family Court,2025-12-31,EMP004110,Accepted
CHG002401,CR009946,CRT0064,Davanagere Family Court,2025-09-30,EMP000884,Filed
CHG002402,CR009949,CRT0119,Raichur Family Court,2026-10-13,EMP007762,Filed
CHG002403,CR009952,CRT0123,Shivamogga Civil Judge and JMFC Court,2025-08-04,EMP008229,Filed
CHG002404,CR009960,CRT0087,Kalaburagi Senior Civil Court,2026-08-21,EMP005561,Filed
CHG002405,CR009962,CRT0106,Mandya District and Sessions Court,2024-11-03,EMP006667,Filed
CHG002406,CR009964,CRT0012,Belagavi Senior Civil Court,2026-04-10,EMP000884,Filed
CHG002407,CR009966,CRT0110,Mandya Special Court,2025-12-28,EMP006828,Accepted
CHG002408,CR009967,CRT0048,Chikkamagaluru Civil Judge and JMFC Court,2026-02-28,EMP003315,Accepted
CHG002409,CR009968,CRT0057,Dakshina Kannada Senior Civil Court,2025-03-03,EMP003388,Filed
CHG002410,CR009970,CRT0067,Dharwad Senior Civil Court,2026-03-30,EMP004209,Accepted
CHG002411,CR009971,CRT0001,Bagalkote District and Sessions Court,2025-10-20,EMP000062,Filed
CHG002412,CR009973,CRT0067,Dharwad Senior Civil Court,2025-07-20,EMP004371,Filed
CHG002413,CR009974,CRT0087,Kalaburagi Senior Civil Court,2026-06-03,EMP005534,Filed
CHG002414,CR009980,CRT0029,Bengaluru Urban Family Court,2026-02-17,EMP002087,Filed
CHG002415,CR009985,CRT0138,Uttara Kannada Civil Judge and JMFC Court,2026-01-03,EMP009250,Filed
CHG002416,CR009989,CRT0133,Udupi Civil Judge and JMFC Court,2025-07-03,EMP008948,Filed
CHG002417,CR009992,CRT0030,Bengaluru Urban Special Court,2025-04-16,EMP002128,Filed
CHG002418,CR009996,CRT0043,Chikkaballapura Civil Judge and JMFC Court,2025-06-01,EMP003287,Filed
CHG002419,CR009997,CRT0116,Raichur District and Sessions Court,2026-05-05,EMP007956,Accepted
